# packages in environment at /work/pa-hilario/anaconda3/envs/deeptools:
#
# Name                           Version          Build                 Channel
_openmp_mutex                    4.5              20_gnu                conda-forge
alabaster                        1.0.0            pyhd8ed1ab_1          conda-forge
babel                            2.18.0           pyhcf101f3_0          conda-forge
backports.zstd                   1.3.0            py312h90b7ffd_0       conda-forge
bedops                           2.4.42           hd6d6fdc_1            bioconda
brotli                           1.2.0            hed03a55_1            conda-forge
brotli-bin                       1.2.0            hb03c661_1            conda-forge
brotli-python                    1.2.0            py312hdb49522_1       conda-forge
bzip2                            1.0.8            hda65f42_8            conda-forge
c-ares                           1.34.6           hb03c661_0            conda-forge
ca-certificates                  2026.1.4         hbd8a1cb_0            conda-forge
certifi                          2026.01.04       py312h06a4308_0
charset-normalizer               3.4.4            pyhd8ed1ab_0          conda-forge
click                            8.3.1            pypi_0                pypi
colorama                         0.4.6            pyhd8ed1ab_1          conda-forge
contourpy                        1.3.3            py312h0a2e395_4       conda-forge
cycler                           0.12.1           pyhcf101f3_2          conda-forge
cython                           3.2.4            py312h47b2149_0
deeptools                        3.5.6            pyhdfd78af_0          bioconda
deeptoolsintervals               0.1.9            py312ha9c1134_11      bioconda
docutils                         0.22.4           pyhd8ed1ab_0          conda-forge
fonttools                        4.61.1           py312h8a5da7c_0       conda-forge
freetype                         2.14.1           ha770c72_0            conda-forge
gencode-utr-fix                  1.0.0            pypi_0                pypi
h2                               4.3.0            pyhcf101f3_0          conda-forge
hpack                            4.1.0            pyhd8ed1ab_0          conda-forge
htslib                           1.22.1           h566b1c6_0            bioconda
hyperframe                       6.1.0            pyhd8ed1ab_0          conda-forge
icu                              78.2             h33c6efd_0            conda-forge
idna                             3.11             pyhd8ed1ab_0          conda-forge
imagesize                        1.4.1            pyhd8ed1ab_0          conda-forge
importlib-metadata               8.7.0            pyhe01879c_1          conda-forge
jansson                          2.15.0           h280c20c_0            conda-forge
jinja2                           3.1.6            pyhcf101f3_1          conda-forge
keyutils                         1.6.3            hb9d3cd8_0            conda-forge
kiwisolver                       1.4.9            py312h0a2e395_2       conda-forge
krb5                             1.22.2           ha1258a1_0            conda-forge
lcms2                            2.18             h0c24ade_0            conda-forge
ld_impl_linux-64                 2.45.1           default_hbd61a6d_101  conda-forge
lerc                             4.0.0            h0aef613_1            conda-forge
libblas                          3.11.0           5_h4a7cf45_openblas   conda-forge
libbrotlicommon                  1.2.0            hb03c661_1            conda-forge
libbrotlidec                     1.2.0            hb03c661_1            conda-forge
libbrotlienc                     1.2.0            hb03c661_1            conda-forge
libcblas                         3.11.0           5_h0358290_openblas   conda-forge
libcurl                          8.18.0           hcf29cc6_1            conda-forge
libdeflate                       1.25             h17f619e_0            conda-forge
libedit                          3.1.20250104     pl5321h7949ede_0      conda-forge
libev                            4.33             hd590300_2            conda-forge
libexpat                         2.7.3            hecca717_0            conda-forge
libffi                           3.5.2            h3435931_0            conda-forge
libfreetype                      2.14.1           ha770c72_0            conda-forge
libfreetype6                     2.14.1           h73754d4_0            conda-forge
libgcc                           15.2.0           he0feb66_17           conda-forge
libgcc-ng                        15.2.0           h69a702a_17           conda-forge
libgfortran                      15.2.0           h69a702a_17           conda-forge
libgfortran5                     15.2.0           h68bc16d_17           conda-forge
libgomp                          15.2.0           he0feb66_17           conda-forge
libiconv                         1.18             h3b78370_2            conda-forge
libjpeg-turbo                    3.1.2            hb03c661_0            conda-forge
liblapack                        3.11.0           5_h47877c9_openblas   conda-forge
liblzma                          5.8.2            hb03c661_0            conda-forge
libnghttp2                       1.67.0           had1ee68_0            conda-forge
libnsl                           2.0.1            hb9d3cd8_1            conda-forge
libopenblas                      0.3.30           pthreads_h94d23a6_4   conda-forge
libopenssl-static                3.6.1            hb03c661_1            conda-forge
libpng                           1.6.55           h421ea60_0            conda-forge
libsqlite                        3.51.2           hf4e2dac_0            conda-forge
libssh2                          1.11.1           hcf80075_0            conda-forge
libstdcxx                        15.2.0           h934c35e_17           conda-forge
libstdcxx-ng                     15.2.0           hdf11a46_17           conda-forge
libtiff                          4.7.1            h9d88235_1            conda-forge
libuuid                          2.41.3           h5347b49_0            conda-forge
libwebp-base                     1.6.0            hd42ef1d_0            conda-forge
libxcb                           1.17.0           h8a09558_0            conda-forge
libxcrypt                        4.4.36           hd590300_1            conda-forge
libzlib                          1.3.1            hb9d3cd8_2            conda-forge
markupsafe                       3.0.3            py312h8a5da7c_0       conda-forge
matplotlib-base                  3.10.8           py312he3d6523_0       conda-forge
munkres                          1.1.4            pyhd8ed1ab_1          conda-forge
mysql-connector-c                6.1.11           h659d440_1008         conda-forge
narwhals                         2.16.0           pyhcf101f3_0          conda-forge
natsort                          8.4.0            pypi_0                pypi
ncls                             0.0.70           pypi_0                pypi
ncurses                          6.5              h2d0b736_3            conda-forge
numpy                            2.4.2            py312h33ff503_1       conda-forge
numpydoc                         1.10.0           pyhcf101f3_0          conda-forge
openjpeg                         2.5.4            h55fea9a_0            conda-forge
openssl                          3.6.1            h35e630c_1            conda-forge
packaging                        26.0             pyhcf101f3_0          conda-forge
pandas                           3.0.0            pypi_0                pypi
pillow                           12.1.1           py312h50c33e8_0       conda-forge
pip                              26.0.1           pyh8b19718_0          conda-forge
plotly                           6.5.2            pyhd8ed1ab_0          conda-forge
pthread-stubs                    0.4              hb9d3cd8_1002         conda-forge
py2bit                           0.3.3            py312h0fa9677_1       bioconda
pybigwig                         0.3.25           py312h83fe50f_0       bioconda
pygments                         2.19.2           pyhd8ed1ab_0          conda-forge
pyparsing                        3.3.2            pyhcf101f3_0          conda-forge
pyranges                         0.1.4            pypi_0                pypi
pysam                            0.23.3           py312h8f9e533_2       bioconda
pysocks                          1.7.1            pyha55dd90_7          conda-forge
python                           3.12.12          hd63d673_2_cpython    conda-forge
python-dateutil                  2.9.0.post0      pyhe01879c_2          conda-forge
python_abi                       3.12             8_cp312               conda-forge
pytz                             2025.2           pyhd8ed1ab_0          conda-forge
qhull                            2020.2           h434a139_5            conda-forge
readline                         8.3              h853b02a_0            conda-forge
requests                         2.32.5           pyhcf101f3_1          conda-forge
roman-numerals                   4.1.0            pyhd8ed1ab_0          conda-forge
samtools                         1.22.1           h96c455f_0            bioconda
scipy                            1.17.0           py312h54fa4ab_1       conda-forge
setuptools                       82.0.0           pyh332efcf_0          conda-forge
six                              1.17.0           pyhe01879c_1          conda-forge
snowballstemmer                  3.0.1            pyhd8ed1ab_0          conda-forge
sorted-nearest                   0.0.41           pypi_0                pypi
sphinx                           9.1.0            pyhd8ed1ab_0          conda-forge
sphinxcontrib-applehelp          2.0.0            pyhd8ed1ab_1          conda-forge
sphinxcontrib-devhelp            2.0.0            pyhd8ed1ab_1          conda-forge
sphinxcontrib-htmlhelp           2.1.0            pyhd8ed1ab_1          conda-forge
sphinxcontrib-jsmath             1.0.1            pyhd8ed1ab_1          conda-forge
sphinxcontrib-qthelp             2.0.0            pyhd8ed1ab_1          conda-forge
sphinxcontrib-serializinghtml    1.1.10           pyhd8ed1ab_1          conda-forge
tabulate                         0.9.0            pypi_0                pypi
tk                               8.6.13           noxft_h366c992_103    conda-forge
tomli                            2.4.0            pyhcf101f3_0          conda-forge
tqdm                             4.67.3           pypi_0                pypi
tzdata                           2025c            hc9c84f9_1            conda-forge
ucsc-bigwiginfo                  482              h0b57e2e_0            bioconda
unicodedata2                     17.0.1           py312h4c3975b_0       conda-forge
urllib3                          2.6.3            pyhd8ed1ab_0          conda-forge
wheel                            0.46.3           pyhd8ed1ab_0          conda-forge
xorg-libxau                      1.0.12           hb03c661_1            conda-forge
xorg-libxdmcp                    1.1.5            hb03c661_1            conda-forge
zipp                             3.23.0           pyhcf101f3_1          conda-forge
zlib                             1.3.1            hb9d3cd8_2            conda-forge
zlib-ng                          2.3.3            hceb46e0_1            conda-forge
zstd                             1.5.7            hb78ec9c_6            conda-forge
Specified --scaleFactor: 1.0
normalization: CPM
bamFilesList: ['/work/pa-hilario/clipseq/20260421/CTL/output/mVenus-Con-rep5_L1_R1.genome.Aligned.sort.dedup.bam']
binLength: 1
numberOfSamples: None
blackListFileName: None
skipZeroOverZero: False
bed_and_bin: False
genomeChunkSize: None
defaultFragmentLength: read length
numberOfProcessors: 48
verbose: True
region: None
bedFile: None
minMappingQuality: None
ignoreDuplicates: False
chrsToSkip: []
stepSize: 1
center_read: False
samFlag_include: None
samFlag_exclude: None
minFragmentLength: 0
maxFragmentLength: 0
zerosToNans: False
smoothLength: None
save_data: False
out_file_for_raw_data: None
maxPairedFragmentLength: 1000
Final scaling factor: 84.72422265525714
ForkPoolWorker-15,  processing 96 (21258.3 per sec) reads @ chr17:5000000-10000000
ForkPoolWorker-15 countReadsInRegions_worker: processing 5000000 (10004465.2 per sec) @ chr17:5000000-10000000
ForkPoolWorker-15,  processing 2 (5641.3 per sec) reads @ chr5:160000000-165000000
ForkPoolWorker-15 countReadsInRegions_worker: processing 5000000 (11390650.3 per sec) @ chr5:160000000-165000000
ForkPoolWorker-15,  processing 22 (41847.9 per sec) reads @ chr1:45000000-50000000
ForkPoolWorker-15 countReadsInRegions_worker: processing 5000000 (11647356.7 per sec) @ chr1:45000000-50000000
ForkPoolWorker-15,  processing 16 (29932.6 per sec) reads @ chr10:15000000-20000000
ForkPoolWorker-15 countReadsInRegions_worker: processing 5000000 (11715874.1 per sec) @ chr10:15000000-20000000
ForkPoolWorker-15,  processing 14 (27362.7 per sec) reads @ chr14:30000000-35000000
ForkPoolWorker-15 countReadsInRegions_worker: processing 5000000 (11809485.2 per sec) @ chr14:30000000-35000000
ForkPoolWorker-15,  processing 55 (82007.4 per sec) reads @ chr2:110000000-115000000
ForkPoolWorker-15 countReadsInRegions_worker: processing 5000000 (11824853.7 per sec) @ chr2:110000000-115000000
ForkPoolWorker-15,  processing 0 (0.0 per sec) reads @ chrUn_KI270584v1:0-4513
ForkPoolWorker-15 countReadsInRegions_worker: processing 4513 (1201681.9 per sec) @ chrUn_KI270584v1:0-4513
ForkPoolWorker-15,  processing 13 (27006.4 per sec) reads @ chr6:105000000-110000000
ForkPoolWorker-15 countReadsInRegions_worker: processing 5000000 (11918683.8 per sec) @ chr6:105000000-110000000
ForkPoolWorker-15,  processing 17 (35021.2 per sec) reads @ chr15:55000000-60000000
ForkPoolWorker-15 countReadsInRegions_worker: processing 5000000 (11947460.1 per sec) @ chr15:55000000-60000000
ForkPoolWorker-15,  processing 0 (0.0 per sec) reads @ chr2_KI270715v1_random:0-161471
ForkPoolWorker-15 countReadsInRegions_worker: processing 161471 (9505782.2 per sec) @ chr2_KI270715v1_random:0-161471
ForkPoolWorker-15,  processing 3 (7928.7 per sec) reads @ chr7:15000000-20000000
ForkPoolWorker-15 countReadsInRegions_worker: processing 5000000 (11141924.7 per sec) @ chr7:15000000-20000000
ForkPoolWorker-15,  processing 0 (0.0 per sec) reads @ chr11:135000000-135086622
ForkPoolWorker-15 countReadsInRegions_worker: processing 86622 (9112819.5 per sec) @ chr11:135000000-135086622
ForkPoolWorker-15,  processing 12 (25575.0 per sec) reads @ chr5:80000000-85000000
ForkPoolWorker-15 countReadsInRegions_worker: processing 5000000 (11944874.2 per sec) @ chr5:80000000-85000000
ForkPoolWorker-15,  processing 4 (9921.5 per sec) reads @ chr5:30000000-35000000
ForkPoolWorker-15 countReadsInRegions_worker: processing 5000000 (11928276.3 per sec) @ chr5:30000000-35000000
ForkPoolWorker-15,  processing 0 (0.0 per sec) reads @ chrUn_KI270468v1:0-4055
ForkPoolWorker-15 countReadsInRegions_worker: processing 4055 (1070756.9 per sec) @ chrUn_KI270468v1:0-4055
ForkPoolWorker-27,  processing 0 (0.0 per sec) reads @ chrUn_KI270329v1:0-1040
ForkPoolWorker-27 countReadsInRegions_worker: processing 1040 (115362.2 per sec) @ chrUn_KI270329v1:0-1040
ForkPoolWorker-27,  processing 7 (807.0 per sec) reads @ chr15:50000000-55000000
ForkPoolWorker-27 countReadsInRegions_worker: processing 5000000 (9945453.4 per sec) @ chr15:50000000-55000000
ForkPoolWorker-27,  processing 30 (36889.2 per sec) reads @ chr1:220000000-225000000
ForkPoolWorker-27 countReadsInRegions_worker: processing 5000000 (11338990.7 per sec) @ chr1:220000000-225000000
ForkPoolWorker-27,  processing 0 (0.0 per sec) reads @ chrUn_KI270511v1:0-8127
ForkPoolWorker-27 countReadsInRegions_worker: processing 8127 (1252465.8 per sec) @ chrUn_KI270511v1:0-8127
ForkPoolWorker-27,  processing 13 (28193.4 per sec) reads @ chr1:10000000-15000000
ForkPoolWorker-27 countReadsInRegions_worker: processing 5000000 (11156173.5 per sec) @ chr1:10000000-15000000
ForkPoolWorker-27,  processing 7 (16239.0 per sec) reads @ chr18:60000000-65000000
ForkPoolWorker-27 countReadsInRegions_worker: processing 5000000 (11181870.6 per sec) @ chr18:60000000-65000000
ForkPoolWorker-27,  processing 57 (64198.5 per sec) reads @ chr15:70000000-75000000
ForkPoolWorker-27 countReadsInRegions_worker: processing 5000000 (11588895.4 per sec) @ chr15:70000000-75000000
ForkPoolWorker-27,  processing 9 (20240.6 per sec) reads @ chr6:5000000-10000000
ForkPoolWorker-27 countReadsInRegions_worker: processing 5000000 (11678685.1 per sec) @ chr6:5000000-10000000
ForkPoolWorker-27,  processing 0 (0.0 per sec) reads @ chrY:35000000-40000000
ForkPoolWorker-27 countReadsInRegions_worker: processing 5000000 (11806154.4 per sec) @ chrY:35000000-40000000
ForkPoolWorker-27,  processing 8 (18386.0 per sec) reads @ chr6:70000000-75000000
ForkPoolWorker-27 countReadsInRegions_worker: processing 5000000 (11894759.7 per sec) @ chr6:70000000-75000000
ForkPoolWorker-27,  processing 91 (87401.3 per sec) reads @ chr11:65000000-70000000
ForkPoolWorker-27 countReadsInRegions_worker: processing 5000000 (10891178.7 per sec) @ chr11:65000000-70000000
ForkPoolWorker-27,  processing 0 (0.0 per sec) reads @ chr1_KI270713v1_random:0-40745
ForkPoolWorker-27 countReadsInRegions_worker: processing 40745 (6645031.4 per sec) @ chr1_KI270713v1_random:0-40745
ForkPoolWorker-27,  processing 45 (70956.3 per sec) reads @ chrM:0-16569
ForkPoolWorker-27 countReadsInRegions_worker: processing 16569 (3297216.1 per sec) @ chrM:0-16569
ForkPoolWorker-27,  processing 10 (23340.6 per sec) reads @ chr2:75000000-80000000
ForkPoolWorker-27 countReadsInRegions_worker: processing 5000000 (11828361.9 per sec) @ chr2:75000000-80000000
ForkPoolWorker-27,  processing 3 (7719.6 per sec) reads @ chr3:190000000-195000000
ForkPoolWorker-27 countReadsInRegions_worker: processing 5000000 (11905178.7 per sec) @ chr3:190000000-195000000
ForkPoolWorker-20,  processing 0 (0.0 per sec) reads @ chrUn_KI270753v1:0-62944
ForkPoolWorker-20 countReadsInRegions_worker: processing 62944 (2775536.7 per sec) @ chrUn_KI270753v1:0-62944
ForkPoolWorker-20,  processing 124 (88996.2 per sec) reads @ chr6:35000000-40000000
ForkPoolWorker-20 countReadsInRegions_worker: processing 5000000 (11189047.6 per sec) @ chr6:35000000-40000000
ForkPoolWorker-20,  processing 15 (29690.7 per sec) reads @ chr15:95000000-100000000
ForkPoolWorker-20 countReadsInRegions_worker: processing 5000000 (11385276.5 per sec) @ chr15:95000000-100000000
ForkPoolWorker-20,  processing 0 (0.0 per sec) reads @ chr22_KI270735v1_random:0-42811
ForkPoolWorker-20 countReadsInRegions_worker: processing 42811 (6371074.0 per sec) @ chr22_KI270735v1_random:0-42811
ForkPoolWorker-20,  processing 23 (34601.5 per sec) reads @ chr3:75000000-80000000
ForkPoolWorker-20 countReadsInRegions_worker: processing 5000000 (9259468.4 per sec) @ chr3:75000000-80000000
ForkPoolWorker-20,  processing 0 (0.0 per sec) reads @ chr13:5000000-10000000
ForkPoolWorker-20 countReadsInRegions_worker: processing 5000000 (12121046.8 per sec) @ chr13:5000000-10000000
ForkPoolWorker-20,  processing 10 (19143.3 per sec) reads @ chr3:95000000-100000000
ForkPoolWorker-20 countReadsInRegions_worker: processing 5000000 (12121705.4 per sec) @ chr3:95000000-100000000
ForkPoolWorker-20,  processing 11 (22320.9 per sec) reads @ chr8:105000000-110000000
ForkPoolWorker-20 countReadsInRegions_worker: processing 5000000 (12130546.9 per sec) @ chr8:105000000-110000000
ForkPoolWorker-20,  processing 33 (49099.7 per sec) reads @ chr5:175000000-180000000
ForkPoolWorker-20 countReadsInRegions_worker: processing 5000000 (10858859.6 per sec) @ chr5:175000000-180000000
ForkPoolWorker-20,  processing 14 (25310.5 per sec) reads @ chr2:185000000-190000000
ForkPoolWorker-20 countReadsInRegions_worker: processing 5000000 (12055438.4 per sec) @ chr2:185000000-190000000
ForkPoolWorker-20,  processing 20 (34267.2 per sec) reads @ chr2:155000000-160000000
ForkPoolWorker-20 countReadsInRegions_worker: processing 5000000 (11082895.3 per sec) @ chr2:155000000-160000000
ForkPoolWorker-20,  processing 0 (0.0 per sec) reads @ chrUn_KI270539v1:0-993
ForkPoolWorker-20 countReadsInRegions_worker: processing 993 (288971.3 per sec) @ chrUn_KI270539v1:0-993
ForkPoolWorker-20,  processing 14 (29360.1 per sec) reads @ chr6:110000000-115000000
ForkPoolWorker-20 countReadsInRegions_worker: processing 5000000 (11950292.2 per sec) @ chr6:110000000-115000000
ForkPoolWorker-20,  processing 0 (0.0 per sec) reads @ chrUn_KI270509v1:0-2318
ForkPoolWorker-20 countReadsInRegions_worker: processing 2318 (654839.1 per sec) @ chrUn_KI270509v1:0-2318
ForkPoolWorker-20,  processing 6 (14218.0 per sec) reads @ chr10:80000000-85000000
ForkPoolWorker-20 countReadsInRegions_worker: processing 5000000 (11993505.6 per sec) @ chr10:80000000-85000000
ForkPoolWorker-45,  processing 0 (0.0 per sec) reads @ chrUn_KI270467v1:0-3920
ForkPoolWorker-45 countReadsInRegions_worker: processing 3920 (252513.7 per sec) @ chrUn_KI270467v1:0-3920
ForkPoolWorker-45,  processing 0 (0.0 per sec) reads @ chrUn_KI270518v1:0-2186
ForkPoolWorker-45 countReadsInRegions_worker: processing 2186 (310963.2 per sec) @ chrUn_KI270518v1:0-2186
ForkPoolWorker-45,  processing 9 (13539.7 per sec) reads @ chr19:50000000-55000000
ForkPoolWorker-45 countReadsInRegions_worker: processing 5000000 (5899721.0 per sec) @ chr19:50000000-55000000
ForkPoolWorker-45,  processing 12 (15563.3 per sec) reads @ chr11:20000000-25000000
ForkPoolWorker-45 countReadsInRegions_worker: processing 5000000 (12297624.3 per sec) @ chr11:20000000-25000000
ForkPoolWorker-45,  processing 21 (30341.2 per sec) reads @ chr16:75000000-80000000
ForkPoolWorker-45 countReadsInRegions_worker: processing 5000000 (12379070.8 per sec) @ chr16:75000000-80000000
ForkPoolWorker-45,  processing 20 (25606.3 per sec) reads @ chr1:30000000-35000000
ForkPoolWorker-45 countReadsInRegions_worker: processing 5000000 (12274562.7 per sec) @ chr1:30000000-35000000
ForkPoolWorker-45,  processing 32 (45605.8 per sec) reads @ chr11:70000000-75000000
ForkPoolWorker-45 countReadsInRegions_worker: processing 5000000 (12355026.0 per sec) @ chr11:70000000-75000000
ForkPoolWorker-45,  processing 48 (51098.1 per sec) reads @ chr12:120000000-125000000
ForkPoolWorker-45 countReadsInRegions_worker: processing 5000000 (12151513.8 per sec) @ chr12:120000000-125000000
ForkPoolWorker-45,  processing 11 (20745.2 per sec) reads @ chr13:110000000-114364328
ForkPoolWorker-45 countReadsInRegions_worker: processing 4364328 (12135521.9 per sec) @ chr13:110000000-114364328
ForkPoolWorker-45,  processing 0 (0.0 per sec) reads @ chrUn_KI270420v1:0-2321
ForkPoolWorker-45 countReadsInRegions_worker: processing 2321 (614078.1 per sec) @ chrUn_KI270420v1:0-2321
ForkPoolWorker-45,  processing 8 (17567.8 per sec) reads @ chr2:50000000-55000000
ForkPoolWorker-45 countReadsInRegions_worker: processing 5000000 (11988713.0 per sec) @ chr2:50000000-55000000
ForkPoolWorker-45,  processing 38 (55226.5 per sec) reads @ chr17:0-5000000
ForkPoolWorker-45 countReadsInRegions_worker: processing 5000000 (11084535.5 per sec) @ chr17:0-5000000
ForkPoolWorker-45,  processing 0 (0.0 per sec) reads @ chrUn_KI270385v1:0-990
ForkPoolWorker-45 countReadsInRegions_worker: processing 990 (258279.6 per sec) @ chrUn_KI270385v1:0-990
ForkPoolWorker-45,  processing 17 (30393.5 per sec) reads @ chr2:30000000-35000000
ForkPoolWorker-45 countReadsInRegions_worker: processing 5000000 (11972444.3 per sec) @ chr2:30000000-35000000
ForkPoolWorker-45,  processing 20 (35275.9 per sec) reads @ chr10:110000000-115000000
ForkPoolWorker-45 countReadsInRegions_worker: processing 5000000 (12078483.1 per sec) @ chr10:110000000-115000000
ForkPoolWorker-8,  processing 76 (5530.5 per sec) reads @ chr4:0-5000000
ForkPoolWorker-8 countReadsInRegions_worker: processing 5000000 (10465253.3 per sec) @ chr4:0-5000000
ForkPoolWorker-8,  processing 9 (19518.5 per sec) reads @ chr12:70000000-75000000
ForkPoolWorker-8 countReadsInRegions_worker: processing 5000000 (11259683.1 per sec) @ chr12:70000000-75000000
ForkPoolWorker-8,  processing 23 (31816.9 per sec) reads @ chr7:65000000-70000000
ForkPoolWorker-8 countReadsInRegions_worker: processing 5000000 (11556594.0 per sec) @ chr7:65000000-70000000
ForkPoolWorker-8,  processing 14 (29214.1 per sec) reads @ chr17:25000000-30000000
ForkPoolWorker-8 countReadsInRegions_worker: processing 5000000 (11696238.8 per sec) @ chr17:25000000-30000000
ForkPoolWorker-8,  processing 0 (0.0 per sec) reads @ chr17_KI270730v1_random:0-112551
ForkPoolWorker-8 countReadsInRegions_worker: processing 112551 (8863558.2 per sec) @ chr17_KI270730v1_random:0-112551
ForkPoolWorker-8,  processing 18 (28804.8 per sec) reads @ chr4:110000000-115000000
ForkPoolWorker-8 countReadsInRegions_worker: processing 5000000 (11836606.8 per sec) @ chr4:110000000-115000000
ForkPoolWorker-8,  processing 26 (47808.8 per sec) reads @ chr22:15000000-20000000
ForkPoolWorker-8 countReadsInRegions_worker: processing 5000000 (11772057.4 per sec) @ chr22:15000000-20000000
ForkPoolWorker-8,  processing 17 (28938.0 per sec) reads @ chr2:175000000-180000000
ForkPoolWorker-8 countReadsInRegions_worker: processing 5000000 (11873700.6 per sec) @ chr2:175000000-180000000
ForkPoolWorker-8,  processing 29 (48498.7 per sec) reads @ chr5:130000000-135000000
ForkPoolWorker-8 countReadsInRegions_worker: processing 5000000 (11721217.3 per sec) @ chr5:130000000-135000000
ForkPoolWorker-8,  processing 0 (0.0 per sec) reads @ chr16:90000000-90338345
ForkPoolWorker-8 countReadsInRegions_worker: processing 338345 (10510611.8 per sec) @ chr16:90000000-90338345
ForkPoolWorker-8,  processing 10 (19222.3 per sec) reads @ chr11:80000000-85000000
ForkPoolWorker-8 countReadsInRegions_worker: processing 5000000 (10969659.1 per sec) @ chr11:80000000-85000000
ForkPoolWorker-8,  processing 0 (0.0 per sec) reads @ chrUn_KI270373v1:0-1451
ForkPoolWorker-8 countReadsInRegions_worker: processing 1451 (344207.6 per sec) @ chrUn_KI270373v1:0-1451
ForkPoolWorker-8,  processing 0 (0.0 per sec) reads @ chr22_KI270732v1_random:0-41543
ForkPoolWorker-8 countReadsInRegions_worker: processing 41543 (5896381.5 per sec) @ chr22_KI270732v1_random:0-41543
ForkPoolWorker-8,  processing 16 (26276.0 per sec) reads @ chr18:45000000-50000000
ForkPoolWorker-8 countReadsInRegions_worker: processing 5000000 (11859257.7 per sec) @ chr18:45000000-50000000
ForkPoolWorker-8,  processing 11 (21479.2 per sec) reads @ chr17:30000000-35000000
ForkPoolWorker-8 countReadsInRegions_worker: processing 5000000 (11892318.0 per sec) @ chr17:30000000-35000000
ForkPoolWorker-36,  processing 4 (4355.5 per sec) reads @ chr4:95000000-100000000
ForkPoolWorker-36 countReadsInRegions_worker: processing 5000000 (9417466.2 per sec) @ chr4:95000000-100000000
ForkPoolWorker-36,  processing 0 (0.0 per sec) reads @ chrUn_KI270305v1:0-1472
ForkPoolWorker-36 countReadsInRegions_worker: processing 1472 (193816.2 per sec) @ chrUn_KI270305v1:0-1472
ForkPoolWorker-36,  processing 23 (33789.5 per sec) reads @ chr5:70000000-75000000
ForkPoolWorker-36 countReadsInRegions_worker: processing 5000000 (11482510.8 per sec) @ chr5:70000000-75000000
ForkPoolWorker-36,  processing 17 (33072.0 per sec) reads @ chrX:110000000-115000000
ForkPoolWorker-36 countReadsInRegions_worker: processing 5000000 (11243667.5 per sec) @ chrX:110000000-115000000
ForkPoolWorker-36,  processing 0 (0.0 per sec) reads @ chr1_KI270707v1_random:0-32032
ForkPoolWorker-36 countReadsInRegions_worker: processing 32032 (5913638.2 per sec) @ chr1_KI270707v1_random:0-32032
ForkPoolWorker-36,  processing 13 (26780.9 per sec) reads @ chr2:115000000-120000000
ForkPoolWorker-36 countReadsInRegions_worker: processing 5000000 (11111245.3 per sec) @ chr2:115000000-120000000
ForkPoolWorker-36,  processing 5 (12018.1 per sec) reads @ chr2:135000000-140000000
ForkPoolWorker-36 countReadsInRegions_worker: processing 5000000 (11589196.4 per sec) @ chr2:135000000-140000000
ForkPoolWorker-36,  processing 1 (2931.0 per sec) reads @ chr5:25000000-30000000
ForkPoolWorker-36 countReadsInRegions_worker: processing 5000000 (11607882.4 per sec) @ chr5:25000000-30000000
ForkPoolWorker-36,  processing 9 (19518.5 per sec) reads @ chr13:35000000-40000000
ForkPoolWorker-36 countReadsInRegions_worker: processing 5000000 (11727962.3 per sec) @ chr13:35000000-40000000
ForkPoolWorker-36,  processing 0 (0.0 per sec) reads @ chrUn_KI270425v1:0-1884
ForkPoolWorker-36 countReadsInRegions_worker: processing 1884 (583867.9 per sec) @ chrUn_KI270425v1:0-1884
ForkPoolWorker-36,  processing 32 (49128.0 per sec) reads @ chr1:40000000-45000000
ForkPoolWorker-36 countReadsInRegions_worker: processing 5000000 (11885470.2 per sec) @ chr1:40000000-45000000
ForkPoolWorker-36,  processing 36 (61530.1 per sec) reads @ chr9:115000000-120000000
ForkPoolWorker-36 countReadsInRegions_worker: processing 5000000 (11031801.1 per sec) @ chr9:115000000-120000000
ForkPoolWorker-36,  processing 32 (52820.8 per sec) reads @ chr2:45000000-50000000
ForkPoolWorker-36 countReadsInRegions_worker: processing 5000000 (11989281.9 per sec) @ chr2:45000000-50000000
ForkPoolWorker-36,  processing 11 (25006.7 per sec) reads @ chr2:20000000-25000000
ForkPoolWorker-36 countReadsInRegions_worker: processing 5000000 (11793486.7 per sec) @ chr2:20000000-25000000
ForkPoolWorker-36,  processing 0 (0.0 per sec) reads @ chrUn_KI270334v1:0-1368
ForkPoolWorker-36 countReadsInRegions_worker: processing 1368 (404327.2 per sec) @ chrUn_KI270334v1:0-1368
ForkPoolWorker-30,  processing 9 (7975.6 per sec) reads @ chr5:100000000-105000000
ForkPoolWorker-30 countReadsInRegions_worker: processing 5000000 (8019910.3 per sec) @ chr5:100000000-105000000
ForkPoolWorker-30,  processing 0 (0.0 per sec) reads @ chrUn_KI270519v1:0-138126
ForkPoolWorker-30 countReadsInRegions_worker: processing 138126 (7899513.7 per sec) @ chrUn_KI270519v1:0-138126
ForkPoolWorker-30,  processing 24 (36954.2 per sec) reads @ chr1:20000000-25000000
ForkPoolWorker-30 countReadsInRegions_worker: processing 5000000 (11900125.6 per sec) @ chr1:20000000-25000000
ForkPoolWorker-30,  processing 16 (26234.9 per sec) reads @ chr10:95000000-100000000
ForkPoolWorker-30 countReadsInRegions_worker: processing 5000000 (12023954.4 per sec) @ chr10:95000000-100000000
ForkPoolWorker-30,  processing 21 (32502.0 per sec) reads @ chr17:35000000-40000000
ForkPoolWorker-30 countReadsInRegions_worker: processing 5000000 (11986506.6 per sec) @ chr17:35000000-40000000
ForkPoolWorker-30,  processing 0 (0.0 per sec) reads @ chrY_KI270740v1_random:0-37240
ForkPoolWorker-30 countReadsInRegions_worker: processing 37240 (6391255.0 per sec) @ chrY_KI270740v1_random:0-37240
ForkPoolWorker-30,  processing 9 (18044.3 per sec) reads @ chr8:85000000-90000000
ForkPoolWorker-30 countReadsInRegions_worker: processing 5000000 (12032191.4 per sec) @ chr8:85000000-90000000
ForkPoolWorker-30,  processing 9 (18799.2 per sec) reads @ chr11:110000000-115000000
ForkPoolWorker-30 countReadsInRegions_worker: processing 5000000 (12095690.3 per sec) @ chr11:110000000-115000000
ForkPoolWorker-30,  processing 0 (0.0 per sec) reads @ chr14_GL000194v1_random:0-191469
ForkPoolWorker-30 countReadsInRegions_worker: processing 191469 (5218188.4 per sec) @ chr14_GL000194v1_random:0-191469
ForkPoolWorker-30,  processing 6 (9765.6 per sec) reads @ chrX:125000000-130000000
ForkPoolWorker-30 countReadsInRegions_worker: processing 5000000 (11763176.2 per sec) @ chrX:125000000-130000000
ForkPoolWorker-30,  processing 28 (38900.5 per sec) reads @ chr2:205000000-210000000
ForkPoolWorker-30 countReadsInRegions_worker: processing 5000000 (11888879.6 per sec) @ chr2:205000000-210000000
ForkPoolWorker-30,  processing 29 (34253.7 per sec) reads @ chr18:20000000-25000000
ForkPoolWorker-30 countReadsInRegions_worker: processing 5000000 (11256830.4 per sec) @ chr18:20000000-25000000
ForkPoolWorker-30,  processing 5 (10290.2 per sec) reads @ chr1:140000000-145000000
ForkPoolWorker-30 countReadsInRegions_worker: processing 5000000 (12039223.1 per sec) @ chr1:140000000-145000000
ForkPoolWorker-30,  processing 0 (0.0 per sec) reads @ chrUn_KI270750v1:0-148850
ForkPoolWorker-30 countReadsInRegions_worker: processing 148850 (9489765.0 per sec) @ chrUn_KI270750v1:0-148850
ForkPoolWorker-30,  processing 11 (22919.7 per sec) reads @ chr7:45000000-50000000
ForkPoolWorker-30 countReadsInRegions_worker: processing 5000000 (12118742.4 per sec) @ chr7:45000000-50000000
ForkPoolWorker-21,  processing 6 (5413.2 per sec) reads @ chr10:50000000-55000000
ForkPoolWorker-21 countReadsInRegions_worker: processing 5000000 (6992865.6 per sec) @ chr10:50000000-55000000
ForkPoolWorker-21,  processing 0 (0.0 per sec) reads @ chrUn_KI270507v1:0-5353
ForkPoolWorker-21 countReadsInRegions_worker: processing 5353 (1192675.1 per sec) @ chrUn_KI270507v1:0-5353
ForkPoolWorker-21,  processing 22 (25504.3 per sec) reads @ chr6:85000000-90000000
ForkPoolWorker-21 countReadsInRegions_worker: processing 5000000 (11542918.2 per sec) @ chr6:85000000-90000000
ForkPoolWorker-21,  processing 0 (0.0 per sec) reads @ chr1_KI270708v1_random:0-127682
ForkPoolWorker-21 countReadsInRegions_worker: processing 127682 (8809625.3 per sec) @ chr1_KI270708v1_random:0-127682
ForkPoolWorker-21,  processing 0 (0.0 per sec) reads @ chrUn_KI270429v1:0-1361
ForkPoolWorker-21 countReadsInRegions_worker: processing 1361 (344505.0 per sec) @ chrUn_KI270429v1:0-1361
ForkPoolWorker-21,  processing 0 (0.0 per sec) reads @ chrUn_KI270394v1:0-970
ForkPoolWorker-21 countReadsInRegions_worker: processing 970 (249523.1 per sec) @ chrUn_KI270394v1:0-970
ForkPoolWorker-21,  processing 9 (16814.6 per sec) reads @ chr4:140000000-145000000
ForkPoolWorker-21 countReadsInRegions_worker: processing 5000000 (11814488.2 per sec) @ chr4:140000000-145000000
ForkPoolWorker-21,  processing 12 (21308.9 per sec) reads @ chr12:30000000-35000000
ForkPoolWorker-21 countReadsInRegions_worker: processing 5000000 (11724893.7 per sec) @ chr12:30000000-35000000
ForkPoolWorker-21,  processing 0 (0.0 per sec) reads @ chrY:0-5000000
ForkPoolWorker-21 countReadsInRegions_worker: processing 5000000 (11905057.1 per sec) @ chrY:0-5000000
ForkPoolWorker-21,  processing 11 (20661.6 per sec) reads @ chr5:35000000-40000000
ForkPoolWorker-21 countReadsInRegions_worker: processing 5000000 (11763149.9 per sec) @ chr5:35000000-40000000
ForkPoolWorker-21,  processing 11 (20952.5 per sec) reads @ chr18:5000000-10000000
ForkPoolWorker-21 countReadsInRegions_worker: processing 5000000 (11871119.7 per sec) @ chr18:5000000-10000000
ForkPoolWorker-21,  processing 31 (43370.1 per sec) reads @ chr11:75000000-80000000
ForkPoolWorker-21 countReadsInRegions_worker: processing 5000000 (11928439.1 per sec) @ chr11:75000000-80000000
ForkPoolWorker-21,  processing 59 (58599.1 per sec) reads @ chr3:50000000-55000000
ForkPoolWorker-21 countReadsInRegions_worker: processing 5000000 (11112640.7 per sec) @ chr3:50000000-55000000
ForkPoolWorker-21,  processing 0 (0.0 per sec) reads @ chrUn_KI270747v1:0-198735
ForkPoolWorker-21 countReadsInRegions_worker: processing 198735 (10127265.9 per sec) @ chrUn_KI270747v1:0-198735
ForkPoolWorker-21,  processing 8 (14063.0 per sec) reads @ chr14:50000000-55000000
ForkPoolWorker-21 countReadsInRegions_worker: processing 5000000 (12114528.0 per sec) @ chr14:50000000-55000000
ForkPoolWorker-21,  processing 0 (0.0 per sec) reads @ chrUn_KI270751v1:0-150742
ForkPoolWorker-21 countReadsInRegions_worker: processing 150742 (9771842.8 per sec) @ chrUn_KI270751v1:0-150742
ForkPoolWorker-21,  processing 0 (0.0 per sec) reads @ chrUn_KI270587v1:0-2969
ForkPoolWorker-21 countReadsInRegions_worker: processing 2969 (879317.1 per sec) @ chrUn_KI270587v1:0-2969
ForkPoolWorker-21,  processing 7 (16087.7 per sec) reads @ chrX:155000000-156040895
ForkPoolWorker-21 countReadsInRegions_worker: processing 1040895 (11656823.4 per sec) @ chrX:155000000-156040895
ForkPoolWorker-21,  processing 9 (18950.2 per sec) reads @ chr18:75000000-80000000
ForkPoolWorker-21 countReadsInRegions_worker: processing 5000000 (12264936.2 per sec) @ chr18:75000000-80000000
ForkPoolWorker-21,  processing 0 (0.0 per sec) reads @ chrUn_KI270304v1:0-2165
ForkPoolWorker-21 countReadsInRegions_worker: processing 2165 (558020.5 per sec) @ chrUn_KI270304v1:0-2165
ForkPoolWorker-47,  processing 0 (0.0 per sec) reads @ chr14:0-5000000
ForkPoolWorker-47 countReadsInRegions_worker: processing 5000000 (10228817.2 per sec) @ chr14:0-5000000
ForkPoolWorker-47,  processing 1 (1529.7 per sec) reads @ chr11:50000000-55000000
ForkPoolWorker-47 countReadsInRegions_worker: processing 5000000 (11753063.4 per sec) @ chr11:50000000-55000000
ForkPoolWorker-47,  processing 0 (0.0 per sec) reads @ chr15:0-5000000
ForkPoolWorker-47 countReadsInRegions_worker: processing 5000000 (11869164.5 per sec) @ chr15:0-5000000
ForkPoolWorker-47,  processing 14 (24703.5 per sec) reads @ chr2:200000000-205000000
ForkPoolWorker-47 countReadsInRegions_worker: processing 5000000 (11880171.4 per sec) @ chr2:200000000-205000000
ForkPoolWorker-47,  processing 9 (19017.0 per sec) reads @ chr10:105000000-110000000
ForkPoolWorker-47 countReadsInRegions_worker: processing 5000000 (12022741.2 per sec) @ chr10:105000000-110000000
ForkPoolWorker-47,  processing 18 (26132.7 per sec) reads @ chr6:145000000-150000000
ForkPoolWorker-47 countReadsInRegions_worker: processing 5000000 (11893478.0 per sec) @ chr6:145000000-150000000
ForkPoolWorker-47,  processing 22 (34392.4 per sec) reads @ chr13:25000000-30000000
ForkPoolWorker-47 countReadsInRegions_worker: processing 5000000 (12055355.2 per sec) @ chr13:25000000-30000000
ForkPoolWorker-47,  processing 0 (0.0 per sec) reads @ chrUn_KI270591v1:0-5796
ForkPoolWorker-47 countReadsInRegions_worker: processing 5796 (1351917.8 per sec) @ chrUn_KI270591v1:0-5796
ForkPoolWorker-47,  processing 7 (15700.6 per sec) reads @ chr14:105000000-107043718
ForkPoolWorker-47 countReadsInRegions_worker: processing 2043718 (11912320.2 per sec) @ chr14:105000000-107043718
ForkPoolWorker-47,  processing 4 (9113.1 per sec) reads @ chr4:185000000-190000000
ForkPoolWorker-47 countReadsInRegions_worker: processing 5000000 (12206298.9 per sec) @ chr4:185000000-190000000
ForkPoolWorker-47,  processing 0 (0.0 per sec) reads @ chrUn_KI270752v1:0-27745
ForkPoolWorker-47 countReadsInRegions_worker: processing 27745 (4902720.1 per sec) @ chrUn_KI270752v1:0-27745
ForkPoolWorker-47,  processing 0 (0.0 per sec) reads @ chrY:50000000-55000000
ForkPoolWorker-47 countReadsInRegions_worker: processing 5000000 (12216986.4 per sec) @ chrY:50000000-55000000
ForkPoolWorker-47,  processing 14 (25608.5 per sec) reads @ chr4:150000000-155000000
ForkPoolWorker-47 countReadsInRegions_worker: processing 5000000 (12133922.9 per sec) @ chr4:150000000-155000000
ForkPoolWorker-47,  processing 0 (0.0 per sec) reads @ chrUn_KI270581v1:0-7046
ForkPoolWorker-47 countReadsInRegions_worker: processing 7046 (1721705.0 per sec) @ chrUn_KI270581v1:0-7046
ForkPoolWorker-47,  processing 0 (0.0 per sec) reads @ chrEBV:0-171823
ForkPoolWorker-47 countReadsInRegions_worker: processing 171823 (9644530.5 per sec) @ chrEBV:0-171823
ForkPoolWorker-47,  processing 0 (0.0 per sec) reads @ chrUn_KI270424v1:0-2140
ForkPoolWorker-47 countReadsInRegions_worker: processing 2140 (618296.5 per sec) @ chrUn_KI270424v1:0-2140
ForkPoolWorker-47,  processing 0 (0.0 per sec) reads @ chr8:145000000-145138636
ForkPoolWorker-47 countReadsInRegions_worker: processing 138636 (10258119.9 per sec) @ chr8:145000000-145138636
ForkPoolWorker-47,  processing 0 (0.0 per sec) reads @ chr9_KI270717v1_random:0-40062
ForkPoolWorker-47 countReadsInRegions_worker: processing 40062 (6960161.0 per sec) @ chr9_KI270717v1_random:0-40062
ForkPoolWorker-47,  processing 15 (28187.5 per sec) reads @ chr3:155000000-160000000
ForkPoolWorker-47 countReadsInRegions_worker: processing 5000000 (12058779.6 per sec) @ chr3:155000000-160000000
ForkPoolWorker-47,  processing 0 (0.0 per sec) reads @ chrUn_KI270335v1:0-1048
ForkPoolWorker-47 countReadsInRegions_worker: processing 1048 (278857.5 per sec) @ chrUn_KI270335v1:0-1048
ForkPoolWorker-39,  processing 0 (0.0 per sec) reads @ chrUn_KI270529v1:0-1899
ForkPoolWorker-39 countReadsInRegions_worker: processing 1899 (151347.8 per sec) @ chrUn_KI270529v1:0-1899
ForkPoolWorker-39,  processing 8 (12157.4 per sec) reads @ chr4:160000000-165000000
ForkPoolWorker-39 countReadsInRegions_worker: processing 5000000 (10884536.8 per sec) @ chr4:160000000-165000000
ForkPoolWorker-39,  processing 9 (17395.7 per sec) reads @ chr15:100000000-101991189
ForkPoolWorker-39 countReadsInRegions_worker: processing 1991189 (11816798.0 per sec) @ chr15:100000000-101991189
ForkPoolWorker-39,  processing 3 (7371.4 per sec) reads @ chr8:110000000-115000000
ForkPoolWorker-39 countReadsInRegions_worker: processing 5000000 (12173754.5 per sec) @ chr8:110000000-115000000
ForkPoolWorker-39,  processing 11 (19599.6 per sec) reads @ chr5:90000000-95000000
ForkPoolWorker-39 countReadsInRegions_worker: processing 5000000 (12194084.1 per sec) @ chr5:90000000-95000000
ForkPoolWorker-39,  processing 0 (0.0 per sec) reads @ chrUn_KI270376v1:0-1136
ForkPoolWorker-39 countReadsInRegions_worker: processing 1136 (284801.5 per sec) @ chrUn_KI270376v1:0-1136
ForkPoolWorker-39,  processing 47 (65167.7 per sec) reads @ chr16:20000000-25000000
ForkPoolWorker-39 countReadsInRegions_worker: processing 5000000 (12232499.8 per sec) @ chr16:20000000-25000000
ForkPoolWorker-39,  processing 15 (27025.2 per sec) reads @ chr12:115000000-120000000
ForkPoolWorker-39 countReadsInRegions_worker: processing 5000000 (12215918.9 per sec) @ chr12:115000000-120000000
ForkPoolWorker-39,  processing 13 (23852.1 per sec) reads @ chr1:55000000-60000000
ForkPoolWorker-39 countReadsInRegions_worker: processing 5000000 (12182771.3 per sec) @ chr1:55000000-60000000
ForkPoolWorker-39,  processing 37 (49203.9 per sec) reads @ chr17:60000000-65000000
ForkPoolWorker-39 countReadsInRegions_worker: processing 5000000 (12257222.9 per sec) @ chr17:60000000-65000000
ForkPoolWorker-39,  processing 80 (84969.4 per sec) reads @ chr6:0-5000000
ForkPoolWorker-39 countReadsInRegions_worker: processing 5000000 (12225903.4 per sec) @ chr6:0-5000000
ForkPoolWorker-39,  processing 47 (65470.7 per sec) reads @ chr7:5000000-10000000
ForkPoolWorker-39 countReadsInRegions_worker: processing 5000000 (12240182.0 per sec) @ chr7:5000000-10000000
ForkPoolWorker-39,  processing 0 (0.0 per sec) reads @ chr1:135000000-140000000
ForkPoolWorker-39 countReadsInRegions_worker: processing 5000000 (12252532.3 per sec) @ chr1:135000000-140000000
ForkPoolWorker-39,  processing 0 (0.0 per sec) reads @ chrUn_KI270588v1:0-6158
ForkPoolWorker-39 countReadsInRegions_worker: processing 6158 (1443337.5 per sec) @ chrUn_KI270588v1:0-6158
ForkPoolWorker-39,  processing 11 (22277.8 per sec) reads @ chr6:50000000-55000000
ForkPoolWorker-39 countReadsInRegions_worker: processing 5000000 (12247602.1 per sec) @ chr6:50000000-55000000
ForkPoolWorker-34,  processing 33 (2184.8 per sec) reads @ chr12:130000000-133275309
ForkPoolWorker-34 countReadsInRegions_worker: processing 3275309 (9133135.1 per sec) @ chr12:130000000-133275309
ForkPoolWorker-34,  processing 18 (22264.1 per sec) reads @ chr20:60000000-64444167
ForkPoolWorker-34 countReadsInRegions_worker: processing 4444167 (12005479.3 per sec) @ chr20:60000000-64444167
ForkPoolWorker-34,  processing 0 (0.0 per sec) reads @ chrUn_KI270589v1:0-44474
ForkPoolWorker-34 countReadsInRegions_worker: processing 44474 (6386738.7 per sec) @ chrUn_KI270589v1:0-44474
ForkPoolWorker-34,  processing 3 (7958.8 per sec) reads @ chr5:165000000-170000000
ForkPoolWorker-34 countReadsInRegions_worker: processing 5000000 (12187040.4 per sec) @ chr5:165000000-170000000
ForkPoolWorker-34,  processing 20 (36954.2 per sec) reads @ chr4:125000000-130000000
ForkPoolWorker-34 countReadsInRegions_worker: processing 5000000 (12148677.0 per sec) @ chr4:125000000-130000000
ForkPoolWorker-34,  processing 22 (36998.7 per sec) reads @ chr7:90000000-95000000
ForkPoolWorker-34 countReadsInRegions_worker: processing 5000000 (11971091.1 per sec) @ chr7:90000000-95000000
ForkPoolWorker-34,  processing 6 (13789.5 per sec) reads @ chr2:225000000-230000000
ForkPoolWorker-34 countReadsInRegions_worker: processing 5000000 (12058675.6 per sec) @ chr2:225000000-230000000
ForkPoolWorker-34,  processing 28 (46091.3 per sec) reads @ chr21:35000000-40000000
ForkPoolWorker-34 countReadsInRegions_worker: processing 5000000 (12107100.5 per sec) @ chr21:35000000-40000000
ForkPoolWorker-34,  processing 1 (2786.9 per sec) reads @ chr13:60000000-65000000
ForkPoolWorker-34 countReadsInRegions_worker: processing 5000000 (11949352.5 per sec) @ chr13:60000000-65000000
ForkPoolWorker-34,  processing 6 (14355.9 per sec) reads @ chr4:65000000-70000000
ForkPoolWorker-34 countReadsInRegions_worker: processing 5000000 (12013154.5 per sec) @ chr4:65000000-70000000
ForkPoolWorker-34,  processing 19 (34830.3 per sec) reads @ chr20:45000000-50000000
ForkPoolWorker-34 countReadsInRegions_worker: processing 5000000 (12211793.2 per sec) @ chr20:45000000-50000000
ForkPoolWorker-34,  processing 38 (56760.5 per sec) reads @ chr5:75000000-80000000
ForkPoolWorker-34 countReadsInRegions_worker: processing 5000000 (12209845.1 per sec) @ chr5:75000000-80000000
ForkPoolWorker-34,  processing 0 (0.0 per sec) reads @ chrUn_KI270423v1:0-981
ForkPoolWorker-34 countReadsInRegions_worker: processing 981 (268560.3 per sec) @ chrUn_KI270423v1:0-981
ForkPoolWorker-34,  processing 28 (44722.2 per sec) reads @ chr2:65000000-70000000
ForkPoolWorker-34 countReadsInRegions_worker: processing 5000000 (12215691.2 per sec) @ chr2:65000000-70000000
ForkPoolWorker-34,  processing 0 (0.0 per sec) reads @ chrUn_KI270303v1:0-1942
ForkPoolWorker-34 countReadsInRegions_worker: processing 1942 (538036.8 per sec) @ chrUn_KI270303v1:0-1942
ForkPoolWorker-31,  processing 23 (12414.0 per sec) reads @ chr3:60000000-65000000
ForkPoolWorker-31 countReadsInRegions_worker: processing 5000000 (10578266.9 per sec) @ chr3:60000000-65000000
ForkPoolWorker-31,  processing 17 (21905.7 per sec) reads @ chr12:65000000-70000000
ForkPoolWorker-31 countReadsInRegions_worker: processing 5000000 (11558715.1 per sec) @ chr12:65000000-70000000
ForkPoolWorker-31,  processing 0 (0.0 per sec) reads @ chr1:125000000-130000000
ForkPoolWorker-31 countReadsInRegions_worker: processing 5000000 (11360649.3 per sec) @ chr1:125000000-130000000
ForkPoolWorker-31,  processing 42 (66576.3 per sec) reads @ chr12:90000000-95000000
ForkPoolWorker-31 countReadsInRegions_worker: processing 5000000 (11036370.0 per sec) @ chr12:90000000-95000000
ForkPoolWorker-31,  processing 0 (0.0 per sec) reads @ chr14_KI270722v1_random:0-194050
ForkPoolWorker-31 countReadsInRegions_worker: processing 194050 (9590016.4 per sec) @ chr14_KI270722v1_random:0-194050
ForkPoolWorker-31,  processing 0 (0.0 per sec) reads @ chr13:10000000-15000000
ForkPoolWorker-31 countReadsInRegions_worker: processing 5000000 (12096346.2 per sec) @ chr13:10000000-15000000
ForkPoolWorker-31,  processing 15 (28174.9 per sec) reads @ chr15:25000000-30000000
ForkPoolWorker-31 countReadsInRegions_worker: processing 5000000 (12034152.3 per sec) @ chr15:25000000-30000000
ForkPoolWorker-31,  processing 27 (45082.1 per sec) reads @ chr9:135000000-138394717
ForkPoolWorker-31 countReadsInRegions_worker: processing 3394717 (11649225.1 per sec) @ chr9:135000000-138394717
ForkPoolWorker-31,  processing 34 (46940.9 per sec) reads @ chr13:90000000-95000000
ForkPoolWorker-31 countReadsInRegions_worker: processing 5000000 (12045771.8 per sec) @ chr13:90000000-95000000
ForkPoolWorker-31,  processing 0 (0.0 per sec) reads @ chrUn_KI270465v1:0-1774
ForkPoolWorker-31 countReadsInRegions_worker: processing 1774 (464636.9 per sec) @ chrUn_KI270465v1:0-1774
ForkPoolWorker-31,  processing 20 (36189.0 per sec) reads @ chr17:10000000-15000000
ForkPoolWorker-31 countReadsInRegions_worker: processing 5000000 (12119813.9 per sec) @ chr17:10000000-15000000
ForkPoolWorker-31,  processing 17 (31988.9 per sec) reads @ chr1:155000000-160000000
ForkPoolWorker-31 countReadsInRegions_worker: processing 5000000 (12169883.2 per sec) @ chr1:155000000-160000000
ForkPoolWorker-31,  processing 0 (0.0 per sec) reads @ chrUn_KI270522v1:0-5674
ForkPoolWorker-31 countReadsInRegions_worker: processing 5674 (1423354.1 per sec) @ chrUn_KI270522v1:0-5674
ForkPoolWorker-31,  processing 10 (22063.7 per sec) reads @ chr6:80000000-85000000
ForkPoolWorker-31 countReadsInRegions_worker: processing 5000000 (12141045.9 per sec) @ chr6:80000000-85000000
ForkPoolWorker-31,  processing 19 (28319.7 per sec) reads @ chr12:55000000-60000000
ForkPoolWorker-31 countReadsInRegions_worker: processing 5000000 (12165725.0 per sec) @ chr12:55000000-60000000
ForkPoolWorker-14,  processing 59 (7351.2 per sec) reads @ chr10:115000000-120000000
ForkPoolWorker-14 countReadsInRegions_worker: processing 5000000 (10491693.1 per sec) @ chr10:115000000-120000000
ForkPoolWorker-14,  processing 5 (10672.5 per sec) reads @ chr4:155000000-160000000
ForkPoolWorker-14 countReadsInRegions_worker: processing 5000000 (11668372.9 per sec) @ chr4:155000000-160000000
ForkPoolWorker-14,  processing 21 (38819.0 per sec) reads @ chr7:75000000-80000000
ForkPoolWorker-14 countReadsInRegions_worker: processing 5000000 (11720549.2 per sec) @ chr7:75000000-80000000
ForkPoolWorker-14,  processing 24 (39522.3 per sec) reads @ chr7:0-5000000
ForkPoolWorker-14 countReadsInRegions_worker: processing 5000000 (11914478.8 per sec) @ chr7:0-5000000
ForkPoolWorker-14,  processing 0 (0.0 per sec) reads @ chrUn_KI270521v1:0-7642
ForkPoolWorker-14 countReadsInRegions_worker: processing 7642 (2045884.4 per sec) @ chrUn_KI270521v1:0-7642
ForkPoolWorker-14,  processing 0 (0.0 per sec) reads @ chrUn_GL000214v1:0-137718
ForkPoolWorker-14 countReadsInRegions_worker: processing 137718 (8496075.2 per sec) @ chrUn_GL000214v1:0-137718
ForkPoolWorker-14,  processing 11 (22561.0 per sec) reads @ chr9:0-5000000
ForkPoolWorker-14 countReadsInRegions_worker: processing 5000000 (11930278.1 per sec) @ chr9:0-5000000
ForkPoolWorker-14,  processing 11 (24632.9 per sec) reads @ chr18:50000000-55000000
ForkPoolWorker-14 countReadsInRegions_worker: processing 5000000 (11836172.6 per sec) @ chr18:50000000-55000000
ForkPoolWorker-14,  processing 0 (0.0 per sec) reads @ chr22:0-5000000
ForkPoolWorker-14 countReadsInRegions_worker: processing 5000000 (11805722.4 per sec) @ chr22:0-5000000
ForkPoolWorker-14,  processing 0 (0.0 per sec) reads @ chr14:15000000-20000000
ForkPoolWorker-14 countReadsInRegions_worker: processing 5000000 (11906348.1 per sec) @ chr14:15000000-20000000
ForkPoolWorker-14,  processing 0 (0.0 per sec) reads @ chrUn_KI270538v1:0-91309
ForkPoolWorker-14 countReadsInRegions_worker: processing 91309 (9405380.9 per sec) @ chrUn_KI270538v1:0-91309
ForkPoolWorker-14,  processing 27 (44532.5 per sec) reads @ chr3:140000000-145000000
ForkPoolWorker-14 countReadsInRegions_worker: processing 5000000 (11122624.8 per sec) @ chr3:140000000-145000000
ForkPoolWorker-14,  processing 7 (16981.0 per sec) reads @ chr8:30000000-35000000
ForkPoolWorker-14 countReadsInRegions_worker: processing 5000000 (11954883.7 per sec) @ chr8:30000000-35000000
ForkPoolWorker-14,  processing 11 (24054.9 per sec) reads @ chr5:125000000-130000000
ForkPoolWorker-14 countReadsInRegions_worker: processing 5000000 (11889317.7 per sec) @ chr5:125000000-130000000
ForkPoolWorker-14,  processing 14 (27452.2 per sec) reads @ chr17:70000000-75000000
ForkPoolWorker-14 countReadsInRegions_worker: processing 5000000 (11927265.4 per sec) @ chr17:70000000-75000000
ForkPoolWorker-9,  processing 19 (2204.1 per sec) reads @ chr9:120000000-125000000
ForkPoolWorker-9 countReadsInRegions_worker: processing 5000000 (10687764.1 per sec) @ chr9:120000000-125000000
ForkPoolWorker-9,  processing 0 (0.0 per sec) reads @ chrY:25000000-30000000
ForkPoolWorker-9 countReadsInRegions_worker: processing 5000000 (11326687.2 per sec) @ chrY:25000000-30000000
ForkPoolWorker-9,  processing 39 (45526.8 per sec) reads @ chr11:115000000-120000000
ForkPoolWorker-9 countReadsInRegions_worker: processing 5000000 (11477050.0 per sec) @ chr11:115000000-120000000
ForkPoolWorker-9,  processing 5 (13173.1 per sec) reads @ chr7:120000000-125000000
ForkPoolWorker-9 countReadsInRegions_worker: processing 5000000 (11838584.7 per sec) @ chr7:120000000-125000000
ForkPoolWorker-9,  processing 1 (2709.5 per sec) reads @ chr9:40000000-45000000
ForkPoolWorker-9 countReadsInRegions_worker: processing 5000000 (12018324.8 per sec) @ chr9:40000000-45000000
ForkPoolWorker-9,  processing 104 (103122.4 per sec) reads @ chr1:205000000-210000000
ForkPoolWorker-9 countReadsInRegions_worker: processing 5000000 (12131866.2 per sec) @ chr1:205000000-210000000
ForkPoolWorker-9,  processing 0 (0.0 per sec) reads @ chrUn_KI270548v1:0-1599
ForkPoolWorker-9 countReadsInRegions_worker: processing 1599 (406811.4 per sec) @ chrUn_KI270548v1:0-1599
ForkPoolWorker-9,  processing 14 (26678.9 per sec) reads @ chr6:165000000-170000000
ForkPoolWorker-9 countReadsInRegions_worker: processing 5000000 (12191773.1 per sec) @ chr6:165000000-170000000
ForkPoolWorker-9,  processing 9 (18351.4 per sec) reads @ chr7:20000000-25000000
ForkPoolWorker-9 countReadsInRegions_worker: processing 5000000 (12205964.9 per sec) @ chr7:20000000-25000000
ForkPoolWorker-9,  processing 12 (22795.1 per sec) reads @ chr5:65000000-70000000
ForkPoolWorker-9 countReadsInRegions_worker: processing 5000000 (12196140.7 per sec) @ chr5:65000000-70000000
ForkPoolWorker-9,  processing 0 (0.0 per sec) reads @ chrUn_KI270379v1:0-1045
ForkPoolWorker-9 countReadsInRegions_worker: processing 1045 (274043.2 per sec) @ chrUn_KI270379v1:0-1045
ForkPoolWorker-9,  processing 23 (40807.5 per sec) reads @ chr20:10000000-15000000
ForkPoolWorker-9 countReadsInRegions_worker: processing 5000000 (12250886.0 per sec) @ chr20:10000000-15000000
ForkPoolWorker-9,  processing 17 (30641.7 per sec) reads @ chr3:35000000-40000000
ForkPoolWorker-9 countReadsInRegions_worker: processing 5000000 (11979296.8 per sec) @ chr3:35000000-40000000
ForkPoolWorker-9,  processing 0 (0.0 per sec) reads @ chr22_KI270738v1_random:0-99375
ForkPoolWorker-9 countReadsInRegions_worker: processing 99375 (8315224.8 per sec) @ chr22_KI270738v1_random:0-99375
ForkPoolWorker-9,  processing 29 (51279.4 per sec) reads @ chr13:20000000-25000000
ForkPoolWorker-9 countReadsInRegions_worker: processing 5000000 (12106786.0 per sec) @ chr13:20000000-25000000
ForkPoolWorker-25,  processing 16 (5453.3 per sec) reads @ chr5:40000000-45000000
ForkPoolWorker-25 countReadsInRegions_worker: processing 5000000 (10112707.3 per sec) @ chr5:40000000-45000000
ForkPoolWorker-25,  processing 6 (12216.4 per sec) reads @ chr12:80000000-85000000
ForkPoolWorker-25 countReadsInRegions_worker: processing 5000000 (11509255.0 per sec) @ chr12:80000000-85000000
ForkPoolWorker-25,  processing 0 (0.0 per sec) reads @ chrUn_KI270755v1:0-36723
ForkPoolWorker-25 countReadsInRegions_worker: processing 36723 (6008716.0 per sec) @ chrUn_KI270755v1:0-36723
ForkPoolWorker-25,  processing 14 (28258.1 per sec) reads @ chr5:60000000-65000000
ForkPoolWorker-25 countReadsInRegions_worker: processing 5000000 (11695756.1 per sec) @ chr5:60000000-65000000
ForkPoolWorker-25,  processing 74 (78976.7 per sec) reads @ chr11:60000000-65000000
ForkPoolWorker-25 countReadsInRegions_worker: processing 5000000 (11765644.5 per sec) @ chr11:60000000-65000000
ForkPoolWorker-25,  processing 8 (17753.7 per sec) reads @ chr10:90000000-95000000
ForkPoolWorker-25 countReadsInRegions_worker: processing 5000000 (11855409.5 per sec) @ chr10:90000000-95000000
ForkPoolWorker-25,  processing 0 (0.0 per sec) reads @ chrUn_KI270757v1:0-71251
ForkPoolWorker-25 countReadsInRegions_worker: processing 71251 (8277659.9 per sec) @ chrUn_KI270757v1:0-71251
ForkPoolWorker-25,  processing 0 (0.0 per sec) reads @ chrY:30000000-35000000
ForkPoolWorker-25 countReadsInRegions_worker: processing 5000000 (11926404.0 per sec) @ chrY:30000000-35000000
ForkPoolWorker-25,  processing 10 (21822.6 per sec) reads @ chr9:80000000-85000000
ForkPoolWorker-25 countReadsInRegions_worker: processing 5000000 (11906591.4 per sec) @ chr9:80000000-85000000
ForkPoolWorker-25,  processing 7 (16185.3 per sec) reads @ chr3:150000000-155000000
ForkPoolWorker-25 countReadsInRegions_worker: processing 5000000 (11924742.5 per sec) @ chr3:150000000-155000000
ForkPoolWorker-25,  processing 24 (41596.4 per sec) reads @ chr10:0-5000000
ForkPoolWorker-25 countReadsInRegions_worker: processing 5000000 (12041697.9 per sec) @ chr10:0-5000000
ForkPoolWorker-25,  processing 11 (23103.3 per sec) reads @ chr12:20000000-25000000
ForkPoolWorker-25 countReadsInRegions_worker: processing 5000000 (12039520.3 per sec) @ chr12:20000000-25000000
ForkPoolWorker-25,  processing 10 (20867.2 per sec) reads @ chr11:130000000-135000000
ForkPoolWorker-25 countReadsInRegions_worker: processing 5000000 (12052639.3 per sec) @ chr11:130000000-135000000
ForkPoolWorker-25,  processing 0 (0.0 per sec) reads @ chr17_KI270729v1_random:0-280839
ForkPoolWorker-25 countReadsInRegions_worker: processing 280839 (9618455.4 per sec) @ chr17_KI270729v1_random:0-280839
ForkPoolWorker-25,  processing 5 (11453.6 per sec) reads @ chr1:95000000-100000000
ForkPoolWorker-25 countReadsInRegions_worker: processing 5000000 (12017326.2 per sec) @ chr1:95000000-100000000
ForkPoolWorker-5,  processing 0 (0.0 per sec) reads @ chr9:45000000-50000000
ForkPoolWorker-5 countReadsInRegions_worker: processing 5000000 (10240710.0 per sec) @ chr9:45000000-50000000
ForkPoolWorker-5,  processing 44 (48900.2 per sec) reads @ chr1:230000000-235000000
ForkPoolWorker-5 countReadsInRegions_worker: processing 5000000 (11507347.8 per sec) @ chr1:230000000-235000000
ForkPoolWorker-5,  processing 0 (0.0 per sec) reads @ chrUn_KI270302v1:0-2274
ForkPoolWorker-5 countReadsInRegions_worker: processing 2274 (713483.5 per sec) @ chrUn_KI270302v1:0-2274
ForkPoolWorker-5,  processing 24 (38583.1 per sec) reads @ chr7:130000000-135000000
ForkPoolWorker-5 countReadsInRegions_worker: processing 5000000 (11831258.0 per sec) @ chr7:130000000-135000000
ForkPoolWorker-5,  processing 19 (33149.7 per sec) reads @ chr12:100000000-105000000
ForkPoolWorker-5 countReadsInRegions_worker: processing 5000000 (11807118.2 per sec) @ chr12:100000000-105000000
ForkPoolWorker-5,  processing 5 (12595.5 per sec) reads @ chr6:45000000-50000000
ForkPoolWorker-5 countReadsInRegions_worker: processing 5000000 (11789555.1 per sec) @ chr6:45000000-50000000
ForkPoolWorker-5,  processing 40 (67432.5 per sec) reads @ chrX:95000000-100000000
ForkPoolWorker-5 countReadsInRegions_worker: processing 5000000 (11758242.9 per sec) @ chrX:95000000-100000000
ForkPoolWorker-5,  processing 16 (30685.4 per sec) reads @ chr7:40000000-45000000
ForkPoolWorker-5 countReadsInRegions_worker: processing 5000000 (11850827.2 per sec) @ chr7:40000000-45000000
ForkPoolWorker-5,  processing 26 (44061.4 per sec) reads @ chr1:75000000-80000000
ForkPoolWorker-5 countReadsInRegions_worker: processing 5000000 (11751193.1 per sec) @ chr1:75000000-80000000
ForkPoolWorker-5,  processing 0 (0.0 per sec) reads @ chr14_KI270726v1_random:0-43739
ForkPoolWorker-5 countReadsInRegions_worker: processing 43739 (6382141.7 per sec) @ chr14_KI270726v1_random:0-43739
ForkPoolWorker-5,  processing 23 (43670.9 per sec) reads @ chr2:10000000-15000000
ForkPoolWorker-5 countReadsInRegions_worker: processing 5000000 (11049238.0 per sec) @ chr2:10000000-15000000
ForkPoolWorker-5,  processing 17 (32588.3 per sec) reads @ chr2:5000000-10000000
ForkPoolWorker-5 countReadsInRegions_worker: processing 5000000 (11843331.5 per sec) @ chr2:5000000-10000000
ForkPoolWorker-5,  processing 8 (17886.2 per sec) reads @ chr3:175000000-180000000
ForkPoolWorker-5 countReadsInRegions_worker: processing 5000000 (11976143.1 per sec) @ chr3:175000000-180000000
ForkPoolWorker-5,  processing 0 (0.0 per sec) reads @ chrUn_KI270530v1:0-2168
ForkPoolWorker-5 countReadsInRegions_worker: processing 2168 (589972.8 per sec) @ chrUn_KI270530v1:0-2168
ForkPoolWorker-5,  processing 29 (40995.9 per sec) reads @ chr1:210000000-215000000
ForkPoolWorker-5 countReadsInRegions_worker: processing 5000000 (12174645.0 per sec) @ chr1:210000000-215000000
ForkPoolWorker-6,  processing 3 (395.4 per sec) reads @ chr13:65000000-70000000
ForkPoolWorker-6 countReadsInRegions_worker: processing 5000000 (10837406.8 per sec) @ chr13:65000000-70000000
ForkPoolWorker-6,  processing 18 (22788.2 per sec) reads @ chr5:55000000-60000000
ForkPoolWorker-6 countReadsInRegions_worker: processing 5000000 (11332679.5 per sec) @ chr5:55000000-60000000
ForkPoolWorker-6,  processing 25 (42538.6 per sec) reads @ chr4:20000000-25000000
ForkPoolWorker-6 countReadsInRegions_worker: processing 5000000 (11595527.3 per sec) @ chr4:20000000-25000000
ForkPoolWorker-6,  processing 2 (5162.2 per sec) reads @ chr21:20000000-25000000
ForkPoolWorker-6 countReadsInRegions_worker: processing 5000000 (11781388.8 per sec) @ chr21:20000000-25000000
ForkPoolWorker-6,  processing 16 (28137.9 per sec) reads @ chr14:60000000-65000000
ForkPoolWorker-6 countReadsInRegions_worker: processing 5000000 (11922220.7 per sec) @ chr14:60000000-65000000
ForkPoolWorker-6,  processing 20 (37974.7 per sec) reads @ chr2:230000000-235000000
ForkPoolWorker-6 countReadsInRegions_worker: processing 5000000 (12001721.4 per sec) @ chr2:230000000-235000000
ForkPoolWorker-6,  processing 23 (39375.1 per sec) reads @ chr4:85000000-90000000
ForkPoolWorker-6 countReadsInRegions_worker: processing 5000000 (11913639.5 per sec) @ chr4:85000000-90000000
ForkPoolWorker-6,  processing 0 (0.0 per sec) reads @ chrUn_KI270754v1:0-40191
ForkPoolWorker-6 countReadsInRegions_worker: processing 40191 (6282311.8 per sec) @ chrUn_KI270754v1:0-40191
ForkPoolWorker-6,  processing 11 (22440.3 per sec) reads @ chr3:70000000-75000000
ForkPoolWorker-6 countReadsInRegions_worker: processing 5000000 (12060381.5 per sec) @ chr3:70000000-75000000
ForkPoolWorker-6,  processing 15 (28036.8 per sec) reads @ chrX:100000000-105000000
ForkPoolWorker-6 countReadsInRegions_worker: processing 5000000 (11331895.7 per sec) @ chrX:100000000-105000000
ForkPoolWorker-6,  processing 0 (0.0 per sec) reads @ chr22_KI270739v1_random:0-73985
ForkPoolWorker-6 countReadsInRegions_worker: processing 73985 (6476917.2 per sec) @ chr22_KI270739v1_random:0-73985
ForkPoolWorker-6,  processing 3 (6902.3 per sec) reads @ chr2:80000000-85000000
ForkPoolWorker-6 countReadsInRegions_worker: processing 5000000 (12026795.4 per sec) @ chr2:80000000-85000000
ForkPoolWorker-6,  processing 0 (0.0 per sec) reads @ chr22_KI270734v1_random:0-165050
ForkPoolWorker-6 countReadsInRegions_worker: processing 165050 (9528835.2 per sec) @ chr22_KI270734v1_random:0-165050
ForkPoolWorker-6,  processing 15 (26269.1 per sec) reads @ chr10:20000000-25000000
ForkPoolWorker-6 countReadsInRegions_worker: processing 5000000 (12060596.5 per sec) @ chr10:20000000-25000000
ForkPoolWorker-6,  processing 16 (27049.1 per sec) reads @ chr11:30000000-35000000
ForkPoolWorker-6 countReadsInRegions_worker: processing 5000000 (11911724.4 per sec) @ chr11:30000000-35000000
ForkPoolWorker-10,  processing 9 (1893.9 per sec) reads @ chr5:170000000-175000000
ForkPoolWorker-10 countReadsInRegions_worker: processing 5000000 (10412580.4 per sec) @ chr5:170000000-175000000
ForkPoolWorker-10,  processing 61 (72996.4 per sec) reads @ chr12:50000000-55000000
ForkPoolWorker-10 countReadsInRegions_worker: processing 5000000 (11261436.5 per sec) @ chr12:50000000-55000000
ForkPoolWorker-10,  processing 15 (29413.1 per sec) reads @ chr15:65000000-70000000
ForkPoolWorker-10 countReadsInRegions_worker: processing 5000000 (11610774.4 per sec) @ chr15:65000000-70000000
ForkPoolWorker-10,  processing 13 (28972.3 per sec) reads @ chr22:50000000-50818468
ForkPoolWorker-10 countReadsInRegions_worker: processing 818468 (11338658.6 per sec) @ chr22:50000000-50818468
ForkPoolWorker-10,  processing 34 (44816.6 per sec) reads @ chr3:180000000-185000000
ForkPoolWorker-10 countReadsInRegions_worker: processing 5000000 (12137026.8 per sec) @ chr3:180000000-185000000
ForkPoolWorker-10,  processing 1 (2704.3 per sec) reads @ chrUn_KI270442v1:0-392061
ForkPoolWorker-10 countReadsInRegions_worker: processing 392061 (9970853.2 per sec) @ chrUn_KI270442v1:0-392061
ForkPoolWorker-10,  processing 14 (28002.0 per sec) reads @ chr1:195000000-200000000
ForkPoolWorker-10 countReadsInRegions_worker: processing 5000000 (12140659.3 per sec) @ chr1:195000000-200000000
ForkPoolWorker-10,  processing 7 (15064.2 per sec) reads @ chr3:160000000-165000000
ForkPoolWorker-10 countReadsInRegions_worker: processing 5000000 (12281557.0 per sec) @ chr3:160000000-165000000
ForkPoolWorker-10,  processing 9 (20208.1 per sec) reads @ chrX:30000000-35000000
ForkPoolWorker-10 countReadsInRegions_worker: processing 5000000 (12286557.8 per sec) @ chrX:30000000-35000000
ForkPoolWorker-10,  processing 23 (37046.5 per sec) reads @ chr13:75000000-80000000
ForkPoolWorker-10 countReadsInRegions_worker: processing 5000000 (12272127.7 per sec) @ chr13:75000000-80000000
ForkPoolWorker-10,  processing 24 (37477.0 per sec) reads @ chr19:35000000-40000000
ForkPoolWorker-10 countReadsInRegions_worker: processing 5000000 (12293767.5 per sec) @ chr19:35000000-40000000
ForkPoolWorker-10,  processing 38 (49238.0 per sec) reads @ chr19:0-5000000
ForkPoolWorker-10 countReadsInRegions_worker: processing 5000000 (12166388.4 per sec) @ chr19:0-5000000
ForkPoolWorker-10,  processing 0 (0.0 per sec) reads @ chrUn_KI270448v1:0-7992
ForkPoolWorker-10 countReadsInRegions_worker: processing 7992 (1810275.8 per sec) @ chrUn_KI270448v1:0-7992
ForkPoolWorker-10,  processing 11 (19903.9 per sec) reads @ chr8:20000000-25000000
ForkPoolWorker-10 countReadsInRegions_worker: processing 5000000 (12141559.0 per sec) @ chr8:20000000-25000000
ForkPoolWorker-10,  processing 7 (15126.3 per sec) reads @ chrX:140000000-145000000
ForkPoolWorker-10 countReadsInRegions_worker: processing 5000000 (12206227.8 per sec) @ chrX:140000000-145000000
ForkPoolWorker-26,  processing 5 (5122.5 per sec) reads @ chr13:55000000-60000000
ForkPoolWorker-26 countReadsInRegions_worker: processing 5000000 (10913157.4 per sec) @ chr13:55000000-60000000
ForkPoolWorker-26,  processing 38 (41462.9 per sec) reads @ chr5:135000000-140000000
ForkPoolWorker-26 countReadsInRegions_worker: processing 5000000 (11297222.5 per sec) @ chr5:135000000-140000000
ForkPoolWorker-26,  processing 4 (9587.0 per sec) reads @ chr6:135000000-140000000
ForkPoolWorker-26 countReadsInRegions_worker: processing 5000000 (11542251.1 per sec) @ chr6:135000000-140000000
ForkPoolWorker-26,  processing 0 (0.0 per sec) reads @ chrUn_KI270317v1:0-37690
ForkPoolWorker-26 countReadsInRegions_worker: processing 37690 (6186729.7 per sec) @ chrUn_KI270317v1:0-37690
ForkPoolWorker-26,  processing 0 (0.0 per sec) reads @ chr15_KI270727v1_random:0-448248
ForkPoolWorker-26 countReadsInRegions_worker: processing 448248 (10778222.0 per sec) @ chr15_KI270727v1_random:0-448248
ForkPoolWorker-26,  processing 47 (48686.7 per sec) reads @ chr19:10000000-15000000
ForkPoolWorker-26 countReadsInRegions_worker: processing 5000000 (11733408.5 per sec) @ chr19:10000000-15000000
ForkPoolWorker-26,  processing 0 (0.0 per sec) reads @ chr3_GL000221v1_random:0-155397
ForkPoolWorker-26 countReadsInRegions_worker: processing 155397 (8918140.0 per sec) @ chr3_GL000221v1_random:0-155397
ForkPoolWorker-26,  processing 13 (21968.6 per sec) reads @ chr1:85000000-90000000
ForkPoolWorker-26 countReadsInRegions_worker: processing 5000000 (11662156.7 per sec) @ chr1:85000000-90000000
ForkPoolWorker-26,  processing 84 (79783.0 per sec) reads @ chr2:0-5000000
ForkPoolWorker-26 countReadsInRegions_worker: processing 5000000 (11779628.5 per sec) @ chr2:0-5000000
ForkPoolWorker-26,  processing 54 (58676.8 per sec) reads @ chr17:15000000-20000000
ForkPoolWorker-26 countReadsInRegions_worker: processing 5000000 (11894132.3 per sec) @ chr17:15000000-20000000
ForkPoolWorker-26,  processing 29 (42723.9 per sec) reads @ chr17:55000000-60000000
ForkPoolWorker-26 countReadsInRegions_worker: processing 5000000 (11879256.1 per sec) @ chr17:55000000-60000000
ForkPoolWorker-26,  processing 0 (0.0 per sec) reads @ chrUn_KI270516v1:0-1300
ForkPoolWorker-26 countReadsInRegions_worker: processing 1300 (327286.6 per sec) @ chrUn_KI270516v1:0-1300
ForkPoolWorker-26,  processing 14 (25245.2 per sec) reads @ chr13:70000000-75000000
ForkPoolWorker-26 countReadsInRegions_worker: processing 5000000 (11189083.4 per sec) @ chr13:70000000-75000000
ForkPoolWorker-26,  processing 0 (0.0 per sec) reads @ chrUn_KI270316v1:0-1444
ForkPoolWorker-26 countReadsInRegions_worker: processing 1444 (363845.7 per sec) @ chrUn_KI270316v1:0-1444
ForkPoolWorker-26,  processing 7 (15469.0 per sec) reads @ chr8:55000000-60000000
ForkPoolWorker-26 countReadsInRegions_worker: processing 5000000 (12011826.5 per sec) @ chr8:55000000-60000000
ForkPoolWorker-26,  processing 0 (0.0 per sec) reads @ chrUn_KI270386v1:0-1788
ForkPoolWorker-26 countReadsInRegions_worker: processing 1788 (507437.3 per sec) @ chrUn_KI270386v1:0-1788
ForkPoolWorker-26,  processing 10 (20370.6 per sec) reads @ chr3:40000000-45000000
ForkPoolWorker-26 countReadsInRegions_worker: processing 5000000 (12058564.6 per sec) @ chr3:40000000-45000000
ForkPoolWorker-26,  processing 0 (0.0 per sec) reads @ chrUn_KI270378v1:0-1048
ForkPoolWorker-26 countReadsInRegions_worker: processing 1048 (275709.1 per sec) @ chrUn_KI270378v1:0-1048
ForkPoolWorker-26,  processing 25 (41626.7 per sec) reads @ chr10:60000000-65000000
ForkPoolWorker-26 countReadsInRegions_worker: processing 5000000 (12046560.6 per sec) @ chr10:60000000-65000000
ForkPoolWorker-26,  processing 0 (0.0 per sec) reads @ chrUn_GL000216v2:0-176608
ForkPoolWorker-26 countReadsInRegions_worker: processing 176608 (9914309.6 per sec) @ chrUn_GL000216v2:0-176608
ForkPoolWorker-22,  processing 22 (22566.6 per sec) reads @ chr13:95000000-100000000
ForkPoolWorker-22 countReadsInRegions_worker: processing 5000000 (9803761.3 per sec) @ chr13:95000000-100000000
ForkPoolWorker-22,  processing 8 (12039.6 per sec) reads @ chr6:95000000-100000000
ForkPoolWorker-22 countReadsInRegions_worker: processing 5000000 (11116840.8 per sec) @ chr6:95000000-100000000
ForkPoolWorker-22,  processing 15 (30452.4 per sec) reads @ chr3:135000000-140000000
ForkPoolWorker-22 countReadsInRegions_worker: processing 5000000 (11033327.5 per sec) @ chr3:135000000-140000000
ForkPoolWorker-22,  processing 8 (18528.1 per sec) reads @ chr8:80000000-85000000
ForkPoolWorker-22 countReadsInRegions_worker: processing 5000000 (11131793.6 per sec) @ chr8:80000000-85000000
ForkPoolWorker-22,  processing 18 (34410.9 per sec) reads @ chrX:20000000-25000000
ForkPoolWorker-22 countReadsInRegions_worker: processing 5000000 (11598631.3 per sec) @ chrX:20000000-25000000
ForkPoolWorker-22,  processing 30 (48414.4 per sec) reads @ chr2:70000000-75000000
ForkPoolWorker-22 countReadsInRegions_worker: processing 5000000 (11646839.2 per sec) @ chr2:70000000-75000000
ForkPoolWorker-22,  processing 30 (48846.7 per sec) reads @ chr19:55000000-58617616
ForkPoolWorker-22 countReadsInRegions_worker: processing 3617616 (12095837.4 per sec) @ chr19:55000000-58617616
ForkPoolWorker-22,  processing 0 (0.0 per sec) reads @ chrUn_KI270412v1:0-1179
ForkPoolWorker-22 countReadsInRegions_worker: processing 1179 (328489.7 per sec) @ chrUn_KI270412v1:0-1179
ForkPoolWorker-22,  processing 30 (47862.0 per sec) reads @ chr13:50000000-55000000
ForkPoolWorker-22 countReadsInRegions_worker: processing 5000000 (12159820.8 per sec) @ chr13:50000000-55000000
ForkPoolWorker-22,  processing 15 (29276.2 per sec) reads @ chr20:55000000-60000000
ForkPoolWorker-22 countReadsInRegions_worker: processing 5000000 (12148867.0 per sec) @ chr20:55000000-60000000
ForkPoolWorker-22,  processing 16 (34309.2 per sec) reads @ chr8:50000000-55000000
ForkPoolWorker-22 countReadsInRegions_worker: processing 5000000 (12191695.1 per sec) @ chr8:50000000-55000000
ForkPoolWorker-22,  processing 88 (87340.0 per sec) reads @ chr1:150000000-155000000
ForkPoolWorker-22 countReadsInRegions_worker: processing 5000000 (12136317.4 per sec) @ chr1:150000000-155000000
ForkPoolWorker-22,  processing 14 (31085.4 per sec) reads @ chr11:95000000-100000000
ForkPoolWorker-22 countReadsInRegions_worker: processing 5000000 (12200511.4 per sec) @ chr11:95000000-100000000
ForkPoolWorker-22,  processing 8 (17595.4 per sec) reads @ chr9:70000000-75000000
ForkPoolWorker-22 countReadsInRegions_worker: processing 5000000 (12232371.4 per sec) @ chr9:70000000-75000000
ForkPoolWorker-22,  processing 0 (0.0 per sec) reads @ chrUn_KI270392v1:0-971
ForkPoolWorker-22 countReadsInRegions_worker: processing 971 (257796.5 per sec) @ chrUn_KI270392v1:0-971
ForkPoolWorker-43,  processing 4 (5061.0 per sec) reads @ chr3:145000000-150000000
ForkPoolWorker-43 countReadsInRegions_worker: processing 5000000 (5764047.9 per sec) @ chr3:145000000-150000000
ForkPoolWorker-43,  processing 15 (19013.2 per sec) reads @ chr4:180000000-185000000
ForkPoolWorker-43 countReadsInRegions_worker: processing 5000000 (12112505.9 per sec) @ chr4:180000000-185000000
ForkPoolWorker-43,  processing 9 (14474.2 per sec) reads @ chr6:75000000-80000000
ForkPoolWorker-43 countReadsInRegions_worker: processing 5000000 (11957937.6 per sec) @ chr6:75000000-80000000
ForkPoolWorker-43,  processing 11 (15741.2 per sec) reads @ chr8:25000000-30000000
ForkPoolWorker-43 countReadsInRegions_worker: processing 5000000 (11856502.1 per sec) @ chr8:25000000-30000000
ForkPoolWorker-43,  processing 21 (31167.9 per sec) reads @ chr15:40000000-45000000
ForkPoolWorker-43 countReadsInRegions_worker: processing 5000000 (11931309.8 per sec) @ chr15:40000000-45000000
ForkPoolWorker-43,  processing 0 (0.0 per sec) reads @ chr2_KI270716v1_random:0-153799
ForkPoolWorker-43 countReadsInRegions_worker: processing 153799 (8413937.5 per sec) @ chr2_KI270716v1_random:0-153799
ForkPoolWorker-43,  processing 61 (61562.2 per sec) reads @ chr19:5000000-10000000
ForkPoolWorker-43 countReadsInRegions_worker: processing 5000000 (12099940.5 per sec) @ chr19:5000000-10000000
ForkPoolWorker-43,  processing 62 (76059.3 per sec) reads @ chr8:10000000-15000000
ForkPoolWorker-43 countReadsInRegions_worker: processing 5000000 (12173563.7 per sec) @ chr8:10000000-15000000
ForkPoolWorker-43,  processing 9 (17339.8 per sec) reads @ chr6:65000000-70000000
ForkPoolWorker-43 countReadsInRegions_worker: processing 5000000 (12006105.1 per sec) @ chr6:65000000-70000000
ForkPoolWorker-43,  processing 15 (27188.7 per sec) reads @ chr20:40000000-45000000
ForkPoolWorker-43 countReadsInRegions_worker: processing 5000000 (11956574.0 per sec) @ chr20:40000000-45000000
ForkPoolWorker-43,  processing 41 (55011.7 per sec) reads @ chr10:100000000-105000000
ForkPoolWorker-43 countReadsInRegions_worker: processing 5000000 (12004215.2 per sec) @ chr10:100000000-105000000
ForkPoolWorker-43,  processing 2 (4975.4 per sec) reads @ chr8:0-5000000
ForkPoolWorker-43 countReadsInRegions_worker: processing 5000000 (11894867.7 per sec) @ chr8:0-5000000
ForkPoolWorker-43,  processing 52 (68456.9 per sec) reads @ chr1:170000000-175000000
ForkPoolWorker-43 countReadsInRegions_worker: processing 5000000 (12109687.2 per sec) @ chr1:170000000-175000000
ForkPoolWorker-43,  processing 0 (0.0 per sec) reads @ chrUn_KI270466v1:0-1233
ForkPoolWorker-43 countReadsInRegions_worker: processing 1233 (318859.2 per sec) @ chrUn_KI270466v1:0-1233
ForkPoolWorker-43,  processing 0 (0.0 per sec) reads @ chrUn_KI270590v1:0-4685
ForkPoolWorker-43 countReadsInRegions_worker: processing 4685 (1266373.3 per sec) @ chrUn_KI270590v1:0-4685
ForkPoolWorker-7,  processing 0 (0.0 per sec) reads @ chr21:0-5000000
ForkPoolWorker-7 countReadsInRegions_worker: processing 5000000 (9949558.4 per sec) @ chr21:0-5000000
ForkPoolWorker-7,  processing 51 (47251.9 per sec) reads @ chr7:125000000-130000000
ForkPoolWorker-7 countReadsInRegions_worker: processing 5000000 (11612355.9 per sec) @ chr7:125000000-130000000
ForkPoolWorker-7,  processing 0 (0.0 per sec) reads @ chr4_GL000008v2_random:0-209709
ForkPoolWorker-7 countReadsInRegions_worker: processing 209709 (9918844.6 per sec) @ chr4_GL000008v2_random:0-209709
ForkPoolWorker-7,  processing 25 (39658.7 per sec) reads @ chr7:155000000-159345973
ForkPoolWorker-7 countReadsInRegions_worker: processing 4345973 (11938365.4 per sec) @ chr7:155000000-159345973
ForkPoolWorker-7,  processing 8 (17558.6 per sec) reads @ chr3:5000000-10000000
ForkPoolWorker-7 countReadsInRegions_worker: processing 5000000 (12253198.0 per sec) @ chr3:5000000-10000000
ForkPoolWorker-7,  processing 7 (15567.4 per sec) reads @ chrX:55000000-60000000
ForkPoolWorker-7 countReadsInRegions_worker: processing 5000000 (12223566.0 per sec) @ chrX:55000000-60000000
ForkPoolWorker-7,  processing 15 (28378.2 per sec) reads @ chr2:55000000-60000000
ForkPoolWorker-7 countReadsInRegions_worker: processing 5000000 (12239674.8 per sec) @ chr2:55000000-60000000
ForkPoolWorker-7,  processing 32 (52966.7 per sec) reads @ chr7:145000000-150000000
ForkPoolWorker-7 countReadsInRegions_worker: processing 5000000 (12235547.3 per sec) @ chr7:145000000-150000000
ForkPoolWorker-7,  processing 7 (15041.0 per sec) reads @ chr4:170000000-175000000
ForkPoolWorker-7 countReadsInRegions_worker: processing 5000000 (12106821.0 per sec) @ chr4:170000000-175000000
ForkPoolWorker-7,  processing 0 (0.0 per sec) reads @ chrUn_KI270330v1:0-1652
ForkPoolWorker-7 countReadsInRegions_worker: processing 1652 (443398.6 per sec) @ chrUn_KI270330v1:0-1652
ForkPoolWorker-7,  processing 19 (34663.7 per sec) reads @ chr2:95000000-100000000
ForkPoolWorker-7 countReadsInRegions_worker: processing 5000000 (12279557.8 per sec) @ chr2:95000000-100000000
ForkPoolWorker-7,  processing 6 (14258.3 per sec) reads @ chr8:65000000-70000000
ForkPoolWorker-7 countReadsInRegions_worker: processing 5000000 (12329704.3 per sec) @ chr8:65000000-70000000
ForkPoolWorker-7,  processing 17 (29067.7 per sec) reads @ chr3:30000000-35000000
ForkPoolWorker-7 countReadsInRegions_worker: processing 5000000 (12266765.6 per sec) @ chr3:30000000-35000000
ForkPoolWorker-7,  processing 32 (46075.4 per sec) reads @ chr2:25000000-30000000
ForkPoolWorker-7 countReadsInRegions_worker: processing 5000000 (12286572.2 per sec) @ chr2:25000000-30000000
ForkPoolWorker-7,  processing 0 (0.0 per sec) reads @ chr22:5000000-10000000
ForkPoolWorker-7 countReadsInRegions_worker: processing 5000000 (12264742.5 per sec) @ chr22:5000000-10000000
ForkPoolWorker-13,  processing 14 (1672.4 per sec) reads @ chr11:55000000-60000000
ForkPoolWorker-13 countReadsInRegions_worker: processing 5000000 (10542552.7 per sec) @ chr11:55000000-60000000
ForkPoolWorker-13,  processing 8 (16955.2 per sec) reads @ chr1:190000000-195000000
ForkPoolWorker-13 countReadsInRegions_worker: processing 5000000 (11499662.2 per sec) @ chr1:190000000-195000000
ForkPoolWorker-13,  processing 14 (25653.2 per sec) reads @ chr11:5000000-10000000
ForkPoolWorker-13 countReadsInRegions_worker: processing 5000000 (11629652.6 per sec) @ chr11:5000000-10000000
ForkPoolWorker-13,  processing 28 (46200.0 per sec) reads @ chr14:25000000-30000000
ForkPoolWorker-13 countReadsInRegions_worker: processing 5000000 (11675752.7 per sec) @ chr14:25000000-30000000
ForkPoolWorker-13,  processing 20 (36970.5 per sec) reads @ chr1:5000000-10000000
ForkPoolWorker-13 countReadsInRegions_worker: processing 5000000 (11819122.5 per sec) @ chr1:5000000-10000000
ForkPoolWorker-13,  processing 9 (18549.7 per sec) reads @ chr19:20000000-25000000
ForkPoolWorker-13 countReadsInRegions_worker: processing 5000000 (11356539.7 per sec) @ chr19:20000000-25000000
ForkPoolWorker-13,  processing 0 (0.0 per sec) reads @ chrUn_KI270388v1:0-1216
ForkPoolWorker-13 countReadsInRegions_worker: processing 1216 (355915.8 per sec) @ chrUn_KI270388v1:0-1216
ForkPoolWorker-13,  processing 3 (8461.9 per sec) reads @ chr5:180000000-181538259
ForkPoolWorker-13 countReadsInRegions_worker: processing 1538259 (11431072.4 per sec) @ chr5:180000000-181538259
ForkPoolWorker-13,  processing 0 (0.0 per sec) reads @ chrY:15000000-20000000
ForkPoolWorker-13 countReadsInRegions_worker: processing 5000000 (11753465.3 per sec) @ chrY:15000000-20000000
ForkPoolWorker-13,  processing 14 (25464.1 per sec) reads @ chrX:35000000-40000000
ForkPoolWorker-13 countReadsInRegions_worker: processing 5000000 (11768912.8 per sec) @ chrX:35000000-40000000
ForkPoolWorker-13,  processing 15 (25450.9 per sec) reads @ chr10:70000000-75000000
ForkPoolWorker-13 countReadsInRegions_worker: processing 5000000 (11784632.8 per sec) @ chr10:70000000-75000000
ForkPoolWorker-13,  processing 9 (18360.3 per sec) reads @ chr4:60000000-65000000
ForkPoolWorker-13 countReadsInRegions_worker: processing 5000000 (11801742.8 per sec) @ chr4:60000000-65000000
ForkPoolWorker-13,  processing 4 (9709.0 per sec) reads @ chr18:70000000-75000000
ForkPoolWorker-13 countReadsInRegions_worker: processing 5000000 (11782355.2 per sec) @ chr18:70000000-75000000
ForkPoolWorker-13,  processing 25 (38807.4 per sec) reads @ chr21:45000000-46709983
ForkPoolWorker-13 countReadsInRegions_worker: processing 1709983 (11639818.7 per sec) @ chr21:45000000-46709983
ForkPoolWorker-13,  processing 9 (18280.3 per sec) reads @ chrX:135000000-140000000
ForkPoolWorker-13 countReadsInRegions_worker: processing 5000000 (11742047.5 per sec) @ chrX:135000000-140000000
ForkPoolWorker-38,  processing 35 (32746.1 per sec) reads @ chr12:75000000-80000000
ForkPoolWorker-38 countReadsInRegions_worker: processing 5000000 (11071930.1 per sec) @ chr12:75000000-80000000
ForkPoolWorker-38,  processing 22 (33862.3 per sec) reads @ chr7:70000000-75000000
ForkPoolWorker-38 countReadsInRegions_worker: processing 5000000 (11489525.1 per sec) @ chr7:70000000-75000000
ForkPoolWorker-38,  processing 27 (43927.9 per sec) reads @ chr14:20000000-25000000
ForkPoolWorker-38 countReadsInRegions_worker: processing 5000000 (11548200.2 per sec) @ chr14:20000000-25000000
ForkPoolWorker-38,  processing 0 (0.0 per sec) reads @ chr14_KI270723v1_random:0-38115
ForkPoolWorker-38 countReadsInRegions_worker: processing 38115 (6116927.4 per sec) @ chr14_KI270723v1_random:0-38115
ForkPoolWorker-38,  processing 0 (0.0 per sec) reads @ chr22_KI270731v1_random:0-150754
ForkPoolWorker-38 countReadsInRegions_worker: processing 150754 (9766130.3 per sec) @ chr22_KI270731v1_random:0-150754
ForkPoolWorker-38,  processing 14 (25799.8 per sec) reads @ chr7:105000000-110000000
ForkPoolWorker-38 countReadsInRegions_worker: processing 5000000 (12016988.7 per sec) @ chr7:105000000-110000000
ForkPoolWorker-38,  processing 7 (15110.7 per sec) reads @ chr1:115000000-120000000
ForkPoolWorker-38 countReadsInRegions_worker: processing 5000000 (12014765.0 per sec) @ chr1:115000000-120000000
ForkPoolWorker-38,  processing 24 (40184.9 per sec) reads @ chr20:30000000-35000000
ForkPoolWorker-38 countReadsInRegions_worker: processing 5000000 (11949856.4 per sec) @ chr20:30000000-35000000
ForkPoolWorker-38,  processing 9 (20015.2 per sec) reads @ chr6:120000000-125000000
ForkPoolWorker-38 countReadsInRegions_worker: processing 5000000 (11872840.2 per sec) @ chr6:120000000-125000000
ForkPoolWorker-38,  processing 11 (23431.9 per sec) reads @ chr4:10000000-15000000
ForkPoolWorker-38 countReadsInRegions_worker: processing 5000000 (11966999.3 per sec) @ chr4:10000000-15000000
ForkPoolWorker-38,  processing 20 (29715.2 per sec) reads @ chr21:30000000-35000000
ForkPoolWorker-38 countReadsInRegions_worker: processing 5000000 (12084183.3 per sec) @ chr21:30000000-35000000
ForkPoolWorker-38,  processing 21 (38080.6 per sec) reads @ chr6:40000000-45000000
ForkPoolWorker-38 countReadsInRegions_worker: processing 5000000 (12083048.4 per sec) @ chr6:40000000-45000000
ForkPoolWorker-38,  processing 12 (25228.9 per sec) reads @ chr3:55000000-60000000
ForkPoolWorker-38 countReadsInRegions_worker: processing 5000000 (12025505.8 per sec) @ chr3:55000000-60000000
ForkPoolWorker-38,  processing 10 (22333.9 per sec) reads @ chr15:45000000-50000000
ForkPoolWorker-38 countReadsInRegions_worker: processing 5000000 (12137385.0 per sec) @ chr15:45000000-50000000
ForkPoolWorker-38,  processing 22 (32241.3 per sec) reads @ chr1:165000000-170000000
ForkPoolWorker-38 countReadsInRegions_worker: processing 5000000 (12129382.3 per sec) @ chr1:165000000-170000000
ForkPoolWorker-24,  processing 8 (5882.6 per sec) reads @ chr4:90000000-95000000
ForkPoolWorker-24 countReadsInRegions_worker: processing 5000000 (10806569.2 per sec) @ chr4:90000000-95000000
ForkPoolWorker-24,  processing 37 (52094.4 per sec) reads @ chr15:80000000-85000000
ForkPoolWorker-24 countReadsInRegions_worker: processing 5000000 (11297356.4 per sec) @ chr15:80000000-85000000
ForkPoolWorker-24,  processing 9 (19298.9 per sec) reads @ chr9:105000000-110000000
ForkPoolWorker-24 countReadsInRegions_worker: processing 5000000 (11578773.0 per sec) @ chr9:105000000-110000000
ForkPoolWorker-24,  processing 18 (36349.3 per sec) reads @ chr12:110000000-115000000
ForkPoolWorker-24 countReadsInRegions_worker: processing 5000000 (11674381.3 per sec) @ chr12:110000000-115000000
ForkPoolWorker-24,  processing 0 (0.0 per sec) reads @ chrUn_GL000219v1:0-179198
ForkPoolWorker-24 countReadsInRegions_worker: processing 179198 (9579298.1 per sec) @ chrUn_GL000219v1:0-179198
ForkPoolWorker-24,  processing 10 (22192.1 per sec) reads @ chr16:45000000-50000000
ForkPoolWorker-24 countReadsInRegions_worker: processing 5000000 (12023437.4 per sec) @ chr16:45000000-50000000
ForkPoolWorker-24,  processing 9 (20089.8 per sec) reads @ chrX:85000000-90000000
ForkPoolWorker-24 countReadsInRegions_worker: processing 5000000 (11915000.0 per sec) @ chrX:85000000-90000000
ForkPoolWorker-24,  processing 13 (26392.0 per sec) reads @ chr4:35000000-40000000
ForkPoolWorker-24 countReadsInRegions_worker: processing 5000000 (11922166.5 per sec) @ chr4:35000000-40000000
ForkPoolWorker-24,  processing 11 (23503.5 per sec) reads @ chr2:160000000-165000000
ForkPoolWorker-24 countReadsInRegions_worker: processing 5000000 (11799511.7 per sec) @ chr2:160000000-165000000
ForkPoolWorker-24,  processing 12 (25420.0 per sec) reads @ chr5:110000000-115000000
ForkPoolWorker-24 countReadsInRegions_worker: processing 5000000 (11863034.6 per sec) @ chr5:110000000-115000000
ForkPoolWorker-24,  processing 0 (0.0 per sec) reads @ chr9_KI270718v1_random:0-38054
ForkPoolWorker-24 countReadsInRegions_worker: processing 38054 (6502222.0 per sec) @ chr9_KI270718v1_random:0-38054
ForkPoolWorker-24,  processing 13 (27100.4 per sec) reads @ chr12:5000000-10000000
ForkPoolWorker-24 countReadsInRegions_worker: processing 5000000 (11826360.8 per sec) @ chr12:5000000-10000000
ForkPoolWorker-24,  processing 0 (0.0 per sec) reads @ chr9:50000000-55000000
ForkPoolWorker-24 countReadsInRegions_worker: processing 5000000 (11920011.5 per sec) @ chr9:50000000-55000000
ForkPoolWorker-24,  processing 0 (0.0 per sec) reads @ chr14:5000000-10000000
ForkPoolWorker-24 countReadsInRegions_worker: processing 5000000 (12158361.5 per sec) @ chr14:5000000-10000000
ForkPoolWorker-24,  processing 14 (27465.0 per sec) reads @ chr12:105000000-110000000
ForkPoolWorker-24 countReadsInRegions_worker: processing 5000000 (12132926.0 per sec) @ chr12:105000000-110000000
ForkPoolWorker-16,  processing 16 (17054.3 per sec) reads @ chr2:130000000-135000000
ForkPoolWorker-16 countReadsInRegions_worker: processing 5000000 (10580535.1 per sec) @ chr2:130000000-135000000
ForkPoolWorker-16,  processing 25 (41726.1 per sec) reads @ chr21:5000000-10000000
ForkPoolWorker-16 countReadsInRegions_worker: processing 5000000 (11291924.4 per sec) @ chr21:5000000-10000000
ForkPoolWorker-16,  processing 8 (18787.5 per sec) reads @ chr4:55000000-60000000
ForkPoolWorker-16 countReadsInRegions_worker: processing 5000000 (11589695.9 per sec) @ chr4:55000000-60000000
ForkPoolWorker-16,  processing 14 (27022.7 per sec) reads @ chr18:10000000-15000000
ForkPoolWorker-16 countReadsInRegions_worker: processing 5000000 (11732620.8 per sec) @ chr18:10000000-15000000
ForkPoolWorker-16,  processing 56 (74165.1 per sec) reads @ chr5:145000000-150000000
ForkPoolWorker-16 countReadsInRegions_worker: processing 5000000 (11886743.5 per sec) @ chr5:145000000-150000000
ForkPoolWorker-16,  processing 16 (30039.8 per sec) reads @ chr3:110000000-115000000
ForkPoolWorker-16 countReadsInRegions_worker: processing 5000000 (11912881.5 per sec) @ chr3:110000000-115000000
ForkPoolWorker-16,  processing 5 (12115.3 per sec) reads @ chr4:115000000-120000000
ForkPoolWorker-16 countReadsInRegions_worker: processing 5000000 (12043226.1 per sec) @ chr4:115000000-120000000
ForkPoolWorker-16,  processing 0 (0.0 per sec) reads @ chrUn_GL000213v1:0-164239
ForkPoolWorker-16 countReadsInRegions_worker: processing 164239 (9453516.5 per sec) @ chrUn_GL000213v1:0-164239
ForkPoolWorker-16,  processing 0 (0.0 per sec) reads @ chrUn_KI270756v1:0-79590
ForkPoolWorker-16 countReadsInRegions_worker: processing 79590 (8811060.7 per sec) @ chrUn_KI270756v1:0-79590
ForkPoolWorker-16,  processing 14 (30599.4 per sec) reads @ chr8:35000000-40000000
ForkPoolWorker-16 countReadsInRegions_worker: processing 5000000 (11919882.8 per sec) @ chr8:35000000-40000000
ForkPoolWorker-16,  processing 7 (16420.7 per sec) reads @ chr8:45000000-50000000
ForkPoolWorker-16 countReadsInRegions_worker: processing 5000000 (11200359.8 per sec) @ chr8:45000000-50000000
ForkPoolWorker-16,  processing 20 (31126.6 per sec) reads @ chr6:10000000-15000000
ForkPoolWorker-16 countReadsInRegions_worker: processing 5000000 (11803230.7 per sec) @ chr6:10000000-15000000
ForkPoolWorker-16,  processing 4 (9383.2 per sec) reads @ chr19:25000000-30000000
ForkPoolWorker-16 countReadsInRegions_worker: processing 5000000 (11936178.8 per sec) @ chr19:25000000-30000000
ForkPoolWorker-16,  processing 21 (35430.6 per sec) reads @ chr17:65000000-70000000
ForkPoolWorker-16 countReadsInRegions_worker: processing 5000000 (12105486.2 per sec) @ chr17:65000000-70000000
ForkPoolWorker-16,  processing 3 (8165.4 per sec) reads @ chrY:10000000-15000000
ForkPoolWorker-16 countReadsInRegions_worker: processing 5000000 (12156726.4 per sec) @ chrY:10000000-15000000
ForkPoolWorker-33,  processing 5 (4596.0 per sec) reads @ chr12:85000000-90000000
ForkPoolWorker-33 countReadsInRegions_worker: processing 5000000 (7955365.2 per sec) @ chr12:85000000-90000000
ForkPoolWorker-33,  processing 8 (8872.1 per sec) reads @ chr10:55000000-60000000
ForkPoolWorker-33 countReadsInRegions_worker: processing 5000000 (11964329.8 per sec) @ chr10:55000000-60000000
ForkPoolWorker-33,  processing 30 (43018.5 per sec) reads @ chr14:65000000-70000000
ForkPoolWorker-33 countReadsInRegions_worker: processing 5000000 (11878744.8 per sec) @ chr14:65000000-70000000
ForkPoolWorker-33,  processing 9 (19488.2 per sec) reads @ chr11:100000000-105000000
ForkPoolWorker-33 countReadsInRegions_worker: processing 5000000 (11517061.0 per sec) @ chr11:100000000-105000000
ForkPoolWorker-33,  processing 0 (0.0 per sec) reads @ chr4:190000000-190214555
ForkPoolWorker-33 countReadsInRegions_worker: processing 214555 (9825512.8 per sec) @ chr4:190000000-190214555
ForkPoolWorker-33,  processing 19 (27032.5 per sec) reads @ chrX:105000000-110000000
ForkPoolWorker-33 countReadsInRegions_worker: processing 5000000 (12035878.9 per sec) @ chrX:105000000-110000000
ForkPoolWorker-33,  processing 7 (14585.3 per sec) reads @ chrX:90000000-95000000
ForkPoolWorker-33 countReadsInRegions_worker: processing 5000000 (12108428.7 per sec) @ chrX:90000000-95000000
ForkPoolWorker-33,  processing 59 (58185.7 per sec) reads @ chr22:40000000-45000000
ForkPoolWorker-33 countReadsInRegions_worker: processing 5000000 (12033765.5 per sec) @ chr22:40000000-45000000
ForkPoolWorker-33,  processing 0 (0.0 per sec) reads @ chr18:15000000-20000000
ForkPoolWorker-33 countReadsInRegions_worker: processing 5000000 (12059563.1 per sec) @ chr18:15000000-20000000
ForkPoolWorker-33,  processing 17 (32858.6 per sec) reads @ chr4:25000000-30000000
ForkPoolWorker-33 countReadsInRegions_worker: processing 5000000 (11036102.9 per sec) @ chr4:25000000-30000000
ForkPoolWorker-33,  processing 35 (51203.6 per sec) reads @ chr2:60000000-65000000
ForkPoolWorker-33 countReadsInRegions_worker: processing 5000000 (12027443.8 per sec) @ chr2:60000000-65000000
ForkPoolWorker-33,  processing 11 (23575.5 per sec) reads @ chr8:115000000-120000000
ForkPoolWorker-33 countReadsInRegions_worker: processing 5000000 (11982678.1 per sec) @ chr8:115000000-120000000
ForkPoolWorker-33,  processing 45 (65309.2 per sec) reads @ chr1:0-5000000
ForkPoolWorker-33 countReadsInRegions_worker: processing 5000000 (12163389.4 per sec) @ chr1:0-5000000
ForkPoolWorker-33,  processing 0 (0.0 per sec) reads @ chr5_GL000208v1_random:0-92689
ForkPoolWorker-33 countReadsInRegions_worker: processing 92689 (9095214.4 per sec) @ chr5_GL000208v1_random:0-92689
ForkPoolWorker-33,  processing 35 (52977.5 per sec) reads @ chr1:160000000-165000000
ForkPoolWorker-33 countReadsInRegions_worker: processing 5000000 (12047986.2 per sec) @ chr1:160000000-165000000
ForkPoolWorker-19,  processing 6 (3218.5 per sec) reads @ chr12:15000000-20000000
ForkPoolWorker-19 countReadsInRegions_worker: processing 5000000 (10148465.6 per sec) @ chr12:15000000-20000000
ForkPoolWorker-19,  processing 1 (2559.1 per sec) reads @ chr14_GL000225v1_random:0-211173
ForkPoolWorker-19 countReadsInRegions_worker: processing 211173 (9631934.0 per sec) @ chr14_GL000225v1_random:0-211173
ForkPoolWorker-19,  processing 11 (19818.4 per sec) reads @ chr16:50000000-55000000
ForkPoolWorker-19 countReadsInRegions_worker: processing 5000000 (12186310.9 per sec) @ chr16:50000000-55000000
ForkPoolWorker-19,  processing 1 (2809.3 per sec) reads @ chr10:40000000-45000000
ForkPoolWorker-19 countReadsInRegions_worker: processing 5000000 (11946316.7 per sec) @ chr10:40000000-45000000
ForkPoolWorker-19,  processing 5 (12328.9 per sec) reads @ chr4:130000000-135000000
ForkPoolWorker-19 countReadsInRegions_worker: processing 5000000 (12113898.2 per sec) @ chr4:130000000-135000000
ForkPoolWorker-19,  processing 30 (51275.1 per sec) reads @ chr16:5000000-10000000
ForkPoolWorker-19 countReadsInRegions_worker: processing 5000000 (11967736.8 per sec) @ chr16:5000000-10000000
ForkPoolWorker-19,  processing 7 (16902.8 per sec) reads @ chr7:50000000-55000000
ForkPoolWorker-19 countReadsInRegions_worker: processing 5000000 (11827461.3 per sec) @ chr7:50000000-55000000
ForkPoolWorker-19,  processing 10 (21642.4 per sec) reads @ chr15:90000000-95000000
ForkPoolWorker-19 countReadsInRegions_worker: processing 5000000 (11942432.2 per sec) @ chr15:90000000-95000000
ForkPoolWorker-19,  processing 14 (30425.0 per sec) reads @ chr5:85000000-90000000
ForkPoolWorker-19 countReadsInRegions_worker: processing 5000000 (11841472.4 per sec) @ chr5:85000000-90000000
ForkPoolWorker-19,  processing 30 (49617.2 per sec) reads @ chr6:155000000-160000000
ForkPoolWorker-19 countReadsInRegions_worker: processing 5000000 (12000313.6 per sec) @ chr6:155000000-160000000
ForkPoolWorker-19,  processing 7 (16485.2 per sec) reads @ chr10:45000000-50000000
ForkPoolWorker-19 countReadsInRegions_worker: processing 5000000 (12070849.7 per sec) @ chr10:45000000-50000000
ForkPoolWorker-19,  processing 0 (0.0 per sec) reads @ chrUn_KI270435v1:0-92983
ForkPoolWorker-19 countReadsInRegions_worker: processing 92983 (9031098.8 per sec) @ chrUn_KI270435v1:0-92983
ForkPoolWorker-19,  processing 0 (0.0 per sec) reads @ chrUn_KI270315v1:0-2276
ForkPoolWorker-19 countReadsInRegions_worker: processing 2276 (672270.1 per sec) @ chrUn_KI270315v1:0-2276
ForkPoolWorker-19,  processing 16 (31227.9 per sec) reads @ chr11:45000000-50000000
ForkPoolWorker-19 countReadsInRegions_worker: processing 5000000 (11845070.7 per sec) @ chr11:45000000-50000000
ForkPoolWorker-19,  processing 0 (0.0 per sec) reads @ chr14_KI270724v1_random:0-39555
ForkPoolWorker-19 countReadsInRegions_worker: processing 39555 (6928036.7 per sec) @ chr14_KI270724v1_random:0-39555
ForkPoolWorker-19,  processing 67 (79271.8 per sec) reads @ chr9:130000000-135000000
ForkPoolWorker-19 countReadsInRegions_worker: processing 5000000 (12107554.9 per sec) @ chr9:130000000-135000000
ForkPoolWorker-19,  processing 18 (36756.3 per sec) reads @ chr6:90000000-95000000
ForkPoolWorker-19 countReadsInRegions_worker: processing 5000000 (12152408.1 per sec) @ chr6:90000000-95000000
ForkPoolWorker-17,  processing 12 (4100.7 per sec) reads @ chr4:105000000-110000000
ForkPoolWorker-17 countReadsInRegions_worker: processing 5000000 (10500481.7 per sec) @ chr4:105000000-110000000
ForkPoolWorker-17,  processing 37 (56085.7 per sec) reads @ chr1:200000000-205000000
ForkPoolWorker-17 countReadsInRegions_worker: processing 5000000 (11218106.0 per sec) @ chr1:200000000-205000000
ForkPoolWorker-17,  processing 6 (16288.6 per sec) reads @ chr17:20000000-25000000
ForkPoolWorker-17 countReadsInRegions_worker: processing 5000000 (11604869.8 per sec) @ chr17:20000000-25000000
ForkPoolWorker-17,  processing 12 (26269.1 per sec) reads @ chr1:70000000-75000000
ForkPoolWorker-17 countReadsInRegions_worker: processing 5000000 (11709169.1 per sec) @ chr1:70000000-75000000
ForkPoolWorker-17,  processing 11 (22772.6 per sec) reads @ chr10:30000000-35000000
ForkPoolWorker-17 countReadsInRegions_worker: processing 5000000 (11818416.5 per sec) @ chr10:30000000-35000000
ForkPoolWorker-17,  processing 21 (35660.1 per sec) reads @ chrX:130000000-135000000
ForkPoolWorker-17 countReadsInRegions_worker: processing 5000000 (11712752.9 per sec) @ chrX:130000000-135000000
ForkPoolWorker-17,  processing 34 (47678.5 per sec) reads @ chr16:85000000-90000000
ForkPoolWorker-17 countReadsInRegions_worker: processing 5000000 (11988994.0 per sec) @ chr16:85000000-90000000
ForkPoolWorker-17,  processing 0 (0.0 per sec) reads @ chrUn_KI270372v1:0-1650
ForkPoolWorker-17 countReadsInRegions_worker: processing 1650 (474176.2 per sec) @ chrUn_KI270372v1:0-1650
ForkPoolWorker-17,  processing 16 (31775.0 per sec) reads @ chr7:35000000-40000000
ForkPoolWorker-17 countReadsInRegions_worker: processing 5000000 (12036680.2 per sec) @ chr7:35000000-40000000
ForkPoolWorker-17,  processing 0 (0.0 per sec) reads @ chrUn_KI270419v1:0-1029
ForkPoolWorker-17 countReadsInRegions_worker: processing 1029 (289952.2 per sec) @ chrUn_KI270419v1:0-1029
ForkPoolWorker-17,  processing 0 (0.0 per sec) reads @ chr15:5000000-10000000
ForkPoolWorker-17 countReadsInRegions_worker: processing 5000000 (12142458.9 per sec) @ chr15:5000000-10000000
ForkPoolWorker-17,  processing 0 (0.0 per sec) reads @ chrUn_KI270744v1:0-168472
ForkPoolWorker-17 countReadsInRegions_worker: processing 168472 (9617579.3 per sec) @ chrUn_KI270744v1:0-168472
ForkPoolWorker-17,  processing 19 (37840.3 per sec) reads @ chr14:35000000-40000000
ForkPoolWorker-17 countReadsInRegions_worker: processing 5000000 (11860874.2 per sec) @ chr14:35000000-40000000
ForkPoolWorker-17,  processing 0 (0.0 per sec) reads @ chrY:55000000-57227415
ForkPoolWorker-17 countReadsInRegions_worker: processing 2227415 (12002867.1 per sec) @ chrY:55000000-57227415
ForkPoolWorker-17,  processing 0 (0.0 per sec) reads @ chrUn_KI270383v1:0-1750
ForkPoolWorker-17 countReadsInRegions_worker: processing 1750 (466241.0 per sec) @ chrUn_KI270383v1:0-1750
ForkPoolWorker-17,  processing 40 (59641.7 per sec) reads @ chr8:140000000-145000000
ForkPoolWorker-17 countReadsInRegions_worker: processing 5000000 (12268301.2 per sec) @ chr8:140000000-145000000
ForkPoolWorker-17,  processing 67 (71053.9 per sec) reads @ chr9:35000000-40000000
ForkPoolWorker-17 countReadsInRegions_worker: processing 5000000 (12371082.0 per sec) @ chr9:35000000-40000000
ForkPoolWorker-17,  processing 0 (0.0 per sec) reads @ chr11_KI270721v1_random:0-100316
ForkPoolWorker-17 countReadsInRegions_worker: processing 100316 (9400263.6 per sec) @ chr11_KI270721v1_random:0-100316
ForkPoolWorker-17,  processing 6 (14250.2 per sec) reads @ chr14:80000000-85000000
ForkPoolWorker-17 countReadsInRegions_worker: processing 5000000 (12210186.3 per sec) @ chr14:80000000-85000000
ForkPoolWorker-17,  processing 0 (0.0 per sec) reads @ chrUn_KI270389v1:0-1298
ForkPoolWorker-17 countReadsInRegions_worker: processing 1298 (342424.5 per sec) @ chrUn_KI270389v1:0-1298
ForkPoolWorker-28,  processing 14 (9446.6 per sec) reads @ chr6:150000000-155000000
ForkPoolWorker-28 countReadsInRegions_worker: processing 5000000 (8305608.4 per sec) @ chr6:150000000-155000000
ForkPoolWorker-28,  processing 17 (21872.1 per sec) reads @ chr16:10000000-15000000
ForkPoolWorker-28 countReadsInRegions_worker: processing 5000000 (11866988.5 per sec) @ chr16:10000000-15000000
ForkPoolWorker-28,  processing 14 (26426.8 per sec) reads @ chr3:165000000-170000000
ForkPoolWorker-28 countReadsInRegions_worker: processing 5000000 (11657074.5 per sec) @ chr3:165000000-170000000
ForkPoolWorker-28,  processing 15 (26738.0 per sec) reads @ chr6:130000000-135000000
ForkPoolWorker-28 countReadsInRegions_worker: processing 5000000 (11227409.0 per sec) @ chr6:130000000-135000000
ForkPoolWorker-28,  processing 32 (52593.2 per sec) reads @ chr3:185000000-190000000
ForkPoolWorker-28 countReadsInRegions_worker: processing 5000000 (11690305.7 per sec) @ chr3:185000000-190000000
ForkPoolWorker-28,  processing 28 (48230.2 per sec) reads @ chr11:90000000-95000000
ForkPoolWorker-28 countReadsInRegions_worker: processing 5000000 (11655085.6 per sec) @ chr11:90000000-95000000
ForkPoolWorker-28,  processing 19 (34891.3 per sec) reads @ chr5:105000000-110000000
ForkPoolWorker-28 countReadsInRegions_worker: processing 5000000 (11812352.1 per sec) @ chr5:105000000-110000000
ForkPoolWorker-28,  processing 0 (0.0 per sec) reads @ chr9:60000000-65000000
ForkPoolWorker-28 countReadsInRegions_worker: processing 5000000 (11925095.1 per sec) @ chr9:60000000-65000000
ForkPoolWorker-28,  processing 10 (22525.8 per sec) reads @ chr3:105000000-110000000
ForkPoolWorker-28 countReadsInRegions_worker: processing 5000000 (11116328.2 per sec) @ chr3:105000000-110000000
ForkPoolWorker-28,  processing 0 (0.0 per sec) reads @ chrUn_KI270390v1:0-2387
ForkPoolWorker-28 countReadsInRegions_worker: processing 2387 (684053.3 per sec) @ chrUn_KI270390v1:0-2387
ForkPoolWorker-28,  processing 0 (0.0 per sec) reads @ chr16:35000000-40000000
ForkPoolWorker-28 countReadsInRegions_worker: processing 5000000 (11984170.8 per sec) @ chr16:35000000-40000000
ForkPoolWorker-28,  processing 2 (5691.1 per sec) reads @ chr13:85000000-90000000
ForkPoolWorker-28 countReadsInRegions_worker: processing 5000000 (11993738.8 per sec) @ chr13:85000000-90000000
ForkPoolWorker-28,  processing 18 (37227.6 per sec) reads @ chr18:55000000-60000000
ForkPoolWorker-28 countReadsInRegions_worker: processing 5000000 (12121670.3 per sec) @ chr18:55000000-60000000
ForkPoolWorker-28,  processing 19 (35752.3 per sec) reads @ chr22:35000000-40000000
ForkPoolWorker-28 countReadsInRegions_worker: processing 5000000 (12143140.9 per sec) @ chr22:35000000-40000000
ForkPoolWorker-28,  processing 15 (31536.1 per sec) reads @ chr8:5000000-10000000
ForkPoolWorker-28 countReadsInRegions_worker: processing 5000000 (12152471.5 per sec) @ chr8:5000000-10000000
ForkPoolWorker-46,  processing 1 (247.9 per sec) reads @ chr5:45000000-50000000
ForkPoolWorker-46 countReadsInRegions_worker: processing 5000000 (5982262.2 per sec) @ chr5:45000000-50000000
ForkPoolWorker-46,  processing 30 (25075.6 per sec) reads @ chr9:125000000-130000000
ForkPoolWorker-46 countReadsInRegions_worker: processing 5000000 (11753998.8 per sec) @ chr9:125000000-130000000
ForkPoolWorker-46,  processing 12 (18850.8 per sec) reads @ chr12:40000000-45000000
ForkPoolWorker-46 countReadsInRegions_worker: processing 5000000 (11799379.0 per sec) @ chr12:40000000-45000000
ForkPoolWorker-46,  processing 0 (0.0 per sec) reads @ chrUn_GL000226v1:0-15008
ForkPoolWorker-46 countReadsInRegions_worker: processing 15008 (2890976.1 per sec) @ chrUn_GL000226v1:0-15008
ForkPoolWorker-46,  processing 10 (17447.2 per sec) reads @ chr10:25000000-30000000
ForkPoolWorker-46 countReadsInRegions_worker: processing 5000000 (11730671.7 per sec) @ chr10:25000000-30000000
ForkPoolWorker-46,  processing 11 (20943.0 per sec) reads @ chr5:150000000-155000000
ForkPoolWorker-46 countReadsInRegions_worker: processing 5000000 (11890915.4 per sec) @ chr5:150000000-155000000
ForkPoolWorker-46,  processing 16 (28617.9 per sec) reads @ chr14:95000000-100000000
ForkPoolWorker-46 countReadsInRegions_worker: processing 5000000 (11934188.6 per sec) @ chr14:95000000-100000000
ForkPoolWorker-46,  processing 0 (0.0 per sec) reads @ chr1_KI270712v1_random:0-176043
ForkPoolWorker-46 countReadsInRegions_worker: processing 176043 (9147850.0 per sec) @ chr1_KI270712v1_random:0-176043
ForkPoolWorker-46,  processing 12 (21363.2 per sec) reads @ chr10:85000000-90000000
ForkPoolWorker-46 countReadsInRegions_worker: processing 5000000 (12187692.0 per sec) @ chr10:85000000-90000000
ForkPoolWorker-46,  processing 0 (0.0 per sec) reads @ chrUn_KI270438v1:0-112505
ForkPoolWorker-46 countReadsInRegions_worker: processing 112505 (8843994.5 per sec) @ chrUn_KI270438v1:0-112505
ForkPoolWorker-46,  processing 19 (35864.9 per sec) reads @ chr11:40000000-45000000
ForkPoolWorker-46 countReadsInRegions_worker: processing 5000000 (12249225.9 per sec) @ chr11:40000000-45000000
ForkPoolWorker-46,  processing 22 (29785.2 per sec) reads @ chr2:235000000-240000000
ForkPoolWorker-46 countReadsInRegions_worker: processing 5000000 (12152049.0 per sec) @ chr2:235000000-240000000
ForkPoolWorker-46,  processing 15 (25015.7 per sec) reads @ chr4:145000000-150000000
ForkPoolWorker-46 countReadsInRegions_worker: processing 5000000 (12041103.3 per sec) @ chr4:145000000-150000000
ForkPoolWorker-46,  processing 8 (15245.1 per sec) reads @ chr5:95000000-100000000
ForkPoolWorker-46 countReadsInRegions_worker: processing 5000000 (12055646.3 per sec) @ chr5:95000000-100000000
ForkPoolWorker-46,  processing 38 (59360.7 per sec) reads @ chr8:95000000-100000000
ForkPoolWorker-46 countReadsInRegions_worker: processing 5000000 (12168040.2 per sec) @ chr8:95000000-100000000
ForkPoolWorker-1,  processing 0 (0.0 per sec) reads @ chrUn_KI270381v1:0-1930
ForkPoolWorker-1 countReadsInRegions_worker: processing 1930 (198207.8 per sec) @ chrUn_KI270381v1:0-1930
ForkPoolWorker-1,  processing 19 (3302.1 per sec) reads @ chr14:45000000-50000000
ForkPoolWorker-1 countReadsInRegions_worker: processing 5000000 (9285095.1 per sec) @ chr14:45000000-50000000
ForkPoolWorker-1,  processing 15 (20825.7 per sec) reads @ chr4:135000000-140000000
ForkPoolWorker-1 countReadsInRegions_worker: processing 5000000 (11822367.3 per sec) @ chr4:135000000-140000000
ForkPoolWorker-1,  processing 18 (29048.7 per sec) reads @ chr21:40000000-45000000
ForkPoolWorker-1 countReadsInRegions_worker: processing 5000000 (11972553.6 per sec) @ chr21:40000000-45000000
ForkPoolWorker-1,  processing 28 (38874.7 per sec) reads @ chr22:25000000-30000000
ForkPoolWorker-1 countReadsInRegions_worker: processing 5000000 (11845766.5 per sec) @ chr22:25000000-30000000
ForkPoolWorker-1,  processing 3 (7467.6 per sec) reads @ chr6:100000000-105000000
ForkPoolWorker-1 countReadsInRegions_worker: processing 5000000 (11963920.3 per sec) @ chr6:100000000-105000000
ForkPoolWorker-1,  processing 49 (66901.3 per sec) reads @ chr7:135000000-140000000
ForkPoolWorker-1 countReadsInRegions_worker: processing 5000000 (11939610.6 per sec) @ chr7:135000000-140000000
ForkPoolWorker-1,  processing 6 (14691.1 per sec) reads @ chr1:120000000-125000000
ForkPoolWorker-1 countReadsInRegions_worker: processing 5000000 (11783235.6 per sec) @ chr1:120000000-125000000
ForkPoolWorker-1,  processing 52 (63365.4 per sec) reads @ chr1:225000000-230000000
ForkPoolWorker-1 countReadsInRegions_worker: processing 5000000 (12118826.4 per sec) @ chr1:225000000-230000000
ForkPoolWorker-1,  processing 0 (0.0 per sec) reads @ chr1_KI270706v1_random:0-175055
ForkPoolWorker-1 countReadsInRegions_worker: processing 175055 (9354251.2 per sec) @ chr1_KI270706v1_random:0-175055
ForkPoolWorker-1,  processing 9 (18568.0 per sec) reads @ chr4:50000000-55000000
ForkPoolWorker-1 countReadsInRegions_worker: processing 5000000 (11237329.4 per sec) @ chr4:50000000-55000000
ForkPoolWorker-1,  processing 23 (37742.2 per sec) reads @ chr11:10000000-15000000
ForkPoolWorker-1 countReadsInRegions_worker: processing 5000000 (12008676.3 per sec) @ chr11:10000000-15000000
ForkPoolWorker-1,  processing 9 (17379.7 per sec) reads @ chr2:105000000-110000000
ForkPoolWorker-1 countReadsInRegions_worker: processing 5000000 (12036003.2 per sec) @ chr2:105000000-110000000
ForkPoolWorker-1,  processing 54 (67488.8 per sec) reads @ chr14:100000000-105000000
ForkPoolWorker-1 countReadsInRegions_worker: processing 5000000 (12112205.1 per sec) @ chr14:100000000-105000000
ForkPoolWorker-1,  processing 30 (43751.4 per sec) reads @ chr9:90000000-95000000
ForkPoolWorker-1 countReadsInRegions_worker: processing 5000000 (12117047.9 per sec) @ chr9:90000000-95000000
ForkPoolWorker-4,  processing 5 (645.0 per sec) reads @ chr18:0-5000000
ForkPoolWorker-4 countReadsInRegions_worker: processing 5000000 (10132500.5 per sec) @ chr18:0-5000000
ForkPoolWorker-4,  processing 114 (75981.4 per sec) reads @ chr8:100000000-105000000
ForkPoolWorker-4 countReadsInRegions_worker: processing 5000000 (11642067.6 per sec) @ chr8:100000000-105000000
ForkPoolWorker-4,  processing 1 (2597.1 per sec) reads @ chr22:10000000-15000000
ForkPoolWorker-4 countReadsInRegions_worker: processing 5000000 (12018083.7 per sec) @ chr22:10000000-15000000
ForkPoolWorker-4,  processing 6 (12495.4 per sec) reads @ chr7:80000000-85000000
ForkPoolWorker-4 countReadsInRegions_worker: processing 5000000 (11973086.8 per sec) @ chr7:80000000-85000000
ForkPoolWorker-4,  processing 10 (22513.7 per sec) reads @ chr2:15000000-20000000
ForkPoolWorker-4 countReadsInRegions_worker: processing 5000000 (11823620.4 per sec) @ chr2:15000000-20000000
ForkPoolWorker-4,  processing 0 (0.0 per sec) reads @ chrY:45000000-50000000
ForkPoolWorker-4 countReadsInRegions_worker: processing 5000000 (11878314.2 per sec) @ chrY:45000000-50000000
ForkPoolWorker-4,  processing 52 (60753.1 per sec) reads @ chr16:0-5000000
ForkPoolWorker-4 countReadsInRegions_worker: processing 5000000 (12088174.4 per sec) @ chr16:0-5000000
ForkPoolWorker-4,  processing 5 (12249.7 per sec) reads @ chr4:100000000-105000000
ForkPoolWorker-4 countReadsInRegions_worker: processing 5000000 (11981240.5 per sec) @ chr4:100000000-105000000
ForkPoolWorker-4,  processing 16 (31169.9 per sec) reads @ chr3:65000000-70000000
ForkPoolWorker-4 countReadsInRegions_worker: processing 5000000 (10996803.4 per sec) @ chr3:65000000-70000000
ForkPoolWorker-4,  processing 0 (0.0 per sec) reads @ chrUn_KI270544v1:0-1202
ForkPoolWorker-4 countReadsInRegions_worker: processing 1202 (339635.8 per sec) @ chrUn_KI270544v1:0-1202
ForkPoolWorker-4,  processing 72 (88768.3 per sec) reads @ chr1:25000000-30000000
ForkPoolWorker-4 countReadsInRegions_worker: processing 5000000 (11969929.5 per sec) @ chr1:25000000-30000000
ForkPoolWorker-4,  processing 56 (71566.4 per sec) reads @ chr17:40000000-45000000
ForkPoolWorker-4 countReadsInRegions_worker: processing 5000000 (11986801.2 per sec) @ chr17:40000000-45000000
ForkPoolWorker-4,  processing 0 (0.0 per sec) reads @ chr2:190000000-195000000
ForkPoolWorker-4 countReadsInRegions_worker: processing 5000000 (12168329.7 per sec) @ chr2:190000000-195000000
ForkPoolWorker-4,  processing 15 (25075.6 per sec) reads @ chr16:70000000-75000000
ForkPoolWorker-4 countReadsInRegions_worker: processing 5000000 (12223950.8 per sec) @ chr16:70000000-75000000
ForkPoolWorker-4,  processing 5 (12164.5 per sec) reads @ chr11:85000000-90000000
ForkPoolWorker-4 countReadsInRegions_worker: processing 5000000 (12145982.2 per sec) @ chr11:85000000-90000000
ForkPoolWorker-18,  processing 1 (217.7 per sec) reads @ chr9:65000000-70000000
ForkPoolWorker-18 countReadsInRegions_worker: processing 5000000 (10150396.0 per sec) @ chr9:65000000-70000000
ForkPoolWorker-18,  processing 29 (29551.7 per sec) reads @ chr3:130000000-135000000
ForkPoolWorker-18 countReadsInRegions_worker: processing 5000000 (11267190.4 per sec) @ chr3:130000000-135000000
ForkPoolWorker-18,  processing 15 (30291.1 per sec) reads @ chr2:220000000-225000000
ForkPoolWorker-18 countReadsInRegions_worker: processing 5000000 (11107984.9 per sec) @ chr2:220000000-225000000
ForkPoolWorker-18,  processing 10 (17210.9 per sec) reads @ chr20:0-5000000
ForkPoolWorker-18 countReadsInRegions_worker: processing 5000000 (11147770.3 per sec) @ chr20:0-5000000
ForkPoolWorker-18,  processing 15 (29262.6 per sec) reads @ chr6:160000000-165000000
ForkPoolWorker-18 countReadsInRegions_worker: processing 5000000 (11481637.0 per sec) @ chr6:160000000-165000000
ForkPoolWorker-18,  processing 0 (0.0 per sec) reads @ chrY:20000000-25000000
ForkPoolWorker-18 countReadsInRegions_worker: processing 5000000 (11496214.0 per sec) @ chrY:20000000-25000000
ForkPoolWorker-18,  processing 12 (25292.3 per sec) reads @ chr8:130000000-135000000
ForkPoolWorker-18 countReadsInRegions_worker: processing 5000000 (11647557.2 per sec) @ chr8:130000000-135000000
ForkPoolWorker-18,  processing 23 (42052.7 per sec) reads @ chr15:60000000-65000000
ForkPoolWorker-18 countReadsInRegions_worker: processing 5000000 (11856776.9 per sec) @ chr15:60000000-65000000
ForkPoolWorker-18,  processing 25 (44620.3 per sec) reads @ chr5:115000000-120000000
ForkPoolWorker-18 countReadsInRegions_worker: processing 5000000 (11073596.3 per sec) @ chr5:115000000-120000000
ForkPoolWorker-18,  processing 10 (21301.7 per sec) reads @ chr2:140000000-145000000
ForkPoolWorker-18 countReadsInRegions_worker: processing 5000000 (11944527.2 per sec) @ chr2:140000000-145000000
ForkPoolWorker-18,  processing 35 (52579.0 per sec) reads @ chr9:75000000-80000000
ForkPoolWorker-18 countReadsInRegions_worker: processing 5000000 (11948501.5 per sec) @ chr9:75000000-80000000
ForkPoolWorker-18,  processing 11 (22840.3 per sec) reads @ chr2:165000000-170000000
ForkPoolWorker-18 countReadsInRegions_worker: processing 5000000 (12084308.6 per sec) @ chr2:165000000-170000000
ForkPoolWorker-18,  processing 18 (33346.9 per sec) reads @ chr9:110000000-115000000
ForkPoolWorker-18 countReadsInRegions_worker: processing 5000000 (12039831.3 per sec) @ chr9:110000000-115000000
ForkPoolWorker-18,  processing 0 (0.0 per sec) reads @ chr6:170000000-170805979
ForkPoolWorker-18 countReadsInRegions_worker: processing 805979 (11622342.2 per sec) @ chr6:170000000-170805979
ForkPoolWorker-18,  processing 56 (67166.4 per sec) reads @ chr6:25000000-30000000
ForkPoolWorker-18 countReadsInRegions_worker: processing 5000000 (12167990.8 per sec) @ chr6:25000000-30000000
ForkPoolWorker-37,  processing 10 (12175.0 per sec) reads @ chrX:75000000-80000000
ForkPoolWorker-37 countReadsInRegions_worker: processing 5000000 (9845067.6 per sec) @ chrX:75000000-80000000
ForkPoolWorker-37,  processing 7 (11033.5 per sec) reads @ chr3:115000000-120000000
ForkPoolWorker-37 countReadsInRegions_worker: processing 5000000 (11339585.4 per sec) @ chr3:115000000-120000000
ForkPoolWorker-37,  processing 17 (30174.8 per sec) reads @ chr9:95000000-100000000
ForkPoolWorker-37 countReadsInRegions_worker: processing 5000000 (11138220.2 per sec) @ chr9:95000000-100000000
ForkPoolWorker-37,  processing 8 (17412.8 per sec) reads @ chrX:145000000-150000000
ForkPoolWorker-37 countReadsInRegions_worker: processing 5000000 (11025641.6 per sec) @ chrX:145000000-150000000
ForkPoolWorker-37,  processing 55 (70288.5 per sec) reads @ chr1:35000000-40000000
ForkPoolWorker-37 countReadsInRegions_worker: processing 5000000 (11602892.3 per sec) @ chr1:35000000-40000000
ForkPoolWorker-37,  processing 10 (21312.5 per sec) reads @ chr15:35000000-40000000
ForkPoolWorker-37 countReadsInRegions_worker: processing 5000000 (11565727.1 per sec) @ chr15:35000000-40000000
ForkPoolWorker-37,  processing 11 (22224.2 per sec) reads @ chr2:215000000-220000000
ForkPoolWorker-37 countReadsInRegions_worker: processing 5000000 (11744737.1 per sec) @ chr2:215000000-220000000
ForkPoolWorker-37,  processing 14 (28784.4 per sec) reads @ chr11:105000000-110000000
ForkPoolWorker-37 countReadsInRegions_worker: processing 5000000 (11870877.8 per sec) @ chr11:105000000-110000000
ForkPoolWorker-37,  processing 288 (136277.0 per sec) reads @ chr22_KI270733v1_random:0-179772
ForkPoolWorker-37 countReadsInRegions_worker: processing 179772 (8576090.1 per sec) @ chr22_KI270733v1_random:0-179772
ForkPoolWorker-37,  processing 0 (0.0 per sec) reads @ chr1:130000000-135000000
ForkPoolWorker-37 countReadsInRegions_worker: processing 5000000 (10942979.6 per sec) @ chr1:130000000-135000000
ForkPoolWorker-37,  processing 6 (13729.3 per sec) reads @ chr11:35000000-40000000
ForkPoolWorker-37 countReadsInRegions_worker: processing 5000000 (11969396.6 per sec) @ chr11:35000000-40000000
ForkPoolWorker-37,  processing 29 (45505.0 per sec) reads @ chr1:50000000-55000000
ForkPoolWorker-37 countReadsInRegions_worker: processing 5000000 (11984294.1 per sec) @ chr1:50000000-55000000
ForkPoolWorker-37,  processing 8 (18416.3 per sec) reads @ chr1:105000000-110000000
ForkPoolWorker-37 countReadsInRegions_worker: processing 5000000 (12119778.9 per sec) @ chr1:105000000-110000000
ForkPoolWorker-37,  processing 23 (33884.4 per sec) reads @ chr10:125000000-130000000
ForkPoolWorker-37 countReadsInRegions_worker: processing 5000000 (12076779.0 per sec) @ chr10:125000000-130000000
ForkPoolWorker-37,  processing 13 (27073.5 per sec) reads @ chr8:120000000-125000000
ForkPoolWorker-37 countReadsInRegions_worker: processing 5000000 (11929395.8 per sec) @ chr8:120000000-125000000
ForkPoolWorker-11,  processing 16 (2732.9 per sec) reads @ chrX:50000000-55000000
ForkPoolWorker-11 countReadsInRegions_worker: processing 5000000 (6071983.5 per sec) @ chrX:50000000-55000000
ForkPoolWorker-11,  processing 4 (7256.6 per sec) reads @ chr18:65000000-70000000
ForkPoolWorker-11 countReadsInRegions_worker: processing 5000000 (11842609.2 per sec) @ chr18:65000000-70000000
ForkPoolWorker-11,  processing 4 (8586.1 per sec) reads @ chr1:80000000-85000000
ForkPoolWorker-11 countReadsInRegions_worker: processing 5000000 (11563265.6 per sec) @ chr1:80000000-85000000
ForkPoolWorker-11,  processing 7 (13784.1 per sec) reads @ chr12:95000000-100000000
ForkPoolWorker-11 countReadsInRegions_worker: processing 5000000 (11747092.3 per sec) @ chr12:95000000-100000000
ForkPoolWorker-11,  processing 0 (0.0 per sec) reads @ chrUn_KI270510v1:0-2415
ForkPoolWorker-11 countReadsInRegions_worker: processing 2415 (596329.0 per sec) @ chrUn_KI270510v1:0-2415
ForkPoolWorker-11,  processing 18 (27443.6 per sec) reads @ chr1:15000000-20000000
ForkPoolWorker-11 countReadsInRegions_worker: processing 5000000 (11868513.0 per sec) @ chr1:15000000-20000000
ForkPoolWorker-11,  processing 6 (12885.7 per sec) reads @ chr5:155000000-160000000
ForkPoolWorker-11 countReadsInRegions_worker: processing 5000000 (11876222.2 per sec) @ chr5:155000000-160000000
ForkPoolWorker-11,  processing 8 (14729.8 per sec) reads @ chrX:115000000-120000000
ForkPoolWorker-11 countReadsInRegions_worker: processing 5000000 (11775573.9 per sec) @ chrX:115000000-120000000
ForkPoolWorker-11,  processing 1 (2349.8 per sec) reads @ chr13:105000000-110000000
ForkPoolWorker-11 countReadsInRegions_worker: processing 5000000 (11958994.5 per sec) @ chr13:105000000-110000000
ForkPoolWorker-11,  processing 18 (31404.9 per sec) reads @ chr18:30000000-35000000
ForkPoolWorker-11 countReadsInRegions_worker: processing 5000000 (11109632.5 per sec) @ chr18:30000000-35000000
ForkPoolWorker-11,  processing 77 (89686.6 per sec) reads @ chr8:70000000-75000000
ForkPoolWorker-11 countReadsInRegions_worker: processing 5000000 (12039250.7 per sec) @ chr8:70000000-75000000
ForkPoolWorker-11,  processing 9 (19084.3 per sec) reads @ chr3:90000000-95000000
ForkPoolWorker-11 countReadsInRegions_worker: processing 5000000 (12083173.7 per sec) @ chr3:90000000-95000000
ForkPoolWorker-11,  processing 10 (21799.9 per sec) reads @ chr4:30000000-35000000
ForkPoolWorker-11 countReadsInRegions_worker: processing 5000000 (12085861.6 per sec) @ chr4:30000000-35000000
ForkPoolWorker-11,  processing 27 (42799.0 per sec) reads @ chr20:35000000-40000000
ForkPoolWorker-11 countReadsInRegions_worker: processing 5000000 (12182283.0 per sec) @ chr20:35000000-40000000
ForkPoolWorker-11,  processing 17 (30303.1 per sec) reads @ chr1:60000000-65000000
ForkPoolWorker-11 countReadsInRegions_worker: processing 5000000 (12163297.7 per sec) @ chr1:60000000-65000000
ForkPoolWorker-3,  processing 13 (1731.7 per sec) reads @ chr9:25000000-30000000
ForkPoolWorker-3 countReadsInRegions_worker: processing 5000000 (10172127.9 per sec) @ chr9:25000000-30000000
ForkPoolWorker-3,  processing 28 (37330.1 per sec) reads @ chr16:30000000-35000000
ForkPoolWorker-3 countReadsInRegions_worker: processing 5000000 (11616086.5 per sec) @ chr16:30000000-35000000
ForkPoolWorker-3,  processing 17 (35509.5 per sec) reads @ chrX:5000000-10000000
ForkPoolWorker-3 countReadsInRegions_worker: processing 5000000 (11845907.0 per sec) @ chrX:5000000-10000000
ForkPoolWorker-3,  processing 17 (25168.8 per sec) reads @ chrX:65000000-70000000
ForkPoolWorker-3 countReadsInRegions_worker: processing 5000000 (11850519.1 per sec) @ chrX:65000000-70000000
ForkPoolWorker-3,  processing 0 (0.0 per sec) reads @ chr16:40000000-45000000
ForkPoolWorker-3 countReadsInRegions_worker: processing 5000000 (11999146.3 per sec) @ chr16:40000000-45000000
ForkPoolWorker-3,  processing 24 (40953.3 per sec) reads @ chr6:140000000-145000000
ForkPoolWorker-3 countReadsInRegions_worker: processing 5000000 (11827101.1 per sec) @ chr6:140000000-145000000
ForkPoolWorker-3,  processing 4 (10211.3 per sec) reads @ chr7:60000000-65000000
ForkPoolWorker-3 countReadsInRegions_worker: processing 5000000 (11935655.7 per sec) @ chr7:60000000-65000000
ForkPoolWorker-3,  processing 0 (0.0 per sec) reads @ chrY:40000000-45000000
ForkPoolWorker-3 countReadsInRegions_worker: processing 5000000 (11853345.7 per sec) @ chrY:40000000-45000000
ForkPoolWorker-3,  processing 8 (17322.9 per sec) reads @ chr18:40000000-45000000
ForkPoolWorker-3 countReadsInRegions_worker: processing 5000000 (12048069.3 per sec) @ chr18:40000000-45000000
ForkPoolWorker-3,  processing 7 (16961.4 per sec) reads @ chr14:40000000-45000000
ForkPoolWorker-3 countReadsInRegions_worker: processing 5000000 (11972369.1 per sec) @ chr14:40000000-45000000
ForkPoolWorker-3,  processing 16 (33222.2 per sec) reads @ chr1:180000000-185000000
ForkPoolWorker-3 countReadsInRegions_worker: processing 5000000 (11942561.4 per sec) @ chr1:180000000-185000000
ForkPoolWorker-3,  processing 9 (19093.9 per sec) reads @ chrX:120000000-125000000
ForkPoolWorker-3 countReadsInRegions_worker: processing 5000000 (12099549.5 per sec) @ chrX:120000000-125000000
ForkPoolWorker-3,  processing 12 (26200.8 per sec) reads @ chr11:125000000-130000000
ForkPoolWorker-3 countReadsInRegions_worker: processing 5000000 (12101350.8 per sec) @ chr11:125000000-130000000
ForkPoolWorker-3,  processing 0 (0.0 per sec) reads @ chrUn_KI270593v1:0-3041
ForkPoolWorker-3 countReadsInRegions_worker: processing 3041 (830990.8 per sec) @ chrUn_KI270593v1:0-3041
ForkPoolWorker-3,  processing 13 (25527.1 per sec) reads @ chr21:15000000-20000000
ForkPoolWorker-3 countReadsInRegions_worker: processing 5000000 (11453413.1 per sec) @ chr21:15000000-20000000
ForkPoolWorker-44,  processing 28 (27948.7 per sec) reads @ chr6:20000000-25000000
ForkPoolWorker-44 countReadsInRegions_worker: processing 5000000 (7038258.9 per sec) @ chr6:20000000-25000000
ForkPoolWorker-44,  processing 23 (30298.1 per sec) reads @ chr17:50000000-55000000
ForkPoolWorker-44 countReadsInRegions_worker: processing 5000000 (11919760.9 per sec) @ chr17:50000000-55000000
ForkPoolWorker-44,  processing 45 (51108.5 per sec) reads @ chr2:240000000-242193529
ForkPoolWorker-44 countReadsInRegions_worker: processing 2193529 (11457015.9 per sec) @ chr2:240000000-242193529
ForkPoolWorker-44,  processing 12 (23865.2 per sec) reads @ chr15:85000000-90000000
ForkPoolWorker-44 countReadsInRegions_worker: processing 5000000 (12215129.1 per sec) @ chr15:85000000-90000000
ForkPoolWorker-44,  processing 15 (27013.6 per sec) reads @ chr7:30000000-35000000
ForkPoolWorker-44 countReadsInRegions_worker: processing 5000000 (12265811.3 per sec) @ chr7:30000000-35000000
ForkPoolWorker-44,  processing 0 (0.0 per sec) reads @ chrUn_KI270363v1:0-1803
ForkPoolWorker-44 countReadsInRegions_worker: processing 1803 (481799.8 per sec) @ chrUn_KI270363v1:0-1803
ForkPoolWorker-44,  processing 12 (25864.2 per sec) reads @ chr2:100000000-105000000
ForkPoolWorker-44 countReadsInRegions_worker: processing 5000000 (12248396.1 per sec) @ chr2:100000000-105000000
ForkPoolWorker-44,  processing 25 (40992.0 per sec) reads @ chr22:30000000-35000000
ForkPoolWorker-44 countReadsInRegions_worker: processing 5000000 (12240246.3 per sec) @ chr22:30000000-35000000
ForkPoolWorker-44,  processing 16 (30517.9 per sec) reads @ chr5:0-5000000
ForkPoolWorker-44 countReadsInRegions_worker: processing 5000000 (12239681.9 per sec) @ chr5:0-5000000
ForkPoolWorker-44,  processing 21 (38614.8 per sec) reads @ chr2:180000000-185000000
ForkPoolWorker-44 countReadsInRegions_worker: processing 5000000 (12219748.4 per sec) @ chr2:180000000-185000000
ForkPoolWorker-44,  processing 0 (0.0 per sec) reads @ chrUn_KI270422v1:0-1445
ForkPoolWorker-44 countReadsInRegions_worker: processing 1445 (382503.6 per sec) @ chrUn_KI270422v1:0-1445
ForkPoolWorker-44,  processing 0 (0.0 per sec) reads @ chrUn_KI270579v1:0-31033
ForkPoolWorker-44 countReadsInRegions_worker: processing 31033 (5632517.0 per sec) @ chrUn_KI270579v1:0-31033
ForkPoolWorker-44,  processing 15 (27887.7 per sec) reads @ chr9:85000000-90000000
ForkPoolWorker-44 countReadsInRegions_worker: processing 5000000 (12221685.4 per sec) @ chr9:85000000-90000000
ForkPoolWorker-44,  processing 0 (0.0 per sec) reads @ chrUn_KI270384v1:0-1658
ForkPoolWorker-44 countReadsInRegions_worker: processing 1658 (442883.5 per sec) @ chrUn_KI270384v1:0-1658
ForkPoolWorker-44,  processing 9 (19418.1 per sec) reads @ chr4:40000000-45000000
ForkPoolWorker-44 countReadsInRegions_worker: processing 5000000 (12225796.5 per sec) @ chr4:40000000-45000000
ForkPoolWorker-44,  processing 10 (21355.9 per sec) reads @ chr4:70000000-75000000
ForkPoolWorker-44 countReadsInRegions_worker: processing 5000000 (12091248.0 per sec) @ chr4:70000000-75000000
ForkPoolWorker-44,  processing 27 (43996.2 per sec) reads @ chr16:65000000-70000000
ForkPoolWorker-44 countReadsInRegions_worker: processing 5000000 (12114437.0 per sec) @ chr16:65000000-70000000
ForkPoolWorker-44,  processing 10 (20460.0 per sec) reads @ chr12:60000000-65000000
ForkPoolWorker-44 countReadsInRegions_worker: processing 5000000 (12158121.8 per sec) @ chr12:60000000-65000000
ForkPoolWorker-44,  processing 17 (30562.9 per sec) reads @ chr1:245000000-248956422
ForkPoolWorker-44 countReadsInRegions_worker: processing 3956422 (12097680.4 per sec) @ chr1:245000000-248956422
ForkPoolWorker-44,  processing 1 (3813.0 per sec) reads @ chrUn_GL000218v1:0-161147
ForkPoolWorker-44 countReadsInRegions_worker: processing 161147 (9502312.8 per sec) @ chrUn_GL000218v1:0-161147
ForkPoolWorker-41,  processing 3 (4022.7 per sec) reads @ chr4:15000000-20000000
ForkPoolWorker-41 countReadsInRegions_worker: processing 5000000 (9802913.5 per sec) @ chr4:15000000-20000000
ForkPoolWorker-41,  processing 5 (10170.5 per sec) reads @ chr4:175000000-180000000
ForkPoolWorker-41 countReadsInRegions_worker: processing 5000000 (11669827.4 per sec) @ chr4:175000000-180000000
ForkPoolWorker-41,  processing 0 (0.0 per sec) reads @ chrUn_KI270362v1:0-3530
ForkPoolWorker-41 countReadsInRegions_worker: processing 3530 (1051779.0 per sec) @ chrUn_KI270362v1:0-3530
ForkPoolWorker-41,  processing 44 (60787.0 per sec) reads @ chr15:75000000-80000000
ForkPoolWorker-41 countReadsInRegions_worker: processing 5000000 (11842595.8 per sec) @ chr15:75000000-80000000
ForkPoolWorker-41,  processing 0 (0.0 per sec) reads @ chrUn_KI270417v1:0-2043
ForkPoolWorker-41 countReadsInRegions_worker: processing 2043 (626020.1 per sec) @ chrUn_KI270417v1:0-2043
ForkPoolWorker-41,  processing 21 (38295.8 per sec) reads @ chr12:10000000-15000000
ForkPoolWorker-41 countReadsInRegions_worker: processing 5000000 (11818083.5 per sec) @ chr12:10000000-15000000
ForkPoolWorker-41,  processing 0 (0.0 per sec) reads @ chr9_KI270720v1_random:0-39050
ForkPoolWorker-41 countReadsInRegions_worker: processing 39050 (6198908.9 per sec) @ chr9_KI270720v1_random:0-39050
ForkPoolWorker-41,  processing 4 (10118.9 per sec) reads @ chrX:25000000-30000000
ForkPoolWorker-41 countReadsInRegions_worker: processing 5000000 (11965121.7 per sec) @ chrX:25000000-30000000
ForkPoolWorker-41,  processing 11 (25184.1 per sec) reads @ chr2:120000000-125000000
ForkPoolWorker-41 countReadsInRegions_worker: processing 5000000 (11834970.3 per sec) @ chr2:120000000-125000000
ForkPoolWorker-41,  processing 38 (55054.8 per sec) reads @ chr12:0-5000000
ForkPoolWorker-41 countReadsInRegions_worker: processing 5000000 (11872073.9 per sec) @ chr12:0-5000000
ForkPoolWorker-41,  processing 24 (44462.6 per sec) reads @ chr1:215000000-220000000
ForkPoolWorker-41 countReadsInRegions_worker: processing 5000000 (11957269.4 per sec) @ chr1:215000000-220000000
ForkPoolWorker-41,  processing 0 (0.0 per sec) reads @ chrY:5000000-10000000
ForkPoolWorker-41 countReadsInRegions_worker: processing 5000000 (12035443.7 per sec) @ chrY:5000000-10000000
ForkPoolWorker-41,  processing 4 (10155.7 per sec) reads @ chr7:55000000-60000000
ForkPoolWorker-41 countReadsInRegions_worker: processing 5000000 (12040446.5 per sec) @ chr7:55000000-60000000
ForkPoolWorker-41,  processing 0 (0.0 per sec) reads @ chrUn_KI270515v1:0-6361
ForkPoolWorker-41 countReadsInRegions_worker: processing 6361 (1622079.8 per sec) @ chrUn_KI270515v1:0-6361
ForkPoolWorker-41,  processing 17 (34296.9 per sec) reads @ chr7:110000000-115000000
ForkPoolWorker-41 countReadsInRegions_worker: processing 5000000 (12052057.4 per sec) @ chr7:110000000-115000000
ForkPoolWorker-41,  processing 49 (63432.4 per sec) reads @ chrX:45000000-50000000
ForkPoolWorker-41 countReadsInRegions_worker: processing 5000000 (12072281.1 per sec) @ chrX:45000000-50000000
ForkPoolWorker-41,  processing 20 (33662.2 per sec) reads @ chr3:20000000-25000000
ForkPoolWorker-41 countReadsInRegions_worker: processing 5000000 (12098000.0 per sec) @ chr3:20000000-25000000
ForkPoolWorker-41,  processing 15 (28086.9 per sec) reads @ chr4:80000000-85000000
ForkPoolWorker-41 countReadsInRegions_worker: processing 5000000 (12126338.4 per sec) @ chr4:80000000-85000000
ForkPoolWorker-41,  processing 28 (45169.4 per sec) reads @ chr19:30000000-35000000
ForkPoolWorker-41 countReadsInRegions_worker: processing 5000000 (12088111.7 per sec) @ chr19:30000000-35000000
ForkPoolWorker-41,  processing 0 (0.0 per sec) reads @ chrUn_KI270508v1:0-1951
ForkPoolWorker-41 countReadsInRegions_worker: processing 1951 (508613.8 per sec) @ chrUn_KI270508v1:0-1951
ForkPoolWorker-35,  processing 0 (0.0 per sec) reads @ chrUn_KI270580v1:0-1553
ForkPoolWorker-35 countReadsInRegions_worker: processing 1553 (76523.5 per sec) @ chrUn_KI270580v1:0-1553
ForkPoolWorker-35,  processing 16 (6108.0 per sec) reads @ chr2:150000000-155000000
ForkPoolWorker-35 countReadsInRegions_worker: processing 5000000 (10580684.6 per sec) @ chr2:150000000-155000000
ForkPoolWorker-35,  processing 0 (0.0 per sec) reads @ chrUn_KI270391v1:0-1484
ForkPoolWorker-35 countReadsInRegions_worker: processing 1484 (390755.7 per sec) @ chrUn_KI270391v1:0-1484
ForkPoolWorker-35,  processing 8 (18176.8 per sec) reads @ chr9:15000000-20000000
ForkPoolWorker-35 countReadsInRegions_worker: processing 5000000 (11597181.7 per sec) @ chr9:15000000-20000000
ForkPoolWorker-35,  processing 9 (19732.7 per sec) reads @ chr3:25000000-30000000
ForkPoolWorker-35 countReadsInRegions_worker: processing 5000000 (11629781.6 per sec) @ chr3:25000000-30000000
ForkPoolWorker-35,  processing 45 (61022.9 per sec) reads @ chr6:30000000-35000000
ForkPoolWorker-35 countReadsInRegions_worker: processing 5000000 (11745394.9 per sec) @ chr6:30000000-35000000
ForkPoolWorker-35,  processing 0 (0.0 per sec) reads @ chr14_KI270725v1_random:0-172810
ForkPoolWorker-35 countReadsInRegions_worker: processing 172810 (9536949.2 per sec) @ chr14_KI270725v1_random:0-172810
ForkPoolWorker-35,  processing 13 (26715.3 per sec) reads @ chr3:195000000-198295559
ForkPoolWorker-35 countReadsInRegions_worker: processing 3295559 (11889590.5 per sec) @ chr3:195000000-198295559
ForkPoolWorker-35,  processing 3 (7206.7 per sec) reads @ chr15:20000000-25000000
ForkPoolWorker-35 countReadsInRegions_worker: processing 5000000 (12224250.1 per sec) @ chr15:20000000-25000000
ForkPoolWorker-35,  processing 0 (0.0 per sec) reads @ chr22_KI270737v1_random:0-103838
ForkPoolWorker-35 countReadsInRegions_worker: processing 103838 (9520156.9 per sec) @ chr22_KI270737v1_random:0-103838
ForkPoolWorker-35,  processing 18 (33931.4 per sec) reads @ chr1:145000000-150000000
ForkPoolWorker-35 countReadsInRegions_worker: processing 5000000 (12214488.8 per sec) @ chr1:145000000-150000000
ForkPoolWorker-35,  processing 20 (34113.9 per sec) reads @ chr14:70000000-75000000
ForkPoolWorker-35 countReadsInRegions_worker: processing 5000000 (12195608.7 per sec) @ chr14:70000000-75000000
ForkPoolWorker-35,  processing 0 (0.0 per sec) reads @ chrUn_KI270336v1:0-1026
ForkPoolWorker-35 countReadsInRegions_worker: processing 1026 (264009.6 per sec) @ chrUn_KI270336v1:0-1026
ForkPoolWorker-35,  processing 33 (45530.3 per sec) reads @ chr10:65000000-70000000
ForkPoolWorker-35 countReadsInRegions_worker: processing 5000000 (12263652.3 per sec) @ chr10:65000000-70000000
ForkPoolWorker-35,  processing 12 (22857.2 per sec) reads @ chr2:210000000-215000000
ForkPoolWorker-35 countReadsInRegions_worker: processing 5000000 (12223601.7 per sec) @ chr2:210000000-215000000
ForkPoolWorker-35,  processing 7 (15683.8 per sec) reads @ chr2:145000000-150000000
ForkPoolWorker-35 countReadsInRegions_worker: processing 5000000 (12221272.3 per sec) @ chr2:145000000-150000000
ForkPoolWorker-35,  processing 18 (32402.3 per sec) reads @ chr7:25000000-30000000
ForkPoolWorker-35 countReadsInRegions_worker: processing 5000000 (12162698.1 per sec) @ chr7:25000000-30000000
ForkPoolWorker-35,  processing 28 (45875.2 per sec) reads @ chr13:40000000-45000000
ForkPoolWorker-35 countReadsInRegions_worker: processing 5000000 (12086063.6 per sec) @ chr13:40000000-45000000
ForkPoolWorker-35,  processing 9 (18988.3 per sec) reads @ chr11:120000000-125000000
ForkPoolWorker-35 countReadsInRegions_worker: processing 5000000 (12200511.4 per sec) @ chr11:120000000-125000000
ForkPoolWorker-35,  processing 6 (15496.2 per sec) reads @ chr8:75000000-80000000
ForkPoolWorker-35 countReadsInRegions_worker: processing 5000000 (12189108.7 per sec) @ chr8:75000000-80000000
ForkPoolWorker-23,  processing 8 (9253.8 per sec) reads @ chr6:15000000-20000000
ForkPoolWorker-23 countReadsInRegions_worker: processing 5000000 (10608978.0 per sec) @ chr6:15000000-20000000
ForkPoolWorker-23,  processing 32 (36873.0 per sec) reads @ chr22:45000000-50000000
ForkPoolWorker-23 countReadsInRegions_worker: processing 5000000 (11348157.6 per sec) @ chr22:45000000-50000000
ForkPoolWorker-23,  processing 0 (0.0 per sec) reads @ chrUn_KI270310v1:0-1201
ForkPoolWorker-23 countReadsInRegions_worker: processing 1201 (366033.9 per sec) @ chrUn_KI270310v1:0-1201
ForkPoolWorker-23,  processing 21 (37306.4 per sec) reads @ chr7:140000000-145000000
ForkPoolWorker-23 countReadsInRegions_worker: processing 5000000 (11196993.0 per sec) @ chr7:140000000-145000000
ForkPoolWorker-23,  processing 7 (16212.1 per sec) reads @ chr5:20000000-25000000
ForkPoolWorker-23 countReadsInRegions_worker: processing 5000000 (11308986.4 per sec) @ chr5:20000000-25000000
ForkPoolWorker-23,  processing 0 (0.0 per sec) reads @ chrUn_KI270322v1:0-21476
ForkPoolWorker-23 countReadsInRegions_worker: processing 21476 (4175832.0 per sec) @ chrUn_KI270322v1:0-21476
ForkPoolWorker-23,  processing 0 (0.0 per sec) reads @ chr16_KI270728v1_random:0-1872759
ForkPoolWorker-23 countReadsInRegions_worker: processing 1872759 (11733937.3 per sec) @ chr16_KI270728v1_random:0-1872759
ForkPoolWorker-23,  processing 0 (0.0 per sec) reads @ chr15:15000000-20000000
ForkPoolWorker-23 countReadsInRegions_worker: processing 5000000 (12214118.9 per sec) @ chr15:15000000-20000000
ForkPoolWorker-23,  processing 16 (32094.1 per sec) reads @ chr14:90000000-95000000
ForkPoolWorker-23 countReadsInRegions_worker: processing 5000000 (12194176.3 per sec) @ chr14:90000000-95000000
ForkPoolWorker-23,  processing 3 (7844.7 per sec) reads @ chr6:60000000-65000000
ForkPoolWorker-23 countReadsInRegions_worker: processing 5000000 (12240832.2 per sec) @ chr6:60000000-65000000
ForkPoolWorker-23,  processing 101 (101007.3 per sec) reads @ chr17:75000000-80000000
ForkPoolWorker-23 countReadsInRegions_worker: processing 5000000 (12133852.7 per sec) @ chr17:75000000-80000000
ForkPoolWorker-23,  processing 14 (25799.8 per sec) reads @ chr2:195000000-200000000
ForkPoolWorker-23 countReadsInRegions_worker: processing 5000000 (12129066.6 per sec) @ chr2:195000000-200000000
ForkPoolWorker-23,  processing 0 (0.0 per sec) reads @ chrUn_KI270741v1:0-157432
ForkPoolWorker-23 countReadsInRegions_worker: processing 157432 (9412402.2 per sec) @ chrUn_KI270741v1:0-157432
ForkPoolWorker-23,  processing 0 (0.0 per sec) reads @ chrUn_KI270411v1:0-2646
ForkPoolWorker-23 countReadsInRegions_worker: processing 2646 (728223.6 per sec) @ chrUn_KI270411v1:0-2646
ForkPoolWorker-23,  processing 17 (33133.4 per sec) reads @ chr21:25000000-30000000
ForkPoolWorker-23 countReadsInRegions_worker: processing 5000000 (12048996.9 per sec) @ chr21:25000000-30000000
ForkPoolWorker-23,  processing 17 (30827.1 per sec) reads @ chr19:40000000-45000000
ForkPoolWorker-23 countReadsInRegions_worker: processing 5000000 (12111841.3 per sec) @ chr19:40000000-45000000
ForkPoolWorker-23,  processing 0 (0.0 per sec) reads @ chr9:55000000-60000000
ForkPoolWorker-23 countReadsInRegions_worker: processing 5000000 (12216474.0 per sec) @ chr9:55000000-60000000
ForkPoolWorker-23,  processing 26 (45231.0 per sec) reads @ chr6:115000000-120000000
ForkPoolWorker-23 countReadsInRegions_worker: processing 5000000 (12240539.2 per sec) @ chr6:115000000-120000000
ForkPoolWorker-23,  processing 31 (49251.3 per sec) reads @ chr7:100000000-105000000
ForkPoolWorker-23 countReadsInRegions_worker: processing 5000000 (12117313.9 per sec) @ chr7:100000000-105000000
ForkPoolWorker-23,  processing 28 (48569.3 per sec) reads @ chr17:80000000-83257441
ForkPoolWorker-23 countReadsInRegions_worker: processing 3257441 (12157696.6 per sec) @ chr17:80000000-83257441
ForkPoolWorker-12,  processing 6 (485.0 per sec) reads @ chrX:80000000-85000000
ForkPoolWorker-12 countReadsInRegions_worker: processing 5000000 (10815274.4 per sec) @ chrX:80000000-85000000
ForkPoolWorker-12,  processing 26 (31554.4 per sec) reads @ chr22:20000000-25000000
ForkPoolWorker-12 countReadsInRegions_worker: processing 5000000 (11407807.4 per sec) @ chr22:20000000-25000000
ForkPoolWorker-12,  processing 16 (29892.6 per sec) reads @ chr8:90000000-95000000
ForkPoolWorker-12 countReadsInRegions_worker: processing 5000000 (11366615.9 per sec) @ chr8:90000000-95000000
ForkPoolWorker-12,  processing 18 (30030.8 per sec) reads @ chr16:25000000-30000000
ForkPoolWorker-12 countReadsInRegions_worker: processing 5000000 (11791623.3 per sec) @ chr16:25000000-30000000
ForkPoolWorker-12,  processing 0 (0.0 per sec) reads @ chr1_KI270710v1_random:0-40176
ForkPoolWorker-12 countReadsInRegions_worker: processing 40176 (6447689.2 per sec) @ chr1_KI270710v1_random:0-40176
ForkPoolWorker-12,  processing 0 (0.0 per sec) reads @ chrUn_GL000220v1:0-161802
ForkPoolWorker-12 countReadsInRegions_worker: processing 161802 (9822648.4 per sec) @ chrUn_GL000220v1:0-161802
ForkPoolWorker-12,  processing 26 (46032.9 per sec) reads @ chr2:85000000-90000000
ForkPoolWorker-12 countReadsInRegions_worker: processing 5000000 (11960597.3 per sec) @ chr2:85000000-90000000
ForkPoolWorker-12,  processing 0 (0.0 per sec) reads @ chrUn_KI270337v1:0-1121
ForkPoolWorker-12 countReadsInRegions_worker: processing 1121 (338845.1 per sec) @ chrUn_KI270337v1:0-1121
ForkPoolWorker-12,  processing 4 (9754.2 per sec) reads @ chr15:30000000-35000000
ForkPoolWorker-12 countReadsInRegions_worker: processing 5000000 (11930142.3 per sec) @ chr15:30000000-35000000
ForkPoolWorker-12,  processing 14 (29701.7 per sec) reads @ chr8:125000000-130000000
ForkPoolWorker-12 countReadsInRegions_worker: processing 5000000 (11821587.6 per sec) @ chr8:125000000-130000000
ForkPoolWorker-12,  processing 17 (32469.6 per sec) reads @ chr10:5000000-10000000
ForkPoolWorker-12 countReadsInRegions_worker: processing 5000000 (11927821.7 per sec) @ chr10:5000000-10000000
ForkPoolWorker-12,  processing 34 (45795.2 per sec) reads @ chr1:90000000-95000000
ForkPoolWorker-12 countReadsInRegions_worker: processing 5000000 (12013526.1 per sec) @ chr1:90000000-95000000
ForkPoolWorker-12,  processing 19 (34320.3 per sec) reads @ chr1:110000000-115000000
ForkPoolWorker-12 countReadsInRegions_worker: processing 5000000 (12016066.1 per sec) @ chr1:110000000-115000000
ForkPoolWorker-12,  processing 0 (0.0 per sec) reads @ chrUn_KI270312v1:0-998
ForkPoolWorker-12 countReadsInRegions_worker: processing 998 (289502.4 per sec) @ chrUn_KI270312v1:0-998
ForkPoolWorker-12,  processing 0 (0.0 per sec) reads @ chr1_KI270711v1_random:0-42210
ForkPoolWorker-12 countReadsInRegions_worker: processing 42210 (7195057.0 per sec) @ chr1_KI270711v1_random:0-42210
ForkPoolWorker-12,  processing 19 (34143.9 per sec) reads @ chr3:10000000-15000000
ForkPoolWorker-12 countReadsInRegions_worker: processing 5000000 (12125062.4 per sec) @ chr3:10000000-15000000
ForkPoolWorker-12,  processing 5 (11990.6 per sec) reads @ chr5:15000000-20000000
ForkPoolWorker-12 countReadsInRegions_worker: processing 5000000 (12153894.1 per sec) @ chr5:15000000-20000000
ForkPoolWorker-12,  processing 79 (77745.2 per sec) reads @ chr16:55000000-60000000
ForkPoolWorker-12 countReadsInRegions_worker: processing 5000000 (12131115.3 per sec) @ chr16:55000000-60000000
ForkPoolWorker-12,  processing 13 (26624.0 per sec) reads @ chr4:165000000-170000000
ForkPoolWorker-12 countReadsInRegions_worker: processing 5000000 (12131838.1 per sec) @ chr4:165000000-170000000
ForkPoolWorker-12,  processing 15 (31920.1 per sec) reads @ chr12:125000000-130000000
ForkPoolWorker-12 countReadsInRegions_worker: processing 5000000 (12184250.6 per sec) @ chr12:125000000-130000000
ForkPoolWorker-2,  processing 10 (745.9 per sec) reads @ chr10:10000000-15000000
ForkPoolWorker-2 countReadsInRegions_worker: processing 5000000 (10665809.5 per sec) @ chr10:10000000-15000000
ForkPoolWorker-2,  processing 1 (2282.0 per sec) reads @ chrUn_GL000224v1:0-179693
ForkPoolWorker-2 countReadsInRegions_worker: processing 179693 (8424567.3 per sec) @ chrUn_GL000224v1:0-179693
ForkPoolWorker-2,  processing 8 (16139.7 per sec) reads @ chr20:20000000-25000000
ForkPoolWorker-2 countReadsInRegions_worker: processing 5000000 (12027561.0 per sec) @ chr20:20000000-25000000
ForkPoolWorker-2,  processing 162 (98417.9 per sec) reads @ chrX:70000000-75000000
ForkPoolWorker-2 countReadsInRegions_worker: processing 5000000 (11953486.8 per sec) @ chrX:70000000-75000000
ForkPoolWorker-2,  processing 10 (19418.1 per sec) reads @ chr9:20000000-25000000
ForkPoolWorker-2 countReadsInRegions_worker: processing 5000000 (12044657.9 per sec) @ chr9:20000000-25000000
ForkPoolWorker-2,  processing 10 (19775.1 per sec) reads @ chr18:25000000-30000000
ForkPoolWorker-2 countReadsInRegions_worker: processing 5000000 (12008188.1 per sec) @ chr18:25000000-30000000
ForkPoolWorker-2,  processing 0 (0.0 per sec) reads @ chr1_KI270714v1_random:0-41717
ForkPoolWorker-2 countReadsInRegions_worker: processing 41717 (5997387.5 per sec) @ chr1_KI270714v1_random:0-41717
ForkPoolWorker-2,  processing 17 (27679.8 per sec) reads @ chr4:75000000-80000000
ForkPoolWorker-2 countReadsInRegions_worker: processing 5000000 (11963060.4 per sec) @ chr4:75000000-80000000
ForkPoolWorker-2,  processing 14 (24902.6 per sec) reads @ chr4:5000000-10000000
ForkPoolWorker-2 countReadsInRegions_worker: processing 5000000 (11790529.5 per sec) @ chr4:5000000-10000000
ForkPoolWorker-2,  processing 0 (0.0 per sec) reads @ chrUn_KI270382v1:0-4215
ForkPoolWorker-2 countReadsInRegions_worker: processing 4215 (947224.1 per sec) @ chrUn_KI270382v1:0-4215
ForkPoolWorker-2,  processing 12 (21138.9 per sec) reads @ chr1:100000000-105000000
ForkPoolWorker-2 countReadsInRegions_worker: processing 5000000 (11946330.3 per sec) @ chr1:100000000-105000000
ForkPoolWorker-2,  processing 0 (0.0 per sec) reads @ chrUn_KI270311v1:0-12399
ForkPoolWorker-2 countReadsInRegions_worker: processing 12399 (2518044.6 per sec) @ chrUn_KI270311v1:0-12399
ForkPoolWorker-2,  processing 0 (0.0 per sec) reads @ chr16:60000000-65000000
ForkPoolWorker-2 countReadsInRegions_worker: processing 5000000 (11279370.9 per sec) @ chr16:60000000-65000000
ForkPoolWorker-2,  processing 5 (10320.6 per sec) reads @ chr5:5000000-10000000
ForkPoolWorker-2 countReadsInRegions_worker: processing 5000000 (12049218.4 per sec) @ chr5:5000000-10000000
ForkPoolWorker-2,  processing 0 (0.0 per sec) reads @ chrUn_KI270512v1:0-22689
ForkPoolWorker-2 countReadsInRegions_worker: processing 22689 (4105637.1 per sec) @ chrUn_KI270512v1:0-22689
ForkPoolWorker-2,  processing 0 (0.0 per sec) reads @ chr9_KI270719v1_random:0-176845
ForkPoolWorker-2 countReadsInRegions_worker: processing 176845 (10052198.7 per sec) @ chr9_KI270719v1_random:0-176845
ForkPoolWorker-2,  processing 29 (46782.6 per sec) reads @ chrX:40000000-45000000
ForkPoolWorker-2 countReadsInRegions_worker: processing 5000000 (12090279.1 per sec) @ chrX:40000000-45000000
ForkPoolWorker-2,  processing 22 (32468.2 per sec) reads @ chr10:75000000-80000000
ForkPoolWorker-2 countReadsInRegions_worker: processing 5000000 (12052265.2 per sec) @ chr10:75000000-80000000
ForkPoolWorker-2,  processing 14 (27060.0 per sec) reads @ chr8:60000000-65000000
ForkPoolWorker-2 countReadsInRegions_worker: processing 5000000 (11858982.8 per sec) @ chr8:60000000-65000000
ForkPoolWorker-2,  processing 22 (35862.7 per sec) reads @ chr5:50000000-55000000
ForkPoolWorker-2 countReadsInRegions_worker: processing 5000000 (12236832.4 per sec) @ chr5:50000000-55000000
ForkPoolWorker-32,  processing 12 (10773.0 per sec) reads @ chr13:30000000-35000000
ForkPoolWorker-32 countReadsInRegions_worker: processing 5000000 (6838208.4 per sec) @ chr13:30000000-35000000
ForkPoolWorker-32,  processing 0 (0.0 per sec) reads @ chrUn_KI270583v1:0-1400
ForkPoolWorker-32 countReadsInRegions_worker: processing 1400 (340703.5 per sec) @ chrUn_KI270583v1:0-1400
ForkPoolWorker-32,  processing 13 (24147.9 per sec) reads @ chr1:65000000-70000000
ForkPoolWorker-32 countReadsInRegions_worker: processing 5000000 (11894240.2 per sec) @ chr1:65000000-70000000
ForkPoolWorker-32,  processing 0 (0.0 per sec) reads @ chrUn_KI270746v1:0-66486
ForkPoolWorker-32 countReadsInRegions_worker: processing 66486 (7553973.8 per sec) @ chrUn_KI270746v1:0-66486
ForkPoolWorker-32,  processing 7 (13803.5 per sec) reads @ chr4:120000000-125000000
ForkPoolWorker-32 countReadsInRegions_worker: processing 5000000 (11682165.6 per sec) @ chr4:120000000-125000000
ForkPoolWorker-32,  processing 0 (0.0 per sec) reads @ chr17_GL000205v2_random:0-185591
ForkPoolWorker-32 countReadsInRegions_worker: processing 185591 (8892831.1 per sec) @ chr17_GL000205v2_random:0-185591
ForkPoolWorker-32,  processing 0 (0.0 per sec) reads @ chrUn_GL000195v1:0-182896
ForkPoolWorker-32 countReadsInRegions_worker: processing 182896 (9757331.8 per sec) @ chrUn_GL000195v1:0-182896
ForkPoolWorker-32,  processing 0 (0.0 per sec) reads @ chrUn_KI270396v1:0-1880
ForkPoolWorker-32 countReadsInRegions_worker: processing 1880 (446809.4 per sec) @ chrUn_KI270396v1:0-1880
ForkPoolWorker-32,  processing 9 (16070.1 per sec) reads @ chr1:175000000-180000000
ForkPoolWorker-32 countReadsInRegions_worker: processing 5000000 (12173161.0 per sec) @ chr1:175000000-180000000
ForkPoolWorker-32,  processing 7 (13542.5 per sec) reads @ chr16:80000000-85000000
ForkPoolWorker-32 countReadsInRegions_worker: processing 5000000 (12143070.6 per sec) @ chr16:80000000-85000000
ForkPoolWorker-32,  processing 0 (0.0 per sec) reads @ chr15:10000000-15000000
ForkPoolWorker-32 countReadsInRegions_worker: processing 5000000 (12212717.7 per sec) @ chr15:10000000-15000000
ForkPoolWorker-32,  processing 0 (0.0 per sec) reads @ chr22_KI270736v1_random:0-181920
ForkPoolWorker-32 countReadsInRegions_worker: processing 181920 (10061949.1 per sec) @ chr22_KI270736v1_random:0-181920
ForkPoolWorker-32,  processing 30 (42041.1 per sec) reads @ chr19:15000000-20000000
ForkPoolWorker-32 countReadsInRegions_worker: processing 5000000 (12195502.4 per sec) @ chr19:15000000-20000000
ForkPoolWorker-32,  processing 7 (14873.4 per sec) reads @ chr4:45000000-50000000
ForkPoolWorker-32 countReadsInRegions_worker: processing 5000000 (12207322.0 per sec) @ chr4:45000000-50000000
ForkPoolWorker-32,  processing 15 (25827.0 per sec) reads @ chr20:50000000-55000000
ForkPoolWorker-32 countReadsInRegions_worker: processing 5000000 (12203159.4 per sec) @ chr20:50000000-55000000
ForkPoolWorker-32,  processing 1 (2537.4 per sec) reads @ chr2:90000000-95000000
ForkPoolWorker-32 countReadsInRegions_worker: processing 5000000 (12136549.1 per sec) @ chr2:90000000-95000000
ForkPoolWorker-32,  processing 7 (15095.2 per sec) reads @ chr8:15000000-20000000
ForkPoolWorker-32 countReadsInRegions_worker: processing 5000000 (11999421.0 per sec) @ chr8:15000000-20000000
ForkPoolWorker-32,  processing 4 (9103.2 per sec) reads @ chr13:15000000-20000000
ForkPoolWorker-32 countReadsInRegions_worker: processing 5000000 (12154922.6 per sec) @ chr13:15000000-20000000
ForkPoolWorker-32,  processing 22 (34379.5 per sec) reads @ chr9:30000000-35000000
ForkPoolWorker-32 countReadsInRegions_worker: processing 5000000 (11652547.0 per sec) @ chr9:30000000-35000000
ForkPoolWorker-32,  processing 51 (59221.9 per sec) reads @ chr19:45000000-50000000
ForkPoolWorker-32 countReadsInRegions_worker: processing 5000000 (12240560.7 per sec) @ chr19:45000000-50000000
ForkPoolWorker-40,  processing 0 (0.0 per sec) reads @ chrUn_KI270414v1:0-2489
ForkPoolWorker-40 countReadsInRegions_worker: processing 2489 (136963.4 per sec) @ chrUn_KI270414v1:0-2489
ForkPoolWorker-40,  processing 8 (4535.6 per sec) reads @ chr13:100000000-105000000
ForkPoolWorker-40 countReadsInRegions_worker: processing 5000000 (10523423.3 per sec) @ chr13:100000000-105000000
ForkPoolWorker-40,  processing 0 (0.0 per sec) reads @ chrUn_KI270366v1:0-8320
ForkPoolWorker-40 countReadsInRegions_worker: processing 8320 (1987504.8 per sec) @ chrUn_KI270366v1:0-8320
ForkPoolWorker-40,  processing 0 (0.0 per sec) reads @ chrUn_KI270528v1:0-2983
ForkPoolWorker-40 countReadsInRegions_worker: processing 2983 (817004.6 per sec) @ chrUn_KI270528v1:0-2983
ForkPoolWorker-40,  processing 14 (28028.8 per sec) reads @ chr2:40000000-45000000
ForkPoolWorker-40 countReadsInRegions_worker: processing 5000000 (11735785.5 per sec) @ chr2:40000000-45000000
ForkPoolWorker-40,  processing 2 (5181.4 per sec) reads @ chr12:35000000-40000000
ForkPoolWorker-40 countReadsInRegions_worker: processing 5000000 (9347680.0 per sec) @ chr12:35000000-40000000
ForkPoolWorker-40,  processing 7 (13630.5 per sec) reads @ chr8:40000000-45000000
ForkPoolWorker-40 countReadsInRegions_worker: processing 5000000 (12062892.8 per sec) @ chr8:40000000-45000000
ForkPoolWorker-40,  processing 21 (29262.6 per sec) reads @ chr14:75000000-80000000
ForkPoolWorker-40 countReadsInRegions_worker: processing 5000000 (11956614.9 per sec) @ chr14:75000000-80000000
ForkPoolWorker-40,  processing 0 (0.0 per sec) reads @ chr13:0-5000000
ForkPoolWorker-40 countReadsInRegions_worker: processing 5000000 (11912123.6 per sec) @ chr13:0-5000000
ForkPoolWorker-40,  processing 0 (0.0 per sec) reads @ chrUn_KI270340v1:0-1428
ForkPoolWorker-40 countReadsInRegions_worker: processing 1428 (407807.3 per sec) @ chrUn_KI270340v1:0-1428
ForkPoolWorker-40,  processing 9 (19994.0 per sec) reads @ chr3:100000000-105000000
ForkPoolWorker-40 countReadsInRegions_worker: processing 5000000 (11834289.1 per sec) @ chr3:100000000-105000000
ForkPoolWorker-40,  processing 11 (24593.5 per sec) reads @ chr1:185000000-190000000
ForkPoolWorker-40 countReadsInRegions_worker: processing 5000000 (11929531.6 per sec) @ chr1:185000000-190000000
ForkPoolWorker-40,  processing 20 (37150.6 per sec) reads @ chr7:150000000-155000000
ForkPoolWorker-40 countReadsInRegions_worker: processing 5000000 (11133306.5 per sec) @ chr7:150000000-155000000
ForkPoolWorker-40,  processing 9 (19230.1 per sec) reads @ chrX:0-5000000
ForkPoolWorker-40 countReadsInRegions_worker: processing 5000000 (11987260.2 per sec) @ chrX:0-5000000
ForkPoolWorker-40,  processing 9 (19691.6 per sec) reads @ chr20:15000000-20000000
ForkPoolWorker-40 countReadsInRegions_worker: processing 5000000 (11971924.8 per sec) @ chr20:15000000-20000000
ForkPoolWorker-40,  processing 0 (0.0 per sec) reads @ chrUn_KI270742v1:0-186739
ForkPoolWorker-40 countReadsInRegions_worker: processing 186739 (9628265.4 per sec) @ chrUn_KI270742v1:0-186739
ForkPoolWorker-40,  processing 23 (37979.9 per sec) reads @ chr2:170000000-175000000
ForkPoolWorker-40 countReadsInRegions_worker: processing 5000000 (12040135.5 per sec) @ chr2:170000000-175000000
ForkPoolWorker-40,  processing 4 (9378.0 per sec) reads @ chr6:55000000-60000000
ForkPoolWorker-40 countReadsInRegions_worker: processing 5000000 (12159503.5 per sec) @ chr6:55000000-60000000
ForkPoolWorker-40,  processing 18 (31391.9 per sec) reads @ chr3:15000000-20000000
ForkPoolWorker-40 countReadsInRegions_worker: processing 5000000 (12028133.6 per sec) @ chr3:15000000-20000000
ForkPoolWorker-40,  processing 2 (5203.9 per sec) reads @ chr9:10000000-15000000
ForkPoolWorker-40 countReadsInRegions_worker: processing 5000000 (12164377.1 per sec) @ chr9:10000000-15000000
ForkPoolWorker-42,  processing 0 (0.0 per sec) reads @ chrUn_KI270582v1:0-6504
ForkPoolWorker-42 countReadsInRegions_worker: processing 6504 (209803.9 per sec) @ chrUn_KI270582v1:0-6504
ForkPoolWorker-42,  processing 0 (0.0 per sec) reads @ chrUn_KI270517v1:0-3253
ForkPoolWorker-42 countReadsInRegions_worker: processing 3253 (499819.4 per sec) @ chrUn_KI270517v1:0-3253
ForkPoolWorker-42,  processing 9 (13162.0 per sec) reads @ chr10:120000000-125000000
ForkPoolWorker-42 countReadsInRegions_worker: processing 5000000 (6582838.1 per sec) @ chr10:120000000-125000000
ForkPoolWorker-42,  processing 0 (0.0 per sec) reads @ chrUn_KI270395v1:0-1143
ForkPoolWorker-42 countReadsInRegions_worker: processing 1143 (237920.1 per sec) @ chrUn_KI270395v1:0-1143
ForkPoolWorker-42,  processing 21 (32228.5 per sec) reads @ chr2:35000000-40000000
ForkPoolWorker-42 countReadsInRegions_worker: processing 5000000 (11775302.9 per sec) @ chr2:35000000-40000000
ForkPoolWorker-42,  processing 17 (26506.8 per sec) reads @ chr3:170000000-175000000
ForkPoolWorker-42 countReadsInRegions_worker: processing 5000000 (11780740.2 per sec) @ chr3:170000000-175000000
ForkPoolWorker-42,  processing 17 (29306.7 per sec) reads @ chr3:120000000-125000000
ForkPoolWorker-42 countReadsInRegions_worker: processing 5000000 (11786328.3 per sec) @ chr3:120000000-125000000
ForkPoolWorker-42,  processing 0 (0.0 per sec) reads @ chrUn_KI270418v1:0-2145
ForkPoolWorker-42 countReadsInRegions_worker: processing 2145 (552593.9 per sec) @ chrUn_KI270418v1:0-2145
ForkPoolWorker-42,  processing 0 (0.0 per sec) reads @ chrUn_KI270375v1:0-2378
ForkPoolWorker-42 countReadsInRegions_worker: processing 2378 (613636.9 per sec) @ chrUn_KI270375v1:0-2378
ForkPoolWorker-42,  processing 0 (0.0 per sec) reads @ chrUn_KI270749v1:0-158759
ForkPoolWorker-42 countReadsInRegions_worker: processing 158759 (8725346.0 per sec) @ chrUn_KI270749v1:0-158759
ForkPoolWorker-42,  processing 5 (9642.1 per sec) reads @ chr11:15000000-20000000
ForkPoolWorker-42 countReadsInRegions_worker: processing 5000000 (12052299.9 per sec) @ chr11:15000000-20000000
ForkPoolWorker-42,  processing 0 (0.0 per sec) reads @ chrUn_KI270320v1:0-4416
ForkPoolWorker-42 countReadsInRegions_worker: processing 4416 (1000542.7 per sec) @ chrUn_KI270320v1:0-4416
ForkPoolWorker-42,  processing 0 (0.0 per sec) reads @ chrUn_KI270374v1:0-2656
ForkPoolWorker-42 countReadsInRegions_worker: processing 2656 (594612.8 per sec) @ chrUn_KI270374v1:0-2656
ForkPoolWorker-42,  processing 3 (5860.7 per sec) reads @ chr20:25000000-30000000
ForkPoolWorker-42 countReadsInRegions_worker: processing 5000000 (11892911.4 per sec) @ chr20:25000000-30000000
ForkPoolWorker-42,  processing 7 (12962.5 per sec) reads @ chr9:5000000-10000000
ForkPoolWorker-42 countReadsInRegions_worker: processing 5000000 (11999819.2 per sec) @ chr9:5000000-10000000
ForkPoolWorker-42,  processing 1 (2376.4 per sec) reads @ chr18:80000000-80373285
ForkPoolWorker-42 countReadsInRegions_worker: processing 373285 (10315191.9 per sec) @ chr18:80000000-80373285
ForkPoolWorker-42,  processing 13 (25384.5 per sec) reads @ chr5:120000000-125000000
ForkPoolWorker-42 countReadsInRegions_worker: processing 5000000 (12154415.4 per sec) @ chr5:120000000-125000000
ForkPoolWorker-42,  processing 4 (8811.6 per sec) reads @ chr9:100000000-105000000
ForkPoolWorker-42 countReadsInRegions_worker: processing 5000000 (12151668.7 per sec) @ chr9:100000000-105000000
ForkPoolWorker-42,  processing 14 (26332.0 per sec) reads @ chr5:10000000-15000000
ForkPoolWorker-42 countReadsInRegions_worker: processing 5000000 (12090592.7 per sec) @ chr5:10000000-15000000
ForkPoolWorker-42,  processing 0 (0.0 per sec) reads @ chr14_GL000009v2_random:0-201709
ForkPoolWorker-42 countReadsInRegions_worker: processing 201709 (9764087.2 per sec) @ chr14_GL000009v2_random:0-201709
ForkPoolWorker-42,  processing 0 (0.0 per sec) reads @ chr14:10000000-15000000
ForkPoolWorker-42 countReadsInRegions_worker: processing 5000000 (12141263.8 per sec) @ chr14:10000000-15000000
ForkPoolWorker-42,  processing 87 (84390.5 per sec) reads @ chr17:45000000-50000000
ForkPoolWorker-42 countReadsInRegions_worker: processing 5000000 (11783427.6 per sec) @ chr17:45000000-50000000
ForkPoolWorker-42,  processing 10 (19793.8 per sec) reads @ chr20:5000000-10000000
ForkPoolWorker-42 countReadsInRegions_worker: processing 5000000 (12290849.5 per sec) @ chr20:5000000-10000000
ForkPoolWorker-42,  processing 13 (20693.0 per sec) reads @ chr13:80000000-85000000
ForkPoolWorker-42 countReadsInRegions_worker: processing 5000000 (12249726.8 per sec) @ chr13:80000000-85000000
ForkPoolWorker-42,  processing 63 (77399.3 per sec) reads @ chr3:125000000-130000000
ForkPoolWorker-42 countReadsInRegions_worker: processing 5000000 (12371643.9 per sec) @ chr3:125000000-130000000
ForkPoolWorker-29,  processing 15 (3380.7 per sec) reads @ chr1:240000000-245000000
ForkPoolWorker-29 countReadsInRegions_worker: processing 5000000 (8339587.9 per sec) @ chr1:240000000-245000000
ForkPoolWorker-29,  processing 20 (28112.0 per sec) reads @ chr11:0-5000000
ForkPoolWorker-29 countReadsInRegions_worker: processing 5000000 (11977346.9 per sec) @ chr11:0-5000000
ForkPoolWorker-29,  processing 0 (0.0 per sec) reads @ chrUn_KI270393v1:0-1308
ForkPoolWorker-29 countReadsInRegions_worker: processing 1308 (352671.0 per sec) @ chrUn_KI270393v1:0-1308
ForkPoolWorker-29,  processing 2 (5111.9 per sec) reads @ chr21:10000000-15000000
ForkPoolWorker-29 countReadsInRegions_worker: processing 5000000 (11995515.6 per sec) @ chr21:10000000-15000000
ForkPoolWorker-29,  processing 21 (31752.1 per sec) reads @ chr12:45000000-50000000
ForkPoolWorker-29 countReadsInRegions_worker: processing 5000000 (12022293.2 per sec) @ chr12:45000000-50000000
ForkPoolWorker-29,  processing 0 (0.0 per sec) reads @ chrUn_KI270745v1:0-41891
ForkPoolWorker-29 countReadsInRegions_worker: processing 41891 (6442164.3 per sec) @ chrUn_KI270745v1:0-41891
ForkPoolWorker-29,  processing 0 (0.0 per sec) reads @ chrUn_KI270387v1:0-1537
ForkPoolWorker-29 countReadsInRegions_worker: processing 1537 (466404.7 per sec) @ chrUn_KI270387v1:0-1537
ForkPoolWorker-29,  processing 9 (20855.7 per sec) reads @ chr7:10000000-15000000
ForkPoolWorker-29 countReadsInRegions_worker: processing 5000000 (11963647.3 per sec) @ chr7:10000000-15000000
ForkPoolWorker-29,  processing 7 (15700.6 per sec) reads @ chr11:25000000-30000000
ForkPoolWorker-29 countReadsInRegions_worker: processing 5000000 (11899835.3 per sec) @ chr11:25000000-30000000
ForkPoolWorker-29,  processing 7 (16806.0 per sec) reads @ chrX:60000000-65000000
ForkPoolWorker-29 countReadsInRegions_worker: processing 5000000 (11888306.8 per sec) @ chrX:60000000-65000000
ForkPoolWorker-29,  processing 0 (0.0 per sec) reads @ chrUn_KI270338v1:0-1428
ForkPoolWorker-29 countReadsInRegions_worker: processing 1428 (420107.0 per sec) @ chrUn_KI270338v1:0-1428
ForkPoolWorker-29,  processing 16 (31506.5 per sec) reads @ chr13:45000000-50000000
ForkPoolWorker-29 countReadsInRegions_worker: processing 5000000 (11992895.1 per sec) @ chr13:45000000-50000000
ForkPoolWorker-29,  processing 53 (63081.2 per sec) reads @ chr3:45000000-50000000
ForkPoolWorker-29 countReadsInRegions_worker: processing 5000000 (11457261.3 per sec) @ chr3:45000000-50000000
ForkPoolWorker-29,  processing 25 (43401.3 per sec) reads @ chr14:55000000-60000000
ForkPoolWorker-29 countReadsInRegions_worker: processing 5000000 (12025395.4 per sec) @ chr14:55000000-60000000
ForkPoolWorker-29,  processing 10 (22310.1 per sec) reads @ chr2:125000000-130000000
ForkPoolWorker-29 countReadsInRegions_worker: processing 5000000 (11927428.3 per sec) @ chr2:125000000-130000000
ForkPoolWorker-29,  processing 33 (49842.3 per sec) reads @ chrX:150000000-155000000
ForkPoolWorker-29 countReadsInRegions_worker: processing 5000000 (11909613.9 per sec) @ chrX:150000000-155000000
ForkPoolWorker-29,  processing 10 (22156.9 per sec) reads @ chr7:95000000-100000000
ForkPoolWorker-29 countReadsInRegions_worker: processing 5000000 (12170137.4 per sec) @ chr7:95000000-100000000
ForkPoolWorker-29,  processing 11 (23467.6 per sec) reads @ chr3:0-5000000
ForkPoolWorker-29 countReadsInRegions_worker: processing 5000000 (12206654.1 per sec) @ chr3:0-5000000
ForkPoolWorker-29,  processing 0 (0.0 per sec) reads @ chrUn_KI270743v1:0-210658
ForkPoolWorker-29 countReadsInRegions_worker: processing 210658 (10055465.4 per sec) @ chrUn_KI270743v1:0-210658
ForkPoolWorker-29,  processing 15 (29551.2 per sec) reads @ chr6:125000000-130000000
ForkPoolWorker-29 countReadsInRegions_worker: processing 5000000 (11964070.5 per sec) @ chr6:125000000-130000000
ForkPoolWorker-48,  processing 42 (33357.5 per sec) reads @ chr18:35000000-40000000
ForkPoolWorker-48 countReadsInRegions_worker: processing 5000000 (10050377.6 per sec) @ chr18:35000000-40000000
ForkPoolWorker-48,  processing 17 (24604.3 per sec) reads @ chrX:15000000-20000000
ForkPoolWorker-48 countReadsInRegions_worker: processing 5000000 (11218256.0 per sec) @ chrX:15000000-20000000
ForkPoolWorker-48,  processing 13 (23810.5 per sec) reads @ chr16:15000000-20000000
ForkPoolWorker-48 countReadsInRegions_worker: processing 5000000 (11225179.4 per sec) @ chr16:15000000-20000000
ForkPoolWorker-48,  processing 0 (0.0 per sec) reads @ chrUn_KI270371v1:0-2805
ForkPoolWorker-48 countReadsInRegions_worker: processing 2805 (866030.4 per sec) @ chrUn_KI270371v1:0-2805
ForkPoolWorker-48,  processing 0 (0.0 per sec) reads @ chrUn_KI270364v1:0-2855
ForkPoolWorker-48 countReadsInRegions_worker: processing 2855 (782049.2 per sec) @ chrUn_KI270364v1:0-2855
ForkPoolWorker-48,  processing 13 (26873.3 per sec) reads @ chr5:140000000-145000000
ForkPoolWorker-48 countReadsInRegions_worker: processing 5000000 (10969705.0 per sec) @ chr5:140000000-145000000
ForkPoolWorker-48,  processing 0 (0.0 per sec) reads @ chrUn_KI270748v1:0-93321
ForkPoolWorker-48 countReadsInRegions_worker: processing 93321 (8483422.8 per sec) @ chrUn_KI270748v1:0-93321
ForkPoolWorker-48,  processing 2 (4963.7 per sec) reads @ chr10:35000000-40000000
ForkPoolWorker-48 countReadsInRegions_worker: processing 5000000 (11966794.4 per sec) @ chr10:35000000-40000000
ForkPoolWorker-48,  processing 1 (2777.7 per sec) reads @ chr8:135000000-140000000
ForkPoolWorker-48 countReadsInRegions_worker: processing 5000000 (11951245.6 per sec) @ chr8:135000000-140000000
ForkPoolWorker-48,  processing 0 (0.0 per sec) reads @ chrUn_KI270333v1:0-2699
ForkPoolWorker-48 countReadsInRegions_worker: processing 2699 (704313.2 per sec) @ chrUn_KI270333v1:0-2699
ForkPoolWorker-48,  processing 4 (9537.9 per sec) reads @ chr3:85000000-90000000
ForkPoolWorker-48 countReadsInRegions_worker: processing 5000000 (12038801.5 per sec) @ chr3:85000000-90000000
ForkPoolWorker-48,  processing 16 (28090.8 per sec) reads @ chr1:235000000-240000000
ForkPoolWorker-48 countReadsInRegions_worker: processing 5000000 (12090327.9 per sec) @ chr1:235000000-240000000
ForkPoolWorker-48,  processing 0 (0.0 per sec) reads @ chr1_KI270709v1_random:0-66860
ForkPoolWorker-48 countReadsInRegions_worker: processing 66860 (8350141.9 per sec) @ chr1_KI270709v1_random:0-66860
ForkPoolWorker-48,  processing 14 (27962.0 per sec) reads @ chr12:25000000-30000000
ForkPoolWorker-48 countReadsInRegions_worker: processing 5000000 (11074163.5 per sec) @ chr12:25000000-30000000
ForkPoolWorker-48,  processing 7 (15991.4 per sec) reads @ chr7:85000000-90000000
ForkPoolWorker-48 countReadsInRegions_worker: processing 5000000 (11903084.0 per sec) @ chr7:85000000-90000000
ForkPoolWorker-48,  processing 11 (22353.4 per sec) reads @ chrX:10000000-15000000
ForkPoolWorker-48 countReadsInRegions_worker: processing 5000000 (12013753.2 per sec) @ chrX:10000000-15000000
ForkPoolWorker-48,  processing 5 (12018.1 per sec) reads @ chr14:85000000-90000000
ForkPoolWorker-48 countReadsInRegions_worker: processing 5000000 (12095460.1 per sec) @ chr14:85000000-90000000
ForkPoolWorker-48,  processing 60 (87139.3 per sec) reads @ chr7:115000000-120000000
ForkPoolWorker-48 countReadsInRegions_worker: processing 5000000 (12149683.4 per sec) @ chr7:115000000-120000000
ForkPoolWorker-48,  processing 19 (34709.0 per sec) reads @ chr10:130000000-133797422
ForkPoolWorker-48 countReadsInRegions_worker: processing 3797422 (12158791.2 per sec) @ chr10:130000000-133797422
ForkPoolWorker-48,  processing 7 (15965.3 per sec) reads @ chr3:80000000-85000000
ForkPoolWorker-48 countReadsInRegions_worker: processing 5000000 (12107610.8 per sec) @ chr3:80000000-85000000
