# packages in environment at /work/pa-hilario/anaconda3/envs/deeptools:
#
# Name                           Version          Build                 Channel
_openmp_mutex                    4.5              20_gnu                conda-forge
alabaster                        1.0.0            pyhd8ed1ab_1          conda-forge
babel                            2.18.0           pyhcf101f3_0          conda-forge
backports.zstd                   1.3.0            py312h90b7ffd_0       conda-forge
bedops                           2.4.42           hd6d6fdc_1            bioconda
brotli                           1.2.0            hed03a55_1            conda-forge
brotli-bin                       1.2.0            hb03c661_1            conda-forge
brotli-python                    1.2.0            py312hdb49522_1       conda-forge
bzip2                            1.0.8            hda65f42_8            conda-forge
c-ares                           1.34.6           hb03c661_0            conda-forge
ca-certificates                  2026.1.4         hbd8a1cb_0            conda-forge
certifi                          2026.01.04       py312h06a4308_0
charset-normalizer               3.4.4            pyhd8ed1ab_0          conda-forge
click                            8.3.1            pypi_0                pypi
colorama                         0.4.6            pyhd8ed1ab_1          conda-forge
contourpy                        1.3.3            py312h0a2e395_4       conda-forge
cycler                           0.12.1           pyhcf101f3_2          conda-forge
cython                           3.2.4            py312h47b2149_0
deeptools                        3.5.6            pyhdfd78af_0          bioconda
deeptoolsintervals               0.1.9            py312ha9c1134_11      bioconda
docutils                         0.22.4           pyhd8ed1ab_0          conda-forge
fonttools                        4.61.1           py312h8a5da7c_0       conda-forge
freetype                         2.14.1           ha770c72_0            conda-forge
gencode-utr-fix                  1.0.0            pypi_0                pypi
h2                               4.3.0            pyhcf101f3_0          conda-forge
hpack                            4.1.0            pyhd8ed1ab_0          conda-forge
htslib                           1.22.1           h566b1c6_0            bioconda
hyperframe                       6.1.0            pyhd8ed1ab_0          conda-forge
icu                              78.2             h33c6efd_0            conda-forge
idna                             3.11             pyhd8ed1ab_0          conda-forge
imagesize                        1.4.1            pyhd8ed1ab_0          conda-forge
importlib-metadata               8.7.0            pyhe01879c_1          conda-forge
jansson                          2.15.0           h280c20c_0            conda-forge
jinja2                           3.1.6            pyhcf101f3_1          conda-forge
keyutils                         1.6.3            hb9d3cd8_0            conda-forge
kiwisolver                       1.4.9            py312h0a2e395_2       conda-forge
krb5                             1.22.2           ha1258a1_0            conda-forge
lcms2                            2.18             h0c24ade_0            conda-forge
ld_impl_linux-64                 2.45.1           default_hbd61a6d_101  conda-forge
lerc                             4.0.0            h0aef613_1            conda-forge
libblas                          3.11.0           5_h4a7cf45_openblas   conda-forge
libbrotlicommon                  1.2.0            hb03c661_1            conda-forge
libbrotlidec                     1.2.0            hb03c661_1            conda-forge
libbrotlienc                     1.2.0            hb03c661_1            conda-forge
libcblas                         3.11.0           5_h0358290_openblas   conda-forge
libcurl                          8.18.0           hcf29cc6_1            conda-forge
libdeflate                       1.25             h17f619e_0            conda-forge
libedit                          3.1.20250104     pl5321h7949ede_0      conda-forge
libev                            4.33             hd590300_2            conda-forge
libexpat                         2.7.3            hecca717_0            conda-forge
libffi                           3.5.2            h3435931_0            conda-forge
libfreetype                      2.14.1           ha770c72_0            conda-forge
libfreetype6                     2.14.1           h73754d4_0            conda-forge
libgcc                           15.2.0           he0feb66_17           conda-forge
libgcc-ng                        15.2.0           h69a702a_17           conda-forge
libgfortran                      15.2.0           h69a702a_17           conda-forge
libgfortran5                     15.2.0           h68bc16d_17           conda-forge
libgomp                          15.2.0           he0feb66_17           conda-forge
libiconv                         1.18             h3b78370_2            conda-forge
libjpeg-turbo                    3.1.2            hb03c661_0            conda-forge
liblapack                        3.11.0           5_h47877c9_openblas   conda-forge
liblzma                          5.8.2            hb03c661_0            conda-forge
libnghttp2                       1.67.0           had1ee68_0            conda-forge
libnsl                           2.0.1            hb9d3cd8_1            conda-forge
libopenblas                      0.3.30           pthreads_h94d23a6_4   conda-forge
libopenssl-static                3.6.1            hb03c661_1            conda-forge
libpng                           1.6.55           h421ea60_0            conda-forge
libsqlite                        3.51.2           hf4e2dac_0            conda-forge
libssh2                          1.11.1           hcf80075_0            conda-forge
libstdcxx                        15.2.0           h934c35e_17           conda-forge
libstdcxx-ng                     15.2.0           hdf11a46_17           conda-forge
libtiff                          4.7.1            h9d88235_1            conda-forge
libuuid                          2.41.3           h5347b49_0            conda-forge
libwebp-base                     1.6.0            hd42ef1d_0            conda-forge
libxcb                           1.17.0           h8a09558_0            conda-forge
libxcrypt                        4.4.36           hd590300_1            conda-forge
libzlib                          1.3.1            hb9d3cd8_2            conda-forge
markupsafe                       3.0.3            py312h8a5da7c_0       conda-forge
matplotlib-base                  3.10.8           py312he3d6523_0       conda-forge
munkres                          1.1.4            pyhd8ed1ab_1          conda-forge
mysql-connector-c                6.1.11           h659d440_1008         conda-forge
narwhals                         2.16.0           pyhcf101f3_0          conda-forge
natsort                          8.4.0            pypi_0                pypi
ncls                             0.0.70           pypi_0                pypi
ncurses                          6.5              h2d0b736_3            conda-forge
numpy                            2.4.2            py312h33ff503_1       conda-forge
numpydoc                         1.10.0           pyhcf101f3_0          conda-forge
openjpeg                         2.5.4            h55fea9a_0            conda-forge
openssl                          3.6.1            h35e630c_1            conda-forge
packaging                        26.0             pyhcf101f3_0          conda-forge
pandas                           3.0.0            pypi_0                pypi
pillow                           12.1.1           py312h50c33e8_0       conda-forge
pip                              26.0.1           pyh8b19718_0          conda-forge
plotly                           6.5.2            pyhd8ed1ab_0          conda-forge
pthread-stubs                    0.4              hb9d3cd8_1002         conda-forge
py2bit                           0.3.3            py312h0fa9677_1       bioconda
pybigwig                         0.3.25           py312h83fe50f_0       bioconda
pygments                         2.19.2           pyhd8ed1ab_0          conda-forge
pyparsing                        3.3.2            pyhcf101f3_0          conda-forge
pyranges                         0.1.4            pypi_0                pypi
pysam                            0.23.3           py312h8f9e533_2       bioconda
pysocks                          1.7.1            pyha55dd90_7          conda-forge
python                           3.12.12          hd63d673_2_cpython    conda-forge
python-dateutil                  2.9.0.post0      pyhe01879c_2          conda-forge
python_abi                       3.12             8_cp312               conda-forge
pytz                             2025.2           pyhd8ed1ab_0          conda-forge
qhull                            2020.2           h434a139_5            conda-forge
readline                         8.3              h853b02a_0            conda-forge
requests                         2.32.5           pyhcf101f3_1          conda-forge
roman-numerals                   4.1.0            pyhd8ed1ab_0          conda-forge
samtools                         1.22.1           h96c455f_0            bioconda
scipy                            1.17.0           py312h54fa4ab_1       conda-forge
setuptools                       82.0.0           pyh332efcf_0          conda-forge
six                              1.17.0           pyhe01879c_1          conda-forge
snowballstemmer                  3.0.1            pyhd8ed1ab_0          conda-forge
sorted-nearest                   0.0.41           pypi_0                pypi
sphinx                           9.1.0            pyhd8ed1ab_0          conda-forge
sphinxcontrib-applehelp          2.0.0            pyhd8ed1ab_1          conda-forge
sphinxcontrib-devhelp            2.0.0            pyhd8ed1ab_1          conda-forge
sphinxcontrib-htmlhelp           2.1.0            pyhd8ed1ab_1          conda-forge
sphinxcontrib-jsmath             1.0.1            pyhd8ed1ab_1          conda-forge
sphinxcontrib-qthelp             2.0.0            pyhd8ed1ab_1          conda-forge
sphinxcontrib-serializinghtml    1.1.10           pyhd8ed1ab_1          conda-forge
tabulate                         0.9.0            pypi_0                pypi
tk                               8.6.13           noxft_h366c992_103    conda-forge
tomli                            2.4.0            pyhcf101f3_0          conda-forge
tqdm                             4.67.3           pypi_0                pypi
tzdata                           2025c            hc9c84f9_1            conda-forge
ucsc-bigwiginfo                  482              h0b57e2e_0            bioconda
unicodedata2                     17.0.1           py312h4c3975b_0       conda-forge
urllib3                          2.6.3            pyhd8ed1ab_0          conda-forge
wheel                            0.46.3           pyhd8ed1ab_0          conda-forge
xorg-libxau                      1.0.12           hb03c661_1            conda-forge
xorg-libxdmcp                    1.1.5            hb03c661_1            conda-forge
zipp                             3.23.0           pyhcf101f3_1          conda-forge
zlib                             1.3.1            hb9d3cd8_2            conda-forge
zlib-ng                          2.3.3            hceb46e0_1            conda-forge
zstd                             1.5.7            hb78ec9c_6            conda-forge
Specified --scaleFactor: 1.0
normalization: CPM
bamFilesList: ['/work/pa-hilario/clipseq/20260421/CTL/output/mVenus-Con-rep6_L2_R1.genome.Aligned.sort.dedup.bam']
binLength: 1
numberOfSamples: None
blackListFileName: None
skipZeroOverZero: False
bed_and_bin: False
genomeChunkSize: None
defaultFragmentLength: read length
numberOfProcessors: 48
verbose: True
region: None
bedFile: None
minMappingQuality: None
ignoreDuplicates: False
chrsToSkip: []
stepSize: 1
center_read: False
samFlag_include: None
samFlag_exclude: None
minFragmentLength: 0
maxFragmentLength: 0
zerosToNans: False
smoothLength: None
save_data: False
out_file_for_raw_data: None
maxPairedFragmentLength: 1000
Final scaling factor: 59.15759583530526
ForkPoolWorker-27,  processing 8 (5192.6 per sec) reads @ chr4:65000000-70000000
ForkPoolWorker-27 countReadsInRegions_worker: processing 5000000 (9652254.1 per sec) @ chr4:65000000-70000000
ForkPoolWorker-27,  processing 0 (0.0 per sec) reads @ chr9:60000000-65000000
ForkPoolWorker-27 countReadsInRegions_worker: processing 5000000 (11193795.6 per sec) @ chr9:60000000-65000000
ForkPoolWorker-27,  processing 0 (0.0 per sec) reads @ chrUn_KI270511v1:0-8127
ForkPoolWorker-27 countReadsInRegions_worker: processing 8127 (2115503.5 per sec) @ chrUn_KI270511v1:0-8127
ForkPoolWorker-27,  processing 0 (0.0 per sec) reads @ chrUn_KI270374v1:0-2656
ForkPoolWorker-27 countReadsInRegions_worker: processing 2656 (834900.1 per sec) @ chrUn_KI270374v1:0-2656
ForkPoolWorker-27,  processing 3 (6416.6 per sec) reads @ chr10:110000000-115000000
ForkPoolWorker-27 countReadsInRegions_worker: processing 5000000 (11537856.8 per sec) @ chr10:110000000-115000000
ForkPoolWorker-27,  processing 6 (13896.1 per sec) reads @ chr15:95000000-100000000
ForkPoolWorker-27 countReadsInRegions_worker: processing 5000000 (11645966.1 per sec) @ chr15:95000000-100000000
ForkPoolWorker-27,  processing 40 (55701.2 per sec) reads @ chr7:130000000-135000000
ForkPoolWorker-27 countReadsInRegions_worker: processing 5000000 (11702008.2 per sec) @ chr7:130000000-135000000
ForkPoolWorker-27,  processing 51 (65576.2 per sec) reads @ chr1:20000000-25000000
ForkPoolWorker-27 countReadsInRegions_worker: processing 5000000 (11746684.3 per sec) @ chr1:20000000-25000000
ForkPoolWorker-27,  processing 0 (0.0 per sec) reads @ chrUn_KI270751v1:0-150742
ForkPoolWorker-27 countReadsInRegions_worker: processing 150742 (9424586.0 per sec) @ chrUn_KI270751v1:0-150742
ForkPoolWorker-27,  processing 42 (63664.9 per sec) reads @ chr12:45000000-50000000
ForkPoolWorker-27 countReadsInRegions_worker: processing 5000000 (11743073.2 per sec) @ chr12:45000000-50000000
ForkPoolWorker-27,  processing 14 (28244.5 per sec) reads @ chr1:115000000-120000000
ForkPoolWorker-27 countReadsInRegions_worker: processing 5000000 (11761441.2 per sec) @ chr1:115000000-120000000
ForkPoolWorker-27,  processing 27 (41912.0 per sec) reads @ chr17:45000000-50000000
ForkPoolWorker-27 countReadsInRegions_worker: processing 5000000 (10810830.9 per sec) @ chr17:45000000-50000000
ForkPoolWorker-27,  processing 4 (9620.0 per sec) reads @ chr1:195000000-200000000
ForkPoolWorker-27 countReadsInRegions_worker: processing 5000000 (11711451.2 per sec) @ chr1:195000000-200000000
ForkPoolWorker-27,  processing 0 (0.0 per sec) reads @ chr11_KI270721v1_random:0-100316
ForkPoolWorker-27 countReadsInRegions_worker: processing 100316 (9267953.0 per sec) @ chr11_KI270721v1_random:0-100316
ForkPoolWorker-27,  processing 10 (21766.0 per sec) reads @ chr9:80000000-85000000
ForkPoolWorker-27 countReadsInRegions_worker: processing 5000000 (11673218.1 per sec) @ chr9:80000000-85000000
ForkPoolWorker-19,  processing 19 (19755.0 per sec) reads @ chr12:75000000-80000000
ForkPoolWorker-19 countReadsInRegions_worker: processing 5000000 (10363010.1 per sec) @ chr12:75000000-80000000
ForkPoolWorker-19,  processing 0 (0.0 per sec) reads @ chrUn_KI270387v1:0-1537
ForkPoolWorker-19 countReadsInRegions_worker: processing 1537 (413299.5 per sec) @ chrUn_KI270387v1:0-1537
ForkPoolWorker-19,  processing 33 (51339.8 per sec) reads @ chr17:35000000-40000000
ForkPoolWorker-19 countReadsInRegions_worker: processing 5000000 (10931953.1 per sec) @ chr17:35000000-40000000
ForkPoolWorker-19,  processing 30 (48265.9 per sec) reads @ chr19:40000000-45000000
ForkPoolWorker-19 countReadsInRegions_worker: processing 5000000 (10996728.5 per sec) @ chr19:40000000-45000000
ForkPoolWorker-19,  processing 76 (83797.9 per sec) reads @ chr7:0-5000000
ForkPoolWorker-19 countReadsInRegions_worker: processing 5000000 (11208339.2 per sec) @ chr7:0-5000000
ForkPoolWorker-19,  processing 0 (0.0 per sec) reads @ chrUn_KI270425v1:0-1884
ForkPoolWorker-19 countReadsInRegions_worker: processing 1884 (619187.3 per sec) @ chrUn_KI270425v1:0-1884
ForkPoolWorker-19,  processing 0 (0.0 per sec) reads @ chrUn_KI270316v1:0-1444
ForkPoolWorker-19 countReadsInRegions_worker: processing 1444 (472137.1 per sec) @ chrUn_KI270316v1:0-1444
ForkPoolWorker-19,  processing 6 (15660.1 per sec) reads @ chr2:180000000-185000000
ForkPoolWorker-19 countReadsInRegions_worker: processing 5000000 (11407515.8 per sec) @ chr2:180000000-185000000
ForkPoolWorker-19,  processing 0 (0.0 per sec) reads @ chrUn_KI270310v1:0-1201
ForkPoolWorker-19 countReadsInRegions_worker: processing 1201 (383623.4 per sec) @ chrUn_KI270310v1:0-1201
ForkPoolWorker-19,  processing 10 (22795.1 per sec) reads @ chr8:120000000-125000000
ForkPoolWorker-19 countReadsInRegions_worker: processing 5000000 (11389976.0 per sec) @ chr8:120000000-125000000
ForkPoolWorker-19,  processing 13 (26302.9 per sec) reads @ chr2:150000000-155000000
ForkPoolWorker-19 countReadsInRegions_worker: processing 5000000 (11344357.7 per sec) @ chr2:150000000-155000000
ForkPoolWorker-19,  processing 74 (68380.4 per sec) reads @ chr13:110000000-114364328
ForkPoolWorker-19 countReadsInRegions_worker: processing 4364328 (11293723.2 per sec) @ chr13:110000000-114364328
ForkPoolWorker-19,  processing 0 (0.0 per sec) reads @ chrY:50000000-55000000
ForkPoolWorker-19 countReadsInRegions_worker: processing 5000000 (11994267.0 per sec) @ chrY:50000000-55000000
ForkPoolWorker-19,  processing 14 (24244.5 per sec) reads @ chr11:70000000-75000000
ForkPoolWorker-19 countReadsInRegions_worker: processing 5000000 (12051385.6 per sec) @ chr11:70000000-75000000
ForkPoolWorker-19,  processing 5 (11008.7 per sec) reads @ chr2:140000000-145000000
ForkPoolWorker-19 countReadsInRegions_worker: processing 5000000 (11834542.8 per sec) @ chr2:140000000-145000000
ForkPoolWorker-37,  processing 36 (15745.0 per sec) reads @ chr6:90000000-95000000
ForkPoolWorker-37 countReadsInRegions_worker: processing 5000000 (10143365.6 per sec) @ chr6:90000000-95000000
ForkPoolWorker-37,  processing 26 (37565.2 per sec) reads @ chr11:75000000-80000000
ForkPoolWorker-37 countReadsInRegions_worker: processing 5000000 (11163751.4 per sec) @ chr11:75000000-80000000
ForkPoolWorker-37,  processing 0 (0.0 per sec) reads @ chr5:45000000-50000000
ForkPoolWorker-37 countReadsInRegions_worker: processing 5000000 (11272810.7 per sec) @ chr5:45000000-50000000
ForkPoolWorker-37,  processing 69 (75151.1 per sec) reads @ chr7:40000000-45000000
ForkPoolWorker-37 countReadsInRegions_worker: processing 5000000 (11266191.6 per sec) @ chr7:40000000-45000000
ForkPoolWorker-37,  processing 7 (16221.1 per sec) reads @ chr2:105000000-110000000
ForkPoolWorker-37 countReadsInRegions_worker: processing 5000000 (11269533.5 per sec) @ chr2:105000000-110000000
ForkPoolWorker-37,  processing 0 (0.0 per sec) reads @ chr14_KI270726v1_random:0-43739
ForkPoolWorker-37 countReadsInRegions_worker: processing 43739 (6985289.7 per sec) @ chr14_KI270726v1_random:0-43739
ForkPoolWorker-37,  processing 7 (16230.0 per sec) reads @ chr15:45000000-50000000
ForkPoolWorker-37 countReadsInRegions_worker: processing 5000000 (11523642.6 per sec) @ chr15:45000000-50000000
ForkPoolWorker-37,  processing 0 (0.0 per sec) reads @ chr5_GL000208v1_random:0-92689
ForkPoolWorker-37 countReadsInRegions_worker: processing 92689 (8856924.5 per sec) @ chr5_GL000208v1_random:0-92689
ForkPoolWorker-37,  processing 8 (13662.2 per sec) reads @ chr6:45000000-50000000
ForkPoolWorker-37 countReadsInRegions_worker: processing 5000000 (11727463.9 per sec) @ chr6:45000000-50000000
ForkPoolWorker-37,  processing 20 (38550.6 per sec) reads @ chr3:95000000-100000000
ForkPoolWorker-37 countReadsInRegions_worker: processing 5000000 (11695247.4 per sec) @ chr3:95000000-100000000
ForkPoolWorker-37,  processing 163 (98228.7 per sec) reads @ chr19:0-5000000
ForkPoolWorker-37 countReadsInRegions_worker: processing 5000000 (10627224.3 per sec) @ chr19:0-5000000
ForkPoolWorker-37,  processing 17 (32888.9 per sec) reads @ chr10:10000000-15000000
ForkPoolWorker-37 countReadsInRegions_worker: processing 5000000 (11538288.4 per sec) @ chr10:10000000-15000000
ForkPoolWorker-37,  processing 0 (0.0 per sec) reads @ chrUn_KI270509v1:0-2318
ForkPoolWorker-37 countReadsInRegions_worker: processing 2318 (653079.6 per sec) @ chrUn_KI270509v1:0-2318
ForkPoolWorker-37,  processing 0 (0.0 per sec) reads @ chrUn_KI270411v1:0-2646
ForkPoolWorker-37 countReadsInRegions_worker: processing 2646 (750127.0 per sec) @ chrUn_KI270411v1:0-2646
ForkPoolWorker-37,  processing 61 (79064.4 per sec) reads @ chr14:65000000-70000000
ForkPoolWorker-37 countReadsInRegions_worker: processing 5000000 (11597156.1 per sec) @ chr14:65000000-70000000
ForkPoolWorker-36,  processing 0 (0.0 per sec) reads @ chrUn_KI270312v1:0-998
ForkPoolWorker-36 countReadsInRegions_worker: processing 998 (113246.1 per sec) @ chrUn_KI270312v1:0-998
ForkPoolWorker-36,  processing 8 (13905.7 per sec) reads @ chr2:145000000-150000000
ForkPoolWorker-36 countReadsInRegions_worker: processing 5000000 (10017745.9 per sec) @ chr2:145000000-150000000
ForkPoolWorker-36,  processing 13 (23271.9 per sec) reads @ chr7:55000000-60000000
ForkPoolWorker-36 countReadsInRegions_worker: processing 5000000 (11335962.9 per sec) @ chr7:55000000-60000000
ForkPoolWorker-36,  processing 6 (13842.6 per sec) reads @ chr14:80000000-85000000
ForkPoolWorker-36 countReadsInRegions_worker: processing 5000000 (11190611.9 per sec) @ chr14:80000000-85000000
ForkPoolWorker-36,  processing 15 (31441.6 per sec) reads @ chr3:115000000-120000000
ForkPoolWorker-36 countReadsInRegions_worker: processing 5000000 (11310736.9 per sec) @ chr3:115000000-120000000
ForkPoolWorker-36,  processing 6 (10381.9 per sec) reads @ chr2:185000000-190000000
ForkPoolWorker-36 countReadsInRegions_worker: processing 5000000 (11427512.8 per sec) @ chr2:185000000-190000000
ForkPoolWorker-36,  processing 10 (21564.5 per sec) reads @ chr16:10000000-15000000
ForkPoolWorker-36 countReadsInRegions_worker: processing 5000000 (11612986.1 per sec) @ chr16:10000000-15000000
ForkPoolWorker-36,  processing 0 (0.0 per sec) reads @ chr1_KI270714v1_random:0-41717
ForkPoolWorker-36 countReadsInRegions_worker: processing 41717 (6915139.7 per sec) @ chr1_KI270714v1_random:0-41717
ForkPoolWorker-36,  processing 10 (23237.1 per sec) reads @ chr5:15000000-20000000
ForkPoolWorker-36 countReadsInRegions_worker: processing 5000000 (11491218.6 per sec) @ chr5:15000000-20000000
ForkPoolWorker-36,  processing 6 (14298.8 per sec) reads @ chr10:55000000-60000000
ForkPoolWorker-36 countReadsInRegions_worker: processing 5000000 (11600864.1 per sec) @ chr10:55000000-60000000
ForkPoolWorker-36,  processing 0 (0.0 per sec) reads @ chrUn_KI270303v1:0-1942
ForkPoolWorker-36 countReadsInRegions_worker: processing 1942 (550583.9 per sec) @ chrUn_KI270303v1:0-1942
ForkPoolWorker-36,  processing 0 (0.0 per sec) reads @ chrUn_KI270317v1:0-37690
ForkPoolWorker-36 countReadsInRegions_worker: processing 37690 (6694757.9 per sec) @ chrUn_KI270317v1:0-37690
ForkPoolWorker-36,  processing 39 (49554.0 per sec) reads @ chr21:40000000-45000000
ForkPoolWorker-36 countReadsInRegions_worker: processing 5000000 (10777152.7 per sec) @ chr21:40000000-45000000
ForkPoolWorker-36,  processing 118 (79724.2 per sec) reads @ chr19:45000000-50000000
ForkPoolWorker-36 countReadsInRegions_worker: processing 5000000 (11918257.0 per sec) @ chr19:45000000-50000000
ForkPoolWorker-36,  processing 24 (36578.2 per sec) reads @ chr9:90000000-95000000
ForkPoolWorker-36 countReadsInRegions_worker: processing 5000000 (12033157.9 per sec) @ chr9:90000000-95000000
ForkPoolWorker-30,  processing 41 (20930.7 per sec) reads @ chr10:45000000-50000000
ForkPoolWorker-30 countReadsInRegions_worker: processing 5000000 (9004462.8 per sec) @ chr10:45000000-50000000
ForkPoolWorker-30,  processing 0 (0.0 per sec) reads @ chrUn_KI270335v1:0-1048
ForkPoolWorker-30 countReadsInRegions_worker: processing 1048 (170452.6 per sec) @ chrUn_KI270335v1:0-1048
ForkPoolWorker-30,  processing 30 (41107.2 per sec) reads @ chr1:230000000-235000000
ForkPoolWorker-30 countReadsInRegions_worker: processing 5000000 (11676695.4 per sec) @ chr1:230000000-235000000
ForkPoolWorker-30,  processing 0 (0.0 per sec) reads @ chrUn_KI270518v1:0-2186
ForkPoolWorker-30 countReadsInRegions_worker: processing 2186 (615434.9 per sec) @ chrUn_KI270518v1:0-2186
ForkPoolWorker-30,  processing 5 (11560.9 per sec) reads @ chr4:155000000-160000000
ForkPoolWorker-30 countReadsInRegions_worker: processing 5000000 (11650287.8 per sec) @ chr4:155000000-160000000
ForkPoolWorker-30,  processing 11 (23126.5 per sec) reads @ chr5:105000000-110000000
ForkPoolWorker-30 countReadsInRegions_worker: processing 5000000 (11461130.9 per sec) @ chr5:105000000-110000000
ForkPoolWorker-30,  processing 8 (18030.3 per sec) reads @ chr9:70000000-75000000
ForkPoolWorker-30 countReadsInRegions_worker: processing 5000000 (11289857.5 per sec) @ chr9:70000000-75000000
ForkPoolWorker-30,  processing 21 (34800.6 per sec) reads @ chr2:130000000-135000000
ForkPoolWorker-30 countReadsInRegions_worker: processing 5000000 (11222932.7 per sec) @ chr2:130000000-135000000
ForkPoolWorker-30,  processing 0 (0.0 per sec) reads @ chrUn_KI270587v1:0-2969
ForkPoolWorker-30 countReadsInRegions_worker: processing 2969 (877025.7 per sec) @ chrUn_KI270587v1:0-2969
ForkPoolWorker-30,  processing 11 (25280.7 per sec) reads @ chr15:30000000-35000000
ForkPoolWorker-30 countReadsInRegions_worker: processing 5000000 (11406616.1 per sec) @ chr15:30000000-35000000
ForkPoolWorker-30,  processing 0 (0.0 per sec) reads @ chr14_GL000009v2_random:0-201709
ForkPoolWorker-30 countReadsInRegions_worker: processing 201709 (9752719.0 per sec) @ chr14_GL000009v2_random:0-201709
ForkPoolWorker-30,  processing 81 (78862.3 per sec) reads @ chr12:110000000-115000000
ForkPoolWorker-30 countReadsInRegions_worker: processing 5000000 (11843177.6 per sec) @ chr12:110000000-115000000
ForkPoolWorker-30,  processing 8 (17829.1 per sec) reads @ chr5:155000000-160000000
ForkPoolWorker-30 countReadsInRegions_worker: processing 5000000 (10846184.1 per sec) @ chr5:155000000-160000000
ForkPoolWorker-30,  processing 11 (23337.0 per sec) reads @ chr1:80000000-85000000
ForkPoolWorker-30 countReadsInRegions_worker: processing 5000000 (11655506.6 per sec) @ chr1:80000000-85000000
ForkPoolWorker-30,  processing 28 (47701.3 per sec) reads @ chr3:170000000-175000000
ForkPoolWorker-30 countReadsInRegions_worker: processing 5000000 (11579661.7 per sec) @ chr3:170000000-175000000
ForkPoolWorker-33,  processing 18 (7750.5 per sec) reads @ chr11:55000000-60000000
ForkPoolWorker-33 countReadsInRegions_worker: processing 5000000 (9902689.6 per sec) @ chr11:55000000-60000000
ForkPoolWorker-33,  processing 8 (15224.3 per sec) reads @ chrX:120000000-125000000
ForkPoolWorker-33 countReadsInRegions_worker: processing 5000000 (11348476.9 per sec) @ chrX:120000000-125000000
ForkPoolWorker-33,  processing 14 (29199.5 per sec) reads @ chr2:50000000-55000000
ForkPoolWorker-33 countReadsInRegions_worker: processing 5000000 (11372076.9 per sec) @ chr2:50000000-55000000
ForkPoolWorker-33,  processing 0 (0.0 per sec) reads @ chr14:0-5000000
ForkPoolWorker-33 countReadsInRegions_worker: processing 5000000 (11300284.5 per sec) @ chr14:0-5000000
ForkPoolWorker-33,  processing 0 (0.0 per sec) reads @ chrUn_KI270544v1:0-1202
ForkPoolWorker-33 countReadsInRegions_worker: processing 1202 (373780.7 per sec) @ chrUn_KI270544v1:0-1202
ForkPoolWorker-33,  processing 25 (47576.0 per sec) reads @ chr5:50000000-55000000
ForkPoolWorker-33 countReadsInRegions_worker: processing 5000000 (11254335.4 per sec) @ chr5:50000000-55000000
ForkPoolWorker-33,  processing 3 (8683.9 per sec) reads @ chr6:170000000-170805979
ForkPoolWorker-33 countReadsInRegions_worker: processing 805979 (11472537.8 per sec) @ chr6:170000000-170805979
ForkPoolWorker-33,  processing 7 (14041.2 per sec) reads @ chr9:110000000-115000000
ForkPoolWorker-33 countReadsInRegions_worker: processing 5000000 (11903847.5 per sec) @ chr9:110000000-115000000
ForkPoolWorker-33,  processing 13 (21697.6 per sec) reads @ chr4:80000000-85000000
ForkPoolWorker-33 countReadsInRegions_worker: processing 5000000 (11873283.8 per sec) @ chr4:80000000-85000000
ForkPoolWorker-33,  processing 6 (10759.2 per sec) reads @ chr4:125000000-130000000
ForkPoolWorker-33 countReadsInRegions_worker: processing 5000000 (11740430.5 per sec) @ chr4:125000000-130000000
ForkPoolWorker-33,  processing 41 (47478.3 per sec) reads @ chr15:75000000-80000000
ForkPoolWorker-33 countReadsInRegions_worker: processing 5000000 (11987767.3 per sec) @ chr15:75000000-80000000
ForkPoolWorker-33,  processing 48 (51635.4 per sec) reads @ chr18:45000000-50000000
ForkPoolWorker-33 countReadsInRegions_worker: processing 5000000 (11764449.8 per sec) @ chr18:45000000-50000000
ForkPoolWorker-33,  processing 0 (0.0 per sec) reads @ chrUn_KI270385v1:0-990
ForkPoolWorker-33 countReadsInRegions_worker: processing 990 (133220.9 per sec) @ chrUn_KI270385v1:0-990
ForkPoolWorker-33,  processing 0 (0.0 per sec) reads @ chrUn_KI270372v1:0-1650
ForkPoolWorker-33 countReadsInRegions_worker: processing 1650 (447790.5 per sec) @ chrUn_KI270372v1:0-1650
ForkPoolWorker-33,  processing 27 (37523.6 per sec) reads @ chr1:90000000-95000000
ForkPoolWorker-33 countReadsInRegions_worker: processing 5000000 (11798947.5 per sec) @ chr1:90000000-95000000
ForkPoolWorker-13,  processing 13 (4698.9 per sec) reads @ chr14:60000000-65000000
ForkPoolWorker-13 countReadsInRegions_worker: processing 5000000 (9715167.5 per sec) @ chr14:60000000-65000000
ForkPoolWorker-13,  processing 0 (0.0 per sec) reads @ chrUn_KI270363v1:0-1803
ForkPoolWorker-13 countReadsInRegions_worker: processing 1803 (553287.2 per sec) @ chrUn_KI270363v1:0-1803
ForkPoolWorker-13,  processing 64 (70307.9 per sec) reads @ chr11:60000000-65000000
ForkPoolWorker-13 countReadsInRegions_worker: processing 5000000 (11096318.3 per sec) @ chr11:60000000-65000000
ForkPoolWorker-13,  processing 7 (16266.0 per sec) reads @ chr13:80000000-85000000
ForkPoolWorker-13 countReadsInRegions_worker: processing 5000000 (11092702.8 per sec) @ chr13:80000000-85000000
ForkPoolWorker-13,  processing 4 (13865.5 per sec) reads @ chrUn_GL000218v1:0-161147
ForkPoolWorker-13 countReadsInRegions_worker: processing 161147 (9391014.8 per sec) @ chrUn_GL000218v1:0-161147
ForkPoolWorker-13,  processing 45 (65331.8 per sec) reads @ chr11:110000000-115000000
ForkPoolWorker-13 countReadsInRegions_worker: processing 5000000 (11923732.3 per sec) @ chr11:110000000-115000000
ForkPoolWorker-13,  processing 0 (0.0 per sec) reads @ chrUn_KI270744v1:0-168472
ForkPoolWorker-13 countReadsInRegions_worker: processing 168472 (10607721.9 per sec) @ chrUn_KI270744v1:0-168472
ForkPoolWorker-13,  processing 4 (8981.4 per sec) reads @ chrX:25000000-30000000
ForkPoolWorker-13 countReadsInRegions_worker: processing 5000000 (11861337.0 per sec) @ chrX:25000000-30000000
ForkPoolWorker-13,  processing 31 (51049.6 per sec) reads @ chr14:15000000-20000000
ForkPoolWorker-13 countReadsInRegions_worker: processing 5000000 (11873256.9 per sec) @ chr14:15000000-20000000
ForkPoolWorker-13,  processing 37 (51885.4 per sec) reads @ chr9:95000000-100000000
ForkPoolWorker-13 countReadsInRegions_worker: processing 5000000 (11857836.1 per sec) @ chr9:95000000-100000000
ForkPoolWorker-13,  processing 32 (43790.4 per sec) reads @ chr13:25000000-30000000
ForkPoolWorker-13 countReadsInRegions_worker: processing 5000000 (11881308.8 per sec) @ chr13:25000000-30000000
ForkPoolWorker-13,  processing 0 (0.0 per sec) reads @ chr3_GL000221v1_random:0-155397
ForkPoolWorker-13 countReadsInRegions_worker: processing 155397 (10221790.6 per sec) @ chr3_GL000221v1_random:0-155397
ForkPoolWorker-13,  processing 67 (72614.6 per sec) reads @ chr20:35000000-40000000
ForkPoolWorker-13 countReadsInRegions_worker: processing 5000000 (11020913.5 per sec) @ chr20:35000000-40000000
ForkPoolWorker-13,  processing 6 (13588.5 per sec) reads @ chr12:15000000-20000000
ForkPoolWorker-13 countReadsInRegions_worker: processing 5000000 (11667587.4 per sec) @ chr12:15000000-20000000
ForkPoolWorker-13,  processing 8 (17531.1 per sec) reads @ chr4:85000000-90000000
ForkPoolWorker-13 countReadsInRegions_worker: processing 5000000 (11873008.2 per sec) @ chr4:85000000-90000000
ForkPoolWorker-3,  processing 114 (20880.9 per sec) reads @ chr19:5000000-10000000
ForkPoolWorker-3 countReadsInRegions_worker: processing 5000000 (9601904.7 per sec) @ chr19:5000000-10000000
ForkPoolWorker-3,  processing 5 (12321.7 per sec) reads @ chr11:35000000-40000000
ForkPoolWorker-3 countReadsInRegions_worker: processing 5000000 (11189101.3 per sec) @ chr11:35000000-40000000
ForkPoolWorker-3,  processing 11 (23979.9 per sec) reads @ chr18:25000000-30000000
ForkPoolWorker-3 countReadsInRegions_worker: processing 5000000 (11589830.4 per sec) @ chr18:25000000-30000000
ForkPoolWorker-3,  processing 16 (30685.4 per sec) reads @ chr14:75000000-80000000
ForkPoolWorker-3 countReadsInRegions_worker: processing 5000000 (11614452.5 per sec) @ chr14:75000000-80000000
ForkPoolWorker-3,  processing 5 (12694.6 per sec) reads @ chr15:100000000-101991189
ForkPoolWorker-3 countReadsInRegions_worker: processing 1991189 (11718985.2 per sec) @ chr15:100000000-101991189
ForkPoolWorker-3,  processing 0 (0.0 per sec) reads @ chrUn_KI270590v1:0-4685
ForkPoolWorker-3 countReadsInRegions_worker: processing 4685 (1325663.8 per sec) @ chrUn_KI270590v1:0-4685
ForkPoolWorker-3,  processing 9 (20493.3 per sec) reads @ chrX:145000000-150000000
ForkPoolWorker-3 countReadsInRegions_worker: processing 5000000 (12204608.2 per sec) @ chrX:145000000-150000000
ForkPoolWorker-3,  processing 103 (90209.5 per sec) reads @ chr19:15000000-20000000
ForkPoolWorker-3 countReadsInRegions_worker: processing 5000000 (12117460.9 per sec) @ chr19:15000000-20000000
ForkPoolWorker-3,  processing 20 (33039.0 per sec) reads @ chr6:5000000-10000000
ForkPoolWorker-3 countReadsInRegions_worker: processing 5000000 (12108610.5 per sec) @ chr6:5000000-10000000
ForkPoolWorker-3,  processing 7 (15583.9 per sec) reads @ chr8:115000000-120000000
ForkPoolWorker-3 countReadsInRegions_worker: processing 5000000 (12166296.6 per sec) @ chr8:115000000-120000000
ForkPoolWorker-3,  processing 41 (54111.5 per sec) reads @ chr12:130000000-133275309
ForkPoolWorker-3 countReadsInRegions_worker: processing 3275309 (11970966.4 per sec) @ chr12:130000000-133275309
ForkPoolWorker-3,  processing 0 (0.0 per sec) reads @ chr2_KI270716v1_random:0-153799
ForkPoolWorker-3 countReadsInRegions_worker: processing 153799 (9262132.8 per sec) @ chr2_KI270716v1_random:0-153799
ForkPoolWorker-3,  processing 48 (70026.6 per sec) reads @ chr1:145000000-150000000
ForkPoolWorker-3 countReadsInRegions_worker: processing 5000000 (11555205.9 per sec) @ chr1:145000000-150000000
ForkPoolWorker-3,  processing 0 (0.0 per sec) reads @ chrUn_KI270304v1:0-2165
ForkPoolWorker-3 countReadsInRegions_worker: processing 2165 (595102.4 per sec) @ chrUn_KI270304v1:0-2165
ForkPoolWorker-3,  processing 16 (26672.8 per sec) reads @ chr3:70000000-75000000
ForkPoolWorker-3 countReadsInRegions_worker: processing 5000000 (11896284.6 per sec) @ chr3:70000000-75000000
ForkPoolWorker-40,  processing 0 (0.0 per sec) reads @ chr14_KI270724v1_random:0-39555
ForkPoolWorker-40 countReadsInRegions_worker: processing 39555 (1370498.5 per sec) @ chr14_KI270724v1_random:0-39555
ForkPoolWorker-40,  processing 39 (40112.3 per sec) reads @ chr1:45000000-50000000
ForkPoolWorker-40 countReadsInRegions_worker: processing 5000000 (10133626.6 per sec) @ chr1:45000000-50000000
ForkPoolWorker-40,  processing 116 (84045.5 per sec) reads @ chr17:5000000-10000000
ForkPoolWorker-40 countReadsInRegions_worker: processing 5000000 (11698281.0 per sec) @ chr17:5000000-10000000
ForkPoolWorker-40,  processing 4 (9880.6 per sec) reads @ chrX:30000000-35000000
ForkPoolWorker-40 countReadsInRegions_worker: processing 5000000 (11656057.3 per sec) @ chrX:30000000-35000000
ForkPoolWorker-40,  processing 2 (5062.5 per sec) reads @ chr9:15000000-20000000
ForkPoolWorker-40 countReadsInRegions_worker: processing 5000000 (11887120.8 per sec) @ chr9:15000000-20000000
ForkPoolWorker-40,  processing 8 (17763.1 per sec) reads @ chr5:80000000-85000000
ForkPoolWorker-40 countReadsInRegions_worker: processing 5000000 (11990289.5 per sec) @ chr5:80000000-85000000
ForkPoolWorker-40,  processing 0 (0.0 per sec) reads @ chr2_KI270715v1_random:0-161471
ForkPoolWorker-40 countReadsInRegions_worker: processing 161471 (8971499.0 per sec) @ chr2_KI270715v1_random:0-161471
ForkPoolWorker-40,  processing 37 (55031.6 per sec) reads @ chr8:20000000-25000000
ForkPoolWorker-40 countReadsInRegions_worker: processing 5000000 (11833033.7 per sec) @ chr8:20000000-25000000
ForkPoolWorker-40,  processing 12 (24232.9 per sec) reads @ chr8:65000000-70000000
ForkPoolWorker-40 countReadsInRegions_worker: processing 5000000 (11784076.5 per sec) @ chr8:65000000-70000000
ForkPoolWorker-40,  processing 5 (12350.7 per sec) reads @ chr18:80000000-80373285
ForkPoolWorker-40 countReadsInRegions_worker: processing 373285 (10136481.3 per sec) @ chr18:80000000-80373285
ForkPoolWorker-40,  processing 22 (38495.9 per sec) reads @ chr5:70000000-75000000
ForkPoolWorker-40 countReadsInRegions_worker: processing 5000000 (11884560.9 per sec) @ chr5:70000000-75000000
ForkPoolWorker-40,  processing 25 (43186.8 per sec) reads @ chr4:120000000-125000000
ForkPoolWorker-40 countReadsInRegions_worker: processing 5000000 (11908187.0 per sec) @ chr4:120000000-125000000
ForkPoolWorker-40,  processing 12 (22846.9 per sec) reads @ chr4:35000000-40000000
ForkPoolWorker-40 countReadsInRegions_worker: processing 5000000 (11745822.5 per sec) @ chr4:35000000-40000000
ForkPoolWorker-40,  processing 0 (0.0 per sec) reads @ chrUn_KI270418v1:0-2145
ForkPoolWorker-40 countReadsInRegions_worker: processing 2145 (581187.5 per sec) @ chrUn_KI270418v1:0-2145
ForkPoolWorker-40,  processing 110 (84795.7 per sec) reads @ chr4:0-5000000
ForkPoolWorker-40 countReadsInRegions_worker: processing 5000000 (11775435.1 per sec) @ chr4:0-5000000
ForkPoolWorker-45,  processing 48 (41485.0 per sec) reads @ chr6:40000000-45000000
ForkPoolWorker-45 countReadsInRegions_worker: processing 5000000 (9819341.0 per sec) @ chr6:40000000-45000000
ForkPoolWorker-45,  processing 8 (11081.4 per sec) reads @ chr11:85000000-90000000
ForkPoolWorker-45 countReadsInRegions_worker: processing 5000000 (11868922.7 per sec) @ chr11:85000000-90000000
ForkPoolWorker-45,  processing 0 (0.0 per sec) reads @ chrUn_KI270336v1:0-1026
ForkPoolWorker-45 countReadsInRegions_worker: processing 1026 (286699.3 per sec) @ chrUn_KI270336v1:0-1026
ForkPoolWorker-45,  processing 0 (0.0 per sec) reads @ chr1_KI270706v1_random:0-175055
ForkPoolWorker-45 countReadsInRegions_worker: processing 175055 (9487329.1 per sec) @ chr1_KI270706v1_random:0-175055
ForkPoolWorker-45,  processing 0 (0.0 per sec) reads @ chrUn_KI270305v1:0-1472
ForkPoolWorker-45 countReadsInRegions_worker: processing 1472 (268004.3 per sec) @ chrUn_KI270305v1:0-1472
ForkPoolWorker-45,  processing 35 (44270.4 per sec) reads @ chr10:100000000-105000000
ForkPoolWorker-45 countReadsInRegions_worker: processing 5000000 (11740949.7 per sec) @ chr10:100000000-105000000
ForkPoolWorker-45,  processing 13 (24212.2 per sec) reads @ chr4:180000000-185000000
ForkPoolWorker-45 countReadsInRegions_worker: processing 5000000 (11537837.7 per sec) @ chr4:180000000-185000000
ForkPoolWorker-45,  processing 0 (0.0 per sec) reads @ chrUn_GL000219v1:0-179198
ForkPoolWorker-45 countReadsInRegions_worker: processing 179198 (10494280.8 per sec) @ chrUn_GL000219v1:0-179198
ForkPoolWorker-45,  processing 16 (24358.9 per sec) reads @ chr20:10000000-15000000
ForkPoolWorker-45 countReadsInRegions_worker: processing 5000000 (11733224.7 per sec) @ chr20:10000000-15000000
ForkPoolWorker-45,  processing 19 (23019.0 per sec) reads @ chr1:35000000-40000000
ForkPoolWorker-45 countReadsInRegions_worker: processing 5000000 (11527741.0 per sec) @ chr1:35000000-40000000
ForkPoolWorker-45,  processing 5 (10165.5 per sec) reads @ chr2:75000000-80000000
ForkPoolWorker-45 countReadsInRegions_worker: processing 5000000 (11646852.2 per sec) @ chr2:75000000-80000000
ForkPoolWorker-45,  processing 27 (33307.7 per sec) reads @ chr2:25000000-30000000
ForkPoolWorker-45 countReadsInRegions_worker: processing 5000000 (11684925.5 per sec) @ chr2:25000000-30000000
ForkPoolWorker-45,  processing 4 (8330.3 per sec) reads @ chr12:80000000-85000000
ForkPoolWorker-45 countReadsInRegions_worker: processing 5000000 (11915399.4 per sec) @ chr12:80000000-85000000
ForkPoolWorker-45,  processing 20 (29948.6 per sec) reads @ chr3:140000000-145000000
ForkPoolWorker-45 countReadsInRegions_worker: processing 5000000 (11953255.2 per sec) @ chr3:140000000-145000000
ForkPoolWorker-45,  processing 0 (0.0 per sec) reads @ chr18:15000000-20000000
ForkPoolWorker-45 countReadsInRegions_worker: processing 5000000 (11898437.7 per sec) @ chr18:15000000-20000000
ForkPoolWorker-15,  processing 8 (2010.1 per sec) reads @ chr13:85000000-90000000
ForkPoolWorker-15 countReadsInRegions_worker: processing 5000000 (9820550.3 per sec) @ chr13:85000000-90000000
ForkPoolWorker-15,  processing 14 (20151.1 per sec) reads @ chr20:15000000-20000000
ForkPoolWorker-15 countReadsInRegions_worker: processing 5000000 (11547201.9 per sec) @ chr20:15000000-20000000
ForkPoolWorker-15,  processing 6 (14396.9 per sec) reads @ chr2:160000000-165000000
ForkPoolWorker-15 countReadsInRegions_worker: processing 5000000 (11956212.8 per sec) @ chr2:160000000-165000000
ForkPoolWorker-15,  processing 5 (11755.3 per sec) reads @ chr5:165000000-170000000
ForkPoolWorker-15 countReadsInRegions_worker: processing 5000000 (12024650.8 per sec) @ chr5:165000000-170000000
ForkPoolWorker-15,  processing 241 (124978.6 per sec) reads @ chr16:0-5000000
ForkPoolWorker-15 countReadsInRegions_worker: processing 5000000 (12009061.4 per sec) @ chr16:0-5000000
ForkPoolWorker-15,  processing 0 (0.0 per sec) reads @ chr9_KI270717v1_random:0-40062
ForkPoolWorker-15 countReadsInRegions_worker: processing 40062 (6107374.9 per sec) @ chr9_KI270717v1_random:0-40062
ForkPoolWorker-15,  processing 20 (42260.0 per sec) reads @ chr6:50000000-55000000
ForkPoolWorker-15 countReadsInRegions_worker: processing 5000000 (11916117.1 per sec) @ chr6:50000000-55000000
ForkPoolWorker-15,  processing 5 (12136.3 per sec) reads @ chr11:105000000-110000000
ForkPoolWorker-15 countReadsInRegions_worker: processing 5000000 (11725667.2 per sec) @ chr11:105000000-110000000
ForkPoolWorker-15,  processing 0 (0.0 per sec) reads @ chrUn_KI270379v1:0-1045
ForkPoolWorker-15 countReadsInRegions_worker: processing 1045 (297317.0 per sec) @ chrUn_KI270379v1:0-1045
ForkPoolWorker-15,  processing 0 (0.0 per sec) reads @ chrUn_KI270510v1:0-2415
ForkPoolWorker-15 countReadsInRegions_worker: processing 2415 (776425.3 per sec) @ chrUn_KI270510v1:0-2415
ForkPoolWorker-15,  processing 3 (7923.7 per sec) reads @ chrX:60000000-65000000
ForkPoolWorker-15 countReadsInRegions_worker: processing 5000000 (11972437.4 per sec) @ chrX:60000000-65000000
ForkPoolWorker-15,  processing 5 (11676.8 per sec) reads @ chr3:165000000-170000000
ForkPoolWorker-15 countReadsInRegions_worker: processing 5000000 (11080869.2 per sec) @ chr3:165000000-170000000
ForkPoolWorker-15,  processing 66 (66656.4 per sec) reads @ chr6:30000000-35000000
ForkPoolWorker-15 countReadsInRegions_worker: processing 5000000 (11980727.1 per sec) @ chr6:30000000-35000000
ForkPoolWorker-15,  processing 22 (39773.6 per sec) reads @ chr2:155000000-160000000
ForkPoolWorker-15 countReadsInRegions_worker: processing 5000000 (12000780.5 per sec) @ chr2:155000000-160000000
ForkPoolWorker-15,  processing 0 (0.0 per sec) reads @ chr21:0-5000000
ForkPoolWorker-15 countReadsInRegions_worker: processing 5000000 (12175217.5 per sec) @ chr21:0-5000000
ForkPoolWorker-4,  processing 11 (3577.9 per sec) reads @ chr3:160000000-165000000
ForkPoolWorker-4 countReadsInRegions_worker: processing 5000000 (9699059.6 per sec) @ chr3:160000000-165000000
ForkPoolWorker-4,  processing 6 (14471.4 per sec) reads @ chr1:95000000-100000000
ForkPoolWorker-4 countReadsInRegions_worker: processing 5000000 (11080787.2 per sec) @ chr1:95000000-100000000
ForkPoolWorker-4,  processing 3 (8128.5 per sec) reads @ chr6:140000000-145000000
ForkPoolWorker-4 countReadsInRegions_worker: processing 5000000 (11231064.7 per sec) @ chr6:140000000-145000000
ForkPoolWorker-4,  processing 8 (19262.0 per sec) reads @ chr4:135000000-140000000
ForkPoolWorker-4 countReadsInRegions_worker: processing 5000000 (11496220.3 per sec) @ chr4:135000000-140000000
ForkPoolWorker-4,  processing 50 (65782.7 per sec) reads @ chr1:25000000-30000000
ForkPoolWorker-4 countReadsInRegions_worker: processing 5000000 (11740693.4 per sec) @ chr1:25000000-30000000
ForkPoolWorker-4,  processing 12 (25178.4 per sec) reads @ chr11:40000000-45000000
ForkPoolWorker-4 countReadsInRegions_worker: processing 5000000 (11706652.7 per sec) @ chr11:40000000-45000000
ForkPoolWorker-4,  processing 0 (0.0 per sec) reads @ chrUn_GL000216v2:0-176608
ForkPoolWorker-4 countReadsInRegions_worker: processing 176608 (9555937.9 per sec) @ chrUn_GL000216v2:0-176608
ForkPoolWorker-4,  processing 0 (0.0 per sec) reads @ chrUn_KI270395v1:0-1143
ForkPoolWorker-4 countReadsInRegions_worker: processing 1143 (340175.2 per sec) @ chrUn_KI270395v1:0-1143
ForkPoolWorker-4,  processing 24 (43240.2 per sec) reads @ chr2:5000000-10000000
ForkPoolWorker-4 countReadsInRegions_worker: processing 5000000 (11863350.0 per sec) @ chr2:5000000-10000000
ForkPoolWorker-4,  processing 27 (44850.0 per sec) reads @ chrX:75000000-80000000
ForkPoolWorker-4 countReadsInRegions_worker: processing 5000000 (11861095.5 per sec) @ chrX:75000000-80000000
ForkPoolWorker-4,  processing 2 (4894.2 per sec) reads @ chr9:65000000-70000000
ForkPoolWorker-4 countReadsInRegions_worker: processing 5000000 (11096277.2 per sec) @ chr9:65000000-70000000
ForkPoolWorker-4,  processing 0 (0.0 per sec) reads @ chrUn_KI270747v1:0-198735
ForkPoolWorker-4 countReadsInRegions_worker: processing 198735 (10591819.4 per sec) @ chrUn_KI270747v1:0-198735
ForkPoolWorker-4,  processing 0 (0.0 per sec) reads @ chr14:10000000-15000000
ForkPoolWorker-4 countReadsInRegions_worker: processing 5000000 (11754730.1 per sec) @ chr14:10000000-15000000
ForkPoolWorker-4,  processing 0 (0.0 per sec) reads @ chrUn_KI270429v1:0-1361
ForkPoolWorker-4 countReadsInRegions_worker: processing 1361 (369694.2 per sec) @ chrUn_KI270429v1:0-1361
ForkPoolWorker-4,  processing 7 (16883.3 per sec) reads @ chr3:80000000-85000000
ForkPoolWorker-4 countReadsInRegions_worker: processing 5000000 (11904415.1 per sec) @ chr3:80000000-85000000
ForkPoolWorker-31,  processing 17 (16605.3 per sec) reads @ chr11:115000000-120000000
ForkPoolWorker-31 countReadsInRegions_worker: processing 5000000 (9570250.7 per sec) @ chr11:115000000-120000000
ForkPoolWorker-31,  processing 41 (61791.8 per sec) reads @ chr3:195000000-198295559
ForkPoolWorker-31 countReadsInRegions_worker: processing 3295559 (11871954.8 per sec) @ chr3:195000000-198295559
ForkPoolWorker-31,  processing 8 (16384.0 per sec) reads @ chr14:30000000-35000000
ForkPoolWorker-31 countReadsInRegions_worker: processing 5000000 (12154084.3 per sec) @ chr14:30000000-35000000
ForkPoolWorker-31,  processing 6 (13287.1 per sec) reads @ chr13:70000000-75000000
ForkPoolWorker-31 countReadsInRegions_worker: processing 5000000 (12240996.5 per sec) @ chr13:70000000-75000000
ForkPoolWorker-31,  processing 97 (104668.8 per sec) reads @ chr15:35000000-40000000
ForkPoolWorker-31 countReadsInRegions_worker: processing 5000000 (12130385.5 per sec) @ chr15:35000000-40000000
ForkPoolWorker-31,  processing 10 (19463.1 per sec) reads @ chr14:70000000-75000000
ForkPoolWorker-31 countReadsInRegions_worker: processing 5000000 (12166296.6 per sec) @ chr14:70000000-75000000
ForkPoolWorker-31,  processing 70 (72494.1 per sec) reads @ chr3:45000000-50000000
ForkPoolWorker-31 countReadsInRegions_worker: processing 5000000 (12165103.9 per sec) @ chr3:45000000-50000000
ForkPoolWorker-31,  processing 203 (90080.8 per sec) reads @ chr21:5000000-10000000
ForkPoolWorker-31 countReadsInRegions_worker: processing 5000000 (12141165.4 per sec) @ chr21:5000000-10000000
ForkPoolWorker-31,  processing 9 (18122.3 per sec) reads @ chr2:205000000-210000000
ForkPoolWorker-31 countReadsInRegions_worker: processing 5000000 (12219435.1 per sec) @ chr2:205000000-210000000
ForkPoolWorker-31,  processing 0 (0.0 per sec) reads @ chrY:40000000-45000000
ForkPoolWorker-31 countReadsInRegions_worker: processing 5000000 (12190249.4 per sec) @ chrY:40000000-45000000
ForkPoolWorker-31,  processing 70 (87277.4 per sec) reads @ chr21:45000000-46709983
ForkPoolWorker-31 countReadsInRegions_worker: processing 1709983 (11631871.2 per sec) @ chr21:45000000-46709983
ForkPoolWorker-31,  processing 86 (99041.8 per sec) reads @ chr5:60000000-65000000
ForkPoolWorker-31 countReadsInRegions_worker: processing 5000000 (11919774.4 per sec) @ chr5:60000000-65000000
ForkPoolWorker-31,  processing 0 (0.0 per sec) reads @ chrUn_KI270521v1:0-7642
ForkPoolWorker-31 countReadsInRegions_worker: processing 7642 (1832535.1 per sec) @ chrUn_KI270521v1:0-7642
ForkPoolWorker-31,  processing 11 (23515.5 per sec) reads @ chr8:35000000-40000000
ForkPoolWorker-31 countReadsInRegions_worker: processing 5000000 (12171211.0 per sec) @ chr8:35000000-40000000
ForkPoolWorker-31,  processing 0 (0.0 per sec) reads @ chr22_KI270732v1_random:0-41543
ForkPoolWorker-31 countReadsInRegions_worker: processing 41543 (6497519.2 per sec) @ chr22_KI270732v1_random:0-41543
ForkPoolWorker-16,  processing 8 (6155.6 per sec) reads @ chr19:20000000-25000000
ForkPoolWorker-16 countReadsInRegions_worker: processing 5000000 (10348783.5 per sec) @ chr19:20000000-25000000
ForkPoolWorker-16,  processing 17 (30787.2 per sec) reads @ chr8:5000000-10000000
ForkPoolWorker-16 countReadsInRegions_worker: processing 5000000 (11249246.3 per sec) @ chr8:5000000-10000000
ForkPoolWorker-16,  processing 6 (13052.8 per sec) reads @ chr2:195000000-200000000
ForkPoolWorker-16 countReadsInRegions_worker: processing 5000000 (11292593.2 per sec) @ chr2:195000000-200000000
ForkPoolWorker-16,  processing 30 (51442.8 per sec) reads @ chr10:65000000-70000000
ForkPoolWorker-16 countReadsInRegions_worker: processing 5000000 (11632891.0 per sec) @ chr10:65000000-70000000
ForkPoolWorker-16,  processing 13 (26468.9 per sec) reads @ chr7:140000000-145000000
ForkPoolWorker-16 countReadsInRegions_worker: processing 5000000 (11669885.8 per sec) @ chr7:140000000-145000000
ForkPoolWorker-16,  processing 0 (0.0 per sec) reads @ chrUn_KI270508v1:0-1951
ForkPoolWorker-16 countReadsInRegions_worker: processing 1951 (501506.8 per sec) @ chrUn_KI270508v1:0-1951
ForkPoolWorker-16,  processing 7 (15404.1 per sec) reads @ chr10:80000000-85000000
ForkPoolWorker-16 countReadsInRegions_worker: processing 5000000 (11758295.7 per sec) @ chr10:80000000-85000000
ForkPoolWorker-16,  processing 0 (0.0 per sec) reads @ chr16_KI270728v1_random:0-1872759
ForkPoolWorker-16 countReadsInRegions_worker: processing 1872759 (11946065.8 per sec) @ chr16_KI270728v1_random:0-1872759
ForkPoolWorker-16,  processing 34 (51856.8 per sec) reads @ chr15:40000000-45000000
ForkPoolWorker-16 countReadsInRegions_worker: processing 5000000 (12101092.5 per sec) @ chr15:40000000-45000000
ForkPoolWorker-16,  processing 6 (13721.8 per sec) reads @ chr7:75000000-80000000
ForkPoolWorker-16 countReadsInRegions_worker: processing 5000000 (12130876.7 per sec) @ chr7:75000000-80000000
ForkPoolWorker-16,  processing 10 (20510.0 per sec) reads @ chr20:25000000-30000000
ForkPoolWorker-16 countReadsInRegions_worker: processing 5000000 (12094853.2 per sec) @ chr20:25000000-30000000
ForkPoolWorker-16,  processing 17 (32278.5 per sec) reads @ chr4:75000000-80000000
ForkPoolWorker-16 countReadsInRegions_worker: processing 5000000 (11877950.9 per sec) @ chr4:75000000-80000000
ForkPoolWorker-16,  processing 10 (19963.4 per sec) reads @ chr5:30000000-35000000
ForkPoolWorker-16 countReadsInRegions_worker: processing 5000000 (11915453.6 per sec) @ chr5:30000000-35000000
ForkPoolWorker-16,  processing 17 (31662.2 per sec) reads @ chr7:35000000-40000000
ForkPoolWorker-16 countReadsInRegions_worker: processing 5000000 (12284744.1 per sec) @ chr7:35000000-40000000
ForkPoolWorker-16,  processing 0 (0.0 per sec) reads @ chr1_KI270710v1_random:0-40176
ForkPoolWorker-16 countReadsInRegions_worker: processing 40176 (6212363.4 per sec) @ chr1_KI270710v1_random:0-40176
ForkPoolWorker-12,  processing 21 (6004.5 per sec) reads @ chr8:40000000-45000000
ForkPoolWorker-12 countReadsInRegions_worker: processing 5000000 (10308530.6 per sec) @ chr8:40000000-45000000
ForkPoolWorker-12,  processing 38 (49026.0 per sec) reads @ chr5:0-5000000
ForkPoolWorker-12 countReadsInRegions_worker: processing 5000000 (11591258.9 per sec) @ chr5:0-5000000
ForkPoolWorker-12,  processing 121 (96503.3 per sec) reads @ chr19:10000000-15000000
ForkPoolWorker-12 countReadsInRegions_worker: processing 5000000 (11549790.2 per sec) @ chr19:10000000-15000000
ForkPoolWorker-12,  processing 2 (4940.3 per sec) reads @ chrX:90000000-95000000
ForkPoolWorker-12 countReadsInRegions_worker: processing 5000000 (11335190.9 per sec) @ chrX:90000000-95000000
ForkPoolWorker-12,  processing 13 (24451.1 per sec) reads @ chr3:120000000-125000000
ForkPoolWorker-12 countReadsInRegions_worker: processing 5000000 (11463260.9 per sec) @ chr3:120000000-125000000
ForkPoolWorker-12,  processing 0 (0.0 per sec) reads @ chrUn_KI270435v1:0-92983
ForkPoolWorker-12 countReadsInRegions_worker: processing 92983 (8303680.6 per sec) @ chrUn_KI270435v1:0-92983
ForkPoolWorker-12,  processing 0 (0.0 per sec) reads @ chrUn_KI270593v1:0-3041
ForkPoolWorker-12 countReadsInRegions_worker: processing 3041 (905436.1 per sec) @ chrUn_KI270593v1:0-3041
ForkPoolWorker-12,  processing 0 (0.0 per sec) reads @ chrY:35000000-40000000
ForkPoolWorker-12 countReadsInRegions_worker: processing 5000000 (11349250.7 per sec) @ chrY:35000000-40000000
ForkPoolWorker-12,  processing 9 (19230.1 per sec) reads @ chr2:15000000-20000000
ForkPoolWorker-12 countReadsInRegions_worker: processing 5000000 (11467297.6 per sec) @ chr2:15000000-20000000
ForkPoolWorker-12,  processing 0 (0.0 per sec) reads @ chr22:5000000-10000000
ForkPoolWorker-12 countReadsInRegions_worker: processing 5000000 (11598721.1 per sec) @ chr22:5000000-10000000
ForkPoolWorker-12,  processing 19 (29298.4 per sec) reads @ chr11:45000000-50000000
ForkPoolWorker-12 countReadsInRegions_worker: processing 5000000 (10757301.2 per sec) @ chr11:45000000-50000000
ForkPoolWorker-12,  processing 12 (26886.6 per sec) reads @ chr4:30000000-35000000
ForkPoolWorker-12 countReadsInRegions_worker: processing 5000000 (11850545.9 per sec) @ chr4:30000000-35000000
ForkPoolWorker-12,  processing 9 (20208.1 per sec) reads @ chr6:135000000-140000000
ForkPoolWorker-12 countReadsInRegions_worker: processing 5000000 (11908112.6 per sec) @ chr6:135000000-140000000
ForkPoolWorker-12,  processing 0 (0.0 per sec) reads @ chrUn_KI270376v1:0-1136
ForkPoolWorker-12 countReadsInRegions_worker: processing 1136 (321008.5 per sec) @ chrUn_KI270376v1:0-1136
ForkPoolWorker-12,  processing 6 (14708.3 per sec) reads @ chr16:60000000-65000000
ForkPoolWorker-12 countReadsInRegions_worker: processing 5000000 (12067932.3 per sec) @ chr16:60000000-65000000
ForkPoolWorker-18,  processing 7 (2716.0 per sec) reads @ chr18:40000000-45000000
ForkPoolWorker-18 countReadsInRegions_worker: processing 5000000 (9505647.0 per sec) @ chr18:40000000-45000000
ForkPoolWorker-18,  processing 13 (20987.7 per sec) reads @ chr1:55000000-60000000
ForkPoolWorker-18 countReadsInRegions_worker: processing 5000000 (11385931.8 per sec) @ chr1:55000000-60000000
ForkPoolWorker-18,  processing 17 (32980.2 per sec) reads @ chr11:125000000-130000000
ForkPoolWorker-18 countReadsInRegions_worker: processing 5000000 (11342388.2 per sec) @ chr11:125000000-130000000
ForkPoolWorker-18,  processing 75 (87869.5 per sec) reads @ chr5:150000000-155000000
ForkPoolWorker-18 countReadsInRegions_worker: processing 5000000 (11278515.6 per sec) @ chr5:150000000-155000000
ForkPoolWorker-18,  processing 34 (55510.4 per sec) reads @ chrX:115000000-120000000
ForkPoolWorker-18 countReadsInRegions_worker: processing 5000000 (11239081.9 per sec) @ chrX:115000000-120000000
ForkPoolWorker-18,  processing 55 (66384.7 per sec) reads @ chr5:170000000-175000000
ForkPoolWorker-18 countReadsInRegions_worker: processing 5000000 (11316266.5 per sec) @ chr5:170000000-175000000
ForkPoolWorker-18,  processing 0 (0.0 per sec) reads @ chr9_KI270718v1_random:0-38054
ForkPoolWorker-18 countReadsInRegions_worker: processing 38054 (6151861.4 per sec) @ chr9_KI270718v1_random:0-38054
ForkPoolWorker-18,  processing 18 (29723.4 per sec) reads @ chr20:0-5000000
ForkPoolWorker-18 countReadsInRegions_worker: processing 5000000 (11469254.3 per sec) @ chr20:0-5000000
ForkPoolWorker-18,  processing 7 (16338.4 per sec) reads @ chr11:80000000-85000000
ForkPoolWorker-18 countReadsInRegions_worker: processing 5000000 (11564993.6 per sec) @ chr11:80000000-85000000
ForkPoolWorker-18,  processing 0 (0.0 per sec) reads @ chr1_KI270707v1_random:0-32032
ForkPoolWorker-18 countReadsInRegions_worker: processing 32032 (6292241.7 per sec) @ chr1_KI270707v1_random:0-32032
ForkPoolWorker-18,  processing 2 (5714.3 per sec) reads @ chr22:10000000-15000000
ForkPoolWorker-18 countReadsInRegions_worker: processing 5000000 (10648225.3 per sec) @ chr22:10000000-15000000
ForkPoolWorker-18,  processing 0 (0.0 per sec) reads @ chr17_GL000205v2_random:0-185591
ForkPoolWorker-18 countReadsInRegions_worker: processing 185591 (9847997.0 per sec) @ chr17_GL000205v2_random:0-185591
ForkPoolWorker-18,  processing 5 (11541.8 per sec) reads @ chr3:25000000-30000000
ForkPoolWorker-18 countReadsInRegions_worker: processing 5000000 (11825940.6 per sec) @ chr3:25000000-30000000
ForkPoolWorker-18,  processing 10 (20126.2 per sec) reads @ chr9:0-5000000
ForkPoolWorker-18 countReadsInRegions_worker: processing 5000000 (11697732.9 per sec) @ chr9:0-5000000
ForkPoolWorker-18,  processing 7 (16017.5 per sec) reads @ chr3:20000000-25000000
ForkPoolWorker-18 countReadsInRegions_worker: processing 5000000 (11945636.2 per sec) @ chr3:20000000-25000000
ForkPoolWorker-2,  processing 32 (7941.9 per sec) reads @ chr1:30000000-35000000
ForkPoolWorker-2 countReadsInRegions_worker: processing 5000000 (9945703.3 per sec) @ chr1:30000000-35000000
ForkPoolWorker-2,  processing 13 (20187.3 per sec) reads @ chr3:155000000-160000000
ForkPoolWorker-2 countReadsInRegions_worker: processing 5000000 (11105543.7 per sec) @ chr3:155000000-160000000
ForkPoolWorker-2,  processing 15 (30720.0 per sec) reads @ chr16:75000000-80000000
ForkPoolWorker-2 countReadsInRegions_worker: processing 5000000 (11250978.4 per sec) @ chr16:75000000-80000000
ForkPoolWorker-2,  processing 0 (0.0 per sec) reads @ chrUn_KI270322v1:0-21476
ForkPoolWorker-2 countReadsInRegions_worker: processing 21476 (4757162.5 per sec) @ chrUn_KI270322v1:0-21476
ForkPoolWorker-2,  processing 15 (29704.7 per sec) reads @ chr2:10000000-15000000
ForkPoolWorker-2 countReadsInRegions_worker: processing 5000000 (11464075.5 per sec) @ chr2:10000000-15000000
ForkPoolWorker-2,  processing 2 (5482.8 per sec) reads @ chr9:10000000-15000000
ForkPoolWorker-2 countReadsInRegions_worker: processing 5000000 (11531220.8 per sec) @ chr9:10000000-15000000
ForkPoolWorker-2,  processing 0 (0.0 per sec) reads @ chrUn_KI270467v1:0-3920
ForkPoolWorker-2 countReadsInRegions_worker: processing 3920 (1131723.0 per sec) @ chrUn_KI270467v1:0-3920
ForkPoolWorker-2,  processing 31 (52176.3 per sec) reads @ chr2:0-5000000
ForkPoolWorker-2 countReadsInRegions_worker: processing 5000000 (11548123.9 per sec) @ chr2:0-5000000
ForkPoolWorker-2,  processing 0 (0.0 per sec) reads @ chr14:5000000-10000000
ForkPoolWorker-2 countReadsInRegions_worker: processing 5000000 (11652132.7 per sec) @ chr14:5000000-10000000
ForkPoolWorker-2,  processing 13 (24807.1 per sec) reads @ chr3:30000000-35000000
ForkPoolWorker-2 countReadsInRegions_worker: processing 5000000 (11842167.8 per sec) @ chr3:30000000-35000000
ForkPoolWorker-2,  processing 0 (0.0 per sec) reads @ chr15:15000000-20000000
ForkPoolWorker-2 countReadsInRegions_worker: processing 5000000 (10991080.4 per sec) @ chr15:15000000-20000000
ForkPoolWorker-2,  processing 11 (23126.5 per sec) reads @ chr8:0-5000000
ForkPoolWorker-2 countReadsInRegions_worker: processing 5000000 (11936926.1 per sec) @ chr8:0-5000000
ForkPoolWorker-2,  processing 5 (11244.8 per sec) reads @ chr12:60000000-65000000
ForkPoolWorker-2 countReadsInRegions_worker: processing 5000000 (11831678.5 per sec) @ chr12:60000000-65000000
ForkPoolWorker-2,  processing 24 (39553.4 per sec) reads @ chr2:215000000-220000000
ForkPoolWorker-2 countReadsInRegions_worker: processing 5000000 (12127025.6 per sec) @ chr2:215000000-220000000
ForkPoolWorker-2,  processing 0 (0.0 per sec) reads @ chrUn_KI270422v1:0-1445
ForkPoolWorker-2 countReadsInRegions_worker: processing 1445 (408738.1 per sec) @ chrUn_KI270422v1:0-1445
ForkPoolWorker-8,  processing 8 (3027.3 per sec) reads @ chr17:25000000-30000000
ForkPoolWorker-8 countReadsInRegions_worker: processing 5000000 (9772367.4 per sec) @ chr17:25000000-30000000
ForkPoolWorker-8,  processing 21 (35848.8 per sec) reads @ chr20:50000000-55000000
ForkPoolWorker-8 countReadsInRegions_worker: processing 5000000 (11208327.2 per sec) @ chr20:50000000-55000000
ForkPoolWorker-8,  processing 70 (63895.8 per sec) reads @ chr22:20000000-25000000
ForkPoolWorker-8 countReadsInRegions_worker: processing 5000000 (11331497.7 per sec) @ chr22:20000000-25000000
ForkPoolWorker-8,  processing 0 (0.0 per sec) reads @ chrUn_KI270583v1:0-1400
ForkPoolWorker-8 countReadsInRegions_worker: processing 1400 (438341.7 per sec) @ chrUn_KI270583v1:0-1400
ForkPoolWorker-8,  processing 13 (24352.8 per sec) reads @ chr12:10000000-15000000
ForkPoolWorker-8 countReadsInRegions_worker: processing 5000000 (11415408.0 per sec) @ chr12:10000000-15000000
ForkPoolWorker-8,  processing 0 (0.0 per sec) reads @ chr13:0-5000000
ForkPoolWorker-8 countReadsInRegions_worker: processing 5000000 (11480939.3 per sec) @ chr13:0-5000000
ForkPoolWorker-8,  processing 0 (0.0 per sec) reads @ chr14_GL000194v1_random:0-191469
ForkPoolWorker-8 countReadsInRegions_worker: processing 191469 (9732051.9 per sec) @ chr14_GL000194v1_random:0-191469
ForkPoolWorker-8,  processing 75 (80474.0 per sec) reads @ chr2:95000000-100000000
ForkPoolWorker-8 countReadsInRegions_worker: processing 5000000 (11857038.3 per sec) @ chr2:95000000-100000000
ForkPoolWorker-8,  processing 4 (10137.3 per sec) reads @ chr18:60000000-65000000
ForkPoolWorker-8 countReadsInRegions_worker: processing 5000000 (11675798.2 per sec) @ chr18:60000000-65000000
ForkPoolWorker-8,  processing 10 (22745.7 per sec) reads @ chr9:25000000-30000000
ForkPoolWorker-8 countReadsInRegions_worker: processing 5000000 (11681287.2 per sec) @ chr9:25000000-30000000
ForkPoolWorker-8,  processing 10 (22333.9 per sec) reads @ chr4:105000000-110000000
ForkPoolWorker-8 countReadsInRegions_worker: processing 5000000 (10875037.4 per sec) @ chr4:105000000-110000000
ForkPoolWorker-8,  processing 4 (9788.3 per sec) reads @ chr2:240000000-242193529
ForkPoolWorker-8 countReadsInRegions_worker: processing 2193529 (11980451.0 per sec) @ chr2:240000000-242193529
ForkPoolWorker-8,  processing 34 (42366.7 per sec) reads @ chr17:55000000-60000000
ForkPoolWorker-8 countReadsInRegions_worker: processing 5000000 (11963217.3 per sec) @ chr17:55000000-60000000
ForkPoolWorker-8,  processing 21 (38648.7 per sec) reads @ chr22:30000000-35000000
ForkPoolWorker-8 countReadsInRegions_worker: processing 5000000 (12204011.6 per sec) @ chr22:30000000-35000000
ForkPoolWorker-8,  processing 34 (59197.3 per sec) reads @ chr16:55000000-60000000
ForkPoolWorker-8 countReadsInRegions_worker: processing 5000000 (12185659.5 per sec) @ chr16:55000000-60000000
ForkPoolWorker-32,  processing 27 (27797.3 per sec) reads @ chr20:45000000-50000000
ForkPoolWorker-32 countReadsInRegions_worker: processing 5000000 (10089077.6 per sec) @ chr20:45000000-50000000
ForkPoolWorker-32,  processing 0 (0.0 per sec) reads @ chrY:25000000-30000000
ForkPoolWorker-32 countReadsInRegions_worker: processing 5000000 (11199612.1 per sec) @ chrY:25000000-30000000
ForkPoolWorker-32,  processing 0 (0.0 per sec) reads @ chr13:15000000-20000000
ForkPoolWorker-32 countReadsInRegions_worker: processing 5000000 (11298951.2 per sec) @ chr13:15000000-20000000
ForkPoolWorker-32,  processing 14 (26273.0 per sec) reads @ chr8:95000000-100000000
ForkPoolWorker-32 countReadsInRegions_worker: processing 5000000 (11266948.2 per sec) @ chr8:95000000-100000000
ForkPoolWorker-32,  processing 7 (16239.0 per sec) reads @ chr13:30000000-35000000
ForkPoolWorker-32 countReadsInRegions_worker: processing 5000000 (11282283.6 per sec) @ chr13:30000000-35000000
ForkPoolWorker-32,  processing 7 (16374.9 per sec) reads @ chr12:20000000-25000000
ForkPoolWorker-32 countReadsInRegions_worker: processing 5000000 (11384714.1 per sec) @ chr12:20000000-25000000
ForkPoolWorker-32,  processing 14 (29822.4 per sec) reads @ chr4:115000000-120000000
ForkPoolWorker-32 countReadsInRegions_worker: processing 5000000 (11745408.0 per sec) @ chr4:115000000-120000000
ForkPoolWorker-32,  processing 5 (12178.6 per sec) reads @ chr6:60000000-65000000
ForkPoolWorker-32 countReadsInRegions_worker: processing 5000000 (11825393.8 per sec) @ chr6:60000000-65000000
ForkPoolWorker-32,  processing 18 (30928.9 per sec) reads @ chr4:5000000-10000000
ForkPoolWorker-32 countReadsInRegions_worker: processing 5000000 (11641059.5 per sec) @ chr4:5000000-10000000
ForkPoolWorker-32,  processing 73 (85982.6 per sec) reads @ chr6:0-5000000
ForkPoolWorker-32 countReadsInRegions_worker: processing 5000000 (12052036.7 per sec) @ chr6:0-5000000
ForkPoolWorker-32,  processing 12 (22836.5 per sec) reads @ chr1:210000000-215000000
ForkPoolWorker-32 countReadsInRegions_worker: processing 5000000 (12037689.0 per sec) @ chr1:210000000-215000000
ForkPoolWorker-32,  processing 7 (15509.8 per sec) reads @ chr6:125000000-130000000
ForkPoolWorker-32 countReadsInRegions_worker: processing 5000000 (12205233.3 per sec) @ chr6:125000000-130000000
ForkPoolWorker-32,  processing 26 (46052.3 per sec) reads @ chr11:25000000-30000000
ForkPoolWorker-32 countReadsInRegions_worker: processing 5000000 (12210378.2 per sec) @ chr11:25000000-30000000
ForkPoolWorker-32,  processing 0 (0.0 per sec) reads @ chrUn_KI270529v1:0-1899
ForkPoolWorker-32 countReadsInRegions_worker: processing 1899 (531991.9 per sec) @ chrUn_KI270529v1:0-1899
ForkPoolWorker-32,  processing 0 (0.0 per sec) reads @ chrUn_KI270378v1:0-1048
ForkPoolWorker-32 countReadsInRegions_worker: processing 1048 (341673.6 per sec) @ chrUn_KI270378v1:0-1048
ForkPoolWorker-28,  processing 14 (15311.7 per sec) reads @ chr17:10000000-15000000
ForkPoolWorker-28 countReadsInRegions_worker: processing 5000000 (9362377.7 per sec) @ chr17:10000000-15000000
ForkPoolWorker-28,  processing 0 (0.0 per sec) reads @ chrUn_KI270579v1:0-31033
ForkPoolWorker-28 countReadsInRegions_worker: processing 31033 (5275049.1 per sec) @ chrUn_KI270579v1:0-31033
ForkPoolWorker-28,  processing 10 (20001.4 per sec) reads @ chr2:55000000-60000000
ForkPoolWorker-28 countReadsInRegions_worker: processing 5000000 (11533491.2 per sec) @ chr2:55000000-60000000
ForkPoolWorker-28,  processing 14 (29012.0 per sec) reads @ chr10:50000000-55000000
ForkPoolWorker-28 countReadsInRegions_worker: processing 5000000 (11442583.1 per sec) @ chr10:50000000-55000000
ForkPoolWorker-28,  processing 15 (31316.4 per sec) reads @ chr3:105000000-110000000
ForkPoolWorker-28 countReadsInRegions_worker: processing 5000000 (11566569.1 per sec) @ chr3:105000000-110000000
ForkPoolWorker-28,  processing 13 (25302.1 per sec) reads @ chr18:50000000-55000000
ForkPoolWorker-28 countReadsInRegions_worker: processing 5000000 (11832786.7 per sec) @ chr18:50000000-55000000
ForkPoolWorker-28,  processing 0 (0.0 per sec) reads @ chrUn_KI270371v1:0-2805
ForkPoolWorker-28 countReadsInRegions_worker: processing 2805 (872517.3 per sec) @ chrUn_KI270371v1:0-2805
ForkPoolWorker-28,  processing 18 (35951.2 per sec) reads @ chrX:150000000-155000000
ForkPoolWorker-28 countReadsInRegions_worker: processing 5000000 (11736514.5 per sec) @ chrX:150000000-155000000
ForkPoolWorker-28,  processing 8 (17991.7 per sec) reads @ chrX:85000000-90000000
ForkPoolWorker-28 countReadsInRegions_worker: processing 5000000 (11846830.5 per sec) @ chrX:85000000-90000000
ForkPoolWorker-28,  processing 12 (25601.0 per sec) reads @ chr12:105000000-110000000
ForkPoolWorker-28 countReadsInRegions_worker: processing 5000000 (11925379.9 per sec) @ chr12:105000000-110000000
ForkPoolWorker-28,  processing 0 (0.0 per sec) reads @ chrUn_KI270754v1:0-40191
ForkPoolWorker-28 countReadsInRegions_worker: processing 40191 (6551623.5 per sec) @ chrUn_KI270754v1:0-40191
ForkPoolWorker-28,  processing 6 (13950.0 per sec) reads @ chr14:40000000-45000000
ForkPoolWorker-28 countReadsInRegions_worker: processing 5000000 (10979905.1 per sec) @ chr14:40000000-45000000
ForkPoolWorker-28,  processing 75 (80908.6 per sec) reads @ chr20:60000000-64444167
ForkPoolWorker-28 countReadsInRegions_worker: processing 4444167 (11766183.2 per sec) @ chr20:60000000-64444167
ForkPoolWorker-28,  processing 44 (65466.3 per sec) reads @ chr7:155000000-159345973
ForkPoolWorker-28 countReadsInRegions_worker: processing 4345973 (11982887.1 per sec) @ chr7:155000000-159345973
ForkPoolWorker-28,  processing 0 (0.0 per sec) reads @ chrUn_KI270334v1:0-1368
ForkPoolWorker-28 countReadsInRegions_worker: processing 1368 (372633.3 per sec) @ chrUn_KI270334v1:0-1368
ForkPoolWorker-28,  processing 20 (38764.4 per sec) reads @ chr3:75000000-80000000
ForkPoolWorker-28 countReadsInRegions_worker: processing 5000000 (12029803.3 per sec) @ chr3:75000000-80000000
ForkPoolWorker-28,  processing 14 (26874.3 per sec) reads @ chr10:5000000-10000000
ForkPoolWorker-28 countReadsInRegions_worker: processing 5000000 (12232985.0 per sec) @ chr10:5000000-10000000
ForkPoolWorker-7,  processing 10 (3789.6 per sec) reads @ chr4:150000000-155000000
ForkPoolWorker-7 countReadsInRegions_worker: processing 5000000 (9687357.1 per sec) @ chr4:150000000-155000000
ForkPoolWorker-7,  processing 0 (0.0 per sec) reads @ chrUn_KI270466v1:0-1233
ForkPoolWorker-7 countReadsInRegions_worker: processing 1233 (397905.4 per sec) @ chrUn_KI270466v1:0-1233
ForkPoolWorker-7,  processing 11 (25006.7 per sec) reads @ chr12:40000000-45000000
ForkPoolWorker-7 countReadsInRegions_worker: processing 5000000 (10968953.4 per sec) @ chr12:40000000-45000000
ForkPoolWorker-7,  processing 21 (41236.1 per sec) reads @ chr1:60000000-65000000
ForkPoolWorker-7 countReadsInRegions_worker: processing 5000000 (11188737.2 per sec) @ chr1:60000000-65000000
ForkPoolWorker-7,  processing 10 (22203.8 per sec) reads @ chr6:75000000-80000000
ForkPoolWorker-7 countReadsInRegions_worker: processing 5000000 (11486812.8 per sec) @ chr6:75000000-80000000
ForkPoolWorker-7,  processing 6 (15205.9 per sec) reads @ chr5:110000000-115000000
ForkPoolWorker-7 countReadsInRegions_worker: processing 5000000 (11772044.2 per sec) @ chr5:110000000-115000000
ForkPoolWorker-7,  processing 79 (84077.6 per sec) reads @ chr17:40000000-45000000
ForkPoolWorker-7 countReadsInRegions_worker: processing 5000000 (11669353.3 per sec) @ chr17:40000000-45000000
ForkPoolWorker-7,  processing 10 (20961.0 per sec) reads @ chr5:55000000-60000000
ForkPoolWorker-7 countReadsInRegions_worker: processing 5000000 (11849072.9 per sec) @ chr5:55000000-60000000
ForkPoolWorker-7,  processing 5 (12710.0 per sec) reads @ chr7:15000000-20000000
ForkPoolWorker-7 countReadsInRegions_worker: processing 5000000 (11900132.4 per sec) @ chr7:15000000-20000000
ForkPoolWorker-7,  processing 0 (0.0 per sec) reads @ chrUn_KI270382v1:0-4215
ForkPoolWorker-7 countReadsInRegions_worker: processing 4215 (1261973.8 per sec) @ chrUn_KI270382v1:0-4215
ForkPoolWorker-7,  processing 138 (109004.5 per sec) reads @ chr11:65000000-70000000
ForkPoolWorker-7 countReadsInRegions_worker: processing 5000000 (10945498.3 per sec) @ chr11:65000000-70000000
ForkPoolWorker-7,  processing 25 (46769.7 per sec) reads @ chrX:135000000-140000000
ForkPoolWorker-7 countReadsInRegions_worker: processing 5000000 (11865894.0 per sec) @ chrX:135000000-140000000
ForkPoolWorker-7,  processing 6 (14899.8 per sec) reads @ chr7:105000000-110000000
ForkPoolWorker-7 countReadsInRegions_worker: processing 5000000 (11954161.4 per sec) @ chr7:105000000-110000000
ForkPoolWorker-7,  processing 11 (21419.4 per sec) reads @ chr15:55000000-60000000
ForkPoolWorker-7 countReadsInRegions_worker: processing 5000000 (12165583.8 per sec) @ chr15:55000000-60000000
ForkPoolWorker-7,  processing 35 (43368.0 per sec) reads @ chr1:200000000-205000000
ForkPoolWorker-7 countReadsInRegions_worker: processing 5000000 (12106737.1 per sec) @ chr1:200000000-205000000
ForkPoolWorker-14,  processing 6 (3175.5 per sec) reads @ chr8:110000000-115000000
ForkPoolWorker-14 countReadsInRegions_worker: processing 5000000 (9703179.2 per sec) @ chr8:110000000-115000000
ForkPoolWorker-14,  processing 2 (7055.2 per sec) reads @ chrUn_KI270442v1:0-392061
ForkPoolWorker-14 countReadsInRegions_worker: processing 392061 (10423970.4 per sec) @ chrUn_KI270442v1:0-392061
ForkPoolWorker-14,  processing 0 (0.0 per sec) reads @ chrUn_GL000214v1:0-137718
ForkPoolWorker-14 countReadsInRegions_worker: processing 137718 (9121836.2 per sec) @ chrUn_GL000214v1:0-137718
ForkPoolWorker-14,  processing 10 (19553.9 per sec) reads @ chr2:190000000-195000000
ForkPoolWorker-14 countReadsInRegions_worker: processing 5000000 (11493718.9 per sec) @ chr2:190000000-195000000
ForkPoolWorker-14,  processing 9 (19132.7 per sec) reads @ chrY:10000000-15000000
ForkPoolWorker-14 countReadsInRegions_worker: processing 5000000 (11681007.4 per sec) @ chrY:10000000-15000000
ForkPoolWorker-14,  processing 14 (26016.9 per sec) reads @ chr5:75000000-80000000
ForkPoolWorker-14 countReadsInRegions_worker: processing 5000000 (11708142.8 per sec) @ chr5:75000000-80000000
ForkPoolWorker-14,  processing 18 (30504.0 per sec) reads @ chr18:20000000-25000000
ForkPoolWorker-14 countReadsInRegions_worker: processing 5000000 (11838658.2 per sec) @ chr18:20000000-25000000
ForkPoolWorker-14,  processing 10 (20671.8 per sec) reads @ chr7:20000000-25000000
ForkPoolWorker-14 countReadsInRegions_worker: processing 5000000 (11834289.1 per sec) @ chr7:20000000-25000000
ForkPoolWorker-14,  processing 11 (24181.0 per sec) reads @ chr6:80000000-85000000
ForkPoolWorker-14 countReadsInRegions_worker: processing 5000000 (11831711.9 per sec) @ chr6:80000000-85000000
ForkPoolWorker-14,  processing 13 (26993.0 per sec) reads @ chr13:75000000-80000000
ForkPoolWorker-14 countReadsInRegions_worker: processing 5000000 (11919273.1 per sec) @ chr13:75000000-80000000
ForkPoolWorker-14,  processing 62 (75705.1 per sec) reads @ chr15:25000000-30000000
ForkPoolWorker-14 countReadsInRegions_worker: processing 5000000 (11012874.7 per sec) @ chr15:25000000-30000000
ForkPoolWorker-14,  processing 9 (19220.3 per sec) reads @ chr16:45000000-50000000
ForkPoolWorker-14 countReadsInRegions_worker: processing 5000000 (11695625.7 per sec) @ chr16:45000000-50000000
ForkPoolWorker-14,  processing 75 (75636.6 per sec) reads @ chr7:70000000-75000000
ForkPoolWorker-14 countReadsInRegions_worker: processing 5000000 (11866632.6 per sec) @ chr7:70000000-75000000
ForkPoolWorker-14,  processing 39 (59918.6 per sec) reads @ chr1:65000000-70000000
ForkPoolWorker-14 countReadsInRegions_worker: processing 5000000 (12199453.9 per sec) @ chr1:65000000-70000000
ForkPoolWorker-14,  processing 11 (24541.1 per sec) reads @ chr7:10000000-15000000
ForkPoolWorker-14 countReadsInRegions_worker: processing 5000000 (12044761.7 per sec) @ chr7:10000000-15000000
ForkPoolWorker-43,  processing 16 (16607.0 per sec) reads @ chr10:0-5000000
ForkPoolWorker-43 countReadsInRegions_worker: processing 5000000 (8133619.0 per sec) @ chr10:0-5000000
ForkPoolWorker-43,  processing 4 (5847.8 per sec) reads @ chr19:25000000-30000000
ForkPoolWorker-43 countReadsInRegions_worker: processing 5000000 (11852870.0 per sec) @ chr19:25000000-30000000
ForkPoolWorker-43,  processing 29 (39364.0 per sec) reads @ chr3:185000000-190000000
ForkPoolWorker-43 countReadsInRegions_worker: processing 5000000 (11840843.9 per sec) @ chr3:185000000-190000000
ForkPoolWorker-43,  processing 11 (21330.3 per sec) reads @ chrX:65000000-70000000
ForkPoolWorker-43 countReadsInRegions_worker: processing 5000000 (11855650.8 per sec) @ chrX:65000000-70000000
ForkPoolWorker-43,  processing 9 (18333.5 per sec) reads @ chr10:60000000-65000000
ForkPoolWorker-43 countReadsInRegions_worker: processing 5000000 (11794581.1 per sec) @ chr10:60000000-65000000
ForkPoolWorker-43,  processing 11 (22267.1 per sec) reads @ chr11:20000000-25000000
ForkPoolWorker-43 countReadsInRegions_worker: processing 5000000 (11704228.7 per sec) @ chr11:20000000-25000000
ForkPoolWorker-43,  processing 30 (46620.6 per sec) reads @ chr9:120000000-125000000
ForkPoolWorker-43 countReadsInRegions_worker: processing 5000000 (11573884.5 per sec) @ chr9:120000000-125000000
ForkPoolWorker-43,  processing 31 (49028.4 per sec) reads @ chrX:15000000-20000000
ForkPoolWorker-43 countReadsInRegions_worker: processing 5000000 (11593694.0 per sec) @ chrX:15000000-20000000
ForkPoolWorker-43,  processing 0 (0.0 per sec) reads @ chrUn_KI270375v1:0-2378
ForkPoolWorker-43 countReadsInRegions_worker: processing 2378 (576501.6 per sec) @ chrUn_KI270375v1:0-2378
ForkPoolWorker-43,  processing 17 (34479.3 per sec) reads @ chr2:110000000-115000000
ForkPoolWorker-43 countReadsInRegions_worker: processing 5000000 (10463076.1 per sec) @ chr2:110000000-115000000
ForkPoolWorker-43,  processing 7 (13994.3 per sec) reads @ chr5:35000000-40000000
ForkPoolWorker-43 countReadsInRegions_worker: processing 5000000 (11472159.2 per sec) @ chr5:35000000-40000000
ForkPoolWorker-43,  processing 35 (51472.9 per sec) reads @ chr3:15000000-20000000
ForkPoolWorker-43 countReadsInRegions_worker: processing 5000000 (11592059.8 per sec) @ chr3:15000000-20000000
ForkPoolWorker-43,  processing 0 (0.0 per sec) reads @ chr1:135000000-140000000
ForkPoolWorker-43 countReadsInRegions_worker: processing 5000000 (12030645.2 per sec) @ chr1:135000000-140000000
ForkPoolWorker-43,  processing 35 (44742.7 per sec) reads @ chr10:95000000-100000000
ForkPoolWorker-43 countReadsInRegions_worker: processing 5000000 (12058994.5 per sec) @ chr10:95000000-100000000
ForkPoolWorker-43,  processing 0 (0.0 per sec) reads @ chrUn_KI270419v1:0-1029
ForkPoolWorker-43 countReadsInRegions_worker: processing 1029 (303661.4 per sec) @ chrUn_KI270419v1:0-1029
ForkPoolWorker-41,  processing 0 (0.0 per sec) reads @ chrUn_KI270333v1:0-2699
ForkPoolWorker-41 countReadsInRegions_worker: processing 2699 (78378.4 per sec) @ chrUn_KI270333v1:0-2699
ForkPoolWorker-41,  processing 9 (5036.5 per sec) reads @ chr6:130000000-135000000
ForkPoolWorker-41 countReadsInRegions_worker: processing 5000000 (10499430.3 per sec) @ chr6:130000000-135000000
ForkPoolWorker-41,  processing 31 (41916.0 per sec) reads @ chr13:95000000-100000000
ForkPoolWorker-41 countReadsInRegions_worker: processing 5000000 (11408992.8 per sec) @ chr13:95000000-100000000
ForkPoolWorker-41,  processing 27 (49866.2 per sec) reads @ chr6:110000000-115000000
ForkPoolWorker-41 countReadsInRegions_worker: processing 5000000 (11352611.3 per sec) @ chr6:110000000-115000000
ForkPoolWorker-41,  processing 42 (54674.4 per sec) reads @ chr12:50000000-55000000
ForkPoolWorker-41 countReadsInRegions_worker: processing 5000000 (11270399.6 per sec) @ chr12:50000000-55000000
ForkPoolWorker-41,  processing 13 (26702.2 per sec) reads @ chr1:175000000-180000000
ForkPoolWorker-41 countReadsInRegions_worker: processing 5000000 (11378642.0 per sec) @ chr1:175000000-180000000
ForkPoolWorker-41,  processing 56 (74353.0 per sec) reads @ chr1:225000000-230000000
ForkPoolWorker-41 countReadsInRegions_worker: processing 5000000 (11371213.7 per sec) @ chr1:225000000-230000000
ForkPoolWorker-41,  processing 28 (50038.6 per sec) reads @ chr7:125000000-130000000
ForkPoolWorker-41 countReadsInRegions_worker: processing 5000000 (11517674.5 per sec) @ chr7:125000000-130000000
ForkPoolWorker-41,  processing 11 (22043.6 per sec) reads @ chr4:130000000-135000000
ForkPoolWorker-41 countReadsInRegions_worker: processing 5000000 (11577456.2 per sec) @ chr4:130000000-135000000
ForkPoolWorker-41,  processing 18 (36088.7 per sec) reads @ chr8:80000000-85000000
ForkPoolWorker-41 countReadsInRegions_worker: processing 5000000 (10628845.5 per sec) @ chr8:80000000-85000000
ForkPoolWorker-41,  processing 0 (0.0 per sec) reads @ chrUn_KI270580v1:0-1553
ForkPoolWorker-41 countReadsInRegions_worker: processing 1553 (444382.2 per sec) @ chrUn_KI270580v1:0-1553
ForkPoolWorker-41,  processing 0 (0.0 per sec) reads @ chrY:0-5000000
ForkPoolWorker-41 countReadsInRegions_worker: processing 5000000 (11534823.3 per sec) @ chrY:0-5000000
ForkPoolWorker-41,  processing 54 (55134.5 per sec) reads @ chrX:45000000-50000000
ForkPoolWorker-41 countReadsInRegions_worker: processing 5000000 (11599471.7 per sec) @ chrX:45000000-50000000
ForkPoolWorker-41,  processing 54 (72780.3 per sec) reads @ chr1:5000000-10000000
ForkPoolWorker-41 countReadsInRegions_worker: processing 5000000 (11945888.0 per sec) @ chr1:5000000-10000000
ForkPoolWorker-41,  processing 8 (18569.1 per sec) reads @ chr2:165000000-170000000
ForkPoolWorker-41 countReadsInRegions_worker: processing 5000000 (12093514.1 per sec) @ chr2:165000000-170000000
ForkPoolWorker-39,  processing 10 (8322.0 per sec) reads @ chr3:85000000-90000000
ForkPoolWorker-39 countReadsInRegions_worker: processing 5000000 (10312362.8 per sec) @ chr3:85000000-90000000
ForkPoolWorker-39,  processing 6 (11285.1 per sec) reads @ chr6:100000000-105000000
ForkPoolWorker-39 countReadsInRegions_worker: processing 5000000 (11152880.7 per sec) @ chr6:100000000-105000000
ForkPoolWorker-39,  processing 22 (39893.9 per sec) reads @ chr15:80000000-85000000
ForkPoolWorker-39 countReadsInRegions_worker: processing 5000000 (11284013.7 per sec) @ chr15:80000000-85000000
ForkPoolWorker-39,  processing 24 (44939.0 per sec) reads @ chr7:25000000-30000000
ForkPoolWorker-39 countReadsInRegions_worker: processing 5000000 (11090772.7 per sec) @ chr7:25000000-30000000
ForkPoolWorker-39,  processing 65 (79809.6 per sec) reads @ chrX:95000000-100000000
ForkPoolWorker-39 countReadsInRegions_worker: processing 5000000 (11126436.9 per sec) @ chrX:95000000-100000000
ForkPoolWorker-39,  processing 6 (13996.6 per sec) reads @ chr9:20000000-25000000
ForkPoolWorker-39 countReadsInRegions_worker: processing 5000000 (11323519.2 per sec) @ chr9:20000000-25000000
ForkPoolWorker-39,  processing 0 (0.0 per sec) reads @ chrUn_KI270519v1:0-138126
ForkPoolWorker-39 countReadsInRegions_worker: processing 138126 (9459269.7 per sec) @ chrUn_KI270519v1:0-138126
ForkPoolWorker-39,  processing 6 (14226.0 per sec) reads @ chr2:210000000-215000000
ForkPoolWorker-39 countReadsInRegions_worker: processing 5000000 (11757082.8 per sec) @ chr2:210000000-215000000
ForkPoolWorker-39,  processing 15 (25700.4 per sec) reads @ chr4:55000000-60000000
ForkPoolWorker-39 countReadsInRegions_worker: processing 5000000 (11687562.9 per sec) @ chr4:55000000-60000000
ForkPoolWorker-39,  processing 77 (85552.7 per sec) reads @ chr12:120000000-125000000
ForkPoolWorker-39 countReadsInRegions_worker: processing 5000000 (10471853.4 per sec) @ chr12:120000000-125000000
ForkPoolWorker-39,  processing 100 (85878.5 per sec) reads @ chr7:100000000-105000000
ForkPoolWorker-39 countReadsInRegions_worker: processing 5000000 (11544436.8 per sec) @ chr7:100000000-105000000
ForkPoolWorker-39,  processing 0 (0.0 per sec) reads @ chr17_KI270730v1_random:0-112551
ForkPoolWorker-39 countReadsInRegions_worker: processing 112551 (10152546.6 per sec) @ chr17_KI270730v1_random:0-112551
ForkPoolWorker-39,  processing 24 (44759.1 per sec) reads @ chr7:145000000-150000000
ForkPoolWorker-39 countReadsInRegions_worker: processing 5000000 (11752055.8 per sec) @ chr7:145000000-150000000
ForkPoolWorker-39,  processing 11 (21610.0 per sec) reads @ chr15:90000000-95000000
ForkPoolWorker-39 countReadsInRegions_worker: processing 5000000 (12089045.5 per sec) @ chr15:90000000-95000000
ForkPoolWorker-39,  processing 27 (38310.6 per sec) reads @ chr4:110000000-115000000
ForkPoolWorker-39 countReadsInRegions_worker: processing 5000000 (11921190.6 per sec) @ chr4:110000000-115000000
ForkPoolWorker-29,  processing 0 (0.0 per sec) reads @ chrUn_GL000195v1:0-182896
ForkPoolWorker-29 countReadsInRegions_worker: processing 182896 (1553424.5 per sec) @ chrUn_GL000195v1:0-182896
ForkPoolWorker-29,  processing 0 (0.0 per sec) reads @ chrUn_KI270530v1:0-2168
ForkPoolWorker-29 countReadsInRegions_worker: processing 2168 (304784.7 per sec) @ chrUn_KI270530v1:0-2168
ForkPoolWorker-29,  processing 4 (5096.4 per sec) reads @ chr21:20000000-25000000
ForkPoolWorker-29 countReadsInRegions_worker: processing 5000000 (11161238.1 per sec) @ chr21:20000000-25000000
ForkPoolWorker-29,  processing 8 (11184.8 per sec) reads @ chr1:180000000-185000000
ForkPoolWorker-29 countReadsInRegions_worker: processing 5000000 (11684964.5 per sec) @ chr1:180000000-185000000
ForkPoolWorker-29,  processing 0 (0.0 per sec) reads @ chrUn_KI270517v1:0-3253
ForkPoolWorker-29 countReadsInRegions_worker: processing 3253 (837624.8 per sec) @ chrUn_KI270517v1:0-3253
ForkPoolWorker-29,  processing 10 (20692.2 per sec) reads @ chr8:75000000-80000000
ForkPoolWorker-29 countReadsInRegions_worker: processing 5000000 (11777108.1 per sec) @ chr8:75000000-80000000
ForkPoolWorker-29,  processing 10 (19056.4 per sec) reads @ chr3:130000000-135000000
ForkPoolWorker-29 countReadsInRegions_worker: processing 5000000 (11771489.1 per sec) @ chr3:130000000-135000000
ForkPoolWorker-29,  processing 30 (44073.2 per sec) reads @ chr22:15000000-20000000
ForkPoolWorker-29 countReadsInRegions_worker: processing 5000000 (11873835.1 per sec) @ chr22:15000000-20000000
ForkPoolWorker-29,  processing 49 (64225.3 per sec) reads @ chr1:170000000-175000000
ForkPoolWorker-29 countReadsInRegions_worker: processing 5000000 (11854451.2 per sec) @ chr1:170000000-175000000
ForkPoolWorker-29,  processing 0 (0.0 per sec) reads @ chrUn_KI270507v1:0-5353
ForkPoolWorker-29 countReadsInRegions_worker: processing 5353 (1374478.7 per sec) @ chrUn_KI270507v1:0-5353
ForkPoolWorker-29,  processing 20 (34663.7 per sec) reads @ chr6:155000000-160000000
ForkPoolWorker-29 countReadsInRegions_worker: processing 5000000 (11722069.0 per sec) @ chr6:155000000-160000000
ForkPoolWorker-29,  processing 11 (21814.3 per sec) reads @ chr7:95000000-100000000
ForkPoolWorker-29 countReadsInRegions_worker: processing 5000000 (11817956.9 per sec) @ chr7:95000000-100000000
ForkPoolWorker-29,  processing 4 (9182.9 per sec) reads @ chrY:15000000-20000000
ForkPoolWorker-29 countReadsInRegions_worker: processing 5000000 (10897613.5 per sec) @ chrY:15000000-20000000
ForkPoolWorker-29,  processing 0 (0.0 per sec) reads @ chrUn_KI270749v1:0-158759
ForkPoolWorker-29 countReadsInRegions_worker: processing 158759 (8022499.6 per sec) @ chrUn_KI270749v1:0-158759
ForkPoolWorker-29,  processing 0 (0.0 per sec) reads @ chrUn_KI270746v1:0-66486
ForkPoolWorker-29 countReadsInRegions_worker: processing 66486 (8124417.2 per sec) @ chrUn_KI270746v1:0-66486
ForkPoolWorker-29,  processing 5 (10501.5 per sec) reads @ chr13:105000000-110000000
ForkPoolWorker-29 countReadsInRegions_worker: processing 5000000 (11587608.3 per sec) @ chr13:105000000-110000000
ForkPoolWorker-29,  processing 2 (5447.1 per sec) reads @ chr12:35000000-40000000
ForkPoolWorker-29 countReadsInRegions_worker: processing 5000000 (11799591.4 per sec) @ chr12:35000000-40000000
ForkPoolWorker-29,  processing 0 (0.0 per sec) reads @ chr15_KI270727v1_random:0-448248
ForkPoolWorker-29 countReadsInRegions_worker: processing 448248 (10847310.4 per sec) @ chr15_KI270727v1_random:0-448248
ForkPoolWorker-29,  processing 33 (51018.1 per sec) reads @ chr3:5000000-10000000
ForkPoolWorker-29 countReadsInRegions_worker: processing 5000000 (12088815.5 per sec) @ chr3:5000000-10000000
ForkPoolWorker-29,  processing 5 (11078.5 per sec) reads @ chr1:105000000-110000000
ForkPoolWorker-29 countReadsInRegions_worker: processing 5000000 (12182806.7 per sec) @ chr1:105000000-110000000
ForkPoolWorker-1,  processing 35 (4908.7 per sec) reads @ chr3:35000000-40000000
ForkPoolWorker-1 countReadsInRegions_worker: processing 5000000 (10157150.8 per sec) @ chr3:35000000-40000000
ForkPoolWorker-1,  processing 0 (0.0 per sec) reads @ chrUn_KI270582v1:0-6504
ForkPoolWorker-1 countReadsInRegions_worker: processing 6504 (1785908.6 per sec) @ chrUn_KI270582v1:0-6504
ForkPoolWorker-1,  processing 1 (2960.0 per sec) reads @ chr6:55000000-60000000
ForkPoolWorker-1 countReadsInRegions_worker: processing 5000000 (11073374.1 per sec) @ chr6:55000000-60000000
ForkPoolWorker-1,  processing 0 (0.0 per sec) reads @ chrUn_KI270396v1:0-1880
ForkPoolWorker-1 countReadsInRegions_worker: processing 1880 (585353.1 per sec) @ chrUn_KI270396v1:0-1880
ForkPoolWorker-1,  processing 16 (25604.3 per sec) reads @ chr2:40000000-45000000
ForkPoolWorker-1 countReadsInRegions_worker: processing 5000000 (11422688.9 per sec) @ chr2:40000000-45000000
ForkPoolWorker-1,  processing 13 (26151.5 per sec) reads @ chr13:100000000-105000000
ForkPoolWorker-1 countReadsInRegions_worker: processing 5000000 (11527836.0 per sec) @ chr13:100000000-105000000
ForkPoolWorker-1,  processing 0 (0.0 per sec) reads @ chr9:45000000-50000000
ForkPoolWorker-1 countReadsInRegions_worker: processing 5000000 (11542651.3 per sec) @ chr9:45000000-50000000
ForkPoolWorker-1,  processing 9 (20729.7 per sec) reads @ chr16:15000000-20000000
ForkPoolWorker-1 countReadsInRegions_worker: processing 5000000 (11611963.7 per sec) @ chr16:15000000-20000000
ForkPoolWorker-1,  processing 8 (17198.6 per sec) reads @ chr2:135000000-140000000
ForkPoolWorker-1 countReadsInRegions_worker: processing 5000000 (11594341.4 per sec) @ chr2:135000000-140000000
ForkPoolWorker-1,  processing 7 (14364.1 per sec) reads @ chr1:185000000-190000000
ForkPoolWorker-1 countReadsInRegions_worker: processing 5000000 (11713289.3 per sec) @ chr1:185000000-190000000
ForkPoolWorker-1,  processing 0 (0.0 per sec) reads @ chr22_KI270739v1_random:0-73985
ForkPoolWorker-1 countReadsInRegions_worker: processing 73985 (7296221.1 per sec) @ chr22_KI270739v1_random:0-73985
ForkPoolWorker-1,  processing 136 (113925.6 per sec) reads @ chr12:90000000-95000000
ForkPoolWorker-1 countReadsInRegions_worker: processing 5000000 (10855301.6 per sec) @ chr12:90000000-95000000
ForkPoolWorker-1,  processing 0 (0.0 per sec) reads @ chrUn_KI270522v1:0-5674
ForkPoolWorker-1 countReadsInRegions_worker: processing 5674 (1626912.8 per sec) @ chrUn_KI270522v1:0-5674
ForkPoolWorker-1,  processing 8 (18569.1 per sec) reads @ chr12:30000000-35000000
ForkPoolWorker-1 countReadsInRegions_worker: processing 5000000 (11917600.1 per sec) @ chr12:30000000-35000000
ForkPoolWorker-1,  processing 0 (0.0 per sec) reads @ chrUn_KI270581v1:0-7046
ForkPoolWorker-1 countReadsInRegions_worker: processing 7046 (1826518.3 per sec) @ chrUn_KI270581v1:0-7046
ForkPoolWorker-1,  processing 0 (0.0 per sec) reads @ chr16:40000000-45000000
ForkPoolWorker-1 countReadsInRegions_worker: processing 5000000 (11915731.1 per sec) @ chr16:40000000-45000000
ForkPoolWorker-1,  processing 66 (60521.2 per sec) reads @ chr19:50000000-55000000
ForkPoolWorker-1 countReadsInRegions_worker: processing 5000000 (12095334.5 per sec) @ chr19:50000000-55000000
ForkPoolWorker-1,  processing 0 (0.0 per sec) reads @ chrUn_KI270753v1:0-62944
ForkPoolWorker-1 countReadsInRegions_worker: processing 62944 (7638186.3 per sec) @ chrUn_KI270753v1:0-62944
ForkPoolWorker-1,  processing 104 (89791.6 per sec) reads @ chr6:35000000-40000000
ForkPoolWorker-1 countReadsInRegions_worker: processing 5000000 (12122882.6 per sec) @ chr6:35000000-40000000
ForkPoolWorker-1,  processing 0 (0.0 per sec) reads @ chrUn_KI270423v1:0-981
ForkPoolWorker-1 countReadsInRegions_worker: processing 981 (273341.7 per sec) @ chrUn_KI270423v1:0-981
ForkPoolWorker-9,  processing 33 (10190.8 per sec) reads @ chr8:100000000-105000000
ForkPoolWorker-9 countReadsInRegions_worker: processing 5000000 (9632091.8 per sec) @ chr8:100000000-105000000
ForkPoolWorker-9,  processing 19 (34349.9 per sec) reads @ chrX:0-5000000
ForkPoolWorker-9 countReadsInRegions_worker: processing 5000000 (11147201.5 per sec) @ chrX:0-5000000
ForkPoolWorker-9,  processing 11 (24359.7 per sec) reads @ chr6:165000000-170000000
ForkPoolWorker-9 countReadsInRegions_worker: processing 5000000 (11121987.7 per sec) @ chr6:165000000-170000000
ForkPoolWorker-9,  processing 45 (62539.3 per sec) reads @ chr14:105000000-107043718
ForkPoolWorker-9 countReadsInRegions_worker: processing 2043718 (11825729.4 per sec) @ chr14:105000000-107043718
ForkPoolWorker-9,  processing 29 (47925.5 per sec) reads @ chr6:15000000-20000000
ForkPoolWorker-9 countReadsInRegions_worker: processing 5000000 (12162937.9 per sec) @ chr6:15000000-20000000
ForkPoolWorker-9,  processing 3 (7681.9 per sec) reads @ chr10:35000000-40000000
ForkPoolWorker-9 countReadsInRegions_worker: processing 5000000 (12143176.0 per sec) @ chr10:35000000-40000000
ForkPoolWorker-9,  processing 5 (12080.4 per sec) reads @ chrX:55000000-60000000
ForkPoolWorker-9 countReadsInRegions_worker: processing 5000000 (12201008.2 per sec) @ chrX:55000000-60000000
ForkPoolWorker-9,  processing 7 (15188.9 per sec) reads @ chr8:55000000-60000000
ForkPoolWorker-9 countReadsInRegions_worker: processing 5000000 (12063468.7 per sec) @ chr8:55000000-60000000
ForkPoolWorker-9,  processing 29 (47812.4 per sec) reads @ chr9:35000000-40000000
ForkPoolWorker-9 countReadsInRegions_worker: processing 5000000 (12065266.2 per sec) @ chr9:35000000-40000000
ForkPoolWorker-9,  processing 34 (54869.7 per sec) reads @ chr10:125000000-130000000
ForkPoolWorker-9 countReadsInRegions_worker: processing 5000000 (12029341.0 per sec) @ chr10:125000000-130000000
ForkPoolWorker-9,  processing 61 (63518.5 per sec) reads @ chr8:140000000-145000000
ForkPoolWorker-9 countReadsInRegions_worker: processing 5000000 (12008105.6 per sec) @ chr8:140000000-145000000
ForkPoolWorker-9,  processing 7 (15692.2 per sec) reads @ chrX:130000000-135000000
ForkPoolWorker-9 countReadsInRegions_worker: processing 5000000 (11991900.8 per sec) @ chrX:130000000-135000000
ForkPoolWorker-9,  processing 1 (2642.9 per sec) reads @ chr1_KI270711v1_random:0-42210
ForkPoolWorker-9 countReadsInRegions_worker: processing 42210 (6163541.7 per sec) @ chr1_KI270711v1_random:0-42210
ForkPoolWorker-9,  processing 129 (85073.1 per sec) reads @ chr7:150000000-155000000
ForkPoolWorker-9 countReadsInRegions_worker: processing 5000000 (12250270.6 per sec) @ chr7:150000000-155000000
ForkPoolWorker-9,  processing 13 (27524.5 per sec) reads @ chr16:50000000-55000000
ForkPoolWorker-9 countReadsInRegions_worker: processing 5000000 (12183613.6 per sec) @ chr16:50000000-55000000
ForkPoolWorker-6,  processing 0 (0.0 per sec) reads @ chrUn_KI270329v1:0-1040
ForkPoolWorker-6 countReadsInRegions_worker: processing 1040 (71685.7 per sec) @ chrUn_KI270329v1:0-1040
ForkPoolWorker-6,  processing 1 (1765.3 per sec) reads @ chr8:145000000-145138636
ForkPoolWorker-6 countReadsInRegions_worker: processing 138636 (2201164.1 per sec) @ chr8:145000000-145138636
ForkPoolWorker-6,  processing 23 (40095.2 per sec) reads @ chr12:25000000-30000000
ForkPoolWorker-6 countReadsInRegions_worker: processing 5000000 (11729799.0 per sec) @ chr12:25000000-30000000
ForkPoolWorker-6,  processing 5 (7651.0 per sec) reads @ chr10:105000000-110000000
ForkPoolWorker-6 countReadsInRegions_worker: processing 5000000 (11786493.9 per sec) @ chr10:105000000-110000000
ForkPoolWorker-6,  processing 4 (10659.0 per sec) reads @ chr4:45000000-50000000
ForkPoolWorker-6 countReadsInRegions_worker: processing 5000000 (11777643.9 per sec) @ chr4:45000000-50000000
ForkPoolWorker-6,  processing 3 (8035.1 per sec) reads @ chr4:90000000-95000000
ForkPoolWorker-6 countReadsInRegions_worker: processing 5000000 (11847426.2 per sec) @ chr4:90000000-95000000
ForkPoolWorker-6,  processing 9 (21521.5 per sec) reads @ chr3:100000000-105000000
ForkPoolWorker-6 countReadsInRegions_worker: processing 5000000 (11910601.4 per sec) @ chr3:100000000-105000000
ForkPoolWorker-6,  processing 6 (15837.5 per sec) reads @ chr5:95000000-100000000
ForkPoolWorker-6 countReadsInRegions_worker: processing 5000000 (11907990.9 per sec) @ chr5:95000000-100000000
ForkPoolWorker-6,  processing 0 (0.0 per sec) reads @ chrUn_KI270389v1:0-1298
ForkPoolWorker-6 countReadsInRegions_worker: processing 1298 (409893.6 per sec) @ chrUn_KI270389v1:0-1298
ForkPoolWorker-6,  processing 27 (47323.9 per sec) reads @ chrX:5000000-10000000
ForkPoolWorker-6 countReadsInRegions_worker: processing 5000000 (11929049.8 per sec) @ chrX:5000000-10000000
ForkPoolWorker-6,  processing 15 (30481.9 per sec) reads @ chr6:20000000-25000000
ForkPoolWorker-6 countReadsInRegions_worker: processing 5000000 (11898836.0 per sec) @ chr6:20000000-25000000
ForkPoolWorker-6,  processing 0 (0.0 per sec) reads @ chrUn_KI270748v1:0-93321
ForkPoolWorker-6 countReadsInRegions_worker: processing 93321 (7405900.3 per sec) @ chrUn_KI270748v1:0-93321
ForkPoolWorker-6,  processing 3 (7781.6 per sec) reads @ chr14:85000000-90000000
ForkPoolWorker-6 countReadsInRegions_worker: processing 5000000 (10976974.1 per sec) @ chr14:85000000-90000000
ForkPoolWorker-6,  processing 6 (14597.3 per sec) reads @ chr13:90000000-95000000
ForkPoolWorker-6 countReadsInRegions_worker: processing 5000000 (11852843.2 per sec) @ chr13:90000000-95000000
ForkPoolWorker-6,  processing 6 (18091.9 per sec) reads @ chrUn_GL000220v1:0-161802
ForkPoolWorker-6 countReadsInRegions_worker: processing 161802 (9289913.7 per sec) @ chrUn_GL000220v1:0-161802
ForkPoolWorker-6,  processing 23 (44069.9 per sec) reads @ chr2:70000000-75000000
ForkPoolWorker-6 countReadsInRegions_worker: processing 5000000 (11760596.9 per sec) @ chr2:70000000-75000000
ForkPoolWorker-6,  processing 42 (59533.9 per sec) reads @ chr1:50000000-55000000
ForkPoolWorker-6 countReadsInRegions_worker: processing 5000000 (12162479.4 per sec) @ chr1:50000000-55000000
ForkPoolWorker-6,  processing 35 (46120.2 per sec) reads @ chr6:25000000-30000000
ForkPoolWorker-6 countReadsInRegions_worker: processing 5000000 (12208260.0 per sec) @ chr6:25000000-30000000
ForkPoolWorker-6,  processing 0 (0.0 per sec) reads @ chr22_KI270734v1_random:0-165050
ForkPoolWorker-6 countReadsInRegions_worker: processing 165050 (10368598.9 per sec) @ chr22_KI270734v1_random:0-165050
ForkPoolWorker-6,  processing 0 (0.0 per sec) reads @ chr22_KI270736v1_random:0-181920
ForkPoolWorker-6 countReadsInRegions_worker: processing 181920 (10371875.8 per sec) @ chr22_KI270736v1_random:0-181920
ForkPoolWorker-25,  processing 51 (30987.9 per sec) reads @ chr19:55000000-58617616
ForkPoolWorker-25 countReadsInRegions_worker: processing 3617616 (10678087.8 per sec) @ chr19:55000000-58617616
ForkPoolWorker-25,  processing 19 (24178.3 per sec) reads @ chr21:15000000-20000000
ForkPoolWorker-25 countReadsInRegions_worker: processing 5000000 (12138818.2 per sec) @ chr21:15000000-20000000
ForkPoolWorker-25,  processing 11 (23372.5 per sec) reads @ chr18:10000000-15000000
ForkPoolWorker-25 countReadsInRegions_worker: processing 5000000 (12226302.5 per sec) @ chr18:10000000-15000000
ForkPoolWorker-25,  processing 5 (11755.3 per sec) reads @ chr3:0-5000000
ForkPoolWorker-25 countReadsInRegions_worker: processing 5000000 (12103362.3 per sec) @ chr3:0-5000000
ForkPoolWorker-25,  processing 27 (48939.6 per sec) reads @ chr17:65000000-70000000
ForkPoolWorker-25 countReadsInRegions_worker: processing 5000000 (12184951.5 per sec) @ chr17:65000000-70000000
ForkPoolWorker-25,  processing 19 (37414.0 per sec) reads @ chr5:135000000-140000000
ForkPoolWorker-25 countReadsInRegions_worker: processing 5000000 (12148015.5 per sec) @ chr5:135000000-140000000
ForkPoolWorker-25,  processing 23 (37965.0 per sec) reads @ chr3:65000000-70000000
ForkPoolWorker-25 countReadsInRegions_worker: processing 5000000 (12109512.4 per sec) @ chr3:65000000-70000000
ForkPoolWorker-25,  processing 65 (84720.2 per sec) reads @ chrX:105000000-110000000
ForkPoolWorker-25 countReadsInRegions_worker: processing 5000000 (12081022.8 per sec) @ chrX:105000000-110000000
ForkPoolWorker-25,  processing 10 (19143.3 per sec) reads @ chrX:140000000-145000000
ForkPoolWorker-25 countReadsInRegions_worker: processing 5000000 (12103509.0 per sec) @ chrX:140000000-145000000
ForkPoolWorker-25,  processing 11 (21650.6 per sec) reads @ chr21:10000000-15000000
ForkPoolWorker-25 countReadsInRegions_worker: processing 5000000 (12176822.3 per sec) @ chr21:10000000-15000000
ForkPoolWorker-25,  processing 12 (25562.0 per sec) reads @ chr6:10000000-15000000
ForkPoolWorker-25 countReadsInRegions_worker: processing 5000000 (12028223.3 per sec) @ chr6:10000000-15000000
ForkPoolWorker-25,  processing 0 (0.0 per sec) reads @ chrUn_KI270539v1:0-993
ForkPoolWorker-25 countReadsInRegions_worker: processing 993 (267206.3 per sec) @ chrUn_KI270539v1:0-993
ForkPoolWorker-25,  processing 65 (65836.7 per sec) reads @ chr2:235000000-240000000
ForkPoolWorker-25 countReadsInRegions_worker: processing 5000000 (12146622.3 per sec) @ chr2:235000000-240000000
ForkPoolWorker-25,  processing 25 (44677.3 per sec) reads @ chr8:10000000-15000000
ForkPoolWorker-25 countReadsInRegions_worker: processing 5000000 (12041041.1 per sec) @ chr8:10000000-15000000
ForkPoolWorker-25,  processing 15 (28365.4 per sec) reads @ chr11:120000000-125000000
ForkPoolWorker-25 countReadsInRegions_worker: processing 5000000 (12257265.9 per sec) @ chr11:120000000-125000000
ForkPoolWorker-5,  processing 0 (0.0 per sec) reads @ chr15:5000000-10000000
ForkPoolWorker-5 countReadsInRegions_worker: processing 5000000 (9669414.8 per sec) @ chr15:5000000-10000000
ForkPoolWorker-5,  processing 93 (77672.3 per sec) reads @ chr3:50000000-55000000
ForkPoolWorker-5 countReadsInRegions_worker: processing 5000000 (11089089.6 per sec) @ chr3:50000000-55000000
ForkPoolWorker-5,  processing 87 (88397.4 per sec) reads @ chr9:135000000-138394717
ForkPoolWorker-5 countReadsInRegions_worker: processing 3394717 (11843958.3 per sec) @ chr9:135000000-138394717
ForkPoolWorker-5,  processing 6 (13436.1 per sec) reads @ chr3:135000000-140000000
ForkPoolWorker-5 countReadsInRegions_worker: processing 5000000 (12229603.6 per sec) @ chr3:135000000-140000000
ForkPoolWorker-5,  processing 5 (11281.1 per sec) reads @ chr7:50000000-55000000
ForkPoolWorker-5 countReadsInRegions_worker: processing 5000000 (12245184.9 per sec) @ chr7:50000000-55000000
ForkPoolWorker-5,  processing 2 (4843.3 per sec) reads @ chr9:100000000-105000000
ForkPoolWorker-5 countReadsInRegions_worker: processing 5000000 (12209937.5 per sec) @ chr9:100000000-105000000
ForkPoolWorker-5,  processing 2 (5239.6 per sec) reads @ chr5:20000000-25000000
ForkPoolWorker-5 countReadsInRegions_worker: processing 5000000 (12196608.8 per sec) @ chr5:20000000-25000000
ForkPoolWorker-5,  processing 0 (0.0 per sec) reads @ chr22:0-5000000
ForkPoolWorker-5 countReadsInRegions_worker: processing 5000000 (12190476.2 per sec) @ chr22:0-5000000
ForkPoolWorker-5,  processing 5 (11299.3 per sec) reads @ chr3:55000000-60000000
ForkPoolWorker-5 countReadsInRegions_worker: processing 5000000 (12091331.7 per sec) @ chr3:55000000-60000000
ForkPoolWorker-5,  processing 20 (34981.7 per sec) reads @ chr2:45000000-50000000
ForkPoolWorker-5 countReadsInRegions_worker: processing 5000000 (12080215.6 per sec) @ chr2:45000000-50000000
ForkPoolWorker-5,  processing 0 (0.0 per sec) reads @ chrUn_KI270340v1:0-1428
ForkPoolWorker-5 countReadsInRegions_worker: processing 1428 (288454.3 per sec) @ chrUn_KI270340v1:0-1428
ForkPoolWorker-5,  processing 72 (75724.6 per sec) reads @ chr1:10000000-15000000
ForkPoolWorker-5 countReadsInRegions_worker: processing 5000000 (11972170.9 per sec) @ chr1:10000000-15000000
ForkPoolWorker-5,  processing 3 (7161.6 per sec) reads @ chr5:160000000-165000000
ForkPoolWorker-5 countReadsInRegions_worker: processing 5000000 (12081711.8 per sec) @ chr5:160000000-165000000
ForkPoolWorker-5,  processing 51 (58064.5 per sec) reads @ chr14:100000000-105000000
ForkPoolWorker-5 countReadsInRegions_worker: processing 5000000 (12300033.4 per sec) @ chr14:100000000-105000000
ForkPoolWorker-5,  processing 35 (57120.9 per sec) reads @ chr2:30000000-35000000
ForkPoolWorker-5 countReadsInRegions_worker: processing 5000000 (12295785.7 per sec) @ chr2:30000000-35000000
ForkPoolWorker-46,  processing 8 (7991.1 per sec) reads @ chr2:115000000-120000000
ForkPoolWorker-46 countReadsInRegions_worker: processing 5000000 (9933709.0 per sec) @ chr2:115000000-120000000
ForkPoolWorker-46,  processing 74 (62791.5 per sec) reads @ chr22:35000000-40000000
ForkPoolWorker-46 countReadsInRegions_worker: processing 5000000 (11723438.6 per sec) @ chr22:35000000-40000000
ForkPoolWorker-46,  processing 21 (41120.6 per sec) reads @ chr3:60000000-65000000
ForkPoolWorker-46 countReadsInRegions_worker: processing 5000000 (11735785.5 per sec) @ chr3:60000000-65000000
ForkPoolWorker-46,  processing 19 (36059.6 per sec) reads @ chr15:70000000-75000000
ForkPoolWorker-46 countReadsInRegions_worker: processing 5000000 (11802373.8 per sec) @ chr15:70000000-75000000
ForkPoolWorker-46,  processing 0 (0.0 per sec) reads @ chrUn_KI270757v1:0-71251
ForkPoolWorker-46 countReadsInRegions_worker: processing 71251 (6709511.6 per sec) @ chrUn_KI270757v1:0-71251
ForkPoolWorker-46,  processing 7 (15412.1 per sec) reads @ chr8:30000000-35000000
ForkPoolWorker-46 countReadsInRegions_worker: processing 5000000 (11949475.1 per sec) @ chr8:30000000-35000000
ForkPoolWorker-46,  processing 140 (90547.8 per sec) reads @ chr16:25000000-30000000
ForkPoolWorker-46 countReadsInRegions_worker: processing 5000000 (11753709.0 per sec) @ chr16:25000000-30000000
ForkPoolWorker-46,  processing 5 (11560.9 per sec) reads @ chrX:80000000-85000000
ForkPoolWorker-46 countReadsInRegions_worker: processing 5000000 (11837061.1 per sec) @ chrX:80000000-85000000
ForkPoolWorker-46,  processing 5 (11522.8 per sec) reads @ chr4:60000000-65000000
ForkPoolWorker-46 countReadsInRegions_worker: processing 5000000 (11753063.4 per sec) @ chr4:60000000-65000000
ForkPoolWorker-46,  processing 18 (28371.8 per sec) reads @ chr20:5000000-10000000
ForkPoolWorker-46 countReadsInRegions_worker: processing 5000000 (10999877.8 per sec) @ chr20:5000000-10000000
ForkPoolWorker-46,  processing 12 (24978.5 per sec) reads @ chr10:130000000-133797422
ForkPoolWorker-46 countReadsInRegions_worker: processing 3797422 (11402251.1 per sec) @ chr10:130000000-133797422
ForkPoolWorker-46,  processing 82 (84111.7 per sec) reads @ chr8:130000000-135000000
ForkPoolWorker-46 countReadsInRegions_worker: processing 5000000 (12030603.8 per sec) @ chr8:130000000-135000000
ForkPoolWorker-46,  processing 25 (41396.6 per sec) reads @ chr16:80000000-85000000
ForkPoolWorker-46 countReadsInRegions_worker: processing 5000000 (12092070.7 per sec) @ chr16:80000000-85000000
ForkPoolWorker-46,  processing 9 (20132.7 per sec) reads @ chr4:170000000-175000000
ForkPoolWorker-46 countReadsInRegions_worker: processing 5000000 (12202243.5 per sec) @ chr4:170000000-175000000
ForkPoolWorker-46,  processing 2 (5305.9 per sec) reads @ chr7:110000000-115000000
ForkPoolWorker-46 countReadsInRegions_worker: processing 5000000 (12312360.2 per sec) @ chr7:110000000-115000000
ForkPoolWorker-17,  processing 0 (0.0 per sec) reads @ chr15:0-5000000
ForkPoolWorker-17 countReadsInRegions_worker: processing 5000000 (9610000.6 per sec) @ chr15:0-5000000
ForkPoolWorker-17,  processing 20 (24043.0 per sec) reads @ chr3:40000000-45000000
ForkPoolWorker-17 countReadsInRegions_worker: processing 5000000 (11128214.1 per sec) @ chr3:40000000-45000000
ForkPoolWorker-17,  processing 13 (27805.2 per sec) reads @ chr5:115000000-120000000
ForkPoolWorker-17 countReadsInRegions_worker: processing 5000000 (11334412.8 per sec) @ chr5:115000000-120000000
ForkPoolWorker-17,  processing 137 (95531.1 per sec) reads @ chr7:5000000-10000000
ForkPoolWorker-17 countReadsInRegions_worker: processing 5000000 (11510006.7 per sec) @ chr7:5000000-10000000
ForkPoolWorker-17,  processing 35 (56701.7 per sec) reads @ chr1:240000000-245000000
ForkPoolWorker-17 countReadsInRegions_worker: processing 5000000 (11786686.0 per sec) @ chr1:240000000-245000000
ForkPoolWorker-17,  processing 13 (27776.8 per sec) reads @ chr14:55000000-60000000
ForkPoolWorker-17 countReadsInRegions_worker: processing 5000000 (11753814.4 per sec) @ chr14:55000000-60000000
ForkPoolWorker-17,  processing 0 (0.0 per sec) reads @ chrUn_KI270528v1:0-2983
ForkPoolWorker-17 countReadsInRegions_worker: processing 2983 (908547.6 per sec) @ chrUn_KI270528v1:0-2983
ForkPoolWorker-17,  processing 44 (61784.2 per sec) reads @ chr2:230000000-235000000
ForkPoolWorker-17 countReadsInRegions_worker: processing 5000000 (11891913.3 per sec) @ chr2:230000000-235000000
ForkPoolWorker-17,  processing 18 (35763.8 per sec) reads @ chr1:235000000-240000000
ForkPoolWorker-17 countReadsInRegions_worker: processing 5000000 (11807091.6 per sec) @ chr1:235000000-240000000
ForkPoolWorker-17,  processing 11 (23757.6 per sec) reads @ chr14:95000000-100000000
ForkPoolWorker-17 countReadsInRegions_worker: processing 5000000 (10987147.5 per sec) @ chr14:95000000-100000000
ForkPoolWorker-17,  processing 24 (36041.3 per sec) reads @ chr13:40000000-45000000
ForkPoolWorker-17 countReadsInRegions_worker: processing 5000000 (11853439.5 per sec) @ chr13:40000000-45000000
ForkPoolWorker-17,  processing 15 (29537.4 per sec) reads @ chr2:35000000-40000000
ForkPoolWorker-17 countReadsInRegions_worker: processing 5000000 (11997924.4 per sec) @ chr2:35000000-40000000
ForkPoolWorker-17,  processing 14 (28588.2 per sec) reads @ chr18:0-5000000
ForkPoolWorker-17 countReadsInRegions_worker: processing 5000000 (12123765.6 per sec) @ chr18:0-5000000
ForkPoolWorker-17,  processing 18 (35098.8 per sec) reads @ chr18:30000000-35000000
ForkPoolWorker-17 countReadsInRegions_worker: processing 5000000 (12174616.7 per sec) @ chr18:30000000-35000000
ForkPoolWorker-17,  processing 29 (43163.5 per sec) reads @ chr10:40000000-45000000
ForkPoolWorker-17 countReadsInRegions_worker: processing 5000000 (12247494.8 per sec) @ chr10:40000000-45000000
ForkPoolWorker-26,  processing 11 (11098.7 per sec) reads @ chr4:100000000-105000000
ForkPoolWorker-26 countReadsInRegions_worker: processing 5000000 (10522383.2 per sec) @ chr4:100000000-105000000
ForkPoolWorker-26,  processing 2 (3771.9 per sec) reads @ chrX:155000000-156040895
ForkPoolWorker-26 countReadsInRegions_worker: processing 1040895 (11271923.3 per sec) @ chrX:155000000-156040895
ForkPoolWorker-26,  processing 0 (0.0 per sec) reads @ chr14_KI270722v1_random:0-194050
ForkPoolWorker-26 countReadsInRegions_worker: processing 194050 (9147052.0 per sec) @ chr14_KI270722v1_random:0-194050
ForkPoolWorker-26,  processing 5 (12328.9 per sec) reads @ chr4:95000000-100000000
ForkPoolWorker-26 countReadsInRegions_worker: processing 5000000 (12043385.2 per sec) @ chr4:95000000-100000000
ForkPoolWorker-26,  processing 0 (0.0 per sec) reads @ chr13:5000000-10000000
ForkPoolWorker-26 countReadsInRegions_worker: processing 5000000 (12164475.9 per sec) @ chr13:5000000-10000000
ForkPoolWorker-26,  processing 0 (0.0 per sec) reads @ chrUn_KI270448v1:0-7992
ForkPoolWorker-26 countReadsInRegions_worker: processing 7992 (1974255.1 per sec) @ chrUn_KI270448v1:0-7992
ForkPoolWorker-26,  processing 50 (70068.6 per sec) reads @ chr1:75000000-80000000
ForkPoolWorker-26 countReadsInRegions_worker: processing 5000000 (12059500.7 per sec) @ chr1:75000000-80000000
ForkPoolWorker-26,  processing 19 (34558.4 per sec) reads @ chr18:75000000-80000000
ForkPoolWorker-26 countReadsInRegions_worker: processing 5000000 (12146010.3 per sec) @ chr18:75000000-80000000
ForkPoolWorker-26,  processing 0 (0.0 per sec) reads @ chr22_KI270735v1_random:0-42811
ForkPoolWorker-26 countReadsInRegions_worker: processing 42811 (6828764.0 per sec) @ chr22_KI270735v1_random:0-42811
ForkPoolWorker-26,  processing 6 (14555.1 per sec) reads @ chr14:35000000-40000000
ForkPoolWorker-26 countReadsInRegions_worker: processing 5000000 (12079721.5 per sec) @ chr14:35000000-40000000
ForkPoolWorker-26,  processing 1 (2745.0 per sec) reads @ chr16:90000000-90338345
ForkPoolWorker-26 countReadsInRegions_worker: processing 338345 (10989103.1 per sec) @ chr16:90000000-90338345
ForkPoolWorker-26,  processing 137 (108870.7 per sec) reads @ chr14:45000000-50000000
ForkPoolWorker-26 countReadsInRegions_worker: processing 5000000 (12129206.9 per sec) @ chr14:45000000-50000000
ForkPoolWorker-26,  processing 53 (67281.5 per sec) reads @ chr11:130000000-135000000
ForkPoolWorker-26 countReadsInRegions_worker: processing 5000000 (12077871.0 per sec) @ chr11:130000000-135000000
ForkPoolWorker-26,  processing 0 (0.0 per sec) reads @ chr9:50000000-55000000
ForkPoolWorker-26 countReadsInRegions_worker: processing 5000000 (12130133.0 per sec) @ chr9:50000000-55000000
ForkPoolWorker-26,  processing 21 (32311.2 per sec) reads @ chr10:85000000-90000000
ForkPoolWorker-26 countReadsInRegions_worker: processing 5000000 (11984937.9 per sec) @ chr10:85000000-90000000
ForkPoolWorker-26,  processing 5 (12004.3 per sec) reads @ chr17:50000000-55000000
ForkPoolWorker-26 countReadsInRegions_worker: processing 5000000 (12026616.1 per sec) @ chr17:50000000-55000000
ForkPoolWorker-26,  processing 8 (16998.2 per sec) reads @ chr12:100000000-105000000
ForkPoolWorker-26 countReadsInRegions_worker: processing 5000000 (12068814.3 per sec) @ chr12:100000000-105000000
ForkPoolWorker-26,  processing 0 (0.0 per sec) reads @ chrUn_KI270438v1:0-112505
ForkPoolWorker-26 countReadsInRegions_worker: processing 112505 (9651875.1 per sec) @ chrUn_KI270438v1:0-112505
ForkPoolWorker-26,  processing 23 (40161.9 per sec) reads @ chr12:125000000-130000000
ForkPoolWorker-26 countReadsInRegions_worker: processing 5000000 (12253326.9 per sec) @ chr12:125000000-130000000
ForkPoolWorker-26,  processing 5 (9039.4 per sec) reads @ chr3:150000000-155000000
ForkPoolWorker-26 countReadsInRegions_worker: processing 5000000 (12174079.6 per sec) @ chr3:150000000-155000000
ForkPoolWorker-21,  processing 19 (6514.0 per sec) reads @ chr3:190000000-195000000
ForkPoolWorker-21 countReadsInRegions_worker: processing 5000000 (9824884.2 per sec) @ chr3:190000000-195000000
ForkPoolWorker-21,  processing 0 (0.0 per sec) reads @ chrUn_KI270420v1:0-2321
ForkPoolWorker-21 countReadsInRegions_worker: processing 2321 (628590.4 per sec) @ chrUn_KI270420v1:0-2321
ForkPoolWorker-21,  processing 0 (0.0 per sec) reads @ chrUn_KI270412v1:0-1179
ForkPoolWorker-21 countReadsInRegions_worker: processing 1179 (390175.5 per sec) @ chrUn_KI270412v1:0-1179
ForkPoolWorker-21,  processing 7 (16719.9 per sec) reads @ chr2:225000000-230000000
ForkPoolWorker-21 countReadsInRegions_worker: processing 5000000 (11321722.0 per sec) @ chr2:225000000-230000000
ForkPoolWorker-21,  processing 13 (27100.4 per sec) reads @ chr16:70000000-75000000
ForkPoolWorker-21 countReadsInRegions_worker: processing 5000000 (11325249.8 per sec) @ chr16:70000000-75000000
ForkPoolWorker-21,  processing 15 (30615.4 per sec) reads @ chr15:60000000-65000000
ForkPoolWorker-21 countReadsInRegions_worker: processing 5000000 (11402684.0 per sec) @ chr15:60000000-65000000
ForkPoolWorker-21,  processing 0 (0.0 per sec) reads @ chrUn_KI270390v1:0-2387
ForkPoolWorker-21 countReadsInRegions_worker: processing 2387 (753220.3 per sec) @ chrUn_KI270390v1:0-2387
ForkPoolWorker-21,  processing 9 (21171.5 per sec) reads @ chr2:200000000-205000000
ForkPoolWorker-21 countReadsInRegions_worker: processing 5000000 (11501926.4 per sec) @ chr2:200000000-205000000
ForkPoolWorker-21,  processing 3 (7943.8 per sec) reads @ chr2:120000000-125000000
ForkPoolWorker-21 countReadsInRegions_worker: processing 5000000 (11602173.3 per sec) @ chr2:120000000-125000000
ForkPoolWorker-21,  processing 34 (51205.1 per sec) reads @ chrX:50000000-55000000
ForkPoolWorker-21 countReadsInRegions_worker: processing 5000000 (11519939.5 per sec) @ chrX:50000000-55000000
ForkPoolWorker-21,  processing 20 (37499.4 per sec) reads @ chr18:70000000-75000000
ForkPoolWorker-21 countReadsInRegions_worker: processing 5000000 (11619549.1 per sec) @ chr18:70000000-75000000
ForkPoolWorker-21,  processing 0 (0.0 per sec) reads @ chrUn_KI270742v1:0-186739
ForkPoolWorker-21 countReadsInRegions_worker: processing 186739 (9581739.5 per sec) @ chrUn_KI270742v1:0-186739
ForkPoolWorker-21,  processing 11 (23068.7 per sec) reads @ chr8:105000000-110000000
ForkPoolWorker-21 countReadsInRegions_worker: processing 5000000 (10855447.7 per sec) @ chr8:105000000-110000000
ForkPoolWorker-21,  processing 0 (0.0 per sec) reads @ chrUn_KI270381v1:0-1930
ForkPoolWorker-21 countReadsInRegions_worker: processing 1930 (557737.8 per sec) @ chrUn_KI270381v1:0-1930
ForkPoolWorker-21,  processing 0 (0.0 per sec) reads @ chrUn_KI270362v1:0-3530
ForkPoolWorker-21 countReadsInRegions_worker: processing 3530 (1037844.7 per sec) @ chrUn_KI270362v1:0-3530
ForkPoolWorker-21,  processing 16 (32451.1 per sec) reads @ chr2:65000000-70000000
ForkPoolWorker-21 countReadsInRegions_worker: processing 5000000 (11879242.7 per sec) @ chr2:65000000-70000000
ForkPoolWorker-21,  processing 21 (42103.4 per sec) reads @ chr6:85000000-90000000
ForkPoolWorker-21 countReadsInRegions_worker: processing 5000000 (11907848.9 per sec) @ chr6:85000000-90000000
ForkPoolWorker-21,  processing 25 (40864.2 per sec) reads @ chr11:30000000-35000000
ForkPoolWorker-21 countReadsInRegions_worker: processing 5000000 (12095404.3 per sec) @ chr11:30000000-35000000
ForkPoolWorker-21,  processing 9 (20284.1 per sec) reads @ chr8:125000000-130000000
ForkPoolWorker-21 countReadsInRegions_worker: processing 5000000 (12174440.1 per sec) @ chr8:125000000-130000000
ForkPoolWorker-21,  processing 10 (20011.0 per sec) reads @ chr11:100000000-105000000
ForkPoolWorker-21 countReadsInRegions_worker: processing 5000000 (12235954.2 per sec) @ chr11:100000000-105000000
ForkPoolWorker-38,  processing 0 (0.0 per sec) reads @ chrUn_KI270468v1:0-4055
ForkPoolWorker-38 countReadsInRegions_worker: processing 4055 (227299.4 per sec) @ chrUn_KI270468v1:0-4055
ForkPoolWorker-38,  processing 58 (9409.0 per sec) reads @ chr1:40000000-45000000
ForkPoolWorker-38 countReadsInRegions_worker: processing 5000000 (9946307.1 per sec) @ chr1:40000000-45000000
ForkPoolWorker-38,  processing 1320 (140498.4 per sec) reads @ chr22_KI270733v1_random:0-179772
ForkPoolWorker-38 countReadsInRegions_worker: processing 179772 (5409920.0 per sec) @ chr22_KI270733v1_random:0-179772
ForkPoolWorker-38,  processing 10 (20087.7 per sec) reads @ chr4:20000000-25000000
ForkPoolWorker-38 countReadsInRegions_worker: processing 5000000 (11998789.3 per sec) @ chr4:20000000-25000000
ForkPoolWorker-38,  processing 0 (0.0 per sec) reads @ chrUn_KI270391v1:0-1484
ForkPoolWorker-38 countReadsInRegions_worker: processing 1484 (418022.0 per sec) @ chrUn_KI270391v1:0-1484
ForkPoolWorker-38,  processing 0 (0.0 per sec) reads @ chrUn_KI270755v1:0-36723
ForkPoolWorker-38 countReadsInRegions_worker: processing 36723 (6768353.7 per sec) @ chrUn_KI270755v1:0-36723
ForkPoolWorker-38,  processing 2 (5540.7 per sec) reads @ chr4:175000000-180000000
ForkPoolWorker-38 countReadsInRegions_worker: processing 5000000 (12095739.2 per sec) @ chr4:175000000-180000000
ForkPoolWorker-38,  processing 0 (0.0 per sec) reads @ chr1_KI270709v1_random:0-66860
ForkPoolWorker-38 countReadsInRegions_worker: processing 66860 (8083686.4 per sec) @ chr1_KI270709v1_random:0-66860
ForkPoolWorker-38,  processing 4 (10118.9 per sec) reads @ chr8:85000000-90000000
ForkPoolWorker-38 countReadsInRegions_worker: processing 5000000 (12014358.9 per sec) @ chr8:85000000-90000000
ForkPoolWorker-38,  processing 0 (0.0 per sec) reads @ chrUn_GL000224v1:0-179693
ForkPoolWorker-38 countReadsInRegions_worker: processing 179693 (10588615.6 per sec) @ chrUn_GL000224v1:0-179693
ForkPoolWorker-38,  processing 28 (49953.4 per sec) reads @ chr22:50000000-50818468
ForkPoolWorker-38 countReadsInRegions_worker: processing 818468 (11430552.7 per sec) @ chr22:50000000-50818468
ForkPoolWorker-38,  processing 25 (43437.3 per sec) reads @ chr13:50000000-55000000
ForkPoolWorker-38 countReadsInRegions_worker: processing 5000000 (12046110.8 per sec) @ chr13:50000000-55000000
ForkPoolWorker-38,  processing 33 (51150.0 per sec) reads @ chr11:10000000-15000000
ForkPoolWorker-38 countReadsInRegions_worker: processing 5000000 (12139366.3 per sec) @ chr11:10000000-15000000
ForkPoolWorker-38,  processing 7 (15776.5 per sec) reads @ chr4:70000000-75000000
ForkPoolWorker-38 countReadsInRegions_worker: processing 5000000 (12070794.1 per sec) @ chr4:70000000-75000000
ForkPoolWorker-38,  processing 15 (30334.9 per sec) reads @ chr12:85000000-90000000
ForkPoolWorker-38 countReadsInRegions_worker: processing 5000000 (10983234.6 per sec) @ chr12:85000000-90000000
ForkPoolWorker-38,  processing 56 (65426.5 per sec) reads @ chr12:55000000-60000000
ForkPoolWorker-38 countReadsInRegions_worker: processing 5000000 (11585713.4 per sec) @ chr12:55000000-60000000
ForkPoolWorker-38,  processing 2 (5093.3 per sec) reads @ chr16:35000000-40000000
ForkPoolWorker-38 countReadsInRegions_worker: processing 5000000 (11844689.4 per sec) @ chr16:35000000-40000000
ForkPoolWorker-38,  processing 20 (35514.9 per sec) reads @ chr9:75000000-80000000
ForkPoolWorker-38 countReadsInRegions_worker: processing 5000000 (12188910.3 per sec) @ chr9:75000000-80000000
ForkPoolWorker-38,  processing 2 (5181.4 per sec) reads @ chr3:90000000-95000000
ForkPoolWorker-38 countReadsInRegions_worker: processing 5000000 (12168075.5 per sec) @ chr3:90000000-95000000
ForkPoolWorker-38,  processing 69 (85724.8 per sec) reads @ chr22:45000000-50000000
ForkPoolWorker-38 countReadsInRegions_worker: processing 5000000 (12256886.2 per sec) @ chr22:45000000-50000000
ForkPoolWorker-44,  processing 15 (14965.4 per sec) reads @ chr1:165000000-170000000
ForkPoolWorker-44 countReadsInRegions_worker: processing 5000000 (9409649.0 per sec) @ chr1:165000000-170000000
ForkPoolWorker-44,  processing 0 (0.0 per sec) reads @ chrUn_KI270512v1:0-22689
ForkPoolWorker-44 countReadsInRegions_worker: processing 22689 (4013858.2 per sec) @ chrUn_KI270512v1:0-22689
ForkPoolWorker-44,  processing 0 (0.0 per sec) reads @ chr17_KI270729v1_random:0-280839
ForkPoolWorker-44 countReadsInRegions_worker: processing 280839 (9891124.6 per sec) @ chr17_KI270729v1_random:0-280839
ForkPoolWorker-44,  processing 61 (49032.7 per sec) reads @ chr21:30000000-35000000
ForkPoolWorker-44 countReadsInRegions_worker: processing 5000000 (11638100.7 per sec) @ chr21:30000000-35000000
ForkPoolWorker-44,  processing 9 (14757.1 per sec) reads @ chr5:65000000-70000000
ForkPoolWorker-44 countReadsInRegions_worker: processing 5000000 (11644026.2 per sec) @ chr5:65000000-70000000
ForkPoolWorker-44,  processing 0 (0.0 per sec) reads @ chrUn_KI270516v1:0-1300
ForkPoolWorker-44 countReadsInRegions_worker: processing 1300 (298739.6 per sec) @ chrUn_KI270516v1:0-1300
ForkPoolWorker-44,  processing 5 (9190.0 per sec) reads @ chr5:100000000-105000000
ForkPoolWorker-44 countReadsInRegions_worker: processing 5000000 (11667009.7 per sec) @ chr5:100000000-105000000
ForkPoolWorker-44,  processing 246 (105285.6 per sec) reads @ chr17:75000000-80000000
ForkPoolWorker-44 countReadsInRegions_worker: processing 5000000 (11863188.9 per sec) @ chr17:75000000-80000000
ForkPoolWorker-44,  processing 23 (33601.2 per sec) reads @ chrX:10000000-15000000
ForkPoolWorker-44 countReadsInRegions_worker: processing 5000000 (11758809.9 per sec) @ chrX:10000000-15000000
ForkPoolWorker-44,  processing 0 (0.0 per sec) reads @ chrUn_KI270386v1:0-1788
ForkPoolWorker-44 countReadsInRegions_worker: processing 1788 (424751.7 per sec) @ chrUn_KI270386v1:0-1788
ForkPoolWorker-44,  processing 15 (25256.7 per sec) reads @ chr13:20000000-25000000
ForkPoolWorker-44 countReadsInRegions_worker: processing 5000000 (11664135.1 per sec) @ chr13:20000000-25000000
ForkPoolWorker-44,  processing 6 (9888.3 per sec) reads @ chrX:40000000-45000000
ForkPoolWorker-44 countReadsInRegions_worker: processing 5000000 (11711117.7 per sec) @ chrX:40000000-45000000
ForkPoolWorker-44,  processing 0 (0.0 per sec) reads @ chrUn_KI270320v1:0-4416
ForkPoolWorker-44 countReadsInRegions_worker: processing 4416 (1086082.2 per sec) @ chrUn_KI270320v1:0-4416
ForkPoolWorker-44,  processing 38 (53809.4 per sec) reads @ chrX:20000000-25000000
ForkPoolWorker-44 countReadsInRegions_worker: processing 5000000 (12206270.4 per sec) @ chrX:20000000-25000000
ForkPoolWorker-44,  processing 11 (21320.4 per sec) reads @ chr4:10000000-15000000
ForkPoolWorker-44 countReadsInRegions_worker: processing 5000000 (12193368.0 per sec) @ chr4:10000000-15000000
ForkPoolWorker-44,  processing 32 (53430.6 per sec) reads @ chr15:85000000-90000000
ForkPoolWorker-44 countReadsInRegions_worker: processing 5000000 (12121292.0 per sec) @ chr15:85000000-90000000
ForkPoolWorker-44,  processing 26 (40063.2 per sec) reads @ chr13:45000000-50000000
ForkPoolWorker-44 countReadsInRegions_worker: processing 5000000 (12204792.9 per sec) @ chr13:45000000-50000000
ForkPoolWorker-44,  processing 38 (54846.4 per sec) reads @ chr10:115000000-120000000
ForkPoolWorker-44 countReadsInRegions_worker: processing 5000000 (12190079.4 per sec) @ chr10:115000000-120000000
ForkPoolWorker-44,  processing 40 (63646.5 per sec) reads @ chr1:160000000-165000000
ForkPoolWorker-44 countReadsInRegions_worker: processing 5000000 (12213222.6 per sec) @ chr1:160000000-165000000
ForkPoolWorker-44,  processing 0 (0.0 per sec) reads @ chrUn_KI270330v1:0-1652
ForkPoolWorker-44 countReadsInRegions_worker: processing 1652 (462487.7 per sec) @ chrUn_KI270330v1:0-1652
ForkPoolWorker-11,  processing 17 (6335.2 per sec) reads @ chr2:80000000-85000000
ForkPoolWorker-11 countReadsInRegions_worker: processing 5000000 (10080421.2 per sec) @ chr2:80000000-85000000
ForkPoolWorker-11,  processing 23 (35492.6 per sec) reads @ chr6:150000000-155000000
ForkPoolWorker-11 countReadsInRegions_worker: processing 5000000 (11036974.1 per sec) @ chr6:150000000-155000000
ForkPoolWorker-11,  processing 10 (22647.4 per sec) reads @ chr5:10000000-15000000
ForkPoolWorker-11 countReadsInRegions_worker: processing 5000000 (11343989.5 per sec) @ chr5:10000000-15000000
ForkPoolWorker-11,  processing 2 (5370.4 per sec) reads @ chr1:190000000-195000000
ForkPoolWorker-11 countReadsInRegions_worker: processing 5000000 (11501491.2 per sec) @ chr1:190000000-195000000
ForkPoolWorker-11,  processing 6 (15042.3 per sec) reads @ chr8:90000000-95000000
ForkPoolWorker-11 countReadsInRegions_worker: processing 5000000 (11763743.7 per sec) @ chr8:90000000-95000000
ForkPoolWorker-11,  processing 32 (55622.8 per sec) reads @ chr14:20000000-25000000
ForkPoolWorker-11 countReadsInRegions_worker: processing 5000000 (11290039.9 per sec) @ chr14:20000000-25000000
ForkPoolWorker-11,  processing 18 (34679.6 per sec) reads @ chr17:60000000-65000000
ForkPoolWorker-11 countReadsInRegions_worker: processing 5000000 (11853714.2 per sec) @ chr17:60000000-65000000
ForkPoolWorker-11,  processing 1 (3768.5 per sec) reads @ chrUn_KI270741v1:0-157432
ForkPoolWorker-11 countReadsInRegions_worker: processing 157432 (9323755.2 per sec) @ chrUn_KI270741v1:0-157432
ForkPoolWorker-11,  processing 0 (0.0 per sec) reads @ chrUn_KI270417v1:0-2043
ForkPoolWorker-11 countReadsInRegions_worker: processing 2043 (562858.8 per sec) @ chrUn_KI270417v1:0-2043
ForkPoolWorker-11,  processing 0 (0.0 per sec) reads @ chrUn_KI270315v1:0-2276
ForkPoolWorker-11 countReadsInRegions_worker: processing 2276 (690205.8 per sec) @ chrUn_KI270315v1:0-2276
ForkPoolWorker-11,  processing 0 (0.0 per sec) reads @ chr1_KI270708v1_random:0-127682
ForkPoolWorker-11 countReadsInRegions_worker: processing 127682 (10024655.1 per sec) @ chr1_KI270708v1_random:0-127682
ForkPoolWorker-11,  processing 1 (2981.0 per sec) reads @ chr14_GL000225v1_random:0-211173
ForkPoolWorker-11 countReadsInRegions_worker: processing 211173 (10575806.1 per sec) @ chr14_GL000225v1_random:0-211173
ForkPoolWorker-11,  processing 31 (45606.3 per sec) reads @ chr1:70000000-75000000
ForkPoolWorker-11 countReadsInRegions_worker: processing 5000000 (11854766.2 per sec) @ chr1:70000000-75000000
ForkPoolWorker-11,  processing 18 (32839.3 per sec) reads @ chr11:95000000-100000000
ForkPoolWorker-11 countReadsInRegions_worker: processing 5000000 (11074619.7 per sec) @ chr11:95000000-100000000
ForkPoolWorker-11,  processing 0 (0.0 per sec) reads @ chr6:120000000-125000000
ForkPoolWorker-11 countReadsInRegions_worker: processing 5000000 (11711196.1 per sec) @ chr6:120000000-125000000
ForkPoolWorker-11,  processing 87 (100580.1 per sec) reads @ chr5:145000000-150000000
ForkPoolWorker-11 countReadsInRegions_worker: processing 5000000 (11882184.0 per sec) @ chr5:145000000-150000000
ForkPoolWorker-11,  processing 197 (109368.4 per sec) reads @ chr11:0-5000000
ForkPoolWorker-11 countReadsInRegions_worker: processing 5000000 (12003548.7 per sec) @ chr11:0-5000000
ForkPoolWorker-11,  processing 16 (32608.8 per sec) reads @ chr4:50000000-55000000
ForkPoolWorker-11 countReadsInRegions_worker: processing 5000000 (12252410.6 per sec) @ chr4:50000000-55000000
ForkPoolWorker-11,  processing 26 (49100.4 per sec) reads @ chr12:0-5000000
ForkPoolWorker-11 countReadsInRegions_worker: processing 5000000 (12262820.5 per sec) @ chr12:0-5000000
ForkPoolWorker-11,  processing 2 (5367.0 per sec) reads @ chr6:65000000-70000000
ForkPoolWorker-11 countReadsInRegions_worker: processing 5000000 (12257552.4 per sec) @ chr6:65000000-70000000
ForkPoolWorker-35,  processing 16 (16714.5 per sec) reads @ chr2:170000000-175000000
ForkPoolWorker-35 countReadsInRegions_worker: processing 5000000 (9589321.5 per sec) @ chr2:170000000-175000000
ForkPoolWorker-35,  processing 161 (89726.7 per sec) reads @ chr16:85000000-90000000
ForkPoolWorker-35 countReadsInRegions_worker: processing 5000000 (11337501.1 per sec) @ chr16:85000000-90000000
ForkPoolWorker-35,  processing 40 (53755.9 per sec) reads @ chr7:65000000-70000000
ForkPoolWorker-35 countReadsInRegions_worker: processing 5000000 (11342952.6 per sec) @ chr7:65000000-70000000
ForkPoolWorker-35,  processing 18 (30467.1 per sec) reads @ chr10:90000000-95000000
ForkPoolWorker-35 countReadsInRegions_worker: processing 5000000 (11458682.3 per sec) @ chr10:90000000-95000000
ForkPoolWorker-35,  processing 34 (49879.8 per sec) reads @ chr9:125000000-130000000
ForkPoolWorker-35 countReadsInRegions_worker: processing 5000000 (11332544.7 per sec) @ chr9:125000000-130000000
ForkPoolWorker-35,  processing 8 (14450.7 per sec) reads @ chr5:40000000-45000000
ForkPoolWorker-35 countReadsInRegions_worker: processing 5000000 (11427201.4 per sec) @ chr5:40000000-45000000
ForkPoolWorker-35,  processing 9 (18724.6 per sec) reads @ chr4:185000000-190000000
ForkPoolWorker-35 countReadsInRegions_worker: processing 5000000 (11461807.4 per sec) @ chr4:185000000-190000000
ForkPoolWorker-35,  processing 10 (22944.8 per sec) reads @ chr5:125000000-130000000
ForkPoolWorker-35 countReadsInRegions_worker: processing 5000000 (11559823.7 per sec) @ chr5:125000000-130000000
ForkPoolWorker-35,  processing 6 (13357.7 per sec) reads @ chr2:60000000-65000000
ForkPoolWorker-35 countReadsInRegions_worker: processing 5000000 (10643021.3 per sec) @ chr2:60000000-65000000
ForkPoolWorker-35,  processing 11 (24411.3 per sec) reads @ chrX:100000000-105000000
ForkPoolWorker-35 countReadsInRegions_worker: processing 5000000 (11595469.6 per sec) @ chrX:100000000-105000000
ForkPoolWorker-35,  processing 5 (11781.8 per sec) reads @ chr5:25000000-30000000
ForkPoolWorker-35 countReadsInRegions_worker: processing 5000000 (11819009.2 per sec) @ chr5:25000000-30000000
ForkPoolWorker-35,  processing 20 (35084.1 per sec) reads @ chr15:65000000-70000000
ForkPoolWorker-35 countReadsInRegions_worker: processing 5000000 (12093067.8 per sec) @ chr15:65000000-70000000
ForkPoolWorker-35,  processing 1 (2900.6 per sec) reads @ chrY:20000000-25000000
ForkPoolWorker-35 countReadsInRegions_worker: processing 5000000 (11992346.5 per sec) @ chrY:20000000-25000000
ForkPoolWorker-35,  processing 50 (63205.3 per sec) reads @ chrX:70000000-75000000
ForkPoolWorker-35 countReadsInRegions_worker: processing 5000000 (12203578.4 per sec) @ chrX:70000000-75000000
ForkPoolWorker-35,  processing 47 (70329.0 per sec) reads @ chr16:30000000-35000000
ForkPoolWorker-35 countReadsInRegions_worker: processing 5000000 (12193212.1 per sec) @ chr16:30000000-35000000
ForkPoolWorker-47,  processing 63 (49115.5 per sec) reads @ chr17:0-5000000
ForkPoolWorker-47 countReadsInRegions_worker: processing 5000000 (9032117.5 per sec) @ chr17:0-5000000
ForkPoolWorker-47,  processing 3 (4863.9 per sec) reads @ chr9:40000000-45000000
ForkPoolWorker-47 countReadsInRegions_worker: processing 5000000 (11746829.1 per sec) @ chr9:40000000-45000000
ForkPoolWorker-47,  processing 0 (0.0 per sec) reads @ chrUn_KI270743v1:0-210658
ForkPoolWorker-47 countReadsInRegions_worker: processing 210658 (9700856.3 per sec) @ chrUn_KI270743v1:0-210658
ForkPoolWorker-47,  processing 1 (3404.5 per sec) reads @ chrEBV:0-171823
ForkPoolWorker-47 countReadsInRegions_worker: processing 171823 (10625079.6 per sec) @ chrEBV:0-171823
ForkPoolWorker-47,  processing 0 (0.0 per sec) reads @ chr4_GL000008v2_random:0-209709
ForkPoolWorker-47 countReadsInRegions_worker: processing 209709 (10009938.4 per sec) @ chr4_GL000008v2_random:0-209709
ForkPoolWorker-47,  processing 2 (4785.3 per sec) reads @ chr6:95000000-100000000
ForkPoolWorker-47 countReadsInRegions_worker: processing 5000000 (12163100.2 per sec) @ chr6:95000000-100000000
ForkPoolWorker-47,  processing 14 (23763.8 per sec) reads @ chr17:70000000-75000000
ForkPoolWorker-47 countReadsInRegions_worker: processing 5000000 (12052147.5 per sec) @ chr17:70000000-75000000
ForkPoolWorker-47,  processing 0 (0.0 per sec) reads @ chr22_KI270737v1_random:0-103838
ForkPoolWorker-47 countReadsInRegions_worker: processing 103838 (9039979.6 per sec) @ chr22_KI270737v1_random:0-103838
ForkPoolWorker-47,  processing 19 (33796.3 per sec) reads @ chr8:70000000-75000000
ForkPoolWorker-47 countReadsInRegions_worker: processing 5000000 (12194162.1 per sec) @ chr8:70000000-75000000
ForkPoolWorker-47,  processing 32 (43690.7 per sec) reads @ chr5:175000000-180000000
ForkPoolWorker-47 countReadsInRegions_worker: processing 5000000 (12039534.1 per sec) @ chr5:175000000-180000000
ForkPoolWorker-47,  processing 12 (22661.7 per sec) reads @ chr14:50000000-55000000
ForkPoolWorker-47 countReadsInRegions_worker: processing 5000000 (12117818.0 per sec) @ chr14:50000000-55000000
ForkPoolWorker-47,  processing 0 (0.0 per sec) reads @ chrUn_KI270393v1:0-1308
ForkPoolWorker-47 countReadsInRegions_worker: processing 1308 (348039.7 per sec) @ chrUn_KI270393v1:0-1308
ForkPoolWorker-47,  processing 29 (38165.9 per sec) reads @ chr6:105000000-110000000
ForkPoolWorker-47 countReadsInRegions_worker: processing 5000000 (12014888.9 per sec) @ chr6:105000000-110000000
ForkPoolWorker-47,  processing 53 (71112.6 per sec) reads @ chr11:15000000-20000000
ForkPoolWorker-47 countReadsInRegions_worker: processing 5000000 (11890430.0 per sec) @ chr11:15000000-20000000
ForkPoolWorker-47,  processing 15 (26512.7 per sec) reads @ chr4:25000000-30000000
ForkPoolWorker-47 countReadsInRegions_worker: processing 5000000 (11887787.9 per sec) @ chr4:25000000-30000000
ForkPoolWorker-47,  processing 10 (20651.4 per sec) reads @ chr12:95000000-100000000
ForkPoolWorker-47 countReadsInRegions_worker: processing 5000000 (11772500.2 per sec) @ chr12:95000000-100000000
ForkPoolWorker-47,  processing 0 (0.0 per sec) reads @ chr1:130000000-135000000
ForkPoolWorker-47 countReadsInRegions_worker: processing 5000000 (12190192.8 per sec) @ chr1:130000000-135000000
ForkPoolWorker-47,  processing 20 (34267.2 per sec) reads @ chr9:105000000-110000000
ForkPoolWorker-47 countReadsInRegions_worker: processing 5000000 (12178590.1 per sec) @ chr9:105000000-110000000
ForkPoolWorker-47,  processing 25 (42816.5 per sec) reads @ chr7:30000000-35000000
ForkPoolWorker-47 countReadsInRegions_worker: processing 5000000 (12180698.0 per sec) @ chr7:30000000-35000000
ForkPoolWorker-47,  processing 2 (5515.2 per sec) reads @ chr7:60000000-65000000
ForkPoolWorker-47 countReadsInRegions_worker: processing 5000000 (12265302.0 per sec) @ chr7:60000000-65000000
ForkPoolWorker-20,  processing 10 (10400.0 per sec) reads @ chr4:140000000-145000000
ForkPoolWorker-20 countReadsInRegions_worker: processing 5000000 (10562102.9 per sec) @ chr4:140000000-145000000
ForkPoolWorker-20,  processing 3 (6516.3 per sec) reads @ chr18:65000000-70000000
ForkPoolWorker-20 countReadsInRegions_worker: processing 5000000 (11086592.3 per sec) @ chr18:65000000-70000000
ForkPoolWorker-20,  processing 14 (28770.3 per sec) reads @ chr3:180000000-185000000
ForkPoolWorker-20 countReadsInRegions_worker: processing 5000000 (11365562.5 per sec) @ chr3:180000000-185000000
ForkPoolWorker-20,  processing 11 (24489.0 per sec) reads @ chr15:50000000-55000000
ForkPoolWorker-20 countReadsInRegions_worker: processing 5000000 (11402975.4 per sec) @ chr15:50000000-55000000
ForkPoolWorker-20,  processing 0 (0.0 per sec) reads @ chrUn_KI270311v1:0-12399
ForkPoolWorker-20 countReadsInRegions_worker: processing 12399 (3032902.3 per sec) @ chrUn_KI270311v1:0-12399
ForkPoolWorker-20,  processing 5 (12993.5 per sec) reads @ chr13:35000000-40000000
ForkPoolWorker-20 countReadsInRegions_worker: processing 5000000 (11606783.8 per sec) @ chr13:35000000-40000000
ForkPoolWorker-20,  processing 0 (0.0 per sec) reads @ chrY_KI270740v1_random:0-37240
ForkPoolWorker-20 countReadsInRegions_worker: processing 37240 (6285548.5 per sec) @ chrY_KI270740v1_random:0-37240
ForkPoolWorker-20,  processing 28 (49532.1 per sec) reads @ chr2:85000000-90000000
ForkPoolWorker-20 countReadsInRegions_worker: processing 5000000 (11648133.0 per sec) @ chr2:85000000-90000000
ForkPoolWorker-20,  processing 0 (0.0 per sec) reads @ chrUn_KI270338v1:0-1428
ForkPoolWorker-20 countReadsInRegions_worker: processing 1428 (411336.2 per sec) @ chrUn_KI270338v1:0-1428
ForkPoolWorker-20,  processing 23 (44640.9 per sec) reads @ chr5:140000000-145000000
ForkPoolWorker-20 countReadsInRegions_worker: processing 5000000 (11531816.9 per sec) @ chr5:140000000-145000000
ForkPoolWorker-20,  processing 0 (0.0 per sec) reads @ chr22_KI270738v1_random:0-99375
ForkPoolWorker-20 countReadsInRegions_worker: processing 99375 (9188099.8 per sec) @ chr22_KI270738v1_random:0-99375
ForkPoolWorker-20,  processing 0 (0.0 per sec) reads @ chrUn_KI270384v1:0-1658
ForkPoolWorker-20 countReadsInRegions_worker: processing 1658 (487429.5 per sec) @ chrUn_KI270384v1:0-1658
ForkPoolWorker-20,  processing 11 (25308.5 per sec) reads @ chr9:5000000-10000000
ForkPoolWorker-20 countReadsInRegions_worker: processing 5000000 (11625082.0 per sec) @ chr9:5000000-10000000
ForkPoolWorker-20,  processing 19 (35529.1 per sec) reads @ chr10:15000000-20000000
ForkPoolWorker-20 countReadsInRegions_worker: processing 5000000 (10872838.5 per sec) @ chr10:15000000-20000000
ForkPoolWorker-20,  processing 5 (12505.4 per sec) reads @ chr17:20000000-25000000
ForkPoolWorker-20 countReadsInRegions_worker: processing 5000000 (11886325.8 per sec) @ chr17:20000000-25000000
ForkPoolWorker-20,  processing 0 (0.0 per sec) reads @ chrUn_KI270752v1:0-27745
ForkPoolWorker-20 countReadsInRegions_worker: processing 27745 (5399042.6 per sec) @ chrUn_KI270752v1:0-27745
ForkPoolWorker-20,  processing 6 (14760.0 per sec) reads @ chr18:55000000-60000000
ForkPoolWorker-20 countReadsInRegions_worker: processing 5000000 (12011358.7 per sec) @ chr18:55000000-60000000
ForkPoolWorker-20,  processing 7 (17549.4 per sec) reads @ chr7:90000000-95000000
ForkPoolWorker-20 countReadsInRegions_worker: processing 5000000 (12065620.2 per sec) @ chr7:90000000-95000000
ForkPoolWorker-20,  processing 5 (12664.0 per sec) reads @ chr1:140000000-145000000
ForkPoolWorker-20 countReadsInRegions_worker: processing 5000000 (12238032.0 per sec) @ chr1:140000000-145000000
ForkPoolWorker-20,  processing 51 (73106.5 per sec) reads @ chr4:40000000-45000000
ForkPoolWorker-20 countReadsInRegions_worker: processing 5000000 (12226167.1 per sec) @ chr4:40000000-45000000
ForkPoolWorker-34,  processing 14 (16013.2 per sec) reads @ chr1:220000000-225000000
ForkPoolWorker-34 countReadsInRegions_worker: processing 5000000 (8998219.4 per sec) @ chr1:220000000-225000000
ForkPoolWorker-34,  processing 0 (0.0 per sec) reads @ chrY:55000000-57227415
ForkPoolWorker-34 countReadsInRegions_worker: processing 2227415 (11683706.9 per sec) @ chrY:55000000-57227415
ForkPoolWorker-34,  processing 38 (49994.8 per sec) reads @ chr9:30000000-35000000
ForkPoolWorker-34 countReadsInRegions_worker: processing 5000000 (12139591.1 per sec) @ chr9:30000000-35000000
ForkPoolWorker-34,  processing 62 (68469.4 per sec) reads @ chr16:65000000-70000000
ForkPoolWorker-34 countReadsInRegions_worker: processing 5000000 (12078872.7 per sec) @ chr16:65000000-70000000
ForkPoolWorker-34,  processing 41 (52718.1 per sec) reads @ chr11:5000000-10000000
ForkPoolWorker-34 countReadsInRegions_worker: processing 5000000 (12080702.7 per sec) @ chr11:5000000-10000000
ForkPoolWorker-34,  processing 64 (80177.9 per sec) reads @ chr10:70000000-75000000
ForkPoolWorker-34 countReadsInRegions_worker: processing 5000000 (12139000.9 per sec) @ chr10:70000000-75000000
ForkPoolWorker-34,  processing 0 (0.0 per sec) reads @ chr2:90000000-95000000
ForkPoolWorker-34 countReadsInRegions_worker: processing 5000000 (12148416.6 per sec) @ chr2:90000000-95000000
ForkPoolWorker-34,  processing 0 (0.0 per sec) reads @ chr14_KI270723v1_random:0-38115
ForkPoolWorker-34 countReadsInRegions_worker: processing 38115 (5842624.7 per sec) @ chr14_KI270723v1_random:0-38115
ForkPoolWorker-34,  processing 3 (7507.7 per sec) reads @ chrY:5000000-10000000
ForkPoolWorker-34 countReadsInRegions_worker: processing 5000000 (12071766.8 per sec) @ chrY:5000000-10000000
ForkPoolWorker-34,  processing 30 (51150.0 per sec) reads @ chr13:55000000-60000000
ForkPoolWorker-34 countReadsInRegions_worker: processing 5000000 (11886265.1 per sec) @ chr13:55000000-60000000
ForkPoolWorker-34,  processing 19 (32580.4 per sec) reads @ chr16:5000000-10000000
ForkPoolWorker-34 countReadsInRegions_worker: processing 5000000 (12073379.2 per sec) @ chr16:5000000-10000000
ForkPoolWorker-34,  processing 28 (43050.0 per sec) reads @ chr20:30000000-35000000
ForkPoolWorker-34 countReadsInRegions_worker: processing 5000000 (12008401.3 per sec) @ chr20:30000000-35000000
ForkPoolWorker-34,  processing 14 (29301.5 per sec) reads @ chrX:35000000-40000000
ForkPoolWorker-34 countReadsInRegions_worker: processing 5000000 (12049661.5 per sec) @ chrX:35000000-40000000
ForkPoolWorker-34,  processing 76 (74513.1 per sec) reads @ chr17:15000000-20000000
ForkPoolWorker-34 countReadsInRegions_worker: processing 5000000 (12209887.7 per sec) @ chr17:15000000-20000000
ForkPoolWorker-34,  processing 0 (0.0 per sec) reads @ chrY:45000000-50000000
ForkPoolWorker-34 countReadsInRegions_worker: processing 5000000 (12186318.0 per sec) @ chrY:45000000-50000000
ForkPoolWorker-10,  processing 7 (1308.8 per sec) reads @ chr13:60000000-65000000
ForkPoolWorker-10 countReadsInRegions_worker: processing 5000000 (10262865.9 per sec) @ chr13:60000000-65000000
ForkPoolWorker-10,  processing 20 (28397.5 per sec) reads @ chr1:15000000-20000000
ForkPoolWorker-10 countReadsInRegions_worker: processing 5000000 (11185932.2 per sec) @ chr1:15000000-20000000
ForkPoolWorker-10,  processing 65 (70556.4 per sec) reads @ chr20:55000000-60000000
ForkPoolWorker-10 countReadsInRegions_worker: processing 5000000 (11255537.5 per sec) @ chr20:55000000-60000000
ForkPoolWorker-10,  processing 63 (81305.0 per sec) reads @ chr1:205000000-210000000
ForkPoolWorker-10 countReadsInRegions_worker: processing 5000000 (11387143.5 per sec) @ chr1:205000000-210000000
ForkPoolWorker-10,  processing 18 (33011.6 per sec) reads @ chr18:35000000-40000000
ForkPoolWorker-10 countReadsInRegions_worker: processing 5000000 (11584779.0 per sec) @ chr18:35000000-40000000
ForkPoolWorker-10,  processing 0 (0.0 per sec) reads @ chrUn_KI270515v1:0-6361
ForkPoolWorker-10 countReadsInRegions_worker: processing 6361 (1726411.8 per sec) @ chrUn_KI270515v1:0-6361
ForkPoolWorker-10,  processing 52 (58379.0 per sec) reads @ chr22:40000000-45000000
ForkPoolWorker-10 countReadsInRegions_worker: processing 5000000 (11721662.8 per sec) @ chr22:40000000-45000000
ForkPoolWorker-10,  processing 243 (130201.3 per sec) reads @ chrM:0-16569
ForkPoolWorker-10 countReadsInRegions_worker: processing 16569 (2538367.4 per sec) @ chrM:0-16569
ForkPoolWorker-10,  processing 28 (51486.4 per sec) reads @ chr10:75000000-80000000
ForkPoolWorker-10 countReadsInRegions_worker: processing 5000000 (11634020.4 per sec) @ chr10:75000000-80000000
ForkPoolWorker-10,  processing 66 (78265.2 per sec) reads @ chr19:35000000-40000000
ForkPoolWorker-10 countReadsInRegions_worker: processing 5000000 (11785083.1 per sec) @ chr19:35000000-40000000
ForkPoolWorker-10,  processing 0 (0.0 per sec) reads @ chr15:10000000-15000000
ForkPoolWorker-10 countReadsInRegions_worker: processing 5000000 (11344388.4 per sec) @ chr15:10000000-15000000
ForkPoolWorker-10,  processing 10 (21498.2 per sec) reads @ chr2:220000000-225000000
ForkPoolWorker-10 countReadsInRegions_worker: processing 5000000 (12039409.7 per sec) @ chr2:220000000-225000000
ForkPoolWorker-10,  processing 0 (0.0 per sec) reads @ chrUn_KI270745v1:0-41891
ForkPoolWorker-10 countReadsInRegions_worker: processing 41891 (6639343.6 per sec) @ chrUn_KI270745v1:0-41891
ForkPoolWorker-10,  processing 0 (0.0 per sec) reads @ chrUn_GL000226v1:0-15008
ForkPoolWorker-10 countReadsInRegions_worker: processing 15008 (3442421.2 per sec) @ chrUn_GL000226v1:0-15008
ForkPoolWorker-10,  processing 4 (9754.2 per sec) reads @ chr5:180000000-181538259
ForkPoolWorker-10 countReadsInRegions_worker: processing 1538259 (11742538.2 per sec) @ chr5:180000000-181538259
ForkPoolWorker-10,  processing 58 (69327.3 per sec) reads @ chr1:155000000-160000000
ForkPoolWorker-10 countReadsInRegions_worker: processing 5000000 (12158664.6 per sec) @ chr1:155000000-160000000
ForkPoolWorker-10,  processing 31 (42051.6 per sec) reads @ chr5:130000000-135000000
ForkPoolWorker-10 countReadsInRegions_worker: processing 5000000 (12200624.9 per sec) @ chr5:130000000-135000000
ForkPoolWorker-10,  processing 10 (21066.3 per sec) reads @ chr1:215000000-220000000
ForkPoolWorker-10 countReadsInRegions_worker: processing 5000000 (12240239.2 per sec) @ chr1:215000000-220000000
ForkPoolWorker-10,  processing 15 (27425.7 per sec) reads @ chr20:20000000-25000000
ForkPoolWorker-10 countReadsInRegions_worker: processing 5000000 (12242025.5 per sec) @ chr20:20000000-25000000
ForkPoolWorker-10,  processing 43 (50818.6 per sec) reads @ chr9:85000000-90000000
ForkPoolWorker-10 countReadsInRegions_worker: processing 5000000 (12045329.0 per sec) @ chr9:85000000-90000000
ForkPoolWorker-22,  processing 0 (0.0 per sec) reads @ chrUn_KI270538v1:0-91309
ForkPoolWorker-22 countReadsInRegions_worker: processing 91309 (1787927.8 per sec) @ chrUn_KI270538v1:0-91309
ForkPoolWorker-22,  processing 5 (6771.6 per sec) reads @ chr12:70000000-75000000
ForkPoolWorker-22 countReadsInRegions_worker: processing 5000000 (11387056.9 per sec) @ chr12:70000000-75000000
ForkPoolWorker-22,  processing 16 (24966.1 per sec) reads @ chr7:45000000-50000000
ForkPoolWorker-22 countReadsInRegions_worker: processing 5000000 (11559269.3 per sec) @ chr7:45000000-50000000
ForkPoolWorker-22,  processing 0 (0.0 per sec) reads @ chr1_KI270712v1_random:0-176043
ForkPoolWorker-22 countReadsInRegions_worker: processing 176043 (9860025.4 per sec) @ chr1_KI270712v1_random:0-176043
ForkPoolWorker-22,  processing 0 (0.0 per sec) reads @ chr1:125000000-130000000
ForkPoolWorker-22 countReadsInRegions_worker: processing 5000000 (11955640.2 per sec) @ chr1:125000000-130000000
ForkPoolWorker-22,  processing 0 (0.0 per sec) reads @ chrY:30000000-35000000
ForkPoolWorker-22 countReadsInRegions_worker: processing 5000000 (12080876.7 per sec) @ chrY:30000000-35000000
ForkPoolWorker-22,  processing 0 (0.0 per sec) reads @ chrUn_KI270548v1:0-1599
ForkPoolWorker-22 countReadsInRegions_worker: processing 1599 (457264.1 per sec) @ chrUn_KI270548v1:0-1599
ForkPoolWorker-22,  processing 8 (17154.6 per sec) reads @ chr21:25000000-30000000
ForkPoolWorker-22 countReadsInRegions_worker: processing 5000000 (11971159.4 per sec) @ chr21:25000000-30000000
ForkPoolWorker-22,  processing 13 (24190.8 per sec) reads @ chr10:25000000-30000000
ForkPoolWorker-22 countReadsInRegions_worker: processing 5000000 (11799259.5 per sec) @ chr10:25000000-30000000
ForkPoolWorker-22,  processing 22 (40400.5 per sec) reads @ chr2:20000000-25000000
ForkPoolWorker-22 countReadsInRegions_worker: processing 5000000 (11652734.8 per sec) @ chr2:20000000-25000000
ForkPoolWorker-22,  processing 3 (7844.7 per sec) reads @ chr1:100000000-105000000
ForkPoolWorker-22 countReadsInRegions_worker: processing 5000000 (11602718.9 per sec) @ chr1:100000000-105000000
ForkPoolWorker-22,  processing 0 (0.0 per sec) reads @ chrUn_KI270591v1:0-5796
ForkPoolWorker-22 countReadsInRegions_worker: processing 5796 (1642358.2 per sec) @ chrUn_KI270591v1:0-5796
ForkPoolWorker-22,  processing 0 (0.0 per sec) reads @ chrUn_KI270584v1:0-4513
ForkPoolWorker-22 countReadsInRegions_worker: processing 4513 (1387240.3 per sec) @ chrUn_KI270584v1:0-4513
ForkPoolWorker-22,  processing 140 (111805.5 per sec) reads @ chr17:80000000-83257441
ForkPoolWorker-22 countReadsInRegions_worker: processing 3257441 (11807645.8 per sec) @ chr17:80000000-83257441
ForkPoolWorker-22,  processing 12 (23853.9 per sec) reads @ chr5:120000000-125000000
ForkPoolWorker-22 countReadsInRegions_worker: processing 5000000 (12067237.9 per sec) @ chr5:120000000-125000000
ForkPoolWorker-22,  processing 25 (42010.3 per sec) reads @ chr14:90000000-95000000
ForkPoolWorker-22 countReadsInRegions_worker: processing 5000000 (12171232.2 per sec) @ chr14:90000000-95000000
ForkPoolWorker-22,  processing 13 (26507.5 per sec) reads @ chr2:175000000-180000000
ForkPoolWorker-22 countReadsInRegions_worker: processing 5000000 (12203628.1 per sec) @ chr2:175000000-180000000
ForkPoolWorker-22,  processing 2 (4960.7 per sec) reads @ chr1:120000000-125000000
ForkPoolWorker-22 countReadsInRegions_worker: processing 5000000 (12206803.3 per sec) @ chr1:120000000-125000000
ForkPoolWorker-22,  processing 46 (59512.0 per sec) reads @ chr12:5000000-10000000
ForkPoolWorker-22 countReadsInRegions_worker: processing 5000000 (12209034.7 per sec) @ chr12:5000000-10000000
ForkPoolWorker-22,  processing 0 (0.0 per sec) reads @ chrUn_KI270465v1:0-1774
ForkPoolWorker-22 countReadsInRegions_worker: processing 1774 (474958.2 per sec) @ chrUn_KI270465v1:0-1774
ForkPoolWorker-24,  processing 4 (4500.3 per sec) reads @ chr4:160000000-165000000
ForkPoolWorker-24 countReadsInRegions_worker: processing 5000000 (9063223.6 per sec) @ chr4:160000000-165000000
ForkPoolWorker-24,  processing 11 (18279.5 per sec) reads @ chr2:100000000-105000000
ForkPoolWorker-24 countReadsInRegions_worker: processing 5000000 (11403744.3 per sec) @ chr2:100000000-105000000
ForkPoolWorker-24,  processing 19 (34424.1 per sec) reads @ chr8:15000000-20000000
ForkPoolWorker-24 countReadsInRegions_worker: processing 5000000 (11371232.2 per sec) @ chr8:15000000-20000000
ForkPoolWorker-24,  processing 50 (60419.2 per sec) reads @ chr1:245000000-248956422
ForkPoolWorker-24 countReadsInRegions_worker: processing 3956422 (11454708.8 per sec) @ chr1:245000000-248956422
ForkPoolWorker-24,  processing 0 (0.0 per sec) reads @ chrUn_KI270414v1:0-2489
ForkPoolWorker-24 countReadsInRegions_worker: processing 2489 (652721.2 per sec) @ chrUn_KI270414v1:0-2489
ForkPoolWorker-24,  processing 7 (15420.2 per sec) reads @ chr4:165000000-170000000
ForkPoolWorker-24 countReadsInRegions_worker: processing 5000000 (12180273.6 per sec) @ chr4:165000000-170000000
ForkPoolWorker-24,  processing 24 (41943.0 per sec) reads @ chr8:25000000-30000000
ForkPoolWorker-24 countReadsInRegions_worker: processing 5000000 (12190858.9 per sec) @ chr8:25000000-30000000
ForkPoolWorker-24,  processing 21 (29938.9 per sec) reads @ chr1:150000000-155000000
ForkPoolWorker-24 countReadsInRegions_worker: processing 5000000 (12196034.3 per sec) @ chr1:150000000-155000000
ForkPoolWorker-24,  processing 9 (18540.6 per sec) reads @ chr4:15000000-20000000
ForkPoolWorker-24 countReadsInRegions_worker: processing 5000000 (12106164.0 per sec) @ chr4:15000000-20000000
ForkPoolWorker-24,  processing 48 (65493.4 per sec) reads @ chr10:120000000-125000000
ForkPoolWorker-24 countReadsInRegions_worker: processing 5000000 (12020391.3 per sec) @ chr10:120000000-125000000
ForkPoolWorker-24,  processing 0 (0.0 per sec) reads @ chrUn_KI270394v1:0-970
ForkPoolWorker-24 countReadsInRegions_worker: processing 970 (260249.1 per sec) @ chrUn_KI270394v1:0-970
ForkPoolWorker-24,  processing 16 (34361.9 per sec) reads @ chr8:60000000-65000000
ForkPoolWorker-24 countReadsInRegions_worker: processing 5000000 (12109575.3 per sec) @ chr8:60000000-65000000
ForkPoolWorker-24,  processing 17 (32707.9 per sec) reads @ chr13:65000000-70000000
ForkPoolWorker-24 countReadsInRegions_worker: processing 5000000 (12043253.8 per sec) @ chr13:65000000-70000000
ForkPoolWorker-24,  processing 0 (0.0 per sec) reads @ chrUn_KI270388v1:0-1216
ForkPoolWorker-24 countReadsInRegions_worker: processing 1216 (333111.7 per sec) @ chrUn_KI270388v1:0-1216
ForkPoolWorker-24,  processing 0 (0.0 per sec) reads @ chrUn_KI270392v1:0-971
ForkPoolWorker-24 countReadsInRegions_worker: processing 971 (307023.7 per sec) @ chrUn_KI270392v1:0-971
ForkPoolWorker-24,  processing 12 (26886.6 per sec) reads @ chr3:175000000-180000000
ForkPoolWorker-24 countReadsInRegions_worker: processing 5000000 (11978831.5 per sec) @ chr3:175000000-180000000
ForkPoolWorker-24,  processing 17 (31109.6 per sec) reads @ chr10:30000000-35000000
ForkPoolWorker-24 countReadsInRegions_worker: processing 5000000 (12179898.6 per sec) @ chr10:30000000-35000000
ForkPoolWorker-24,  processing 0 (0.0 per sec) reads @ chrUn_KI270756v1:0-79590
ForkPoolWorker-24 countReadsInRegions_worker: processing 79590 (8056391.9 per sec) @ chrUn_KI270756v1:0-79590
ForkPoolWorker-24,  processing 38 (50517.8 per sec) reads @ chr18:5000000-10000000
ForkPoolWorker-24 countReadsInRegions_worker: processing 5000000 (11787719.5 per sec) @ chr18:5000000-10000000
ForkPoolWorker-24,  processing 0 (0.0 per sec) reads @ chr9_KI270720v1_random:0-39050
ForkPoolWorker-24 countReadsInRegions_worker: processing 39050 (6723627.7 per sec) @ chr9_KI270720v1_random:0-39050
ForkPoolWorker-42,  processing 0 (0.0 per sec) reads @ chr1_KI270713v1_random:0-40745
ForkPoolWorker-42 countReadsInRegions_worker: processing 40745 (919829.3 per sec) @ chr1_KI270713v1_random:0-40745
ForkPoolWorker-42,  processing 11 (11531.5 per sec) reads @ chr10:20000000-25000000
ForkPoolWorker-42 countReadsInRegions_worker: processing 5000000 (11053786.5 per sec) @ chr10:20000000-25000000
ForkPoolWorker-42,  processing 9 (17315.9 per sec) reads @ chr7:80000000-85000000
ForkPoolWorker-42 countReadsInRegions_worker: processing 5000000 (11697237.0 per sec) @ chr7:80000000-85000000
ForkPoolWorker-42,  processing 52 (67945.1 per sec) reads @ chr1:110000000-115000000
ForkPoolWorker-42 countReadsInRegions_worker: processing 5000000 (11662999.9 per sec) @ chr1:110000000-115000000
ForkPoolWorker-42,  processing 0 (0.0 per sec) reads @ chrUn_KI270302v1:0-2274
ForkPoolWorker-42 countReadsInRegions_worker: processing 2274 (671490.2 per sec) @ chrUn_KI270302v1:0-2274
ForkPoolWorker-42,  processing 9 (20832.6 per sec) reads @ chr3:145000000-150000000
ForkPoolWorker-42 countReadsInRegions_worker: processing 5000000 (11907301.3 per sec) @ chr3:145000000-150000000
ForkPoolWorker-42,  processing 10 (16960.4 per sec) reads @ chr11:90000000-95000000
ForkPoolWorker-42 countReadsInRegions_worker: processing 5000000 (11816578.5 per sec) @ chr11:90000000-95000000
ForkPoolWorker-42,  processing 0 (0.0 per sec) reads @ chrUn_KI270337v1:0-1121
ForkPoolWorker-42 countReadsInRegions_worker: processing 1121 (318615.9 per sec) @ chrUn_KI270337v1:0-1121
ForkPoolWorker-42,  processing 0 (0.0 per sec) reads @ chrUn_GL000213v1:0-164239
ForkPoolWorker-42 countReadsInRegions_worker: processing 164239 (9500714.3 per sec) @ chrUn_GL000213v1:0-164239
ForkPoolWorker-42,  processing 116 (97074.9 per sec) reads @ chr1:0-5000000
ForkPoolWorker-42 countReadsInRegions_worker: processing 5000000 (11825987.3 per sec) @ chr1:0-5000000
ForkPoolWorker-42,  processing 0 (0.0 per sec) reads @ chrUn_KI270383v1:0-1750
ForkPoolWorker-42 countReadsInRegions_worker: processing 1750 (490643.9 per sec) @ chrUn_KI270383v1:0-1750
ForkPoolWorker-42,  processing 4 (9284.6 per sec) reads @ chr4:145000000-150000000
ForkPoolWorker-42 countReadsInRegions_worker: processing 5000000 (11837128.0 per sec) @ chr4:145000000-150000000
ForkPoolWorker-42,  processing 2 (5200.6 per sec) reads @ chr15:20000000-25000000
ForkPoolWorker-42 countReadsInRegions_worker: processing 5000000 (11891940.3 per sec) @ chr15:20000000-25000000
ForkPoolWorker-42,  processing 6 (12722.9 per sec) reads @ chr6:70000000-75000000
ForkPoolWorker-42 countReadsInRegions_worker: processing 5000000 (11010139.9 per sec) @ chr6:70000000-75000000
ForkPoolWorker-42,  processing 25 (38922.6 per sec) reads @ chr16:20000000-25000000
ForkPoolWorker-42 countReadsInRegions_worker: processing 5000000 (11629659.1 per sec) @ chr16:20000000-25000000
ForkPoolWorker-42,  processing 13 (24158.6 per sec) reads @ chrX:110000000-115000000
ForkPoolWorker-42 countReadsInRegions_worker: processing 5000000 (11816638.4 per sec) @ chrX:110000000-115000000
ForkPoolWorker-42,  processing 20 (35864.1 per sec) reads @ chr6:160000000-165000000
ForkPoolWorker-42 countReadsInRegions_worker: processing 5000000 (12190936.8 per sec) @ chr6:160000000-165000000
ForkPoolWorker-42,  processing 23 (39072.1 per sec) reads @ chr6:115000000-120000000
ForkPoolWorker-42 countReadsInRegions_worker: processing 5000000 (12134070.3 per sec) @ chr6:115000000-120000000
ForkPoolWorker-42,  processing 15 (29888.2 per sec) reads @ chr1:85000000-90000000
ForkPoolWorker-42 countReadsInRegions_worker: processing 5000000 (11980213.8 per sec) @ chr1:85000000-90000000
ForkPoolWorker-42,  processing 10 (23275.8 per sec) reads @ chr9:115000000-120000000
ForkPoolWorker-42 countReadsInRegions_worker: processing 5000000 (12239431.9 per sec) @ chr9:115000000-120000000
ForkPoolWorker-48,  processing 11 (12352.7 per sec) reads @ chr2:125000000-130000000
ForkPoolWorker-48 countReadsInRegions_worker: processing 5000000 (9639348.1 per sec) @ chr2:125000000-130000000
ForkPoolWorker-48,  processing 22 (28055.5 per sec) reads @ chr12:115000000-120000000
ForkPoolWorker-48 countReadsInRegions_worker: processing 5000000 (11418982.0 per sec) @ chr12:115000000-120000000
ForkPoolWorker-48,  processing 1 (2896.6 per sec) reads @ chr11:135000000-135086622
ForkPoolWorker-48 countReadsInRegions_worker: processing 86622 (8264387.5 per sec) @ chr11:135000000-135086622
ForkPoolWorker-48,  processing 52 (65144.5 per sec) reads @ chr22:25000000-30000000
ForkPoolWorker-48 countReadsInRegions_worker: processing 5000000 (11722252.5 per sec) @ chr22:25000000-30000000
ForkPoolWorker-48,  processing 13 (27847.8 per sec) reads @ chr8:50000000-55000000
ForkPoolWorker-48 countReadsInRegions_worker: processing 5000000 (11854846.6 per sec) @ chr8:50000000-55000000
ForkPoolWorker-48,  processing 20 (40175.3 per sec) reads @ chr5:85000000-90000000
ForkPoolWorker-48 countReadsInRegions_worker: processing 5000000 (11883416.1 per sec) @ chr5:85000000-90000000
ForkPoolWorker-48,  processing 0 (0.0 per sec) reads @ chr13:10000000-15000000
ForkPoolWorker-48 countReadsInRegions_worker: processing 5000000 (11861786.5 per sec) @ chr13:10000000-15000000
ForkPoolWorker-48,  processing 0 (0.0 per sec) reads @ chrUn_KI270589v1:0-44474
ForkPoolWorker-48 countReadsInRegions_worker: processing 44474 (7129002.4 per sec) @ chrUn_KI270589v1:0-44474
ForkPoolWorker-48,  processing 65 (66092.1 per sec) reads @ chr9:130000000-135000000
ForkPoolWorker-48 countReadsInRegions_worker: processing 5000000 (11857387.0 per sec) @ chr9:130000000-135000000
ForkPoolWorker-48,  processing 0 (0.0 per sec) reads @ chr14_KI270725v1_random:0-172810
ForkPoolWorker-48 countReadsInRegions_worker: processing 172810 (10117782.1 per sec) @ chr14_KI270725v1_random:0-172810
ForkPoolWorker-48,  processing 18 (33524.6 per sec) reads @ chr17:30000000-35000000
ForkPoolWorker-48 countReadsInRegions_worker: processing 5000000 (11833501.1 per sec) @ chr17:30000000-35000000
ForkPoolWorker-48,  processing 27 (43792.0 per sec) reads @ chr12:65000000-70000000
ForkPoolWorker-48 countReadsInRegions_worker: processing 5000000 (10983056.3 per sec) @ chr12:65000000-70000000
ForkPoolWorker-48,  processing 64 (77070.2 per sec) reads @ chr3:125000000-130000000
ForkPoolWorker-48 countReadsInRegions_worker: processing 5000000 (11792538.3 per sec) @ chr3:125000000-130000000
ForkPoolWorker-48,  processing 0 (0.0 per sec) reads @ chr22_KI270731v1_random:0-150754
ForkPoolWorker-48 countReadsInRegions_worker: processing 150754 (10315313.8 per sec) @ chr22_KI270731v1_random:0-150754
ForkPoolWorker-48,  processing 0 (0.0 per sec) reads @ chrUn_KI270588v1:0-6158
ForkPoolWorker-48 countReadsInRegions_worker: processing 6158 (1521831.5 per sec) @ chrUn_KI270588v1:0-6158
ForkPoolWorker-48,  processing 16 (32768.0 per sec) reads @ chr6:145000000-150000000
ForkPoolWorker-48 countReadsInRegions_worker: processing 5000000 (11878987.0 per sec) @ chr6:145000000-150000000
ForkPoolWorker-48,  processing 1 (2837.8 per sec) reads @ chr11:50000000-55000000
ForkPoolWorker-48 countReadsInRegions_worker: processing 5000000 (12082916.1 per sec) @ chr11:50000000-55000000
ForkPoolWorker-48,  processing 0 (0.0 per sec) reads @ chrUn_KI270366v1:0-8320
ForkPoolWorker-48 countReadsInRegions_worker: processing 8320 (2293114.0 per sec) @ chrUn_KI270366v1:0-8320
ForkPoolWorker-48,  processing 11 (25322.4 per sec) reads @ chr7:135000000-140000000
ForkPoolWorker-48 countReadsInRegions_worker: processing 5000000 (12172065.8 per sec) @ chr7:135000000-140000000
ForkPoolWorker-48,  processing 4 (10531.8 per sec) reads @ chrX:125000000-130000000
ForkPoolWorker-48 countReadsInRegions_worker: processing 5000000 (12240110.6 per sec) @ chrX:125000000-130000000
ForkPoolWorker-23,  processing 0 (0.0 per sec) reads @ chrUn_KI270364v1:0-2855
ForkPoolWorker-23 countReadsInRegions_worker: processing 2855 (60638.3 per sec) @ chrUn_KI270364v1:0-2855
ForkPoolWorker-23,  processing 10 (8815.3 per sec) reads @ chr5:5000000-10000000
ForkPoolWorker-23 countReadsInRegions_worker: processing 5000000 (10641293.1 per sec) @ chr5:5000000-10000000
ForkPoolWorker-23,  processing 0 (0.0 per sec) reads @ chrUn_KI270373v1:0-1451
ForkPoolWorker-23 countReadsInRegions_worker: processing 1451 (263039.1 per sec) @ chrUn_KI270373v1:0-1451
ForkPoolWorker-23,  processing 18 (36631.5 per sec) reads @ chr7:115000000-120000000
ForkPoolWorker-23 countReadsInRegions_worker: processing 5000000 (11611282.2 per sec) @ chr7:115000000-120000000
ForkPoolWorker-23,  processing 8 (18020.6 per sec) reads @ chr8:135000000-140000000
ForkPoolWorker-23 countReadsInRegions_worker: processing 5000000 (11739510.4 per sec) @ chr8:135000000-140000000
ForkPoolWorker-23,  processing 9 (19722.4 per sec) reads @ chr14:25000000-30000000
ForkPoolWorker-23 countReadsInRegions_worker: processing 5000000 (11873626.7 per sec) @ chr14:25000000-30000000
ForkPoolWorker-23,  processing 0 (0.0 per sec) reads @ chrUn_KI270424v1:0-2140
ForkPoolWorker-23 countReadsInRegions_worker: processing 2140 (672043.3 per sec) @ chrUn_KI270424v1:0-2140
ForkPoolWorker-23,  processing 21 (39444.9 per sec) reads @ chr21:35000000-40000000
ForkPoolWorker-23 countReadsInRegions_worker: processing 5000000 (11838638.1 per sec) @ chr21:35000000-40000000
ForkPoolWorker-23,  processing 14 (27401.0 per sec) reads @ chr8:45000000-50000000
ForkPoolWorker-23 countReadsInRegions_worker: processing 5000000 (11804978.1 per sec) @ chr8:45000000-50000000
ForkPoolWorker-23,  processing 5 (13788.0 per sec) reads @ chr7:85000000-90000000
ForkPoolWorker-23 countReadsInRegions_worker: processing 5000000 (11857340.0 per sec) @ chr7:85000000-90000000
ForkPoolWorker-23,  processing 0 (0.0 per sec) reads @ chrUn_KI270750v1:0-148850
ForkPoolWorker-23 countReadsInRegions_worker: processing 148850 (9326593.2 per sec) @ chrUn_KI270750v1:0-148850
ForkPoolWorker-23,  processing 0 (0.0 per sec) reads @ chr9_KI270719v1_random:0-176845
ForkPoolWorker-23 countReadsInRegions_worker: processing 176845 (10171713.5 per sec) @ chr9_KI270719v1_random:0-176845
ForkPoolWorker-23,  processing 8 (17067.4 per sec) reads @ chr5:90000000-95000000
ForkPoolWorker-23 countReadsInRegions_worker: processing 5000000 (11719835.2 per sec) @ chr5:90000000-95000000
ForkPoolWorker-23,  processing 10 (20682.0 per sec) reads @ chr3:110000000-115000000
ForkPoolWorker-23 countReadsInRegions_worker: processing 5000000 (10970508.4 per sec) @ chr3:110000000-115000000
ForkPoolWorker-23,  processing 34 (54848.6 per sec) reads @ chr19:30000000-35000000
ForkPoolWorker-23 countReadsInRegions_worker: processing 5000000 (11616762.2 per sec) @ chr19:30000000-35000000
ForkPoolWorker-23,  processing 13 (24784.5 per sec) reads @ chr7:120000000-125000000
ForkPoolWorker-23 countReadsInRegions_worker: processing 5000000 (11744112.3 per sec) @ chr7:120000000-125000000
ForkPoolWorker-23,  processing 0 (0.0 per sec) reads @ chr4:190000000-190214555
ForkPoolWorker-23 countReadsInRegions_worker: processing 214555 (10722902.8 per sec) @ chr4:190000000-190214555
ForkPoolWorker-23,  processing 48 (59300.9 per sec) reads @ chr3:10000000-15000000
ForkPoolWorker-23 countReadsInRegions_worker: processing 5000000 (11992758.0 per sec) @ chr3:10000000-15000000
ForkPoolWorker-23,  processing 0 (0.0 per sec) reads @ chr9:55000000-60000000
ForkPoolWorker-23 countReadsInRegions_worker: processing 5000000 (12087888.8 per sec) @ chr9:55000000-60000000
ForkPoolWorker-23,  processing 19 (34187.8 per sec) reads @ chr20:40000000-45000000
ForkPoolWorker-23 countReadsInRegions_worker: processing 5000000 (12071919.7 per sec) @ chr20:40000000-45000000
