# packages in environment at /work/pa-hilario/anaconda3/envs/deeptools:
#
# Name                    Version                   Build  Channel
_openmp_mutex             4.5                      20_gnu    conda-forge
alabaster                 1.0.0              pyhd8ed1ab_1    conda-forge
babel                     2.18.0             pyhcf101f3_0    conda-forge
backports.zstd            1.3.0           py312h90b7ffd_0    conda-forge
bedops                    2.4.42               hd6d6fdc_1    bioconda
brotli                    1.2.0                hed03a55_1    conda-forge
brotli-bin                1.2.0                hb03c661_1    conda-forge
brotli-python             1.2.0           py312hdb49522_1    conda-forge
bzip2                     1.0.8                hda65f42_8    conda-forge
c-ares                    1.34.6               hb03c661_0    conda-forge
ca-certificates           2026.1.4             hbd8a1cb_0    conda-forge
certifi                   2026.01.04      py312h06a4308_0  
charset-normalizer        3.4.4              pyhd8ed1ab_0    conda-forge
click                     8.3.1                    pypi_0    pypi
colorama                  0.4.6              pyhd8ed1ab_1    conda-forge
contourpy                 1.3.3           py312h0a2e395_4    conda-forge
cycler                    0.12.1             pyhcf101f3_2    conda-forge
cython                    3.2.4           py312h47b2149_0  
deeptools                 3.5.6              pyhdfd78af_0    bioconda
deeptoolsintervals        0.1.9           py312ha9c1134_11    bioconda
docutils                  0.22.4             pyhd8ed1ab_0    conda-forge
fonttools                 4.61.1          py312h8a5da7c_0    conda-forge
freetype                  2.14.1               ha770c72_0    conda-forge
gencode-utr-fix           1.0.0                    pypi_0    pypi
h2                        4.3.0              pyhcf101f3_0    conda-forge
hpack                     4.1.0              pyhd8ed1ab_0    conda-forge
htslib                    1.22.1               h566b1c6_0    bioconda
hyperframe                6.1.0              pyhd8ed1ab_0    conda-forge
icu                       78.2                 h33c6efd_0    conda-forge
idna                      3.11               pyhd8ed1ab_0    conda-forge
imagesize                 1.4.1              pyhd8ed1ab_0    conda-forge
importlib-metadata        8.7.0              pyhe01879c_1    conda-forge
jansson                   2.15.0               h280c20c_0    conda-forge
jinja2                    3.1.6              pyhcf101f3_1    conda-forge
keyutils                  1.6.3                hb9d3cd8_0    conda-forge
kiwisolver                1.4.9           py312h0a2e395_2    conda-forge
krb5                      1.22.2               ha1258a1_0    conda-forge
lcms2                     2.18                 h0c24ade_0    conda-forge
ld_impl_linux-64          2.45.1          default_hbd61a6d_101    conda-forge
lerc                      4.0.0                h0aef613_1    conda-forge
libblas                   3.11.0          5_h4a7cf45_openblas    conda-forge
libbrotlicommon           1.2.0                hb03c661_1    conda-forge
libbrotlidec              1.2.0                hb03c661_1    conda-forge
libbrotlienc              1.2.0                hb03c661_1    conda-forge
libcblas                  3.11.0          5_h0358290_openblas    conda-forge
libcurl                   8.18.0               hcf29cc6_1    conda-forge
libdeflate                1.25                 h17f619e_0    conda-forge
libedit                   3.1.20250104    pl5321h7949ede_0    conda-forge
libev                     4.33                 hd590300_2    conda-forge
libexpat                  2.7.3                hecca717_0    conda-forge
libffi                    3.5.2                h3435931_0    conda-forge
libfreetype               2.14.1               ha770c72_0    conda-forge
libfreetype6              2.14.1               h73754d4_0    conda-forge
libgcc                    15.2.0              he0feb66_17    conda-forge
libgcc-ng                 15.2.0              h69a702a_17    conda-forge
libgfortran               15.2.0              h69a702a_17    conda-forge
libgfortran5              15.2.0              h68bc16d_17    conda-forge
libgomp                   15.2.0              he0feb66_17    conda-forge
libiconv                  1.18                 h3b78370_2    conda-forge
libjpeg-turbo             3.1.2                hb03c661_0    conda-forge
liblapack                 3.11.0          5_h47877c9_openblas    conda-forge
liblzma                   5.8.2                hb03c661_0    conda-forge
libnghttp2                1.67.0               had1ee68_0    conda-forge
libnsl                    2.0.1                hb9d3cd8_1    conda-forge
libopenblas               0.3.30          pthreads_h94d23a6_4    conda-forge
libopenssl-static         3.6.1                hb03c661_1    conda-forge
libpng                    1.6.55               h421ea60_0    conda-forge
libsqlite                 3.51.2               hf4e2dac_0    conda-forge
libssh2                   1.11.1               hcf80075_0    conda-forge
libstdcxx                 15.2.0              h934c35e_17    conda-forge
libstdcxx-ng              15.2.0              hdf11a46_17    conda-forge
libtiff                   4.7.1                h9d88235_1    conda-forge
libuuid                   2.41.3               h5347b49_0    conda-forge
libwebp-base              1.6.0                hd42ef1d_0    conda-forge
libxcb                    1.17.0               h8a09558_0    conda-forge
libxcrypt                 4.4.36               hd590300_1    conda-forge
libzlib                   1.3.1                hb9d3cd8_2    conda-forge
markupsafe                3.0.3           py312h8a5da7c_0    conda-forge
matplotlib-base           3.10.8          py312he3d6523_0    conda-forge
munkres                   1.1.4              pyhd8ed1ab_1    conda-forge
mysql-connector-c         6.1.11            h659d440_1008    conda-forge
narwhals                  2.16.0             pyhcf101f3_0    conda-forge
natsort                   8.4.0                    pypi_0    pypi
ncls                      0.0.70                   pypi_0    pypi
ncurses                   6.5                  h2d0b736_3    conda-forge
numpy                     2.4.2           py312h33ff503_1    conda-forge
numpydoc                  1.10.0             pyhcf101f3_0    conda-forge
openjpeg                  2.5.4                h55fea9a_0    conda-forge
openssl                   3.6.1                h35e630c_1    conda-forge
packaging                 26.0               pyhcf101f3_0    conda-forge
pandas                    3.0.0                    pypi_0    pypi
pillow                    12.1.1          py312h50c33e8_0    conda-forge
pip                       26.0.1             pyh8b19718_0    conda-forge
plotly                    6.5.2              pyhd8ed1ab_0    conda-forge
pthread-stubs             0.4               hb9d3cd8_1002    conda-forge
py2bit                    0.3.3           py312h0fa9677_1    bioconda
pybigwig                  0.3.25          py312h83fe50f_0    bioconda
pygments                  2.19.2             pyhd8ed1ab_0    conda-forge
pyparsing                 3.3.2              pyhcf101f3_0    conda-forge
pyranges                  0.1.4                    pypi_0    pypi
pysam                     0.23.3          py312h8f9e533_2    bioconda
pysocks                   1.7.1              pyha55dd90_7    conda-forge
python                    3.12.12         hd63d673_2_cpython    conda-forge
python-dateutil           2.9.0.post0        pyhe01879c_2    conda-forge
python_abi                3.12                    8_cp312    conda-forge
pytz                      2025.2             pyhd8ed1ab_0    conda-forge
qhull                     2020.2               h434a139_5    conda-forge
readline                  8.3                  h853b02a_0    conda-forge
requests                  2.32.5             pyhcf101f3_1    conda-forge
roman-numerals            4.1.0              pyhd8ed1ab_0    conda-forge
samtools                  1.22.1               h96c455f_0    bioconda
scipy                     1.17.0          py312h54fa4ab_1    conda-forge
setuptools                82.0.0             pyh332efcf_0    conda-forge
six                       1.17.0             pyhe01879c_1    conda-forge
snowballstemmer           3.0.1              pyhd8ed1ab_0    conda-forge
sorted-nearest            0.0.41                   pypi_0    pypi
sphinx                    9.1.0              pyhd8ed1ab_0    conda-forge
sphinxcontrib-applehelp   2.0.0              pyhd8ed1ab_1    conda-forge
sphinxcontrib-devhelp     2.0.0              pyhd8ed1ab_1    conda-forge
sphinxcontrib-htmlhelp    2.1.0              pyhd8ed1ab_1    conda-forge
sphinxcontrib-jsmath      1.0.1              pyhd8ed1ab_1    conda-forge
sphinxcontrib-qthelp      2.0.0              pyhd8ed1ab_1    conda-forge
sphinxcontrib-serializinghtml 1.1.10             pyhd8ed1ab_1    conda-forge
tabulate                  0.9.0                    pypi_0    pypi
tk                        8.6.13          noxft_h366c992_103    conda-forge
tomli                     2.4.0              pyhcf101f3_0    conda-forge
tqdm                      4.67.3                   pypi_0    pypi
tzdata                    2025c                hc9c84f9_1    conda-forge
ucsc-bigwiginfo           482                  h0b57e2e_0    bioconda
unicodedata2              17.0.1          py312h4c3975b_0    conda-forge
urllib3                   2.6.3              pyhd8ed1ab_0    conda-forge
wheel                     0.46.3             pyhd8ed1ab_0    conda-forge
xorg-libxau               1.0.12               hb03c661_1    conda-forge
xorg-libxdmcp             1.1.5                hb03c661_1    conda-forge
zipp                      3.23.0             pyhcf101f3_1    conda-forge
zlib                      1.3.1                hb9d3cd8_2    conda-forge
zlib-ng                   2.3.3                hceb46e0_1    conda-forge
zstd                      1.5.7                hb78ec9c_6    conda-forge
Specified --scaleFactor: 1.0
normalization: CPM
bamFilesList: ['output/SNRNP70-Sorbitol-rep1_L1_R1.genome.Aligned.sort.dedup.bam']
binLength: 1
numberOfSamples: None
blackListFileName: None
skipZeroOverZero: False
bed_and_bin: False
genomeChunkSize: None
defaultFragmentLength: read length
numberOfProcessors: 52
verbose: True
region: None
bedFile: None
minMappingQuality: None
ignoreDuplicates: False
chrsToSkip: []
stepSize: 1
center_read: False
samFlag_include: None
samFlag_exclude: None
minFragmentLength: 0
maxFragmentLength: 0
zerosToNans: False
smoothLength: None
save_data: False
out_file_for_raw_data: None
maxPairedFragmentLength: 1000
Final scaling factor: 2.4864488537470786
ForkPoolWorker-46,  processing 1909 (32365.6 per sec) reads @ chr6:35000000-40000000
ForkPoolWorker-46 countReadsInRegions_worker: processing 5000000 (6227323.3 per sec) @ chr6:35000000-40000000
ForkPoolWorker-46,  processing 42 (27430.8 per sec) reads @ chr20:10000000-15000000
ForkPoolWorker-46 countReadsInRegions_worker: processing 5000000 (6950241.6 per sec) @ chr20:10000000-15000000
ForkPoolWorker-46,  processing 125 (58697.7 per sec) reads @ chr3:65000000-70000000
ForkPoolWorker-46 countReadsInRegions_worker: processing 5000000 (7044933.5 per sec) @ chr3:65000000-70000000
ForkPoolWorker-46,  processing 30 (29039.7 per sec) reads @ chr7:10000000-15000000
ForkPoolWorker-46 countReadsInRegions_worker: processing 5000000 (7049520.6 per sec) @ chr7:10000000-15000000
ForkPoolWorker-46,  processing 566 (75889.5 per sec) reads @ chr7:125000000-130000000
ForkPoolWorker-46 countReadsInRegions_worker: processing 5000000 (6989514.2 per sec) @ chr7:125000000-130000000
ForkPoolWorker-46,  processing 0 (0.0 per sec) reads @ chrUn_GL000214v1:0-137718
ForkPoolWorker-46 countReadsInRegions_worker: processing 137718 (4681458.8 per sec) @ chrUn_GL000214v1:0-137718
ForkPoolWorker-46,  processing 0 (0.0 per sec) reads @ chrUn_KI270385v1:0-990
ForkPoolWorker-46 countReadsInRegions_worker: processing 990 (98067.2 per sec) @ chrUn_KI270385v1:0-990
ForkPoolWorker-46,  processing 75 (59030.4 per sec) reads @ chr16:90000000-90338345
ForkPoolWorker-46 countReadsInRegions_worker: processing 338345 (5824164.7 per sec) @ chr16:90000000-90338345
ForkPoolWorker-46,  processing 112 (53406.3 per sec) reads @ chr15:45000000-50000000
ForkPoolWorker-46 countReadsInRegions_worker: processing 5000000 (7148644.2 per sec) @ chr15:45000000-50000000
ForkPoolWorker-46,  processing 161 (60498.4 per sec) reads @ chr2:35000000-40000000
ForkPoolWorker-46 countReadsInRegions_worker: processing 5000000 (7127739.4 per sec) @ chr2:35000000-40000000
ForkPoolWorker-46,  processing 153 (60216.6 per sec) reads @ chr7:20000000-25000000
ForkPoolWorker-46 countReadsInRegions_worker: processing 5000000 (7139919.0 per sec) @ chr7:20000000-25000000
ForkPoolWorker-46,  processing 1456 (84618.4 per sec) reads @ chr2:240000000-242193529
ForkPoolWorker-46 countReadsInRegions_worker: processing 2193529 (6637530.5 per sec) @ chr2:240000000-242193529
ForkPoolWorker-46,  processing 0 (0.0 per sec) reads @ chrUn_KI270366v1:0-8320
ForkPoolWorker-46 countReadsInRegions_worker: processing 8320 (766907.9 per sec) @ chrUn_KI270366v1:0-8320
ForkPoolWorker-46,  processing 3 (6081.6 per sec) reads @ chr4:190000000-190214555
ForkPoolWorker-46 countReadsInRegions_worker: processing 214555 (5593491.6 per sec) @ chr4:190000000-190214555
ForkPoolWorker-46,  processing 470 (77197.8 per sec) reads @ chr1:205000000-210000000
ForkPoolWorker-46 countReadsInRegions_worker: processing 5000000 (7120824.9 per sec) @ chr1:205000000-210000000
ForkPoolWorker-46,  processing 314 (80022.6 per sec) reads @ chr5:145000000-150000000
ForkPoolWorker-46 countReadsInRegions_worker: processing 5000000 (7132908.0 per sec) @ chr5:145000000-150000000
ForkPoolWorker-11,  processing 30 (655.3 per sec) reads @ chr19:20000000-25000000
ForkPoolWorker-11 countReadsInRegions_worker: processing 5000000 (6273668.9 per sec) @ chr19:20000000-25000000
ForkPoolWorker-11,  processing 37 (35023.5 per sec) reads @ chr12:85000000-90000000
ForkPoolWorker-11 countReadsInRegions_worker: processing 5000000 (7044675.5 per sec) @ chr12:85000000-90000000
ForkPoolWorker-11,  processing 1709 (87254.8 per sec) reads @ chr12:55000000-60000000
ForkPoolWorker-11 countReadsInRegions_worker: processing 5000000 (6885206.6 per sec) @ chr12:55000000-60000000
ForkPoolWorker-11,  processing 65 (47637.6 per sec) reads @ chr2:220000000-225000000
ForkPoolWorker-11 countReadsInRegions_worker: processing 5000000 (7156855.9 per sec) @ chr2:220000000-225000000
ForkPoolWorker-11,  processing 3476 (98336.0 per sec) reads @ chr1:5000000-10000000
ForkPoolWorker-11 countReadsInRegions_worker: processing 5000000 (6839113.8 per sec) @ chr1:5000000-10000000
ForkPoolWorker-11,  processing 1271 (86759.9 per sec) reads @ chr1:35000000-40000000
ForkPoolWorker-11 countReadsInRegions_worker: processing 5000000 (7031134.9 per sec) @ chr1:35000000-40000000
ForkPoolWorker-11,  processing 46 (45482.8 per sec) reads @ chr11:25000000-30000000
ForkPoolWorker-11 countReadsInRegions_worker: processing 5000000 (7169140.1 per sec) @ chr11:25000000-30000000
ForkPoolWorker-11,  processing 540 (82154.7 per sec) reads @ chr1:115000000-120000000
ForkPoolWorker-11 countReadsInRegions_worker: processing 5000000 (7093485.2 per sec) @ chr1:115000000-120000000
ForkPoolWorker-11,  processing 1069 (83526.7 per sec) reads @ chr2:215000000-220000000
ForkPoolWorker-11 countReadsInRegions_worker: processing 5000000 (7025689.0 per sec) @ chr2:215000000-220000000
ForkPoolWorker-11,  processing 220 (72829.3 per sec) reads @ chr16:5000000-10000000
ForkPoolWorker-11 countReadsInRegions_worker: processing 5000000 (7130141.0 per sec) @ chr16:5000000-10000000
ForkPoolWorker-11,  processing 29 (29120.1 per sec) reads @ chr6:100000000-105000000
ForkPoolWorker-11 countReadsInRegions_worker: processing 5000000 (7153482.1 per sec) @ chr6:100000000-105000000
ForkPoolWorker-11,  processing 0 (0.0 per sec) reads @ chrUn_KI270529v1:0-1899
ForkPoolWorker-11 countReadsInRegions_worker: processing 1899 (192866.1 per sec) @ chrUn_KI270529v1:0-1899
ForkPoolWorker-43,  processing 385 (8751.0 per sec) reads @ chr8:100000000-105000000
ForkPoolWorker-43 countReadsInRegions_worker: processing 5000000 (6300254.9 per sec) @ chr8:100000000-105000000
ForkPoolWorker-43,  processing 194 (63441.1 per sec) reads @ chr7:45000000-50000000
ForkPoolWorker-43 countReadsInRegions_worker: processing 5000000 (4879283.1 per sec) @ chr7:45000000-50000000
ForkPoolWorker-43,  processing 38 (30387.7 per sec) reads @ chr7:115000000-120000000
ForkPoolWorker-43 countReadsInRegions_worker: processing 5000000 (7143844.5 per sec) @ chr7:115000000-120000000
ForkPoolWorker-43,  processing 32 (32872.3 per sec) reads @ chr1:100000000-105000000
ForkPoolWorker-43 countReadsInRegions_worker: processing 5000000 (7136638.9 per sec) @ chr1:100000000-105000000
ForkPoolWorker-43,  processing 555 (81839.4 per sec) reads @ chrX:40000000-45000000
ForkPoolWorker-43 countReadsInRegions_worker: processing 5000000 (7035970.8 per sec) @ chrX:40000000-45000000
ForkPoolWorker-43,  processing 1359 (85592.9 per sec) reads @ chr7:150000000-155000000
ForkPoolWorker-43 countReadsInRegions_worker: processing 5000000 (6979265.4 per sec) @ chr7:150000000-155000000
ForkPoolWorker-43,  processing 44 (37555.8 per sec) reads @ chr3:105000000-110000000
ForkPoolWorker-43 countReadsInRegions_worker: processing 5000000 (7129862.2 per sec) @ chr3:105000000-110000000
ForkPoolWorker-43,  processing 25 (29143.3 per sec) reads @ chr7:60000000-65000000
ForkPoolWorker-43 countReadsInRegions_worker: processing 5000000 (7190658.7 per sec) @ chr7:60000000-65000000
ForkPoolWorker-43,  processing 76 (51133.6 per sec) reads @ chr8:55000000-60000000
ForkPoolWorker-43 countReadsInRegions_worker: processing 5000000 (7164053.5 per sec) @ chr8:55000000-60000000
ForkPoolWorker-43,  processing 2032 (84499.0 per sec) reads @ chr22:20000000-25000000
ForkPoolWorker-43 countReadsInRegions_worker: processing 5000000 (6932885.1 per sec) @ chr22:20000000-25000000
ForkPoolWorker-43,  processing 150 (62076.5 per sec) reads @ chr8:60000000-65000000
ForkPoolWorker-43 countReadsInRegions_worker: processing 5000000 (7137214.5 per sec) @ chr8:60000000-65000000
ForkPoolWorker-43,  processing 0 (0.0 per sec) reads @ chrUn_KI270383v1:0-1750
ForkPoolWorker-43 countReadsInRegions_worker: processing 1750 (188273.5 per sec) @ chrUn_KI270383v1:0-1750
ForkPoolWorker-40,  processing 300 (6862.9 per sec) reads @ chr7:30000000-35000000
ForkPoolWorker-40 countReadsInRegions_worker: processing 5000000 (6226018.1 per sec) @ chr7:30000000-35000000
ForkPoolWorker-40,  processing 297 (70093.9 per sec) reads @ chr11:30000000-35000000
ForkPoolWorker-40 countReadsInRegions_worker: processing 5000000 (7033191.1 per sec) @ chr11:30000000-35000000
ForkPoolWorker-40,  processing 11 (17603.0 per sec) reads @ chr13:80000000-85000000
ForkPoolWorker-40 countReadsInRegions_worker: processing 5000000 (7174793.6 per sec) @ chr13:80000000-85000000
ForkPoolWorker-40,  processing 88 (54215.4 per sec) reads @ chr12:70000000-75000000
ForkPoolWorker-40 countReadsInRegions_worker: processing 5000000 (7150396.7 per sec) @ chr12:70000000-75000000
ForkPoolWorker-40,  processing 1 (2071.3 per sec) reads @ chr18:15000000-20000000
ForkPoolWorker-40 countReadsInRegions_worker: processing 5000000 (7068760.2 per sec) @ chr18:15000000-20000000
ForkPoolWorker-40,  processing 1 (1837.2 per sec) reads @ chr11:135000000-135086622
ForkPoolWorker-40 countReadsInRegions_worker: processing 86622 (2234832.8 per sec) @ chr11:135000000-135086622
ForkPoolWorker-40,  processing 82 (54705.4 per sec) reads @ chr4:125000000-130000000
ForkPoolWorker-40 countReadsInRegions_worker: processing 5000000 (7163573.8 per sec) @ chr4:125000000-130000000
ForkPoolWorker-40,  processing 5379 (91124.5 per sec) reads @ chr16:85000000-90000000
ForkPoolWorker-40 countReadsInRegions_worker: processing 5000000 (6627094.5 per sec) @ chr16:85000000-90000000
ForkPoolWorker-40,  processing 424 (72418.7 per sec) reads @ chr1:220000000-225000000
ForkPoolWorker-40 countReadsInRegions_worker: processing 5000000 (7112191.5 per sec) @ chr1:220000000-225000000
ForkPoolWorker-40,  processing 0 (0.0 per sec) reads @ chrUn_KI270329v1:0-1040
ForkPoolWorker-40 countReadsInRegions_worker: processing 1040 (103229.7 per sec) @ chrUn_KI270329v1:0-1040
ForkPoolWorker-40,  processing 76 (53646.4 per sec) reads @ chr4:30000000-35000000
ForkPoolWorker-40 countReadsInRegions_worker: processing 5000000 (7166734.3 per sec) @ chr4:30000000-35000000
ForkPoolWorker-40,  processing 0 (0.0 per sec) reads @ chrUn_KI270317v1:0-37690
ForkPoolWorker-40 countReadsInRegions_worker: processing 37690 (2440423.6 per sec) @ chrUn_KI270317v1:0-37690
ForkPoolWorker-40,  processing 0 (0.0 per sec) reads @ chr9_KI270720v1_random:0-39050
ForkPoolWorker-40 countReadsInRegions_worker: processing 39050 (2781576.5 per sec) @ chr9_KI270720v1_random:0-39050
ForkPoolWorker-40,  processing 20 (25930.8 per sec) reads @ chr12:80000000-85000000
ForkPoolWorker-40 countReadsInRegions_worker: processing 5000000 (7165039.9 per sec) @ chr12:80000000-85000000
ForkPoolWorker-40,  processing 0 (0.0 per sec) reads @ chrUn_KI270747v1:0-198735
ForkPoolWorker-40 countReadsInRegions_worker: processing 198735 (5407498.0 per sec) @ chrUn_KI270747v1:0-198735
ForkPoolWorker-40,  processing 22 (26000.2 per sec) reads @ chrX:80000000-85000000
ForkPoolWorker-40 countReadsInRegions_worker: processing 5000000 (7119843.4 per sec) @ chrX:80000000-85000000
ForkPoolWorker-3,  processing 69 (1464.8 per sec) reads @ chr2:180000000-185000000
ForkPoolWorker-3 countReadsInRegions_worker: processing 5000000 (6289545.2 per sec) @ chr2:180000000-185000000
ForkPoolWorker-3,  processing 9 (12356.4 per sec) reads @ chr17_GL000205v2_random:0-185591
ForkPoolWorker-3 countReadsInRegions_worker: processing 185591 (4813114.9 per sec) @ chr17_GL000205v2_random:0-185591
ForkPoolWorker-3,  processing 36 (37227.6 per sec) reads @ chr11:80000000-85000000
ForkPoolWorker-3 countReadsInRegions_worker: processing 5000000 (7130686.5 per sec) @ chr11:80000000-85000000
ForkPoolWorker-3,  processing 32 (28532.7 per sec) reads @ chr8:105000000-110000000
ForkPoolWorker-3 countReadsInRegions_worker: processing 5000000 (7109599.6 per sec) @ chr8:105000000-110000000
ForkPoolWorker-3,  processing 0 (0.0 per sec) reads @ chrUn_KI270372v1:0-1650
ForkPoolWorker-3 countReadsInRegions_worker: processing 1650 (160955.5 per sec) @ chrUn_KI270372v1:0-1650
ForkPoolWorker-3,  processing 641 (79672.5 per sec) reads @ chrX:70000000-75000000
ForkPoolWorker-3 countReadsInRegions_worker: processing 5000000 (7024954.7 per sec) @ chrX:70000000-75000000
ForkPoolWorker-3,  processing 167 (64367.7 per sec) reads @ chrX:65000000-70000000
ForkPoolWorker-3 countReadsInRegions_worker: processing 5000000 (7061826.4 per sec) @ chrX:65000000-70000000
ForkPoolWorker-3,  processing 1058 (100463.5 per sec) reads @ chr21:15000000-20000000
ForkPoolWorker-3 countReadsInRegions_worker: processing 5000000 (6962330.1 per sec) @ chr21:15000000-20000000
ForkPoolWorker-3,  processing 4034 (88969.8 per sec) reads @ chr6:30000000-35000000
ForkPoolWorker-3 countReadsInRegions_worker: processing 5000000 (6650415.5 per sec) @ chr6:30000000-35000000
ForkPoolWorker-3,  processing 696 (79686.5 per sec) reads @ chr15:90000000-95000000
ForkPoolWorker-3 countReadsInRegions_worker: processing 5000000 (6998071.6 per sec) @ chr15:90000000-95000000
ForkPoolWorker-3,  processing 0 (0.0 per sec) reads @ chrUn_KI270392v1:0-971
ForkPoolWorker-3 countReadsInRegions_worker: processing 971 (95526.3 per sec) @ chrUn_KI270392v1:0-971
ForkPoolWorker-3,  processing 159 (64285.2 per sec) reads @ chr2:30000000-35000000
ForkPoolWorker-3 countReadsInRegions_worker: processing 5000000 (7048729.2 per sec) @ chr2:30000000-35000000
ForkPoolWorker-3,  processing 0 (0.0 per sec) reads @ chrUn_KI270412v1:0-1179
ForkPoolWorker-3 countReadsInRegions_worker: processing 1179 (115248.5 per sec) @ chrUn_KI270412v1:0-1179
ForkPoolWorker-3,  processing 80 (52692.3 per sec) reads @ chr13:35000000-40000000
ForkPoolWorker-3 countReadsInRegions_worker: processing 5000000 (7042068.7 per sec) @ chr13:35000000-40000000
ForkPoolWorker-3,  processing 7 (10898.3 per sec) reads @ chr18:65000000-70000000
ForkPoolWorker-3 countReadsInRegions_worker: processing 5000000 (7049897.4 per sec) @ chr18:65000000-70000000
ForkPoolWorker-3,  processing 0 (0.0 per sec) reads @ chrUn_KI270750v1:0-148850
ForkPoolWorker-3 countReadsInRegions_worker: processing 148850 (5390033.2 per sec) @ chrUn_KI270750v1:0-148850
ForkPoolWorker-41,  processing 0 (0.0 per sec) reads @ chrEBV:0-171823
ForkPoolWorker-41 countReadsInRegions_worker: processing 171823 (3691467.9 per sec) @ chrEBV:0-171823
ForkPoolWorker-41,  processing 17 (16387.8 per sec) reads @ chr9:60000000-65000000
ForkPoolWorker-41 countReadsInRegions_worker: processing 5000000 (7298280.0 per sec) @ chr9:60000000-65000000
ForkPoolWorker-41,  processing 3345 (89064.9 per sec) reads @ chr19:5000000-10000000
ForkPoolWorker-41 countReadsInRegions_worker: processing 5000000 (6743488.2 per sec) @ chr19:5000000-10000000
ForkPoolWorker-41,  processing 0 (0.0 per sec) reads @ chrUn_KI270379v1:0-1045
ForkPoolWorker-41 countReadsInRegions_worker: processing 1045 (99361.8 per sec) @ chrUn_KI270379v1:0-1045
ForkPoolWorker-41,  processing 555 (81350.3 per sec) reads @ chr4:80000000-85000000
ForkPoolWorker-41 countReadsInRegions_worker: processing 5000000 (7075645.6 per sec) @ chr4:80000000-85000000
ForkPoolWorker-41,  processing 3 (5858.0 per sec) reads @ chr14_GL000225v1_random:0-211173
ForkPoolWorker-41 countReadsInRegions_worker: processing 211173 (5455442.1 per sec) @ chr14_GL000225v1_random:0-211173
ForkPoolWorker-41,  processing 386 (82838.8 per sec) reads @ chr1:60000000-65000000
ForkPoolWorker-41 countReadsInRegions_worker: processing 5000000 (7114836.1 per sec) @ chr1:60000000-65000000
ForkPoolWorker-41,  processing 173 (67631.1 per sec) reads @ chr18:30000000-35000000
ForkPoolWorker-41 countReadsInRegions_worker: processing 5000000 (7115487.8 per sec) @ chr18:30000000-35000000
ForkPoolWorker-41,  processing 31 (32263.9 per sec) reads @ chr2:140000000-145000000
ForkPoolWorker-41 countReadsInRegions_worker: processing 5000000 (7130591.9 per sec) @ chr2:140000000-145000000
ForkPoolWorker-41,  processing 211 (68828.6 per sec) reads @ chr3:110000000-115000000
ForkPoolWorker-41 countReadsInRegions_worker: processing 5000000 (7067909.7 per sec) @ chr3:110000000-115000000
ForkPoolWorker-41,  processing 1932 (87021.0 per sec) reads @ chr1:225000000-230000000
ForkPoolWorker-41 countReadsInRegions_worker: processing 5000000 (6886850.4 per sec) @ chr1:225000000-230000000
ForkPoolWorker-41,  processing 297 (72989.3 per sec) reads @ chr2:60000000-65000000
ForkPoolWorker-41 countReadsInRegions_worker: processing 5000000 (7056465.8 per sec) @ chr2:60000000-65000000
ForkPoolWorker-41,  processing 1383 (88244.0 per sec) reads @ chr5:150000000-155000000
ForkPoolWorker-41 countReadsInRegions_worker: processing 5000000 (6917282.6 per sec) @ chr5:150000000-155000000
ForkPoolWorker-41,  processing 0 (0.0 per sec) reads @ chrUn_KI270371v1:0-2805
ForkPoolWorker-41 countReadsInRegions_worker: processing 2805 (277104.4 per sec) @ chrUn_KI270371v1:0-2805
ForkPoolWorker-41,  processing 0 (0.0 per sec) reads @ chrUn_KI270538v1:0-91309
ForkPoolWorker-41 countReadsInRegions_worker: processing 91309 (4261890.1 per sec) @ chrUn_KI270538v1:0-91309
ForkPoolWorker-41,  processing 567 (73348.3 per sec) reads @ chr20:45000000-50000000
ForkPoolWorker-41 countReadsInRegions_worker: processing 5000000 (7027558.3 per sec) @ chr20:45000000-50000000
ForkPoolWorker-29,  processing 421 (13046.5 per sec) reads @ chr5:130000000-135000000
ForkPoolWorker-29 countReadsInRegions_worker: processing 5000000 (6227719.0 per sec) @ chr5:130000000-135000000
ForkPoolWorker-29,  processing 88 (43428.5 per sec) reads @ chr2:225000000-230000000
ForkPoolWorker-29 countReadsInRegions_worker: processing 5000000 (7011449.9 per sec) @ chr2:225000000-230000000
ForkPoolWorker-29,  processing 439 (77209.8 per sec) reads @ chrX:130000000-135000000
ForkPoolWorker-29 countReadsInRegions_worker: processing 5000000 (7088565.2 per sec) @ chrX:130000000-135000000
ForkPoolWorker-29,  processing 58 (46469.8 per sec) reads @ chr4:185000000-190000000
ForkPoolWorker-29 countReadsInRegions_worker: processing 5000000 (7121804.2 per sec) @ chr4:185000000-190000000
ForkPoolWorker-29,  processing 347 (76088.6 per sec) reads @ chr5:10000000-15000000
ForkPoolWorker-29 countReadsInRegions_worker: processing 5000000 (7066878.4 per sec) @ chr5:10000000-15000000
ForkPoolWorker-29,  processing 70 (51928.1 per sec) reads @ chr7:120000000-125000000
ForkPoolWorker-29 countReadsInRegions_worker: processing 5000000 (7098647.5 per sec) @ chr7:120000000-125000000
ForkPoolWorker-29,  processing 123 (58912.8 per sec) reads @ chr4:145000000-150000000
ForkPoolWorker-29 countReadsInRegions_worker: processing 5000000 (7025837.3 per sec) @ chr4:145000000-150000000
ForkPoolWorker-29,  processing 86 (54356.6 per sec) reads @ chr14:85000000-90000000
ForkPoolWorker-29 countReadsInRegions_worker: processing 5000000 (7065795.1 per sec) @ chr14:85000000-90000000
ForkPoolWorker-29,  processing 125 (68204.5 per sec) reads @ chr12:15000000-20000000
ForkPoolWorker-29 countReadsInRegions_worker: processing 5000000 (7062996.6 per sec) @ chr12:15000000-20000000
ForkPoolWorker-29,  processing 0 (0.0 per sec) reads @ chrUn_KI270390v1:0-2387
ForkPoolWorker-29 countReadsInRegions_worker: processing 2387 (231086.1 per sec) @ chrUn_KI270390v1:0-2387
ForkPoolWorker-29,  processing 1757 (81612.8 per sec) reads @ chr3:50000000-55000000
ForkPoolWorker-29 countReadsInRegions_worker: processing 5000000 (6821446.2 per sec) @ chr3:50000000-55000000
ForkPoolWorker-29,  processing 308 (74655.9 per sec) reads @ chr1:170000000-175000000
ForkPoolWorker-29 countReadsInRegions_worker: processing 5000000 (7028644.1 per sec) @ chr1:170000000-175000000
ForkPoolWorker-25,  processing 30 (681.3 per sec) reads @ chr4:130000000-135000000
ForkPoolWorker-25 countReadsInRegions_worker: processing 5000000 (6295222.4 per sec) @ chr4:130000000-135000000
ForkPoolWorker-25,  processing 101 (39613.3 per sec) reads @ chr6:80000000-85000000
ForkPoolWorker-25 countReadsInRegions_worker: processing 5000000 (6803938.1 per sec) @ chr6:80000000-85000000
ForkPoolWorker-25,  processing 0 (0.0 per sec) reads @ chrUn_KI270746v1:0-66486
ForkPoolWorker-25 countReadsInRegions_worker: processing 66486 (3347206.8 per sec) @ chrUn_KI270746v1:0-66486
ForkPoolWorker-25,  processing 1 (2073.3 per sec) reads @ chrUn_GL000219v1:0-179198
ForkPoolWorker-25 countReadsInRegions_worker: processing 179198 (5014784.5 per sec) @ chrUn_GL000219v1:0-179198
ForkPoolWorker-25,  processing 664 (79708.6 per sec) reads @ chr1:230000000-235000000
ForkPoolWorker-25 countReadsInRegions_worker: processing 5000000 (6914046.5 per sec) @ chr1:230000000-235000000
ForkPoolWorker-25,  processing 0 (0.0 per sec) reads @ chrUn_KI270333v1:0-2699
ForkPoolWorker-25 countReadsInRegions_worker: processing 2699 (250662.6 per sec) @ chrUn_KI270333v1:0-2699
ForkPoolWorker-25,  processing 0 (0.0 per sec) reads @ chrUn_KI270512v1:0-22689
ForkPoolWorker-25 countReadsInRegions_worker: processing 22689 (1793290.8 per sec) @ chrUn_KI270512v1:0-22689
ForkPoolWorker-25,  processing 0 (0.0 per sec) reads @ chrUn_KI270322v1:0-21476
ForkPoolWorker-25 countReadsInRegions_worker: processing 21476 (1708201.3 per sec) @ chrUn_KI270322v1:0-21476
ForkPoolWorker-25,  processing 0 (0.0 per sec) reads @ chrUn_KI270304v1:0-2165
ForkPoolWorker-25 countReadsInRegions_worker: processing 2165 (206783.0 per sec) @ chrUn_KI270304v1:0-2165
ForkPoolWorker-25,  processing 987 (82354.1 per sec) reads @ chr3:180000000-185000000
ForkPoolWorker-25 countReadsInRegions_worker: processing 5000000 (6823832.3 per sec) @ chr3:180000000-185000000
ForkPoolWorker-25,  processing 5 (9246.7 per sec) reads @ chrUn_GL000195v1:0-182896
ForkPoolWorker-25 countReadsInRegions_worker: processing 182896 (5311886.7 per sec) @ chrUn_GL000195v1:0-182896
ForkPoolWorker-25,  processing 0 (0.0 per sec) reads @ chrUn_KI270583v1:0-1400
ForkPoolWorker-25 countReadsInRegions_worker: processing 1400 (132869.3 per sec) @ chrUn_KI270583v1:0-1400
ForkPoolWorker-25,  processing 865 (74564.3 per sec) reads @ chr10:70000000-75000000
ForkPoolWorker-25 countReadsInRegions_worker: processing 5000000 (6827022.2 per sec) @ chr10:70000000-75000000
ForkPoolWorker-25,  processing 59 (39255.1 per sec) reads @ chr8:15000000-20000000
ForkPoolWorker-25 countReadsInRegions_worker: processing 5000000 (6915562.7 per sec) @ chr8:15000000-20000000
ForkPoolWorker-25,  processing 1146 (80973.6 per sec) reads @ chrX:50000000-55000000
ForkPoolWorker-25 countReadsInRegions_worker: processing 5000000 (6810536.0 per sec) @ chrX:50000000-55000000
ForkPoolWorker-25,  processing 847 (77604.4 per sec) reads @ chr7:25000000-30000000
ForkPoolWorker-25 countReadsInRegions_worker: processing 5000000 (6818518.6 per sec) @ chr7:25000000-30000000
ForkPoolWorker-25,  processing 4687 (85418.8 per sec) reads @ chr7:0-5000000
ForkPoolWorker-25 countReadsInRegions_worker: processing 5000000 (6405356.0 per sec) @ chr7:0-5000000
ForkPoolWorker-25,  processing 6157 (87247.6 per sec) reads @ chr17:80000000-83257441
ForkPoolWorker-25 countReadsInRegions_worker: processing 3257441 (5974720.4 per sec) @ chr17:80000000-83257441
ForkPoolWorker-25,  processing 102 (56306.8 per sec) reads @ chr5:155000000-160000000
ForkPoolWorker-25 countReadsInRegions_worker: processing 5000000 (6918711.2 per sec) @ chr5:155000000-160000000
ForkPoolWorker-25,  processing 0 (0.0 per sec) reads @ chrUn_KI270305v1:0-1472
ForkPoolWorker-25 countReadsInRegions_worker: processing 1472 (150193.8 per sec) @ chrUn_KI270305v1:0-1472
ForkPoolWorker-20,  processing 0 (0.0 per sec) reads @ chr15:0-5000000
ForkPoolWorker-20 countReadsInRegions_worker: processing 5000000 (6653764.1 per sec) @ chr15:0-5000000
ForkPoolWorker-20,  processing 0 (0.0 per sec) reads @ chrUn_KI270419v1:0-1029
ForkPoolWorker-20 countReadsInRegions_worker: processing 1029 (85666.0 per sec) @ chrUn_KI270419v1:0-1029
ForkPoolWorker-20,  processing 0 (0.0 per sec) reads @ chrUn_KI270579v1:0-31033
ForkPoolWorker-20 countReadsInRegions_worker: processing 31033 (2193862.1 per sec) @ chrUn_KI270579v1:0-31033
ForkPoolWorker-20,  processing 5 (5431.6 per sec) reads @ chr16:60000000-65000000
ForkPoolWorker-20 countReadsInRegions_worker: processing 5000000 (6928588.2 per sec) @ chr16:60000000-65000000
ForkPoolWorker-20,  processing 0 (0.0 per sec) reads @ chr1:130000000-135000000
ForkPoolWorker-20 countReadsInRegions_worker: processing 5000000 (6944133.7 per sec) @ chr1:130000000-135000000
ForkPoolWorker-20,  processing 198 (57715.8 per sec) reads @ chr2:65000000-70000000
ForkPoolWorker-20 countReadsInRegions_worker: processing 5000000 (6895489.1 per sec) @ chr2:65000000-70000000
ForkPoolWorker-20,  processing 336 (76930.3 per sec) reads @ chr9:75000000-80000000
ForkPoolWorker-20 countReadsInRegions_worker: processing 5000000 (6851237.0 per sec) @ chr9:75000000-80000000
ForkPoolWorker-20,  processing 1045 (90197.3 per sec) reads @ chr8:35000000-40000000
ForkPoolWorker-20 countReadsInRegions_worker: processing 5000000 (6759372.2 per sec) @ chr8:35000000-40000000
ForkPoolWorker-20,  processing 528 (74400.1 per sec) reads @ chr16:20000000-25000000
ForkPoolWorker-20 countReadsInRegions_worker: processing 5000000 (6794021.3 per sec) @ chr16:20000000-25000000
ForkPoolWorker-20,  processing 244 (65406.2 per sec) reads @ chr2:100000000-105000000
ForkPoolWorker-20 countReadsInRegions_worker: processing 5000000 (6781687.2 per sec) @ chr2:100000000-105000000
ForkPoolWorker-20,  processing 2737 (88238.4 per sec) reads @ chr1:25000000-30000000
ForkPoolWorker-20 countReadsInRegions_worker: processing 5000000 (6590531.7 per sec) @ chr1:25000000-30000000
ForkPoolWorker-20,  processing 3408 (84318.6 per sec) reads @ chr12:120000000-125000000
ForkPoolWorker-20 countReadsInRegions_worker: processing 5000000 (6497892.8 per sec) @ chr12:120000000-125000000
ForkPoolWorker-44,  processing 140 (3423.7 per sec) reads @ chr7:90000000-95000000
ForkPoolWorker-44 countReadsInRegions_worker: processing 5000000 (6310948.0 per sec) @ chr7:90000000-95000000
ForkPoolWorker-44,  processing 126 (52506.9 per sec) reads @ chr5:165000000-170000000
ForkPoolWorker-44 countReadsInRegions_worker: processing 5000000 (6817450.2 per sec) @ chr5:165000000-170000000
ForkPoolWorker-44,  processing 1 (1879.2 per sec) reads @ chrUn_KI270744v1:0-168472
ForkPoolWorker-44 countReadsInRegions_worker: processing 168472 (4809771.6 per sec) @ chrUn_KI270744v1:0-168472
ForkPoolWorker-44,  processing 701 (82434.9 per sec) reads @ chr1:105000000-110000000
ForkPoolWorker-44 countReadsInRegions_worker: processing 5000000 (6926558.4 per sec) @ chr1:105000000-110000000
ForkPoolWorker-44,  processing 4440 (87407.2 per sec) reads @ chr11:65000000-70000000
ForkPoolWorker-44 countReadsInRegions_worker: processing 5000000 (6533509.5 per sec) @ chr11:65000000-70000000
ForkPoolWorker-44,  processing 59 (46280.9 per sec) reads @ chr3:145000000-150000000
ForkPoolWorker-44 countReadsInRegions_worker: processing 5000000 (6994605.5 per sec) @ chr3:145000000-150000000
ForkPoolWorker-44,  processing 140 (62789.0 per sec) reads @ chr8:80000000-85000000
ForkPoolWorker-44 countReadsInRegions_worker: processing 5000000 (6931902.1 per sec) @ chr8:80000000-85000000
ForkPoolWorker-44,  processing 0 (0.0 per sec) reads @ chrUn_KI270508v1:0-1951
ForkPoolWorker-44 countReadsInRegions_worker: processing 1951 (165951.9 per sec) @ chrUn_KI270508v1:0-1951
ForkPoolWorker-44,  processing 1742 (83463.5 per sec) reads @ chr21:40000000-45000000
ForkPoolWorker-44 countReadsInRegions_worker: processing 5000000 (6798827.3 per sec) @ chr21:40000000-45000000
ForkPoolWorker-44,  processing 0 (0.0 per sec) reads @ chr16:40000000-45000000
ForkPoolWorker-44 countReadsInRegions_worker: processing 5000000 (7000821.2 per sec) @ chr16:40000000-45000000
ForkPoolWorker-44,  processing 240 (68445.8 per sec) reads @ chr6:160000000-165000000
ForkPoolWorker-44 countReadsInRegions_worker: processing 5000000 (6954470.9 per sec) @ chr6:160000000-165000000
ForkPoolWorker-44,  processing 209 (71489.9 per sec) reads @ chr7:50000000-55000000
ForkPoolWorker-44 countReadsInRegions_worker: processing 5000000 (6961022.1 per sec) @ chr7:50000000-55000000
ForkPoolWorker-47,  processing 72 (1794.4 per sec) reads @ chr13:105000000-110000000
ForkPoolWorker-47 countReadsInRegions_worker: processing 5000000 (6392908.3 per sec) @ chr13:105000000-110000000
ForkPoolWorker-47,  processing 0 (0.0 per sec) reads @ chrUn_KI270425v1:0-1884
ForkPoolWorker-47 countReadsInRegions_worker: processing 1884 (157048.8 per sec) @ chrUn_KI270425v1:0-1884
ForkPoolWorker-47,  processing 74 (39848.3 per sec) reads @ chr5:110000000-115000000
ForkPoolWorker-47 countReadsInRegions_worker: processing 5000000 (6687494.1 per sec) @ chr5:110000000-115000000
ForkPoolWorker-47,  processing 64 (42977.2 per sec) reads @ chr7:15000000-20000000
ForkPoolWorker-47 countReadsInRegions_worker: processing 5000000 (6835986.0 per sec) @ chr7:15000000-20000000
ForkPoolWorker-47,  processing 108 (56467.8 per sec) reads @ chr4:165000000-170000000
ForkPoolWorker-47 countReadsInRegions_worker: processing 5000000 (6854566.9 per sec) @ chr4:165000000-170000000
ForkPoolWorker-47,  processing 1 (1876.6 per sec) reads @ chr22_KI270732v1_random:0-41543
ForkPoolWorker-47 countReadsInRegions_worker: processing 41543 (2480765.0 per sec) @ chr22_KI270732v1_random:0-41543
ForkPoolWorker-47,  processing 190 (60982.4 per sec) reads @ chr10:10000000-15000000
ForkPoolWorker-47 countReadsInRegions_worker: processing 5000000 (6847720.3 per sec) @ chr10:10000000-15000000
ForkPoolWorker-47,  processing 3470 (100404.5 per sec) reads @ chr1:140000000-145000000
ForkPoolWorker-47 countReadsInRegions_worker: processing 5000000 (6513367.7 per sec) @ chr1:140000000-145000000
ForkPoolWorker-47,  processing 602 (79095.7 per sec) reads @ chrX:0-5000000
ForkPoolWorker-47 countReadsInRegions_worker: processing 5000000 (6774751.2 per sec) @ chrX:0-5000000
ForkPoolWorker-47,  processing 0 (0.0 per sec) reads @ chr1_KI270710v1_random:0-40176
ForkPoolWorker-47 countReadsInRegions_worker: processing 40176 (2570283.5 per sec) @ chr1_KI270710v1_random:0-40176
ForkPoolWorker-47,  processing 1069 (79580.3 per sec) reads @ chr2:70000000-75000000
ForkPoolWorker-47 countReadsInRegions_worker: processing 5000000 (6744262.4 per sec) @ chr2:70000000-75000000
ForkPoolWorker-47,  processing 8 (13283.6 per sec) reads @ chr8:145000000-145138636
ForkPoolWorker-47 countReadsInRegions_worker: processing 138636 (4508517.4 per sec) @ chr8:145000000-145138636
ForkPoolWorker-47,  processing 605 (72842.9 per sec) reads @ chr10:95000000-100000000
ForkPoolWorker-47 countReadsInRegions_worker: processing 5000000 (6887483.7 per sec) @ chr10:95000000-100000000
ForkPoolWorker-47,  processing 0 (0.0 per sec) reads @ chrUn_KI270593v1:0-3041
ForkPoolWorker-47 countReadsInRegions_worker: processing 3041 (280579.8 per sec) @ chrUn_KI270593v1:0-3041
ForkPoolWorker-47,  processing 2569 (83068.0 per sec) reads @ chr21:45000000-46709983
ForkPoolWorker-47 countReadsInRegions_worker: processing 1709983 (6039656.3 per sec) @ chr21:45000000-46709983
ForkPoolWorker-47,  processing 153 (60358.2 per sec) reads @ chr1:65000000-70000000
ForkPoolWorker-47 countReadsInRegions_worker: processing 5000000 (6969952.3 per sec) @ chr1:65000000-70000000
ForkPoolWorker-52,  processing 3736 (47241.4 per sec) reads @ chr19:15000000-20000000
ForkPoolWorker-52 countReadsInRegions_worker: processing 5000000 (6121150.3 per sec) @ chr19:15000000-20000000
ForkPoolWorker-52,  processing 133 (43831.4 per sec) reads @ chr4:55000000-60000000
ForkPoolWorker-52 countReadsInRegions_worker: processing 5000000 (6313807.5 per sec) @ chr4:55000000-60000000
ForkPoolWorker-52,  processing 114 (44934.7 per sec) reads @ chr20:20000000-25000000
ForkPoolWorker-52 countReadsInRegions_worker: processing 5000000 (7040201.1 per sec) @ chr20:20000000-25000000
ForkPoolWorker-52,  processing 0 (0.0 per sec) reads @ chrUn_KI270507v1:0-5353
ForkPoolWorker-52 countReadsInRegions_worker: processing 5353 (316605.9 per sec) @ chrUn_KI270507v1:0-5353
ForkPoolWorker-52,  processing 214 (63536.6 per sec) reads @ chr6:135000000-140000000
ForkPoolWorker-52 countReadsInRegions_worker: processing 5000000 (7048956.6 per sec) @ chr6:135000000-140000000
ForkPoolWorker-52,  processing 0 (0.0 per sec) reads @ chr14_KI270722v1_random:0-194050
ForkPoolWorker-52 countReadsInRegions_worker: processing 194050 (5234383.1 per sec) @ chr14_KI270722v1_random:0-194050
ForkPoolWorker-52,  processing 397 (74466.2 per sec) reads @ chr16:80000000-85000000
ForkPoolWorker-52 countReadsInRegions_worker: processing 5000000 (7105256.6 per sec) @ chr16:80000000-85000000
ForkPoolWorker-52,  processing 0 (0.0 per sec) reads @ chrUn_KI270312v1:0-998
ForkPoolWorker-52 countReadsInRegions_worker: processing 998 (101503.8 per sec) @ chrUn_KI270312v1:0-998
ForkPoolWorker-52,  processing 1321 (83252.1 per sec) reads @ chr17:35000000-40000000
ForkPoolWorker-52 countReadsInRegions_worker: processing 5000000 (7012983.3 per sec) @ chr17:35000000-40000000
ForkPoolWorker-52,  processing 61 (49651.2 per sec) reads @ chr8:75000000-80000000
ForkPoolWorker-52 countReadsInRegions_worker: processing 5000000 (7127974.4 per sec) @ chr8:75000000-80000000
ForkPoolWorker-52,  processing 129 (61928.0 per sec) reads @ chrX:20000000-25000000
ForkPoolWorker-52 countReadsInRegions_worker: processing 5000000 (7124054.2 per sec) @ chrX:20000000-25000000
ForkPoolWorker-52,  processing 134 (58025.7 per sec) reads @ chr2:5000000-10000000
ForkPoolWorker-52 countReadsInRegions_worker: processing 5000000 (7149526.4 per sec) @ chr2:5000000-10000000
ForkPoolWorker-52,  processing 203 (68197.3 per sec) reads @ chr12:100000000-105000000
ForkPoolWorker-52 countReadsInRegions_worker: processing 5000000 (7119795.0 per sec) @ chr12:100000000-105000000
ForkPoolWorker-52,  processing 0 (0.0 per sec) reads @ chrUn_KI270363v1:0-1803
ForkPoolWorker-52 countReadsInRegions_worker: processing 1803 (179163.9 per sec) @ chrUn_KI270363v1:0-1803
ForkPoolWorker-52,  processing 456 (75060.0 per sec) reads @ chr16:10000000-15000000
ForkPoolWorker-52 countReadsInRegions_worker: processing 5000000 (7002008.6 per sec) @ chr16:10000000-15000000
ForkPoolWorker-52,  processing 0 (0.0 per sec) reads @ chrUn_KI270448v1:0-7992
ForkPoolWorker-52 countReadsInRegions_worker: processing 7992 (816387.7 per sec) @ chrUn_KI270448v1:0-7992
ForkPoolWorker-27,  processing 275 (5970.1 per sec) reads @ chr2:120000000-125000000
ForkPoolWorker-27 countReadsInRegions_worker: processing 5000000 (6217855.2 per sec) @ chr2:120000000-125000000
ForkPoolWorker-27,  processing 712 (78311.9 per sec) reads @ chr2:235000000-240000000
ForkPoolWorker-27 countReadsInRegions_worker: processing 5000000 (6962570.5 per sec) @ chr2:235000000-240000000
ForkPoolWorker-27,  processing 468 (76082.7 per sec) reads @ chr12:105000000-110000000
ForkPoolWorker-27 countReadsInRegions_worker: processing 5000000 (7102992.0 per sec) @ chr12:105000000-110000000
ForkPoolWorker-27,  processing 128 (63882.8 per sec) reads @ chr5:65000000-70000000
ForkPoolWorker-27 countReadsInRegions_worker: processing 5000000 (7087899.1 per sec) @ chr5:65000000-70000000
ForkPoolWorker-27,  processing 0 (0.0 per sec) reads @ chr1_KI270709v1_random:0-66860
ForkPoolWorker-27 countReadsInRegions_worker: processing 66860 (3070559.9 per sec) @ chr1_KI270709v1_random:0-66860
ForkPoolWorker-27,  processing 52 (43673.2 per sec) reads @ chr1:80000000-85000000
ForkPoolWorker-27 countReadsInRegions_worker: processing 5000000 (7140983.9 per sec) @ chr1:80000000-85000000
ForkPoolWorker-27,  processing 0 (0.0 per sec) reads @ chrUn_KI270316v1:0-1444
ForkPoolWorker-27 countReadsInRegions_worker: processing 1444 (151946.2 per sec) @ chrUn_KI270316v1:0-1444
ForkPoolWorker-27,  processing 0 (0.0 per sec) reads @ chrUn_KI270584v1:0-4513
ForkPoolWorker-27 countReadsInRegions_worker: processing 4513 (479491.7 per sec) @ chrUn_KI270584v1:0-4513
ForkPoolWorker-27,  processing 1607 (86063.6 per sec) reads @ chr14:20000000-25000000
ForkPoolWorker-27 countReadsInRegions_worker: processing 5000000 (6993245.7 per sec) @ chr14:20000000-25000000
ForkPoolWorker-27,  processing 47 (41756.5 per sec) reads @ chr2:160000000-165000000
ForkPoolWorker-27 countReadsInRegions_worker: processing 5000000 (7174504.0 per sec) @ chr2:160000000-165000000
ForkPoolWorker-27,  processing 1 (2204.0 per sec) reads @ chrY:20000000-25000000
ForkPoolWorker-27 countReadsInRegions_worker: processing 5000000 (7142968.6 per sec) @ chrY:20000000-25000000
ForkPoolWorker-27,  processing 35 (34068.4 per sec) reads @ chr2:185000000-190000000
ForkPoolWorker-27 countReadsInRegions_worker: processing 5000000 (7159120.7 per sec) @ chr2:185000000-190000000
ForkPoolWorker-27,  processing 75 (50059.3 per sec) reads @ chr5:15000000-20000000
ForkPoolWorker-27 countReadsInRegions_worker: processing 5000000 (7157596.0 per sec) @ chr5:15000000-20000000
ForkPoolWorker-27,  processing 5 (10230.0 per sec) reads @ chrUn_KI270442v1:0-392061
ForkPoolWorker-27 countReadsInRegions_worker: processing 392061 (5345439.9 per sec) @ chrUn_KI270442v1:0-392061
ForkPoolWorker-27,  processing 1359 (84506.7 per sec) reads @ chr19:50000000-55000000
ForkPoolWorker-27 countReadsInRegions_worker: processing 5000000 (6997543.9 per sec) @ chr19:50000000-55000000
ForkPoolWorker-27,  processing 93 (55227.3 per sec) reads @ chr6:170000000-170805979
ForkPoolWorker-27 countReadsInRegions_worker: processing 805979 (6987781.4 per sec) @ chr6:170000000-170805979
ForkPoolWorker-39,  processing 114 (2782.8 per sec) reads @ chr8:5000000-10000000
ForkPoolWorker-39 countReadsInRegions_worker: processing 5000000 (6298150.9 per sec) @ chr8:5000000-10000000
ForkPoolWorker-39,  processing 0 (0.0 per sec) reads @ chrUn_KI270518v1:0-2186
ForkPoolWorker-39 countReadsInRegions_worker: processing 2186 (124338.9 per sec) @ chrUn_KI270518v1:0-2186
ForkPoolWorker-39,  processing 154 (66466.6 per sec) reads @ chr4:115000000-120000000
ForkPoolWorker-39 countReadsInRegions_worker: processing 5000000 (6870859.8 per sec) @ chr4:115000000-120000000
ForkPoolWorker-39,  processing 160 (58249.2 per sec) reads @ chr3:75000000-80000000
ForkPoolWorker-39 countReadsInRegions_worker: processing 5000000 (6907144.3 per sec) @ chr3:75000000-80000000
ForkPoolWorker-39,  processing 0 (0.0 per sec) reads @ chrUn_KI270539v1:0-993
ForkPoolWorker-39 countReadsInRegions_worker: processing 993 (102157.1 per sec) @ chrUn_KI270539v1:0-993
ForkPoolWorker-39,  processing 0 (0.0 per sec) reads @ chrUn_KI270418v1:0-2145
ForkPoolWorker-39 countReadsInRegions_worker: processing 2145 (215064.2 per sec) @ chrUn_KI270418v1:0-2145
ForkPoolWorker-39,  processing 1 (2082.6 per sec) reads @ chr14_KI270724v1_random:0-39555
ForkPoolWorker-39 countReadsInRegions_worker: processing 39555 (2580382.5 per sec) @ chr14_KI270724v1_random:0-39555
ForkPoolWorker-39,  processing 59 (40687.9 per sec) reads @ chr15:20000000-25000000
ForkPoolWorker-39 countReadsInRegions_worker: processing 5000000 (6964385.6 per sec) @ chr15:20000000-25000000
ForkPoolWorker-39,  processing 0 (0.0 per sec) reads @ chrUn_KI270580v1:0-1553
ForkPoolWorker-39 countReadsInRegions_worker: processing 1553 (153070.3 per sec) @ chrUn_KI270580v1:0-1553
ForkPoolWorker-39,  processing 10805 (88907.0 per sec) reads @ chr16:0-5000000
ForkPoolWorker-39 countReadsInRegions_worker: processing 5000000 (5969409.4 per sec) @ chr16:0-5000000
ForkPoolWorker-39,  processing 0 (0.0 per sec) reads @ chrUn_GL000216v2:0-176608
ForkPoolWorker-39 countReadsInRegions_worker: processing 176608 (4988031.7 per sec) @ chrUn_GL000216v2:0-176608
ForkPoolWorker-39,  processing 414 (70535.5 per sec) reads @ chr11:5000000-10000000
ForkPoolWorker-39 countReadsInRegions_worker: processing 5000000 (6874199.8 per sec) @ chr11:5000000-10000000
ForkPoolWorker-39,  processing 4434 (86961.3 per sec) reads @ chr9:135000000-138394717
ForkPoolWorker-39 countReadsInRegions_worker: processing 3394717 (6166343.3 per sec) @ chr9:135000000-138394717
ForkPoolWorker-39,  processing 0 (0.0 per sec) reads @ chrUn_KI270338v1:0-1428
ForkPoolWorker-39 countReadsInRegions_worker: processing 1428 (137676.2 per sec) @ chrUn_KI270338v1:0-1428
ForkPoolWorker-39,  processing 0 (0.0 per sec) reads @ chrUn_KI270743v1:0-210658
ForkPoolWorker-39 countReadsInRegions_worker: processing 210658 (5581965.2 per sec) @ chrUn_KI270743v1:0-210658
ForkPoolWorker-39,  processing 0 (0.0 per sec) reads @ chrUn_KI270517v1:0-3253
ForkPoolWorker-39 countReadsInRegions_worker: processing 3253 (330284.9 per sec) @ chrUn_KI270517v1:0-3253
ForkPoolWorker-39,  processing 4190 (88248.8 per sec) reads @ chr20:60000000-64444167
ForkPoolWorker-39 countReadsInRegions_worker: processing 4444167 (6458500.2 per sec) @ chr20:60000000-64444167
ForkPoolWorker-39,  processing 2956 (81895.2 per sec) reads @ chr1:15000000-20000000
ForkPoolWorker-39 countReadsInRegions_worker: processing 5000000 (6613403.8 per sec) @ chr1:15000000-20000000
ForkPoolWorker-39,  processing 178 (64084.6 per sec) reads @ chr10:80000000-85000000
ForkPoolWorker-39 countReadsInRegions_worker: processing 5000000 (6915840.9 per sec) @ chr10:80000000-85000000
ForkPoolWorker-39,  processing 717 (81169.1 per sec) reads @ chr15:85000000-90000000
ForkPoolWorker-39 countReadsInRegions_worker: processing 5000000 (6863526.8 per sec) @ chr15:85000000-90000000
ForkPoolWorker-22,  processing 58 (1444.7 per sec) reads @ chr2:190000000-195000000
ForkPoolWorker-22 countReadsInRegions_worker: processing 5000000 (6393763.9 per sec) @ chr2:190000000-195000000
ForkPoolWorker-22,  processing 155 (46248.6 per sec) reads @ chr8:10000000-15000000
ForkPoolWorker-22 countReadsInRegions_worker: processing 5000000 (6736920.0 per sec) @ chr8:10000000-15000000
ForkPoolWorker-22,  processing 175 (61397.2 per sec) reads @ chr3:140000000-145000000
ForkPoolWorker-22 countReadsInRegions_worker: processing 5000000 (6894868.0 per sec) @ chr3:140000000-145000000
ForkPoolWorker-22,  processing 0 (0.0 per sec) reads @ chrUn_KI270755v1:0-36723
ForkPoolWorker-22 countReadsInRegions_worker: processing 36723 (2358224.4 per sec) @ chrUn_KI270755v1:0-36723
ForkPoolWorker-22,  processing 56 (41214.4 per sec) reads @ chr5:50000000-55000000
ForkPoolWorker-22 countReadsInRegions_worker: processing 5000000 (6890235.4 per sec) @ chr5:50000000-55000000
ForkPoolWorker-22,  processing 0 (0.0 per sec) reads @ chrUn_KI270754v1:0-40191
ForkPoolWorker-22 countReadsInRegions_worker: processing 40191 (2593435.0 per sec) @ chrUn_KI270754v1:0-40191
ForkPoolWorker-22,  processing 0 (0.0 per sec) reads @ chr14:5000000-10000000
ForkPoolWorker-22 countReadsInRegions_worker: processing 5000000 (6881025.0 per sec) @ chr14:5000000-10000000
ForkPoolWorker-22,  processing 100 (52038.5 per sec) reads @ chr14:35000000-40000000
ForkPoolWorker-22 countReadsInRegions_worker: processing 5000000 (6849594.5 per sec) @ chr14:35000000-40000000
ForkPoolWorker-22,  processing 144 (57974.6 per sec) reads @ chr7:35000000-40000000
ForkPoolWorker-22 countReadsInRegions_worker: processing 5000000 (6843342.9 per sec) @ chr7:35000000-40000000
ForkPoolWorker-22,  processing 1626 (81521.7 per sec) reads @ chr5:0-5000000
ForkPoolWorker-22 countReadsInRegions_worker: processing 5000000 (6664696.3 per sec) @ chr5:0-5000000
ForkPoolWorker-22,  processing 8 (9622.7 per sec) reads @ chr5:25000000-30000000
ForkPoolWorker-22 countReadsInRegions_worker: processing 5000000 (6864268.2 per sec) @ chr5:25000000-30000000
ForkPoolWorker-22,  processing 948 (78855.3 per sec) reads @ chr2:230000000-235000000
ForkPoolWorker-22 countReadsInRegions_worker: processing 5000000 (6757734.3 per sec) @ chr2:230000000-235000000
ForkPoolWorker-35,  processing 3194 (42767.7 per sec) reads @ chr22:50000000-50818468
ForkPoolWorker-35 countReadsInRegions_worker: processing 818468 (4186330.0 per sec) @ chr22:50000000-50818468
ForkPoolWorker-35,  processing 244 (66811.0 per sec) reads @ chr8:40000000-45000000
ForkPoolWorker-35 countReadsInRegions_worker: processing 5000000 (4426900.4 per sec) @ chr8:40000000-45000000
ForkPoolWorker-35,  processing 0 (0.0 per sec) reads @ chr17_KI270730v1_random:0-112551
ForkPoolWorker-35 countReadsInRegions_worker: processing 112551 (3587645.1 per sec) @ chr17_KI270730v1_random:0-112551
ForkPoolWorker-35,  processing 43 (34275.0 per sec) reads @ chr3:115000000-120000000
ForkPoolWorker-35 countReadsInRegions_worker: processing 5000000 (7167915.0 per sec) @ chr3:115000000-120000000
ForkPoolWorker-35,  processing 0 (0.0 per sec) reads @ chrY:45000000-50000000
ForkPoolWorker-35 countReadsInRegions_worker: processing 5000000 (7182733.4 per sec) @ chrY:45000000-50000000
ForkPoolWorker-35,  processing 197 (60845.2 per sec) reads @ chr10:110000000-115000000
ForkPoolWorker-35 countReadsInRegions_worker: processing 5000000 (7131467.2 per sec) @ chr10:110000000-115000000
ForkPoolWorker-35,  processing 979 (84432.9 per sec) reads @ chr20:30000000-35000000
ForkPoolWorker-35 countReadsInRegions_worker: processing 5000000 (7022381.3 per sec) @ chr20:30000000-35000000
ForkPoolWorker-35,  processing 159 (64527.8 per sec) reads @ chr16:45000000-50000000
ForkPoolWorker-35 countReadsInRegions_worker: processing 5000000 (7098743.6 per sec) @ chr16:45000000-50000000
ForkPoolWorker-35,  processing 1635 (80412.8 per sec) reads @ chr1:40000000-45000000
ForkPoolWorker-35 countReadsInRegions_worker: processing 5000000 (6923839.3 per sec) @ chr1:40000000-45000000
ForkPoolWorker-35,  processing 175 (60701.6 per sec) reads @ chr2:200000000-205000000
ForkPoolWorker-35 countReadsInRegions_worker: processing 5000000 (7098541.7 per sec) @ chr2:200000000-205000000
ForkPoolWorker-35,  processing 61 (43431.1 per sec) reads @ chr5:35000000-40000000
ForkPoolWorker-35 countReadsInRegions_worker: processing 5000000 (7132772.2 per sec) @ chr5:35000000-40000000
ForkPoolWorker-35,  processing 273 (68377.2 per sec) reads @ chr17:20000000-25000000
ForkPoolWorker-35 countReadsInRegions_worker: processing 5000000 (7083960.6 per sec) @ chr17:20000000-25000000
ForkPoolWorker-35,  processing 619 (80497.1 per sec) reads @ chr8:20000000-25000000
ForkPoolWorker-35 countReadsInRegions_worker: processing 5000000 (7030119.0 per sec) @ chr8:20000000-25000000
ForkPoolWorker-35,  processing 2718 (92891.6 per sec) reads @ chr19:35000000-40000000
ForkPoolWorker-35 countReadsInRegions_worker: processing 5000000 (7887167.2 per sec) @ chr19:35000000-40000000
ForkPoolWorker-35,  processing 278 (72342.5 per sec) reads @ chr10:5000000-10000000
ForkPoolWorker-35 countReadsInRegions_worker: processing 5000000 (8202795.0 per sec) @ chr10:5000000-10000000
ForkPoolWorker-35,  processing 239 (54109.8 per sec) reads @ chr10:65000000-70000000
ForkPoolWorker-35 countReadsInRegions_worker: processing 5000000 (8181600.4 per sec) @ chr10:65000000-70000000
ForkPoolWorker-30,  processing 126 (2920.0 per sec) reads @ chr18:60000000-65000000
ForkPoolWorker-30 countReadsInRegions_worker: processing 5000000 (6291921.0 per sec) @ chr18:60000000-65000000
ForkPoolWorker-30,  processing 25 (20520.1 per sec) reads @ chr4:45000000-50000000
ForkPoolWorker-30 countReadsInRegions_worker: processing 5000000 (6978668.5 per sec) @ chr4:45000000-50000000
ForkPoolWorker-30,  processing 12 (15902.6 per sec) reads @ chrX:95000000-100000000
ForkPoolWorker-30 countReadsInRegions_worker: processing 5000000 (7056456.3 per sec) @ chrX:95000000-100000000
ForkPoolWorker-30,  processing 135 (55518.3 per sec) reads @ chr11:90000000-95000000
ForkPoolWorker-30 countReadsInRegions_worker: processing 5000000 (7009797.6 per sec) @ chr11:90000000-95000000
ForkPoolWorker-30,  processing 474 (81976.7 per sec) reads @ chr13:75000000-80000000
ForkPoolWorker-30 countReadsInRegions_worker: processing 5000000 (6982495.4 per sec) @ chr13:75000000-80000000
ForkPoolWorker-30,  processing 55 (44828.4 per sec) reads @ chr4:155000000-160000000
ForkPoolWorker-30 countReadsInRegions_worker: processing 5000000 (7055606.4 per sec) @ chr4:155000000-160000000
ForkPoolWorker-30,  processing 656 (81015.9 per sec) reads @ chr7:70000000-75000000
ForkPoolWorker-30 countReadsInRegions_worker: processing 5000000 (6998655.4 per sec) @ chr7:70000000-75000000
ForkPoolWorker-30,  processing 0 (0.0 per sec) reads @ chrUn_KI270752v1:0-27745
ForkPoolWorker-30 countReadsInRegions_worker: processing 27745 (2013234.0 per sec) @ chrUn_KI270752v1:0-27745
ForkPoolWorker-30,  processing 0 (0.0 per sec) reads @ chr9_KI270717v1_random:0-40062
ForkPoolWorker-30 countReadsInRegions_worker: processing 40062 (2699355.9 per sec) @ chr9_KI270717v1_random:0-40062
ForkPoolWorker-30,  processing 1 (2147.6 per sec) reads @ chr1_KI270712v1_random:0-176043
ForkPoolWorker-30 countReadsInRegions_worker: processing 176043 (5027287.7 per sec) @ chr1_KI270712v1_random:0-176043
ForkPoolWorker-30,  processing 1634 (86801.4 per sec) reads @ chr11:70000000-75000000
ForkPoolWorker-30 countReadsInRegions_worker: processing 5000000 (6924298.8 per sec) @ chr11:70000000-75000000
ForkPoolWorker-30,  processing 224 (69072.5 per sec) reads @ chrX:15000000-20000000
ForkPoolWorker-30 countReadsInRegions_worker: processing 5000000 (7080533.3 per sec) @ chrX:15000000-20000000
ForkPoolWorker-30,  processing 795 (79835.1 per sec) reads @ chr17:60000000-65000000
ForkPoolWorker-30 countReadsInRegions_worker: processing 5000000 (6993936.0 per sec) @ chr17:60000000-65000000
ForkPoolWorker-30,  processing 131 (67269.1 per sec) reads @ chr2:55000000-60000000
ForkPoolWorker-30 countReadsInRegions_worker: processing 5000000 (7043348.2 per sec) @ chr2:55000000-60000000
ForkPoolWorker-30,  processing 21204 (111069.4 per sec) reads @ chr1:145000000-150000000
ForkPoolWorker-30 countReadsInRegions_worker: processing 5000000 (6231308.9 per sec) @ chr1:145000000-150000000
ForkPoolWorker-30,  processing 89 (60757.3 per sec) reads @ chr4:140000000-145000000
ForkPoolWorker-30 countReadsInRegions_worker: processing 5000000 (8221062.7 per sec) @ chr4:140000000-145000000
ForkPoolWorker-4,  processing 1052 (17983.0 per sec) reads @ chr15:75000000-80000000
ForkPoolWorker-4 countReadsInRegions_worker: processing 5000000 (6138343.0 per sec) @ chr15:75000000-80000000
ForkPoolWorker-4,  processing 0 (0.0 per sec) reads @ chrUn_KI270315v1:0-2276
ForkPoolWorker-4 countReadsInRegions_worker: processing 2276 (144982.6 per sec) @ chrUn_KI270315v1:0-2276
ForkPoolWorker-4,  processing 467 (71250.2 per sec) reads @ chr2:130000000-135000000
ForkPoolWorker-4 countReadsInRegions_worker: processing 5000000 (6679574.7 per sec) @ chr2:130000000-135000000
ForkPoolWorker-4,  processing 810 (80949.9 per sec) reads @ chr12:0-5000000
ForkPoolWorker-4 countReadsInRegions_worker: processing 5000000 (6819427.7 per sec) @ chr12:0-5000000
ForkPoolWorker-4,  processing 206 (68841.3 per sec) reads @ chr9:80000000-85000000
ForkPoolWorker-4 countReadsInRegions_worker: processing 5000000 (6898980.2 per sec) @ chr9:80000000-85000000
ForkPoolWorker-4,  processing 779 (97321.1 per sec) reads @ chrM:0-16569
ForkPoolWorker-4 countReadsInRegions_worker: processing 16569 (854318.9 per sec) @ chrM:0-16569
ForkPoolWorker-4,  processing 1026 (78624.5 per sec) reads @ chr1:20000000-25000000
ForkPoolWorker-4 countReadsInRegions_worker: processing 5000000 (6811655.3 per sec) @ chr1:20000000-25000000
ForkPoolWorker-4,  processing 521 (79399.5 per sec) reads @ chr6:165000000-170000000
ForkPoolWorker-4 countReadsInRegions_worker: processing 5000000 (6889137.6 per sec) @ chr6:165000000-170000000
ForkPoolWorker-4,  processing 2746 (87358.1 per sec) reads @ chr5:175000000-180000000
ForkPoolWorker-4 countReadsInRegions_worker: processing 5000000 (6647177.7 per sec) @ chr5:175000000-180000000
ForkPoolWorker-4,  processing 59 (47736.1 per sec) reads @ chr1:185000000-190000000
ForkPoolWorker-4 countReadsInRegions_worker: processing 5000000 (6938130.7 per sec) @ chr1:185000000-190000000
ForkPoolWorker-4,  processing 1011 (83273.3 per sec) reads @ chr12:110000000-115000000
ForkPoolWorker-4 countReadsInRegions_worker: processing 5000000 (6833057.1 per sec) @ chr12:110000000-115000000
ForkPoolWorker-4,  processing 0 (0.0 per sec) reads @ chrUn_KI270516v1:0-1300
ForkPoolWorker-4 countReadsInRegions_worker: processing 1300 (125795.3 per sec) @ chrUn_KI270516v1:0-1300
ForkPoolWorker-4,  processing 168 (63734.0 per sec) reads @ chr1:175000000-180000000
ForkPoolWorker-4 countReadsInRegions_worker: processing 5000000 (6920037.6 per sec) @ chr1:175000000-180000000
ForkPoolWorker-4,  processing 9 (13706.9 per sec) reads @ chr14:40000000-45000000
ForkPoolWorker-4 countReadsInRegions_worker: processing 5000000 (6951861.3 per sec) @ chr14:40000000-45000000
ForkPoolWorker-4,  processing 322 (69040.3 per sec) reads @ chr14:65000000-70000000
ForkPoolWorker-4 countReadsInRegions_worker: processing 5000000 (8104117.8 per sec) @ chr14:65000000-70000000
ForkPoolWorker-4,  processing 87 (57141.3 per sec) reads @ chr4:35000000-40000000
ForkPoolWorker-4 countReadsInRegions_worker: processing 5000000 (8224509.3 per sec) @ chr4:35000000-40000000
ForkPoolWorker-12,  processing 7 (156.2 per sec) reads @ chr5:20000000-25000000
ForkPoolWorker-12 countReadsInRegions_worker: processing 5000000 (6318437.6 per sec) @ chr5:20000000-25000000
ForkPoolWorker-12,  processing 46 (35571.2 per sec) reads @ chr5:100000000-105000000
ForkPoolWorker-12 countReadsInRegions_worker: processing 5000000 (6292398.6 per sec) @ chr5:100000000-105000000
ForkPoolWorker-12,  processing 82 (44917.5 per sec) reads @ chr1:75000000-80000000
ForkPoolWorker-12 countReadsInRegions_worker: processing 5000000 (7103877.4 per sec) @ chr1:75000000-80000000
ForkPoolWorker-12,  processing 574 (76675.4 per sec) reads @ chr16:55000000-60000000
ForkPoolWorker-12 countReadsInRegions_worker: processing 5000000 (7084039.6 per sec) @ chr16:55000000-60000000
ForkPoolWorker-12,  processing 0 (0.0 per sec) reads @ chrUn_KI270590v1:0-4685
ForkPoolWorker-12 countReadsInRegions_worker: processing 4685 (468310.6 per sec) @ chrUn_KI270590v1:0-4685
ForkPoolWorker-12,  processing 1 (2438.5 per sec) reads @ chr22_KI270734v1_random:0-165050
ForkPoolWorker-12 countReadsInRegions_worker: processing 165050 (5146184.4 per sec) @ chr22_KI270734v1_random:0-165050
ForkPoolWorker-12,  processing 14 (19052.6 per sec) reads @ chr13:60000000-65000000
ForkPoolWorker-12 countReadsInRegions_worker: processing 5000000 (7178320.2 per sec) @ chr13:60000000-65000000
ForkPoolWorker-12,  processing 576 (75960.4 per sec) reads @ chr1:110000000-115000000
ForkPoolWorker-12 countReadsInRegions_worker: processing 5000000 (7124414.8 per sec) @ chr1:110000000-115000000
ForkPoolWorker-12,  processing 9902 (91967.2 per sec) reads @ chr19:0-5000000
ForkPoolWorker-12 countReadsInRegions_worker: processing 5000000 (6203129.0 per sec) @ chr19:0-5000000
ForkPoolWorker-12,  processing 143 (61693.6 per sec) reads @ chr7:105000000-110000000
ForkPoolWorker-12 countReadsInRegions_worker: processing 5000000 (7150291.9 per sec) @ chr7:105000000-110000000
ForkPoolWorker-12,  processing 440 (75737.4 per sec) reads @ chr14:75000000-80000000
ForkPoolWorker-12 countReadsInRegions_worker: processing 5000000 (7102385.8 per sec) @ chr14:75000000-80000000
ForkPoolWorker-12,  processing 0 (0.0 per sec) reads @ chr22:5000000-10000000
ForkPoolWorker-12 countReadsInRegions_worker: processing 5000000 (7133274.4 per sec) @ chr22:5000000-10000000
ForkPoolWorker-12,  processing 94 (56574.1 per sec) reads @ chr3:95000000-100000000
ForkPoolWorker-12 countReadsInRegions_worker: processing 5000000 (7138244.5 per sec) @ chr3:95000000-100000000
ForkPoolWorker-12,  processing 128 (64996.5 per sec) reads @ chr3:25000000-30000000
ForkPoolWorker-12 countReadsInRegions_worker: processing 5000000 (7652766.9 per sec) @ chr3:25000000-30000000
ForkPoolWorker-12,  processing 0 (0.0 per sec) reads @ chrUn_KI270424v1:0-2140
ForkPoolWorker-12 countReadsInRegions_worker: processing 2140 (242687.9 per sec) @ chrUn_KI270424v1:0-2140
ForkPoolWorker-12,  processing 55 (52109.0 per sec) reads @ chr21:10000000-15000000
ForkPoolWorker-12 countReadsInRegions_worker: processing 5000000 (8271356.6 per sec) @ chr21:10000000-15000000
ForkPoolWorker-28,  processing 382 (8361.4 per sec) reads @ chr3:35000000-40000000
ForkPoolWorker-28 countReadsInRegions_worker: processing 5000000 (6272070.3 per sec) @ chr3:35000000-40000000
ForkPoolWorker-28,  processing 30 (29235.4 per sec) reads @ chr2:75000000-80000000
ForkPoolWorker-28 countReadsInRegions_worker: processing 5000000 (6768716.1 per sec) @ chr2:75000000-80000000
ForkPoolWorker-28,  processing 339 (66660.5 per sec) reads @ chr3:55000000-60000000
ForkPoolWorker-28 countReadsInRegions_worker: processing 5000000 (6880061.0 per sec) @ chr3:55000000-60000000
ForkPoolWorker-28,  processing 70 (52891.6 per sec) reads @ chr19:25000000-30000000
ForkPoolWorker-28 countReadsInRegions_worker: processing 5000000 (6905017.9 per sec) @ chr19:25000000-30000000
ForkPoolWorker-28,  processing 229 (67271.0 per sec) reads @ chr12:30000000-35000000
ForkPoolWorker-28 countReadsInRegions_worker: processing 5000000 (6880180.7 per sec) @ chr12:30000000-35000000
ForkPoolWorker-28,  processing 418 (80734.0 per sec) reads @ chrX:105000000-110000000
ForkPoolWorker-28 countReadsInRegions_worker: processing 5000000 (6898787.3 per sec) @ chrX:105000000-110000000
ForkPoolWorker-28,  processing 16 (21655.0 per sec) reads @ chr3:80000000-85000000
ForkPoolWorker-28 countReadsInRegions_worker: processing 5000000 (6914684.8 per sec) @ chr3:80000000-85000000
ForkPoolWorker-28,  processing 0 (0.0 per sec) reads @ chr1_KI270714v1_random:0-41717
ForkPoolWorker-28 countReadsInRegions_worker: processing 41717 (2732812.4 per sec) @ chr1_KI270714v1_random:0-41717
ForkPoolWorker-28,  processing 0 (0.0 per sec) reads @ chrUn_KI270544v1:0-1202
ForkPoolWorker-28 countReadsInRegions_worker: processing 1202 (117754.8 per sec) @ chrUn_KI270544v1:0-1202
ForkPoolWorker-28,  processing 126 (54281.3 per sec) reads @ chr12:75000000-80000000
ForkPoolWorker-28 countReadsInRegions_worker: processing 5000000 (6898435.5 per sec) @ chr12:75000000-80000000
ForkPoolWorker-28,  processing 1322 (81366.3 per sec) reads @ chr16:65000000-70000000
ForkPoolWorker-28 countReadsInRegions_worker: processing 5000000 (6792076.2 per sec) @ chr16:65000000-70000000
ForkPoolWorker-28,  processing 31 (32884.0 per sec) reads @ chr4:175000000-180000000
ForkPoolWorker-28 countReadsInRegions_worker: processing 5000000 (6905929.7 per sec) @ chr4:175000000-180000000
ForkPoolWorker-28,  processing 0 (0.0 per sec) reads @ chrUn_KI270336v1:0-1026
ForkPoolWorker-28 countReadsInRegions_worker: processing 1026 (99272.3 per sec) @ chrUn_KI270336v1:0-1026
ForkPoolWorker-28,  processing 1717 (81300.7 per sec) reads @ chr1:155000000-160000000
ForkPoolWorker-28 countReadsInRegions_worker: processing 5000000 (6753553.7 per sec) @ chr1:155000000-160000000
ForkPoolWorker-28,  processing 0 (0.0 per sec) reads @ chrY:40000000-45000000
ForkPoolWorker-28 countReadsInRegions_worker: processing 5000000 (8223670.8 per sec) @ chrY:40000000-45000000
ForkPoolWorker-28,  processing 234 (71997.3 per sec) reads @ chr1:90000000-95000000
ForkPoolWorker-28 countReadsInRegions_worker: processing 5000000 (8221697.7 per sec) @ chr1:90000000-95000000
ForkPoolWorker-9,  processing 130 (2758.9 per sec) reads @ chr3:70000000-75000000
ForkPoolWorker-9 countReadsInRegions_worker: processing 5000000 (6285948.3 per sec) @ chr3:70000000-75000000
ForkPoolWorker-9,  processing 0 (0.0 per sec) reads @ chrUn_KI270387v1:0-1537
ForkPoolWorker-9 countReadsInRegions_worker: processing 1537 (165842.9 per sec) @ chrUn_KI270387v1:0-1537
ForkPoolWorker-9,  processing 275 (67531.2 per sec) reads @ chr11:125000000-130000000
ForkPoolWorker-9 countReadsInRegions_worker: processing 5000000 (6911496.7 per sec) @ chr11:125000000-130000000
ForkPoolWorker-9,  processing 2878 (87610.9 per sec) reads @ chr9:130000000-135000000
ForkPoolWorker-9 countReadsInRegions_worker: processing 5000000 (6702840.8 per sec) @ chr9:130000000-135000000
ForkPoolWorker-9,  processing 238 (65484.4 per sec) reads @ chr11:10000000-15000000
ForkPoolWorker-9 countReadsInRegions_worker: processing 5000000 (7164371.6 per sec) @ chr11:10000000-15000000
ForkPoolWorker-9,  processing 2511 (86060.4 per sec) reads @ chr22:40000000-45000000
ForkPoolWorker-9 countReadsInRegions_worker: processing 5000000 (6940755.3 per sec) @ chr22:40000000-45000000
ForkPoolWorker-9,  processing 0 (0.0 per sec) reads @ chrUn_KI270396v1:0-1880
ForkPoolWorker-9 countReadsInRegions_worker: processing 1880 (187495.0 per sec) @ chrUn_KI270396v1:0-1880
ForkPoolWorker-9,  processing 63 (44328.3 per sec) reads @ chr3:160000000-165000000
ForkPoolWorker-9 countReadsInRegions_worker: processing 5000000 (7181811.0 per sec) @ chr3:160000000-165000000
ForkPoolWorker-9,  processing 0 (0.0 per sec) reads @ chrUn_KI270389v1:0-1298
ForkPoolWorker-9 countReadsInRegions_worker: processing 1298 (135354.0 per sec) @ chrUn_KI270389v1:0-1298
ForkPoolWorker-9,  processing 1823 (85605.7 per sec) reads @ chr3:125000000-130000000
ForkPoolWorker-9 countReadsInRegions_worker: processing 5000000 (6978610.5 per sec) @ chr3:125000000-130000000
ForkPoolWorker-9,  processing 0 (0.0 per sec) reads @ chrUn_KI270388v1:0-1216
ForkPoolWorker-9 countReadsInRegions_worker: processing 1216 (121876.2 per sec) @ chrUn_KI270388v1:0-1216
ForkPoolWorker-9,  processing 108 (58374.3 per sec) reads @ chr9:15000000-20000000
ForkPoolWorker-9 countReadsInRegions_worker: processing 5000000 (7183247.6 per sec) @ chr9:15000000-20000000
ForkPoolWorker-9,  processing 1468 (83225.0 per sec) reads @ chr22:45000000-50000000
ForkPoolWorker-9 countReadsInRegions_worker: processing 5000000 (7003893.4 per sec) @ chr22:45000000-50000000
ForkPoolWorker-9,  processing 0 (0.0 per sec) reads @ chrUn_KI270748v1:0-93321
ForkPoolWorker-9 countReadsInRegions_worker: processing 93321 (4151772.4 per sec) @ chrUn_KI270748v1:0-93321
ForkPoolWorker-9,  processing 0 (0.0 per sec) reads @ chrUn_KI270334v1:0-1368
ForkPoolWorker-9 countReadsInRegions_worker: processing 1368 (137898.2 per sec) @ chrUn_KI270334v1:0-1368
ForkPoolWorker-9,  processing 135 (58701.1 per sec) reads @ chr4:105000000-110000000
ForkPoolWorker-9 countReadsInRegions_worker: processing 5000000 (7148480.9 per sec) @ chr4:105000000-110000000
ForkPoolWorker-9,  processing 0 (0.0 per sec) reads @ chrUn_KI270393v1:0-1308
ForkPoolWorker-9 countReadsInRegions_worker: processing 1308 (131676.0 per sec) @ chrUn_KI270393v1:0-1308
ForkPoolWorker-9,  processing 4993 (89450.9 per sec) reads @ chr1:0-5000000
ForkPoolWorker-9 countReadsInRegions_worker: processing 5000000 (6627639.0 per sec) @ chr1:0-5000000
ForkPoolWorker-9,  processing 453 (81469.0 per sec) reads @ chr20:15000000-20000000
ForkPoolWorker-9 countReadsInRegions_worker: processing 5000000 (7717051.6 per sec) @ chr20:15000000-20000000
ForkPoolWorker-9,  processing 151 (69651.4 per sec) reads @ chr5:40000000-45000000
ForkPoolWorker-9 countReadsInRegions_worker: processing 5000000 (8300782.4 per sec) @ chr5:40000000-45000000
ForkPoolWorker-48,  processing 31 (791.0 per sec) reads @ chr13:15000000-20000000
ForkPoolWorker-48 countReadsInRegions_worker: processing 5000000 (6326011.8 per sec) @ chr13:15000000-20000000
ForkPoolWorker-48,  processing 8079 (92924.8 per sec) reads @ chr8:140000000-145000000
ForkPoolWorker-48 countReadsInRegions_worker: processing 5000000 (6213535.2 per sec) @ chr8:140000000-145000000
ForkPoolWorker-48,  processing 0 (0.0 per sec) reads @ chrUn_KI270364v1:0-2855
ForkPoolWorker-48 countReadsInRegions_worker: processing 2855 (248893.0 per sec) @ chrUn_KI270364v1:0-2855
ForkPoolWorker-48,  processing 133 (59860.8 per sec) reads @ chr9:20000000-25000000
ForkPoolWorker-48 countReadsInRegions_worker: processing 5000000 (6974599.9 per sec) @ chr9:20000000-25000000
ForkPoolWorker-48,  processing 325 (68606.8 per sec) reads @ chr15:25000000-30000000
ForkPoolWorker-48 countReadsInRegions_worker: processing 5000000 (6914575.4 per sec) @ chr15:25000000-30000000
ForkPoolWorker-48,  processing 0 (0.0 per sec) reads @ chrUn_KI270438v1:0-112505
ForkPoolWorker-48 countReadsInRegions_worker: processing 112505 (4316780.0 per sec) @ chrUn_KI270438v1:0-112505
ForkPoolWorker-48,  processing 306 (72148.9 per sec) reads @ chr17:65000000-70000000
ForkPoolWorker-48 countReadsInRegions_worker: processing 5000000 (6933137.3 per sec) @ chr17:65000000-70000000
ForkPoolWorker-48,  processing 130 (54965.7 per sec) reads @ chr3:185000000-190000000
ForkPoolWorker-48 countReadsInRegions_worker: processing 5000000 (6937070.4 per sec) @ chr3:185000000-190000000
ForkPoolWorker-48,  processing 0 (0.0 per sec) reads @ chrUn_KI270382v1:0-4215
ForkPoolWorker-48 countReadsInRegions_worker: processing 4215 (403639.2 per sec) @ chrUn_KI270382v1:0-4215
ForkPoolWorker-48,  processing 367 (72884.0 per sec) reads @ chr11:120000000-125000000
ForkPoolWorker-48 countReadsInRegions_worker: processing 5000000 (6921574.7 per sec) @ chr11:120000000-125000000
ForkPoolWorker-48,  processing 40 (34386.6 per sec) reads @ chr18:70000000-75000000
ForkPoolWorker-48 countReadsInRegions_worker: processing 5000000 (6944894.9 per sec) @ chr18:70000000-75000000
ForkPoolWorker-48,  processing 929 (76448.6 per sec) reads @ chr1:10000000-15000000
ForkPoolWorker-48 countReadsInRegions_worker: processing 5000000 (6823086.3 per sec) @ chr1:10000000-15000000
ForkPoolWorker-48,  processing 156 (61093.5 per sec) reads @ chr10:25000000-30000000
ForkPoolWorker-48 countReadsInRegions_worker: processing 5000000 (6901107.4 per sec) @ chr10:25000000-30000000
ForkPoolWorker-48,  processing 112 (50392.8 per sec) reads @ chr3:170000000-175000000
ForkPoolWorker-48 countReadsInRegions_worker: processing 5000000 (6942552.1 per sec) @ chr3:170000000-175000000
ForkPoolWorker-48,  processing 200 (75894.4 per sec) reads @ chr2:40000000-45000000
ForkPoolWorker-48 countReadsInRegions_worker: processing 5000000 (8203610.0 per sec) @ chr2:40000000-45000000
ForkPoolWorker-48,  processing 65 (50920.8 per sec) reads @ chr8:50000000-55000000
ForkPoolWorker-48 countReadsInRegions_worker: processing 5000000 (8272684.5 per sec) @ chr8:50000000-55000000
ForkPoolWorker-5,  processing 75 (1600.5 per sec) reads @ chr4:40000000-45000000
ForkPoolWorker-5 countReadsInRegions_worker: processing 5000000 (6276776.5 per sec) @ chr4:40000000-45000000
ForkPoolWorker-5,  processing 251 (66070.7 per sec) reads @ chr15:60000000-65000000
ForkPoolWorker-5 countReadsInRegions_worker: processing 5000000 (7044869.6 per sec) @ chr15:60000000-65000000
ForkPoolWorker-5,  processing 0 (0.0 per sec) reads @ chrUn_KI270468v1:0-4055
ForkPoolWorker-5 countReadsInRegions_worker: processing 4055 (417105.7 per sec) @ chrUn_KI270468v1:0-4055
ForkPoolWorker-5,  processing 0 (0.0 per sec) reads @ chrUn_KI270362v1:0-3530
ForkPoolWorker-5 countReadsInRegions_worker: processing 3530 (387304.9 per sec) @ chrUn_KI270362v1:0-3530
ForkPoolWorker-5,  processing 763 (81735.0 per sec) reads @ chr11:45000000-50000000
ForkPoolWorker-5 countReadsInRegions_worker: processing 5000000 (7072564.9 per sec) @ chr11:45000000-50000000
ForkPoolWorker-5,  processing 0 (0.0 per sec) reads @ chrUn_KI270391v1:0-1484
ForkPoolWorker-5 countReadsInRegions_worker: processing 1484 (152891.0 per sec) @ chrUn_KI270391v1:0-1484
ForkPoolWorker-5,  processing 94 (58031.3 per sec) reads @ chr3:100000000-105000000
ForkPoolWorker-5 countReadsInRegions_worker: processing 5000000 (7152530.6 per sec) @ chr3:100000000-105000000
ForkPoolWorker-5,  processing 1117 (82252.8 per sec) reads @ chr17:45000000-50000000
ForkPoolWorker-5 countReadsInRegions_worker: processing 5000000 (7006437.0 per sec) @ chr17:45000000-50000000
ForkPoolWorker-5,  processing 0 (0.0 per sec) reads @ chrUn_KI270581v1:0-7046
ForkPoolWorker-5 countReadsInRegions_worker: processing 7046 (675823.0 per sec) @ chrUn_KI270581v1:0-7046
ForkPoolWorker-5,  processing 87 (53741.5 per sec) reads @ chr8:30000000-35000000
ForkPoolWorker-5 countReadsInRegions_worker: processing 5000000 (7177438.3 per sec) @ chr8:30000000-35000000
ForkPoolWorker-5,  processing 9085 (98120.4 per sec) reads @ chr22_KI270733v1_random:0-179772
ForkPoolWorker-5 countReadsInRegions_worker: processing 179772 (1415098.8 per sec) @ chr22_KI270733v1_random:0-179772
ForkPoolWorker-5,  processing 324 (75501.7 per sec) reads @ chr2:125000000-130000000
ForkPoolWorker-5 countReadsInRegions_worker: processing 5000000 (7147399.2 per sec) @ chr2:125000000-130000000
ForkPoolWorker-5,  processing 160 (65728.6 per sec) reads @ chr8:130000000-135000000
ForkPoolWorker-5 countReadsInRegions_worker: processing 5000000 (7135917.6 per sec) @ chr8:130000000-135000000
ForkPoolWorker-5,  processing 160 (64447.2 per sec) reads @ chr13:30000000-35000000
ForkPoolWorker-5 countReadsInRegions_worker: processing 5000000 (7163463.7 per sec) @ chr13:30000000-35000000
ForkPoolWorker-5,  processing 1163 (84198.8 per sec) reads @ chr17:25000000-30000000
ForkPoolWorker-5 countReadsInRegions_worker: processing 5000000 (7058002.3 per sec) @ chr17:25000000-30000000
ForkPoolWorker-5,  processing 0 (0.0 per sec) reads @ chrUn_KI270330v1:0-1652
ForkPoolWorker-5 countReadsInRegions_worker: processing 1652 (164623.2 per sec) @ chrUn_KI270330v1:0-1652
ForkPoolWorker-5,  processing 72 (49208.1 per sec) reads @ chr11:105000000-110000000
ForkPoolWorker-5 countReadsInRegions_worker: processing 5000000 (7155234.5 per sec) @ chr11:105000000-110000000
ForkPoolWorker-5,  processing 501 (85979.8 per sec) reads @ chr7:140000000-145000000
ForkPoolWorker-5 countReadsInRegions_worker: processing 5000000 (7513008.9 per sec) @ chr7:140000000-145000000
ForkPoolWorker-5,  processing 2383 (90133.0 per sec) reads @ chr17:40000000-45000000
ForkPoolWorker-5 countReadsInRegions_worker: processing 5000000 (7874962.0 per sec) @ chr17:40000000-45000000
ForkPoolWorker-5,  processing 98 (76458.7 per sec) reads @ chr1_KI270713v1_random:0-40745
ForkPoolWorker-5 countReadsInRegions_worker: processing 40745 (2860917.7 per sec) @ chr1_KI270713v1_random:0-40745
ForkPoolWorker-7,  processing 261 (5339.2 per sec) reads @ chr2:45000000-50000000
ForkPoolWorker-7 countReadsInRegions_worker: processing 5000000 (6216786.2 per sec) @ chr2:45000000-50000000
ForkPoolWorker-7,  processing 80 (43195.7 per sec) reads @ chr2:135000000-140000000
ForkPoolWorker-7 countReadsInRegions_worker: processing 5000000 (6815801.8 per sec) @ chr2:135000000-140000000
ForkPoolWorker-7,  processing 711 (75035.9 per sec) reads @ chr1:50000000-55000000
ForkPoolWorker-7 countReadsInRegions_worker: processing 5000000 (6849375.3 per sec) @ chr1:50000000-55000000
ForkPoolWorker-7,  processing 38 (36741.3 per sec) reads @ chr5:85000000-90000000
ForkPoolWorker-7 countReadsInRegions_worker: processing 5000000 (6942405.1 per sec) @ chr5:85000000-90000000
ForkPoolWorker-7,  processing 0 (0.0 per sec) reads @ chrUn_KI270548v1:0-1599
ForkPoolWorker-7 countReadsInRegions_worker: processing 1599 (140639.8 per sec) @ chrUn_KI270548v1:0-1599
ForkPoolWorker-7,  processing 1223 (94618.2 per sec) reads @ chr15:80000000-85000000
ForkPoolWorker-7 countReadsInRegions_worker: processing 5000000 (6819724.8 per sec) @ chr15:80000000-85000000
ForkPoolWorker-7,  processing 280 (70845.5 per sec) reads @ chr9:85000000-90000000
ForkPoolWorker-7 countReadsInRegions_worker: processing 5000000 (6911332.7 per sec) @ chr9:85000000-90000000
ForkPoolWorker-7,  processing 0 (0.0 per sec) reads @ chrUn_GL000213v1:0-164239
ForkPoolWorker-7 countReadsInRegions_worker: processing 164239 (4977480.0 per sec) @ chrUn_GL000213v1:0-164239
ForkPoolWorker-7,  processing 2215 (97432.5 per sec) reads @ chr6:10000000-15000000
ForkPoolWorker-7 countReadsInRegions_worker: processing 5000000 (6750386.4 per sec) @ chr6:10000000-15000000
ForkPoolWorker-7,  processing 3 (5449.5 per sec) reads @ chr8:110000000-115000000
ForkPoolWorker-7 countReadsInRegions_worker: processing 5000000 (6935402.6 per sec) @ chr8:110000000-115000000
ForkPoolWorker-7,  processing 249 (68421.2 per sec) reads @ chr2:105000000-110000000
ForkPoolWorker-7 countReadsInRegions_worker: processing 5000000 (6920001.1 per sec) @ chr2:105000000-110000000
ForkPoolWorker-7,  processing 58 (44514.1 per sec) reads @ chr6:95000000-100000000
ForkPoolWorker-7 countReadsInRegions_worker: processing 5000000 (6922824.5 per sec) @ chr6:95000000-100000000
ForkPoolWorker-7,  processing 3221 (85619.2 per sec) reads @ chr11:0-5000000
ForkPoolWorker-7 countReadsInRegions_worker: processing 5000000 (6577736.2 per sec) @ chr11:0-5000000
ForkPoolWorker-7,  processing 82 (52653.5 per sec) reads @ chr4:15000000-20000000
ForkPoolWorker-7 countReadsInRegions_worker: processing 5000000 (8163116.6 per sec) @ chr4:15000000-20000000
ForkPoolWorker-7,  processing 359 (77325.3 per sec) reads @ chr10:0-5000000
ForkPoolWorker-7 countReadsInRegions_worker: processing 5000000 (8167965.1 per sec) @ chr10:0-5000000
ForkPoolWorker-7,  processing 1022 (86736.0 per sec) reads @ chr22:15000000-20000000
ForkPoolWorker-7 countReadsInRegions_worker: processing 5000000 (8094836.7 per sec) @ chr22:15000000-20000000
ForkPoolWorker-45,  processing 26 (657.6 per sec) reads @ chr2:210000000-215000000
ForkPoolWorker-45 countReadsInRegions_worker: processing 5000000 (6333015.1 per sec) @ chr2:210000000-215000000
ForkPoolWorker-45,  processing 0 (0.0 per sec) reads @ chrUn_KI270582v1:0-6504
ForkPoolWorker-45 countReadsInRegions_worker: processing 6504 (545518.7 per sec) @ chrUn_KI270582v1:0-6504
ForkPoolWorker-45,  processing 0 (0.0 per sec) reads @ chrUn_KI270374v1:0-2656
ForkPoolWorker-45 countReadsInRegions_worker: processing 2656 (256034.7 per sec) @ chrUn_KI270374v1:0-2656
ForkPoolWorker-45,  processing 313 (69789.9 per sec) reads @ chr2:170000000-175000000
ForkPoolWorker-45 countReadsInRegions_worker: processing 5000000 (6943250.9 per sec) @ chr2:170000000-175000000
ForkPoolWorker-45,  processing 33 (29823.8 per sec) reads @ chrX:155000000-156040895
ForkPoolWorker-45 countReadsInRegions_worker: processing 1040895 (6526928.8 per sec) @ chrX:155000000-156040895
ForkPoolWorker-45,  processing 0 (0.0 per sec) reads @ chr14_KI270723v1_random:0-38115
ForkPoolWorker-45 countReadsInRegions_worker: processing 38115 (2656550.5 per sec) @ chr14_KI270723v1_random:0-38115
ForkPoolWorker-45,  processing 539 (85069.8 per sec) reads @ chr13:95000000-100000000
ForkPoolWorker-45 countReadsInRegions_worker: processing 5000000 (7138944.4 per sec) @ chr13:95000000-100000000
ForkPoolWorker-45,  processing 20 (26681.3 per sec) reads @ chr2:90000000-95000000
ForkPoolWorker-45 countReadsInRegions_worker: processing 5000000 (7187526.3 per sec) @ chr2:90000000-95000000
ForkPoolWorker-45,  processing 1632 (86876.7 per sec) reads @ chr17:15000000-20000000
ForkPoolWorker-45 countReadsInRegions_worker: processing 5000000 (6997597.6 per sec) @ chr17:15000000-20000000
ForkPoolWorker-45,  processing 0 (0.0 per sec) reads @ chrUn_KI270465v1:0-1774
ForkPoolWorker-45 countReadsInRegions_worker: processing 1774 (175807.4 per sec) @ chrUn_KI270465v1:0-1774
ForkPoolWorker-45,  processing 7 (12456.6 per sec) reads @ chr3:90000000-95000000
ForkPoolWorker-45 countReadsInRegions_worker: processing 5000000 (7158030.8 per sec) @ chr3:90000000-95000000
ForkPoolWorker-45,  processing 3515 (89210.3 per sec) reads @ chr3:45000000-50000000
ForkPoolWorker-45 countReadsInRegions_worker: processing 5000000 (6769810.8 per sec) @ chr3:45000000-50000000
ForkPoolWorker-45,  processing 118 (56216.3 per sec) reads @ chr4:180000000-185000000
ForkPoolWorker-45 countReadsInRegions_worker: processing 5000000 (7139048.9 per sec) @ chr4:180000000-185000000
ForkPoolWorker-45,  processing 278 (81317.8 per sec) reads @ chr12:125000000-130000000
ForkPoolWorker-45 countReadsInRegions_worker: processing 5000000 (7118335.4 per sec) @ chr12:125000000-130000000
ForkPoolWorker-45,  processing 338 (73473.7 per sec) reads @ chr17:30000000-35000000
ForkPoolWorker-45 countReadsInRegions_worker: processing 5000000 (7100457.2 per sec) @ chr17:30000000-35000000
ForkPoolWorker-45,  processing 481 (77445.7 per sec) reads @ chr5:170000000-175000000
ForkPoolWorker-45 countReadsInRegions_worker: processing 5000000 (7089816.1 per sec) @ chr5:170000000-175000000
ForkPoolWorker-34,  processing 220 (4967.2 per sec) reads @ chr3:15000000-20000000
ForkPoolWorker-34 countReadsInRegions_worker: processing 5000000 (6288815.3 per sec) @ chr3:15000000-20000000
ForkPoolWorker-34,  processing 0 (0.0 per sec) reads @ chr16_KI270728v1_random:0-1872759
ForkPoolWorker-34 countReadsInRegions_worker: processing 1872759 (6817483.6 per sec) @ chr16_KI270728v1_random:0-1872759
ForkPoolWorker-34,  processing 266 (64658.6 per sec) reads @ chr18:45000000-50000000
ForkPoolWorker-34 countReadsInRegions_worker: processing 5000000 (6965447.3 per sec) @ chr18:45000000-50000000
ForkPoolWorker-34,  processing 466 (67530.9 per sec) reads @ chr17:70000000-75000000
ForkPoolWorker-34 countReadsInRegions_worker: processing 5000000 (6952769.4 per sec) @ chr17:70000000-75000000
ForkPoolWorker-34,  processing 0 (0.0 per sec) reads @ chrUn_KI270376v1:0-1136
ForkPoolWorker-34 countReadsInRegions_worker: processing 1136 (108706.8 per sec) @ chrUn_KI270376v1:0-1136
ForkPoolWorker-34,  processing 57 (40603.8 per sec) reads @ chr14:15000000-20000000
ForkPoolWorker-34 countReadsInRegions_worker: processing 5000000 (6985714.5 per sec) @ chr14:15000000-20000000
ForkPoolWorker-34,  processing 22 (24738.5 per sec) reads @ chr4:90000000-95000000
ForkPoolWorker-34 countReadsInRegions_worker: processing 5000000 (6965560.7 per sec) @ chr4:90000000-95000000
ForkPoolWorker-34,  processing 0 (0.0 per sec) reads @ chrUn_KI270751v1:0-150742
ForkPoolWorker-34 countReadsInRegions_worker: processing 150742 (4711309.8 per sec) @ chrUn_KI270751v1:0-150742
ForkPoolWorker-34,  processing 8 (14710.4 per sec) reads @ chrUn_GL000218v1:0-161147
ForkPoolWorker-34 countReadsInRegions_worker: processing 161147 (5014277.3 per sec) @ chrUn_GL000218v1:0-161147
ForkPoolWorker-34,  processing 0 (0.0 per sec) reads @ chrUn_KI270414v1:0-2489
ForkPoolWorker-34 countReadsInRegions_worker: processing 2489 (241150.0 per sec) @ chrUn_KI270414v1:0-2489
ForkPoolWorker-34,  processing 109 (58321.1 per sec) reads @ chr13:70000000-75000000
ForkPoolWorker-34 countReadsInRegions_worker: processing 5000000 (6986973.6 per sec) @ chr13:70000000-75000000
ForkPoolWorker-34,  processing 0 (0.0 per sec) reads @ chrUn_KI270745v1:0-41891
ForkPoolWorker-34 countReadsInRegions_worker: processing 41891 (2734133.0 per sec) @ chrUn_KI270745v1:0-41891
ForkPoolWorker-34,  processing 148 (61406.4 per sec) reads @ chr9:105000000-110000000
ForkPoolWorker-34 countReadsInRegions_worker: processing 5000000 (6946201.5 per sec) @ chr9:105000000-110000000
ForkPoolWorker-34,  processing 0 (0.0 per sec) reads @ chrY:30000000-35000000
ForkPoolWorker-34 countReadsInRegions_worker: processing 5000000 (6961736.1 per sec) @ chrY:30000000-35000000
ForkPoolWorker-34,  processing 0 (0.0 per sec) reads @ chrUn_KI270411v1:0-2646
ForkPoolWorker-34 countReadsInRegions_worker: processing 2646 (252729.9 per sec) @ chrUn_KI270411v1:0-2646
ForkPoolWorker-34,  processing 242 (70253.4 per sec) reads @ chr1:235000000-240000000
ForkPoolWorker-34 countReadsInRegions_worker: processing 5000000 (6925606.8 per sec) @ chr1:235000000-240000000
ForkPoolWorker-34,  processing 1772 (86381.0 per sec) reads @ chrX:115000000-120000000
ForkPoolWorker-34 countReadsInRegions_worker: processing 5000000 (6743817.8 per sec) @ chrX:115000000-120000000
ForkPoolWorker-34,  processing 466 (77616.8 per sec) reads @ chr7:75000000-80000000
ForkPoolWorker-34 countReadsInRegions_worker: processing 5000000 (7161729.3 per sec) @ chr7:75000000-80000000
ForkPoolWorker-34,  processing 2128 (96031.7 per sec) reads @ chr7:5000000-10000000
ForkPoolWorker-34 countReadsInRegions_worker: processing 5000000 (7933642.2 per sec) @ chr7:5000000-10000000
ForkPoolWorker-34,  processing 717 (82834.8 per sec) reads @ chr4:5000000-10000000
ForkPoolWorker-34 countReadsInRegions_worker: processing 5000000 (8119300.5 per sec) @ chr4:5000000-10000000
ForkPoolWorker-16,  processing 333 (6914.5 per sec) reads @ chr5:70000000-75000000
ForkPoolWorker-16 countReadsInRegions_worker: processing 5000000 (6198014.1 per sec) @ chr5:70000000-75000000
ForkPoolWorker-16,  processing 41 (30648.1 per sec) reads @ chr7:110000000-115000000
ForkPoolWorker-16 countReadsInRegions_worker: processing 5000000 (7018362.5 per sec) @ chr7:110000000-115000000
ForkPoolWorker-16,  processing 1172 (83434.7 per sec) reads @ chr20:0-5000000
ForkPoolWorker-16 countReadsInRegions_worker: processing 5000000 (6952790.1 per sec) @ chr20:0-5000000
ForkPoolWorker-16,  processing 0 (0.0 per sec) reads @ chrUn_KI270509v1:0-2318
ForkPoolWorker-16 countReadsInRegions_worker: processing 2318 (229963.5 per sec) @ chrUn_KI270509v1:0-2318
ForkPoolWorker-16,  processing 174 (66881.3 per sec) reads @ chr4:70000000-75000000
ForkPoolWorker-16 countReadsInRegions_worker: processing 5000000 (7077928.5 per sec) @ chr4:70000000-75000000
ForkPoolWorker-16,  processing 124 (55435.3 per sec) reads @ chr3:190000000-195000000
ForkPoolWorker-16 countReadsInRegions_worker: processing 5000000 (7112324.2 per sec) @ chr3:190000000-195000000
ForkPoolWorker-16,  processing 44 (37365.7 per sec) reads @ chr8:85000000-90000000
ForkPoolWorker-16 countReadsInRegions_worker: processing 5000000 (7117393.2 per sec) @ chr8:85000000-90000000
ForkPoolWorker-16,  processing 369 (72322.3 per sec) reads @ chr1:160000000-165000000
ForkPoolWorker-16 countReadsInRegions_worker: processing 5000000 (7087975.8 per sec) @ chr1:160000000-165000000
ForkPoolWorker-16,  processing 136 (61640.9 per sec) reads @ chr7:130000000-135000000
ForkPoolWorker-16 countReadsInRegions_worker: processing 5000000 (7160372.2 per sec) @ chr7:130000000-135000000
ForkPoolWorker-16,  processing 2 (4306.3 per sec) reads @ chr1_KI270706v1_random:0-175055
ForkPoolWorker-16 countReadsInRegions_worker: processing 175055 (5158926.4 per sec) @ chr1_KI270706v1_random:0-175055
ForkPoolWorker-16,  processing 50 (42443.9 per sec) reads @ chr2:145000000-150000000
ForkPoolWorker-16 countReadsInRegions_worker: processing 5000000 (7135854.5 per sec) @ chr2:145000000-150000000
ForkPoolWorker-16,  processing 462 (72949.9 per sec) reads @ chr16:15000000-20000000
ForkPoolWorker-16 countReadsInRegions_worker: processing 5000000 (7071374.9 per sec) @ chr16:15000000-20000000
ForkPoolWorker-16,  processing 147 (65293.1 per sec) reads @ chr5:75000000-80000000
ForkPoolWorker-16 countReadsInRegions_worker: processing 5000000 (7121073.9 per sec) @ chr5:75000000-80000000
ForkPoolWorker-16,  processing 1035 (84147.9 per sec) reads @ chr13:110000000-114364328
ForkPoolWorker-16 countReadsInRegions_worker: processing 4364328 (8022104.1 per sec) @ chr13:110000000-114364328
ForkPoolWorker-16,  processing 706 (87106.3 per sec) reads @ chr7:155000000-159345973
ForkPoolWorker-16 countReadsInRegions_worker: processing 4345973 (8070100.7 per sec) @ chr7:155000000-159345973
ForkPoolWorker-16,  processing 147 (64031.9 per sec) reads @ chr10:40000000-45000000
ForkPoolWorker-16 countReadsInRegions_worker: processing 5000000 (8230506.6 per sec) @ chr10:40000000-45000000
ForkPoolWorker-17,  processing 222 (4700.4 per sec) reads @ chr1:55000000-60000000
ForkPoolWorker-17 countReadsInRegions_worker: processing 5000000 (6250343.1 per sec) @ chr1:55000000-60000000
ForkPoolWorker-17,  processing 1 (1519.1 per sec) reads @ chr22_KI270731v1_random:0-150754
ForkPoolWorker-17 countReadsInRegions_worker: processing 150754 (3383172.1 per sec) @ chr22_KI270731v1_random:0-150754
ForkPoolWorker-17,  processing 236 (66339.8 per sec) reads @ chr4:75000000-80000000
ForkPoolWorker-17 countReadsInRegions_worker: processing 5000000 (6923270.2 per sec) @ chr4:75000000-80000000
ForkPoolWorker-17,  processing 0 (0.0 per sec) reads @ chrY:25000000-30000000
ForkPoolWorker-17 countReadsInRegions_worker: processing 5000000 (6975906.1 per sec) @ chrY:25000000-30000000
ForkPoolWorker-17,  processing 187 (57544.7 per sec) reads @ chr15:30000000-35000000
ForkPoolWorker-17 countReadsInRegions_worker: processing 5000000 (6945101.9 per sec) @ chr15:30000000-35000000
ForkPoolWorker-17,  processing 5080 (87327.6 per sec) reads @ chr19:45000000-50000000
ForkPoolWorker-17 countReadsInRegions_worker: processing 5000000 (6443486.9 per sec) @ chr19:45000000-50000000
ForkPoolWorker-17,  processing 582 (82100.2 per sec) reads @ chr6:105000000-110000000
ForkPoolWorker-17 countReadsInRegions_worker: processing 5000000 (6882079.5 per sec) @ chr6:105000000-110000000
ForkPoolWorker-17,  processing 1033 (83767.7 per sec) reads @ chr14:105000000-107043718
ForkPoolWorker-17 countReadsInRegions_worker: processing 2043718 (6553778.0 per sec) @ chr14:105000000-107043718
ForkPoolWorker-17,  processing 7 (12122.3 per sec) reads @ chr14_GL000194v1_random:0-191469
ForkPoolWorker-17 countReadsInRegions_worker: processing 191469 (5133464.5 per sec) @ chr14_GL000194v1_random:0-191469
ForkPoolWorker-17,  processing 46 (40473.7 per sec) reads @ chr13:100000000-105000000
ForkPoolWorker-17 countReadsInRegions_worker: processing 5000000 (6964066.4 per sec) @ chr13:100000000-105000000
ForkPoolWorker-17,  processing 1821 (86011.6 per sec) reads @ chr12:45000000-50000000
ForkPoolWorker-17 countReadsInRegions_worker: processing 5000000 (6757037.5 per sec) @ chr12:45000000-50000000
ForkPoolWorker-17,  processing 73 (49834.7 per sec) reads @ chr5:115000000-120000000
ForkPoolWorker-17 countReadsInRegions_worker: processing 5000000 (6946696.2 per sec) @ chr5:115000000-120000000
ForkPoolWorker-17,  processing 88 (53648.1 per sec) reads @ chr15:50000000-55000000
ForkPoolWorker-17 countReadsInRegions_worker: processing 5000000 (6925407.8 per sec) @ chr15:50000000-55000000
ForkPoolWorker-17,  processing 56 (43512.6 per sec) reads @ chr2:15000000-20000000
ForkPoolWorker-17 countReadsInRegions_worker: processing 5000000 (7223640.0 per sec) @ chr2:15000000-20000000
ForkPoolWorker-17,  processing 9 (15105.5 per sec) reads @ chr18:40000000-45000000
ForkPoolWorker-17 countReadsInRegions_worker: processing 5000000 (8255096.7 per sec) @ chr18:40000000-45000000
ForkPoolWorker-17,  processing 97 (55046.3 per sec) reads @ chr2:150000000-155000000
ForkPoolWorker-17 countReadsInRegions_worker: processing 5000000 (8236761.7 per sec) @ chr2:150000000-155000000
ForkPoolWorker-6,  processing 258 (5260.4 per sec) reads @ chr21:35000000-40000000
ForkPoolWorker-6 countReadsInRegions_worker: processing 5000000 (6202342.0 per sec) @ chr21:35000000-40000000
ForkPoolWorker-6,  processing 2988 (88758.3 per sec) reads @ chr22:35000000-40000000
ForkPoolWorker-6 countReadsInRegions_worker: processing 5000000 (6738705.9 per sec) @ chr22:35000000-40000000
ForkPoolWorker-6,  processing 53 (44317.8 per sec) reads @ chr6:45000000-50000000
ForkPoolWorker-6 countReadsInRegions_worker: processing 5000000 (7152052.5 per sec) @ chr6:45000000-50000000
ForkPoolWorker-6,  processing 0 (0.0 per sec) reads @ chrUn_KI270589v1:0-44474
ForkPoolWorker-6 countReadsInRegions_worker: processing 44474 (2894611.9 per sec) @ chrUn_KI270589v1:0-44474
ForkPoolWorker-6,  processing 180 (64738.0 per sec) reads @ chr12:65000000-70000000
ForkPoolWorker-6 countReadsInRegions_worker: processing 5000000 (7147550.3 per sec) @ chr12:65000000-70000000
ForkPoolWorker-6,  processing 0 (0.0 per sec) reads @ chr15:10000000-15000000
ForkPoolWorker-6 countReadsInRegions_worker: processing 5000000 (7163872.4 per sec) @ chr15:10000000-15000000
ForkPoolWorker-6,  processing 469 (79731.2 per sec) reads @ chr3:195000000-198295559
ForkPoolWorker-6 countReadsInRegions_worker: processing 3295559 (7083687.4 per sec) @ chr3:195000000-198295559
ForkPoolWorker-6,  processing 1018 (85035.5 per sec) reads @ chr16:70000000-75000000
ForkPoolWorker-6 countReadsInRegions_worker: processing 5000000 (7080786.7 per sec) @ chr16:70000000-75000000
ForkPoolWorker-6,  processing 0 (0.0 per sec) reads @ chrUn_KI270311v1:0-12399
ForkPoolWorker-6 countReadsInRegions_worker: processing 12399 (1117429.6 per sec) @ chrUn_KI270311v1:0-12399
ForkPoolWorker-6,  processing 3746 (92752.8 per sec) reads @ chrX:150000000-155000000
ForkPoolWorker-6 countReadsInRegions_worker: processing 5000000 (6807936.0 per sec) @ chrX:150000000-155000000
ForkPoolWorker-6,  processing 135 (65106.5 per sec) reads @ chr2:155000000-160000000
ForkPoolWorker-6 countReadsInRegions_worker: processing 5000000 (7178106.5 per sec) @ chr2:155000000-160000000
ForkPoolWorker-6,  processing 154 (62215.6 per sec) reads @ chr8:70000000-75000000
ForkPoolWorker-6 countReadsInRegions_worker: processing 5000000 (7124291.4 per sec) @ chr8:70000000-75000000
ForkPoolWorker-6,  processing 38 (40524.7 per sec) reads @ chr7:80000000-85000000
ForkPoolWorker-6 countReadsInRegions_worker: processing 5000000 (7143800.7 per sec) @ chr7:80000000-85000000
ForkPoolWorker-6,  processing 853 (86724.7 per sec) reads @ chr10:75000000-80000000
ForkPoolWorker-6 countReadsInRegions_worker: processing 5000000 (7214611.7 per sec) @ chr10:75000000-80000000
ForkPoolWorker-6,  processing 13 (20460.0 per sec) reads @ chr12:35000000-40000000
ForkPoolWorker-6 countReadsInRegions_worker: processing 5000000 (8261747.2 per sec) @ chr12:35000000-40000000
ForkPoolWorker-6,  processing 0 (0.0 per sec) reads @ chr14_GL000009v2_random:0-201709
ForkPoolWorker-6 countReadsInRegions_worker: processing 201709 (6197559.6 per sec) @ chr14_GL000009v2_random:0-201709
ForkPoolWorker-18,  processing 0 (0.0 per sec) reads @ chr22:0-5000000
ForkPoolWorker-18 countReadsInRegions_worker: processing 5000000 (6635234.1 per sec) @ chr22:0-5000000
ForkPoolWorker-18,  processing 0 (0.0 per sec) reads @ chrUn_KI270386v1:0-1788
ForkPoolWorker-18 countReadsInRegions_worker: processing 1788 (188631.3 per sec) @ chrUn_KI270386v1:0-1788
ForkPoolWorker-18,  processing 295 (69135.6 per sec) reads @ chr2:0-5000000
ForkPoolWorker-18 countReadsInRegions_worker: processing 5000000 (7026166.8 per sec) @ chr2:0-5000000
ForkPoolWorker-18,  processing 0 (0.0 per sec) reads @ chr9_KI270718v1_random:0-38054
ForkPoolWorker-18 countReadsInRegions_worker: processing 38054 (2676135.0 per sec) @ chr9_KI270718v1_random:0-38054
ForkPoolWorker-18,  processing 76 (52784.7 per sec) reads @ chr9:5000000-10000000
ForkPoolWorker-18 countReadsInRegions_worker: processing 5000000 (7026849.5 per sec) @ chr9:5000000-10000000
ForkPoolWorker-18,  processing 227 (77218.7 per sec) reads @ chr3:150000000-155000000
ForkPoolWorker-18 countReadsInRegions_worker: processing 5000000 (7095107.5 per sec) @ chr3:150000000-155000000
ForkPoolWorker-18,  processing 1108 (82429.4 per sec) reads @ chr10:130000000-133797422
ForkPoolWorker-18 countReadsInRegions_worker: processing 3797422 (6955340.6 per sec) @ chr10:130000000-133797422
ForkPoolWorker-18,  processing 9 (16837.1 per sec) reads @ chr11_KI270721v1_random:0-100316
ForkPoolWorker-18 countReadsInRegions_worker: processing 100316 (4377583.3 per sec) @ chr11_KI270721v1_random:0-100316
ForkPoolWorker-18,  processing 944 (89146.1 per sec) reads @ chr9:90000000-95000000
ForkPoolWorker-18 countReadsInRegions_worker: processing 5000000 (7100039.0 per sec) @ chr9:90000000-95000000
ForkPoolWorker-18,  processing 1097 (86298.0 per sec) reads @ chr9:35000000-40000000
ForkPoolWorker-18 countReadsInRegions_worker: processing 5000000 (7060312.0 per sec) @ chr9:35000000-40000000
ForkPoolWorker-18,  processing 0 (0.0 per sec) reads @ chr15:15000000-20000000
ForkPoolWorker-18 countReadsInRegions_worker: processing 5000000 (7175827.2 per sec) @ chr15:15000000-20000000
ForkPoolWorker-18,  processing 124 (60433.8 per sec) reads @ chr6:130000000-135000000
ForkPoolWorker-18 countReadsInRegions_worker: processing 5000000 (7165005.6 per sec) @ chr6:130000000-135000000
ForkPoolWorker-18,  processing 319 (76750.0 per sec) reads @ chr6:150000000-155000000
ForkPoolWorker-18 countReadsInRegions_worker: processing 5000000 (7167020.8 per sec) @ chr6:150000000-155000000
ForkPoolWorker-18,  processing 516 (81528.7 per sec) reads @ chr7:135000000-140000000
ForkPoolWorker-18 countReadsInRegions_worker: processing 5000000 (7084350.7 per sec) @ chr7:135000000-140000000
ForkPoolWorker-18,  processing 144 (68680.9 per sec) reads @ chr5:90000000-95000000
ForkPoolWorker-18 countReadsInRegions_worker: processing 5000000 (7313303.7 per sec) @ chr5:90000000-95000000
ForkPoolWorker-18,  processing 2382 (88618.3 per sec) reads @ chr21:5000000-10000000
ForkPoolWorker-18 countReadsInRegions_worker: processing 5000000 (7904707.1 per sec) @ chr21:5000000-10000000
ForkPoolWorker-49,  processing 121 (3039.0 per sec) reads @ chr4:150000000-155000000
ForkPoolWorker-49 countReadsInRegions_worker: processing 5000000 (6442677.2 per sec) @ chr4:150000000-155000000
ForkPoolWorker-49,  processing 895 (81418.9 per sec) reads @ chr20:35000000-40000000
ForkPoolWorker-49 countReadsInRegions_worker: processing 5000000 (5905033.6 per sec) @ chr20:35000000-40000000
ForkPoolWorker-49,  processing 126 (49142.9 per sec) reads @ chr14:55000000-60000000
ForkPoolWorker-49 countReadsInRegions_worker: processing 5000000 (7139192.2 per sec) @ chr14:55000000-60000000
ForkPoolWorker-49,  processing 205 (65666.1 per sec) reads @ chr1:165000000-170000000
ForkPoolWorker-49 countReadsInRegions_worker: processing 5000000 (7204036.7 per sec) @ chr1:165000000-170000000
ForkPoolWorker-49,  processing 3541 (92332.4 per sec) reads @ chr16:30000000-35000000
ForkPoolWorker-49 countReadsInRegions_worker: processing 5000000 (6810591.3 per sec) @ chr16:30000000-35000000
ForkPoolWorker-49,  processing 689 (76636.2 per sec) reads @ chr9:120000000-125000000
ForkPoolWorker-49 countReadsInRegions_worker: processing 5000000 (7080858.4 per sec) @ chr9:120000000-125000000
ForkPoolWorker-49,  processing 455 (77700.8 per sec) reads @ chr3:40000000-45000000
ForkPoolWorker-49 countReadsInRegions_worker: processing 5000000 (7109175.4 per sec) @ chr3:40000000-45000000
ForkPoolWorker-49,  processing 855 (89925.3 per sec) reads @ chr5:180000000-181538259
ForkPoolWorker-49 countReadsInRegions_worker: processing 1538259 (6665529.4 per sec) @ chr5:180000000-181538259
ForkPoolWorker-49,  processing 351 (72740.8 per sec) reads @ chr12:115000000-120000000
ForkPoolWorker-49 countReadsInRegions_worker: processing 5000000 (7086584.2 per sec) @ chr12:115000000-120000000
ForkPoolWorker-49,  processing 306 (71330.9 per sec) reads @ chr2:10000000-15000000
ForkPoolWorker-49 countReadsInRegions_worker: processing 5000000 (7086203.5 per sec) @ chr2:10000000-15000000
ForkPoolWorker-49,  processing 70 (47256.0 per sec) reads @ chr5:95000000-100000000
ForkPoolWorker-49 countReadsInRegions_worker: processing 5000000 (7112309.7 per sec) @ chr5:95000000-100000000
ForkPoolWorker-49,  processing 384 (68650.6 per sec) reads @ chr1:45000000-50000000
ForkPoolWorker-49 countReadsInRegions_worker: processing 5000000 (7051082.5 per sec) @ chr1:45000000-50000000
ForkPoolWorker-1,  processing 0 (0.0 per sec) reads @ chr2_KI270716v1_random:0-153799
ForkPoolWorker-1 countReadsInRegions_worker: processing 153799 (3011647.1 per sec) @ chr2_KI270716v1_random:0-153799
ForkPoolWorker-1,  processing 0 (0.0 per sec) reads @ chrUn_KI270511v1:0-8127
ForkPoolWorker-1 countReadsInRegions_worker: processing 8127 (824415.5 per sec) @ chrUn_KI270511v1:0-8127
ForkPoolWorker-1,  processing 147 (55173.4 per sec) reads @ chr2:110000000-115000000
ForkPoolWorker-1 countReadsInRegions_worker: processing 5000000 (7265843.4 per sec) @ chr2:110000000-115000000
ForkPoolWorker-1,  processing 1445 (95508.4 per sec) reads @ chr6:25000000-30000000
ForkPoolWorker-1 countReadsInRegions_worker: processing 5000000 (6914593.6 per sec) @ chr6:25000000-30000000
ForkPoolWorker-1,  processing 122 (62670.6 per sec) reads @ chr2:205000000-210000000
ForkPoolWorker-1 countReadsInRegions_worker: processing 5000000 (7009556.3 per sec) @ chr2:205000000-210000000
ForkPoolWorker-1,  processing 53 (46564.3 per sec) reads @ chr1:215000000-220000000
ForkPoolWorker-1 countReadsInRegions_worker: processing 5000000 (7120982.0 per sec) @ chr1:215000000-220000000
ForkPoolWorker-1,  processing 263 (53686.8 per sec) reads @ chr3:130000000-135000000
ForkPoolWorker-1 countReadsInRegions_worker: processing 5000000 (7069644.3 per sec) @ chr3:130000000-135000000
ForkPoolWorker-1,  processing 0 (0.0 per sec) reads @ chrUn_KI270466v1:0-1233
ForkPoolWorker-1 countReadsInRegions_worker: processing 1233 (126074.5 per sec) @ chrUn_KI270466v1:0-1233
ForkPoolWorker-1,  processing 274 (72667.7 per sec) reads @ chr15:100000000-101991189
ForkPoolWorker-1 countReadsInRegions_worker: processing 1991189 (6416312.5 per sec) @ chr15:100000000-101991189
ForkPoolWorker-1,  processing 330 (55435.8 per sec) reads @ chr2:175000000-180000000
ForkPoolWorker-1 countReadsInRegions_worker: processing 5000000 (7115642.4 per sec) @ chr2:175000000-180000000
ForkPoolWorker-1,  processing 31 (30280.3 per sec) reads @ chr6:60000000-65000000
ForkPoolWorker-1 countReadsInRegions_worker: processing 5000000 (7161633.9 per sec) @ chr6:60000000-65000000
ForkPoolWorker-1,  processing 0 (0.0 per sec) reads @ chr9_KI270719v1_random:0-176845
ForkPoolWorker-1 countReadsInRegions_worker: processing 176845 (5185481.8 per sec) @ chr9_KI270719v1_random:0-176845
ForkPoolWorker-1,  processing 49 (32794.1 per sec) reads @ chrX:55000000-60000000
ForkPoolWorker-1 countReadsInRegions_worker: processing 5000000 (7150647.8 per sec) @ chrX:55000000-60000000
ForkPoolWorker-1,  processing 16 (19559.6 per sec) reads @ chr13:55000000-60000000
ForkPoolWorker-1 countReadsInRegions_worker: processing 5000000 (7142584.2 per sec) @ chr13:55000000-60000000
ForkPoolWorker-1,  processing 2 (3775.3 per sec) reads @ chrY:5000000-10000000
ForkPoolWorker-1 countReadsInRegions_worker: processing 5000000 (7132587.8 per sec) @ chrY:5000000-10000000
ForkPoolWorker-1,  processing 339 (58023.6 per sec) reads @ chr6:110000000-115000000
ForkPoolWorker-1 countReadsInRegions_worker: processing 5000000 (7115722.0 per sec) @ chr6:110000000-115000000
ForkPoolWorker-24,  processing 39 (915.1 per sec) reads @ chr10:50000000-55000000
ForkPoolWorker-24 countReadsInRegions_worker: processing 5000000 (6309939.7 per sec) @ chr10:50000000-55000000
ForkPoolWorker-24,  processing 73 (38092.1 per sec) reads @ chrX:125000000-130000000
ForkPoolWorker-24 countReadsInRegions_worker: processing 5000000 (6859761.9 per sec) @ chrX:125000000-130000000
ForkPoolWorker-24,  processing 1962 (87868.4 per sec) reads @ chr16:25000000-30000000
ForkPoolWorker-24 countReadsInRegions_worker: processing 5000000 (6719939.5 per sec) @ chr16:25000000-30000000
ForkPoolWorker-24,  processing 725 (76925.6 per sec) reads @ chr22:30000000-35000000
ForkPoolWorker-24 countReadsInRegions_worker: processing 5000000 (6863679.6 per sec) @ chr22:30000000-35000000
ForkPoolWorker-24,  processing 965 (79683.1 per sec) reads @ chr11:115000000-120000000
ForkPoolWorker-24 countReadsInRegions_worker: processing 5000000 (6835558.2 per sec) @ chr11:115000000-120000000
ForkPoolWorker-24,  processing 172 (63044.7 per sec) reads @ chr18:10000000-15000000
ForkPoolWorker-24 countReadsInRegions_worker: processing 5000000 (6930449.7 per sec) @ chr18:10000000-15000000
ForkPoolWorker-24,  processing 70 (49419.5 per sec) reads @ chr10:55000000-60000000
ForkPoolWorker-24 countReadsInRegions_worker: processing 5000000 (6948072.5 per sec) @ chr10:55000000-60000000
ForkPoolWorker-24,  processing 219 (69267.2 per sec) reads @ chr6:115000000-120000000
ForkPoolWorker-24 countReadsInRegions_worker: processing 5000000 (6917910.1 per sec) @ chr6:115000000-120000000
ForkPoolWorker-24,  processing 1 (2030.2 per sec) reads @ chrY:0-5000000
ForkPoolWorker-24 countReadsInRegions_worker: processing 5000000 (6955619.6 per sec) @ chrY:0-5000000
ForkPoolWorker-24,  processing 12 (14601.6 per sec) reads @ chr22:10000000-15000000
ForkPoolWorker-24 countReadsInRegions_worker: processing 5000000 (6948631.9 per sec) @ chr22:10000000-15000000
ForkPoolWorker-24,  processing 0 (0.0 per sec) reads @ chr22_KI270735v1_random:0-42811
ForkPoolWorker-24 countReadsInRegions_worker: processing 42811 (2687053.5 per sec) @ chr22_KI270735v1_random:0-42811
ForkPoolWorker-24,  processing 72 (53111.1 per sec) reads @ chr1:70000000-75000000
ForkPoolWorker-24 countReadsInRegions_worker: processing 5000000 (6949329.6 per sec) @ chr1:70000000-75000000
ForkPoolWorker-23,  processing 139 (3050.7 per sec) reads @ chr6:125000000-130000000
ForkPoolWorker-23 countReadsInRegions_worker: processing 5000000 (6207273.0 per sec) @ chr6:125000000-130000000
ForkPoolWorker-23,  processing 693 (70322.8 per sec) reads @ chr1:200000000-205000000
ForkPoolWorker-23 countReadsInRegions_worker: processing 5000000 (6611667.0 per sec) @ chr1:200000000-205000000
ForkPoolWorker-23,  processing 351 (70275.5 per sec) reads @ chr2:85000000-90000000
ForkPoolWorker-23 countReadsInRegions_worker: processing 5000000 (6899813.2 per sec) @ chr2:85000000-90000000
ForkPoolWorker-23,  processing 157 (65745.4 per sec) reads @ chr4:100000000-105000000
ForkPoolWorker-23 countReadsInRegions_worker: processing 5000000 (6944101.6 per sec) @ chr4:100000000-105000000
ForkPoolWorker-23,  processing 1319 (84341.4 per sec) reads @ chr1:30000000-35000000
ForkPoolWorker-23 countReadsInRegions_worker: processing 5000000 (6787093.0 per sec) @ chr1:30000000-35000000
ForkPoolWorker-23,  processing 42 (39918.6 per sec) reads @ chr9:65000000-70000000
ForkPoolWorker-23 countReadsInRegions_worker: processing 5000000 (6951296.7 per sec) @ chr9:65000000-70000000
ForkPoolWorker-23,  processing 11 (15746.5 per sec) reads @ chrX:30000000-35000000
ForkPoolWorker-23 countReadsInRegions_worker: processing 5000000 (6951117.0 per sec) @ chrX:30000000-35000000
ForkPoolWorker-23,  processing 800 (77115.4 per sec) reads @ chr22:25000000-30000000
ForkPoolWorker-23 countReadsInRegions_worker: processing 5000000 (6858611.0 per sec) @ chr22:25000000-30000000
ForkPoolWorker-23,  processing 7 (11829.2 per sec) reads @ chrY:15000000-20000000
ForkPoolWorker-23 countReadsInRegions_worker: processing 5000000 (6961798.5 per sec) @ chrY:15000000-20000000
ForkPoolWorker-23,  processing 124 (58503.2 per sec) reads @ chr12:20000000-25000000
ForkPoolWorker-23 countReadsInRegions_worker: processing 5000000 (6937288.4 per sec) @ chr12:20000000-25000000
ForkPoolWorker-23,  processing 1 (2174.3 per sec) reads @ chrUn_KI270467v1:0-3920
ForkPoolWorker-23 countReadsInRegions_worker: processing 3920 (362550.6 per sec) @ chrUn_KI270467v1:0-3920
ForkPoolWorker-23,  processing 152 (62589.3 per sec) reads @ chr5:30000000-35000000
ForkPoolWorker-23 countReadsInRegions_worker: processing 5000000 (6935859.0 per sec) @ chr5:30000000-35000000
ForkPoolWorker-14,  processing 200 (4232.8 per sec) reads @ chr8:125000000-130000000
ForkPoolWorker-14 countReadsInRegions_worker: processing 5000000 (6188282.5 per sec) @ chr8:125000000-130000000
ForkPoolWorker-14,  processing 710 (74207.7 per sec) reads @ chr19:30000000-35000000
ForkPoolWorker-14 countReadsInRegions_worker: processing 5000000 (6764742.4 per sec) @ chr19:30000000-35000000
ForkPoolWorker-14,  processing 3094 (87309.6 per sec) reads @ chr17:0-5000000
ForkPoolWorker-14 countReadsInRegions_worker: processing 5000000 (6593299.9 per sec) @ chr17:0-5000000
ForkPoolWorker-14,  processing 37 (35007.7 per sec) reads @ chr14:80000000-85000000
ForkPoolWorker-14 countReadsInRegions_worker: processing 5000000 (6918893.8 per sec) @ chr14:80000000-85000000
ForkPoolWorker-14,  processing 274 (69994.5 per sec) reads @ chr14:50000000-55000000
ForkPoolWorker-14 countReadsInRegions_worker: processing 5000000 (6877691.9 per sec) @ chr14:50000000-55000000
ForkPoolWorker-14,  processing 717 (73940.7 per sec) reads @ chr5:135000000-140000000
ForkPoolWorker-14 countReadsInRegions_worker: processing 5000000 (6859752.9 per sec) @ chr5:135000000-140000000
ForkPoolWorker-14,  processing 0 (0.0 per sec) reads @ chrUn_KI270753v1:0-62944
ForkPoolWorker-14 countReadsInRegions_worker: processing 62944 (3371469.2 per sec) @ chrUn_KI270753v1:0-62944
ForkPoolWorker-14,  processing 81 (47436.3 per sec) reads @ chr9:0-5000000
ForkPoolWorker-14 countReadsInRegions_worker: processing 5000000 (6923119.3 per sec) @ chr9:0-5000000
ForkPoolWorker-14,  processing 2017 (84603.3 per sec) reads @ chr10:100000000-105000000
ForkPoolWorker-14 countReadsInRegions_worker: processing 5000000 (6704079.3 per sec) @ chr10:100000000-105000000
ForkPoolWorker-14,  processing 161 (60525.5 per sec) reads @ chr11:40000000-45000000
ForkPoolWorker-14 countReadsInRegions_worker: processing 5000000 (6928002.2 per sec) @ chr11:40000000-45000000
ForkPoolWorker-14,  processing 18 (22296.9 per sec) reads @ chr6:90000000-95000000
ForkPoolWorker-14 countReadsInRegions_worker: processing 5000000 (6929249.8 per sec) @ chr6:90000000-95000000
ForkPoolWorker-14,  processing 163 (62321.9 per sec) reads @ chr8:25000000-30000000
ForkPoolWorker-14 countReadsInRegions_worker: processing 5000000 (6921485.6 per sec) @ chr8:25000000-30000000
ForkPoolWorker-37,  processing 11 (276.6 per sec) reads @ chrX:25000000-30000000
ForkPoolWorker-37 countReadsInRegions_worker: processing 5000000 (6339200.3 per sec) @ chrX:25000000-30000000
ForkPoolWorker-37,  processing 87 (53749.4 per sec) reads @ chr18:25000000-30000000
ForkPoolWorker-37 countReadsInRegions_worker: processing 5000000 (6925835.5 per sec) @ chr18:25000000-30000000
ForkPoolWorker-37,  processing 160 (61398.8 per sec) reads @ chr8:95000000-100000000
ForkPoolWorker-37 countReadsInRegions_worker: processing 5000000 (7182334.9 per sec) @ chr8:95000000-100000000
ForkPoolWorker-37,  processing 318 (78545.9 per sec) reads @ chrX:110000000-115000000
ForkPoolWorker-37 countReadsInRegions_worker: processing 5000000 (7094363.4 per sec) @ chrX:110000000-115000000
ForkPoolWorker-37,  processing 1208 (83372.6 per sec) reads @ chr3:10000000-15000000
ForkPoolWorker-37 countReadsInRegions_worker: processing 5000000 (7012603.4 per sec) @ chr3:10000000-15000000
ForkPoolWorker-37,  processing 45 (41943.0 per sec) reads @ chr5:160000000-165000000
ForkPoolWorker-37 countReadsInRegions_worker: processing 5000000 (7160323.3 per sec) @ chr5:160000000-165000000
ForkPoolWorker-37,  processing 63 (46171.8 per sec) reads @ chr6:55000000-60000000
ForkPoolWorker-37 countReadsInRegions_worker: processing 5000000 (7162287.0 per sec) @ chr6:55000000-60000000
ForkPoolWorker-37,  processing 374 (72647.1 per sec) reads @ chr11:75000000-80000000
ForkPoolWorker-37 countReadsInRegions_worker: processing 5000000 (7148461.5 per sec) @ chr11:75000000-80000000
ForkPoolWorker-37,  processing 93 (55652.8 per sec) reads @ chr18:55000000-60000000
ForkPoolWorker-37 countReadsInRegions_worker: processing 5000000 (7161734.2 per sec) @ chr18:55000000-60000000
ForkPoolWorker-37,  processing 0 (0.0 per sec) reads @ chr15:5000000-10000000
ForkPoolWorker-37 countReadsInRegions_worker: processing 5000000 (7163290.0 per sec) @ chr15:5000000-10000000
ForkPoolWorker-37,  processing 614 (80664.7 per sec) reads @ chr10:125000000-130000000
ForkPoolWorker-37 countReadsInRegions_worker: processing 5000000 (7074118.0 per sec) @ chr10:125000000-130000000
ForkPoolWorker-37,  processing 57 (44199.5 per sec) reads @ chr4:95000000-100000000
ForkPoolWorker-37 countReadsInRegions_worker: processing 5000000 (7477768.0 per sec) @ chr4:95000000-100000000
ForkPoolWorker-8,  processing 125 (2633.8 per sec) reads @ chrX:145000000-150000000
ForkPoolWorker-8 countReadsInRegions_worker: processing 5000000 (6192960.7 per sec) @ chrX:145000000-150000000
ForkPoolWorker-8,  processing 38 (35308.7 per sec) reads @ chr3:0-5000000
ForkPoolWorker-8 countReadsInRegions_worker: processing 5000000 (7048373.8 per sec) @ chr3:0-5000000
ForkPoolWorker-8,  processing 1012 (84480.4 per sec) reads @ chrX:45000000-50000000
ForkPoolWorker-8 countReadsInRegions_worker: processing 5000000 (7045234.0 per sec) @ chrX:45000000-50000000
ForkPoolWorker-8,  processing 684 (79515.1 per sec) reads @ chr15:65000000-70000000
ForkPoolWorker-8 countReadsInRegions_worker: processing 5000000 (7059349.4 per sec) @ chr15:65000000-70000000
ForkPoolWorker-8,  processing 36 (34960.6 per sec) reads @ chr7:85000000-90000000
ForkPoolWorker-8 countReadsInRegions_worker: processing 5000000 (7137345.7 per sec) @ chr7:85000000-90000000
ForkPoolWorker-8,  processing 173 (65518.2 per sec) reads @ chr5:125000000-130000000
ForkPoolWorker-8 countReadsInRegions_worker: processing 5000000 (7118088.9 per sec) @ chr5:125000000-130000000
ForkPoolWorker-8,  processing 286 (80437.9 per sec) reads @ chr6:20000000-25000000
ForkPoolWorker-8 countReadsInRegions_worker: processing 5000000 (7120704.0 per sec) @ chr6:20000000-25000000
ForkPoolWorker-8,  processing 0 (0.0 per sec) reads @ chr2_KI270715v1_random:0-161471
ForkPoolWorker-8 countReadsInRegions_worker: processing 161471 (5051641.8 per sec) @ chr2_KI270715v1_random:0-161471
ForkPoolWorker-8,  processing 26 (29942.9 per sec) reads @ chr1:195000000-200000000
ForkPoolWorker-8 countReadsInRegions_worker: processing 5000000 (7096276.7 per sec) @ chr1:195000000-200000000
ForkPoolWorker-8,  processing 0 (0.0 per sec) reads @ chrUn_KI270394v1:0-970
ForkPoolWorker-8 countReadsInRegions_worker: processing 970 (101519.0 per sec) @ chrUn_KI270394v1:0-970
ForkPoolWorker-8,  processing 94 (52414.9 per sec) reads @ chr13:90000000-95000000
ForkPoolWorker-8 countReadsInRegions_worker: processing 5000000 (7137122.2 per sec) @ chr13:90000000-95000000
ForkPoolWorker-8,  processing 0 (0.0 per sec) reads @ chrUn_KI270757v1:0-71251
ForkPoolWorker-8 countReadsInRegions_worker: processing 71251 (3807518.9 per sec) @ chrUn_KI270757v1:0-71251
ForkPoolWorker-8,  processing 225 (64466.0 per sec) reads @ chr3:120000000-125000000
ForkPoolWorker-8 countReadsInRegions_worker: processing 5000000 (7169556.8 per sec) @ chr3:120000000-125000000
ForkPoolWorker-8,  processing 77 (53532.5 per sec) reads @ chr4:170000000-175000000
ForkPoolWorker-8 countReadsInRegions_worker: processing 5000000 (7172153.4 per sec) @ chr4:170000000-175000000
ForkPoolWorker-8,  processing 0 (0.0 per sec) reads @ chrUn_KI270335v1:0-1048
ForkPoolWorker-8 countReadsInRegions_worker: processing 1048 (109611.3 per sec) @ chrUn_KI270335v1:0-1048
ForkPoolWorker-8,  processing 12 (18752.5 per sec) reads @ chrX:85000000-90000000
ForkPoolWorker-8 countReadsInRegions_worker: processing 5000000 (7592621.8 per sec) @ chrX:85000000-90000000
ForkPoolWorker-26,  processing 0 (0.0 per sec) reads @ chr14_KI270726v1_random:0-43739
ForkPoolWorker-26 countReadsInRegions_worker: processing 43739 (1278866.4 per sec) @ chr14_KI270726v1_random:0-43739
ForkPoolWorker-26,  processing 0 (0.0 per sec) reads @ chr22_KI270736v1_random:0-181920
ForkPoolWorker-26 countReadsInRegions_worker: processing 181920 (4783483.4 per sec) @ chr22_KI270736v1_random:0-181920
ForkPoolWorker-26,  processing 0 (0.0 per sec) reads @ chr1_KI270707v1_random:0-32032
ForkPoolWorker-26 countReadsInRegions_worker: processing 32032 (2392136.3 per sec) @ chr1_KI270707v1_random:0-32032
ForkPoolWorker-26,  processing 36 (27982.8 per sec) reads @ chr13:85000000-90000000
ForkPoolWorker-26 countReadsInRegions_worker: processing 5000000 (7653948.4 per sec) @ chr13:85000000-90000000
ForkPoolWorker-26,  processing 501 (72618.0 per sec) reads @ chr10:120000000-125000000
ForkPoolWorker-26 countReadsInRegions_worker: processing 5000000 (6856756.5 per sec) @ chr10:120000000-125000000
ForkPoolWorker-26,  processing 202 (63842.2 per sec) reads @ chr13:40000000-45000000
ForkPoolWorker-26 countReadsInRegions_worker: processing 5000000 (6948945.0 per sec) @ chr13:40000000-45000000
ForkPoolWorker-26,  processing 1361 (81781.7 per sec) reads @ chr6:40000000-45000000
ForkPoolWorker-26 countReadsInRegions_worker: processing 5000000 (6799662.8 per sec) @ chr6:40000000-45000000
ForkPoolWorker-26,  processing 0 (0.0 per sec) reads @ chr9:55000000-60000000
ForkPoolWorker-26 countReadsInRegions_worker: processing 5000000 (6929313.9 per sec) @ chr9:55000000-60000000
ForkPoolWorker-26,  processing 230 (61261.8 per sec) reads @ chr1:245000000-248956422
ForkPoolWorker-26 countReadsInRegions_worker: processing 3956422 (6819839.8 per sec) @ chr1:245000000-248956422
ForkPoolWorker-26,  processing 1 (1967.3 per sec) reads @ chrUn_GL000224v1:0-179693
ForkPoolWorker-26 countReadsInRegions_worker: processing 179693 (5130648.1 per sec) @ chrUn_GL000224v1:0-179693
ForkPoolWorker-26,  processing 653 (75544.9 per sec) reads @ chr2:95000000-100000000
ForkPoolWorker-26 countReadsInRegions_worker: processing 5000000 (6857987.5 per sec) @ chr2:95000000-100000000
ForkPoolWorker-26,  processing 0 (0.0 per sec) reads @ chrUn_KI270522v1:0-5674
ForkPoolWorker-26 countReadsInRegions_worker: processing 5674 (520982.5 per sec) @ chrUn_KI270522v1:0-5674
ForkPoolWorker-26,  processing 59 (39810.8 per sec) reads @ chr10:60000000-65000000
ForkPoolWorker-26 countReadsInRegions_worker: processing 5000000 (6929222.3 per sec) @ chr10:60000000-65000000
ForkPoolWorker-26,  processing 443 (74819.9 per sec) reads @ chr9:30000000-35000000
ForkPoolWorker-26 countReadsInRegions_worker: processing 5000000 (6884933.1 per sec) @ chr9:30000000-35000000
ForkPoolWorker-26,  processing 282 (72227.3 per sec) reads @ chr16:50000000-55000000
ForkPoolWorker-26 countReadsInRegions_worker: processing 5000000 (6903013.3 per sec) @ chr16:50000000-55000000
ForkPoolWorker-26,  processing 251 (70556.3 per sec) reads @ chr12:10000000-15000000
ForkPoolWorker-26 countReadsInRegions_worker: processing 5000000 (6907961.1 per sec) @ chr12:10000000-15000000
ForkPoolWorker-33,  processing 0 (0.0 per sec) reads @ chr13:10000000-15000000
ForkPoolWorker-33 countReadsInRegions_worker: processing 5000000 (6695539.2 per sec) @ chr13:10000000-15000000
ForkPoolWorker-33,  processing 3033 (89249.9 per sec) reads @ chr17:75000000-80000000
ForkPoolWorker-33 countReadsInRegions_worker: processing 5000000 (6536943.1 per sec) @ chr17:75000000-80000000
ForkPoolWorker-33,  processing 184 (56671.5 per sec) reads @ chr17:10000000-15000000
ForkPoolWorker-33 countReadsInRegions_worker: processing 5000000 (6813981.4 per sec) @ chr17:10000000-15000000
ForkPoolWorker-33,  processing 143 (48676.0 per sec) reads @ chr1:85000000-90000000
ForkPoolWorker-33 countReadsInRegions_worker: processing 5000000 (6845898.5 per sec) @ chr1:85000000-90000000
ForkPoolWorker-33,  processing 0 (0.0 per sec) reads @ chr22_KI270738v1_random:0-99375
ForkPoolWorker-33 countReadsInRegions_worker: processing 99375 (4032711.5 per sec) @ chr22_KI270738v1_random:0-99375
ForkPoolWorker-33,  processing 208 (60337.2 per sec) reads @ chr7:65000000-70000000
ForkPoolWorker-33 countReadsInRegions_worker: processing 5000000 (6881417.8 per sec) @ chr7:65000000-70000000
ForkPoolWorker-33,  processing 349 (72383.5 per sec) reads @ chr13:25000000-30000000
ForkPoolWorker-33 countReadsInRegions_worker: processing 5000000 (6835451.3 per sec) @ chr13:25000000-30000000
ForkPoolWorker-33,  processing 4282 (100198.7 per sec) reads @ chr12:60000000-65000000
ForkPoolWorker-33 countReadsInRegions_worker: processing 5000000 (6497172.1 per sec) @ chr12:60000000-65000000
ForkPoolWorker-33,  processing 834 (79860.5 per sec) reads @ chr7:145000000-150000000
ForkPoolWorker-33 countReadsInRegions_worker: processing 5000000 (6764659.5 per sec) @ chr7:145000000-150000000
ForkPoolWorker-33,  processing 0 (0.0 per sec) reads @ chr13:5000000-10000000
ForkPoolWorker-33 countReadsInRegions_worker: processing 5000000 (6873548.7 per sec) @ chr13:5000000-10000000
ForkPoolWorker-33,  processing 0 (0.0 per sec) reads @ chr5:45000000-50000000
ForkPoolWorker-33 countReadsInRegions_worker: processing 5000000 (6842103.7 per sec) @ chr5:45000000-50000000
ForkPoolWorker-33,  processing 67 (47293.6 per sec) reads @ chr5:60000000-65000000
ForkPoolWorker-33 countReadsInRegions_worker: processing 5000000 (7078640.5 per sec) @ chr5:60000000-65000000
ForkPoolWorker-31,  processing 149 (3397.1 per sec) reads @ chr11:110000000-115000000
ForkPoolWorker-31 countReadsInRegions_worker: processing 5000000 (6244153.4 per sec) @ chr11:110000000-115000000
ForkPoolWorker-31,  processing 294 (83156.3 per sec) reads @ chr4:65000000-70000000
ForkPoolWorker-31 countReadsInRegions_worker: processing 5000000 (6828242.6 per sec) @ chr4:65000000-70000000
ForkPoolWorker-31,  processing 0 (0.0 per sec) reads @ chr22_KI270739v1_random:0-73985
ForkPoolWorker-31 countReadsInRegions_worker: processing 73985 (3767383.1 per sec) @ chr22_KI270739v1_random:0-73985
ForkPoolWorker-31,  processing 506 (73254.1 per sec) reads @ chr10:115000000-120000000
ForkPoolWorker-31 countReadsInRegions_worker: processing 5000000 (6902920.1 per sec) @ chr10:115000000-120000000
ForkPoolWorker-31,  processing 0 (0.0 per sec) reads @ chrUn_KI270510v1:0-2415
ForkPoolWorker-31 countReadsInRegions_worker: processing 2415 (237954.4 per sec) @ chrUn_KI270510v1:0-2415
ForkPoolWorker-31,  processing 10 (11519.6 per sec) reads @ chrX:90000000-95000000
ForkPoolWorker-31 countReadsInRegions_worker: processing 5000000 (6977556.3 per sec) @ chrX:90000000-95000000
ForkPoolWorker-31,  processing 15 (16885.3 per sec) reads @ chr4:160000000-165000000
ForkPoolWorker-31 countReadsInRegions_worker: processing 5000000 (6960627.0 per sec) @ chr4:160000000-165000000
ForkPoolWorker-31,  processing 0 (0.0 per sec) reads @ chrUn_KI270340v1:0-1428
ForkPoolWorker-31 countReadsInRegions_worker: processing 1428 (136257.4 per sec) @ chrUn_KI270340v1:0-1428
ForkPoolWorker-31,  processing 0 (0.0 per sec) reads @ chrUn_GL000226v1:0-15008
ForkPoolWorker-31 countReadsInRegions_worker: processing 15008 (1261207.2 per sec) @ chrUn_GL000226v1:0-15008
ForkPoolWorker-31,  processing 0 (0.0 per sec) reads @ chrY_KI270740v1_random:0-37240
ForkPoolWorker-31 countReadsInRegions_worker: processing 37240 (2530512.4 per sec) @ chrY_KI270740v1_random:0-37240
ForkPoolWorker-31,  processing 156 (59005.4 per sec) reads @ chr3:60000000-65000000
ForkPoolWorker-31 countReadsInRegions_worker: processing 5000000 (6969134.7 per sec) @ chr3:60000000-65000000
ForkPoolWorker-31,  processing 0 (0.0 per sec) reads @ chrUn_KI270320v1:0-4416
ForkPoolWorker-31 countReadsInRegions_worker: processing 4416 (404446.8 per sec) @ chrUn_KI270320v1:0-4416
ForkPoolWorker-31,  processing 94 (51037.5 per sec) reads @ chr12:25000000-30000000
ForkPoolWorker-31 countReadsInRegions_worker: processing 5000000 (6967245.4 per sec) @ chr12:25000000-30000000
ForkPoolWorker-31,  processing 69 (45691.0 per sec) reads @ chrX:35000000-40000000
ForkPoolWorker-31 countReadsInRegions_worker: processing 5000000 (6955370.5 per sec) @ chrX:35000000-40000000
ForkPoolWorker-31,  processing 0 (0.0 per sec) reads @ chrUn_KI270310v1:0-1201
ForkPoolWorker-31 countReadsInRegions_worker: processing 1201 (117451.1 per sec) @ chrUn_KI270310v1:0-1201
ForkPoolWorker-31,  processing 0 (0.0 per sec) reads @ chrY:55000000-57227415
ForkPoolWorker-31 countReadsInRegions_worker: processing 2227415 (6891088.7 per sec) @ chrY:55000000-57227415
ForkPoolWorker-31,  processing 1213 (83940.1 per sec) reads @ chr15:70000000-75000000
ForkPoolWorker-31 countReadsInRegions_worker: processing 5000000 (6784528.4 per sec) @ chr15:70000000-75000000
ForkPoolWorker-31,  processing 0 (0.0 per sec) reads @ chr5_GL000208v1_random:0-92689
ForkPoolWorker-31 countReadsInRegions_worker: processing 92689 (4077892.1 per sec) @ chr5_GL000208v1_random:0-92689
ForkPoolWorker-31,  processing 383 (72107.8 per sec) reads @ chr5:140000000-145000000
ForkPoolWorker-31 countReadsInRegions_worker: processing 5000000 (6899039.2 per sec) @ chr5:140000000-145000000
ForkPoolWorker-31,  processing 5095 (108369.8 per sec) reads @ chr10:85000000-90000000
ForkPoolWorker-31 countReadsInRegions_worker: processing 5000000 (6784548.1 per sec) @ chr10:85000000-90000000
ForkPoolWorker-42,  processing 0 (0.0 per sec) reads @ chr13:0-5000000
ForkPoolWorker-42 countReadsInRegions_worker: processing 5000000 (6693840.1 per sec) @ chr13:0-5000000
ForkPoolWorker-42,  processing 144 (46285.5 per sec) reads @ chr6:140000000-145000000
ForkPoolWorker-42 countReadsInRegions_worker: processing 5000000 (6760017.1 per sec) @ chr6:140000000-145000000
ForkPoolWorker-42,  processing 124 (49826.9 per sec) reads @ chr3:135000000-140000000
ForkPoolWorker-42 countReadsInRegions_worker: processing 5000000 (6861036.6 per sec) @ chr3:135000000-140000000
ForkPoolWorker-42,  processing 0 (0.0 per sec) reads @ chrUn_KI270337v1:0-1121
ForkPoolWorker-42 countReadsInRegions_worker: processing 1121 (106236.5 per sec) @ chrUn_KI270337v1:0-1121
ForkPoolWorker-42,  processing 0 (0.0 per sec) reads @ chrUn_KI270749v1:0-158759
ForkPoolWorker-42 countReadsInRegions_worker: processing 158759 (4782512.1 per sec) @ chrUn_KI270749v1:0-158759
ForkPoolWorker-42,  processing 0 (0.0 per sec) reads @ chr22_KI270737v1_random:0-103838
ForkPoolWorker-42 countReadsInRegions_worker: processing 103838 (4239995.9 per sec) @ chr22_KI270737v1_random:0-103838
ForkPoolWorker-42,  processing 0 (0.0 per sec) reads @ chr1_KI270708v1_random:0-127682
ForkPoolWorker-42 countReadsInRegions_worker: processing 127682 (4846402.1 per sec) @ chr1_KI270708v1_random:0-127682
ForkPoolWorker-42,  processing 60 (46698.5 per sec) reads @ chr9:25000000-30000000
ForkPoolWorker-42 countReadsInRegions_worker: processing 5000000 (6927736.8 per sec) @ chr9:25000000-30000000
ForkPoolWorker-42,  processing 548 (86938.4 per sec) reads @ chr4:20000000-25000000
ForkPoolWorker-42 countReadsInRegions_worker: processing 5000000 (6873208.5 per sec) @ chr4:20000000-25000000
ForkPoolWorker-42,  processing 288 (71472.7 per sec) reads @ chr6:15000000-20000000
ForkPoolWorker-42 countReadsInRegions_worker: processing 5000000 (6857471.7 per sec) @ chr6:15000000-20000000
ForkPoolWorker-42,  processing 788 (85502.8 per sec) reads @ chr1:240000000-245000000
ForkPoolWorker-42 countReadsInRegions_worker: processing 5000000 (6848612.5 per sec) @ chr1:240000000-245000000
ForkPoolWorker-42,  processing 1034 (87244.2 per sec) reads @ chr6:0-5000000
ForkPoolWorker-42 countReadsInRegions_worker: processing 5000000 (6777948.0 per sec) @ chr6:0-5000000
ForkPoolWorker-42,  processing 3023 (84988.1 per sec) reads @ chr17:5000000-10000000
ForkPoolWorker-42 countReadsInRegions_worker: processing 5000000 (6564554.6 per sec) @ chr17:5000000-10000000
ForkPoolWorker-42,  processing 59 (54244.6 per sec) reads @ chr18:80000000-80373285
ForkPoolWorker-42 countReadsInRegions_worker: processing 373285 (5726290.0 per sec) @ chr18:80000000-80373285
ForkPoolWorker-42,  processing 77 (50017.3 per sec) reads @ chr8:115000000-120000000
ForkPoolWorker-42 countReadsInRegions_worker: processing 5000000 (6954763.8 per sec) @ chr8:115000000-120000000
ForkPoolWorker-42,  processing 1625 (86734.2 per sec) reads @ chr7:100000000-105000000
ForkPoolWorker-42 countReadsInRegions_worker: processing 5000000 (6993541.9 per sec) @ chr7:100000000-105000000
ForkPoolWorker-32,  processing 153 (4756.1 per sec) reads @ chr13:45000000-50000000
ForkPoolWorker-32 countReadsInRegions_worker: processing 5000000 (6360690.2 per sec) @ chr13:45000000-50000000
ForkPoolWorker-32,  processing 137 (49201.1 per sec) reads @ chr10:20000000-25000000
ForkPoolWorker-32 countReadsInRegions_worker: processing 5000000 (6313708.7 per sec) @ chr10:20000000-25000000
ForkPoolWorker-32,  processing 256 (59464.0 per sec) reads @ chr8:45000000-50000000
ForkPoolWorker-32 countReadsInRegions_worker: processing 5000000 (6854549.0 per sec) @ chr8:45000000-50000000
ForkPoolWorker-32,  processing 0 (0.0 per sec) reads @ chr3_GL000221v1_random:0-155397
ForkPoolWorker-32 countReadsInRegions_worker: processing 155397 (4744202.5 per sec) @ chr3_GL000221v1_random:0-155397
ForkPoolWorker-32,  processing 627 (78233.8 per sec) reads @ chr7:95000000-100000000
ForkPoolWorker-32 countReadsInRegions_worker: processing 5000000 (6903838.2 per sec) @ chr7:95000000-100000000
ForkPoolWorker-32,  processing 48 (37829.1 per sec) reads @ chr4:120000000-125000000
ForkPoolWorker-32 countReadsInRegions_worker: processing 5000000 (6927469.0 per sec) @ chr4:120000000-125000000
ForkPoolWorker-32,  processing 350 (73503.2 per sec) reads @ chr6:5000000-10000000
ForkPoolWorker-32 countReadsInRegions_worker: processing 5000000 (6886006.9 per sec) @ chr6:5000000-10000000
ForkPoolWorker-32,  processing 72 (41527.8 per sec) reads @ chr3:155000000-160000000
ForkPoolWorker-32 countReadsInRegions_worker: processing 5000000 (6899007.4 per sec) @ chr3:155000000-160000000
ForkPoolWorker-32,  processing 191 (83258.4 per sec) reads @ chr3:85000000-90000000
ForkPoolWorker-32 countReadsInRegions_worker: processing 5000000 (6867568.0 per sec) @ chr3:85000000-90000000
ForkPoolWorker-32,  processing 0 (0.0 per sec) reads @ chr1:125000000-130000000
ForkPoolWorker-32 countReadsInRegions_worker: processing 5000000 (6875123.8 per sec) @ chr1:125000000-130000000
ForkPoolWorker-32,  processing 47 (38449.8 per sec) reads @ chr1:190000000-195000000
ForkPoolWorker-32 countReadsInRegions_worker: processing 5000000 (6867909.9 per sec) @ chr1:190000000-195000000
ForkPoolWorker-32,  processing 91 (53218.3 per sec) reads @ chr8:90000000-95000000
ForkPoolWorker-32 countReadsInRegions_worker: processing 5000000 (7074254.0 per sec) @ chr8:90000000-95000000
ForkPoolWorker-13,  processing 29 (662.2 per sec) reads @ chrX:60000000-65000000
ForkPoolWorker-13 countReadsInRegions_worker: processing 5000000 (6280485.2 per sec) @ chrX:60000000-65000000
ForkPoolWorker-13,  processing 0 (0.0 per sec) reads @ chrY:50000000-55000000
ForkPoolWorker-13 countReadsInRegions_worker: processing 5000000 (7091933.1 per sec) @ chrY:50000000-55000000
ForkPoolWorker-13,  processing 3327 (62245.5 per sec) reads @ chr4:0-5000000
ForkPoolWorker-13 countReadsInRegions_worker: processing 5000000 (6576863.6 per sec) @ chr4:0-5000000
ForkPoolWorker-13,  processing 18 (24520.1 per sec) reads @ chr4:60000000-65000000
ForkPoolWorker-13 countReadsInRegions_worker: processing 5000000 (7170907.6 per sec) @ chr4:60000000-65000000
ForkPoolWorker-13,  processing 84 (55457.5 per sec) reads @ chrX:5000000-10000000
ForkPoolWorker-13 countReadsInRegions_worker: processing 5000000 (7151886.6 per sec) @ chrX:5000000-10000000
ForkPoolWorker-13,  processing 66 (53031.4 per sec) reads @ chr3:20000000-25000000
ForkPoolWorker-13 countReadsInRegions_worker: processing 5000000 (7137892.2 per sec) @ chr3:20000000-25000000
ForkPoolWorker-13,  processing 0 (0.0 per sec) reads @ chrUn_KI270756v1:0-79590
ForkPoolWorker-13 countReadsInRegions_worker: processing 79590 (3876498.3 per sec) @ chrUn_KI270756v1:0-79590
ForkPoolWorker-13,  processing 0 (0.0 per sec) reads @ chrUn_KI270303v1:0-1942
ForkPoolWorker-13 countReadsInRegions_worker: processing 1942 (193072.4 per sec) @ chrUn_KI270303v1:0-1942
ForkPoolWorker-13,  processing 13 (18181.4 per sec) reads @ chrX:140000000-145000000
ForkPoolWorker-13 countReadsInRegions_worker: processing 5000000 (7175630.8 per sec) @ chrX:140000000-145000000
ForkPoolWorker-13,  processing 13 (18743.9 per sec) reads @ chrY:10000000-15000000
ForkPoolWorker-13 countReadsInRegions_worker: processing 5000000 (7151013.5 per sec) @ chrY:10000000-15000000
ForkPoolWorker-13,  processing 128 (56064.2 per sec) reads @ chr13:20000000-25000000
ForkPoolWorker-13 countReadsInRegions_worker: processing 5000000 (7117864.2 per sec) @ chr13:20000000-25000000
ForkPoolWorker-13,  processing 0 (0.0 per sec) reads @ chrUn_KI270420v1:0-2321
ForkPoolWorker-13 countReadsInRegions_worker: processing 2321 (240411.4 per sec) @ chrUn_KI270420v1:0-2321
ForkPoolWorker-13,  processing 0 (0.0 per sec) reads @ chrUn_KI270384v1:0-1658
ForkPoolWorker-13 countReadsInRegions_worker: processing 1658 (173675.9 per sec) @ chrUn_KI270384v1:0-1658
ForkPoolWorker-13,  processing 0 (0.0 per sec) reads @ chr17_KI270729v1_random:0-280839
ForkPoolWorker-13 countReadsInRegions_worker: processing 280839 (5775213.7 per sec) @ chr17_KI270729v1_random:0-280839
ForkPoolWorker-13,  processing 0 (0.0 per sec) reads @ chrUn_KI270528v1:0-2983
ForkPoolWorker-13 countReadsInRegions_worker: processing 2983 (304930.6 per sec) @ chrUn_KI270528v1:0-2983
ForkPoolWorker-13,  processing 309 (74463.7 per sec) reads @ chr18:20000000-25000000
ForkPoolWorker-13 countReadsInRegions_worker: processing 5000000 (7108211.5 per sec) @ chr18:20000000-25000000
ForkPoolWorker-13,  processing 37 (35634.7 per sec) reads @ chr1:95000000-100000000
ForkPoolWorker-13 countReadsInRegions_worker: processing 5000000 (7130194.3 per sec) @ chr1:95000000-100000000
ForkPoolWorker-13,  processing 0 (0.0 per sec) reads @ chrUn_KI270741v1:0-157432
ForkPoolWorker-13 countReadsInRegions_worker: processing 157432 (5206074.5 per sec) @ chrUn_KI270741v1:0-157432
ForkPoolWorker-13,  processing 478 (79621.8 per sec) reads @ chr1:180000000-185000000
ForkPoolWorker-13 countReadsInRegions_worker: processing 5000000 (7819755.2 per sec) @ chr1:180000000-185000000
ForkPoolWorker-13,  processing 2465 (88916.6 per sec) reads @ chr9:125000000-130000000
ForkPoolWorker-13 countReadsInRegions_worker: processing 5000000 (7870534.8 per sec) @ chr9:125000000-130000000
ForkPoolWorker-15,  processing 52 (1171.1 per sec) reads @ chrX:120000000-125000000
ForkPoolWorker-15 countReadsInRegions_worker: processing 5000000 (6294068.0 per sec) @ chrX:120000000-125000000
ForkPoolWorker-15,  processing 2294 (53050.0 per sec) reads @ chr19:55000000-58617616
ForkPoolWorker-15 countReadsInRegions_worker: processing 3617616 (5944478.0 per sec) @ chr19:55000000-58617616
ForkPoolWorker-15,  processing 103 (52781.1 per sec) reads @ chr7:55000000-60000000
ForkPoolWorker-15 countReadsInRegions_worker: processing 5000000 (6999575.8 per sec) @ chr7:55000000-60000000
ForkPoolWorker-15,  processing 167 (62854.3 per sec) reads @ chr8:120000000-125000000
ForkPoolWorker-15 countReadsInRegions_worker: processing 5000000 (6998676.5 per sec) @ chr8:120000000-125000000
ForkPoolWorker-15,  processing 278 (70292.8 per sec) reads @ chr16:75000000-80000000
ForkPoolWorker-15 countReadsInRegions_worker: processing 5000000 (6978452.6 per sec) @ chr16:75000000-80000000
ForkPoolWorker-15,  processing 16 (20873.7 per sec) reads @ chr13:65000000-70000000
ForkPoolWorker-15 countReadsInRegions_worker: processing 5000000 (6999559.4 per sec) @ chr13:65000000-70000000
ForkPoolWorker-15,  processing 111 (55756.6 per sec) reads @ chr8:65000000-70000000
ForkPoolWorker-15 countReadsInRegions_worker: processing 5000000 (6973572.5 per sec) @ chr8:65000000-70000000
ForkPoolWorker-15,  processing 0 (0.0 per sec) reads @ chr1:135000000-140000000
ForkPoolWorker-15 countReadsInRegions_worker: processing 5000000 (6978108.9 per sec) @ chr1:135000000-140000000
ForkPoolWorker-15,  processing 388 (82861.0 per sec) reads @ chr14:45000000-50000000
ForkPoolWorker-15 countReadsInRegions_worker: processing 5000000 (6901684.3 per sec) @ chr14:45000000-50000000
ForkPoolWorker-15,  processing 241 (64959.0 per sec) reads @ chr1:210000000-215000000
ForkPoolWorker-15 countReadsInRegions_worker: processing 5000000 (6907954.3 per sec) @ chr1:210000000-215000000
ForkPoolWorker-15,  processing 60 (45956.6 per sec) reads @ chr5:120000000-125000000
ForkPoolWorker-15 countReadsInRegions_worker: processing 5000000 (6890767.4 per sec) @ chr5:120000000-125000000
ForkPoolWorker-15,  processing 480 (94368.9 per sec) reads @ chr6:120000000-125000000
ForkPoolWorker-15 countReadsInRegions_worker: processing 5000000 (7366852.1 per sec) @ chr6:120000000-125000000
ForkPoolWorker-2,  processing 1206 (21227.1 per sec) reads @ chr6:50000000-55000000
ForkPoolWorker-2 countReadsInRegions_worker: processing 5000000 (6157197.7 per sec) @ chr6:50000000-55000000
ForkPoolWorker-2,  processing 778 (70109.3 per sec) reads @ chr15:40000000-45000000
ForkPoolWorker-2 countReadsInRegions_worker: processing 5000000 (6654118.8 per sec) @ chr15:40000000-45000000
ForkPoolWorker-2,  processing 160 (64596.1 per sec) reads @ chr21:25000000-30000000
ForkPoolWorker-2 countReadsInRegions_worker: processing 5000000 (6868152.8 per sec) @ chr21:25000000-30000000
ForkPoolWorker-2,  processing 0 (0.0 per sec) reads @ chrUn_KI270373v1:0-1451
ForkPoolWorker-2 countReadsInRegions_worker: processing 1451 (147598.6 per sec) @ chrUn_KI270373v1:0-1451
ForkPoolWorker-2,  processing 1556 (82797.4 per sec) reads @ chr1:150000000-155000000
ForkPoolWorker-2 countReadsInRegions_worker: processing 5000000 (6747997.1 per sec) @ chr1:150000000-155000000
ForkPoolWorker-2,  processing 0 (0.0 per sec) reads @ chrUn_KI270423v1:0-981
ForkPoolWorker-2 countReadsInRegions_worker: processing 981 (100187.8 per sec) @ chrUn_KI270423v1:0-981
ForkPoolWorker-2,  processing 702 (72845.2 per sec) reads @ chr9:110000000-115000000
ForkPoolWorker-2 countReadsInRegions_worker: processing 5000000 (6837350.0 per sec) @ chr9:110000000-115000000
ForkPoolWorker-2,  processing 0 (0.0 per sec) reads @ chrUn_KI270378v1:0-1048
ForkPoolWorker-2 countReadsInRegions_worker: processing 1048 (104060.8 per sec) @ chrUn_KI270378v1:0-1048
ForkPoolWorker-2,  processing 645 (77618.8 per sec) reads @ chr6:155000000-160000000
ForkPoolWorker-2 countReadsInRegions_worker: processing 5000000 (6865349.1 per sec) @ chr6:155000000-160000000
ForkPoolWorker-2,  processing 305 (75454.9 per sec) reads @ chr15:95000000-100000000
ForkPoolWorker-2 countReadsInRegions_worker: processing 5000000 (6887058.5 per sec) @ chr15:95000000-100000000
ForkPoolWorker-2,  processing 2989 (85947.8 per sec) reads @ chr14:100000000-105000000
ForkPoolWorker-2 countReadsInRegions_worker: processing 5000000 (6605330.1 per sec) @ chr14:100000000-105000000
ForkPoolWorker-2,  processing 140 (58808.5 per sec) reads @ chr4:85000000-90000000
ForkPoolWorker-2 countReadsInRegions_worker: processing 5000000 (6914529.8 per sec) @ chr4:85000000-90000000
ForkPoolWorker-2,  processing 3 (6195.4 per sec) reads @ chr1_KI270711v1_random:0-42210
ForkPoolWorker-2 countReadsInRegions_worker: processing 42210 (2711784.6 per sec) @ chr1_KI270711v1_random:0-42210
ForkPoolWorker-2,  processing 163 (60389.7 per sec) reads @ chr2:195000000-200000000
ForkPoolWorker-2 countReadsInRegions_worker: processing 5000000 (6909549.8 per sec) @ chr2:195000000-200000000
ForkPoolWorker-2,  processing 395 (82265.8 per sec) reads @ chr12:95000000-100000000
ForkPoolWorker-2 countReadsInRegions_worker: processing 5000000 (6892973.4 per sec) @ chr12:95000000-100000000
ForkPoolWorker-2,  processing 484 (81273.2 per sec) reads @ chr21:30000000-35000000
ForkPoolWorker-2 countReadsInRegions_worker: processing 5000000 (8104352.7 per sec) @ chr21:30000000-35000000
ForkPoolWorker-36,  processing 3332 (42604.1 per sec) reads @ chr11:60000000-65000000
ForkPoolWorker-36 countReadsInRegions_worker: processing 5000000 (6155432.0 per sec) @ chr11:60000000-65000000
ForkPoolWorker-36,  processing 0 (0.0 per sec) reads @ chrUn_KI270302v1:0-2274
ForkPoolWorker-36 countReadsInRegions_worker: processing 2274 (204630.9 per sec) @ chrUn_KI270302v1:0-2274
ForkPoolWorker-36,  processing 536 (73072.4 per sec) reads @ chr14:90000000-95000000
ForkPoolWorker-36 countReadsInRegions_worker: processing 5000000 (6905124.8 per sec) @ chr14:90000000-95000000
ForkPoolWorker-36,  processing 37 (26347.9 per sec) reads @ chr9:10000000-15000000
ForkPoolWorker-36 countReadsInRegions_worker: processing 5000000 (7040423.3 per sec) @ chr9:10000000-15000000
ForkPoolWorker-36,  processing 450 (76859.4 per sec) reads @ chr14:95000000-100000000
ForkPoolWorker-36 countReadsInRegions_worker: processing 5000000 (7026432.8 per sec) @ chr14:95000000-100000000
ForkPoolWorker-36,  processing 153 (60614.8 per sec) reads @ chr10:90000000-95000000
ForkPoolWorker-36 countReadsInRegions_worker: processing 5000000 (7012275.1 per sec) @ chr10:90000000-95000000
ForkPoolWorker-36,  processing 509 (75918.4 per sec) reads @ chr14:70000000-75000000
ForkPoolWorker-36 countReadsInRegions_worker: processing 5000000 (7000825.9 per sec) @ chr14:70000000-75000000
ForkPoolWorker-36,  processing 4228 (86786.1 per sec) reads @ chr19:10000000-15000000
ForkPoolWorker-36 countReadsInRegions_worker: processing 5000000 (6604629.0 per sec) @ chr19:10000000-15000000
ForkPoolWorker-36,  processing 0 (0.0 per sec) reads @ chrUn_KI270417v1:0-2043
ForkPoolWorker-36 countReadsInRegions_worker: processing 2043 (197751.4 per sec) @ chrUn_KI270417v1:0-2043
ForkPoolWorker-36,  processing 0 (0.0 per sec) reads @ chr11:50000000-55000000
ForkPoolWorker-36 countReadsInRegions_worker: processing 5000000 (7022886.9 per sec) @ chr11:50000000-55000000
ForkPoolWorker-36,  processing 58 (42037.3 per sec) reads @ chrX:75000000-80000000
ForkPoolWorker-36 countReadsInRegions_worker: processing 5000000 (7021034.1 per sec) @ chrX:75000000-80000000
ForkPoolWorker-36,  processing 0 (0.0 per sec) reads @ chr9:50000000-55000000
ForkPoolWorker-36 countReadsInRegions_worker: processing 5000000 (7031068.9 per sec) @ chr9:50000000-55000000
ForkPoolWorker-36,  processing 98 (55225.3 per sec) reads @ chr4:110000000-115000000
ForkPoolWorker-36 countReadsInRegions_worker: processing 5000000 (7055492.5 per sec) @ chr4:110000000-115000000
ForkPoolWorker-36,  processing 112 (57267.1 per sec) reads @ chr2:115000000-120000000
ForkPoolWorker-36 countReadsInRegions_worker: processing 5000000 (7914811.6 per sec) @ chr2:115000000-120000000
ForkPoolWorker-36,  processing 0 (0.0 per sec) reads @ chr14_KI270725v1_random:0-172810
ForkPoolWorker-36 countReadsInRegions_worker: processing 172810 (5862418.3 per sec) @ chr14_KI270725v1_random:0-172810
ForkPoolWorker-36,  processing 262 (77683.3 per sec) reads @ chr18:5000000-10000000
ForkPoolWorker-36 countReadsInRegions_worker: processing 5000000 (8184292.1 per sec) @ chr18:5000000-10000000
ForkPoolWorker-21,  processing 79 (1762.6 per sec) reads @ chr9:70000000-75000000
ForkPoolWorker-21 countReadsInRegions_worker: processing 5000000 (6327439.5 per sec) @ chr9:70000000-75000000
ForkPoolWorker-21,  processing 0 (0.0 per sec) reads @ chr14:10000000-15000000
ForkPoolWorker-21 countReadsInRegions_worker: processing 5000000 (6795007.5 per sec) @ chr14:10000000-15000000
ForkPoolWorker-21,  processing 50 (33330.5 per sec) reads @ chr6:70000000-75000000
ForkPoolWorker-21 countReadsInRegions_worker: processing 5000000 (6945957.6 per sec) @ chr6:70000000-75000000
ForkPoolWorker-21,  processing 0 (0.0 per sec) reads @ chrUn_KI270588v1:0-6158
ForkPoolWorker-21 countReadsInRegions_worker: processing 6158 (542331.2 per sec) @ chrUn_KI270588v1:0-6158
ForkPoolWorker-21,  processing 273 (67335.8 per sec) reads @ chr20:25000000-30000000
ForkPoolWorker-21 countReadsInRegions_worker: processing 5000000 (6917841.7 per sec) @ chr20:25000000-30000000
ForkPoolWorker-21,  processing 0 (0.0 per sec) reads @ chrUn_KI270381v1:0-1930
ForkPoolWorker-21 countReadsInRegions_worker: processing 1930 (181983.9 per sec) @ chrUn_KI270381v1:0-1930
ForkPoolWorker-21,  processing 87 (45363.6 per sec) reads @ chr5:80000000-85000000
ForkPoolWorker-21 countReadsInRegions_worker: processing 5000000 (6955506.6 per sec) @ chr5:80000000-85000000
ForkPoolWorker-21,  processing 189 (63734.0 per sec) reads @ chr6:145000000-150000000
ForkPoolWorker-21 countReadsInRegions_worker: processing 5000000 (6952601.1 per sec) @ chr6:145000000-150000000
ForkPoolWorker-21,  processing 477 (78467.4 per sec) reads @ chr11:55000000-60000000
ForkPoolWorker-21 countReadsInRegions_worker: processing 5000000 (6896074.1 per sec) @ chr11:55000000-60000000
ForkPoolWorker-21,  processing 1838 (87176.8 per sec) reads @ chr12:5000000-10000000
ForkPoolWorker-21 countReadsInRegions_worker: processing 5000000 (6773031.4 per sec) @ chr12:5000000-10000000
ForkPoolWorker-21,  processing 60 (45822.7 per sec) reads @ chr11:35000000-40000000
ForkPoolWorker-21 countReadsInRegions_worker: processing 5000000 (6935817.7 per sec) @ chr11:35000000-40000000
ForkPoolWorker-21,  processing 350 (70343.9 per sec) reads @ chr11:15000000-20000000
ForkPoolWorker-21 countReadsInRegions_worker: processing 5000000 (6892028.8 per sec) @ chr11:15000000-20000000
ForkPoolWorker-21,  processing 284 (71366.7 per sec) reads @ chr10:15000000-20000000
ForkPoolWorker-21 countReadsInRegions_worker: processing 5000000 (6953414.8 per sec) @ chr10:15000000-20000000
ForkPoolWorker-21,  processing 145 (67567.4 per sec) reads @ chr8:135000000-140000000
ForkPoolWorker-21 countReadsInRegions_worker: processing 5000000 (8246929.1 per sec) @ chr8:135000000-140000000
ForkPoolWorker-38,  processing 0 (0.0 per sec) reads @ chrUn_KI270521v1:0-7642
ForkPoolWorker-38 countReadsInRegions_worker: processing 7642 (275718.9 per sec) @ chrUn_KI270521v1:0-7642
ForkPoolWorker-38,  processing 41 (9332.3 per sec) reads @ chr4:25000000-30000000
ForkPoolWorker-38 countReadsInRegions_worker: processing 5000000 (6636815.3 per sec) @ chr4:25000000-30000000
ForkPoolWorker-38,  processing 705 (76392.1 per sec) reads @ chr17:50000000-55000000
ForkPoolWorker-38 countReadsInRegions_worker: processing 5000000 (6829274.3 per sec) @ chr17:50000000-55000000
ForkPoolWorker-38,  processing 0 (0.0 per sec) reads @ chrUn_KI270530v1:0-2168
ForkPoolWorker-38 countReadsInRegions_worker: processing 2168 (201839.0 per sec) @ chrUn_KI270530v1:0-2168
ForkPoolWorker-38,  processing 0 (0.0 per sec) reads @ chrUn_KI270422v1:0-1445
ForkPoolWorker-38 countReadsInRegions_worker: processing 1445 (140185.3 per sec) @ chrUn_KI270422v1:0-1445
ForkPoolWorker-38,  processing 5 (8224.1 per sec) reads @ chr21:20000000-25000000
ForkPoolWorker-38 countReadsInRegions_worker: processing 5000000 (6980496.6 per sec) @ chr21:20000000-25000000
ForkPoolWorker-38,  processing 43 (34597.2 per sec) reads @ chr11:95000000-100000000
ForkPoolWorker-38 countReadsInRegions_worker: processing 5000000 (6951981.1 per sec) @ chr11:95000000-100000000
ForkPoolWorker-38,  processing 136 (57911.2 per sec) reads @ chr18:0-5000000
ForkPoolWorker-38 countReadsInRegions_worker: processing 5000000 (6910752.0 per sec) @ chr18:0-5000000
ForkPoolWorker-38,  processing 213 (62170.3 per sec) reads @ chr18:35000000-40000000
ForkPoolWorker-38 countReadsInRegions_worker: processing 5000000 (6885995.6 per sec) @ chr18:35000000-40000000
ForkPoolWorker-38,  processing 333 (78251.1 per sec) reads @ chr4:135000000-140000000
ForkPoolWorker-38 countReadsInRegions_worker: processing 5000000 (6850458.2 per sec) @ chr4:135000000-140000000
ForkPoolWorker-38,  processing 350 (60918.2 per sec) reads @ chr14:30000000-35000000
ForkPoolWorker-38 countReadsInRegions_worker: processing 5000000 (6841905.1 per sec) @ chr14:30000000-35000000
ForkPoolWorker-38,  processing 452 (70946.2 per sec) reads @ chr9:95000000-100000000
ForkPoolWorker-38 countReadsInRegions_worker: processing 5000000 (6830186.3 per sec) @ chr9:95000000-100000000
ForkPoolWorker-38,  processing 85 (45877.7 per sec) reads @ chr4:50000000-55000000
ForkPoolWorker-38 countReadsInRegions_worker: processing 5000000 (6894181.2 per sec) @ chr4:50000000-55000000
ForkPoolWorker-38,  processing 277 (75531.3 per sec) reads @ chr3:30000000-35000000
ForkPoolWorker-38 countReadsInRegions_worker: processing 5000000 (7078532.9 per sec) @ chr3:30000000-35000000
ForkPoolWorker-38,  processing 0 (0.0 per sec) reads @ chrUn_KI270375v1:0-2378
ForkPoolWorker-38 countReadsInRegions_worker: processing 2378 (256838.2 per sec) @ chrUn_KI270375v1:0-2378
ForkPoolWorker-38,  processing 57 (38937.3 per sec) reads @ chr5:55000000-60000000
ForkPoolWorker-38 countReadsInRegions_worker: processing 5000000 (8228898.3 per sec) @ chr5:55000000-60000000
ForkPoolWorker-19,  processing 247 (5293.5 per sec) reads @ chr20:5000000-10000000
ForkPoolWorker-19 countReadsInRegions_worker: processing 5000000 (6260246.8 per sec) @ chr20:5000000-10000000
ForkPoolWorker-19,  processing 15 (14573.7 per sec) reads @ chr9:40000000-45000000
ForkPoolWorker-19 countReadsInRegions_worker: processing 5000000 (7200605.9 per sec) @ chr9:40000000-45000000
ForkPoolWorker-19,  processing 661 (78275.4 per sec) reads @ chr7:40000000-45000000
ForkPoolWorker-19 countReadsInRegions_worker: processing 5000000 (7162536.5 per sec) @ chr7:40000000-45000000
ForkPoolWorker-19,  processing 0 (0.0 per sec) reads @ chrUn_KI270519v1:0-138126
ForkPoolWorker-19 countReadsInRegions_worker: processing 138126 (4794055.5 per sec) @ chrUn_KI270519v1:0-138126
ForkPoolWorker-19,  processing 49 (38400.8 per sec) reads @ chr3:175000000-180000000
ForkPoolWorker-19 countReadsInRegions_worker: processing 5000000 (7143946.7 per sec) @ chr3:175000000-180000000
ForkPoolWorker-19,  processing 76 (46925.8 per sec) reads @ chrX:10000000-15000000
ForkPoolWorker-19 countReadsInRegions_worker: processing 5000000 (7161597.2 per sec) @ chrX:10000000-15000000
ForkPoolWorker-19,  processing 66 (49424.0 per sec) reads @ chr12:90000000-95000000
ForkPoolWorker-19 countReadsInRegions_worker: processing 5000000 (7172695.5 per sec) @ chr12:90000000-95000000
ForkPoolWorker-19,  processing 1048 (81071.8 per sec) reads @ chr2:25000000-30000000
ForkPoolWorker-19 countReadsInRegions_worker: processing 5000000 (7034417.8 per sec) @ chr2:25000000-30000000
ForkPoolWorker-19,  processing 0 (0.0 per sec) reads @ chrUn_KI270587v1:0-2969
ForkPoolWorker-19 countReadsInRegions_worker: processing 2969 (290717.6 per sec) @ chrUn_KI270587v1:0-2969
ForkPoolWorker-19,  processing 286 (71607.6 per sec) reads @ chr11:130000000-135000000
ForkPoolWorker-19 countReadsInRegions_worker: processing 5000000 (7122662.9 per sec) @ chr11:130000000-135000000
ForkPoolWorker-19,  processing 65 (50684.1 per sec) reads @ chr11:85000000-90000000
ForkPoolWorker-19 countReadsInRegions_worker: processing 5000000 (7150118.8 per sec) @ chr11:85000000-90000000
ForkPoolWorker-19,  processing 67 (48309.8 per sec) reads @ chr9:100000000-105000000
ForkPoolWorker-19 countReadsInRegions_worker: processing 5000000 (7151674.4 per sec) @ chr9:100000000-105000000
ForkPoolWorker-19,  processing 125 (61198.6 per sec) reads @ chr4:10000000-15000000
ForkPoolWorker-19 countReadsInRegions_worker: processing 5000000 (7145974.5 per sec) @ chr4:10000000-15000000
ForkPoolWorker-19,  processing 147 (65072.6 per sec) reads @ chr13:50000000-55000000
ForkPoolWorker-19 countReadsInRegions_worker: processing 5000000 (7606755.3 per sec) @ chr13:50000000-55000000
ForkPoolWorker-19,  processing 611 (85242.1 per sec) reads @ chr20:55000000-60000000
ForkPoolWorker-19 countReadsInRegions_worker: processing 5000000 (8145953.1 per sec) @ chr20:55000000-60000000
ForkPoolWorker-19,  processing 0 (0.0 per sec) reads @ chr9:45000000-50000000
ForkPoolWorker-19 countReadsInRegions_worker: processing 5000000 (8341604.7 per sec) @ chr9:45000000-50000000
ForkPoolWorker-51,  processing 82 (2082.6 per sec) reads @ chr10:30000000-35000000
ForkPoolWorker-51 countReadsInRegions_worker: processing 5000000 (6361930.9 per sec) @ chr10:30000000-35000000
ForkPoolWorker-51,  processing 0 (0.0 per sec) reads @ chrUn_KI270429v1:0-1361
ForkPoolWorker-51 countReadsInRegions_worker: processing 1361 (91071.4 per sec) @ chrUn_KI270429v1:0-1361
ForkPoolWorker-51,  processing 79 (49190.9 per sec) reads @ chr15:35000000-40000000
ForkPoolWorker-51 countReadsInRegions_worker: processing 5000000 (7100517.3 per sec) @ chr15:35000000-40000000
ForkPoolWorker-51,  processing 0 (0.0 per sec) reads @ chrUn_KI270435v1:0-92983
ForkPoolWorker-51 countReadsInRegions_worker: processing 92983 (4313909.3 per sec) @ chrUn_KI270435v1:0-92983
ForkPoolWorker-51,  processing 94 (60174.7 per sec) reads @ chr14:25000000-30000000
ForkPoolWorker-51 countReadsInRegions_worker: processing 5000000 (7189662.7 per sec) @ chr14:25000000-30000000
ForkPoolWorker-51,  processing 177 (66480.9 per sec) reads @ chrX:135000000-140000000
ForkPoolWorker-51 countReadsInRegions_worker: processing 5000000 (7156418.7 per sec) @ chrX:135000000-140000000
ForkPoolWorker-51,  processing 73 (55079.0 per sec) reads @ chr5:105000000-110000000
ForkPoolWorker-51 countReadsInRegions_worker: processing 5000000 (7149443.6 per sec) @ chr5:105000000-110000000
ForkPoolWorker-51,  processing 8 (14639.8 per sec) reads @ chr16:35000000-40000000
ForkPoolWorker-51 countReadsInRegions_worker: processing 5000000 (7095546.8 per sec) @ chr16:35000000-40000000
ForkPoolWorker-51,  processing 957 (78420.4 per sec) reads @ chr12:50000000-55000000
ForkPoolWorker-51 countReadsInRegions_worker: processing 5000000 (7056499.0 per sec) @ chr12:50000000-55000000
ForkPoolWorker-51,  processing 0 (0.0 per sec) reads @ chrY:35000000-40000000
ForkPoolWorker-51 countReadsInRegions_worker: processing 5000000 (7084716.9 per sec) @ chrY:35000000-40000000
ForkPoolWorker-51,  processing 234 (74556.9 per sec) reads @ chr2:50000000-55000000
ForkPoolWorker-51 countReadsInRegions_worker: processing 5000000 (7096939.5 per sec) @ chr2:50000000-55000000
ForkPoolWorker-51,  processing 17 (21039.6 per sec) reads @ chr10:105000000-110000000
ForkPoolWorker-51 countReadsInRegions_worker: processing 5000000 (7141042.2 per sec) @ chr10:105000000-110000000
ForkPoolWorker-51,  processing 58 (39991.7 per sec) reads @ chr12:40000000-45000000
ForkPoolWorker-51 countReadsInRegions_worker: processing 5000000 (7074063.1 per sec) @ chr12:40000000-45000000
ForkPoolWorker-51,  processing 0 (0.0 per sec) reads @ chr14:0-5000000
ForkPoolWorker-51 countReadsInRegions_worker: processing 5000000 (7562479.7 per sec) @ chr14:0-5000000
ForkPoolWorker-51,  processing 489 (82565.7 per sec) reads @ chr18:75000000-80000000
ForkPoolWorker-51 countReadsInRegions_worker: processing 5000000 (8169712.0 per sec) @ chr18:75000000-80000000
ForkPoolWorker-51,  processing 54 (48834.1 per sec) reads @ chr11:100000000-105000000
ForkPoolWorker-51 countReadsInRegions_worker: processing 5000000 (8254485.8 per sec) @ chr11:100000000-105000000
ForkPoolWorker-10,  processing 213 (4517.9 per sec) reads @ chrX:100000000-105000000
ForkPoolWorker-10 countReadsInRegions_worker: processing 5000000 (6338451.2 per sec) @ chrX:100000000-105000000
ForkPoolWorker-10,  processing 802 (93606.2 per sec) reads @ chr1:120000000-125000000
ForkPoolWorker-10 countReadsInRegions_worker: processing 5000000 (6754347.7 per sec) @ chr1:120000000-125000000
ForkPoolWorker-10,  processing 2371 (85415.0 per sec) reads @ chr19:40000000-45000000
ForkPoolWorker-10 countReadsInRegions_worker: processing 5000000 (6682650.3 per sec) @ chr19:40000000-45000000
ForkPoolWorker-10,  processing 585 (78469.7 per sec) reads @ chr2:20000000-25000000
ForkPoolWorker-10 countReadsInRegions_worker: processing 5000000 (6860275.8 per sec) @ chr2:20000000-25000000
ForkPoolWorker-10,  processing 0 (0.0 per sec) reads @ chrUn_KI270515v1:0-6361
ForkPoolWorker-10 countReadsInRegions_worker: processing 6361 (585575.0 per sec) @ chrUn_KI270515v1:0-6361
ForkPoolWorker-10,  processing 333 (68539.8 per sec) reads @ chr3:5000000-10000000
ForkPoolWorker-10 countReadsInRegions_worker: processing 5000000 (6886590.3 per sec) @ chr3:5000000-10000000
ForkPoolWorker-10,  processing 283 (70793.1 per sec) reads @ chr20:50000000-55000000
ForkPoolWorker-10 countReadsInRegions_worker: processing 5000000 (6902763.3 per sec) @ chr20:50000000-55000000
ForkPoolWorker-10,  processing 42 (39277.8 per sec) reads @ chr2:80000000-85000000
ForkPoolWorker-10 countReadsInRegions_worker: processing 5000000 (6919062.7 per sec) @ chr2:80000000-85000000
ForkPoolWorker-10,  processing 10 (15911.6 per sec) reads @ chrUn_GL000220v1:0-161802
ForkPoolWorker-10 countReadsInRegions_worker: processing 161802 (4858582.3 per sec) @ chrUn_GL000220v1:0-161802
ForkPoolWorker-10,  processing 212 (64169.2 per sec) reads @ chr8:0-5000000
ForkPoolWorker-10 countReadsInRegions_worker: processing 5000000 (6919916.6 per sec) @ chr8:0-5000000
ForkPoolWorker-10,  processing 668 (78144.6 per sec) reads @ chr20:40000000-45000000
ForkPoolWorker-10 countReadsInRegions_worker: processing 5000000 (6864434.5 per sec) @ chr20:40000000-45000000
ForkPoolWorker-10,  processing 138 (60412.7 per sec) reads @ chr2:165000000-170000000
ForkPoolWorker-10 countReadsInRegions_worker: processing 5000000 (6902822.4 per sec) @ chr2:165000000-170000000
ForkPoolWorker-10,  processing 127 (64255.3 per sec) reads @ chr3:165000000-170000000
ForkPoolWorker-10 countReadsInRegions_worker: processing 5000000 (6917650.0 per sec) @ chr3:165000000-170000000
ForkPoolWorker-10,  processing 0 (0.0 per sec) reads @ chr21:0-5000000
ForkPoolWorker-10 countReadsInRegions_worker: processing 5000000 (8184982.0 per sec) @ chr21:0-5000000
ForkPoolWorker-10,  processing 0 (0.0 per sec) reads @ chr15_KI270727v1_random:0-448248
ForkPoolWorker-10 countReadsInRegions_worker: processing 448248 (7053099.8 per sec) @ chr15_KI270727v1_random:0-448248
ForkPoolWorker-10,  processing 0 (0.0 per sec) reads @ chrUn_KI270742v1:0-186739
ForkPoolWorker-10 countReadsInRegions_worker: processing 186739 (6018812.7 per sec) @ chrUn_KI270742v1:0-186739
ForkPoolWorker-50,  processing 220 (5296.3 per sec) reads @ chr10:45000000-50000000
ForkPoolWorker-50 countReadsInRegions_worker: processing 5000000 (6355657.0 per sec) @ chr10:45000000-50000000
ForkPoolWorker-50,  processing 245 (79646.9 per sec) reads @ chr6:75000000-80000000
ForkPoolWorker-50 countReadsInRegions_worker: processing 5000000 (6899322.9 per sec) @ chr6:75000000-80000000
ForkPoolWorker-50,  processing 304 (69120.6 per sec) reads @ chr14:60000000-65000000
ForkPoolWorker-50 countReadsInRegions_worker: processing 5000000 (6859167.3 per sec) @ chr14:60000000-65000000
ForkPoolWorker-50,  processing 120 (50467.9 per sec) reads @ chr15:55000000-60000000
ForkPoolWorker-50 countReadsInRegions_worker: processing 5000000 (6883157.0 per sec) @ chr15:55000000-60000000
ForkPoolWorker-50,  processing 155 (65031.2 per sec) reads @ chr18:50000000-55000000
ForkPoolWorker-50 countReadsInRegions_worker: processing 5000000 (6875525.0 per sec) @ chr18:50000000-55000000
ForkPoolWorker-50,  processing 0 (0.0 per sec) reads @ chr4_GL000008v2_random:0-209709
ForkPoolWorker-50 countReadsInRegions_worker: processing 209709 (5287323.6 per sec) @ chr4_GL000008v2_random:0-209709
ForkPoolWorker-50,  processing 0 (0.0 per sec) reads @ chrUn_KI270395v1:0-1143
ForkPoolWorker-50 countReadsInRegions_worker: processing 1143 (110600.5 per sec) @ chrUn_KI270395v1:0-1143
ForkPoolWorker-50,  processing 415 (74373.4 per sec) reads @ chr17:55000000-60000000
ForkPoolWorker-50 countReadsInRegions_worker: processing 5000000 (6912713.3 per sec) @ chr17:55000000-60000000
ForkPoolWorker-50,  processing 0 (0.0 per sec) reads @ chrUn_KI270591v1:0-5796
ForkPoolWorker-50 countReadsInRegions_worker: processing 5796 (576166.3 per sec) @ chrUn_KI270591v1:0-5796
ForkPoolWorker-50,  processing 66 (45433.1 per sec) reads @ chr10:35000000-40000000
ForkPoolWorker-50 countReadsInRegions_worker: processing 5000000 (6937256.3 per sec) @ chr10:35000000-40000000
ForkPoolWorker-50,  processing 342 (73652.3 per sec) reads @ chr6:85000000-90000000
ForkPoolWorker-50 countReadsInRegions_worker: processing 5000000 (6913827.7 per sec) @ chr6:85000000-90000000
ForkPoolWorker-50,  processing 16 (19135.7 per sec) reads @ chr9:115000000-120000000
ForkPoolWorker-50 countReadsInRegions_worker: processing 5000000 (6931734.8 per sec) @ chr9:115000000-120000000
ForkPoolWorker-50,  processing 31 (30436.2 per sec) reads @ chr11:20000000-25000000
ForkPoolWorker-50 countReadsInRegions_worker: processing 5000000 (6929925.3 per sec) @ chr11:20000000-25000000
ForkPoolWorker-50,  processing 349 (81622.2 per sec) reads @ chr5:5000000-10000000
ForkPoolWorker-50 countReadsInRegions_worker: processing 5000000 (6909588.5 per sec) @ chr5:5000000-10000000
ForkPoolWorker-50,  processing 2321 (92449.1 per sec) reads @ chr12:130000000-133275309
ForkPoolWorker-50 countReadsInRegions_worker: processing 3275309 (7690388.9 per sec) @ chr12:130000000-133275309
ForkPoolWorker-50,  processing 8 (13791.4 per sec) reads @ chr6:65000000-70000000
ForkPoolWorker-50 countReadsInRegions_worker: processing 5000000 (8201296.9 per sec) @ chr6:65000000-70000000
