# packages in environment at /work/pa-hilario/anaconda3/envs/deeptools:
#
# Name                    Version                   Build  Channel
_openmp_mutex             4.5                      20_gnu    conda-forge
alabaster                 1.0.0              pyhd8ed1ab_1    conda-forge
babel                     2.18.0             pyhcf101f3_0    conda-forge
backports.zstd            1.3.0           py312h90b7ffd_0    conda-forge
bedops                    2.4.42               hd6d6fdc_1    bioconda
brotli                    1.2.0                hed03a55_1    conda-forge
brotli-bin                1.2.0                hb03c661_1    conda-forge
brotli-python             1.2.0           py312hdb49522_1    conda-forge
bzip2                     1.0.8                hda65f42_8    conda-forge
c-ares                    1.34.6               hb03c661_0    conda-forge
ca-certificates           2026.1.4             hbd8a1cb_0    conda-forge
certifi                   2026.01.04      py312h06a4308_0  
charset-normalizer        3.4.4              pyhd8ed1ab_0    conda-forge
click                     8.3.1                    pypi_0    pypi
colorama                  0.4.6              pyhd8ed1ab_1    conda-forge
contourpy                 1.3.3           py312h0a2e395_4    conda-forge
cycler                    0.12.1             pyhcf101f3_2    conda-forge
cython                    3.2.4           py312h47b2149_0  
deeptools                 3.5.6              pyhdfd78af_0    bioconda
deeptoolsintervals        0.1.9           py312ha9c1134_11    bioconda
docutils                  0.22.4             pyhd8ed1ab_0    conda-forge
fonttools                 4.61.1          py312h8a5da7c_0    conda-forge
freetype                  2.14.1               ha770c72_0    conda-forge
gencode-utr-fix           1.0.0                    pypi_0    pypi
h2                        4.3.0              pyhcf101f3_0    conda-forge
hpack                     4.1.0              pyhd8ed1ab_0    conda-forge
htslib                    1.22.1               h566b1c6_0    bioconda
hyperframe                6.1.0              pyhd8ed1ab_0    conda-forge
icu                       78.2                 h33c6efd_0    conda-forge
idna                      3.11               pyhd8ed1ab_0    conda-forge
imagesize                 1.4.1              pyhd8ed1ab_0    conda-forge
importlib-metadata        8.7.0              pyhe01879c_1    conda-forge
jansson                   2.15.0               h280c20c_0    conda-forge
jinja2                    3.1.6              pyhcf101f3_1    conda-forge
keyutils                  1.6.3                hb9d3cd8_0    conda-forge
kiwisolver                1.4.9           py312h0a2e395_2    conda-forge
krb5                      1.22.2               ha1258a1_0    conda-forge
lcms2                     2.18                 h0c24ade_0    conda-forge
ld_impl_linux-64          2.45.1          default_hbd61a6d_101    conda-forge
lerc                      4.0.0                h0aef613_1    conda-forge
libblas                   3.11.0          5_h4a7cf45_openblas    conda-forge
libbrotlicommon           1.2.0                hb03c661_1    conda-forge
libbrotlidec              1.2.0                hb03c661_1    conda-forge
libbrotlienc              1.2.0                hb03c661_1    conda-forge
libcblas                  3.11.0          5_h0358290_openblas    conda-forge
libcurl                   8.18.0               hcf29cc6_1    conda-forge
libdeflate                1.25                 h17f619e_0    conda-forge
libedit                   3.1.20250104    pl5321h7949ede_0    conda-forge
libev                     4.33                 hd590300_2    conda-forge
libexpat                  2.7.3                hecca717_0    conda-forge
libffi                    3.5.2                h3435931_0    conda-forge
libfreetype               2.14.1               ha770c72_0    conda-forge
libfreetype6              2.14.1               h73754d4_0    conda-forge
libgcc                    15.2.0              he0feb66_17    conda-forge
libgcc-ng                 15.2.0              h69a702a_17    conda-forge
libgfortran               15.2.0              h69a702a_17    conda-forge
libgfortran5              15.2.0              h68bc16d_17    conda-forge
libgomp                   15.2.0              he0feb66_17    conda-forge
libiconv                  1.18                 h3b78370_2    conda-forge
libjpeg-turbo             3.1.2                hb03c661_0    conda-forge
liblapack                 3.11.0          5_h47877c9_openblas    conda-forge
liblzma                   5.8.2                hb03c661_0    conda-forge
libnghttp2                1.67.0               had1ee68_0    conda-forge
libnsl                    2.0.1                hb9d3cd8_1    conda-forge
libopenblas               0.3.30          pthreads_h94d23a6_4    conda-forge
libopenssl-static         3.6.1                hb03c661_1    conda-forge
libpng                    1.6.55               h421ea60_0    conda-forge
libsqlite                 3.51.2               hf4e2dac_0    conda-forge
libssh2                   1.11.1               hcf80075_0    conda-forge
libstdcxx                 15.2.0              h934c35e_17    conda-forge
libstdcxx-ng              15.2.0              hdf11a46_17    conda-forge
libtiff                   4.7.1                h9d88235_1    conda-forge
libuuid                   2.41.3               h5347b49_0    conda-forge
libwebp-base              1.6.0                hd42ef1d_0    conda-forge
libxcb                    1.17.0               h8a09558_0    conda-forge
libxcrypt                 4.4.36               hd590300_1    conda-forge
libzlib                   1.3.1                hb9d3cd8_2    conda-forge
markupsafe                3.0.3           py312h8a5da7c_0    conda-forge
matplotlib-base           3.10.8          py312he3d6523_0    conda-forge
munkres                   1.1.4              pyhd8ed1ab_1    conda-forge
mysql-connector-c         6.1.11            h659d440_1008    conda-forge
narwhals                  2.16.0             pyhcf101f3_0    conda-forge
natsort                   8.4.0                    pypi_0    pypi
ncls                      0.0.70                   pypi_0    pypi
ncurses                   6.5                  h2d0b736_3    conda-forge
numpy                     2.4.2           py312h33ff503_1    conda-forge
numpydoc                  1.10.0             pyhcf101f3_0    conda-forge
openjpeg                  2.5.4                h55fea9a_0    conda-forge
openssl                   3.6.1                h35e630c_1    conda-forge
packaging                 26.0               pyhcf101f3_0    conda-forge
pandas                    3.0.0                    pypi_0    pypi
pillow                    12.1.1          py312h50c33e8_0    conda-forge
pip                       26.0.1             pyh8b19718_0    conda-forge
plotly                    6.5.2              pyhd8ed1ab_0    conda-forge
pthread-stubs             0.4               hb9d3cd8_1002    conda-forge
py2bit                    0.3.3           py312h0fa9677_1    bioconda
pybigwig                  0.3.25          py312h83fe50f_0    bioconda
pygments                  2.19.2             pyhd8ed1ab_0    conda-forge
pyparsing                 3.3.2              pyhcf101f3_0    conda-forge
pyranges                  0.1.4                    pypi_0    pypi
pysam                     0.23.3          py312h8f9e533_2    bioconda
pysocks                   1.7.1              pyha55dd90_7    conda-forge
python                    3.12.12         hd63d673_2_cpython    conda-forge
python-dateutil           2.9.0.post0        pyhe01879c_2    conda-forge
python_abi                3.12                    8_cp312    conda-forge
pytz                      2025.2             pyhd8ed1ab_0    conda-forge
qhull                     2020.2               h434a139_5    conda-forge
readline                  8.3                  h853b02a_0    conda-forge
requests                  2.32.5             pyhcf101f3_1    conda-forge
roman-numerals            4.1.0              pyhd8ed1ab_0    conda-forge
samtools                  1.22.1               h96c455f_0    bioconda
scipy                     1.17.0          py312h54fa4ab_1    conda-forge
setuptools                82.0.0             pyh332efcf_0    conda-forge
six                       1.17.0             pyhe01879c_1    conda-forge
snowballstemmer           3.0.1              pyhd8ed1ab_0    conda-forge
sorted-nearest            0.0.41                   pypi_0    pypi
sphinx                    9.1.0              pyhd8ed1ab_0    conda-forge
sphinxcontrib-applehelp   2.0.0              pyhd8ed1ab_1    conda-forge
sphinxcontrib-devhelp     2.0.0              pyhd8ed1ab_1    conda-forge
sphinxcontrib-htmlhelp    2.1.0              pyhd8ed1ab_1    conda-forge
sphinxcontrib-jsmath      1.0.1              pyhd8ed1ab_1    conda-forge
sphinxcontrib-qthelp      2.0.0              pyhd8ed1ab_1    conda-forge
sphinxcontrib-serializinghtml 1.1.10             pyhd8ed1ab_1    conda-forge
tabulate                  0.9.0                    pypi_0    pypi
tk                        8.6.13          noxft_h366c992_103    conda-forge
tomli                     2.4.0              pyhcf101f3_0    conda-forge
tqdm                      4.67.3                   pypi_0    pypi
tzdata                    2025c                hc9c84f9_1    conda-forge
ucsc-bigwiginfo           482                  h0b57e2e_0    bioconda
unicodedata2              17.0.1          py312h4c3975b_0    conda-forge
urllib3                   2.6.3              pyhd8ed1ab_0    conda-forge
wheel                     0.46.3             pyhd8ed1ab_0    conda-forge
xorg-libxau               1.0.12               hb03c661_1    conda-forge
xorg-libxdmcp             1.1.5                hb03c661_1    conda-forge
zipp                      3.23.0             pyhcf101f3_1    conda-forge
zlib                      1.3.1                hb9d3cd8_2    conda-forge
zlib-ng                   2.3.3                hceb46e0_1    conda-forge
zstd                      1.5.7                hb78ec9c_6    conda-forge
Specified --scaleFactor: 1.0
normalization: CPM
bamFilesList: ['output/SNRNP70-Sorbitol-rep2_L2_R1.genome.Aligned.sort.dedup.bam']
binLength: 1
numberOfSamples: None
blackListFileName: None
skipZeroOverZero: False
bed_and_bin: False
genomeChunkSize: None
defaultFragmentLength: read length
numberOfProcessors: 52
verbose: True
region: None
bedFile: None
minMappingQuality: None
ignoreDuplicates: False
chrsToSkip: []
stepSize: 1
center_read: False
samFlag_include: None
samFlag_exclude: None
minFragmentLength: 0
maxFragmentLength: 0
zerosToNans: False
smoothLength: None
save_data: False
out_file_for_raw_data: None
maxPairedFragmentLength: 1000
Final scaling factor: 14.010311589329747
ForkPoolWorker-48,  processing 89 (2045.8 per sec) reads @ chr14:95000000-100000000
ForkPoolWorker-48 countReadsInRegions_worker: processing 5000000 (6603605.8 per sec) @ chr14:95000000-100000000
ForkPoolWorker-48,  processing 291 (69566.4 per sec) reads @ chr12:55000000-60000000
ForkPoolWorker-48 countReadsInRegions_worker: processing 5000000 (7123333.1 per sec) @ chr12:55000000-60000000
ForkPoolWorker-48,  processing 0 (0.0 per sec) reads @ chrUn_KI270510v1:0-2415
ForkPoolWorker-48 countReadsInRegions_worker: processing 2415 (411925.3 per sec) @ chrUn_KI270510v1:0-2415
ForkPoolWorker-48,  processing 67 (51544.1 per sec) reads @ chr10:115000000-120000000
ForkPoolWorker-48 countReadsInRegions_worker: processing 5000000 (7184721.7 per sec) @ chr10:115000000-120000000
ForkPoolWorker-48,  processing 0 (0.0 per sec) reads @ chrUn_KI270420v1:0-2321
ForkPoolWorker-48 countReadsInRegions_worker: processing 2321 (389103.5 per sec) @ chrUn_KI270420v1:0-2321
ForkPoolWorker-48,  processing 3 (6456.1 per sec) reads @ chr4:190000000-190214555
ForkPoolWorker-48 countReadsInRegions_worker: processing 214555 (5974221.2 per sec) @ chr4:190000000-190214555
ForkPoolWorker-48,  processing 157 (59577.1 per sec) reads @ chr12:110000000-115000000
ForkPoolWorker-48 countReadsInRegions_worker: processing 5000000 (7269807.8 per sec) @ chr12:110000000-115000000
ForkPoolWorker-48,  processing 0 (0.0 per sec) reads @ chrUn_KI270544v1:0-1202
ForkPoolWorker-48 countReadsInRegions_worker: processing 1202 (196774.3 per sec) @ chrUn_KI270544v1:0-1202
ForkPoolWorker-48,  processing 743 (83519.6 per sec) reads @ chr20:60000000-64444167
ForkPoolWorker-48 countReadsInRegions_worker: processing 4444167 (7143027.5 per sec) @ chr20:60000000-64444167
ForkPoolWorker-48,  processing 2 (3981.3 per sec) reads @ chrX:25000000-30000000
ForkPoolWorker-48 countReadsInRegions_worker: processing 5000000 (7265596.7 per sec) @ chrX:25000000-30000000
ForkPoolWorker-48,  processing 2 (3818.2 per sec) reads @ chr3:0-5000000
ForkPoolWorker-48 countReadsInRegions_worker: processing 5000000 (7246120.8 per sec) @ chr3:0-5000000
ForkPoolWorker-48,  processing 92 (55843.1 per sec) reads @ chr4:80000000-85000000
ForkPoolWorker-48 countReadsInRegions_worker: processing 5000000 (7235488.2 per sec) @ chr4:80000000-85000000
ForkPoolWorker-48,  processing 63 (45995.0 per sec) reads @ chr16:20000000-25000000
ForkPoolWorker-48 countReadsInRegions_worker: processing 5000000 (7218239.7 per sec) @ chr16:20000000-25000000
ForkPoolWorker-48,  processing 201 (64355.4 per sec) reads @ chr2:70000000-75000000
ForkPoolWorker-48 countReadsInRegions_worker: processing 5000000 (7195269.7 per sec) @ chr2:70000000-75000000
ForkPoolWorker-48,  processing 17 (24294.1 per sec) reads @ chr8:135000000-140000000
ForkPoolWorker-48 countReadsInRegions_worker: processing 5000000 (7218098.1 per sec) @ chr8:135000000-140000000
ForkPoolWorker-48,  processing 0 (0.0 per sec) reads @ chrUn_KI270522v1:0-5674
ForkPoolWorker-48 countReadsInRegions_worker: processing 5674 (859275.0 per sec) @ chrUn_KI270522v1:0-5674
ForkPoolWorker-3,  processing 0 (0.0 per sec) reads @ chrY:25000000-30000000
ForkPoolWorker-3 countReadsInRegions_worker: processing 5000000 (6963904.6 per sec) @ chrY:25000000-30000000
ForkPoolWorker-3,  processing 66 (40950.3 per sec) reads @ chr10:120000000-125000000
ForkPoolWorker-3 countReadsInRegions_worker: processing 5000000 (7200949.6 per sec) @ chr10:120000000-125000000
ForkPoolWorker-3,  processing 155 (68368.6 per sec) reads @ chr19:30000000-35000000
ForkPoolWorker-3 countReadsInRegions_worker: processing 5000000 (7235223.6 per sec) @ chr19:30000000-35000000
ForkPoolWorker-3,  processing 10 (15551.7 per sec) reads @ chr6:70000000-75000000
ForkPoolWorker-3 countReadsInRegions_worker: processing 5000000 (7227678.1 per sec) @ chr6:70000000-75000000
ForkPoolWorker-3,  processing 75 (53371.7 per sec) reads @ chr9:95000000-100000000
ForkPoolWorker-3 countReadsInRegions_worker: processing 5000000 (7231424.0 per sec) @ chr9:95000000-100000000
ForkPoolWorker-3,  processing 115 (56237.0 per sec) reads @ chr15:65000000-70000000
ForkPoolWorker-3 countReadsInRegions_worker: processing 5000000 (7242852.5 per sec) @ chr15:65000000-70000000
ForkPoolWorker-3,  processing 119 (59940.2 per sec) reads @ chr4:5000000-10000000
ForkPoolWorker-3 countReadsInRegions_worker: processing 5000000 (7257990.2 per sec) @ chr4:5000000-10000000
ForkPoolWorker-3,  processing 356 (76127.9 per sec) reads @ chr22:40000000-45000000
ForkPoolWorker-3 countReadsInRegions_worker: processing 5000000 (7234841.7 per sec) @ chr22:40000000-45000000
ForkPoolWorker-3,  processing 9 (14728.3 per sec) reads @ chr9:115000000-120000000
ForkPoolWorker-3 countReadsInRegions_worker: processing 5000000 (7225028.7 per sec) @ chr9:115000000-120000000
ForkPoolWorker-3,  processing 45 (39061.2 per sec) reads @ chrX:5000000-10000000
ForkPoolWorker-3 countReadsInRegions_worker: processing 5000000 (7251221.9 per sec) @ chrX:5000000-10000000
ForkPoolWorker-3,  processing 38 (37975.6 per sec) reads @ chr3:110000000-115000000
ForkPoolWorker-3 countReadsInRegions_worker: processing 5000000 (7243005.1 per sec) @ chr3:110000000-115000000
ForkPoolWorker-3,  processing 0 (0.0 per sec) reads @ chrUn_KI270581v1:0-7046
ForkPoolWorker-3 countReadsInRegions_worker: processing 7046 (1078972.8 per sec) @ chrUn_KI270581v1:0-7046
ForkPoolWorker-32,  processing 73 (1526.6 per sec) reads @ chr11:120000000-125000000
ForkPoolWorker-32 countReadsInRegions_worker: processing 5000000 (6633632.7 per sec) @ chr11:120000000-125000000
ForkPoolWorker-32,  processing 5 (8131.6 per sec) reads @ chr14:80000000-85000000
ForkPoolWorker-32 countReadsInRegions_worker: processing 5000000 (7174221.7 per sec) @ chr14:80000000-85000000
ForkPoolWorker-32,  processing 55 (45108.9 per sec) reads @ chr12:10000000-15000000
ForkPoolWorker-32 countReadsInRegions_worker: processing 5000000 (7203979.8 per sec) @ chr12:10000000-15000000
ForkPoolWorker-32,  processing 18 (23381.1 per sec) reads @ chr8:30000000-35000000
ForkPoolWorker-32 countReadsInRegions_worker: processing 5000000 (7241649.5 per sec) @ chr8:30000000-35000000
ForkPoolWorker-32,  processing 88 (57313.5 per sec) reads @ chr14:75000000-80000000
ForkPoolWorker-32 countReadsInRegions_worker: processing 5000000 (7219773.0 per sec) @ chr14:75000000-80000000
ForkPoolWorker-32,  processing 0 (0.0 per sec) reads @ chr22_KI270735v1_random:0-42811
ForkPoolWorker-32 countReadsInRegions_worker: processing 42811 (3843701.3 per sec) @ chr22_KI270735v1_random:0-42811
ForkPoolWorker-32,  processing 139 (68629.6 per sec) reads @ chr1:10000000-15000000
ForkPoolWorker-32 countReadsInRegions_worker: processing 5000000 (7243227.7 per sec) @ chr1:10000000-15000000
ForkPoolWorker-32,  processing 9 (15326.3 per sec) reads @ chr2:185000000-190000000
ForkPoolWorker-32 countReadsInRegions_worker: processing 5000000 (7271463.9 per sec) @ chr2:185000000-190000000
ForkPoolWorker-32,  processing 11 (13821.9 per sec) reads @ chr11:80000000-85000000
ForkPoolWorker-32 countReadsInRegions_worker: processing 5000000 (7293158.1 per sec) @ chr11:80000000-85000000
ForkPoolWorker-32,  processing 15 (21694.7 per sec) reads @ chr2:190000000-195000000
ForkPoolWorker-32 countReadsInRegions_worker: processing 5000000 (7288803.4 per sec) @ chr2:190000000-195000000
ForkPoolWorker-32,  processing 67 (51525.2 per sec) reads @ chr5:170000000-175000000
ForkPoolWorker-32 countReadsInRegions_worker: processing 5000000 (7285273.7 per sec) @ chr5:170000000-175000000
ForkPoolWorker-32,  processing 33 (36969.0 per sec) reads @ chr7:50000000-55000000
ForkPoolWorker-32 countReadsInRegions_worker: processing 5000000 (7283163.6 per sec) @ chr7:50000000-55000000
ForkPoolWorker-4,  processing 143 (2729.4 per sec) reads @ chr2:235000000-240000000
ForkPoolWorker-4 countReadsInRegions_worker: processing 5000000 (6632210.3 per sec) @ chr2:235000000-240000000
ForkPoolWorker-4,  processing 53 (44548.7 per sec) reads @ chr16:5000000-10000000
ForkPoolWorker-4 countReadsInRegions_worker: processing 5000000 (7072579.2 per sec) @ chr16:5000000-10000000
ForkPoolWorker-4,  processing 34 (36002.6 per sec) reads @ chr10:15000000-20000000
ForkPoolWorker-4 countReadsInRegions_worker: processing 5000000 (7124368.8 per sec) @ chr10:15000000-20000000
ForkPoolWorker-4,  processing 30 (33635.2 per sec) reads @ chr13:40000000-45000000
ForkPoolWorker-4 countReadsInRegions_worker: processing 5000000 (7116291.9 per sec) @ chr13:40000000-45000000
ForkPoolWorker-4,  processing 9 (14705.4 per sec) reads @ chr15:45000000-50000000
ForkPoolWorker-4 countReadsInRegions_worker: processing 5000000 (7138366.0 per sec) @ chr15:45000000-50000000
ForkPoolWorker-4,  processing 7 (11371.1 per sec) reads @ chr5:155000000-160000000
ForkPoolWorker-4 countReadsInRegions_worker: processing 5000000 (7153845.7 per sec) @ chr5:155000000-160000000
ForkPoolWorker-4,  processing 112 (59576.7 per sec) reads @ chr6:105000000-110000000
ForkPoolWorker-4 countReadsInRegions_worker: processing 5000000 (7140945.0 per sec) @ chr6:105000000-110000000
ForkPoolWorker-4,  processing 49 (42861.5 per sec) reads @ chr3:140000000-145000000
ForkPoolWorker-4 countReadsInRegions_worker: processing 5000000 (7171780.6 per sec) @ chr3:140000000-145000000
ForkPoolWorker-4,  processing 0 (0.0 per sec) reads @ chr13:10000000-15000000
ForkPoolWorker-4 countReadsInRegions_worker: processing 5000000 (7206205.2 per sec) @ chr13:10000000-15000000
ForkPoolWorker-4,  processing 20 (28523.0 per sec) reads @ chr16:90000000-90338345
ForkPoolWorker-4 countReadsInRegions_worker: processing 338345 (6270421.5 per sec) @ chr16:90000000-90338345
ForkPoolWorker-4,  processing 52 (42170.1 per sec) reads @ chr5:75000000-80000000
ForkPoolWorker-4 countReadsInRegions_worker: processing 5000000 (7212691.2 per sec) @ chr5:75000000-80000000
ForkPoolWorker-4,  processing 40 (41548.3 per sec) reads @ chr4:100000000-105000000
ForkPoolWorker-4 countReadsInRegions_worker: processing 5000000 (7206658.4 per sec) @ chr4:100000000-105000000
ForkPoolWorker-12,  processing 111 (2186.6 per sec) reads @ chr2:95000000-100000000
ForkPoolWorker-12 countReadsInRegions_worker: processing 5000000 (6256265.1 per sec) @ chr2:95000000-100000000
ForkPoolWorker-12,  processing 57 (48055.3 per sec) reads @ chr6:75000000-80000000
ForkPoolWorker-12 countReadsInRegions_worker: processing 5000000 (7187213.5 per sec) @ chr6:75000000-80000000
ForkPoolWorker-12,  processing 210 (70809.9 per sec) reads @ chr9:35000000-40000000
ForkPoolWorker-12 countReadsInRegions_worker: processing 5000000 (7194403.2 per sec) @ chr9:35000000-40000000
ForkPoolWorker-12,  processing 11 (17882.7 per sec) reads @ chrX:75000000-80000000
ForkPoolWorker-12 countReadsInRegions_worker: processing 5000000 (7251713.4 per sec) @ chrX:75000000-80000000
ForkPoolWorker-12,  processing 10 (15420.2 per sec) reads @ chr1:95000000-100000000
ForkPoolWorker-12 countReadsInRegions_worker: processing 5000000 (7251823.7 per sec) @ chr1:95000000-100000000
ForkPoolWorker-12,  processing 0 (0.0 per sec) reads @ chr15:15000000-20000000
ForkPoolWorker-12 countReadsInRegions_worker: processing 5000000 (7224650.4 per sec) @ chr15:15000000-20000000
ForkPoolWorker-12,  processing 0 (0.0 per sec) reads @ chrUn_KI270448v1:0-7992
ForkPoolWorker-12 countReadsInRegions_worker: processing 7992 (1194656.9 per sec) @ chrUn_KI270448v1:0-7992
ForkPoolWorker-12,  processing 6 (11341.1 per sec) reads @ chr4:155000000-160000000
ForkPoolWorker-12 countReadsInRegions_worker: processing 5000000 (7229237.8 per sec) @ chr4:155000000-160000000
ForkPoolWorker-12,  processing 2 (3483.6 per sec) reads @ chr5:20000000-25000000
ForkPoolWorker-12 countReadsInRegions_worker: processing 5000000 (6645427.3 per sec) @ chr5:20000000-25000000
ForkPoolWorker-12,  processing 93 (55149.2 per sec) reads @ chr22:30000000-35000000
ForkPoolWorker-12 countReadsInRegions_worker: processing 5000000 (7231042.5 per sec) @ chr22:30000000-35000000
ForkPoolWorker-12,  processing 1520 (86358.7 per sec) reads @ chr19:0-5000000
ForkPoolWorker-12 countReadsInRegions_worker: processing 5000000 (7061567.2 per sec) @ chr19:0-5000000
ForkPoolWorker-12,  processing 235 (72320.9 per sec) reads @ chr14:20000000-25000000
ForkPoolWorker-12 countReadsInRegions_worker: processing 5000000 (7216592.9 per sec) @ chr14:20000000-25000000
ForkPoolWorker-51,  processing 18 (412.6 per sec) reads @ chr3:170000000-175000000
ForkPoolWorker-51 countReadsInRegions_worker: processing 5000000 (6626692.4 per sec) @ chr3:170000000-175000000
ForkPoolWorker-51,  processing 0 (0.0 per sec) reads @ chrUn_KI270362v1:0-3530
ForkPoolWorker-51 countReadsInRegions_worker: processing 3530 (497142.3 per sec) @ chrUn_KI270362v1:0-3530
ForkPoolWorker-51,  processing 177 (65179.3 per sec) reads @ chr20:35000000-40000000
ForkPoolWorker-51 countReadsInRegions_worker: processing 5000000 (7155393.2 per sec) @ chr20:35000000-40000000
ForkPoolWorker-51,  processing 5 (9584.8 per sec) reads @ chr6:60000000-65000000
ForkPoolWorker-51 countReadsInRegions_worker: processing 5000000 (7252523.4 per sec) @ chr6:60000000-65000000
ForkPoolWorker-51,  processing 545 (77249.7 per sec) reads @ chr19:5000000-10000000
ForkPoolWorker-51 countReadsInRegions_worker: processing 5000000 (7157698.6 per sec) @ chr19:5000000-10000000
ForkPoolWorker-51,  processing 0 (0.0 per sec) reads @ chr5:45000000-50000000
ForkPoolWorker-51 countReadsInRegions_worker: processing 5000000 (7250422.2 per sec) @ chr5:45000000-50000000
ForkPoolWorker-51,  processing 47 (42558.8 per sec) reads @ chr11:10000000-15000000
ForkPoolWorker-51 countReadsInRegions_worker: processing 5000000 (7259522.8 per sec) @ chr11:10000000-15000000
ForkPoolWorker-51,  processing 87 (57438.1 per sec) reads @ chr11:55000000-60000000
ForkPoolWorker-51 countReadsInRegions_worker: processing 5000000 (7258311.8 per sec) @ chr11:55000000-60000000
ForkPoolWorker-51,  processing 2 (4466.8 per sec) reads @ chr1_KI270711v1_random:0-42210
ForkPoolWorker-51 countReadsInRegions_worker: processing 42210 (3661969.4 per sec) @ chr1_KI270711v1_random:0-42210
ForkPoolWorker-51,  processing 1 (2537.4 per sec) reads @ chrUn_KI270467v1:0-3920
ForkPoolWorker-51 countReadsInRegions_worker: processing 3920 (620300.0 per sec) @ chrUn_KI270467v1:0-3920
ForkPoolWorker-51,  processing 11 (19649.6 per sec) reads @ chr2:75000000-80000000
ForkPoolWorker-51 countReadsInRegions_worker: processing 5000000 (7309248.4 per sec) @ chr2:75000000-80000000
ForkPoolWorker-51,  processing 0 (0.0 per sec) reads @ chrUn_KI270338v1:0-1428
ForkPoolWorker-51 countReadsInRegions_worker: processing 1428 (236663.0 per sec) @ chrUn_KI270338v1:0-1428
ForkPoolWorker-51,  processing 0 (0.0 per sec) reads @ chrEBV:0-171823
ForkPoolWorker-51 countReadsInRegions_worker: processing 171823 (5925165.6 per sec) @ chrEBV:0-171823
ForkPoolWorker-51,  processing 29 (35711.9 per sec) reads @ chr16:45000000-50000000
ForkPoolWorker-51 countReadsInRegions_worker: processing 5000000 (7246979.7 per sec) @ chr16:45000000-50000000
ForkPoolWorker-51,  processing 30 (35544.9 per sec) reads @ chr8:80000000-85000000
ForkPoolWorker-51 countReadsInRegions_worker: processing 5000000 (7240521.9 per sec) @ chr8:80000000-85000000
ForkPoolWorker-51,  processing 47 (41606.6 per sec) reads @ chr1:210000000-215000000
ForkPoolWorker-51 countReadsInRegions_worker: processing 5000000 (7241151.9 per sec) @ chr1:210000000-215000000
ForkPoolWorker-44,  processing 0 (0.0 per sec) reads @ chrUn_KI270749v1:0-158759
ForkPoolWorker-44 countReadsInRegions_worker: processing 158759 (2642803.9 per sec) @ chrUn_KI270749v1:0-158759
ForkPoolWorker-44,  processing 87 (46108.7 per sec) reads @ chr1:180000000-185000000
ForkPoolWorker-44 countReadsInRegions_worker: processing 5000000 (7346712.0 per sec) @ chr1:180000000-185000000
ForkPoolWorker-44,  processing 0 (0.0 per sec) reads @ chrUn_KI270372v1:0-1650
ForkPoolWorker-44 countReadsInRegions_worker: processing 1650 (246083.3 per sec) @ chrUn_KI270372v1:0-1650
ForkPoolWorker-44,  processing 82 (45278.2 per sec) reads @ chr2:10000000-15000000
ForkPoolWorker-44 countReadsInRegions_worker: processing 5000000 (7254668.5 per sec) @ chr2:10000000-15000000
ForkPoolWorker-44,  processing 19 (23859.8 per sec) reads @ chrX:100000000-105000000
ForkPoolWorker-44 countReadsInRegions_worker: processing 5000000 (7240074.4 per sec) @ chrX:100000000-105000000
ForkPoolWorker-44,  processing 24 (29382.2 per sec) reads @ chr2:55000000-60000000
ForkPoolWorker-44 countReadsInRegions_worker: processing 5000000 (7233648.9 per sec) @ chr2:55000000-60000000
ForkPoolWorker-44,  processing 0 (0.0 per sec) reads @ chrUn_KI270412v1:0-1179
ForkPoolWorker-44 countReadsInRegions_worker: processing 1179 (194657.7 per sec) @ chrUn_KI270412v1:0-1179
ForkPoolWorker-44,  processing 0 (0.0 per sec) reads @ chrY:0-5000000
ForkPoolWorker-44 countReadsInRegions_worker: processing 5000000 (7244949.3 per sec) @ chrY:0-5000000
ForkPoolWorker-44,  processing 0 (0.0 per sec) reads @ chrY:35000000-40000000
ForkPoolWorker-44 countReadsInRegions_worker: processing 5000000 (7230715.9 per sec) @ chrY:35000000-40000000
ForkPoolWorker-44,  processing 45 (40960.0 per sec) reads @ chr4:70000000-75000000
ForkPoolWorker-44 countReadsInRegions_worker: processing 5000000 (7230663.5 per sec) @ chr4:70000000-75000000
ForkPoolWorker-44,  processing 57 (47901.3 per sec) reads @ chr1:90000000-95000000
ForkPoolWorker-44 countReadsInRegions_worker: processing 5000000 (7254593.2 per sec) @ chr1:90000000-95000000
ForkPoolWorker-44,  processing 11 (17629.9 per sec) reads @ chr4:30000000-35000000
ForkPoolWorker-44 countReadsInRegions_worker: processing 5000000 (7201478.8 per sec) @ chr4:30000000-35000000
ForkPoolWorker-44,  processing 21 (27093.3 per sec) reads @ chr4:15000000-20000000
ForkPoolWorker-44 countReadsInRegions_worker: processing 5000000 (7269790.2 per sec) @ chr4:15000000-20000000
ForkPoolWorker-44,  processing 0 (0.0 per sec) reads @ chrUn_KI270515v1:0-6361
ForkPoolWorker-44 countReadsInRegions_worker: processing 6361 (940296.3 per sec) @ chrUn_KI270515v1:0-6361
ForkPoolWorker-44,  processing 34 (35866.8 per sec) reads @ chr6:110000000-115000000
ForkPoolWorker-44 countReadsInRegions_worker: processing 5000000 (7254006.0 per sec) @ chr6:110000000-115000000
ForkPoolWorker-44,  processing 0 (0.0 per sec) reads @ chrUn_KI270516v1:0-1300
ForkPoolWorker-44 countReadsInRegions_worker: processing 1300 (204400.8 per sec) @ chrUn_KI270516v1:0-1300
ForkPoolWorker-23,  processing 0 (0.0 per sec) reads @ chr14_KI270726v1_random:0-43739
ForkPoolWorker-23 countReadsInRegions_worker: processing 43739 (1234495.4 per sec) @ chr14_KI270726v1_random:0-43739
ForkPoolWorker-23,  processing 0 (0.0 per sec) reads @ chr2_KI270715v1_random:0-161471
ForkPoolWorker-23 countReadsInRegions_worker: processing 161471 (6343390.8 per sec) @ chr2_KI270715v1_random:0-161471
ForkPoolWorker-23,  processing 101 (50317.7 per sec) reads @ chr8:100000000-105000000
ForkPoolWorker-23 countReadsInRegions_worker: processing 5000000 (7700503.3 per sec) @ chr8:100000000-105000000
ForkPoolWorker-23,  processing 12 (16986.7 per sec) reads @ chr10:60000000-65000000
ForkPoolWorker-23 countReadsInRegions_worker: processing 5000000 (7164033.9 per sec) @ chr10:60000000-65000000
ForkPoolWorker-23,  processing 80 (44496.0 per sec) reads @ chr7:125000000-130000000
ForkPoolWorker-23 countReadsInRegions_worker: processing 5000000 (7204687.6 per sec) @ chr7:125000000-130000000
ForkPoolWorker-23,  processing 36 (37909.9 per sec) reads @ chr2:35000000-40000000
ForkPoolWorker-23 countReadsInRegions_worker: processing 5000000 (7232025.0 per sec) @ chr2:35000000-40000000
ForkPoolWorker-23,  processing 27 (31990.5 per sec) reads @ chr18:50000000-55000000
ForkPoolWorker-23 countReadsInRegions_worker: processing 5000000 (7243122.6 per sec) @ chr18:50000000-55000000
ForkPoolWorker-23,  processing 150 (68706.5 per sec) reads @ chr8:20000000-25000000
ForkPoolWorker-23 countReadsInRegions_worker: processing 5000000 (7223122.5 per sec) @ chr8:20000000-25000000
ForkPoolWorker-23,  processing 0 (0.0 per sec) reads @ chrUn_KI270747v1:0-198735
ForkPoolWorker-23 countReadsInRegions_worker: processing 198735 (5726420.9 per sec) @ chrUn_KI270747v1:0-198735
ForkPoolWorker-23,  processing 51 (46111.1 per sec) reads @ chr16:80000000-85000000
ForkPoolWorker-23 countReadsInRegions_worker: processing 5000000 (7287007.7 per sec) @ chr16:80000000-85000000
ForkPoolWorker-23,  processing 43 (40356.9 per sec) reads @ chr20:50000000-55000000
ForkPoolWorker-23 countReadsInRegions_worker: processing 5000000 (7279406.9 per sec) @ chr20:50000000-55000000
ForkPoolWorker-23,  processing 0 (0.0 per sec) reads @ chrUn_KI270593v1:0-3041
ForkPoolWorker-23 countReadsInRegions_worker: processing 3041 (482810.1 per sec) @ chrUn_KI270593v1:0-3041
ForkPoolWorker-23,  processing 0 (0.0 per sec) reads @ chrUn_GL000216v2:0-176608
ForkPoolWorker-23 countReadsInRegions_worker: processing 176608 (6395127.7 per sec) @ chrUn_GL000216v2:0-176608
ForkPoolWorker-23,  processing 5 (8916.5 per sec) reads @ chr14:40000000-45000000
ForkPoolWorker-23 countReadsInRegions_worker: processing 5000000 (7253188.1 per sec) @ chr14:40000000-45000000
ForkPoolWorker-23,  processing 55 (48109.8 per sec) reads @ chr7:45000000-50000000
ForkPoolWorker-23 countReadsInRegions_worker: processing 5000000 (7261234.5 per sec) @ chr7:45000000-50000000
ForkPoolWorker-23,  processing 24 (28403.9 per sec) reads @ chr4:140000000-145000000
ForkPoolWorker-23 countReadsInRegions_worker: processing 5000000 (7231461.4 per sec) @ chr4:140000000-145000000
ForkPoolWorker-5,  processing 210 (4060.1 per sec) reads @ chr2:240000000-242193529
ForkPoolWorker-5 countReadsInRegions_worker: processing 2193529 (6382206.7 per sec) @ chr2:240000000-242193529
ForkPoolWorker-5,  processing 23 (29013.2 per sec) reads @ chr9:80000000-85000000
ForkPoolWorker-5 countReadsInRegions_worker: processing 5000000 (7393408.0 per sec) @ chr9:80000000-85000000
ForkPoolWorker-5,  processing 0 (0.0 per sec) reads @ chrUn_KI270302v1:0-2274
ForkPoolWorker-5 countReadsInRegions_worker: processing 2274 (265937.5 per sec) @ chrUn_KI270302v1:0-2274
ForkPoolWorker-5,  processing 0 (0.0 per sec) reads @ chr22:0-5000000
ForkPoolWorker-5 countReadsInRegions_worker: processing 5000000 (7018902.8 per sec) @ chr22:0-5000000
ForkPoolWorker-5,  processing 499 (76016.3 per sec) reads @ chr22:50000000-50818468
ForkPoolWorker-5 countReadsInRegions_worker: processing 818468 (6401541.8 per sec) @ chr22:50000000-50818468
ForkPoolWorker-5,  processing 2 (3738.2 per sec) reads @ chr6:100000000-105000000
ForkPoolWorker-5 countReadsInRegions_worker: processing 5000000 (7045198.5 per sec) @ chr6:100000000-105000000
ForkPoolWorker-5,  processing 288 (67642.5 per sec) reads @ chr17:15000000-20000000
ForkPoolWorker-5 countReadsInRegions_worker: processing 5000000 (6993136.1 per sec) @ chr17:15000000-20000000
ForkPoolWorker-5,  processing 131 (60062.7 per sec) reads @ chr10:95000000-100000000
ForkPoolWorker-5 countReadsInRegions_worker: processing 5000000 (7009739.1 per sec) @ chr10:95000000-100000000
ForkPoolWorker-5,  processing 0 (0.0 per sec) reads @ chrUn_KI270751v1:0-150742
ForkPoolWorker-5 countReadsInRegions_worker: processing 150742 (5502343.4 per sec) @ chrUn_KI270751v1:0-150742
ForkPoolWorker-5,  processing 51 (42025.4 per sec) reads @ chr10:65000000-70000000
ForkPoolWorker-5 countReadsInRegions_worker: processing 5000000 (7007989.3 per sec) @ chr10:65000000-70000000
ForkPoolWorker-5,  processing 16 (22407.0 per sec) reads @ chr3:165000000-170000000
ForkPoolWorker-5 countReadsInRegions_worker: processing 5000000 (7003486.5 per sec) @ chr3:165000000-170000000
ForkPoolWorker-5,  processing 58 (44563.0 per sec) reads @ chr6:5000000-10000000
ForkPoolWorker-5 countReadsInRegions_worker: processing 5000000 (6996477.0 per sec) @ chr6:5000000-10000000
ForkPoolWorker-5,  processing 0 (0.0 per sec) reads @ chrUn_KI270393v1:0-1308
ForkPoolWorker-5 countReadsInRegions_worker: processing 1308 (204783.5 per sec) @ chrUn_KI270393v1:0-1308
ForkPoolWorker-5,  processing 0 (0.0 per sec) reads @ chr1_KI270710v1_random:0-40176
ForkPoolWorker-5 countReadsInRegions_worker: processing 40176 (3875672.3 per sec) @ chr1_KI270710v1_random:0-40176
ForkPoolWorker-5,  processing 166 (67018.4 per sec) reads @ chr7:155000000-159345973
ForkPoolWorker-5 countReadsInRegions_worker: processing 4345973 (6959580.7 per sec) @ chr7:155000000-159345973
ForkPoolWorker-5,  processing 5 (8749.1 per sec) reads @ chr4:90000000-95000000
ForkPoolWorker-5 countReadsInRegions_worker: processing 5000000 (7011035.0 per sec) @ chr4:90000000-95000000
ForkPoolWorker-14,  processing 19 (398.7 per sec) reads @ chr2:40000000-45000000
ForkPoolWorker-14 countReadsInRegions_worker: processing 5000000 (6565921.4 per sec) @ chr2:40000000-45000000
ForkPoolWorker-14,  processing 23 (21272.1 per sec) reads @ chrX:145000000-150000000
ForkPoolWorker-14 countReadsInRegions_worker: processing 5000000 (6952612.6 per sec) @ chrX:145000000-150000000
ForkPoolWorker-14,  processing 164 (66460.5 per sec) reads @ chr14:105000000-107043718
ForkPoolWorker-14 countReadsInRegions_worker: processing 2043718 (7209113.3 per sec) @ chr14:105000000-107043718
ForkPoolWorker-14,  processing 0 (0.0 per sec) reads @ chr22_KI270732v1_random:0-41543
ForkPoolWorker-14 countReadsInRegions_worker: processing 41543 (3690514.9 per sec) @ chr22_KI270732v1_random:0-41543
ForkPoolWorker-14,  processing 29 (33740.6 per sec) reads @ chr15:55000000-60000000
ForkPoolWorker-14 countReadsInRegions_worker: processing 5000000 (7309760.5 per sec) @ chr15:55000000-60000000
ForkPoolWorker-14,  processing 427 (83530.1 per sec) reads @ chr1:5000000-10000000
ForkPoolWorker-14 countReadsInRegions_worker: processing 5000000 (7136733.6 per sec) @ chr1:5000000-10000000
ForkPoolWorker-14,  processing 56 (48750.7 per sec) reads @ chrX:110000000-115000000
ForkPoolWorker-14 countReadsInRegions_worker: processing 5000000 (7277302.7 per sec) @ chrX:110000000-115000000
ForkPoolWorker-14,  processing 0 (0.0 per sec) reads @ chrUn_KI270538v1:0-91309
ForkPoolWorker-14 countReadsInRegions_worker: processing 91309 (5107118.4 per sec) @ chrUn_KI270538v1:0-91309
ForkPoolWorker-14,  processing 0 (0.0 per sec) reads @ chrUn_KI270422v1:0-1445
ForkPoolWorker-14 countReadsInRegions_worker: processing 1445 (257642.0 per sec) @ chrUn_KI270422v1:0-1445
ForkPoolWorker-14,  processing 84 (66176.1 per sec) reads @ chr1:60000000-65000000
ForkPoolWorker-14 countReadsInRegions_worker: processing 5000000 (7264584.9 per sec) @ chr1:60000000-65000000
ForkPoolWorker-14,  processing 0 (0.0 per sec) reads @ chrUn_KI270310v1:0-1201
ForkPoolWorker-14 countReadsInRegions_worker: processing 1201 (197087.5 per sec) @ chrUn_KI270310v1:0-1201
ForkPoolWorker-14,  processing 510 (79396.3 per sec) reads @ chr11:0-5000000
ForkPoolWorker-14 countReadsInRegions_worker: processing 5000000 (7219924.6 per sec) @ chr11:0-5000000
ForkPoolWorker-14,  processing 34 (38563.1 per sec) reads @ chr5:165000000-170000000
ForkPoolWorker-14 countReadsInRegions_worker: processing 5000000 (7260337.1 per sec) @ chr5:165000000-170000000
ForkPoolWorker-14,  processing 0 (0.0 per sec) reads @ chrUn_KI270414v1:0-2489
ForkPoolWorker-14 countReadsInRegions_worker: processing 2489 (402127.1 per sec) @ chrUn_KI270414v1:0-2489
ForkPoolWorker-14,  processing 11 (17924.4 per sec) reads @ chr11:35000000-40000000
ForkPoolWorker-14 countReadsInRegions_worker: processing 5000000 (7243007.6 per sec) @ chr11:35000000-40000000
ForkPoolWorker-14,  processing 70 (54230.0 per sec) reads @ chr10:45000000-50000000
ForkPoolWorker-14 countReadsInRegions_worker: processing 5000000 (7232616.1 per sec) @ chr10:45000000-50000000
ForkPoolWorker-14,  processing 0 (0.0 per sec) reads @ chrUn_KI270754v1:0-40191
ForkPoolWorker-14 countReadsInRegions_worker: processing 40191 (3805523.4 per sec) @ chrUn_KI270754v1:0-40191
ForkPoolWorker-14,  processing 0 (0.0 per sec) reads @ chrUn_KI270396v1:0-1880
ForkPoolWorker-14 countReadsInRegions_worker: processing 1880 (338337.4 per sec) @ chrUn_KI270396v1:0-1880
ForkPoolWorker-14,  processing 0 (0.0 per sec) reads @ chrUn_KI270305v1:0-1472
ForkPoolWorker-14 countReadsInRegions_worker: processing 1472 (273537.5 per sec) @ chrUn_KI270305v1:0-1472
ForkPoolWorker-14,  processing 10 (16244.4 per sec) reads @ chr1:195000000-200000000
ForkPoolWorker-14 countReadsInRegions_worker: processing 5000000 (7255775.4 per sec) @ chr1:195000000-200000000
ForkPoolWorker-27,  processing 0 (0.0 per sec) reads @ chr3_GL000221v1_random:0-155397
ForkPoolWorker-27 countReadsInRegions_worker: processing 155397 (3179286.1 per sec) @ chr3_GL000221v1_random:0-155397
ForkPoolWorker-27,  processing 0 (0.0 per sec) reads @ chrUn_KI270521v1:0-7642
ForkPoolWorker-27 countReadsInRegions_worker: processing 7642 (1122142.2 per sec) @ chrUn_KI270521v1:0-7642
ForkPoolWorker-27,  processing 0 (0.0 per sec) reads @ chrUn_KI270579v1:0-31033
ForkPoolWorker-27 countReadsInRegions_worker: processing 31033 (3397771.6 per sec) @ chrUn_KI270579v1:0-31033
ForkPoolWorker-27,  processing 15 (13559.2 per sec) reads @ chr4:105000000-110000000
ForkPoolWorker-27 countReadsInRegions_worker: processing 5000000 (7412005.2 per sec) @ chr4:105000000-110000000
ForkPoolWorker-27,  processing 0 (0.0 per sec) reads @ chr1:135000000-140000000
ForkPoolWorker-27 countReadsInRegions_worker: processing 5000000 (7072517.2 per sec) @ chr1:135000000-140000000
ForkPoolWorker-27,  processing 10 (12675.4 per sec) reads @ chr11:85000000-90000000
ForkPoolWorker-27 countReadsInRegions_worker: processing 5000000 (7190759.7 per sec) @ chr11:85000000-90000000
ForkPoolWorker-27,  processing 347 (71107.3 per sec) reads @ chr17:40000000-45000000
ForkPoolWorker-27 countReadsInRegions_worker: processing 5000000 (7143839.7 per sec) @ chr17:40000000-45000000
ForkPoolWorker-27,  processing 12 (13770.6 per sec) reads @ chr9:0-5000000
ForkPoolWorker-27 countReadsInRegions_worker: processing 5000000 (7199459.0 per sec) @ chr9:0-5000000
ForkPoolWorker-27,  processing 0 (0.0 per sec) reads @ chr16_KI270728v1_random:0-1872759
ForkPoolWorker-27 countReadsInRegions_worker: processing 1872759 (7115563.7 per sec) @ chr16_KI270728v1_random:0-1872759
ForkPoolWorker-27,  processing 29 (34862.4 per sec) reads @ chr1:65000000-70000000
ForkPoolWorker-27 countReadsInRegions_worker: processing 5000000 (7319797.5 per sec) @ chr1:65000000-70000000
ForkPoolWorker-27,  processing 457 (81365.0 per sec) reads @ chr6:35000000-40000000
ForkPoolWorker-27 countReadsInRegions_worker: processing 5000000 (7237498.4 per sec) @ chr6:35000000-40000000
ForkPoolWorker-27,  processing 0 (0.0 per sec) reads @ chr22:5000000-10000000
ForkPoolWorker-27 countReadsInRegions_worker: processing 5000000 (7314091.8 per sec) @ chr22:5000000-10000000
ForkPoolWorker-27,  processing 0 (0.0 per sec) reads @ chr9:55000000-60000000
ForkPoolWorker-27 countReadsInRegions_worker: processing 5000000 (7322857.0 per sec) @ chr9:55000000-60000000
ForkPoolWorker-27,  processing 0 (0.0 per sec) reads @ chr22_KI270737v1_random:0-103838
ForkPoolWorker-27 countReadsInRegions_worker: processing 103838 (4539399.4 per sec) @ chr22_KI270737v1_random:0-103838
ForkPoolWorker-27,  processing 6 (10335.0 per sec) reads @ chr5:85000000-90000000
ForkPoolWorker-27 countReadsInRegions_worker: processing 5000000 (7262300.7 per sec) @ chr5:85000000-90000000
ForkPoolWorker-27,  processing 15 (21739.7 per sec) reads @ chr10:20000000-25000000
ForkPoolWorker-27 countReadsInRegions_worker: processing 5000000 (7259178.5 per sec) @ chr10:20000000-25000000
ForkPoolWorker-50,  processing 0 (0.0 per sec) reads @ chrUn_KI270419v1:0-1029
ForkPoolWorker-50 countReadsInRegions_worker: processing 1029 (39657.6 per sec) @ chrUn_KI270419v1:0-1029
ForkPoolWorker-50,  processing 73 (4662.9 per sec) reads @ chr12:105000000-110000000
ForkPoolWorker-50 countReadsInRegions_worker: processing 5000000 (7004340.2 per sec) @ chr12:105000000-110000000
ForkPoolWorker-50,  processing 7 (12682.6 per sec) reads @ chr12:40000000-45000000
ForkPoolWorker-50 countReadsInRegions_worker: processing 5000000 (7195832.6 per sec) @ chr12:40000000-45000000
ForkPoolWorker-50,  processing 0 (0.0 per sec) reads @ chr5_GL000208v1_random:0-92689
ForkPoolWorker-50 countReadsInRegions_worker: processing 92689 (5061330.3 per sec) @ chr5_GL000208v1_random:0-92689
ForkPoolWorker-50,  processing 116 (57866.2 per sec) reads @ chr15:85000000-90000000
ForkPoolWorker-50 countReadsInRegions_worker: processing 5000000 (7256031.5 per sec) @ chr15:85000000-90000000
ForkPoolWorker-50,  processing 0 (0.0 per sec) reads @ chr22_KI270734v1_random:0-165050
ForkPoolWorker-50 countReadsInRegions_worker: processing 165050 (6088618.9 per sec) @ chr22_KI270734v1_random:0-165050
ForkPoolWorker-50,  processing 15 (21341.4 per sec) reads @ chr3:145000000-150000000
ForkPoolWorker-50 countReadsInRegions_worker: processing 5000000 (7328297.2 per sec) @ chr3:145000000-150000000
ForkPoolWorker-50,  processing 1238 (87183.3 per sec) reads @ chr22_KI270733v1_random:0-179772
ForkPoolWorker-50 countReadsInRegions_worker: processing 179772 (4201338.5 per sec) @ chr22_KI270733v1_random:0-179772
ForkPoolWorker-50,  processing 2 (3792.3 per sec) reads @ chr8:110000000-115000000
ForkPoolWorker-50 countReadsInRegions_worker: processing 5000000 (7150847.7 per sec) @ chr8:110000000-115000000
ForkPoolWorker-50,  processing 23 (27594.1 per sec) reads @ chr8:90000000-95000000
ForkPoolWorker-50 countReadsInRegions_worker: processing 5000000 (7162206.2 per sec) @ chr8:90000000-95000000
ForkPoolWorker-50,  processing 38 (37204.4 per sec) reads @ chr6:150000000-155000000
ForkPoolWorker-50 countReadsInRegions_worker: processing 5000000 (7177531.6 per sec) @ chr6:150000000-155000000
ForkPoolWorker-50,  processing 18 (24036.1 per sec) reads @ chr5:95000000-100000000
ForkPoolWorker-50 countReadsInRegions_worker: processing 5000000 (7168025.2 per sec) @ chr5:95000000-100000000
ForkPoolWorker-50,  processing 55 (45126.5 per sec) reads @ chr14:50000000-55000000
ForkPoolWorker-50 countReadsInRegions_worker: processing 5000000 (7214125.3 per sec) @ chr14:50000000-55000000
ForkPoolWorker-50,  processing 26 (32738.5 per sec) reads @ chr15:100000000-101991189
ForkPoolWorker-50 countReadsInRegions_worker: processing 1991189 (7049419.7 per sec) @ chr15:100000000-101991189
ForkPoolWorker-50,  processing 76 (47548.8 per sec) reads @ chr11:15000000-20000000
ForkPoolWorker-50 countReadsInRegions_worker: processing 5000000 (7287521.8 per sec) @ chr11:15000000-20000000
ForkPoolWorker-50,  processing 304 (74421.8 per sec) reads @ chr1:150000000-155000000
ForkPoolWorker-50 countReadsInRegions_worker: processing 5000000 (7223426.0 per sec) @ chr1:150000000-155000000
ForkPoolWorker-36,  processing 73 (1725.3 per sec) reads @ chr11:75000000-80000000
ForkPoolWorker-36 countReadsInRegions_worker: processing 5000000 (6299793.1 per sec) @ chr11:75000000-80000000
ForkPoolWorker-36,  processing 6 (8213.4 per sec) reads @ chr9:40000000-45000000
ForkPoolWorker-36 countReadsInRegions_worker: processing 5000000 (6941226.3 per sec) @ chr9:40000000-45000000
ForkPoolWorker-36,  processing 17 (22130.1 per sec) reads @ chr2:65000000-70000000
ForkPoolWorker-36 countReadsInRegions_worker: processing 5000000 (6982007.2 per sec) @ chr2:65000000-70000000
ForkPoolWorker-36,  processing 364 (70001.2 per sec) reads @ chr7:5000000-10000000
ForkPoolWorker-36 countReadsInRegions_worker: processing 5000000 (6932504.7 per sec) @ chr7:5000000-10000000
ForkPoolWorker-36,  processing 425 (71857.9 per sec) reads @ chr9:130000000-135000000
ForkPoolWorker-36 countReadsInRegions_worker: processing 5000000 (6912822.7 per sec) @ chr9:130000000-135000000
ForkPoolWorker-36,  processing 0 (0.0 per sec) reads @ chrUn_KI270755v1:0-36723
ForkPoolWorker-36 countReadsInRegions_worker: processing 36723 (3291184.3 per sec) @ chrUn_KI270755v1:0-36723
ForkPoolWorker-36,  processing 13 (16684.8 per sec) reads @ chr7:80000000-85000000
ForkPoolWorker-36 countReadsInRegions_worker: processing 5000000 (6924884.2 per sec) @ chr7:80000000-85000000
ForkPoolWorker-36,  processing 27 (30874.1 per sec) reads @ chr3:75000000-80000000
ForkPoolWorker-36 countReadsInRegions_worker: processing 5000000 (6925414.7 per sec) @ chr3:75000000-80000000
ForkPoolWorker-36,  processing 348 (73960.9 per sec) reads @ chr11:70000000-75000000
ForkPoolWorker-36 countReadsInRegions_worker: processing 5000000 (6899052.8 per sec) @ chr11:70000000-75000000
ForkPoolWorker-36,  processing 0 (0.0 per sec) reads @ chrUn_KI270757v1:0-71251
ForkPoolWorker-36 countReadsInRegions_worker: processing 71251 (4503237.6 per sec) @ chrUn_KI270757v1:0-71251
ForkPoolWorker-36,  processing 415 (70921.9 per sec) reads @ chr17:5000000-10000000
ForkPoolWorker-36 countReadsInRegions_worker: processing 5000000 (6929199.4 per sec) @ chr17:5000000-10000000
ForkPoolWorker-36,  processing 111 (55319.4 per sec) reads @ chr6:165000000-170000000
ForkPoolWorker-36 countReadsInRegions_worker: processing 5000000 (6968680.8 per sec) @ chr6:165000000-170000000
ForkPoolWorker-36,  processing 0 (0.0 per sec) reads @ chrUn_KI270517v1:0-3253
ForkPoolWorker-36 countReadsInRegions_worker: processing 3253 (491430.3 per sec) @ chrUn_KI270517v1:0-3253
ForkPoolWorker-36,  processing 0 (0.0 per sec) reads @ chr17_KI270729v1_random:0-280839
ForkPoolWorker-36 countReadsInRegions_worker: processing 280839 (5996111.6 per sec) @ chr17_KI270729v1_random:0-280839
ForkPoolWorker-16,  processing 316 (6201.2 per sec) reads @ chrM:0-16569
ForkPoolWorker-16 countReadsInRegions_worker: processing 16569 (276800.3 per sec) @ chrM:0-16569
ForkPoolWorker-16,  processing 27 (30681.7 per sec) reads @ chr1:175000000-180000000
ForkPoolWorker-16 countReadsInRegions_worker: processing 5000000 (6793805.6 per sec) @ chr1:175000000-180000000
ForkPoolWorker-16,  processing 10 (12622.0 per sec) reads @ chr3:60000000-65000000
ForkPoolWorker-16 countReadsInRegions_worker: processing 5000000 (6950603.3 per sec) @ chr3:60000000-65000000
ForkPoolWorker-16,  processing 8 (10453.1 per sec) reads @ chr7:10000000-15000000
ForkPoolWorker-16 countReadsInRegions_worker: processing 5000000 (6969074.4 per sec) @ chr7:10000000-15000000
ForkPoolWorker-16,  processing 5 (7952.8 per sec) reads @ chr2:145000000-150000000
ForkPoolWorker-16 countReadsInRegions_worker: processing 5000000 (6980361.9 per sec) @ chr2:145000000-150000000
ForkPoolWorker-16,  processing 62 (40537.3 per sec) reads @ chr16:55000000-60000000
ForkPoolWorker-16 countReadsInRegions_worker: processing 5000000 (6948643.4 per sec) @ chr16:55000000-60000000
ForkPoolWorker-16,  processing 15 (20506.7 per sec) reads @ chr5:105000000-110000000
ForkPoolWorker-16 countReadsInRegions_worker: processing 5000000 (6969711.4 per sec) @ chr5:105000000-110000000
ForkPoolWorker-16,  processing 17 (20296.9 per sec) reads @ chr2:220000000-225000000
ForkPoolWorker-16 countReadsInRegions_worker: processing 5000000 (6965611.6 per sec) @ chr2:220000000-225000000
ForkPoolWorker-16,  processing 70 (46655.2 per sec) reads @ chr20:15000000-20000000
ForkPoolWorker-16 countReadsInRegions_worker: processing 5000000 (6968433.0 per sec) @ chr20:15000000-20000000
ForkPoolWorker-16,  processing 33 (33932.8 per sec) reads @ chr16:50000000-55000000
ForkPoolWorker-16 countReadsInRegions_worker: processing 5000000 (6955760.3 per sec) @ chr16:50000000-55000000
ForkPoolWorker-16,  processing 0 (0.0 per sec) reads @ chr13:0-5000000
ForkPoolWorker-16 countReadsInRegions_worker: processing 5000000 (6953036.8 per sec) @ chr13:0-5000000
ForkPoolWorker-16,  processing 14 (20896.9 per sec) reads @ chr19:20000000-25000000
ForkPoolWorker-16 countReadsInRegions_worker: processing 5000000 (6957050.2 per sec) @ chr19:20000000-25000000
ForkPoolWorker-21,  processing 0 (0.0 per sec) reads @ chrY:50000000-55000000
ForkPoolWorker-21 countReadsInRegions_worker: processing 5000000 (7009472.0 per sec) @ chrY:50000000-55000000
ForkPoolWorker-21,  processing 9 (8139.0 per sec) reads @ chr4:60000000-65000000
ForkPoolWorker-21 countReadsInRegions_worker: processing 5000000 (6925734.9 per sec) @ chr4:60000000-65000000
ForkPoolWorker-21,  processing 40 (33729.8 per sec) reads @ chr8:45000000-50000000
ForkPoolWorker-21 countReadsInRegions_worker: processing 5000000 (6943244.0 per sec) @ chr8:45000000-50000000
ForkPoolWorker-21,  processing 12 (16941.0 per sec) reads @ chr4:50000000-55000000
ForkPoolWorker-21 countReadsInRegions_worker: processing 5000000 (6998980.1 per sec) @ chr4:50000000-55000000
ForkPoolWorker-21,  processing 286 (73467.1 per sec) reads @ chr17:35000000-40000000
ForkPoolWorker-21 countReadsInRegions_worker: processing 5000000 (6968917.0 per sec) @ chr17:35000000-40000000
ForkPoolWorker-21,  processing 1837 (83939.1 per sec) reads @ chr16:0-5000000
ForkPoolWorker-21 countReadsInRegions_worker: processing 5000000 (6786153.0 per sec) @ chr16:0-5000000
ForkPoolWorker-21,  processing 30 (33897.9 per sec) reads @ chr13:45000000-50000000
ForkPoolWorker-21 countReadsInRegions_worker: processing 5000000 (6989872.9 per sec) @ chr13:45000000-50000000
ForkPoolWorker-21,  processing 305 (74285.0 per sec) reads @ chr10:100000000-105000000
ForkPoolWorker-21 countReadsInRegions_worker: processing 5000000 (6929304.7 per sec) @ chr10:100000000-105000000
ForkPoolWorker-21,  processing 33 (41490.4 per sec) reads @ chr1_KI270713v1_random:0-40745
ForkPoolWorker-21 countReadsInRegions_worker: processing 40745 (3400933.7 per sec) @ chr1_KI270713v1_random:0-40745
ForkPoolWorker-21,  processing 0 (0.0 per sec) reads @ chr11:50000000-55000000
ForkPoolWorker-21 countReadsInRegions_worker: processing 5000000 (6972269.5 per sec) @ chr11:50000000-55000000
ForkPoolWorker-21,  processing 15 (19406.1 per sec) reads @ chr2:135000000-140000000
ForkPoolWorker-21 countReadsInRegions_worker: processing 5000000 (6961738.4 per sec) @ chr2:135000000-140000000
ForkPoolWorker-21,  processing 30 (30038.0 per sec) reads @ chr10:10000000-15000000
ForkPoolWorker-21 countReadsInRegions_worker: processing 5000000 (6962420.3 per sec) @ chr10:10000000-15000000
ForkPoolWorker-19,  processing 23 (516.8 per sec) reads @ chr2:225000000-230000000
ForkPoolWorker-19 countReadsInRegions_worker: processing 5000000 (6251010.1 per sec) @ chr2:225000000-230000000
ForkPoolWorker-19,  processing 62 (36797.3 per sec) reads @ chr6:145000000-150000000
ForkPoolWorker-19 countReadsInRegions_worker: processing 5000000 (7154570.5 per sec) @ chr6:145000000-150000000
ForkPoolWorker-19,  processing 0 (0.0 per sec) reads @ chr9_KI270720v1_random:0-39050
ForkPoolWorker-19 countReadsInRegions_worker: processing 39050 (3519815.4 per sec) @ chr9_KI270720v1_random:0-39050
ForkPoolWorker-19,  processing 474 (77111.9 per sec) reads @ chr21:45000000-46709983
ForkPoolWorker-19 countReadsInRegions_worker: processing 1709983 (6946261.4 per sec) @ chr21:45000000-46709983
ForkPoolWorker-19,  processing 42 (45030.9 per sec) reads @ chr17:20000000-25000000
ForkPoolWorker-19 countReadsInRegions_worker: processing 5000000 (7310568.2 per sec) @ chr17:20000000-25000000
ForkPoolWorker-19,  processing 4 (7577.8 per sec) reads @ chr4:95000000-100000000
ForkPoolWorker-19 countReadsInRegions_worker: processing 5000000 (7299006.5 per sec) @ chr4:95000000-100000000
ForkPoolWorker-19,  processing 19 (25218.9 per sec) reads @ chr7:35000000-40000000
ForkPoolWorker-19 countReadsInRegions_worker: processing 5000000 (7289490.0 per sec) @ chr7:35000000-40000000
ForkPoolWorker-19,  processing 0 (0.0 per sec) reads @ chrUn_KI270424v1:0-2140
ForkPoolWorker-19 countReadsInRegions_worker: processing 2140 (346235.6 per sec) @ chrUn_KI270424v1:0-2140
ForkPoolWorker-19,  processing 56 (47221.8 per sec) reads @ chr11:5000000-10000000
ForkPoolWorker-19 countReadsInRegions_worker: processing 5000000 (7279000.1 per sec) @ chr11:5000000-10000000
ForkPoolWorker-19,  processing 44 (44076.8 per sec) reads @ chr4:115000000-120000000
ForkPoolWorker-19 countReadsInRegions_worker: processing 5000000 (7270453.0 per sec) @ chr4:115000000-120000000
ForkPoolWorker-19,  processing 36 (31842.0 per sec) reads @ chrX:65000000-70000000
ForkPoolWorker-19 countReadsInRegions_worker: processing 5000000 (7261855.6 per sec) @ chrX:65000000-70000000
ForkPoolWorker-19,  processing 0 (0.0 per sec) reads @ chr1_KI270706v1_random:0-175055
ForkPoolWorker-19 countReadsInRegions_worker: processing 175055 (5858545.1 per sec) @ chr1_KI270706v1_random:0-175055
ForkPoolWorker-19,  processing 452 (76343.0 per sec) reads @ chr17:0-5000000
ForkPoolWorker-19 countReadsInRegions_worker: processing 5000000 (7223747.0 per sec) @ chr17:0-5000000
ForkPoolWorker-19,  processing 0 (0.0 per sec) reads @ chrUn_KI270509v1:0-2318
ForkPoolWorker-19 countReadsInRegions_worker: processing 2318 (375049.1 per sec) @ chrUn_KI270509v1:0-2318
ForkPoolWorker-19,  processing 47 (44864.0 per sec) reads @ chr5:5000000-10000000
ForkPoolWorker-19 countReadsInRegions_worker: processing 5000000 (7251124.2 per sec) @ chr5:5000000-10000000
ForkPoolWorker-19,  processing 242 (71672.2 per sec) reads @ chr3:180000000-185000000
ForkPoolWorker-19 countReadsInRegions_worker: processing 5000000 (7231827.9 per sec) @ chr3:180000000-185000000
ForkPoolWorker-28,  processing 1 (21.3 per sec) reads @ chr21:20000000-25000000
ForkPoolWorker-28 countReadsInRegions_worker: processing 5000000 (6390946.4 per sec) @ chr21:20000000-25000000
ForkPoolWorker-28,  processing 0 (0.0 per sec) reads @ chrUn_KI270529v1:0-1899
ForkPoolWorker-28 countReadsInRegions_worker: processing 1899 (297045.7 per sec) @ chrUn_KI270529v1:0-1899
ForkPoolWorker-28,  processing 0 (0.0 per sec) reads @ chrUn_KI270418v1:0-2145
ForkPoolWorker-28 countReadsInRegions_worker: processing 2145 (354972.7 per sec) @ chrUn_KI270418v1:0-2145
ForkPoolWorker-28,  processing 515 (80623.6 per sec) reads @ chr4:0-5000000
ForkPoolWorker-28 countReadsInRegions_worker: processing 5000000 (6955654.2 per sec) @ chr4:0-5000000
ForkPoolWorker-28,  processing 57 (35003.7 per sec) reads @ chr11:130000000-135000000
ForkPoolWorker-28 countReadsInRegions_worker: processing 5000000 (6911212.0 per sec) @ chr11:130000000-135000000
ForkPoolWorker-28,  processing 18 (17797.6 per sec) reads @ chr5:35000000-40000000
ForkPoolWorker-28 countReadsInRegions_worker: processing 5000000 (6961703.8 per sec) @ chr5:35000000-40000000
ForkPoolWorker-28,  processing 0 (0.0 per sec) reads @ chrUn_KI270746v1:0-66486
ForkPoolWorker-28 countReadsInRegions_worker: processing 66486 (3481907.6 per sec) @ chrUn_KI270746v1:0-66486
ForkPoolWorker-28,  processing 64 (45941.4 per sec) reads @ chr6:135000000-140000000
ForkPoolWorker-28 countReadsInRegions_worker: processing 5000000 (6975068.5 per sec) @ chr6:135000000-140000000
ForkPoolWorker-28,  processing 19 (24535.6 per sec) reads @ chr15:35000000-40000000
ForkPoolWorker-28 countReadsInRegions_worker: processing 5000000 (7004532.1 per sec) @ chr15:35000000-40000000
ForkPoolWorker-28,  processing 0 (0.0 per sec) reads @ chr1_KI270714v1_random:0-41717
ForkPoolWorker-28 countReadsInRegions_worker: processing 41717 (3829250.7 per sec) @ chr1_KI270714v1_random:0-41717
ForkPoolWorker-28,  processing 27 (27008.4 per sec) reads @ chr10:30000000-35000000
ForkPoolWorker-28 countReadsInRegions_worker: processing 5000000 (7001379.8 per sec) @ chr10:30000000-35000000
ForkPoolWorker-28,  processing 23 (26590.1 per sec) reads @ chr20:20000000-25000000
ForkPoolWorker-28 countReadsInRegions_worker: processing 5000000 (6996542.4 per sec) @ chr20:20000000-25000000
ForkPoolWorker-28,  processing 15 (19611.8 per sec) reads @ chr4:165000000-170000000
ForkPoolWorker-28 countReadsInRegions_worker: processing 5000000 (6980420.0 per sec) @ chr4:165000000-170000000
ForkPoolWorker-28,  processing 23 (25932.5 per sec) reads @ chr14:35000000-40000000
ForkPoolWorker-28 countReadsInRegions_worker: processing 5000000 (6967039.4 per sec) @ chr14:35000000-40000000
ForkPoolWorker-28,  processing 0 (0.0 per sec) reads @ chr9:50000000-55000000
ForkPoolWorker-28 countReadsInRegions_worker: processing 5000000 (6983451.1 per sec) @ chr9:50000000-55000000
ForkPoolWorker-28,  processing 0 (0.0 per sec) reads @ chrUn_KI270591v1:0-5796
ForkPoolWorker-28 countReadsInRegions_worker: processing 5796 (917192.5 per sec) @ chrUn_KI270591v1:0-5796
ForkPoolWorker-8,  processing 66 (1330.8 per sec) reads @ chr11:125000000-130000000
ForkPoolWorker-8 countReadsInRegions_worker: processing 5000000 (6309172.8 per sec) @ chr11:125000000-130000000
ForkPoolWorker-8,  processing 0 (0.0 per sec) reads @ chrUn_KI270384v1:0-1658
ForkPoolWorker-8 countReadsInRegions_worker: processing 1658 (158391.0 per sec) @ chrUn_KI270384v1:0-1658
ForkPoolWorker-8,  processing 410 (67543.8 per sec) reads @ chr1:15000000-20000000
ForkPoolWorker-8 countReadsInRegions_worker: processing 5000000 (6939083.4 per sec) @ chr1:15000000-20000000
ForkPoolWorker-8,  processing 14 (20068.4 per sec) reads @ chr2:160000000-165000000
ForkPoolWorker-8 countReadsInRegions_worker: processing 5000000 (6979918.1 per sec) @ chr2:160000000-165000000
ForkPoolWorker-8,  processing 408 (86489.2 per sec) reads @ chr6:10000000-15000000
ForkPoolWorker-8 countReadsInRegions_worker: processing 5000000 (6969991.7 per sec) @ chr6:10000000-15000000
ForkPoolWorker-8,  processing 0 (0.0 per sec) reads @ chr14_GL000194v1_random:0-191469
ForkPoolWorker-8 countReadsInRegions_worker: processing 191469 (5702674.9 per sec) @ chr14_GL000194v1_random:0-191469
ForkPoolWorker-8,  processing 25 (31881.3 per sec) reads @ chr11:25000000-30000000
ForkPoolWorker-8 countReadsInRegions_worker: processing 5000000 (6996091.9 per sec) @ chr11:25000000-30000000
ForkPoolWorker-8,  processing 21 (25837.6 per sec) reads @ chr12:15000000-20000000
ForkPoolWorker-8 countReadsInRegions_worker: processing 5000000 (6985128.1 per sec) @ chr12:15000000-20000000
ForkPoolWorker-8,  processing 94 (63652.7 per sec) reads @ chr6:120000000-125000000
ForkPoolWorker-8 countReadsInRegions_worker: processing 5000000 (6991079.9 per sec) @ chr6:120000000-125000000
ForkPoolWorker-8,  processing 67 (42643.2 per sec) reads @ chr3:5000000-10000000
ForkPoolWorker-8 countReadsInRegions_worker: processing 5000000 (6923791.3 per sec) @ chr3:5000000-10000000
ForkPoolWorker-8,  processing 0 (0.0 per sec) reads @ chrUn_KI270588v1:0-6158
ForkPoolWorker-8 countReadsInRegions_worker: processing 6158 (919753.7 per sec) @ chrUn_KI270588v1:0-6158
ForkPoolWorker-8,  processing 16 (21536.9 per sec) reads @ chr4:55000000-60000000
ForkPoolWorker-8 countReadsInRegions_worker: processing 5000000 (7031832.7 per sec) @ chr4:55000000-60000000
ForkPoolWorker-8,  processing 0 (0.0 per sec) reads @ chr14_GL000009v2_random:0-201709
ForkPoolWorker-8 countReadsInRegions_worker: processing 201709 (5895918.1 per sec) @ chr14_GL000009v2_random:0-201709
ForkPoolWorker-8,  processing 27 (29330.8 per sec) reads @ chr7:20000000-25000000
ForkPoolWorker-8 countReadsInRegions_worker: processing 5000000 (6978236.6 per sec) @ chr7:20000000-25000000
ForkPoolWorker-8,  processing 0 (0.0 per sec) reads @ chrUn_KI270468v1:0-4055
ForkPoolWorker-8 countReadsInRegions_worker: processing 4055 (607598.7 per sec) @ chrUn_KI270468v1:0-4055
ForkPoolWorker-8,  processing 23 (26634.2 per sec) reads @ chr8:10000000-15000000
ForkPoolWorker-8 countReadsInRegions_worker: processing 5000000 (6973832.2 per sec) @ chr8:10000000-15000000
ForkPoolWorker-39,  processing 0 (0.0 per sec) reads @ chr14:0-5000000
ForkPoolWorker-39 countReadsInRegions_worker: processing 5000000 (6692607.6 per sec) @ chr14:0-5000000
ForkPoolWorker-39,  processing 1 (1121.2 per sec) reads @ chrY:5000000-10000000
ForkPoolWorker-39 countReadsInRegions_worker: processing 5000000 (6931750.8 per sec) @ chrY:5000000-10000000
ForkPoolWorker-39,  processing 51 (36036.0 per sec) reads @ chrX:15000000-20000000
ForkPoolWorker-39 countReadsInRegions_worker: processing 5000000 (6942533.8 per sec) @ chrX:15000000-20000000
ForkPoolWorker-39,  processing 28 (29062.2 per sec) reads @ chr1:245000000-248956422
ForkPoolWorker-39 countReadsInRegions_worker: processing 3956422 (6923727.4 per sec) @ chr1:245000000-248956422
ForkPoolWorker-39,  processing 0 (0.0 per sec) reads @ chr9_KI270718v1_random:0-38054
ForkPoolWorker-39 countReadsInRegions_worker: processing 38054 (3452521.0 per sec) @ chr9_KI270718v1_random:0-38054
ForkPoolWorker-39,  processing 10 (15318.9 per sec) reads @ chr18:70000000-75000000
ForkPoolWorker-39 countReadsInRegions_worker: processing 5000000 (7012849.6 per sec) @ chr18:70000000-75000000
ForkPoolWorker-39,  processing 141 (57798.8 per sec) reads @ chr9:90000000-95000000
ForkPoolWorker-39 countReadsInRegions_worker: processing 5000000 (6974602.2 per sec) @ chr9:90000000-95000000
ForkPoolWorker-39,  processing 73 (49036.5 per sec) reads @ chr5:10000000-15000000
ForkPoolWorker-39 countReadsInRegions_worker: processing 5000000 (6967856.5 per sec) @ chr5:10000000-15000000
ForkPoolWorker-39,  processing 21 (26845.6 per sec) reads @ chr10:40000000-45000000
ForkPoolWorker-39 countReadsInRegions_worker: processing 5000000 (6962988.9 per sec) @ chr10:40000000-45000000
ForkPoolWorker-39,  processing 113 (55252.5 per sec) reads @ chr17:70000000-75000000
ForkPoolWorker-39 countReadsInRegions_worker: processing 5000000 (6930053.5 per sec) @ chr17:70000000-75000000
ForkPoolWorker-39,  processing 277 (68576.4 per sec) reads @ chr7:100000000-105000000
ForkPoolWorker-39 countReadsInRegions_worker: processing 5000000 (6924118.2 per sec) @ chr7:100000000-105000000
ForkPoolWorker-39,  processing 51 (39379.5 per sec) reads @ chr21:35000000-40000000
ForkPoolWorker-39 countReadsInRegions_worker: processing 5000000 (6931709.6 per sec) @ chr21:35000000-40000000
ForkPoolWorker-26,  processing 127 (2595.5 per sec) reads @ chr6:155000000-160000000
ForkPoolWorker-26 countReadsInRegions_worker: processing 5000000 (6343092.6 per sec) @ chr6:155000000-160000000
ForkPoolWorker-26,  processing 32 (26056.6 per sec) reads @ chr6:130000000-135000000
ForkPoolWorker-26 countReadsInRegions_worker: processing 5000000 (7041522.5 per sec) @ chr6:130000000-135000000
ForkPoolWorker-26,  processing 43 (38065.7 per sec) reads @ chr1:165000000-170000000
ForkPoolWorker-26 countReadsInRegions_worker: processing 5000000 (7120196.3 per sec) @ chr1:165000000-170000000
ForkPoolWorker-26,  processing 221 (66395.0 per sec) reads @ chr20:0-5000000
ForkPoolWorker-26 countReadsInRegions_worker: processing 5000000 (7114027.5 per sec) @ chr20:0-5000000
ForkPoolWorker-26,  processing 3 (5552.9 per sec) reads @ chr14:15000000-20000000
ForkPoolWorker-26 countReadsInRegions_worker: processing 5000000 (7169926.9 per sec) @ chr14:15000000-20000000
ForkPoolWorker-26,  processing 181 (65344.2 per sec) reads @ chr2:25000000-30000000
ForkPoolWorker-26 countReadsInRegions_worker: processing 5000000 (7171116.0 per sec) @ chr2:25000000-30000000
ForkPoolWorker-26,  processing 15 (21290.9 per sec) reads @ chr6:90000000-95000000
ForkPoolWorker-26 countReadsInRegions_worker: processing 5000000 (7174688.1 per sec) @ chr6:90000000-95000000
ForkPoolWorker-26,  processing 0 (0.0 per sec) reads @ chr15:10000000-15000000
ForkPoolWorker-26 countReadsInRegions_worker: processing 5000000 (7162257.6 per sec) @ chr15:10000000-15000000
ForkPoolWorker-26,  processing 0 (0.0 per sec) reads @ chrY:45000000-50000000
ForkPoolWorker-26 countReadsInRegions_worker: processing 5000000 (7154680.3 per sec) @ chrY:45000000-50000000
ForkPoolWorker-26,  processing 3 (5322.7 per sec) reads @ chr9:60000000-65000000
ForkPoolWorker-26 countReadsInRegions_worker: processing 5000000 (7127967.1 per sec) @ chr9:60000000-65000000
ForkPoolWorker-26,  processing 16 (21203.4 per sec) reads @ chr5:30000000-35000000
ForkPoolWorker-26 countReadsInRegions_worker: processing 5000000 (7140879.3 per sec) @ chr5:30000000-35000000
ForkPoolWorker-26,  processing 1009 (85587.7 per sec) reads @ chr17:80000000-83257441
ForkPoolWorker-26 countReadsInRegions_worker: processing 3257441 (7664671.1 per sec) @ chr17:80000000-83257441
ForkPoolWorker-11,  processing 105 (2074.6 per sec) reads @ chr1:115000000-120000000
ForkPoolWorker-11 countReadsInRegions_worker: processing 5000000 (6590612.5 per sec) @ chr1:115000000-120000000
ForkPoolWorker-11,  processing 22 (19912.5 per sec) reads @ chr8:15000000-20000000
ForkPoolWorker-11 countReadsInRegions_worker: processing 5000000 (6868937.9 per sec) @ chr8:15000000-20000000
ForkPoolWorker-11,  processing 0 (0.0 per sec) reads @ chr15_KI270727v1_random:0-448248
ForkPoolWorker-11 countReadsInRegions_worker: processing 448248 (6281576.4 per sec) @ chr15_KI270727v1_random:0-448248
ForkPoolWorker-11,  processing 69 (41149.9 per sec) reads @ chr14:70000000-75000000
ForkPoolWorker-11 countReadsInRegions_worker: processing 5000000 (6993966.3 per sec) @ chr14:70000000-75000000
ForkPoolWorker-11,  processing 12 (16464.4 per sec) reads @ chr7:115000000-120000000
ForkPoolWorker-11 countReadsInRegions_worker: processing 5000000 (6967023.2 per sec) @ chr7:115000000-120000000
ForkPoolWorker-11,  processing 35 (32775.3 per sec) reads @ chr15:60000000-65000000
ForkPoolWorker-11 countReadsInRegions_worker: processing 5000000 (6918035.6 per sec) @ chr15:60000000-65000000
ForkPoolWorker-11,  processing 343 (79531.6 per sec) reads @ chr6:50000000-55000000
ForkPoolWorker-11 countReadsInRegions_worker: processing 5000000 (6915660.8 per sec) @ chr6:50000000-55000000
ForkPoolWorker-11,  processing 76 (53466.5 per sec) reads @ chr9:75000000-80000000
ForkPoolWorker-11 countReadsInRegions_worker: processing 5000000 (6942492.4 per sec) @ chr9:75000000-80000000
ForkPoolWorker-11,  processing 216 (68241.2 per sec) reads @ chr2:215000000-220000000
ForkPoolWorker-11 countReadsInRegions_worker: processing 5000000 (6945649.3 per sec) @ chr2:215000000-220000000
ForkPoolWorker-11,  processing 0 (0.0 per sec) reads @ chrUn_KI270528v1:0-2983
ForkPoolWorker-11 countReadsInRegions_worker: processing 2983 (442247.0 per sec) @ chrUn_KI270528v1:0-2983
ForkPoolWorker-11,  processing 41 (34902.9 per sec) reads @ chr1:85000000-90000000
ForkPoolWorker-11 countReadsInRegions_worker: processing 5000000 (6931863.1 per sec) @ chr1:85000000-90000000
ForkPoolWorker-11,  processing 0 (0.0 per sec) reads @ chr14_KI270725v1_random:0-172810
ForkPoolWorker-11 countReadsInRegions_worker: processing 172810 (5592987.9 per sec) @ chr14_KI270725v1_random:0-172810
ForkPoolWorker-11,  processing 10 (14256.6 per sec) reads @ chr4:120000000-125000000
ForkPoolWorker-11 countReadsInRegions_worker: processing 5000000 (6916910.7 per sec) @ chr4:120000000-125000000
ForkPoolWorker-11,  processing 0 (0.0 per sec) reads @ chrUn_KI270745v1:0-41891
ForkPoolWorker-11 countReadsInRegions_worker: processing 41891 (3498329.3 per sec) @ chrUn_KI270745v1:0-41891
ForkPoolWorker-11,  processing 3 (5645.1 per sec) reads @ chr1_KI270709v1_random:0-66860
ForkPoolWorker-11 countReadsInRegions_worker: processing 66860 (4578542.8 per sec) @ chr1_KI270709v1_random:0-66860
ForkPoolWorker-11,  processing 84 (49145.1 per sec) reads @ chr15:95000000-100000000
ForkPoolWorker-11 countReadsInRegions_worker: processing 5000000 (6943807.2 per sec) @ chr15:95000000-100000000
ForkPoolWorker-20,  processing 73 (1509.2 per sec) reads @ chr1:55000000-60000000
ForkPoolWorker-20 countReadsInRegions_worker: processing 5000000 (6627245.3 per sec) @ chr1:55000000-60000000
ForkPoolWorker-20,  processing 0 (0.0 per sec) reads @ chrY_KI270740v1_random:0-37240
ForkPoolWorker-20 countReadsInRegions_worker: processing 37240 (2014702.8 per sec) @ chrY_KI270740v1_random:0-37240
ForkPoolWorker-20,  processing 19 (17028.2 per sec) reads @ chr6:140000000-145000000
ForkPoolWorker-20 countReadsInRegions_worker: processing 5000000 (6902742.9 per sec) @ chr6:140000000-145000000
ForkPoolWorker-20,  processing 204 (63944.3 per sec) reads @ chr6:40000000-45000000
ForkPoolWorker-20 countReadsInRegions_worker: processing 5000000 (6865149.0 per sec) @ chr6:40000000-45000000
ForkPoolWorker-20,  processing 16 (21043.9 per sec) reads @ chr1:215000000-220000000
ForkPoolWorker-20 countReadsInRegions_worker: processing 5000000 (6897235.4 per sec) @ chr1:215000000-220000000
ForkPoolWorker-20,  processing 3 (5197.4 per sec) reads @ chr13:65000000-70000000
ForkPoolWorker-20 countReadsInRegions_worker: processing 5000000 (6907269.5 per sec) @ chr13:65000000-70000000
ForkPoolWorker-20,  processing 0 (0.0 per sec) reads @ chr17_GL000205v2_random:0-185591
ForkPoolWorker-20 countReadsInRegions_worker: processing 185591 (5619829.6 per sec) @ chr17_GL000205v2_random:0-185591
ForkPoolWorker-20,  processing 34 (32957.3 per sec) reads @ chr7:65000000-70000000
ForkPoolWorker-20 countReadsInRegions_worker: processing 5000000 (6927736.8 per sec) @ chr7:65000000-70000000
ForkPoolWorker-20,  processing 0 (0.0 per sec) reads @ chrUn_KI270378v1:0-1048
ForkPoolWorker-20 countReadsInRegions_worker: processing 1048 (165386.1 per sec) @ chrUn_KI270378v1:0-1048
ForkPoolWorker-20,  processing 114 (57817.5 per sec) reads @ chr7:95000000-100000000
ForkPoolWorker-20 countReadsInRegions_worker: processing 5000000 (6917848.5 per sec) @ chr7:95000000-100000000
ForkPoolWorker-20,  processing 45 (34625.5 per sec) reads @ chr10:110000000-115000000
ForkPoolWorker-20 countReadsInRegions_worker: processing 5000000 (6909174.2 per sec) @ chr10:110000000-115000000
ForkPoolWorker-20,  processing 243 (70656.2 per sec) reads @ chr16:70000000-75000000
ForkPoolWorker-20 countReadsInRegions_worker: processing 5000000 (6893021.0 per sec) @ chr16:70000000-75000000
ForkPoolWorker-20,  processing 0 (0.0 per sec) reads @ chrUn_KI270752v1:0-27745
ForkPoolWorker-20 countReadsInRegions_worker: processing 27745 (2955753.3 per sec) @ chrUn_KI270752v1:0-27745
ForkPoolWorker-20,  processing 74 (44684.5 per sec) reads @ chr1:170000000-175000000
ForkPoolWorker-20 countReadsInRegions_worker: processing 5000000 (6932401.6 per sec) @ chr1:170000000-175000000
ForkPoolWorker-20,  processing 0 (0.0 per sec) reads @ chrUn_KI270582v1:0-6504
ForkPoolWorker-20 countReadsInRegions_worker: processing 6504 (931176.7 per sec) @ chrUn_KI270582v1:0-6504
ForkPoolWorker-20,  processing 500 (73973.6 per sec) reads @ chr12:120000000-125000000
ForkPoolWorker-20 countReadsInRegions_worker: processing 5000000 (6909333.5 per sec) @ chr12:120000000-125000000
ForkPoolWorker-38,  processing 11 (241.5 per sec) reads @ chr12:25000000-30000000
ForkPoolWorker-38 countReadsInRegions_worker: processing 5000000 (6339244.4 per sec) @ chr12:25000000-30000000
ForkPoolWorker-38,  processing 178 (49124.0 per sec) reads @ chr20:30000000-35000000
ForkPoolWorker-38 countReadsInRegions_worker: processing 5000000 (7171724.2 per sec) @ chr20:30000000-35000000
ForkPoolWorker-38,  processing 238 (53325.0 per sec) reads @ chr12:50000000-55000000
ForkPoolWorker-38 countReadsInRegions_worker: processing 5000000 (7182211.9 per sec) @ chr12:50000000-55000000
ForkPoolWorker-38,  processing 24 (24197.9 per sec) reads @ chr5:100000000-105000000
ForkPoolWorker-38 countReadsInRegions_worker: processing 5000000 (7258326.8 per sec) @ chr5:100000000-105000000
ForkPoolWorker-38,  processing 3 (5492.3 per sec) reads @ chr5:25000000-30000000
ForkPoolWorker-38 countReadsInRegions_worker: processing 5000000 (7264242.7 per sec) @ chr5:25000000-30000000
ForkPoolWorker-38,  processing 84 (44261.5 per sec) reads @ chr14:90000000-95000000
ForkPoolWorker-38 countReadsInRegions_worker: processing 5000000 (7204462.4 per sec) @ chr14:90000000-95000000
ForkPoolWorker-38,  processing 0 (0.0 per sec) reads @ chrY:20000000-25000000
ForkPoolWorker-38 countReadsInRegions_worker: processing 5000000 (7222378.7 per sec) @ chrY:20000000-25000000
ForkPoolWorker-38,  processing 499 (58900.1 per sec) reads @ chr5:175000000-180000000
ForkPoolWorker-38 countReadsInRegions_worker: processing 5000000 (7134439.2 per sec) @ chr5:175000000-180000000
ForkPoolWorker-38,  processing 15 (19544.8 per sec) reads @ chr9:25000000-30000000
ForkPoolWorker-38 countReadsInRegions_worker: processing 5000000 (7221209.9 per sec) @ chr9:25000000-30000000
ForkPoolWorker-38,  processing 21 (22997.5 per sec) reads @ chr8:25000000-30000000
ForkPoolWorker-38 countReadsInRegions_worker: processing 5000000 (7207351.9 per sec) @ chr8:25000000-30000000
ForkPoolWorker-38,  processing 43 (32443.8 per sec) reads @ chr3:150000000-155000000
ForkPoolWorker-38 countReadsInRegions_worker: processing 5000000 (7178939.5 per sec) @ chr3:150000000-155000000
ForkPoolWorker-38,  processing 56 (35469.8 per sec) reads @ chr1:110000000-115000000
ForkPoolWorker-38 countReadsInRegions_worker: processing 5000000 (7887365.9 per sec) @ chr1:110000000-115000000
ForkPoolWorker-17,  processing 0 (0.0 per sec) reads @ chrUn_KI270340v1:0-1428
ForkPoolWorker-17 countReadsInRegions_worker: processing 1428 (45893.5 per sec) @ chrUn_KI270340v1:0-1428
ForkPoolWorker-17,  processing 85 (5391.3 per sec) reads @ chrX:70000000-75000000
ForkPoolWorker-17 countReadsInRegions_worker: processing 5000000 (6856003.3 per sec) @ chrX:70000000-75000000
ForkPoolWorker-17,  processing 0 (0.0 per sec) reads @ chrUn_KI270381v1:0-1930
ForkPoolWorker-17 countReadsInRegions_worker: processing 1930 (258940.8 per sec) @ chrUn_KI270381v1:0-1930
ForkPoolWorker-17,  processing 3 (4454.1 per sec) reads @ chr2:210000000-215000000
ForkPoolWorker-17 countReadsInRegions_worker: processing 5000000 (7166433.0 per sec) @ chr2:210000000-215000000
ForkPoolWorker-17,  processing 47 (39656.5 per sec) reads @ chrX:130000000-135000000
ForkPoolWorker-17 countReadsInRegions_worker: processing 5000000 (7227675.6 per sec) @ chrX:130000000-135000000
ForkPoolWorker-17,  processing 0 (0.0 per sec) reads @ chrUn_KI270337v1:0-1121
ForkPoolWorker-17 countReadsInRegions_worker: processing 1121 (209631.0 per sec) @ chrUn_KI270337v1:0-1121
ForkPoolWorker-17,  processing 78 (53256.7 per sec) reads @ chr3:40000000-45000000
ForkPoolWorker-17 countReadsInRegions_worker: processing 5000000 (7218408.7 per sec) @ chr3:40000000-45000000
ForkPoolWorker-17,  processing 25 (32870.7 per sec) reads @ chr9:5000000-10000000
ForkPoolWorker-17 countReadsInRegions_worker: processing 5000000 (7221973.3 per sec) @ chr9:5000000-10000000
ForkPoolWorker-17,  processing 33 (38490.6 per sec) reads @ chrX:35000000-40000000
ForkPoolWorker-17 countReadsInRegions_worker: processing 5000000 (7254517.9 per sec) @ chrX:35000000-40000000
ForkPoolWorker-17,  processing 556 (90179.2 per sec) reads @ chr12:60000000-65000000
ForkPoolWorker-17 countReadsInRegions_worker: processing 5000000 (7210952.7 per sec) @ chr12:60000000-65000000
ForkPoolWorker-17,  processing 5 (8782.0 per sec) reads @ chrX:80000000-85000000
ForkPoolWorker-17 countReadsInRegions_worker: processing 5000000 (7275159.4 per sec) @ chrX:80000000-85000000
ForkPoolWorker-17,  processing 60 (43136.5 per sec) reads @ chr7:30000000-35000000
ForkPoolWorker-17 countReadsInRegions_worker: processing 5000000 (7269140.1 per sec) @ chr7:30000000-35000000
ForkPoolWorker-17,  processing 718 (79874.6 per sec) reads @ chr11:65000000-70000000
ForkPoolWorker-17 countReadsInRegions_worker: processing 5000000 (7156579.9 per sec) @ chr11:65000000-70000000
ForkPoolWorker-17,  processing 60 (48275.1 per sec) reads @ chr17:65000000-70000000
ForkPoolWorker-17 countReadsInRegions_worker: processing 5000000 (7252759.2 per sec) @ chr17:65000000-70000000
ForkPoolWorker-17,  processing 10 (16892.1 per sec) reads @ chr6:45000000-50000000
ForkPoolWorker-17 countReadsInRegions_worker: processing 5000000 (7873383.2 per sec) @ chr6:45000000-50000000
ForkPoolWorker-17,  processing 0 (0.0 per sec) reads @ chr1_KI270712v1_random:0-176043
ForkPoolWorker-17 countReadsInRegions_worker: processing 176043 (6586190.9 per sec) @ chr1_KI270712v1_random:0-176043
ForkPoolWorker-7,  processing 108 (2188.9 per sec) reads @ chr20:45000000-50000000
ForkPoolWorker-7 countReadsInRegions_worker: processing 5000000 (6231514.4 per sec) @ chr20:45000000-50000000
ForkPoolWorker-7,  processing 218 (65185.6 per sec) reads @ chr22:45000000-50000000
ForkPoolWorker-7 countReadsInRegions_worker: processing 5000000 (6959763.1 per sec) @ chr22:45000000-50000000
ForkPoolWorker-7,  processing 221 (68363.5 per sec) reads @ chr17:45000000-50000000
ForkPoolWorker-7 countReadsInRegions_worker: processing 5000000 (6980842.9 per sec) @ chr17:45000000-50000000
ForkPoolWorker-7,  processing 27 (30426.2 per sec) reads @ chr8:60000000-65000000
ForkPoolWorker-7 countReadsInRegions_worker: processing 5000000 (6966308.0 per sec) @ chr8:60000000-65000000
ForkPoolWorker-7,  processing 0 (0.0 per sec) reads @ chrUn_KI270335v1:0-1048
ForkPoolWorker-7 countReadsInRegions_worker: processing 1048 (165286.6 per sec) @ chrUn_KI270335v1:0-1048
ForkPoolWorker-7,  processing 0 (0.0 per sec) reads @ chr14_KI270722v1_random:0-194050
ForkPoolWorker-7 countReadsInRegions_worker: processing 194050 (5716987.8 per sec) @ chr14_KI270722v1_random:0-194050
ForkPoolWorker-7,  processing 27 (28955.8 per sec) reads @ chr8:130000000-135000000
ForkPoolWorker-7 countReadsInRegions_worker: processing 5000000 (6962810.9 per sec) @ chr8:130000000-135000000
ForkPoolWorker-7,  processing 68 (48480.8 per sec) reads @ chr4:20000000-25000000
ForkPoolWorker-7 countReadsInRegions_worker: processing 5000000 (6965880.0 per sec) @ chr4:20000000-25000000
ForkPoolWorker-7,  processing 0 (0.0 per sec) reads @ chrUn_GL000219v1:0-179198
ForkPoolWorker-7 countReadsInRegions_worker: processing 179198 (6008224.7 per sec) @ chrUn_GL000219v1:0-179198
ForkPoolWorker-7,  processing 15 (19599.6 per sec) reads @ chr18:25000000-30000000
ForkPoolWorker-7 countReadsInRegions_worker: processing 5000000 (6900873.5 per sec) @ chr18:25000000-30000000
ForkPoolWorker-7,  processing 42 (38163.1 per sec) reads @ chr9:85000000-90000000
ForkPoolWorker-7 countReadsInRegions_worker: processing 5000000 (6893891.1 per sec) @ chr9:85000000-90000000
ForkPoolWorker-7,  processing 35 (35875.0 per sec) reads @ chr3:65000000-70000000
ForkPoolWorker-7 countReadsInRegions_worker: processing 5000000 (6935196.2 per sec) @ chr3:65000000-70000000
ForkPoolWorker-7,  processing 0 (0.0 per sec) reads @ chrUn_KI270382v1:0-4215
ForkPoolWorker-7 countReadsInRegions_worker: processing 4215 (612938.7 per sec) @ chrUn_KI270382v1:0-4215
ForkPoolWorker-7,  processing 3 (5691.1 per sec) reads @ chrY:15000000-20000000
ForkPoolWorker-7 countReadsInRegions_worker: processing 5000000 (6941816.8 per sec) @ chrY:15000000-20000000
ForkPoolWorker-7,  processing 40 (40534.5 per sec) reads @ chr13:30000000-35000000
ForkPoolWorker-7 countReadsInRegions_worker: processing 5000000 (7092314.5 per sec) @ chr13:30000000-35000000
ForkPoolWorker-7,  processing 0 (0.0 per sec) reads @ chrUn_KI270383v1:0-1750
ForkPoolWorker-7 countReadsInRegions_worker: processing 1750 (315415.4 per sec) @ chrUn_KI270383v1:0-1750
ForkPoolWorker-41,  processing 0 (0.0 per sec) reads @ chr9_KI270719v1_random:0-176845
ForkPoolWorker-41 countReadsInRegions_worker: processing 176845 (3607728.1 per sec) @ chr9_KI270719v1_random:0-176845
ForkPoolWorker-41,  processing 31 (26953.4 per sec) reads @ chr3:100000000-105000000
ForkPoolWorker-41 countReadsInRegions_worker: processing 5000000 (7296870.6 per sec) @ chr3:100000000-105000000
ForkPoolWorker-41,  processing 52 (36020.4 per sec) reads @ chr10:0-5000000
ForkPoolWorker-41 countReadsInRegions_worker: processing 5000000 (6930598.6 per sec) @ chr10:0-5000000
ForkPoolWorker-41,  processing 55 (34201.1 per sec) reads @ chr2:85000000-90000000
ForkPoolWorker-41 countReadsInRegions_worker: processing 5000000 (6944842.0 per sec) @ chr2:85000000-90000000
ForkPoolWorker-41,  processing 25 (27053.0 per sec) reads @ chr10:25000000-30000000
ForkPoolWorker-41 countReadsInRegions_worker: processing 5000000 (6947955.1 per sec) @ chr10:25000000-30000000
ForkPoolWorker-41,  processing 23 (27515.4 per sec) reads @ chr6:80000000-85000000
ForkPoolWorker-41 countReadsInRegions_worker: processing 5000000 (6963277.9 per sec) @ chr6:80000000-85000000
ForkPoolWorker-41,  processing 130 (54449.7 per sec) reads @ chr9:110000000-115000000
ForkPoolWorker-41 countReadsInRegions_worker: processing 5000000 (6923062.2 per sec) @ chr9:110000000-115000000
ForkPoolWorker-41,  processing 84 (55015.9 per sec) reads @ chr13:95000000-100000000
ForkPoolWorker-41 countReadsInRegions_worker: processing 5000000 (6934441.7 per sec) @ chr13:95000000-100000000
ForkPoolWorker-41,  processing 94 (49307.7 per sec) reads @ chr5:130000000-135000000
ForkPoolWorker-41 countReadsInRegions_worker: processing 5000000 (6926558.4 per sec) @ chr5:130000000-135000000
ForkPoolWorker-41,  processing 138 (61562.9 per sec) reads @ chr7:25000000-30000000
ForkPoolWorker-41 countReadsInRegions_worker: processing 5000000 (6918946.3 per sec) @ chr7:25000000-30000000
ForkPoolWorker-41,  processing 434 (72049.4 per sec) reads @ chr19:40000000-45000000
ForkPoolWorker-41 countReadsInRegions_worker: processing 5000000 (6910084.8 per sec) @ chr19:40000000-45000000
ForkPoolWorker-41,  processing 235 (72979.5 per sec) reads @ chr6:0-5000000
ForkPoolWorker-41 countReadsInRegions_worker: processing 5000000 (6940679.5 per sec) @ chr6:0-5000000
ForkPoolWorker-25,  processing 17 (378.1 per sec) reads @ chrX:135000000-140000000
ForkPoolWorker-25 countReadsInRegions_worker: processing 5000000 (6574954.2 per sec) @ chrX:135000000-140000000
ForkPoolWorker-25,  processing 0 (0.0 per sec) reads @ chr17_KI270730v1_random:0-112551
ForkPoolWorker-25 countReadsInRegions_worker: processing 112551 (3644029.7 per sec) @ chr17_KI270730v1_random:0-112551
ForkPoolWorker-25,  processing 0 (0.0 per sec) reads @ chr9_KI270717v1_random:0-40062
ForkPoolWorker-25 countReadsInRegions_worker: processing 40062 (3801719.7 per sec) @ chr9_KI270717v1_random:0-40062
ForkPoolWorker-25,  processing 25 (23967.5 per sec) reads @ chr3:15000000-20000000
ForkPoolWorker-25 countReadsInRegions_worker: processing 5000000 (7017233.0 per sec) @ chr3:15000000-20000000
ForkPoolWorker-25,  processing 87 (48569.7 per sec) reads @ chr13:75000000-80000000
ForkPoolWorker-25 countReadsInRegions_worker: processing 5000000 (7029277.8 per sec) @ chr13:75000000-80000000
ForkPoolWorker-25,  processing 175 (68032.6 per sec) reads @ chr1:240000000-245000000
ForkPoolWorker-25 countReadsInRegions_worker: processing 5000000 (7000129.5 per sec) @ chr1:240000000-245000000
ForkPoolWorker-25,  processing 0 (0.0 per sec) reads @ chrUn_KI270548v1:0-1599
ForkPoolWorker-25 countReadsInRegions_worker: processing 1599 (271581.0 per sec) @ chrUn_KI270548v1:0-1599
ForkPoolWorker-25,  processing 0 (0.0 per sec) reads @ chrUn_KI270392v1:0-971
ForkPoolWorker-25 countReadsInRegions_worker: processing 971 (176405.3 per sec) @ chrUn_KI270392v1:0-971
ForkPoolWorker-25,  processing 42 (38555.7 per sec) reads @ chr6:160000000-165000000
ForkPoolWorker-25 countReadsInRegions_worker: processing 5000000 (6993882.4 per sec) @ chr6:160000000-165000000
ForkPoolWorker-25,  processing 54 (41765.2 per sec) reads @ chr11:30000000-35000000
ForkPoolWorker-25 countReadsInRegions_worker: processing 5000000 (6994444.5 per sec) @ chr11:30000000-35000000
ForkPoolWorker-25,  processing 36 (36437.0 per sec) reads @ chr3:190000000-195000000
ForkPoolWorker-25 countReadsInRegions_worker: processing 5000000 (6973635.1 per sec) @ chr3:190000000-195000000
ForkPoolWorker-25,  processing 1 (1736.8 per sec) reads @ chr10:55000000-60000000
ForkPoolWorker-25 countReadsInRegions_worker: processing 5000000 (6956311.8 per sec) @ chr10:55000000-60000000
ForkPoolWorker-25,  processing 0 (0.0 per sec) reads @ chr8:145000000-145138636
ForkPoolWorker-25 countReadsInRegions_worker: processing 138636 (5532176.4 per sec) @ chr8:145000000-145138636
ForkPoolWorker-25,  processing 234 (69039.6 per sec) reads @ chr1:35000000-40000000
ForkPoolWorker-25 countReadsInRegions_worker: processing 5000000 (6964251.4 per sec) @ chr1:35000000-40000000
ForkPoolWorker-25,  processing 6 (9421.9 per sec) reads @ chr8:115000000-120000000
ForkPoolWorker-25 countReadsInRegions_worker: processing 5000000 (6962124.4 per sec) @ chr8:115000000-120000000
ForkPoolWorker-25,  processing 7 (10692.0 per sec) reads @ chr3:105000000-110000000
ForkPoolWorker-25 countReadsInRegions_worker: processing 5000000 (7063241.6 per sec) @ chr3:105000000-110000000
ForkPoolWorker-52,  processing 0 (0.0 per sec) reads @ chrUn_KI270304v1:0-2165
ForkPoolWorker-52 countReadsInRegions_worker: processing 2165 (83042.2 per sec) @ chrUn_KI270304v1:0-2165
ForkPoolWorker-52,  processing 305 (16686.2 per sec) reads @ chr12:5000000-10000000
ForkPoolWorker-52 countReadsInRegions_worker: processing 5000000 (6554802.4 per sec) @ chr12:5000000-10000000
ForkPoolWorker-52,  processing 13 (9650.6 per sec) reads @ chr8:85000000-90000000
ForkPoolWorker-52 countReadsInRegions_worker: processing 5000000 (6205638.2 per sec) @ chr8:85000000-90000000
ForkPoolWorker-52,  processing 188 (55951.8 per sec) reads @ chr15:70000000-75000000
ForkPoolWorker-52 countReadsInRegions_worker: processing 5000000 (7146992.4 per sec) @ chr15:70000000-75000000
ForkPoolWorker-52,  processing 0 (0.0 per sec) reads @ chrUn_KI270417v1:0-2043
ForkPoolWorker-52 countReadsInRegions_worker: processing 2043 (328136.7 per sec) @ chrUn_KI270417v1:0-2043
ForkPoolWorker-52,  processing 25 (31621.7 per sec) reads @ chr2:195000000-200000000
ForkPoolWorker-52 countReadsInRegions_worker: processing 5000000 (7229763.6 per sec) @ chr2:195000000-200000000
ForkPoolWorker-52,  processing 74 (49948.3 per sec) reads @ chr1:220000000-225000000
ForkPoolWorker-52 countReadsInRegions_worker: processing 5000000 (7223005.6 per sec) @ chr1:220000000-225000000
ForkPoolWorker-52,  processing 1 (1984.1 per sec) reads @ chr4:160000000-165000000
ForkPoolWorker-52 countReadsInRegions_worker: processing 5000000 (7237156.2 per sec) @ chr4:160000000-165000000
ForkPoolWorker-52,  processing 5 (10058.3 per sec) reads @ chrUn_KI270442v1:0-392061
ForkPoolWorker-52 countReadsInRegions_worker: processing 392061 (6318968.2 per sec) @ chrUn_KI270442v1:0-392061
ForkPoolWorker-52,  processing 35 (39430.7 per sec) reads @ chr19:25000000-30000000
ForkPoolWorker-52 countReadsInRegions_worker: processing 5000000 (7184566.6 per sec) @ chr19:25000000-30000000
ForkPoolWorker-52,  processing 0 (0.0 per sec) reads @ chrUn_KI270466v1:0-1233
ForkPoolWorker-52 countReadsInRegions_worker: processing 1233 (205981.5 per sec) @ chrUn_KI270466v1:0-1233
ForkPoolWorker-52,  processing 95 (58683.2 per sec) reads @ chr17:50000000-55000000
ForkPoolWorker-52 countReadsInRegions_worker: processing 5000000 (7163397.7 per sec) @ chr17:50000000-55000000
ForkPoolWorker-52,  processing 386 (68738.6 per sec) reads @ chr21:5000000-10000000
ForkPoolWorker-52 countReadsInRegions_worker: processing 5000000 (7120853.9 per sec) @ chr21:5000000-10000000
ForkPoolWorker-52,  processing 7 (11843.5 per sec) reads @ chr4:45000000-50000000
ForkPoolWorker-52 countReadsInRegions_worker: processing 5000000 (7189487.7 per sec) @ chr4:45000000-50000000
ForkPoolWorker-52,  processing 13 (18439.6 per sec) reads @ chr5:65000000-70000000
ForkPoolWorker-52 countReadsInRegions_worker: processing 5000000 (7181250.2 per sec) @ chr5:65000000-70000000
ForkPoolWorker-52,  processing 290 (77385.7 per sec) reads @ chr16:65000000-70000000
ForkPoolWorker-52 countReadsInRegions_worker: processing 5000000 (7864030.0 per sec) @ chr16:65000000-70000000
ForkPoolWorker-40,  processing 170 (3620.6 per sec) reads @ chr17:25000000-30000000
ForkPoolWorker-40 countReadsInRegions_worker: processing 5000000 (6328984.3 per sec) @ chr17:25000000-30000000
ForkPoolWorker-40,  processing 14 (16568.9 per sec) reads @ chr5:55000000-60000000
ForkPoolWorker-40 countReadsInRegions_worker: processing 5000000 (6952130.9 per sec) @ chr5:55000000-60000000
ForkPoolWorker-40,  processing 0 (0.0 per sec) reads @ chrUn_KI270364v1:0-2855
ForkPoolWorker-40 countReadsInRegions_worker: processing 2855 (439472.2 per sec) @ chrUn_KI270364v1:0-2855
ForkPoolWorker-40,  processing 167 (63086.4 per sec) reads @ chr2:230000000-235000000
ForkPoolWorker-40 countReadsInRegions_worker: processing 5000000 (6948737.8 per sec) @ chr2:230000000-235000000
ForkPoolWorker-40,  processing 0 (0.0 per sec) reads @ chrUn_KI270423v1:0-981
ForkPoolWorker-40 countReadsInRegions_worker: processing 981 (152370.5 per sec) @ chrUn_KI270423v1:0-981
ForkPoolWorker-40,  processing 110 (50639.2 per sec) reads @ chr9:30000000-35000000
ForkPoolWorker-40 countReadsInRegions_worker: processing 5000000 (6955239.0 per sec) @ chr9:30000000-35000000
ForkPoolWorker-40,  processing 9 (13198.9 per sec) reads @ chr15:50000000-55000000
ForkPoolWorker-40 countReadsInRegions_worker: processing 5000000 (6934950.8 per sec) @ chr15:50000000-55000000
ForkPoolWorker-40,  processing 2 (3797.5 per sec) reads @ chr2:140000000-145000000
ForkPoolWorker-40 countReadsInRegions_worker: processing 5000000 (6922733.1 per sec) @ chr2:140000000-145000000
ForkPoolWorker-40,  processing 0 (0.0 per sec) reads @ chr1:125000000-130000000
ForkPoolWorker-40 countReadsInRegions_worker: processing 5000000 (6931178.1 per sec) @ chr1:125000000-130000000
ForkPoolWorker-40,  processing 22 (28532.7 per sec) reads @ chr4:145000000-150000000
ForkPoolWorker-40 countReadsInRegions_worker: processing 5000000 (6908138.6 per sec) @ chr4:145000000-150000000
ForkPoolWorker-40,  processing 0 (0.0 per sec) reads @ chr14_KI270724v1_random:0-39555
ForkPoolWorker-40 countReadsInRegions_worker: processing 39555 (3524658.9 per sec) @ chr14_KI270724v1_random:0-39555
ForkPoolWorker-40,  processing 14 (19246.2 per sec) reads @ chr6:170000000-170805979
ForkPoolWorker-40 countReadsInRegions_worker: processing 805979 (6521167.3 per sec) @ chr6:170000000-170805979
ForkPoolWorker-40,  processing 0 (0.0 per sec) reads @ chr14_GL000225v1_random:0-211173
ForkPoolWorker-40 countReadsInRegions_worker: processing 211173 (5747310.4 per sec) @ chr14_GL000225v1_random:0-211173
ForkPoolWorker-40,  processing 133 (54776.4 per sec) reads @ chr20:55000000-60000000
ForkPoolWorker-40 countReadsInRegions_worker: processing 5000000 (6993371.6 per sec) @ chr20:55000000-60000000
ForkPoolWorker-40,  processing 60 (45051.6 per sec) reads @ chr6:20000000-25000000
ForkPoolWorker-40 countReadsInRegions_worker: processing 5000000 (7009284.5 per sec) @ chr6:20000000-25000000
ForkPoolWorker-40,  processing 3 (5499.5 per sec) reads @ chr13:60000000-65000000
ForkPoolWorker-40 countReadsInRegions_worker: processing 5000000 (7162675.9 per sec) @ chr13:60000000-65000000
ForkPoolWorker-10,  processing 495 (8943.1 per sec) reads @ chr17:75000000-80000000
ForkPoolWorker-10 countReadsInRegions_worker: processing 5000000 (6500090.0 per sec) @ chr17:75000000-80000000
ForkPoolWorker-10,  processing 196 (62917.8 per sec) reads @ chr1:20000000-25000000
ForkPoolWorker-10 countReadsInRegions_worker: processing 5000000 (7133519.5 per sec) @ chr1:20000000-25000000
ForkPoolWorker-10,  processing 3 (5497.1 per sec) reads @ chr12:85000000-90000000
ForkPoolWorker-10 countReadsInRegions_worker: processing 5000000 (7190227.2 per sec) @ chr12:85000000-90000000
ForkPoolWorker-10,  processing 171 (65007.3 per sec) reads @ chr15:75000000-80000000
ForkPoolWorker-10 countReadsInRegions_worker: processing 5000000 (7180377.4 per sec) @ chr15:75000000-80000000
ForkPoolWorker-10,  processing 7 (11266.4 per sec) reads @ chr3:160000000-165000000
ForkPoolWorker-10 countReadsInRegions_worker: processing 5000000 (7202124.3 per sec) @ chr3:160000000-165000000
ForkPoolWorker-10,  processing 29 (35266.7 per sec) reads @ chr4:150000000-155000000
ForkPoolWorker-10 countReadsInRegions_worker: processing 5000000 (7222615.0 per sec) @ chr4:150000000-155000000
ForkPoolWorker-10,  processing 108 (64271.4 per sec) reads @ chr21:15000000-20000000
ForkPoolWorker-10 countReadsInRegions_worker: processing 5000000 (7204294.1 per sec) @ chr21:15000000-20000000
ForkPoolWorker-10,  processing 0 (0.0 per sec) reads @ chrUn_KI270394v1:0-970
ForkPoolWorker-10 countReadsInRegions_worker: processing 970 (161300.2 per sec) @ chrUn_KI270394v1:0-970
ForkPoolWorker-10,  processing 0 (0.0 per sec) reads @ chrUn_KI270330v1:0-1652
ForkPoolWorker-10 countReadsInRegions_worker: processing 1652 (268201.7 per sec) @ chrUn_KI270330v1:0-1652
ForkPoolWorker-10,  processing 604 (76885.0 per sec) reads @ chr19:10000000-15000000
ForkPoolWorker-10 countReadsInRegions_worker: processing 5000000 (7134165.0 per sec) @ chr19:10000000-15000000
ForkPoolWorker-10,  processing 0 (0.0 per sec) reads @ chrUn_KI270435v1:0-92983
ForkPoolWorker-10 countReadsInRegions_worker: processing 92983 (4893828.3 per sec) @ chrUn_KI270435v1:0-92983
ForkPoolWorker-10,  processing 0 (0.0 per sec) reads @ chrUn_KI270391v1:0-1484
ForkPoolWorker-10 countReadsInRegions_worker: processing 1484 (241141.6 per sec) @ chrUn_KI270391v1:0-1484
ForkPoolWorker-10,  processing 11 (17325.3 per sec) reads @ chrY:10000000-15000000
ForkPoolWorker-10 countReadsInRegions_worker: processing 5000000 (7207233.0 per sec) @ chrY:10000000-15000000
ForkPoolWorker-10,  processing 28 (32406.3 per sec) reads @ chr1:70000000-75000000
ForkPoolWorker-10 countReadsInRegions_worker: processing 5000000 (7220287.5 per sec) @ chr1:70000000-75000000
ForkPoolWorker-10,  processing 0 (0.0 per sec) reads @ chrUn_KI270303v1:0-1942
ForkPoolWorker-10 countReadsInRegions_worker: processing 1942 (303737.9 per sec) @ chrUn_KI270303v1:0-1942
ForkPoolWorker-10,  processing 0 (0.0 per sec) reads @ chrUn_KI270336v1:0-1026
ForkPoolWorker-10 countReadsInRegions_worker: processing 1026 (183574.6 per sec) @ chrUn_KI270336v1:0-1026
ForkPoolWorker-10,  processing 0 (0.0 per sec) reads @ chr15:0-5000000
ForkPoolWorker-10 countReadsInRegions_worker: processing 5000000 (7208213.9 per sec) @ chr15:0-5000000
ForkPoolWorker-10,  processing 0 (0.0 per sec) reads @ chrUn_KI270748v1:0-93321
ForkPoolWorker-10 countReadsInRegions_worker: processing 93321 (5824305.7 per sec) @ chrUn_KI270748v1:0-93321
ForkPoolWorker-10,  processing 28 (36091.1 per sec) reads @ chr8:5000000-10000000
ForkPoolWorker-10 countReadsInRegions_worker: processing 5000000 (8021907.4 per sec) @ chr8:5000000-10000000
ForkPoolWorker-10,  processing 3 (6872.2 per sec) reads @ chrX:155000000-156040895
ForkPoolWorker-10 countReadsInRegions_worker: processing 1040895 (7995835.4 per sec) @ chrX:155000000-156040895
ForkPoolWorker-1,  processing 29 (567.6 per sec) reads @ chr4:35000000-40000000
ForkPoolWorker-1 countReadsInRegions_worker: processing 5000000 (6651259.2 per sec) @ chr4:35000000-40000000
ForkPoolWorker-1,  processing 0 (0.0 per sec) reads @ chrUn_KI270411v1:0-2646
ForkPoolWorker-1 countReadsInRegions_worker: processing 2646 (392659.5 per sec) @ chrUn_KI270411v1:0-2646
ForkPoolWorker-1,  processing 45 (43052.8 per sec) reads @ chr2:165000000-170000000
ForkPoolWorker-1 countReadsInRegions_worker: processing 5000000 (7063255.8 per sec) @ chr2:165000000-170000000
ForkPoolWorker-1,  processing 10 (15935.8 per sec) reads @ chr1:185000000-190000000
ForkPoolWorker-1 countReadsInRegions_worker: processing 5000000 (7129263.5 per sec) @ chr1:185000000-190000000
ForkPoolWorker-1,  processing 39 (32886.6 per sec) reads @ chr2:130000000-135000000
ForkPoolWorker-1 countReadsInRegions_worker: processing 5000000 (7122399.3 per sec) @ chr2:130000000-135000000
ForkPoolWorker-1,  processing 300 (82440.6 per sec) reads @ chrX:115000000-120000000
ForkPoolWorker-1 countReadsInRegions_worker: processing 5000000 (7118151.7 per sec) @ chrX:115000000-120000000
ForkPoolWorker-1,  processing 17 (20983.9 per sec) reads @ chr8:75000000-80000000
ForkPoolWorker-1 countReadsInRegions_worker: processing 5000000 (7158878.7 per sec) @ chr8:75000000-80000000
ForkPoolWorker-1,  processing 25 (29604.1 per sec) reads @ chr4:110000000-115000000
ForkPoolWorker-1 countReadsInRegions_worker: processing 5000000 (7167726.3 per sec) @ chr4:110000000-115000000
ForkPoolWorker-1,  processing 0 (0.0 per sec) reads @ chr2_KI270716v1_random:0-153799
ForkPoolWorker-1 countReadsInRegions_worker: processing 153799 (5521194.1 per sec) @ chr2_KI270716v1_random:0-153799
ForkPoolWorker-1,  processing 0 (0.0 per sec) reads @ chr14_KI270723v1_random:0-38115
ForkPoolWorker-1 countReadsInRegions_worker: processing 38115 (3721186.6 per sec) @ chr14_KI270723v1_random:0-38115
ForkPoolWorker-1,  processing 425 (75828.6 per sec) reads @ chr22:35000000-40000000
ForkPoolWorker-1 countReadsInRegions_worker: processing 5000000 (7168231.0 per sec) @ chr22:35000000-40000000
ForkPoolWorker-1,  processing 133 (69730.3 per sec) reads @ chr5:180000000-181538259
ForkPoolWorker-1 countReadsInRegions_worker: processing 1538259 (6983926.5 per sec) @ chr5:180000000-181538259
ForkPoolWorker-1,  processing 0 (0.0 per sec) reads @ chrUn_KI270511v1:0-8127
ForkPoolWorker-1 countReadsInRegions_worker: processing 8127 (1185514.9 per sec) @ chrUn_KI270511v1:0-8127
ForkPoolWorker-1,  processing 0 (0.0 per sec) reads @ chrUn_KI270388v1:0-1216
ForkPoolWorker-1 countReadsInRegions_worker: processing 1216 (217672.0 per sec) @ chrUn_KI270388v1:0-1216
ForkPoolWorker-1,  processing 27 (31180.1 per sec) reads @ chr18:35000000-40000000
ForkPoolWorker-1 countReadsInRegions_worker: processing 5000000 (7279753.1 per sec) @ chr18:35000000-40000000
ForkPoolWorker-1,  processing 1 (2107.7 per sec) reads @ chr5:160000000-165000000
ForkPoolWorker-1 countReadsInRegions_worker: processing 5000000 (7265584.1 per sec) @ chr5:160000000-165000000
ForkPoolWorker-1,  processing 0 (0.0 per sec) reads @ chrUn_KI270438v1:0-112505
ForkPoolWorker-1 countReadsInRegions_worker: processing 112505 (5740564.9 per sec) @ chrUn_KI270438v1:0-112505
ForkPoolWorker-1,  processing 0 (0.0 per sec) reads @ chrUn_KI270756v1:0-79590
ForkPoolWorker-1 countReadsInRegions_worker: processing 79590 (5368423.1 per sec) @ chrUn_KI270756v1:0-79590
ForkPoolWorker-1,  processing 56 (48161.0 per sec) reads @ chr6:85000000-90000000
ForkPoolWorker-1 countReadsInRegions_worker: processing 5000000 (7249667.8 per sec) @ chr6:85000000-90000000
ForkPoolWorker-1,  processing 269 (76239.5 per sec) reads @ chr1:225000000-230000000
ForkPoolWorker-1 countReadsInRegions_worker: processing 5000000 (8320252.1 per sec) @ chr1:225000000-230000000
ForkPoolWorker-2,  processing 486 (8658.9 per sec) reads @ chr11:60000000-65000000
ForkPoolWorker-2 countReadsInRegions_worker: processing 5000000 (6510500.5 per sec) @ chr11:60000000-65000000
ForkPoolWorker-2,  processing 0 (0.0 per sec) reads @ chrUn_KI270315v1:0-2276
ForkPoolWorker-2 countReadsInRegions_worker: processing 2276 (338555.0 per sec) @ chrUn_KI270315v1:0-2276
ForkPoolWorker-2,  processing 14 (20227.4 per sec) reads @ chr4:170000000-175000000
ForkPoolWorker-2 countReadsInRegions_worker: processing 5000000 (7126947.3 per sec) @ chr4:170000000-175000000
ForkPoolWorker-2,  processing 51 (44114.1 per sec) reads @ chr20:25000000-30000000
ForkPoolWorker-2 countReadsInRegions_worker: processing 5000000 (7206735.1 per sec) @ chr20:25000000-30000000
ForkPoolWorker-2,  processing 7 (13643.2 per sec) reads @ chr9:10000000-15000000
ForkPoolWorker-2 countReadsInRegions_worker: processing 5000000 (7162384.8 per sec) @ chr9:10000000-15000000
ForkPoolWorker-2,  processing 48 (45405.2 per sec) reads @ chr18:5000000-10000000
ForkPoolWorker-2 countReadsInRegions_worker: processing 5000000 (7224311.9 per sec) @ chr18:5000000-10000000
ForkPoolWorker-2,  processing 48 (43671.7 per sec) reads @ chr13:20000000-25000000
ForkPoolWorker-2 countReadsInRegions_worker: processing 5000000 (7254041.1 per sec) @ chr13:20000000-25000000
ForkPoolWorker-2,  processing 124 (58137.0 per sec) reads @ chr22:15000000-20000000
ForkPoolWorker-2 countReadsInRegions_worker: processing 5000000 (7234197.9 per sec) @ chr22:15000000-20000000
ForkPoolWorker-2,  processing 2 (4074.1 per sec) reads @ chrX:140000000-145000000
ForkPoolWorker-2 countReadsInRegions_worker: processing 5000000 (7268475.0 per sec) @ chrX:140000000-145000000
ForkPoolWorker-2,  processing 20 (24506.6 per sec) reads @ chr5:15000000-20000000
ForkPoolWorker-2 countReadsInRegions_worker: processing 5000000 (7245802.9 per sec) @ chr5:15000000-20000000
ForkPoolWorker-2,  processing 8 (10521.9 per sec) reads @ chr3:115000000-120000000
ForkPoolWorker-2 countReadsInRegions_worker: processing 5000000 (7270432.9 per sec) @ chr3:115000000-120000000
ForkPoolWorker-2,  processing 0 (0.0 per sec) reads @ chrUn_KI270316v1:0-1444
ForkPoolWorker-2 countReadsInRegions_worker: processing 1444 (237699.2 per sec) @ chrUn_KI270316v1:0-1444
ForkPoolWorker-2,  processing 72 (50994.6 per sec) reads @ chr17:30000000-35000000
ForkPoolWorker-2 countReadsInRegions_worker: processing 5000000 (7268001.4 per sec) @ chr17:30000000-35000000
ForkPoolWorker-2,  processing 139 (64627.9 per sec) reads @ chr7:145000000-150000000
ForkPoolWorker-2 countReadsInRegions_worker: processing 5000000 (7792732.1 per sec) @ chr7:145000000-150000000
ForkPoolWorker-2,  processing 0 (0.0 per sec) reads @ chr4:25000000-30000000
ForkPoolWorker-2 countReadsInRegions_worker: processing 5000000 (8320110.2 per sec) @ chr4:25000000-30000000
ForkPoolWorker-2,  processing 8 (14134.1 per sec) reads @ chr12:90000000-95000000
ForkPoolWorker-2 countReadsInRegions_worker: processing 5000000 (8334719.0 per sec) @ chr12:90000000-95000000
ForkPoolWorker-13,  processing 0 (0.0 per sec) reads @ chrY:30000000-35000000
ForkPoolWorker-13 countReadsInRegions_worker: processing 5000000 (6817957.8 per sec) @ chrY:30000000-35000000
ForkPoolWorker-13,  processing 29 (21951.8 per sec) reads @ chr20:5000000-10000000
ForkPoolWorker-13 countReadsInRegions_worker: processing 5000000 (7052877.6 per sec) @ chr20:5000000-10000000
ForkPoolWorker-13,  processing 63 (49566.9 per sec) reads @ chr8:40000000-45000000
ForkPoolWorker-13 countReadsInRegions_worker: processing 5000000 (7190057.1 per sec) @ chr8:40000000-45000000
ForkPoolWorker-13,  processing 0 (0.0 per sec) reads @ chrUn_KI270322v1:0-21476
ForkPoolWorker-13 countReadsInRegions_worker: processing 21476 (2700550.8 per sec) @ chrUn_KI270322v1:0-21476
ForkPoolWorker-13,  processing 22 (29737.3 per sec) reads @ chr7:90000000-95000000
ForkPoolWorker-13 countReadsInRegions_worker: processing 5000000 (7234008.2 per sec) @ chr7:90000000-95000000
ForkPoolWorker-13,  processing 129 (61864.3 per sec) reads @ chr3:195000000-198295559
ForkPoolWorker-13 countReadsInRegions_worker: processing 3295559 (7245573.6 per sec) @ chr3:195000000-198295559
ForkPoolWorker-13,  processing 4 (6168.1 per sec) reads @ chr12:35000000-40000000
ForkPoolWorker-13 countReadsInRegions_worker: processing 5000000 (7270581.6 per sec) @ chr12:35000000-40000000
ForkPoolWorker-13,  processing 16 (21103.4 per sec) reads @ chr6:55000000-60000000
ForkPoolWorker-13 countReadsInRegions_worker: processing 5000000 (7257626.0 per sec) @ chr6:55000000-60000000
ForkPoolWorker-13,  processing 19 (22008.2 per sec) reads @ chr5:80000000-85000000
ForkPoolWorker-13 countReadsInRegions_worker: processing 5000000 (7256478.4 per sec) @ chr5:80000000-85000000
ForkPoolWorker-13,  processing 7 (12013.1 per sec) reads @ chr6:95000000-100000000
ForkPoolWorker-13 countReadsInRegions_worker: processing 5000000 (7266905.9 per sec) @ chr6:95000000-100000000
ForkPoolWorker-13,  processing 5 (8577.3 per sec) reads @ chr9:65000000-70000000
ForkPoolWorker-13 countReadsInRegions_worker: processing 5000000 (7255745.3 per sec) @ chr9:65000000-70000000
ForkPoolWorker-13,  processing 0 (0.0 per sec) reads @ chrUn_KI270366v1:0-8320
ForkPoolWorker-13 countReadsInRegions_worker: processing 8320 (1194353.1 per sec) @ chrUn_KI270366v1:0-8320
ForkPoolWorker-13,  processing 0 (0.0 per sec) reads @ chrUn_KI270363v1:0-1803
ForkPoolWorker-13 countReadsInRegions_worker: processing 1803 (321650.7 per sec) @ chrUn_KI270363v1:0-1803
ForkPoolWorker-13,  processing 31 (34010.8 per sec) reads @ chr7:105000000-110000000
ForkPoolWorker-13 countReadsInRegions_worker: processing 5000000 (7237590.8 per sec) @ chr7:105000000-110000000
ForkPoolWorker-13,  processing 7 (12162.4 per sec) reads @ chrX:30000000-35000000
ForkPoolWorker-13 countReadsInRegions_worker: processing 5000000 (7206839.2 per sec) @ chrX:30000000-35000000
ForkPoolWorker-13,  processing 184 (68594.1 per sec) reads @ chrX:50000000-55000000
ForkPoolWorker-13 countReadsInRegions_worker: processing 5000000 (8279330.8 per sec) @ chrX:50000000-55000000
ForkPoolWorker-42,  processing 7 (183.1 per sec) reads @ chr7:60000000-65000000
ForkPoolWorker-42 countReadsInRegions_worker: processing 5000000 (6399154.4 per sec) @ chr7:60000000-65000000
ForkPoolWorker-42,  processing 193 (59014.4 per sec) reads @ chr20:40000000-45000000
ForkPoolWorker-42 countReadsInRegions_worker: processing 5000000 (6991592.7 per sec) @ chr20:40000000-45000000
ForkPoolWorker-42,  processing 34 (34496.0 per sec) reads @ chr12:65000000-70000000
ForkPoolWorker-42 countReadsInRegions_worker: processing 5000000 (7107421.4 per sec) @ chr12:65000000-70000000
ForkPoolWorker-42,  processing 0 (0.0 per sec) reads @ chrUn_GL000214v1:0-137718
ForkPoolWorker-42 countReadsInRegions_worker: processing 137718 (5213512.9 per sec) @ chrUn_GL000214v1:0-137718
ForkPoolWorker-42,  processing 0 (0.0 per sec) reads @ chrUn_KI270583v1:0-1400
ForkPoolWorker-42 countReadsInRegions_worker: processing 1400 (224311.5 per sec) @ chrUn_KI270583v1:0-1400
ForkPoolWorker-42,  processing 6 (10364.8 per sec) reads @ chr18:65000000-70000000
ForkPoolWorker-42 countReadsInRegions_worker: processing 5000000 (7195758.5 per sec) @ chr18:65000000-70000000
ForkPoolWorker-42,  processing 1 (2121.5 per sec) reads @ chr9:100000000-105000000
ForkPoolWorker-42 countReadsInRegions_worker: processing 5000000 (7228423.0 per sec) @ chr9:100000000-105000000
ForkPoolWorker-42,  processing 58 (43379.0 per sec) reads @ chr13:25000000-30000000
ForkPoolWorker-42 countReadsInRegions_worker: processing 5000000 (7236574.3 per sec) @ chr13:25000000-30000000
ForkPoolWorker-42,  processing 29 (31741.9 per sec) reads @ chr2:180000000-185000000
ForkPoolWorker-42 countReadsInRegions_worker: processing 5000000 (7207460.8 per sec) @ chr2:180000000-185000000
ForkPoolWorker-42,  processing 96 (61324.0 per sec) reads @ chr4:135000000-140000000
ForkPoolWorker-42 countReadsInRegions_worker: processing 5000000 (7179458.0 per sec) @ chr4:135000000-140000000
ForkPoolWorker-42,  processing 0 (0.0 per sec) reads @ chr13:5000000-10000000
ForkPoolWorker-42 countReadsInRegions_worker: processing 5000000 (7178831.3 per sec) @ chr13:5000000-10000000
ForkPoolWorker-42,  processing 49 (44055.9 per sec) reads @ chr12:30000000-35000000
ForkPoolWorker-42 countReadsInRegions_worker: processing 5000000 (7170454.0 per sec) @ chr12:30000000-35000000
ForkPoolWorker-42,  processing 367 (76105.5 per sec) reads @ chr12:45000000-50000000
ForkPoolWorker-42 countReadsInRegions_worker: processing 5000000 (7135495.2 per sec) @ chr12:45000000-50000000
ForkPoolWorker-42,  processing 105 (64433.3 per sec) reads @ chr7:135000000-140000000
ForkPoolWorker-42 countReadsInRegions_worker: processing 5000000 (7950826.0 per sec) @ chr7:135000000-140000000
ForkPoolWorker-42,  processing 0 (0.0 per sec) reads @ chrUn_KI270385v1:0-990
ForkPoolWorker-42 countReadsInRegions_worker: processing 990 (183578.4 per sec) @ chrUn_KI270385v1:0-990
ForkPoolWorker-42,  processing 393 (79145.4 per sec) reads @ chr19:55000000-58617616
ForkPoolWorker-42 countReadsInRegions_worker: processing 3617616 (8218807.3 per sec) @ chr19:55000000-58617616
ForkPoolWorker-43,  processing 0 (0.0 per sec) reads @ chrUn_KI270334v1:0-1368
ForkPoolWorker-43 countReadsInRegions_worker: processing 1368 (51914.6 per sec) @ chrUn_KI270334v1:0-1368
ForkPoolWorker-43,  processing 184 (10546.2 per sec) reads @ chr13:110000000-114364328
ForkPoolWorker-43 countReadsInRegions_worker: processing 4364328 (6705023.8 per sec) @ chr13:110000000-114364328
ForkPoolWorker-43,  processing 54 (40531.9 per sec) reads @ chr6:15000000-20000000
ForkPoolWorker-43 countReadsInRegions_worker: processing 5000000 (6878558.1 per sec) @ chr6:15000000-20000000
ForkPoolWorker-43,  processing 4 (6850.6 per sec) reads @ chrX:85000000-90000000
ForkPoolWorker-43 countReadsInRegions_worker: processing 5000000 (6981284.4 per sec) @ chrX:85000000-90000000
ForkPoolWorker-43,  processing 206 (68797.4 per sec) reads @ chr10:130000000-133797422
ForkPoolWorker-43 countReadsInRegions_worker: processing 3797422 (7134729.8 per sec) @ chr10:130000000-133797422
ForkPoolWorker-43,  processing 357 (76097.3 per sec) reads @ chr22:20000000-25000000
ForkPoolWorker-43 countReadsInRegions_worker: processing 5000000 (7230015.4 per sec) @ chr22:20000000-25000000
ForkPoolWorker-43,  processing 233 (71287.0 per sec) reads @ chr5:150000000-155000000
ForkPoolWorker-43 countReadsInRegions_worker: processing 5000000 (7224906.7 per sec) @ chr5:150000000-155000000
ForkPoolWorker-43,  processing 24 (32503.5 per sec) reads @ chr8:0-5000000
ForkPoolWorker-43 countReadsInRegions_worker: processing 5000000 (7242902.5 per sec) @ chr8:0-5000000
ForkPoolWorker-43,  processing 0 (0.0 per sec) reads @ chrUn_KI270507v1:0-5353
ForkPoolWorker-43 countReadsInRegions_worker: processing 5353 (817927.5 per sec) @ chrUn_KI270507v1:0-5353
ForkPoolWorker-43,  processing 27 (35792.1 per sec) reads @ chr13:105000000-110000000
ForkPoolWorker-43 countReadsInRegions_worker: processing 5000000 (7270243.8 per sec) @ chr13:105000000-110000000
ForkPoolWorker-43,  processing 0 (0.0 per sec) reads @ chrUn_KI270465v1:0-1774
ForkPoolWorker-43 countReadsInRegions_worker: processing 1774 (283206.9 per sec) @ chrUn_KI270465v1:0-1774
ForkPoolWorker-43,  processing 76 (57126.7 per sec) reads @ chr4:65000000-70000000
ForkPoolWorker-43 countReadsInRegions_worker: processing 5000000 (7261413.0 per sec) @ chr4:65000000-70000000
ForkPoolWorker-43,  processing 20 (25970.9 per sec) reads @ chr3:20000000-25000000
ForkPoolWorker-43 countReadsInRegions_worker: processing 5000000 (7262064.3 per sec) @ chr3:20000000-25000000
ForkPoolWorker-43,  processing 18 (23468.3 per sec) reads @ chr2:205000000-210000000
ForkPoolWorker-43 countReadsInRegions_worker: processing 5000000 (7241714.5 per sec) @ chr2:205000000-210000000
ForkPoolWorker-43,  processing 710 (79089.5 per sec) reads @ chr7:0-5000000
ForkPoolWorker-43 countReadsInRegions_worker: processing 5000000 (7209177.9 per sec) @ chr7:0-5000000
ForkPoolWorker-43,  processing 27 (36378.5 per sec) reads @ chr13:100000000-105000000
ForkPoolWorker-43 countReadsInRegions_worker: processing 5000000 (8275315.6 per sec) @ chr13:100000000-105000000
ForkPoolWorker-34,  processing 28 (612.1 per sec) reads @ chr12:100000000-105000000
ForkPoolWorker-34 countReadsInRegions_worker: processing 5000000 (6723880.2 per sec) @ chr12:100000000-105000000
ForkPoolWorker-34,  processing 0 (0.0 per sec) reads @ chr1_KI270707v1_random:0-32032
ForkPoolWorker-34 countReadsInRegions_worker: processing 32032 (1415005.5 per sec) @ chr1_KI270707v1_random:0-32032
ForkPoolWorker-34,  processing 167 (63160.4 per sec) reads @ chr11:115000000-120000000
ForkPoolWorker-34 countReadsInRegions_worker: processing 5000000 (7150077.3 per sec) @ chr11:115000000-120000000
ForkPoolWorker-34,  processing 0 (0.0 per sec) reads @ chrUn_KI270753v1:0-62944
ForkPoolWorker-34 countReadsInRegions_worker: processing 62944 (4060822.8 per sec) @ chrUn_KI270753v1:0-62944
ForkPoolWorker-34,  processing 19 (23267.7 per sec) reads @ chrX:10000000-15000000
ForkPoolWorker-34 countReadsInRegions_worker: processing 5000000 (7244323.6 per sec) @ chrX:10000000-15000000
ForkPoolWorker-34,  processing 157 (69786.5 per sec) reads @ chr8:35000000-40000000
ForkPoolWorker-34 countReadsInRegions_worker: processing 5000000 (7261131.5 per sec) @ chr8:35000000-40000000
ForkPoolWorker-34,  processing 10 (16926.2 per sec) reads @ chr1:100000000-105000000
ForkPoolWorker-34 countReadsInRegions_worker: processing 5000000 (7272227.9 per sec) @ chr1:100000000-105000000
ForkPoolWorker-34,  processing 0 (0.0 per sec) reads @ chr14:5000000-10000000
ForkPoolWorker-34 countReadsInRegions_worker: processing 5000000 (7258407.2 per sec) @ chr14:5000000-10000000
ForkPoolWorker-34,  processing 18 (25157.4 per sec) reads @ chr3:70000000-75000000
ForkPoolWorker-34 countReadsInRegions_worker: processing 5000000 (7252262.6 per sec) @ chr3:70000000-75000000
ForkPoolWorker-34,  processing 0 (0.0 per sec) reads @ chrUn_KI270374v1:0-2656
ForkPoolWorker-34 countReadsInRegions_worker: processing 2656 (432506.6 per sec) @ chrUn_KI270374v1:0-2656
ForkPoolWorker-34,  processing 36 (32946.7 per sec) reads @ chr6:125000000-130000000
ForkPoolWorker-34 countReadsInRegions_worker: processing 5000000 (7248850.9 per sec) @ chr6:125000000-130000000
ForkPoolWorker-34,  processing 166 (58420.4 per sec) reads @ chr15:40000000-45000000
ForkPoolWorker-34 countReadsInRegions_worker: processing 5000000 (7209252.2 per sec) @ chr15:40000000-45000000
ForkPoolWorker-34,  processing 12 (18255.9 per sec) reads @ chr3:185000000-190000000
ForkPoolWorker-34 countReadsInRegions_worker: processing 5000000 (7225845.2 per sec) @ chr3:185000000-190000000
ForkPoolWorker-34,  processing 31 (33271.1 per sec) reads @ chr14:55000000-60000000
ForkPoolWorker-34 countReadsInRegions_worker: processing 5000000 (7214155.1 per sec) @ chr14:55000000-60000000
ForkPoolWorker-34,  processing 2 (4536.8 per sec) reads @ chr13:80000000-85000000
ForkPoolWorker-34 countReadsInRegions_worker: processing 5000000 (7869598.5 per sec) @ chr13:80000000-85000000
ForkPoolWorker-34,  processing 45 (40115.6 per sec) reads @ chr18:45000000-50000000
ForkPoolWorker-34 countReadsInRegions_worker: processing 5000000 (8271196.7 per sec) @ chr18:45000000-50000000
ForkPoolWorker-6,  processing 372 (7006.9 per sec) reads @ chr12:130000000-133275309
ForkPoolWorker-6 countReadsInRegions_worker: processing 3275309 (6816680.0 per sec) @ chr12:130000000-133275309
ForkPoolWorker-6,  processing 25 (27363.7 per sec) reads @ chr12:75000000-80000000
ForkPoolWorker-6 countReadsInRegions_worker: processing 5000000 (7058225.6 per sec) @ chr12:75000000-80000000
ForkPoolWorker-6,  processing 5 (5484.2 per sec) reads @ chr4:175000000-180000000
ForkPoolWorker-6 countReadsInRegions_worker: processing 5000000 (7012669.0 per sec) @ chr4:175000000-180000000
ForkPoolWorker-6,  processing 255 (69895.9 per sec) reads @ chr7:150000000-155000000
ForkPoolWorker-6 countReadsInRegions_worker: processing 5000000 (7024380.6 per sec) @ chr7:150000000-155000000
ForkPoolWorker-6,  processing 0 (0.0 per sec) reads @ chr4_GL000008v2_random:0-209709
ForkPoolWorker-6 countReadsInRegions_worker: processing 209709 (5751918.0 per sec) @ chr4_GL000008v2_random:0-209709
ForkPoolWorker-6,  processing 3 (5291.4 per sec) reads @ chr2:90000000-95000000
ForkPoolWorker-6 countReadsInRegions_worker: processing 5000000 (7053437.4 per sec) @ chr2:90000000-95000000
ForkPoolWorker-6,  processing 0 (0.0 per sec) reads @ chrUn_KI270386v1:0-1788
ForkPoolWorker-6 countReadsInRegions_worker: processing 1788 (277591.6 per sec) @ chrUn_KI270386v1:0-1788
ForkPoolWorker-6,  processing 60 (43180.9 per sec) reads @ chr3:55000000-60000000
ForkPoolWorker-6 countReadsInRegions_worker: processing 5000000 (7034255.0 per sec) @ chr3:55000000-60000000
ForkPoolWorker-6,  processing 34 (34799.0 per sec) reads @ chr9:105000000-110000000
ForkPoolWorker-6 countReadsInRegions_worker: processing 5000000 (7036719.1 per sec) @ chr9:105000000-110000000
ForkPoolWorker-6,  processing 0 (0.0 per sec) reads @ chrUn_KI270387v1:0-1537
ForkPoolWorker-6 countReadsInRegions_worker: processing 1537 (239821.6 per sec) @ chrUn_KI270387v1:0-1537
ForkPoolWorker-6,  processing 136 (58469.2 per sec) reads @ chr11:45000000-50000000
ForkPoolWorker-6 countReadsInRegions_worker: processing 5000000 (6528585.3 per sec) @ chr11:45000000-50000000
ForkPoolWorker-6,  processing 36 (35645.6 per sec) reads @ chr3:130000000-135000000
ForkPoolWorker-6 countReadsInRegions_worker: processing 5000000 (6990210.7 per sec) @ chr3:130000000-135000000
ForkPoolWorker-6,  processing 28 (31409.6 per sec) reads @ chr5:115000000-120000000
ForkPoolWorker-6 countReadsInRegions_worker: processing 5000000 (6996640.4 per sec) @ chr5:115000000-120000000
ForkPoolWorker-6,  processing 3 (5557.8 per sec) reads @ chr16:60000000-65000000
ForkPoolWorker-6 countReadsInRegions_worker: processing 5000000 (7001407.9 per sec) @ chr16:60000000-65000000
ForkPoolWorker-6,  processing 0 (0.0 per sec) reads @ chrUn_KI270518v1:0-2186
ForkPoolWorker-6 countReadsInRegions_worker: processing 2186 (347801.7 per sec) @ chrUn_KI270518v1:0-2186
ForkPoolWorker-6,  processing 48 (44531.4 per sec) reads @ chr16:75000000-80000000
ForkPoolWorker-6 countReadsInRegions_worker: processing 5000000 (7302241.8 per sec) @ chr16:75000000-80000000
ForkPoolWorker-49,  processing 229 (5064.5 per sec) reads @ chr19:50000000-55000000
ForkPoolWorker-49 countReadsInRegions_worker: processing 5000000 (6619064.6 per sec) @ chr19:50000000-55000000
ForkPoolWorker-49,  processing 0 (0.0 per sec) reads @ chrUn_KI270389v1:0-1298
ForkPoolWorker-49 countReadsInRegions_worker: processing 1298 (193399.9 per sec) @ chrUn_KI270389v1:0-1298
ForkPoolWorker-49,  processing 25 (33458.1 per sec) reads @ chr9:20000000-25000000
ForkPoolWorker-49 countReadsInRegions_worker: processing 5000000 (7167383.4 per sec) @ chr9:20000000-25000000
ForkPoolWorker-49,  processing 0 (0.0 per sec) reads @ chrUn_KI270317v1:0-37690
ForkPoolWorker-49 countReadsInRegions_worker: processing 37690 (3682265.0 per sec) @ chrUn_KI270317v1:0-37690
ForkPoolWorker-49,  processing 3 (5855.2 per sec) reads @ chr13:85000000-90000000
ForkPoolWorker-49 countReadsInRegions_worker: processing 5000000 (7264021.3 per sec) @ chr13:85000000-90000000
ForkPoolWorker-49,  processing 103 (54761.5 per sec) reads @ chr17:55000000-60000000
ForkPoolWorker-49 countReadsInRegions_worker: processing 5000000 (7249179.1 per sec) @ chr17:55000000-60000000
ForkPoolWorker-49,  processing 71 (53130.3 per sec) reads @ chr2:50000000-55000000
ForkPoolWorker-49 countReadsInRegions_worker: processing 5000000 (7275078.6 per sec) @ chr2:50000000-55000000
ForkPoolWorker-49,  processing 39 (36334.5 per sec) reads @ chr14:30000000-35000000
ForkPoolWorker-49 countReadsInRegions_worker: processing 5000000 (7252576.1 per sec) @ chr14:30000000-35000000
ForkPoolWorker-49,  processing 0 (0.0 per sec) reads @ chrUn_KI270744v1:0-168472
ForkPoolWorker-49 countReadsInRegions_worker: processing 168472 (5723495.7 per sec) @ chrUn_KI270744v1:0-168472
ForkPoolWorker-49,  processing 4 (6610.4 per sec) reads @ chr22:10000000-15000000
ForkPoolWorker-49 countReadsInRegions_worker: processing 5000000 (7270891.6 per sec) @ chr22:10000000-15000000
ForkPoolWorker-49,  processing 25 (29645.9 per sec) reads @ chr3:25000000-30000000
ForkPoolWorker-49 countReadsInRegions_worker: processing 5000000 (7255034.9 per sec) @ chr3:25000000-30000000
ForkPoolWorker-49,  processing 32 (39005.4 per sec) reads @ chr4:10000000-15000000
ForkPoolWorker-49 countReadsInRegions_worker: processing 5000000 (7261601.6 per sec) @ chr4:10000000-15000000
ForkPoolWorker-49,  processing 166 (63882.4 per sec) reads @ chr3:10000000-15000000
ForkPoolWorker-49 countReadsInRegions_worker: processing 5000000 (7207416.3 per sec) @ chr3:10000000-15000000
ForkPoolWorker-49,  processing 9 (15276.7 per sec) reads @ chr5:50000000-55000000
ForkPoolWorker-49 countReadsInRegions_worker: processing 5000000 (7234145.5 per sec) @ chr5:50000000-55000000
ForkPoolWorker-49,  processing 10 (17310.4 per sec) reads @ chr2:15000000-20000000
ForkPoolWorker-49 countReadsInRegions_worker: processing 5000000 (7924732.2 per sec) @ chr2:15000000-20000000
ForkPoolWorker-49,  processing 8 (14481.8 per sec) reads @ chr4:125000000-130000000
ForkPoolWorker-49 countReadsInRegions_worker: processing 5000000 (8357894.4 per sec) @ chr4:125000000-130000000
ForkPoolWorker-29,  processing 11 (236.6 per sec) reads @ chr12:80000000-85000000
ForkPoolWorker-29 countReadsInRegions_worker: processing 5000000 (6368234.6 per sec) @ chr12:80000000-85000000
ForkPoolWorker-29,  processing 93 (49792.0 per sec) reads @ chr10:75000000-80000000
ForkPoolWorker-29 countReadsInRegions_worker: processing 5000000 (7158028.4 per sec) @ chr10:75000000-80000000
ForkPoolWorker-29,  processing 19 (25649.1 per sec) reads @ chr10:90000000-95000000
ForkPoolWorker-29 countReadsInRegions_worker: processing 5000000 (7241687.0 per sec) @ chr10:90000000-95000000
ForkPoolWorker-29,  processing 0 (0.0 per sec) reads @ chrUn_KI270508v1:0-1951
ForkPoolWorker-29 countReadsInRegions_worker: processing 1951 (320628.8 per sec) @ chrUn_KI270508v1:0-1951
ForkPoolWorker-29,  processing 170 (64173.5 per sec) reads @ chr7:70000000-75000000
ForkPoolWorker-29 countReadsInRegions_worker: processing 5000000 (7218306.8 per sec) @ chr7:70000000-75000000
ForkPoolWorker-29,  processing 17 (23983.6 per sec) reads @ chr1:190000000-195000000
ForkPoolWorker-29 countReadsInRegions_worker: processing 5000000 (7243090.1 per sec) @ chr1:190000000-195000000
ForkPoolWorker-29,  processing 2 (4094.0 per sec) reads @ chr13:55000000-60000000
ForkPoolWorker-29 countReadsInRegions_worker: processing 5000000 (7248229.5 per sec) @ chr13:55000000-60000000
ForkPoolWorker-29,  processing 86 (61786.6 per sec) reads @ chr14:45000000-50000000
ForkPoolWorker-29 countReadsInRegions_worker: processing 5000000 (7247946.5 per sec) @ chr14:45000000-50000000
ForkPoolWorker-29,  processing 0 (0.0 per sec) reads @ chrY:40000000-45000000
ForkPoolWorker-29 countReadsInRegions_worker: processing 5000000 (7201570.3 per sec) @ chrY:40000000-45000000
ForkPoolWorker-29,  processing 0 (0.0 per sec) reads @ chr22_KI270736v1_random:0-181920
ForkPoolWorker-29 countReadsInRegions_worker: processing 181920 (5766621.2 per sec) @ chr22_KI270736v1_random:0-181920
ForkPoolWorker-29,  processing 104 (61524.3 per sec) reads @ chr7:40000000-45000000
ForkPoolWorker-29 countReadsInRegions_worker: processing 5000000 (7223901.3 per sec) @ chr7:40000000-45000000
ForkPoolWorker-29,  processing 6 (10259.2 per sec) reads @ chr8:50000000-55000000
ForkPoolWorker-29 countReadsInRegions_worker: processing 5000000 (7219780.4 per sec) @ chr8:50000000-55000000
ForkPoolWorker-29,  processing 0 (0.0 per sec) reads @ chr11_KI270721v1_random:0-100316
ForkPoolWorker-29 countReadsInRegions_worker: processing 100316 (5453878.3 per sec) @ chr11_KI270721v1_random:0-100316
ForkPoolWorker-29,  processing 0 (0.0 per sec) reads @ chr15:5000000-10000000
ForkPoolWorker-29 countReadsInRegions_worker: processing 5000000 (7207022.4 per sec) @ chr15:5000000-10000000
ForkPoolWorker-29,  processing 9 (15111.6 per sec) reads @ chr8:55000000-60000000
ForkPoolWorker-29 countReadsInRegions_worker: processing 5000000 (7909313.1 per sec) @ chr8:55000000-60000000
ForkPoolWorker-29,  processing 0 (0.0 per sec) reads @ chr18:15000000-20000000
ForkPoolWorker-29 countReadsInRegions_worker: processing 5000000 (8354102.2 per sec) @ chr18:15000000-20000000
ForkPoolWorker-30,  processing 27 (583.0 per sec) reads @ chr10:35000000-40000000
ForkPoolWorker-30 countReadsInRegions_worker: processing 5000000 (6587387.1 per sec) @ chr10:35000000-40000000
ForkPoolWorker-30,  processing 2 (2183.4 per sec) reads @ chr6:65000000-70000000
ForkPoolWorker-30 countReadsInRegions_worker: processing 5000000 (6941076.9 per sec) @ chr6:65000000-70000000
ForkPoolWorker-30,  processing 0 (0.0 per sec) reads @ chrUn_KI270320v1:0-4416
ForkPoolWorker-30 countReadsInRegions_worker: processing 4416 (665997.1 per sec) @ chrUn_KI270320v1:0-4416
ForkPoolWorker-30,  processing 66 (44448.3 per sec) reads @ chr7:140000000-145000000
ForkPoolWorker-30 countReadsInRegions_worker: processing 5000000 (6976105.7 per sec) @ chr7:140000000-145000000
ForkPoolWorker-30,  processing 24 (24250.4 per sec) reads @ chr4:85000000-90000000
ForkPoolWorker-30 countReadsInRegions_worker: processing 5000000 (6959714.6 per sec) @ chr4:85000000-90000000
ForkPoolWorker-30,  processing 3 (5216.8 per sec) reads @ chr3:155000000-160000000
ForkPoolWorker-30 countReadsInRegions_worker: processing 5000000 (6974806.4 per sec) @ chr3:155000000-160000000
ForkPoolWorker-30,  processing 0 (0.0 per sec) reads @ chrUn_KI270425v1:0-1884
ForkPoolWorker-30 countReadsInRegions_worker: processing 1884 (296568.5 per sec) @ chrUn_KI270425v1:0-1884
ForkPoolWorker-30,  processing 26 (30334.3 per sec) reads @ chr12:20000000-25000000
ForkPoolWorker-30 countReadsInRegions_worker: processing 5000000 (6985612.1 per sec) @ chr12:20000000-25000000
ForkPoolWorker-30,  processing 0 (0.0 per sec) reads @ chrUn_KI270311v1:0-12399
ForkPoolWorker-30 countReadsInRegions_worker: processing 12399 (1592271.4 per sec) @ chrUn_KI270311v1:0-12399
ForkPoolWorker-30,  processing 922 (81281.9 per sec) reads @ chr1:0-5000000
ForkPoolWorker-30 countReadsInRegions_worker: processing 5000000 (6867390.4 per sec) @ chr1:0-5000000
ForkPoolWorker-30,  processing 11 (15942.4 per sec) reads @ chr5:110000000-115000000
ForkPoolWorker-30 countReadsInRegions_worker: processing 5000000 (6977117.6 per sec) @ chr5:110000000-115000000
ForkPoolWorker-30,  processing 0 (0.0 per sec) reads @ chrUn_KI270390v1:0-2387
ForkPoolWorker-30 countReadsInRegions_worker: processing 2387 (389761.5 per sec) @ chrUn_KI270390v1:0-2387
ForkPoolWorker-30,  processing 68 (43824.9 per sec) reads @ chr2:105000000-110000000
ForkPoolWorker-30 countReadsInRegions_worker: processing 5000000 (6917330.5 per sec) @ chr2:105000000-110000000
ForkPoolWorker-30,  processing 11 (16918.7 per sec) reads @ chr7:15000000-20000000
ForkPoolWorker-30 countReadsInRegions_worker: processing 5000000 (6971870.9 per sec) @ chr7:15000000-20000000
ForkPoolWorker-30,  processing 27 (31283.5 per sec) reads @ chr5:60000000-65000000
ForkPoolWorker-30 countReadsInRegions_worker: processing 5000000 (6971124.6 per sec) @ chr5:60000000-65000000
ForkPoolWorker-30,  processing 7 (12398.7 per sec) reads @ chr7:120000000-125000000
ForkPoolWorker-30 countReadsInRegions_worker: processing 5000000 (7958692.2 per sec) @ chr7:120000000-125000000
ForkPoolWorker-24,  processing 39 (843.7 per sec) reads @ chr18:10000000-15000000
ForkPoolWorker-24 countReadsInRegions_worker: processing 5000000 (6316920.8 per sec) @ chr18:10000000-15000000
ForkPoolWorker-24,  processing 131 (64196.0 per sec) reads @ chr10:125000000-130000000
ForkPoolWorker-24 countReadsInRegions_worker: processing 5000000 (7010917.8 per sec) @ chr10:125000000-130000000
ForkPoolWorker-24,  processing 22 (19187.9 per sec) reads @ chr4:75000000-80000000
ForkPoolWorker-24 countReadsInRegions_worker: processing 5000000 (6944793.7 per sec) @ chr4:75000000-80000000
ForkPoolWorker-24,  processing 24 (30366.0 per sec) reads @ chr2:150000000-155000000
ForkPoolWorker-24 countReadsInRegions_worker: processing 5000000 (6965907.7 per sec) @ chr2:150000000-155000000
ForkPoolWorker-24,  processing 0 (0.0 per sec) reads @ chr14:10000000-15000000
ForkPoolWorker-24 countReadsInRegions_worker: processing 5000000 (6969804.0 per sec) @ chr14:10000000-15000000
ForkPoolWorker-24,  processing 116 (57172.7 per sec) reads @ chr9:120000000-125000000
ForkPoolWorker-24 countReadsInRegions_worker: processing 5000000 (6965634.7 per sec) @ chr9:120000000-125000000
ForkPoolWorker-24,  processing 68 (46143.5 per sec) reads @ chr8:125000000-130000000
ForkPoolWorker-24 countReadsInRegions_worker: processing 5000000 (6964797.3 per sec) @ chr8:125000000-130000000
ForkPoolWorker-24,  processing 131 (63352.2 per sec) reads @ chr1:50000000-55000000
ForkPoolWorker-24 countReadsInRegions_worker: processing 5000000 (6960444.5 per sec) @ chr1:50000000-55000000
ForkPoolWorker-24,  processing 21 (25079.8 per sec) reads @ chr8:95000000-100000000
ForkPoolWorker-24 countReadsInRegions_worker: processing 5000000 (6962850.2 per sec) @ chr8:95000000-100000000
ForkPoolWorker-24,  processing 3 (5440.1 per sec) reads @ chr13:15000000-20000000
ForkPoolWorker-24 countReadsInRegions_worker: processing 5000000 (6957721.9 per sec) @ chr13:15000000-20000000
ForkPoolWorker-24,  processing 161 (67306.2 per sec) reads @ chr12:0-5000000
ForkPoolWorker-24 countReadsInRegions_worker: processing 5000000 (6963157.7 per sec) @ chr12:0-5000000
ForkPoolWorker-24,  processing 96 (59511.3 per sec) reads @ chr2:170000000-175000000
ForkPoolWorker-24 countReadsInRegions_worker: processing 5000000 (7986838.1 per sec) @ chr2:170000000-175000000
ForkPoolWorker-33,  processing 516 (10094.8 per sec) reads @ chr1:25000000-30000000
ForkPoolWorker-33 countReadsInRegions_worker: processing 5000000 (6262480.8 per sec) @ chr1:25000000-30000000
ForkPoolWorker-33,  processing 7 (7194.3 per sec) reads @ chr11:95000000-100000000
ForkPoolWorker-33 countReadsInRegions_worker: processing 5000000 (6986934.0 per sec) @ chr11:95000000-100000000
ForkPoolWorker-33,  processing 27 (24993.6 per sec) reads @ chr11:100000000-105000000
ForkPoolWorker-33 countReadsInRegions_worker: processing 5000000 (6977930.1 per sec) @ chr11:100000000-105000000
ForkPoolWorker-33,  processing 106 (58988.5 per sec) reads @ chr21:30000000-35000000
ForkPoolWorker-33 countReadsInRegions_worker: processing 5000000 (6969176.3 per sec) @ chr21:30000000-35000000
ForkPoolWorker-33,  processing 7 (11266.4 per sec) reads @ chrX:120000000-125000000
ForkPoolWorker-33 countReadsInRegions_worker: processing 5000000 (6982383.8 per sec) @ chrX:120000000-125000000
ForkPoolWorker-33,  processing 20 (24811.0 per sec) reads @ chr14:85000000-90000000
ForkPoolWorker-33 countReadsInRegions_worker: processing 5000000 (6986270.7 per sec) @ chr14:85000000-90000000
ForkPoolWorker-33,  processing 155 (69183.5 per sec) reads @ chr1:120000000-125000000
ForkPoolWorker-33 countReadsInRegions_worker: processing 5000000 (6966858.8 per sec) @ chr1:120000000-125000000
ForkPoolWorker-33,  processing 14 (18494.6 per sec) reads @ chr5:120000000-125000000
ForkPoolWorker-33 countReadsInRegions_worker: processing 5000000 (6986408.0 per sec) @ chr5:120000000-125000000
ForkPoolWorker-33,  processing 12 (16710.4 per sec) reads @ chr5:40000000-45000000
ForkPoolWorker-33 countReadsInRegions_worker: processing 5000000 (6994787.5 per sec) @ chr5:40000000-45000000
ForkPoolWorker-33,  processing 13 (17848.1 per sec) reads @ chr2:115000000-120000000
ForkPoolWorker-33 countReadsInRegions_worker: processing 5000000 (6997599.9 per sec) @ chr2:115000000-120000000
ForkPoolWorker-33,  processing 19 (24076.1 per sec) reads @ chr1:80000000-85000000
ForkPoolWorker-33 countReadsInRegions_worker: processing 5000000 (6994358.2 per sec) @ chr1:80000000-85000000
ForkPoolWorker-33,  processing 19 (26292.2 per sec) reads @ chr1:75000000-80000000
ForkPoolWorker-33 countReadsInRegions_worker: processing 5000000 (8043074.3 per sec) @ chr1:75000000-80000000
ForkPoolWorker-18,  processing 63 (1356.3 per sec) reads @ chr2:120000000-125000000
ForkPoolWorker-18 countReadsInRegions_worker: processing 5000000 (6305786.5 per sec) @ chr2:120000000-125000000
ForkPoolWorker-18,  processing 26 (22573.4 per sec) reads @ chr7:55000000-60000000
ForkPoolWorker-18 countReadsInRegions_worker: processing 5000000 (6904867.9 per sec) @ chr7:55000000-60000000
ForkPoolWorker-18,  processing 306 (68059.0 per sec) reads @ chr6:25000000-30000000
ForkPoolWorker-18 countReadsInRegions_worker: processing 5000000 (6896214.7 per sec) @ chr6:25000000-30000000
ForkPoolWorker-18,  processing 0 (0.0 per sec) reads @ chrUn_KI270371v1:0-2805
ForkPoolWorker-18 countReadsInRegions_worker: processing 2805 (410818.6 per sec) @ chrUn_KI270371v1:0-2805
ForkPoolWorker-18,  processing 14 (17005.6 per sec) reads @ chr4:40000000-45000000
ForkPoolWorker-18 countReadsInRegions_worker: processing 5000000 (6922824.5 per sec) @ chr4:40000000-45000000
ForkPoolWorker-18,  processing 3 (6120.1 per sec) reads @ chrUn_GL000218v1:0-161147
ForkPoolWorker-18 countReadsInRegions_worker: processing 161147 (5368883.7 per sec) @ chrUn_GL000218v1:0-161147
ForkPoolWorker-18,  processing 33 (34996.7 per sec) reads @ chr11:90000000-95000000
ForkPoolWorker-18 countReadsInRegions_worker: processing 5000000 (6946208.4 per sec) @ chr11:90000000-95000000
ForkPoolWorker-18,  processing 0 (0.0 per sec) reads @ chrUn_KI270395v1:0-1143
ForkPoolWorker-18 countReadsInRegions_worker: processing 1143 (197939.3 per sec) @ chrUn_KI270395v1:0-1143
ForkPoolWorker-18,  processing 19 (20645.5 per sec) reads @ chr9:70000000-75000000
ForkPoolWorker-18 countReadsInRegions_worker: processing 5000000 (6944184.3 per sec) @ chr9:70000000-75000000
ForkPoolWorker-18,  processing 10 (16428.9 per sec) reads @ chrX:60000000-65000000
ForkPoolWorker-18 countReadsInRegions_worker: processing 5000000 (6954722.3 per sec) @ chrX:60000000-65000000
ForkPoolWorker-18,  processing 35 (32804.6 per sec) reads @ chr11:110000000-115000000
ForkPoolWorker-18 countReadsInRegions_worker: processing 5000000 (6929932.1 per sec) @ chr11:110000000-115000000
ForkPoolWorker-18,  processing 25 (25795.2 per sec) reads @ chr18:0-5000000
ForkPoolWorker-18 countReadsInRegions_worker: processing 5000000 (6895842.8 per sec) @ chr18:0-5000000
ForkPoolWorker-18,  processing 0 (0.0 per sec) reads @ chrUn_KI270429v1:0-1361
ForkPoolWorker-18 countReadsInRegions_worker: processing 1361 (211934.2 per sec) @ chrUn_KI270429v1:0-1361
ForkPoolWorker-18,  processing 0 (0.0 per sec) reads @ chr1:130000000-135000000
ForkPoolWorker-18 countReadsInRegions_worker: processing 5000000 (6962131.3 per sec) @ chr1:130000000-135000000
ForkPoolWorker-18,  processing 4585 (96050.2 per sec) reads @ chr1:145000000-150000000
ForkPoolWorker-18 countReadsInRegions_worker: processing 5000000 (6553540.6 per sec) @ chr1:145000000-150000000
ForkPoolWorker-18,  processing 21 (32087.6 per sec) reads @ chr13:90000000-95000000
ForkPoolWorker-18 countReadsInRegions_worker: processing 5000000 (8257674.3 per sec) @ chr13:90000000-95000000
ForkPoolWorker-31,  processing 13 (312.0 per sec) reads @ chr8:65000000-70000000
ForkPoolWorker-31 countReadsInRegions_worker: processing 5000000 (6343311.3 per sec) @ chr8:65000000-70000000
ForkPoolWorker-31,  processing 0 (0.0 per sec) reads @ chrUn_KI270750v1:0-148850
ForkPoolWorker-31 countReadsInRegions_worker: processing 148850 (4871009.4 per sec) @ chrUn_KI270750v1:0-148850
ForkPoolWorker-31,  processing 0 (0.0 per sec) reads @ chrUn_KI270379v1:0-1045
ForkPoolWorker-31 countReadsInRegions_worker: processing 1045 (185753.8 per sec) @ chrUn_KI270379v1:0-1045
ForkPoolWorker-31,  processing 0 (0.0 per sec) reads @ chrUn_KI270539v1:0-993
ForkPoolWorker-31 countReadsInRegions_worker: processing 993 (173185.7 per sec) @ chrUn_KI270539v1:0-993
ForkPoolWorker-31,  processing 0 (0.0 per sec) reads @ chrUn_KI270373v1:0-1451
ForkPoolWorker-31 countReadsInRegions_worker: processing 1451 (70821.0 per sec) @ chrUn_KI270373v1:0-1451
ForkPoolWorker-31,  processing 23 (27205.0 per sec) reads @ chr2:5000000-10000000
ForkPoolWorker-31 countReadsInRegions_worker: processing 5000000 (6958118.9 per sec) @ chr2:5000000-10000000
ForkPoolWorker-31,  processing 46 (35769.0 per sec) reads @ chr2:155000000-160000000
ForkPoolWorker-31 countReadsInRegions_worker: processing 5000000 (6990774.6 per sec) @ chr2:155000000-160000000
ForkPoolWorker-31,  processing 53 (44638.2 per sec) reads @ chr15:30000000-35000000
ForkPoolWorker-31 countReadsInRegions_worker: processing 5000000 (6962505.8 per sec) @ chr15:30000000-35000000
ForkPoolWorker-31,  processing 12 (16173.4 per sec) reads @ chrX:125000000-130000000
ForkPoolWorker-31 countReadsInRegions_worker: processing 5000000 (6955114.4 per sec) @ chrX:125000000-130000000
ForkPoolWorker-31,  processing 34 (32670.4 per sec) reads @ chr10:80000000-85000000
ForkPoolWorker-31 countReadsInRegions_worker: processing 5000000 (6919553.6 per sec) @ chr10:80000000-85000000
ForkPoolWorker-31,  processing 30 (29426.8 per sec) reads @ chr3:120000000-125000000
ForkPoolWorker-31 countReadsInRegions_worker: processing 5000000 (6938025.1 per sec) @ chr3:120000000-125000000
ForkPoolWorker-31,  processing 85 (46603.4 per sec) reads @ chr16:15000000-20000000
ForkPoolWorker-31 countReadsInRegions_worker: processing 5000000 (6921725.5 per sec) @ chr16:15000000-20000000
ForkPoolWorker-31,  processing 83 (48908.0 per sec) reads @ chr1:205000000-210000000
ForkPoolWorker-31 countReadsInRegions_worker: processing 5000000 (6912868.2 per sec) @ chr1:205000000-210000000
ForkPoolWorker-31,  processing 64 (45543.9 per sec) reads @ chr1:160000000-165000000
ForkPoolWorker-31 countReadsInRegions_worker: processing 5000000 (6933666.8 per sec) @ chr1:160000000-165000000
ForkPoolWorker-31,  processing 7 (11872.3 per sec) reads @ chr15:20000000-25000000
ForkPoolWorker-31 countReadsInRegions_worker: processing 5000000 (6961669.1 per sec) @ chr15:20000000-25000000
ForkPoolWorker-31,  processing 218 (71089.9 per sec) reads @ chr1:40000000-45000000
ForkPoolWorker-31 countReadsInRegions_worker: processing 5000000 (8257375.2 per sec) @ chr1:40000000-45000000
ForkPoolWorker-9,  processing 290 (5455.0 per sec) reads @ chr3:125000000-130000000
ForkPoolWorker-9 countReadsInRegions_worker: processing 5000000 (6532052.4 per sec) @ chr3:125000000-130000000
ForkPoolWorker-9,  processing 0 (0.0 per sec) reads @ chrUn_KI270375v1:0-2378
ForkPoolWorker-9 countReadsInRegions_worker: processing 2378 (224772.5 per sec) @ chrUn_KI270375v1:0-2378
ForkPoolWorker-9,  processing 0 (0.0 per sec) reads @ chr22_KI270738v1_random:0-99375
ForkPoolWorker-9 countReadsInRegions_worker: processing 99375 (4912477.3 per sec) @ chr22_KI270738v1_random:0-99375
ForkPoolWorker-9,  processing 60 (44494.0 per sec) reads @ chr5:145000000-150000000
ForkPoolWorker-9 countReadsInRegions_worker: processing 5000000 (6979862.4 per sec) @ chr5:145000000-150000000
ForkPoolWorker-9,  processing 33 (32460.6 per sec) reads @ chr1:235000000-240000000
ForkPoolWorker-9 countReadsInRegions_worker: processing 5000000 (6969507.5 per sec) @ chr1:235000000-240000000
ForkPoolWorker-9,  processing 0 (0.0 per sec) reads @ chrUn_KI270584v1:0-4513
ForkPoolWorker-9 countReadsInRegions_worker: processing 4513 (755192.3 per sec) @ chrUn_KI270584v1:0-4513
ForkPoolWorker-9,  processing 0 (0.0 per sec) reads @ chr21:0-5000000
ForkPoolWorker-9 countReadsInRegions_worker: processing 5000000 (6977844.2 per sec) @ chr21:0-5000000
ForkPoolWorker-9,  processing 0 (0.0 per sec) reads @ chrUn_GL000213v1:0-164239
ForkPoolWorker-9 countReadsInRegions_worker: processing 164239 (5795725.1 per sec) @ chrUn_GL000213v1:0-164239
ForkPoolWorker-9,  processing 0 (0.0 per sec) reads @ chr3:80000000-85000000
ForkPoolWorker-9 countReadsInRegions_worker: processing 5000000 (7004274.7 per sec) @ chr3:80000000-85000000
ForkPoolWorker-9,  processing 0 (0.0 per sec) reads @ chrUn_KI270742v1:0-186739
ForkPoolWorker-9 countReadsInRegions_worker: processing 186739 (6051644.5 per sec) @ chrUn_KI270742v1:0-186739
ForkPoolWorker-9,  processing 20 (24119.1 per sec) reads @ chr18:55000000-60000000
ForkPoolWorker-9 countReadsInRegions_worker: processing 5000000 (7006547.0 per sec) @ chr18:55000000-60000000
ForkPoolWorker-9,  processing 0 (0.0 per sec) reads @ chr16:40000000-45000000
ForkPoolWorker-9 countReadsInRegions_worker: processing 5000000 (7017000.5 per sec) @ chr16:40000000-45000000
ForkPoolWorker-9,  processing 57 (40881.6 per sec) reads @ chr2:0-5000000
ForkPoolWorker-9 countReadsInRegions_worker: processing 5000000 (6990350.5 per sec) @ chr2:0-5000000
ForkPoolWorker-9,  processing 0 (0.0 per sec) reads @ chrUn_KI270312v1:0-998
ForkPoolWorker-9 countReadsInRegions_worker: processing 998 (152154.2 per sec) @ chrUn_KI270312v1:0-998
ForkPoolWorker-9,  processing 149 (57282.4 per sec) reads @ chr17:60000000-65000000
ForkPoolWorker-9 countReadsInRegions_worker: processing 5000000 (7005547.6 per sec) @ chr17:60000000-65000000
ForkPoolWorker-9,  processing 151 (60804.5 per sec) reads @ chr10:70000000-75000000
ForkPoolWorker-9 countReadsInRegions_worker: processing 5000000 (7009816.4 per sec) @ chr10:70000000-75000000
ForkPoolWorker-9,  processing 27 (28010.4 per sec) reads @ chrX:20000000-25000000
ForkPoolWorker-9 countReadsInRegions_worker: processing 5000000 (7020770.9 per sec) @ chrX:20000000-25000000
ForkPoolWorker-9,  processing 4 (8853.4 per sec) reads @ chrUn_GL000195v1:0-182896
ForkPoolWorker-9 countReadsInRegions_worker: processing 182896 (6796022.5 per sec) @ chrUn_GL000195v1:0-182896
ForkPoolWorker-9,  processing 3 (6563.9 per sec) reads @ chr7:85000000-90000000
ForkPoolWorker-9 countReadsInRegions_worker: processing 5000000 (8274535.3 per sec) @ chr7:85000000-90000000
ForkPoolWorker-9,  processing 1 (2272.1 per sec) reads @ chr18:40000000-45000000
ForkPoolWorker-9 countReadsInRegions_worker: processing 5000000 (8237424.9 per sec) @ chr18:40000000-45000000
ForkPoolWorker-22,  processing 101 (2149.9 per sec) reads @ chr12:95000000-100000000
ForkPoolWorker-22 countReadsInRegions_worker: processing 5000000 (6672527.4 per sec) @ chr12:95000000-100000000
ForkPoolWorker-22,  processing 1 (1209.1 per sec) reads @ chr21:10000000-15000000
ForkPoolWorker-22 countReadsInRegions_worker: processing 5000000 (6922975.3 per sec) @ chr21:10000000-15000000
ForkPoolWorker-22,  processing 0 (0.0 per sec) reads @ chrUn_KI270589v1:0-44474
ForkPoolWorker-22 countReadsInRegions_worker: processing 44474 (3613246.7 per sec) @ chrUn_KI270589v1:0-44474
ForkPoolWorker-22,  processing 437 (73681.9 per sec) reads @ chr19:35000000-40000000
ForkPoolWorker-22 countReadsInRegions_worker: processing 5000000 (6897664.1 per sec) @ chr19:35000000-40000000
ForkPoolWorker-22,  processing 0 (0.0 per sec) reads @ chrUn_GL000224v1:0-179693
ForkPoolWorker-22 countReadsInRegions_worker: processing 179693 (5677877.0 per sec) @ chrUn_GL000224v1:0-179693
ForkPoolWorker-22,  processing 98 (51554.2 per sec) reads @ chr1:45000000-50000000
ForkPoolWorker-22 countReadsInRegions_worker: processing 5000000 (6993024.2 per sec) @ chr1:45000000-50000000
ForkPoolWorker-22,  processing 55 (43765.3 per sec) reads @ chr2:60000000-65000000
ForkPoolWorker-22 countReadsInRegions_worker: processing 5000000 (6995373.1 per sec) @ chr2:60000000-65000000
ForkPoolWorker-22,  processing 62 (45566.3 per sec) reads @ chr14:65000000-70000000
ForkPoolWorker-22 countReadsInRegions_worker: processing 5000000 (6992947.2 per sec) @ chr14:65000000-70000000
ForkPoolWorker-22,  processing 42 (35494.8 per sec) reads @ chr15:25000000-30000000
ForkPoolWorker-22 countReadsInRegions_worker: processing 5000000 (6997193.7 per sec) @ chr15:25000000-30000000
ForkPoolWorker-22,  processing 8 (12358.9 per sec) reads @ chrX:95000000-100000000
ForkPoolWorker-22 countReadsInRegions_worker: processing 5000000 (7016160.1 per sec) @ chrX:95000000-100000000
ForkPoolWorker-22,  processing 20 (23243.6 per sec) reads @ chr17:10000000-15000000
ForkPoolWorker-22 countReadsInRegions_worker: processing 5000000 (6995466.5 per sec) @ chr17:10000000-15000000
ForkPoolWorker-22,  processing 218 (62066.1 per sec) reads @ chrX:45000000-50000000
ForkPoolWorker-22 countReadsInRegions_worker: processing 5000000 (6968690.0 per sec) @ chrX:45000000-50000000
ForkPoolWorker-22,  processing 0 (0.0 per sec) reads @ chrUn_KI270743v1:0-210658
ForkPoolWorker-22 countReadsInRegions_worker: processing 210658 (6142001.0 per sec) @ chrUn_KI270743v1:0-210658
ForkPoolWorker-22,  processing 22 (27902.8 per sec) reads @ chr14:25000000-30000000
ForkPoolWorker-22 countReadsInRegions_worker: processing 5000000 (6984244.1 per sec) @ chr14:25000000-30000000
ForkPoolWorker-22,  processing 149 (63511.3 per sec) reads @ chr22:25000000-30000000
ForkPoolWorker-22 countReadsInRegions_worker: processing 5000000 (8107376.1 per sec) @ chr22:25000000-30000000
ForkPoolWorker-22,  processing 1 (2249.0 per sec) reads @ chrX:90000000-95000000
ForkPoolWorker-22 countReadsInRegions_worker: processing 5000000 (8249858.6 per sec) @ chrX:90000000-95000000
ForkPoolWorker-47,  processing 0 (0.0 per sec) reads @ chr11:135000000-135086622
ForkPoolWorker-47 countReadsInRegions_worker: processing 86622 (2154942.5 per sec) @ chr11:135000000-135086622
ForkPoolWorker-47,  processing 0 (0.0 per sec) reads @ chrY:55000000-57227415
ForkPoolWorker-47 countReadsInRegions_worker: processing 2227415 (7664309.2 per sec) @ chrY:55000000-57227415
ForkPoolWorker-47,  processing 41 (22870.9 per sec) reads @ chr12:70000000-75000000
ForkPoolWorker-47 countReadsInRegions_worker: processing 5000000 (7189438.4 per sec) @ chr12:70000000-75000000
ForkPoolWorker-47,  processing 177 (66019.7 per sec) reads @ chr1:230000000-235000000
ForkPoolWorker-47 countReadsInRegions_worker: processing 5000000 (6977177.9 per sec) @ chr1:230000000-235000000
ForkPoolWorker-47,  processing 0 (0.0 per sec) reads @ chrUn_KI270741v1:0-157432
ForkPoolWorker-47 countReadsInRegions_worker: processing 157432 (5169636.5 per sec) @ chrUn_KI270741v1:0-157432
ForkPoolWorker-47,  processing 10 (14594.0 per sec) reads @ chr4:180000000-185000000
ForkPoolWorker-47 countReadsInRegions_worker: processing 5000000 (7040723.5 per sec) @ chr4:180000000-185000000
ForkPoolWorker-47,  processing 46 (41155.7 per sec) reads @ chr18:60000000-65000000
ForkPoolWorker-47 countReadsInRegions_worker: processing 5000000 (7035014.9 per sec) @ chr18:60000000-65000000
ForkPoolWorker-47,  processing 90 (54455.8 per sec) reads @ chr15:90000000-95000000
ForkPoolWorker-47 countReadsInRegions_worker: processing 5000000 (7030757.8 per sec) @ chr15:90000000-95000000
ForkPoolWorker-47,  processing 76 (50175.8 per sec) reads @ chr2:125000000-130000000
ForkPoolWorker-47 countReadsInRegions_worker: processing 5000000 (7011070.1 per sec) @ chr2:125000000-130000000
ForkPoolWorker-47,  processing 3 (5451.9 per sec) reads @ chr11:20000000-25000000
ForkPoolWorker-47 countReadsInRegions_worker: processing 5000000 (7020479.4 per sec) @ chr11:20000000-25000000
ForkPoolWorker-47,  processing 113 (61409.2 per sec) reads @ chr1:105000000-110000000
ForkPoolWorker-47 countReadsInRegions_worker: processing 5000000 (7013419.5 per sec) @ chr1:105000000-110000000
ForkPoolWorker-47,  processing 280 (69042.0 per sec) reads @ chr1:155000000-160000000
ForkPoolWorker-47 countReadsInRegions_worker: processing 5000000 (6981093.8 per sec) @ chr1:155000000-160000000
ForkPoolWorker-47,  processing 1167 (93338.3 per sec) reads @ chr1:140000000-145000000
ForkPoolWorker-47 countReadsInRegions_worker: processing 5000000 (6884363.5 per sec) @ chr1:140000000-145000000
ForkPoolWorker-47,  processing 619 (74517.8 per sec) reads @ chr19:15000000-20000000
ForkPoolWorker-47 countReadsInRegions_worker: processing 5000000 (7095731.6 per sec) @ chr19:15000000-20000000
ForkPoolWorker-47,  processing 11 (17903.5 per sec) reads @ chr10:50000000-55000000
ForkPoolWorker-47 countReadsInRegions_worker: processing 5000000 (8312788.7 per sec) @ chr10:50000000-55000000
ForkPoolWorker-47,  processing 25 (34233.6 per sec) reads @ chr3:95000000-100000000
ForkPoolWorker-47 countReadsInRegions_worker: processing 5000000 (8317265.8 per sec) @ chr3:95000000-100000000
ForkPoolWorker-45,  processing 83 (1925.9 per sec) reads @ chrX:40000000-45000000
ForkPoolWorker-45 countReadsInRegions_worker: processing 5000000 (6326513.7 per sec) @ chrX:40000000-45000000
ForkPoolWorker-45,  processing 130 (49043.0 per sec) reads @ chr1:200000000-205000000
ForkPoolWorker-45 countReadsInRegions_worker: processing 5000000 (6952163.2 per sec) @ chr1:200000000-205000000
ForkPoolWorker-45,  processing 1237 (84268.9 per sec) reads @ chr8:140000000-145000000
ForkPoolWorker-45 countReadsInRegions_worker: processing 5000000 (6872167.9 per sec) @ chr8:140000000-145000000
ForkPoolWorker-45,  processing 0 (0.0 per sec) reads @ chr9:45000000-50000000
ForkPoolWorker-45 countReadsInRegions_worker: processing 5000000 (7023230.2 per sec) @ chr9:45000000-50000000
ForkPoolWorker-45,  processing 419 (87822.4 per sec) reads @ chr15:80000000-85000000
ForkPoolWorker-45 countReadsInRegions_worker: processing 5000000 (6973421.8 per sec) @ chr15:80000000-85000000
ForkPoolWorker-45,  processing 0 (0.0 per sec) reads @ chrUn_KI270530v1:0-2168
ForkPoolWorker-45 countReadsInRegions_worker: processing 2168 (354250.3 per sec) @ chrUn_KI270530v1:0-2168
ForkPoolWorker-45,  processing 53 (41667.9 per sec) reads @ chr2:110000000-115000000
ForkPoolWorker-45 countReadsInRegions_worker: processing 5000000 (7029885.7 per sec) @ chr2:110000000-115000000
ForkPoolWorker-45,  processing 1 (1954.5 per sec) reads @ chr3:90000000-95000000
ForkPoolWorker-45 countReadsInRegions_worker: processing 5000000 (7043769.3 per sec) @ chr3:90000000-95000000
ForkPoolWorker-45,  processing 10 (15574.8 per sec) reads @ chrUn_GL000220v1:0-161802
ForkPoolWorker-45 countReadsInRegions_worker: processing 161802 (5357765.9 per sec) @ chrUn_GL000220v1:0-161802
ForkPoolWorker-45,  processing 9 (13111.8 per sec) reads @ chr10:105000000-110000000
ForkPoolWorker-45 countReadsInRegions_worker: processing 5000000 (6982793.0 per sec) @ chr10:105000000-110000000
ForkPoolWorker-45,  processing 20 (25093.1 per sec) reads @ chr3:175000000-180000000
ForkPoolWorker-45 countReadsInRegions_worker: processing 5000000 (7002773.2 per sec) @ chr3:175000000-180000000
ForkPoolWorker-45,  processing 38 (34960.2 per sec) reads @ chr18:20000000-25000000
ForkPoolWorker-45 countReadsInRegions_worker: processing 5000000 (7002380.4 per sec) @ chr18:20000000-25000000
ForkPoolWorker-45,  processing 376 (74312.4 per sec) reads @ chr5:0-5000000
ForkPoolWorker-45 countReadsInRegions_worker: processing 5000000 (6956662.5 per sec) @ chr5:0-5000000
ForkPoolWorker-45,  processing 39 (49524.0 per sec) reads @ chr3:85000000-90000000
ForkPoolWorker-45 countReadsInRegions_worker: processing 5000000 (8202182.2 per sec) @ chr3:85000000-90000000
ForkPoolWorker-45,  processing 5 (9718.0 per sec) reads @ chrX:55000000-60000000
ForkPoolWorker-45 countReadsInRegions_worker: processing 5000000 (8322966.4 per sec) @ chrX:55000000-60000000
ForkPoolWorker-45,  processing 0 (0.0 per sec) reads @ chrUn_KI270512v1:0-22689
ForkPoolWorker-45 countReadsInRegions_worker: processing 22689 (3009536.8 per sec) @ chrUn_KI270512v1:0-22689
ForkPoolWorker-46,  processing 220 (4717.9 per sec) reads @ chr21:40000000-45000000
ForkPoolWorker-46 countReadsInRegions_worker: processing 5000000 (6278326.8 per sec) @ chr21:40000000-45000000
ForkPoolWorker-46,  processing 152 (56937.9 per sec) reads @ chr5:135000000-140000000
ForkPoolWorker-46 countReadsInRegions_worker: processing 5000000 (6860675.2 per sec) @ chr5:135000000-140000000
ForkPoolWorker-46,  processing 22 (27211.6 per sec) reads @ chr13:70000000-75000000
ForkPoolWorker-46 countReadsInRegions_worker: processing 5000000 (6900140.1 per sec) @ chr13:70000000-75000000
ForkPoolWorker-46,  processing 361 (72440.1 per sec) reads @ chr3:50000000-55000000
ForkPoolWorker-46 countReadsInRegions_worker: processing 5000000 (6845943.2 per sec) @ chr3:50000000-55000000
ForkPoolWorker-46,  processing 192 (72050.3 per sec) reads @ chrX:0-5000000
ForkPoolWorker-46 countReadsInRegions_worker: processing 5000000 (6883471.0 per sec) @ chrX:0-5000000
ForkPoolWorker-46,  processing 77 (45385.2 per sec) reads @ chr2:45000000-50000000
ForkPoolWorker-46 countReadsInRegions_worker: processing 5000000 (6927297.4 per sec) @ chr2:45000000-50000000
ForkPoolWorker-46,  processing 0 (0.0 per sec) reads @ chrUn_GL000226v1:0-15008
ForkPoolWorker-46 countReadsInRegions_worker: processing 15008 (1789366.2 per sec) @ chrUn_GL000226v1:0-15008
ForkPoolWorker-46,  processing 153 (67543.3 per sec) reads @ chrX:105000000-110000000
ForkPoolWorker-46 countReadsInRegions_worker: processing 5000000 (6903090.5 per sec) @ chrX:105000000-110000000
ForkPoolWorker-46,  processing 81 (50042.5 per sec) reads @ chr2:20000000-25000000
ForkPoolWorker-46 countReadsInRegions_worker: processing 5000000 (6915724.6 per sec) @ chr2:20000000-25000000
ForkPoolWorker-46,  processing 1 (1966.4 per sec) reads @ chr1_KI270708v1_random:0-127682
ForkPoolWorker-46 countReadsInRegions_worker: processing 127682 (4919593.6 per sec) @ chr1_KI270708v1_random:0-127682
ForkPoolWorker-46,  processing 341 (71670.6 per sec) reads @ chr16:25000000-30000000
ForkPoolWorker-46 countReadsInRegions_worker: processing 5000000 (6873672.6 per sec) @ chr16:25000000-30000000
ForkPoolWorker-46,  processing 57 (45159.7 per sec) reads @ chr11:40000000-45000000
ForkPoolWorker-46 countReadsInRegions_worker: processing 5000000 (6932002.9 per sec) @ chr11:40000000-45000000
ForkPoolWorker-46,  processing 18 (24664.3 per sec) reads @ chr9:15000000-20000000
ForkPoolWorker-46 countReadsInRegions_worker: processing 5000000 (6947821.6 per sec) @ chr9:15000000-20000000
ForkPoolWorker-46,  processing 84 (53954.3 per sec) reads @ chr3:35000000-40000000
ForkPoolWorker-46 countReadsInRegions_worker: processing 5000000 (8210155.3 per sec) @ chr3:35000000-40000000
ForkPoolWorker-46,  processing 16 (24910.5 per sec) reads @ chr11:105000000-110000000
ForkPoolWorker-46 countReadsInRegions_worker: processing 5000000 (8292491.4 per sec) @ chr11:105000000-110000000
ForkPoolWorker-46,  processing 27 (25790.5 per sec) reads @ chr2:200000000-205000000
ForkPoolWorker-46 countReadsInRegions_worker: processing 5000000 (8307500.2 per sec) @ chr2:200000000-205000000
ForkPoolWorker-37,  processing 0 (0.0 per sec) reads @ chrUn_KI270590v1:0-4685
ForkPoolWorker-37 countReadsInRegions_worker: processing 4685 (160175.4 per sec) @ chrUn_KI270590v1:0-4685
ForkPoolWorker-37,  processing 30 (6336.8 per sec) reads @ chr8:120000000-125000000
ForkPoolWorker-37 countReadsInRegions_worker: processing 5000000 (6747246.0 per sec) @ chr8:120000000-125000000
ForkPoolWorker-37,  processing 34 (29865.2 per sec) reads @ chr13:50000000-55000000
ForkPoolWorker-37 countReadsInRegions_worker: processing 5000000 (6876922.8 per sec) @ chr13:50000000-55000000
ForkPoolWorker-37,  processing 72 (42342.9 per sec) reads @ chr5:140000000-145000000
ForkPoolWorker-37 countReadsInRegions_worker: processing 5000000 (6882768.4 per sec) @ chr5:140000000-145000000
ForkPoolWorker-37,  processing 33 (31314.9 per sec) reads @ chr8:70000000-75000000
ForkPoolWorker-37 countReadsInRegions_worker: processing 5000000 (6916817.2 per sec) @ chr8:70000000-75000000
ForkPoolWorker-37,  processing 755 (91012.8 per sec) reads @ chr10:85000000-90000000
ForkPoolWorker-37 countReadsInRegions_worker: processing 5000000 (6851599.6 per sec) @ chr10:85000000-90000000
ForkPoolWorker-37,  processing 595 (73024.5 per sec) reads @ chr3:45000000-50000000
ForkPoolWorker-37 countReadsInRegions_worker: processing 5000000 (6869973.0 per sec) @ chr3:45000000-50000000
ForkPoolWorker-37,  processing 72 (55218.5 per sec) reads @ chr2:30000000-35000000
ForkPoolWorker-37 countReadsInRegions_worker: processing 5000000 (6922481.7 per sec) @ chr2:30000000-35000000
ForkPoolWorker-37,  processing 0 (0.0 per sec) reads @ chrUn_KI270333v1:0-2699
ForkPoolWorker-37 countReadsInRegions_worker: processing 2699 (394385.0 per sec) @ chrUn_KI270333v1:0-2699
ForkPoolWorker-37,  processing 64 (43747.6 per sec) reads @ chr14:60000000-65000000
ForkPoolWorker-37 countReadsInRegions_worker: processing 5000000 (6907801.9 per sec) @ chr14:60000000-65000000
ForkPoolWorker-37,  processing 40 (36456.4 per sec) reads @ chr3:30000000-35000000
ForkPoolWorker-37 countReadsInRegions_worker: processing 5000000 (6907173.9 per sec) @ chr3:30000000-35000000
ForkPoolWorker-37,  processing 832 (80142.9 per sec) reads @ chr9:135000000-138394717
ForkPoolWorker-37 countReadsInRegions_worker: processing 3394717 (6787867.4 per sec) @ chr9:135000000-138394717
ForkPoolWorker-37,  processing 82 (50892.7 per sec) reads @ chr18:75000000-80000000
ForkPoolWorker-37 countReadsInRegions_worker: processing 5000000 (6997371.1 per sec) @ chr18:75000000-80000000
ForkPoolWorker-37,  processing 6 (10745.4 per sec) reads @ chr20:10000000-15000000
ForkPoolWorker-37 countReadsInRegions_worker: processing 5000000 (7535298.7 per sec) @ chr20:10000000-15000000
ForkPoolWorker-37,  processing 91 (63161.0 per sec) reads @ chr12:125000000-130000000
ForkPoolWorker-37 countReadsInRegions_worker: processing 5000000 (8296244.3 per sec) @ chr12:125000000-130000000
ForkPoolWorker-37,  processing 549 (82779.3 per sec) reads @ chr16:30000000-35000000
ForkPoolWorker-37 countReadsInRegions_worker: processing 5000000 (8214329.5 per sec) @ chr16:30000000-35000000
ForkPoolWorker-15,  processing 0 (0.0 per sec) reads @ chrUn_KI270587v1:0-2969
ForkPoolWorker-15 countReadsInRegions_worker: processing 2969 (92291.5 per sec) @ chrUn_KI270587v1:0-2969
ForkPoolWorker-15,  processing 0 (0.0 per sec) reads @ chr22_KI270739v1_random:0-73985
ForkPoolWorker-15 countReadsInRegions_worker: processing 73985 (5270663.5 per sec) @ chr22_KI270739v1_random:0-73985
ForkPoolWorker-15,  processing 66 (44150.6 per sec) reads @ chr21:25000000-30000000
ForkPoolWorker-15 countReadsInRegions_worker: processing 5000000 (6920581.1 per sec) @ chr21:25000000-30000000
ForkPoolWorker-15,  processing 9 (11672.5 per sec) reads @ chr7:110000000-115000000
ForkPoolWorker-15 countReadsInRegions_worker: processing 5000000 (6947957.4 per sec) @ chr7:110000000-115000000
ForkPoolWorker-15,  processing 34 (38521.4 per sec) reads @ chr7:130000000-135000000
ForkPoolWorker-15 countReadsInRegions_worker: processing 5000000 (6941621.5 per sec) @ chr7:130000000-135000000
ForkPoolWorker-15,  processing 33 (35765.4 per sec) reads @ chr10:5000000-10000000
ForkPoolWorker-15 countReadsInRegions_worker: processing 5000000 (6969326.9 per sec) @ chr10:5000000-10000000
ForkPoolWorker-15,  processing 40 (43095.9 per sec) reads @ chr5:125000000-130000000
ForkPoolWorker-15 countReadsInRegions_worker: processing 5000000 (6992327.0 per sec) @ chr5:125000000-130000000
ForkPoolWorker-15,  processing 81 (52171.2 per sec) reads @ chr16:10000000-15000000
ForkPoolWorker-15 countReadsInRegions_worker: processing 5000000 (6947777.8 per sec) @ chr16:10000000-15000000
ForkPoolWorker-15,  processing 69 (50384.2 per sec) reads @ chr12:115000000-120000000
ForkPoolWorker-15 countReadsInRegions_worker: processing 5000000 (6972244.0 per sec) @ chr12:115000000-120000000
ForkPoolWorker-15,  processing 398 (71719.1 per sec) reads @ chr9:125000000-130000000
ForkPoolWorker-15 countReadsInRegions_worker: processing 5000000 (6921024.2 per sec) @ chr9:125000000-130000000
ForkPoolWorker-15,  processing 709 (78450.9 per sec) reads @ chr6:30000000-35000000
ForkPoolWorker-15 countReadsInRegions_worker: processing 5000000 (6879620.9 per sec) @ chr6:30000000-35000000
ForkPoolWorker-15,  processing 53 (46447.6 per sec) reads @ chr18:30000000-35000000
ForkPoolWorker-15 countReadsInRegions_worker: processing 5000000 (6946795.1 per sec) @ chr18:30000000-35000000
ForkPoolWorker-15,  processing 12 (16432.1 per sec) reads @ chr13:35000000-40000000
ForkPoolWorker-15 countReadsInRegions_worker: processing 5000000 (6969243.5 per sec) @ chr13:35000000-40000000
ForkPoolWorker-15,  processing 646 (83467.5 per sec) reads @ chrX:150000000-155000000
ForkPoolWorker-15 countReadsInRegions_worker: processing 5000000 (7884631.8 per sec) @ chrX:150000000-155000000
ForkPoolWorker-15,  processing 23 (29701.0 per sec) reads @ chr6:115000000-120000000
ForkPoolWorker-15 countReadsInRegions_worker: processing 5000000 (8289184.2 per sec) @ chr6:115000000-120000000
ForkPoolWorker-15,  processing 271 (78077.8 per sec) reads @ chr1:30000000-35000000
ForkPoolWorker-15 countReadsInRegions_worker: processing 5000000 (8271614.3 per sec) @ chr1:30000000-35000000
ForkPoolWorker-35,  processing 5 (128.3 per sec) reads @ chr18:80000000-80373285
ForkPoolWorker-35 countReadsInRegions_worker: processing 373285 (3724143.2 per sec) @ chr18:80000000-80373285
ForkPoolWorker-35,  processing 52 (42681.8 per sec) reads @ chr2:100000000-105000000
ForkPoolWorker-35 countReadsInRegions_worker: processing 5000000 (7764445.9 per sec) @ chr2:100000000-105000000
ForkPoolWorker-35,  processing 2 (3354.1 per sec) reads @ chr16:35000000-40000000
ForkPoolWorker-35 countReadsInRegions_worker: processing 5000000 (7261229.5 per sec) @ chr16:35000000-40000000
ForkPoolWorker-35,  processing 11 (13047.9 per sec) reads @ chr2:80000000-85000000
ForkPoolWorker-35 countReadsInRegions_worker: processing 5000000 (7213713.4 per sec) @ chr2:80000000-85000000
ForkPoolWorker-35,  processing 77 (56899.5 per sec) reads @ chr2:175000000-180000000
ForkPoolWorker-35 countReadsInRegions_worker: processing 5000000 (7252347.9 per sec) @ chr2:175000000-180000000
ForkPoolWorker-35,  processing 114 (65339.0 per sec) reads @ chr7:75000000-80000000
ForkPoolWorker-35 countReadsInRegions_worker: processing 5000000 (7193635.8 per sec) @ chr7:75000000-80000000
ForkPoolWorker-35,  processing 866 (81883.4 per sec) reads @ chr19:45000000-50000000
ForkPoolWorker-35 countReadsInRegions_worker: processing 5000000 (7116236.3 per sec) @ chr19:45000000-50000000
ForkPoolWorker-35,  processing 873 (81879.0 per sec) reads @ chr16:85000000-90000000
ForkPoolWorker-35 countReadsInRegions_worker: processing 5000000 (7110660.2 per sec) @ chr16:85000000-90000000
ForkPoolWorker-35,  processing 0 (0.0 per sec) reads @ chrUn_KI270519v1:0-138126
ForkPoolWorker-35 countReadsInRegions_worker: processing 138126 (5545485.7 per sec) @ chrUn_KI270519v1:0-138126
ForkPoolWorker-35,  processing 23 (30118.3 per sec) reads @ chr5:90000000-95000000
ForkPoolWorker-35 countReadsInRegions_worker: processing 5000000 (7172016.0 per sec) @ chr5:90000000-95000000
ForkPoolWorker-35,  processing 0 (0.0 per sec) reads @ chr22_KI270731v1_random:0-150754
ForkPoolWorker-35 countReadsInRegions_worker: processing 150754 (5897186.3 per sec) @ chr22_KI270731v1_random:0-150754
ForkPoolWorker-35,  processing 0 (0.0 per sec) reads @ chrUn_KI270329v1:0-1040
ForkPoolWorker-35 countReadsInRegions_worker: processing 1040 (168850.2 per sec) @ chrUn_KI270329v1:0-1040
ForkPoolWorker-35,  processing 0 (0.0 per sec) reads @ chrUn_KI270376v1:0-1136
ForkPoolWorker-35 countReadsInRegions_worker: processing 1136 (182437.9 per sec) @ chrUn_KI270376v1:0-1136
ForkPoolWorker-35,  processing 0 (0.0 per sec) reads @ chrUn_KI270580v1:0-1553
ForkPoolWorker-35 countReadsInRegions_worker: processing 1553 (273033.2 per sec) @ chrUn_KI270580v1:0-1553
ForkPoolWorker-35,  processing 85 (60181.6 per sec) reads @ chr5:70000000-75000000
ForkPoolWorker-35 countReadsInRegions_worker: processing 5000000 (7195573.3 per sec) @ chr5:70000000-75000000
ForkPoolWorker-35,  processing 12 (17403.8 per sec) reads @ chr4:185000000-190000000
ForkPoolWorker-35 countReadsInRegions_worker: processing 5000000 (7187799.8 per sec) @ chr4:185000000-190000000
ForkPoolWorker-35,  processing 380 (73631.9 per sec) reads @ chr14:100000000-105000000
ForkPoolWorker-35 countReadsInRegions_worker: processing 5000000 (7146756.2 per sec) @ chr14:100000000-105000000
ForkPoolWorker-35,  processing 9 (14320.5 per sec) reads @ chr8:105000000-110000000
ForkPoolWorker-35 countReadsInRegions_worker: processing 5000000 (7916681.9 per sec) @ chr8:105000000-110000000
ForkPoolWorker-35,  processing 3 (6367.9 per sec) reads @ chr4:130000000-135000000
ForkPoolWorker-35 countReadsInRegions_worker: processing 5000000 (8315445.4 per sec) @ chr4:130000000-135000000
ForkPoolWorker-35,  processing 24 (30457.9 per sec) reads @ chr3:135000000-140000000
ForkPoolWorker-35 countReadsInRegions_worker: processing 5000000 (8304457.3 per sec) @ chr3:135000000-140000000
