# packages in environment at /work/pa-hilario/anaconda3/envs/deeptools:
#
# Name                    Version                   Build  Channel
_openmp_mutex             4.5                      20_gnu    conda-forge
alabaster                 1.0.0              pyhd8ed1ab_1    conda-forge
babel                     2.18.0             pyhcf101f3_0    conda-forge
backports.zstd            1.3.0           py312h90b7ffd_0    conda-forge
bedops                    2.4.42               hd6d6fdc_1    bioconda
brotli                    1.2.0                hed03a55_1    conda-forge
brotli-bin                1.2.0                hb03c661_1    conda-forge
brotli-python             1.2.0           py312hdb49522_1    conda-forge
bzip2                     1.0.8                hda65f42_8    conda-forge
c-ares                    1.34.6               hb03c661_0    conda-forge
ca-certificates           2026.1.4             hbd8a1cb_0    conda-forge
certifi                   2026.01.04      py312h06a4308_0  
charset-normalizer        3.4.4              pyhd8ed1ab_0    conda-forge
click                     8.3.1                    pypi_0    pypi
colorama                  0.4.6              pyhd8ed1ab_1    conda-forge
contourpy                 1.3.3           py312h0a2e395_4    conda-forge
cycler                    0.12.1             pyhcf101f3_2    conda-forge
cython                    3.2.4           py312h47b2149_0  
deeptools                 3.5.6              pyhdfd78af_0    bioconda
deeptoolsintervals        0.1.9           py312ha9c1134_11    bioconda
docutils                  0.22.4             pyhd8ed1ab_0    conda-forge
fonttools                 4.61.1          py312h8a5da7c_0    conda-forge
freetype                  2.14.1               ha770c72_0    conda-forge
gencode-utr-fix           1.0.0                    pypi_0    pypi
h2                        4.3.0              pyhcf101f3_0    conda-forge
hpack                     4.1.0              pyhd8ed1ab_0    conda-forge
htslib                    1.22.1               h566b1c6_0    bioconda
hyperframe                6.1.0              pyhd8ed1ab_0    conda-forge
icu                       78.2                 h33c6efd_0    conda-forge
idna                      3.11               pyhd8ed1ab_0    conda-forge
imagesize                 1.4.1              pyhd8ed1ab_0    conda-forge
importlib-metadata        8.7.0              pyhe01879c_1    conda-forge
jansson                   2.15.0               h280c20c_0    conda-forge
jinja2                    3.1.6              pyhcf101f3_1    conda-forge
keyutils                  1.6.3                hb9d3cd8_0    conda-forge
kiwisolver                1.4.9           py312h0a2e395_2    conda-forge
krb5                      1.22.2               ha1258a1_0    conda-forge
lcms2                     2.18                 h0c24ade_0    conda-forge
ld_impl_linux-64          2.45.1          default_hbd61a6d_101    conda-forge
lerc                      4.0.0                h0aef613_1    conda-forge
libblas                   3.11.0          5_h4a7cf45_openblas    conda-forge
libbrotlicommon           1.2.0                hb03c661_1    conda-forge
libbrotlidec              1.2.0                hb03c661_1    conda-forge
libbrotlienc              1.2.0                hb03c661_1    conda-forge
libcblas                  3.11.0          5_h0358290_openblas    conda-forge
libcurl                   8.18.0               hcf29cc6_1    conda-forge
libdeflate                1.25                 h17f619e_0    conda-forge
libedit                   3.1.20250104    pl5321h7949ede_0    conda-forge
libev                     4.33                 hd590300_2    conda-forge
libexpat                  2.7.3                hecca717_0    conda-forge
libffi                    3.5.2                h3435931_0    conda-forge
libfreetype               2.14.1               ha770c72_0    conda-forge
libfreetype6              2.14.1               h73754d4_0    conda-forge
libgcc                    15.2.0              he0feb66_17    conda-forge
libgcc-ng                 15.2.0              h69a702a_17    conda-forge
libgfortran               15.2.0              h69a702a_17    conda-forge
libgfortran5              15.2.0              h68bc16d_17    conda-forge
libgomp                   15.2.0              he0feb66_17    conda-forge
libiconv                  1.18                 h3b78370_2    conda-forge
libjpeg-turbo             3.1.2                hb03c661_0    conda-forge
liblapack                 3.11.0          5_h47877c9_openblas    conda-forge
liblzma                   5.8.2                hb03c661_0    conda-forge
libnghttp2                1.67.0               had1ee68_0    conda-forge
libnsl                    2.0.1                hb9d3cd8_1    conda-forge
libopenblas               0.3.30          pthreads_h94d23a6_4    conda-forge
libopenssl-static         3.6.1                hb03c661_1    conda-forge
libpng                    1.6.55               h421ea60_0    conda-forge
libsqlite                 3.51.2               hf4e2dac_0    conda-forge
libssh2                   1.11.1               hcf80075_0    conda-forge
libstdcxx                 15.2.0              h934c35e_17    conda-forge
libstdcxx-ng              15.2.0              hdf11a46_17    conda-forge
libtiff                   4.7.1                h9d88235_1    conda-forge
libuuid                   2.41.3               h5347b49_0    conda-forge
libwebp-base              1.6.0                hd42ef1d_0    conda-forge
libxcb                    1.17.0               h8a09558_0    conda-forge
libxcrypt                 4.4.36               hd590300_1    conda-forge
libzlib                   1.3.1                hb9d3cd8_2    conda-forge
markupsafe                3.0.3           py312h8a5da7c_0    conda-forge
matplotlib-base           3.10.8          py312he3d6523_0    conda-forge
munkres                   1.1.4              pyhd8ed1ab_1    conda-forge
mysql-connector-c         6.1.11            h659d440_1008    conda-forge
narwhals                  2.16.0             pyhcf101f3_0    conda-forge
natsort                   8.4.0                    pypi_0    pypi
ncls                      0.0.70                   pypi_0    pypi
ncurses                   6.5                  h2d0b736_3    conda-forge
numpy                     2.4.2           py312h33ff503_1    conda-forge
numpydoc                  1.10.0             pyhcf101f3_0    conda-forge
openjpeg                  2.5.4                h55fea9a_0    conda-forge
openssl                   3.6.1                h35e630c_1    conda-forge
packaging                 26.0               pyhcf101f3_0    conda-forge
pandas                    3.0.0                    pypi_0    pypi
pillow                    12.1.1          py312h50c33e8_0    conda-forge
pip                       26.0.1             pyh8b19718_0    conda-forge
plotly                    6.5.2              pyhd8ed1ab_0    conda-forge
pthread-stubs             0.4               hb9d3cd8_1002    conda-forge
py2bit                    0.3.3           py312h0fa9677_1    bioconda
pybigwig                  0.3.25          py312h83fe50f_0    bioconda
pygments                  2.19.2             pyhd8ed1ab_0    conda-forge
pyparsing                 3.3.2              pyhcf101f3_0    conda-forge
pyranges                  0.1.4                    pypi_0    pypi
pysam                     0.23.3          py312h8f9e533_2    bioconda
pysocks                   1.7.1              pyha55dd90_7    conda-forge
python                    3.12.12         hd63d673_2_cpython    conda-forge
python-dateutil           2.9.0.post0        pyhe01879c_2    conda-forge
python_abi                3.12                    8_cp312    conda-forge
pytz                      2025.2             pyhd8ed1ab_0    conda-forge
qhull                     2020.2               h434a139_5    conda-forge
readline                  8.3                  h853b02a_0    conda-forge
requests                  2.32.5             pyhcf101f3_1    conda-forge
roman-numerals            4.1.0              pyhd8ed1ab_0    conda-forge
samtools                  1.22.1               h96c455f_0    bioconda
scipy                     1.17.0          py312h54fa4ab_1    conda-forge
setuptools                82.0.0             pyh332efcf_0    conda-forge
six                       1.17.0             pyhe01879c_1    conda-forge
snowballstemmer           3.0.1              pyhd8ed1ab_0    conda-forge
sorted-nearest            0.0.41                   pypi_0    pypi
sphinx                    9.1.0              pyhd8ed1ab_0    conda-forge
sphinxcontrib-applehelp   2.0.0              pyhd8ed1ab_1    conda-forge
sphinxcontrib-devhelp     2.0.0              pyhd8ed1ab_1    conda-forge
sphinxcontrib-htmlhelp    2.1.0              pyhd8ed1ab_1    conda-forge
sphinxcontrib-jsmath      1.0.1              pyhd8ed1ab_1    conda-forge
sphinxcontrib-qthelp      2.0.0              pyhd8ed1ab_1    conda-forge
sphinxcontrib-serializinghtml 1.1.10             pyhd8ed1ab_1    conda-forge
tabulate                  0.9.0                    pypi_0    pypi
tk                        8.6.13          noxft_h366c992_103    conda-forge
tomli                     2.4.0              pyhcf101f3_0    conda-forge
tqdm                      4.67.3                   pypi_0    pypi
tzdata                    2025c                hc9c84f9_1    conda-forge
ucsc-bigwiginfo           482                  h0b57e2e_0    bioconda
unicodedata2              17.0.1          py312h4c3975b_0    conda-forge
urllib3                   2.6.3              pyhd8ed1ab_0    conda-forge
wheel                     0.46.3             pyhd8ed1ab_0    conda-forge
xorg-libxau               1.0.12               hb03c661_1    conda-forge
xorg-libxdmcp             1.1.5                hb03c661_1    conda-forge
zipp                      3.23.0             pyhcf101f3_1    conda-forge
zlib                      1.3.1                hb9d3cd8_2    conda-forge
zlib-ng                   2.3.3                hceb46e0_1    conda-forge
zstd                      1.5.7                hb78ec9c_6    conda-forge
Specified --scaleFactor: 1.0
normalization: CPM
bamFilesList: ['output/SNRNP70-Sorbitol-rep1_L1_R1.genome.Aligned.sort.dedup.bam']
binLength: 1
numberOfSamples: None
blackListFileName: None
skipZeroOverZero: False
bed_and_bin: False
genomeChunkSize: None
defaultFragmentLength: read length
numberOfProcessors: 48
verbose: True
region: None
bedFile: None
minMappingQuality: None
ignoreDuplicates: False
chrsToSkip: []
stepSize: 1
center_read: False
samFlag_include: None
samFlag_exclude: None
minFragmentLength: 0
maxFragmentLength: 0
zerosToNans: False
smoothLength: None
save_data: False
out_file_for_raw_data: None
maxPairedFragmentLength: 1000
filter_strand: None
Offset: [1]
Final scaling factor: 2.4864488537470786
ForkPoolWorker-10,  processing 350 (25009.9 per sec) reads @ chr14:30000000-35000000
ForkPoolWorker-10 countReadsInRegions_worker: processing 5000000 (10287867.7 per sec) @ chr14:30000000-35000000
ForkPoolWorker-10,  processing 120 (42370.3 per sec) reads @ chr15:55000000-60000000
ForkPoolWorker-10 countReadsInRegions_worker: processing 5000000 (10876735.1 per sec) @ chr15:55000000-60000000
ForkPoolWorker-10,  processing 0 (0.0 per sec) reads @ chrUn_KI270336v1:0-1026
ForkPoolWorker-10 countReadsInRegions_worker: processing 1026 (163725.3 per sec) @ chrUn_KI270336v1:0-1026
ForkPoolWorker-10,  processing 0 (0.0 per sec) reads @ chrUn_KI270317v1:0-37690
ForkPoolWorker-10 countReadsInRegions_worker: processing 37690 (3778011.1 per sec) @ chrUn_KI270317v1:0-37690
ForkPoolWorker-10,  processing 11 (16710.4 per sec) reads @ chrX:25000000-30000000
ForkPoolWorker-10 countReadsInRegions_worker: processing 5000000 (11203016.3 per sec) @ chrX:25000000-30000000
ForkPoolWorker-10,  processing 46 (34336.7 per sec) reads @ chr5:100000000-105000000
ForkPoolWorker-10 countReadsInRegions_worker: processing 5000000 (11325739.1 per sec) @ chr5:100000000-105000000
ForkPoolWorker-10,  processing 101 (41918.1 per sec) reads @ chr6:80000000-85000000
ForkPoolWorker-10 countReadsInRegions_worker: processing 5000000 (11605062.5 per sec) @ chr6:80000000-85000000
ForkPoolWorker-10,  processing 322 (48170.8 per sec) reads @ chr14:65000000-70000000
ForkPoolWorker-10 countReadsInRegions_worker: processing 5000000 (11758862.7 per sec) @ chr14:65000000-70000000
ForkPoolWorker-10,  processing 82 (34864.0 per sec) reads @ chr1:75000000-80000000
ForkPoolWorker-10 countReadsInRegions_worker: processing 5000000 (12076848.6 per sec) @ chr1:75000000-80000000
ForkPoolWorker-10,  processing 0 (0.0 per sec) reads @ chrUn_KI270425v1:0-1884
ForkPoolWorker-10 countReadsInRegions_worker: processing 1884 (258516.3 per sec) @ chrUn_KI270425v1:0-1884
ForkPoolWorker-10,  processing 467 (53770.2 per sec) reads @ chr2:130000000-135000000
ForkPoolWorker-10 countReadsInRegions_worker: processing 5000000 (11963708.7 per sec) @ chr2:130000000-135000000
ForkPoolWorker-10,  processing 72 (40870.2 per sec) reads @ chr1:70000000-75000000
ForkPoolWorker-10 countReadsInRegions_worker: processing 5000000 (12158812.6 per sec) @ chr1:70000000-75000000
ForkPoolWorker-10,  processing 415 (54328.7 per sec) reads @ chr17:55000000-60000000
ForkPoolWorker-10 countReadsInRegions_worker: processing 5000000 (11877527.0 per sec) @ chr17:55000000-60000000
ForkPoolWorker-10,  processing 121 (45176.3 per sec) reads @ chr4:150000000-155000000
ForkPoolWorker-10 countReadsInRegions_worker: processing 5000000 (12110799.1 per sec) @ chr4:150000000-155000000
ForkPoolWorker-10,  processing 1 (2458.6 per sec) reads @ chrUn_KI270467v1:0-3920
ForkPoolWorker-10 countReadsInRegions_worker: processing 3920 (520817.0 per sec) @ chrUn_KI270467v1:0-3920
ForkPoolWorker-43,  processing 0 (0.0 per sec) reads @ chrUn_KI270391v1:0-1484
ForkPoolWorker-43 countReadsInRegions_worker: processing 1484 (53543.7 per sec) @ chrUn_KI270391v1:0-1484
ForkPoolWorker-43,  processing 108 (13327.8 per sec) reads @ chr9:15000000-20000000
ForkPoolWorker-43 countReadsInRegions_worker: processing 5000000 (10178333.6 per sec) @ chr9:15000000-20000000
ForkPoolWorker-43,  processing 702 (56421.3 per sec) reads @ chr9:110000000-115000000
ForkPoolWorker-43 countReadsInRegions_worker: processing 5000000 (10833890.8 per sec) @ chr9:110000000-115000000
ForkPoolWorker-43,  processing 0 (0.0 per sec) reads @ chrUn_KI270311v1:0-12399
ForkPoolWorker-43 countReadsInRegions_worker: processing 12399 (1726370.2 per sec) @ chrUn_KI270311v1:0-12399
ForkPoolWorker-43,  processing 548 (60294.3 per sec) reads @ chr4:20000000-25000000
ForkPoolWorker-43 countReadsInRegions_worker: processing 5000000 (10828984.7 per sec) @ chr4:20000000-25000000
ForkPoolWorker-43,  processing 1011 (57038.9 per sec) reads @ chr12:110000000-115000000
ForkPoolWorker-43 countReadsInRegions_worker: processing 5000000 (10988333.4 per sec) @ chr12:110000000-115000000
ForkPoolWorker-43,  processing 305 (54833.4 per sec) reads @ chr15:95000000-100000000
ForkPoolWorker-43 countReadsInRegions_worker: processing 5000000 (11089711.2 per sec) @ chr15:95000000-100000000
ForkPoolWorker-43,  processing 0 (0.0 per sec) reads @ chrUn_KI270539v1:0-993
ForkPoolWorker-43 countReadsInRegions_worker: processing 993 (156060.5 per sec) @ chrUn_KI270539v1:0-993
ForkPoolWorker-43,  processing 10805 (60677.3 per sec) reads @ chr16:0-5000000
ForkPoolWorker-43 countReadsInRegions_worker: processing 5000000 (8307931.3 per sec) @ chr16:0-5000000
ForkPoolWorker-43,  processing 278 (56047.7 per sec) reads @ chr12:125000000-130000000
ForkPoolWorker-43 countReadsInRegions_worker: processing 5000000 (11631381.3 per sec) @ chr12:125000000-130000000
ForkPoolWorker-43,  processing 2017 (56707.9 per sec) reads @ chr10:100000000-105000000
ForkPoolWorker-43 countReadsInRegions_worker: processing 5000000 (10744955.2 per sec) @ chr10:100000000-105000000
ForkPoolWorker-43,  processing 8 (10327.6 per sec) reads @ chr5:25000000-30000000
ForkPoolWorker-43 countReadsInRegions_worker: processing 5000000 (11685876.1 per sec) @ chr5:25000000-30000000
ForkPoolWorker-43,  processing 0 (0.0 per sec) reads @ chr11:50000000-55000000
ForkPoolWorker-43 countReadsInRegions_worker: processing 5000000 (11704300.6 per sec) @ chr11:50000000-55000000
ForkPoolWorker-43,  processing 6157 (59631.4 per sec) reads @ chr17:80000000-83257441
ForkPoolWorker-43 countReadsInRegions_worker: processing 3257441 (8361043.6 per sec) @ chr17:80000000-83257441
ForkPoolWorker-43,  processing 566 (55706.2 per sec) reads @ chr7:125000000-130000000
ForkPoolWorker-43 countReadsInRegions_worker: processing 5000000 (11694588.7 per sec) @ chr7:125000000-130000000
ForkPoolWorker-42,  processing 16 (3658.8 per sec) reads @ chr9:115000000-120000000
ForkPoolWorker-42 countReadsInRegions_worker: processing 5000000 (9732123.8 per sec) @ chr9:115000000-120000000
ForkPoolWorker-42,  processing 1626 (55304.6 per sec) reads @ chr5:0-5000000
ForkPoolWorker-42 countReadsInRegions_worker: processing 5000000 (10557455.7 per sec) @ chr5:0-5000000
ForkPoolWorker-42,  processing 0 (0.0 per sec) reads @ chrEBV:0-171823
ForkPoolWorker-42 countReadsInRegions_worker: processing 171823 (8073646.4 per sec) @ chrEBV:0-171823
ForkPoolWorker-42,  processing 0 (0.0 per sec) reads @ chrUn_KI270511v1:0-8127
ForkPoolWorker-42 countReadsInRegions_worker: processing 8127 (1135971.9 per sec) @ chrUn_KI270511v1:0-8127
ForkPoolWorker-42,  processing 0 (0.0 per sec) reads @ chr2_KI270715v1_random:0-161471
ForkPoolWorker-42 countReadsInRegions_worker: processing 161471 (8436939.7 per sec) @ chr2_KI270715v1_random:0-161471
ForkPoolWorker-42,  processing 0 (0.0 per sec) reads @ chrUn_KI270435v1:0-92983
ForkPoolWorker-42 countReadsInRegions_worker: processing 92983 (6724352.0 per sec) @ chrUn_KI270435v1:0-92983
ForkPoolWorker-42,  processing 239 (50825.9 per sec) reads @ chr10:65000000-70000000
ForkPoolWorker-42 countReadsInRegions_worker: processing 5000000 (11454557.9 per sec) @ chr10:65000000-70000000
ForkPoolWorker-42,  processing 58 (37397.3 per sec) reads @ chr6:95000000-100000000
ForkPoolWorker-42 countReadsInRegions_worker: processing 5000000 (11542562.4 per sec) @ chr6:95000000-100000000
ForkPoolWorker-42,  processing 156 (46146.5 per sec) reads @ chr3:60000000-65000000
ForkPoolWorker-42 countReadsInRegions_worker: processing 5000000 (11538713.8 per sec) @ chr3:60000000-65000000
ForkPoolWorker-42,  processing 1709 (56805.1 per sec) reads @ chr12:55000000-60000000
ForkPoolWorker-42 countReadsInRegions_worker: processing 5000000 (10907492.8 per sec) @ chr12:55000000-60000000
ForkPoolWorker-42,  processing 1 (2213.4 per sec) reads @ chrY:20000000-25000000
ForkPoolWorker-42 countReadsInRegions_worker: processing 5000000 (11746927.8 per sec) @ chrY:20000000-25000000
ForkPoolWorker-42,  processing 98 (42978.0 per sec) reads @ chr4:110000000-115000000
ForkPoolWorker-42 countReadsInRegions_worker: processing 5000000 (11615050.7 per sec) @ chr4:110000000-115000000
ForkPoolWorker-42,  processing 1213 (58143.7 per sec) reads @ chr15:70000000-75000000
ForkPoolWorker-42 countReadsInRegions_worker: processing 5000000 (11164464.5 per sec) @ chr15:70000000-75000000
ForkPoolWorker-42,  processing 619 (56806.3 per sec) reads @ chr8:20000000-25000000
ForkPoolWorker-42 countReadsInRegions_worker: processing 5000000 (11485762.1 per sec) @ chr8:20000000-25000000
ForkPoolWorker-42,  processing 350 (53316.1 per sec) reads @ chr6:5000000-10000000
ForkPoolWorker-42 countReadsInRegions_worker: processing 5000000 (11574715.0 per sec) @ chr6:5000000-10000000
ForkPoolWorker-42,  processing 5 (9137.9 per sec) reads @ chrUn_GL000195v1:0-182896
ForkPoolWorker-42 countReadsInRegions_worker: processing 182896 (8584713.6 per sec) @ chrUn_GL000195v1:0-182896
ForkPoolWorker-42,  processing 0 (0.0 per sec) reads @ chrUn_KI270386v1:0-1788
ForkPoolWorker-42 countReadsInRegions_worker: processing 1788 (253598.5 per sec) @ chrUn_KI270386v1:0-1788
ForkPoolWorker-21,  processing 10 (1828.4 per sec) reads @ chrX:90000000-95000000
ForkPoolWorker-21 countReadsInRegions_worker: processing 5000000 (10645322.7 per sec) @ chrX:90000000-95000000
ForkPoolWorker-21,  processing 63 (29435.4 per sec) reads @ chr6:55000000-60000000
ForkPoolWorker-21 countReadsInRegions_worker: processing 5000000 (10421268.0 per sec) @ chr6:55000000-60000000
ForkPoolWorker-21,  processing 414 (53118.4 per sec) reads @ chr11:5000000-10000000
ForkPoolWorker-21 countReadsInRegions_worker: processing 5000000 (10891105.2 per sec) @ chr11:5000000-10000000
ForkPoolWorker-21,  processing 2383 (58041.1 per sec) reads @ chr17:40000000-45000000
ForkPoolWorker-21 countReadsInRegions_worker: processing 5000000 (10392482.3 per sec) @ chr17:40000000-45000000
ForkPoolWorker-21,  processing 114 (46909.7 per sec) reads @ chr20:20000000-25000000
ForkPoolWorker-21 countReadsInRegions_worker: processing 5000000 (11510373.1 per sec) @ chr20:20000000-25000000
ForkPoolWorker-21,  processing 1146 (54580.3 per sec) reads @ chrX:50000000-55000000
ForkPoolWorker-21 countReadsInRegions_worker: processing 5000000 (11123120.4 per sec) @ chrX:50000000-55000000
ForkPoolWorker-21,  processing 1962 (59685.3 per sec) reads @ chr16:25000000-30000000
ForkPoolWorker-21 countReadsInRegions_worker: processing 5000000 (10861491.6 per sec) @ chr16:25000000-30000000
ForkPoolWorker-21,  processing 0 (0.0 per sec) reads @ chrUn_KI270363v1:0-1803
ForkPoolWorker-21 countReadsInRegions_worker: processing 1803 (283615.7 per sec) @ chrUn_KI270363v1:0-1803
ForkPoolWorker-21,  processing 56 (37575.0 per sec) reads @ chr5:50000000-55000000
ForkPoolWorker-21 countReadsInRegions_worker: processing 5000000 (11744914.7 per sec) @ chr5:50000000-55000000
ForkPoolWorker-21,  processing 0 (0.0 per sec) reads @ chr16_KI270728v1_random:0-1872759
ForkPoolWorker-21 countReadsInRegions_worker: processing 1872759 (11641472.5 per sec) @ chr16_KI270728v1_random:0-1872759
ForkPoolWorker-21,  processing 710 (58131.4 per sec) reads @ chr19:30000000-35000000
ForkPoolWorker-21 countReadsInRegions_worker: processing 5000000 (11696101.9 per sec) @ chr19:30000000-35000000
ForkPoolWorker-21,  processing 0 (0.0 per sec) reads @ chrUn_KI270420v1:0-2321
ForkPoolWorker-21 countReadsInRegions_worker: processing 2321 (334213.8 per sec) @ chrUn_KI270420v1:0-2321
ForkPoolWorker-21,  processing 0 (0.0 per sec) reads @ chr22_KI270736v1_random:0-181920
ForkPoolWorker-21 countReadsInRegions_worker: processing 181920 (8488083.6 per sec) @ chr22_KI270736v1_random:0-181920
ForkPoolWorker-21,  processing 155 (47561.4 per sec) reads @ chr8:10000000-15000000
ForkPoolWorker-21 countReadsInRegions_worker: processing 5000000 (11932110.8 per sec) @ chr8:10000000-15000000
ForkPoolWorker-21,  processing 26 (25970.9 per sec) reads @ chr1:195000000-200000000
ForkPoolWorker-21 countReadsInRegions_worker: processing 5000000 (11992072.2 per sec) @ chr1:195000000-200000000
ForkPoolWorker-3,  processing 229 (22214.2 per sec) reads @ chr12:30000000-35000000
ForkPoolWorker-3 countReadsInRegions_worker: processing 5000000 (10535794.5 per sec) @ chr12:30000000-35000000
ForkPoolWorker-3,  processing 262 (53051.4 per sec) reads @ chr18:5000000-10000000
ForkPoolWorker-3 countReadsInRegions_worker: processing 5000000 (11087295.7 per sec) @ chr18:5000000-10000000
ForkPoolWorker-3,  processing 333 (53698.7 per sec) reads @ chr3:5000000-10000000
ForkPoolWorker-3 countReadsInRegions_worker: processing 5000000 (11268243.7 per sec) @ chr3:5000000-10000000
ForkPoolWorker-3,  processing 59 (36057.7 per sec) reads @ chr8:15000000-20000000
ForkPoolWorker-3 countReadsInRegions_worker: processing 5000000 (11666626.8 per sec) @ chr8:15000000-20000000
ForkPoolWorker-3,  processing 342 (54831.7 per sec) reads @ chr6:85000000-90000000
ForkPoolWorker-3 countReadsInRegions_worker: processing 5000000 (11648353.0 per sec) @ chr6:85000000-90000000
ForkPoolWorker-3,  processing 0 (0.0 per sec) reads @ chrUn_KI270322v1:0-21476
ForkPoolWorker-3 countReadsInRegions_worker: processing 21476 (2512114.0 per sec) @ chrUn_KI270322v1:0-21476
ForkPoolWorker-3,  processing 0 (0.0 per sec) reads @ chr9:55000000-60000000
ForkPoolWorker-3 countReadsInRegions_worker: processing 5000000 (11781666.8 per sec) @ chr9:55000000-60000000
ForkPoolWorker-3,  processing 297 (54010.9 per sec) reads @ chr2:60000000-65000000
ForkPoolWorker-3 countReadsInRegions_worker: processing 5000000 (11616607.7 per sec) @ chr2:60000000-65000000
ForkPoolWorker-3,  processing 194 (49840.4 per sec) reads @ chr7:45000000-50000000
ForkPoolWorker-3 countReadsInRegions_worker: processing 5000000 (11812412.0 per sec) @ chr7:45000000-50000000
ForkPoolWorker-3,  processing 0 (0.0 per sec) reads @ chrUn_KI270310v1:0-1201
ForkPoolWorker-3 countReadsInRegions_worker: processing 1201 (188446.3 per sec) @ chrUn_KI270310v1:0-1201
ForkPoolWorker-3,  processing 478 (56053.8 per sec) reads @ chr1:180000000-185000000
ForkPoolWorker-3 countReadsInRegions_worker: processing 5000000 (11553608.0 per sec) @ chr1:180000000-185000000
ForkPoolWorker-3,  processing 30 (28005.6 per sec) reads @ chr19:20000000-25000000
ForkPoolWorker-3 countReadsInRegions_worker: processing 5000000 (11990221.0 per sec) @ chr19:20000000-25000000
ForkPoolWorker-3,  processing 0 (0.0 per sec) reads @ chr13:0-5000000
ForkPoolWorker-3 countReadsInRegions_worker: processing 5000000 (12096799.7 per sec) @ chr13:0-5000000
ForkPoolWorker-3,  processing 70 (40687.5 per sec) reads @ chr10:55000000-60000000
ForkPoolWorker-3 countReadsInRegions_worker: processing 5000000 (11970114.0 per sec) @ chr10:55000000-60000000
ForkPoolWorker-3,  processing 0 (0.0 per sec) reads @ chr22_KI270735v1_random:0-42811
ForkPoolWorker-3 countReadsInRegions_worker: processing 42811 (4201763.2 per sec) @ chr22_KI270735v1_random:0-42811
ForkPoolWorker-31,  processing 2746 (50075.3 per sec) reads @ chr5:175000000-180000000
ForkPoolWorker-31 countReadsInRegions_worker: processing 5000000 (9877787.1 per sec) @ chr5:175000000-180000000
ForkPoolWorker-31,  processing 0 (0.0 per sec) reads @ chrUn_KI270507v1:0-5353
ForkPoolWorker-31 countReadsInRegions_worker: processing 5353 (726018.1 per sec) @ chrUn_KI270507v1:0-5353
ForkPoolWorker-31,  processing 108 (43174.3 per sec) reads @ chr4:165000000-170000000
ForkPoolWorker-31 countReadsInRegions_worker: processing 5000000 (11415662.8 per sec) @ chr4:165000000-170000000
ForkPoolWorker-31,  processing 4434 (56431.3 per sec) reads @ chr9:135000000-138394717
ForkPoolWorker-31 countReadsInRegions_worker: processing 3394717 (8912571.8 per sec) @ chr9:135000000-138394717
ForkPoolWorker-31,  processing 152 (48849.5 per sec) reads @ chr5:30000000-35000000
ForkPoolWorker-31 countReadsInRegions_worker: processing 5000000 (12003851.0 per sec) @ chr5:30000000-35000000
ForkPoolWorker-31,  processing 30 (29249.0 per sec) reads @ chr4:130000000-135000000
ForkPoolWorker-31 countReadsInRegions_worker: processing 5000000 (12205879.7 per sec) @ chr4:130000000-135000000
ForkPoolWorker-31,  processing 2 (4339.7 per sec) reads @ chr1_KI270706v1_random:0-175055
ForkPoolWorker-31 countReadsInRegions_worker: processing 175055 (8102517.0 per sec) @ chr1_KI270706v1_random:0-175055
ForkPoolWorker-31,  processing 294 (58202.0 per sec) reads @ chr4:65000000-70000000
ForkPoolWorker-31 countReadsInRegions_worker: processing 5000000 (12127250.0 per sec) @ chr4:65000000-70000000
ForkPoolWorker-31,  processing 153 (46041.6 per sec) reads @ chr13:45000000-50000000
ForkPoolWorker-31 countReadsInRegions_worker: processing 5000000 (12070009.0 per sec) @ chr13:45000000-50000000
ForkPoolWorker-31,  processing 128 (44041.9 per sec) reads @ chr13:20000000-25000000
ForkPoolWorker-31 countReadsInRegions_worker: processing 5000000 (12137925.9 per sec) @ chr13:20000000-25000000
ForkPoolWorker-31,  processing 189 (49672.5 per sec) reads @ chr6:145000000-150000000
ForkPoolWorker-31 countReadsInRegions_worker: processing 5000000 (12062566.6 per sec) @ chr6:145000000-150000000
ForkPoolWorker-31,  processing 3345 (59552.9 per sec) reads @ chr19:5000000-10000000
ForkPoolWorker-31 countReadsInRegions_worker: processing 5000000 (10753417.9 per sec) @ chr19:5000000-10000000
ForkPoolWorker-31,  processing 0 (0.0 per sec) reads @ chrUn_KI270745v1:0-41891
ForkPoolWorker-31 countReadsInRegions_worker: processing 41891 (4215436.0 per sec) @ chrUn_KI270745v1:0-41891
ForkPoolWorker-31,  processing 244 (52084.6 per sec) reads @ chr2:100000000-105000000
ForkPoolWorker-31 countReadsInRegions_worker: processing 5000000 (12074185.5 per sec) @ chr2:100000000-105000000
ForkPoolWorker-31,  processing 1821 (57782.7 per sec) reads @ chr12:45000000-50000000
ForkPoolWorker-31 countReadsInRegions_worker: processing 5000000 (11326864.7 per sec) @ chr12:45000000-50000000
ForkPoolWorker-9,  processing 88 (24139.9 per sec) reads @ chr15:50000000-55000000
ForkPoolWorker-9 countReadsInRegions_worker: processing 5000000 (10849517.2 per sec) @ chr15:50000000-55000000
ForkPoolWorker-9,  processing 4228 (60652.9 per sec) reads @ chr19:10000000-15000000
ForkPoolWorker-9 countReadsInRegions_worker: processing 5000000 (9543440.7 per sec) @ chr19:10000000-15000000
ForkPoolWorker-9,  processing 585 (55038.4 per sec) reads @ chr2:20000000-25000000
ForkPoolWorker-9 countReadsInRegions_worker: processing 5000000 (10749972.8 per sec) @ chr2:20000000-25000000
ForkPoolWorker-9,  processing 1 (2571.6 per sec) reads @ chrUn_GL000224v1:0-179693
ForkPoolWorker-9 countReadsInRegions_worker: processing 179693 (8236927.1 per sec) @ chrUn_GL000224v1:0-179693
ForkPoolWorker-9,  processing 1468 (56696.5 per sec) reads @ chr22:45000000-50000000
ForkPoolWorker-9 countReadsInRegions_worker: processing 5000000 (11251189.7 per sec) @ chr22:45000000-50000000
ForkPoolWorker-9,  processing 0 (0.0 per sec) reads @ chrUn_KI270748v1:0-93321
ForkPoolWorker-9 countReadsInRegions_worker: processing 93321 (6613890.3 per sec) @ chrUn_KI270748v1:0-93321
ForkPoolWorker-9,  processing 1838 (57381.4 per sec) reads @ chr12:5000000-10000000
ForkPoolWorker-9 countReadsInRegions_worker: processing 5000000 (10840112.4 per sec) @ chr12:5000000-10000000
ForkPoolWorker-9,  processing 0 (0.0 per sec) reads @ chrUn_KI270333v1:0-2699
ForkPoolWorker-9 countReadsInRegions_worker: processing 2699 (394604.9 per sec) @ chrUn_KI270333v1:0-2699
ForkPoolWorker-9,  processing 536 (53867.2 per sec) reads @ chr14:90000000-95000000
ForkPoolWorker-9 countReadsInRegions_worker: processing 5000000 (11492320.7 per sec) @ chr14:90000000-95000000
ForkPoolWorker-9,  processing 222 (52074.0 per sec) reads @ chr1:55000000-60000000
ForkPoolWorker-9 countReadsInRegions_worker: processing 5000000 (11681580.0 per sec) @ chr1:55000000-60000000
ForkPoolWorker-9,  processing 351 (52926.4 per sec) reads @ chr2:85000000-90000000
ForkPoolWorker-9 countReadsInRegions_worker: processing 5000000 (11459533.9 per sec) @ chr2:85000000-90000000
ForkPoolWorker-9,  processing 230 (51033.7 per sec) reads @ chr1:245000000-248956422
ForkPoolWorker-9 countReadsInRegions_worker: processing 3956422 (11296770.8 per sec) @ chr1:245000000-248956422
ForkPoolWorker-9,  processing 0 (0.0 per sec) reads @ chr9:50000000-55000000
ForkPoolWorker-9 countReadsInRegions_worker: processing 5000000 (11943207.5 per sec) @ chr9:50000000-55000000
ForkPoolWorker-9,  processing 163 (49939.5 per sec) reads @ chr8:25000000-30000000
ForkPoolWorker-9 countReadsInRegions_worker: processing 5000000 (11945064.7 per sec) @ chr8:25000000-30000000
ForkPoolWorker-9,  processing 653 (55482.2 per sec) reads @ chr2:95000000-100000000
ForkPoolWorker-9 countReadsInRegions_worker: processing 5000000 (11566894.5 per sec) @ chr2:95000000-100000000
ForkPoolWorker-45,  processing 58 (9666.2 per sec) reads @ chr2:190000000-195000000
ForkPoolWorker-45 countReadsInRegions_worker: processing 5000000 (9852967.9 per sec) @ chr2:190000000-195000000
ForkPoolWorker-45,  processing 1456 (54649.9 per sec) reads @ chr2:240000000-242193529
ForkPoolWorker-45 countReadsInRegions_worker: processing 2193529 (10237475.9 per sec) @ chr2:240000000-242193529
ForkPoolWorker-45,  processing 0 (0.0 per sec) reads @ chr21:0-5000000
ForkPoolWorker-45 countReadsInRegions_worker: processing 5000000 (12125651.3 per sec) @ chr21:0-5000000
ForkPoolWorker-45,  processing 1625 (56250.8 per sec) reads @ chr7:100000000-105000000
ForkPoolWorker-45 countReadsInRegions_worker: processing 5000000 (11433817.9 per sec) @ chr7:100000000-105000000
ForkPoolWorker-45,  processing 137 (47829.2 per sec) reads @ chr10:20000000-25000000
ForkPoolWorker-45 countReadsInRegions_worker: processing 5000000 (12150338.1 per sec) @ chr10:20000000-25000000
ForkPoolWorker-45,  processing 0 (0.0 per sec) reads @ chrUn_KI270743v1:0-210658
ForkPoolWorker-45 countReadsInRegions_worker: processing 210658 (8626951.0 per sec) @ chrUn_KI270743v1:0-210658
ForkPoolWorker-45,  processing 147 (47810.4 per sec) reads @ chr13:50000000-55000000
ForkPoolWorker-45 countReadsInRegions_worker: processing 5000000 (12023609.7 per sec) @ chr13:50000000-55000000
ForkPoolWorker-45,  processing 466 (55327.2 per sec) reads @ chr7:75000000-80000000
ForkPoolWorker-45 countReadsInRegions_worker: processing 5000000 (11747717.4 per sec) @ chr7:75000000-80000000
ForkPoolWorker-45,  processing 25 (27652.3 per sec) reads @ chr7:60000000-65000000
ForkPoolWorker-45 countReadsInRegions_worker: processing 5000000 (12124109.0 per sec) @ chr7:60000000-65000000
ForkPoolWorker-45,  processing 0 (0.0 per sec) reads @ chrUn_KI270395v1:0-1143
ForkPoolWorker-45 countReadsInRegions_worker: processing 1143 (169264.9 per sec) @ chrUn_KI270395v1:0-1143
ForkPoolWorker-45,  processing 0 (0.0 per sec) reads @ chrUn_KI270448v1:0-7992
ForkPoolWorker-45 countReadsInRegions_worker: processing 7992 (1142848.1 per sec) @ chrUn_KI270448v1:0-7992
ForkPoolWorker-45,  processing 725 (55997.2 per sec) reads @ chr22:30000000-35000000
ForkPoolWorker-45 countReadsInRegions_worker: processing 5000000 (11698568.1 per sec) @ chr22:30000000-35000000
ForkPoolWorker-45,  processing 0 (0.0 per sec) reads @ chr9_KI270717v1_random:0-40062
ForkPoolWorker-45 countReadsInRegions_worker: processing 40062 (4053266.3 per sec) @ chr9_KI270717v1_random:0-40062
ForkPoolWorker-45,  processing 1 (2757.6 per sec) reads @ chr1_KI270712v1_random:0-176043
ForkPoolWorker-45 countReadsInRegions_worker: processing 176043 (8893440.0 per sec) @ chr1_KI270712v1_random:0-176043
ForkPoolWorker-45,  processing 212 (49720.0 per sec) reads @ chr8:0-5000000
ForkPoolWorker-45 countReadsInRegions_worker: processing 5000000 (11852019.3 per sec) @ chr8:0-5000000
ForkPoolWorker-45,  processing 0 (0.0 per sec) reads @ chrUn_KI270302v1:0-2274
ForkPoolWorker-45 countReadsInRegions_worker: processing 2274 (334274.3 per sec) @ chrUn_KI270302v1:0-2274
ForkPoolWorker-45,  processing 855 (59893.6 per sec) reads @ chr5:180000000-181538259
ForkPoolWorker-45 countReadsInRegions_worker: processing 1538259 (10515952.4 per sec) @ chr5:180000000-181538259
ForkPoolWorker-45,  processing 0 (0.0 per sec) reads @ chr14_KI270726v1_random:0-43739
ForkPoolWorker-45 countReadsInRegions_worker: processing 43739 (4305638.9 per sec) @ chr14_KI270726v1_random:0-43739
ForkPoolWorker-45,  processing 1932 (55901.3 per sec) reads @ chr1:225000000-230000000
ForkPoolWorker-45 countReadsInRegions_worker: processing 5000000 (11134849.3 per sec) @ chr1:225000000-230000000
ForkPoolWorker-45,  processing 1018 (57034.9 per sec) reads @ chr16:70000000-75000000
ForkPoolWorker-45 countReadsInRegions_worker: processing 5000000 (11504696.5 per sec) @ chr16:70000000-75000000
ForkPoolWorker-16,  processing 112 (12774.3 per sec) reads @ chr15:45000000-50000000
ForkPoolWorker-16 countReadsInRegions_worker: processing 5000000 (10445950.5 per sec) @ chr15:45000000-50000000
ForkPoolWorker-16,  processing 424 (55176.2 per sec) reads @ chr1:220000000-225000000
ForkPoolWorker-16 countReadsInRegions_worker: processing 5000000 (10716836.4 per sec) @ chr1:220000000-225000000
ForkPoolWorker-16,  processing 58 (33675.2 per sec) reads @ chr12:40000000-45000000
ForkPoolWorker-16 countReadsInRegions_worker: processing 5000000 (11083240.9 per sec) @ chr12:40000000-45000000
ForkPoolWorker-16,  processing 0 (0.0 per sec) reads @ chrUn_KI270590v1:0-4685
ForkPoolWorker-16 countReadsInRegions_worker: processing 4685 (653485.7 per sec) @ chrUn_KI270590v1:0-4685
ForkPoolWorker-16,  processing 76 (41998.3 per sec) reads @ chr9:5000000-10000000
ForkPoolWorker-16 countReadsInRegions_worker: processing 5000000 (11390600.9 per sec) @ chr9:5000000-10000000
ForkPoolWorker-16,  processing 7 (11692.6 per sec) reads @ chr5:20000000-25000000
ForkPoolWorker-16 countReadsInRegions_worker: processing 5000000 (11553429.8 per sec) @ chr5:20000000-25000000
ForkPoolWorker-16,  processing 0 (0.0 per sec) reads @ chrUn_KI270419v1:0-1029
ForkPoolWorker-16 countReadsInRegions_worker: processing 1029 (151750.6 per sec) @ chrUn_KI270419v1:0-1029
ForkPoolWorker-16,  processing 66 (41053.5 per sec) reads @ chr3:20000000-25000000
ForkPoolWorker-16 countReadsInRegions_worker: processing 5000000 (11554250.9 per sec) @ chr3:20000000-25000000
ForkPoolWorker-16,  processing 72 (43433.0 per sec) reads @ chr13:105000000-110000000
ForkPoolWorker-16 countReadsInRegions_worker: processing 5000000 (11596726.4 per sec) @ chr13:105000000-110000000
ForkPoolWorker-16,  processing 3 (6084.6 per sec) reads @ chr8:110000000-115000000
ForkPoolWorker-16 countReadsInRegions_worker: processing 5000000 (11686377.5 per sec) @ chr8:110000000-115000000
ForkPoolWorker-16,  processing 43 (35246.3 per sec) reads @ chr11:95000000-100000000
ForkPoolWorker-16 countReadsInRegions_worker: processing 5000000 (11741554.5 per sec) @ chr11:95000000-100000000
ForkPoolWorker-16,  processing 40 (33222.2 per sec) reads @ chr18:70000000-75000000
ForkPoolWorker-16 countReadsInRegions_worker: processing 5000000 (11814874.3 per sec) @ chr18:70000000-75000000
ForkPoolWorker-16,  processing 0 (0.0 per sec) reads @ chr2_KI270716v1_random:0-153799
ForkPoolWorker-16 countReadsInRegions_worker: processing 153799 (7913923.9 per sec) @ chr2_KI270716v1_random:0-153799
ForkPoolWorker-16,  processing 102 (44891.8 per sec) reads @ chr5:155000000-160000000
ForkPoolWorker-16 countReadsInRegions_worker: processing 5000000 (11906976.7 per sec) @ chr5:155000000-160000000
ForkPoolWorker-16,  processing 140 (46349.6 per sec) reads @ chr7:90000000-95000000
ForkPoolWorker-16 countReadsInRegions_worker: processing 5000000 (11802725.9 per sec) @ chr7:90000000-95000000
ForkPoolWorker-27,  processing 144 (18366.4 per sec) reads @ chr5:90000000-95000000
ForkPoolWorker-27 countReadsInRegions_worker: processing 5000000 (10484543.8 per sec) @ chr5:90000000-95000000
ForkPoolWorker-27,  processing 22 (23733.2 per sec) reads @ chrX:80000000-85000000
ForkPoolWorker-27 countReadsInRegions_worker: processing 5000000 (10982297.1 per sec) @ chrX:80000000-85000000
ForkPoolWorker-27,  processing 9085 (61344.7 per sec) reads @ chr22_KI270733v1_random:0-179772
ForkPoolWorker-27 countReadsInRegions_worker: processing 179772 (1060504.1 per sec) @ chr22_KI270733v1_random:0-179772
ForkPoolWorker-27,  processing 67 (38047.4 per sec) reads @ chr5:60000000-65000000
ForkPoolWorker-27 countReadsInRegions_worker: processing 5000000 (11583979.1 per sec) @ chr5:60000000-65000000
ForkPoolWorker-27,  processing 26 (24298.6 per sec) reads @ chr2:210000000-215000000
ForkPoolWorker-27 countReadsInRegions_worker: processing 5000000 (11652534.1 per sec) @ chr2:210000000-215000000
ForkPoolWorker-27,  processing 9 (13868.0 per sec) reads @ chr14:40000000-45000000
ForkPoolWorker-27 countReadsInRegions_worker: processing 5000000 (11703118.4 per sec) @ chr14:40000000-45000000
ForkPoolWorker-27,  processing 36 (30072.7 per sec) reads @ chr7:85000000-90000000
ForkPoolWorker-27 countReadsInRegions_worker: processing 5000000 (11756206.2 per sec) @ chr7:85000000-90000000
ForkPoolWorker-27,  processing 42 (32370.6 per sec) reads @ chr9:65000000-70000000
ForkPoolWorker-27 countReadsInRegions_worker: processing 5000000 (11798323.5 per sec) @ chr9:65000000-70000000
ForkPoolWorker-27,  processing 944 (58937.5 per sec) reads @ chr9:90000000-95000000
ForkPoolWorker-27 countReadsInRegions_worker: processing 5000000 (11447773.7 per sec) @ chr9:90000000-95000000
ForkPoolWorker-27,  processing 42 (35638.4 per sec) reads @ chr2:80000000-85000000
ForkPoolWorker-27 countReadsInRegions_worker: processing 5000000 (11827281.2 per sec) @ chr2:80000000-85000000
ForkPoolWorker-27,  processing 220 (51819.3 per sec) reads @ chr16:5000000-10000000
ForkPoolWorker-27 countReadsInRegions_worker: processing 5000000 (11672626.9 per sec) @ chr16:5000000-10000000
ForkPoolWorker-27,  processing 0 (0.0 per sec) reads @ chrUn_KI270379v1:0-1045
ForkPoolWorker-27 countReadsInRegions_worker: processing 1045 (145911.9 per sec) @ chrUn_KI270379v1:0-1045
ForkPoolWorker-27,  processing 0 (0.0 per sec) reads @ chr1_KI270707v1_random:0-32032
ForkPoolWorker-27 countReadsInRegions_worker: processing 32032 (3578996.4 per sec) @ chr1_KI270707v1_random:0-32032
ForkPoolWorker-27,  processing 70 (40789.3 per sec) reads @ chr5:95000000-100000000
ForkPoolWorker-27 countReadsInRegions_worker: processing 5000000 (11851724.6 per sec) @ chr5:95000000-100000000
ForkPoolWorker-27,  processing 198 (49782.5 per sec) reads @ chr2:65000000-70000000
ForkPoolWorker-27 countReadsInRegions_worker: processing 5000000 (11817091.2 per sec) @ chr2:65000000-70000000
ForkPoolWorker-11,  processing 3470 (54600.0 per sec) reads @ chr1:140000000-145000000
ForkPoolWorker-11 countReadsInRegions_worker: processing 5000000 (9940852.2 per sec) @ chr1:140000000-145000000
ForkPoolWorker-11,  processing 0 (0.0 per sec) reads @ chr14_KI270723v1_random:0-38115
ForkPoolWorker-11 countReadsInRegions_worker: processing 38115 (4078731.9 per sec) @ chr14_KI270723v1_random:0-38115
ForkPoolWorker-11,  processing 540 (47089.8 per sec) reads @ chr1:115000000-120000000
ForkPoolWorker-11 countReadsInRegions_worker: processing 5000000 (11412867.1 per sec) @ chr1:115000000-120000000
ForkPoolWorker-11,  processing 200 (52510.8 per sec) reads @ chr8:125000000-130000000
ForkPoolWorker-11 countReadsInRegions_worker: processing 5000000 (11348090.0 per sec) @ chr8:125000000-130000000
ForkPoolWorker-11,  processing 46 (36897.7 per sec) reads @ chr11:25000000-30000000
ForkPoolWorker-11 countReadsInRegions_worker: processing 5000000 (11320786.9 per sec) @ chr11:25000000-30000000
ForkPoolWorker-11,  processing 13 (18236.1 per sec) reads @ chrX:140000000-145000000
ForkPoolWorker-11 countReadsInRegions_worker: processing 5000000 (11346493.7 per sec) @ chrX:140000000-145000000
ForkPoolWorker-11,  processing 12 (16065.0 per sec) reads @ chrX:95000000-100000000
ForkPoolWorker-11 countReadsInRegions_worker: processing 5000000 (11750844.1 per sec) @ chrX:95000000-100000000
ForkPoolWorker-11,  processing 208 (49367.1 per sec) reads @ chr7:65000000-70000000
ForkPoolWorker-11 countReadsInRegions_worker: processing 5000000 (11835063.8 per sec) @ chr7:65000000-70000000
ForkPoolWorker-11,  processing 2878 (59229.5 per sec) reads @ chr9:130000000-135000000
ForkPoolWorker-11 countReadsInRegions_worker: processing 5000000 (10811516.4 per sec) @ chr9:130000000-135000000
ForkPoolWorker-11,  processing 93 (44666.2 per sec) reads @ chr18:55000000-60000000
ForkPoolWorker-11 countReadsInRegions_worker: processing 5000000 (11929579.1 per sec) @ chr18:55000000-60000000
ForkPoolWorker-11,  processing 0 (0.0 per sec) reads @ chr22_KI270739v1_random:0-73985
ForkPoolWorker-11 countReadsInRegions_worker: processing 73985 (5909422.3 per sec) @ chr22_KI270739v1_random:0-73985
ForkPoolWorker-11,  processing 133 (46587.8 per sec) reads @ chr9:20000000-25000000
ForkPoolWorker-11 countReadsInRegions_worker: processing 5000000 (11902077.5 per sec) @ chr9:20000000-25000000
ForkPoolWorker-11,  processing 31 (29114.1 per sec) reads @ chr4:175000000-180000000
ForkPoolWorker-11 countReadsInRegions_worker: processing 5000000 (12074248.1 per sec) @ chr4:175000000-180000000
ForkPoolWorker-11,  processing 37 (30340.0 per sec) reads @ chr12:85000000-90000000
ForkPoolWorker-11 countReadsInRegions_worker: processing 5000000 (12000897.3 per sec) @ chr12:85000000-90000000
ForkPoolWorker-11,  processing 0 (0.0 per sec) reads @ chrUn_KI270466v1:0-1233
ForkPoolWorker-11 countReadsInRegions_worker: processing 1233 (112896.8 per sec) @ chrUn_KI270466v1:0-1233
ForkPoolWorker-4,  processing 319 (31702.0 per sec) reads @ chr6:150000000-155000000
ForkPoolWorker-4 countReadsInRegions_worker: processing 5000000 (10667996.0 per sec) @ chr6:150000000-155000000
ForkPoolWorker-4,  processing 7 (7989.2 per sec) reads @ chrY:15000000-20000000
ForkPoolWorker-4 countReadsInRegions_worker: processing 5000000 (11353754.5 per sec) @ chrY:15000000-20000000
ForkPoolWorker-4,  processing 0 (0.0 per sec) reads @ chrUn_KI270588v1:0-6158
ForkPoolWorker-4 countReadsInRegions_worker: processing 6158 (900105.4 per sec) @ chrUn_KI270588v1:0-6158
ForkPoolWorker-4,  processing 0 (0.0 per sec) reads @ chrUn_KI270749v1:0-158759
ForkPoolWorker-4 countReadsInRegions_worker: processing 158759 (8263324.9 per sec) @ chrUn_KI270749v1:0-158759
ForkPoolWorker-4,  processing 55 (36506.8 per sec) reads @ chr21:10000000-15000000
ForkPoolWorker-4 countReadsInRegions_worker: processing 5000000 (10934586.5 per sec) @ chr21:10000000-15000000
ForkPoolWorker-4,  processing 112 (44918.9 per sec) reads @ chr2:115000000-120000000
ForkPoolWorker-4 countReadsInRegions_worker: processing 5000000 (11148937.8 per sec) @ chr2:115000000-120000000
ForkPoolWorker-4,  processing 16 (21461.1 per sec) reads @ chr3:80000000-85000000
ForkPoolWorker-4 countReadsInRegions_worker: processing 5000000 (11505921.0 per sec) @ chr3:80000000-85000000
ForkPoolWorker-4,  processing 0 (0.0 per sec) reads @ chrUn_KI270510v1:0-2415
ForkPoolWorker-4 countReadsInRegions_worker: processing 2415 (296280.7 per sec) @ chrUn_KI270510v1:0-2415
ForkPoolWorker-4,  processing 501 (55514.8 per sec) reads @ chr10:120000000-125000000
ForkPoolWorker-4 countReadsInRegions_worker: processing 5000000 (11649770.1 per sec) @ chr10:120000000-125000000
ForkPoolWorker-4,  processing 9902 (61719.7 per sec) reads @ chr19:0-5000000
ForkPoolWorker-4 countReadsInRegions_worker: processing 5000000 (8361600.0 per sec) @ chr19:0-5000000
ForkPoolWorker-4,  processing 11 (16320.2 per sec) reads @ chrX:30000000-35000000
ForkPoolWorker-4 countReadsInRegions_worker: processing 5000000 (11559664.4 per sec) @ chrX:30000000-35000000
ForkPoolWorker-4,  processing 382 (54788.1 per sec) reads @ chr3:35000000-40000000
ForkPoolWorker-4 countReadsInRegions_worker: processing 5000000 (11404649.7 per sec) @ chr3:35000000-40000000
ForkPoolWorker-4,  processing 16 (20348.4 per sec) reads @ chr13:55000000-60000000
ForkPoolWorker-4 countReadsInRegions_worker: processing 5000000 (11525048.5 per sec) @ chr13:55000000-60000000
ForkPoolWorker-4,  processing 135 (46576.5 per sec) reads @ chr4:105000000-110000000
ForkPoolWorker-4 countReadsInRegions_worker: processing 5000000 (11470923.0 per sec) @ chr4:105000000-110000000
ForkPoolWorker-4,  processing 314 (56829.0 per sec) reads @ chr5:145000000-150000000
ForkPoolWorker-4 countReadsInRegions_worker: processing 5000000 (11627331.4 per sec) @ chr5:145000000-150000000
ForkPoolWorker-2,  processing 8 (2808.4 per sec) reads @ chr6:65000000-70000000
ForkPoolWorker-2 countReadsInRegions_worker: processing 5000000 (10648441.6 per sec) @ chr6:65000000-70000000
ForkPoolWorker-2,  processing 130 (40048.4 per sec) reads @ chr3:70000000-75000000
ForkPoolWorker-2 countReadsInRegions_worker: processing 5000000 (11065714.1 per sec) @ chr3:70000000-75000000
ForkPoolWorker-2,  processing 93 (41669.7 per sec) reads @ chr6:170000000-170805979
ForkPoolWorker-2 countReadsInRegions_worker: processing 805979 (10709373.8 per sec) @ chr6:170000000-170805979
ForkPoolWorker-2,  processing 94 (38756.0 per sec) reads @ chr3:100000000-105000000
ForkPoolWorker-2 countReadsInRegions_worker: processing 5000000 (11885066.1 per sec) @ chr3:100000000-105000000
ForkPoolWorker-2,  processing 86 (37632.8 per sec) reads @ chr14:85000000-90000000
ForkPoolWorker-2 countReadsInRegions_worker: processing 5000000 (11989144.8 per sec) @ chr14:85000000-90000000
ForkPoolWorker-2,  processing 0 (0.0 per sec) reads @ chrUn_KI270394v1:0-970
ForkPoolWorker-2 countReadsInRegions_worker: processing 970 (131691.4 per sec) @ chrUn_KI270394v1:0-970
ForkPoolWorker-2,  processing 1635 (52150.1 per sec) reads @ chr1:40000000-45000000
ForkPoolWorker-2 countReadsInRegions_worker: processing 5000000 (11271659.6 per sec) @ chr1:40000000-45000000
ForkPoolWorker-2,  processing 339 (52812.4 per sec) reads @ chr3:55000000-60000000
ForkPoolWorker-2 countReadsInRegions_worker: processing 5000000 (11849012.6 per sec) @ chr3:55000000-60000000
ForkPoolWorker-2,  processing 76 (24764.4 per sec) reads @ chr8:55000000-60000000
ForkPoolWorker-2 countReadsInRegions_worker: processing 5000000 (11810941.8 per sec) @ chr8:55000000-60000000
ForkPoolWorker-2,  processing 0 (0.0 per sec) reads @ chrUn_KI270509v1:0-2318
ForkPoolWorker-2 countReadsInRegions_worker: processing 2318 (317870.8 per sec) @ chrUn_KI270509v1:0-2318
ForkPoolWorker-2,  processing 384 (50792.0 per sec) reads @ chr1:45000000-50000000
ForkPoolWorker-2 countReadsInRegions_worker: processing 5000000 (11850258.0 per sec) @ chr1:45000000-50000000
ForkPoolWorker-2,  processing 1271 (57689.4 per sec) reads @ chr1:35000000-40000000
ForkPoolWorker-2 countReadsInRegions_worker: processing 5000000 (11245560.7 per sec) @ chr1:35000000-40000000
ForkPoolWorker-2,  processing 84 (42908.5 per sec) reads @ chrX:5000000-10000000
ForkPoolWorker-2 countReadsInRegions_worker: processing 5000000 (11776632.0 per sec) @ chrX:5000000-10000000
ForkPoolWorker-2,  processing 79 (41611.2 per sec) reads @ chr15:35000000-40000000
ForkPoolWorker-2 countReadsInRegions_worker: processing 5000000 (11945506.9 per sec) @ chr15:35000000-40000000
ForkPoolWorker-2,  processing 224 (50363.1 per sec) reads @ chrX:15000000-20000000
ForkPoolWorker-2 countReadsInRegions_worker: processing 5000000 (11952621.6 per sec) @ chrX:15000000-20000000
ForkPoolWorker-37,  processing 0 (0.0 per sec) reads @ chrY:35000000-40000000
ForkPoolWorker-37 countReadsInRegions_worker: processing 5000000 (10477550.8 per sec) @ chrY:35000000-40000000
ForkPoolWorker-37,  processing 52 (25986.4 per sec) reads @ chrX:120000000-125000000
ForkPoolWorker-37 countReadsInRegions_worker: processing 5000000 (10648863.3 per sec) @ chrX:120000000-125000000
ForkPoolWorker-37,  processing 369 (53776.9 per sec) reads @ chr1:160000000-165000000
ForkPoolWorker-37 countReadsInRegions_worker: processing 5000000 (10792254.6 per sec) @ chr1:160000000-165000000
ForkPoolWorker-37,  processing 98 (48632.5 per sec) reads @ chr1_KI270713v1_random:0-40745
ForkPoolWorker-37 countReadsInRegions_worker: processing 40745 (3655627.2 per sec) @ chr1_KI270713v1_random:0-40745
ForkPoolWorker-37,  processing 611 (56676.0 per sec) reads @ chr20:55000000-60000000
ForkPoolWorker-37 countReadsInRegions_worker: processing 5000000 (11081015.5 per sec) @ chr20:55000000-60000000
ForkPoolWorker-37,  processing 251 (52921.6 per sec) reads @ chr12:10000000-15000000
ForkPoolWorker-37 countReadsInRegions_worker: processing 5000000 (11413183.9 per sec) @ chr12:10000000-15000000
ForkPoolWorker-37,  processing 44 (34405.2 per sec) reads @ chr3:105000000-110000000
ForkPoolWorker-37 countReadsInRegions_worker: processing 5000000 (11348955.9 per sec) @ chr3:105000000-110000000
ForkPoolWorker-37,  processing 0 (0.0 per sec) reads @ chrUn_KI270544v1:0-1202
ForkPoolWorker-37 countReadsInRegions_worker: processing 1202 (176364.4 per sec) @ chrUn_KI270544v1:0-1202
ForkPoolWorker-37,  processing 7 (13020.0 per sec) reads @ chr3:90000000-95000000
ForkPoolWorker-37 countReadsInRegions_worker: processing 5000000 (11456460.1 per sec) @ chr3:90000000-95000000
ForkPoolWorker-37,  processing 0 (0.0 per sec) reads @ chrUn_KI270373v1:0-1451
ForkPoolWorker-37 countReadsInRegions_worker: processing 1451 (212356.9 per sec) @ chrUn_KI270373v1:0-1451
ForkPoolWorker-37,  processing 60 (40349.2 per sec) reads @ chr9:25000000-30000000
ForkPoolWorker-37 countReadsInRegions_worker: processing 5000000 (11496478.7 per sec) @ chr9:25000000-30000000
ForkPoolWorker-37,  processing 12 (17248.7 per sec) reads @ chrX:85000000-90000000
ForkPoolWorker-37 countReadsInRegions_worker: processing 5000000 (11671074.3 per sec) @ chrX:85000000-90000000
ForkPoolWorker-37,  processing 1022 (58424.1 per sec) reads @ chr22:15000000-20000000
ForkPoolWorker-37 countReadsInRegions_worker: processing 5000000 (11279625.7 per sec) @ chr22:15000000-20000000
ForkPoolWorker-37,  processing 0 (0.0 per sec) reads @ chr14:0-5000000
ForkPoolWorker-37 countReadsInRegions_worker: processing 5000000 (11871274.2 per sec) @ chr14:0-5000000
ForkPoolWorker-37,  processing 197 (49471.8 per sec) reads @ chr10:110000000-115000000
ForkPoolWorker-37 countReadsInRegions_worker: processing 5000000 (11754894.9 per sec) @ chr10:110000000-115000000
ForkPoolWorker-40,  processing 242 (14057.9 per sec) reads @ chr1:235000000-240000000
ForkPoolWorker-40 countReadsInRegions_worker: processing 5000000 (9691072.7 per sec) @ chr1:235000000-240000000
ForkPoolWorker-40,  processing 418 (56339.2 per sec) reads @ chrX:105000000-110000000
ForkPoolWorker-40 countReadsInRegions_worker: processing 5000000 (10883729.0 per sec) @ chrX:105000000-110000000
ForkPoolWorker-40,  processing 15 (17413.4 per sec) reads @ chr4:160000000-165000000
ForkPoolWorker-40 countReadsInRegions_worker: processing 5000000 (11013967.9 per sec) @ chr4:160000000-165000000
ForkPoolWorker-40,  processing 7 (13643.2 per sec) reads @ chr14_GL000194v1_random:0-191469
ForkPoolWorker-40 countReadsInRegions_worker: processing 191469 (8422788.5 per sec) @ chr14_GL000194v1_random:0-191469
ForkPoolWorker-40,  processing 211 (50513.6 per sec) reads @ chr3:110000000-115000000
ForkPoolWorker-40 countReadsInRegions_worker: processing 5000000 (11647330.8 per sec) @ chr3:110000000-115000000
ForkPoolWorker-40,  processing 456 (54086.4 per sec) reads @ chr16:10000000-15000000
ForkPoolWorker-40 countReadsInRegions_worker: processing 5000000 (11633342.7 per sec) @ chr16:10000000-15000000
ForkPoolWorker-40,  processing 174 (49867.4 per sec) reads @ chr4:70000000-75000000
ForkPoolWorker-40 countReadsInRegions_worker: processing 5000000 (11515992.2 per sec) @ chr4:70000000-75000000
ForkPoolWorker-40,  processing 284 (53059.3 per sec) reads @ chr10:15000000-20000000
ForkPoolWorker-40 countReadsInRegions_worker: processing 5000000 (11363006.9 per sec) @ chr10:15000000-20000000
ForkPoolWorker-40,  processing 0 (0.0 per sec) reads @ chrUn_KI270583v1:0-1400
ForkPoolWorker-40 countReadsInRegions_worker: processing 1400 (214237.1 per sec) @ chrUn_KI270583v1:0-1400
ForkPoolWorker-40,  processing 156 (49344.8 per sec) reads @ chr10:25000000-30000000
ForkPoolWorker-40 countReadsInRegions_worker: processing 5000000 (11602186.2 per sec) @ chr10:25000000-30000000
ForkPoolWorker-40,  processing 521 (56227.7 per sec) reads @ chr6:165000000-170000000
ForkPoolWorker-40 countReadsInRegions_worker: processing 5000000 (11280669.3 per sec) @ chr6:165000000-170000000
ForkPoolWorker-40,  processing 55 (36698.5 per sec) reads @ chr4:155000000-160000000
ForkPoolWorker-40 countReadsInRegions_worker: processing 5000000 (11530358.6 per sec) @ chr4:155000000-160000000
ForkPoolWorker-40,  processing 0 (0.0 per sec) reads @ chr1_KI270714v1_random:0-41717
ForkPoolWorker-40 countReadsInRegions_worker: processing 41717 (4452145.7 per sec) @ chr1_KI270714v1_random:0-41717
ForkPoolWorker-40,  processing 18 (22010.9 per sec) reads @ chr4:60000000-65000000
ForkPoolWorker-40 countReadsInRegions_worker: processing 5000000 (11573731.2 per sec) @ chr4:60000000-65000000
ForkPoolWorker-40,  processing 278 (52461.8 per sec) reads @ chr16:75000000-80000000
ForkPoolWorker-40 countReadsInRegions_worker: processing 5000000 (11598823.7 per sec) @ chr16:75000000-80000000
ForkPoolWorker-28,  processing 0 (0.0 per sec) reads @ chrUn_KI270315v1:0-2276
ForkPoolWorker-28 countReadsInRegions_worker: processing 2276 (83302.7 per sec) @ chrUn_KI270315v1:0-2276
ForkPoolWorker-28,  processing 309 (21664.9 per sec) reads @ chr18:20000000-25000000
ForkPoolWorker-28 countReadsInRegions_worker: processing 5000000 (10422630.1 per sec) @ chr18:20000000-25000000
ForkPoolWorker-28,  processing 0 (0.0 per sec) reads @ chrUn_KI270589v1:0-44474
ForkPoolWorker-28 countReadsInRegions_worker: processing 44474 (4358861.5 per sec) @ chrUn_KI270589v1:0-44474
ForkPoolWorker-28,  processing 0 (0.0 per sec) reads @ chrUn_KI270742v1:0-186739
ForkPoolWorker-28 countReadsInRegions_worker: processing 186739 (8168110.7 per sec) @ chrUn_KI270742v1:0-186739
ForkPoolWorker-28,  processing 173 (46380.0 per sec) reads @ chr5:125000000-130000000
ForkPoolWorker-28 countReadsInRegions_worker: processing 5000000 (11513608.6 per sec) @ chr5:125000000-130000000
ForkPoolWorker-28,  processing 0 (0.0 per sec) reads @ chr9_KI270720v1_random:0-39050
ForkPoolWorker-28 countReadsInRegions_worker: processing 39050 (4023177.3 per sec) @ chr9_KI270720v1_random:0-39050
ForkPoolWorker-28,  processing 280 (51459.3 per sec) reads @ chr9:85000000-90000000
ForkPoolWorker-28 countReadsInRegions_worker: processing 5000000 (11409731.5 per sec) @ chr9:85000000-90000000
ForkPoolWorker-28,  processing 3541 (58474.6 per sec) reads @ chr16:30000000-35000000
ForkPoolWorker-28 countReadsInRegions_worker: processing 5000000 (10066514.8 per sec) @ chr16:30000000-35000000
ForkPoolWorker-28,  processing 159 (48742.5 per sec) reads @ chr16:45000000-50000000
ForkPoolWorker-28 countReadsInRegions_worker: processing 5000000 (11370486.2 per sec) @ chr16:45000000-50000000
ForkPoolWorker-28,  processing 480 (60033.0 per sec) reads @ chr6:120000000-125000000
ForkPoolWorker-28 countReadsInRegions_worker: processing 5000000 (11211101.4 per sec) @ chr6:120000000-125000000
ForkPoolWorker-28,  processing 0 (0.0 per sec) reads @ chrUn_KI270423v1:0-981
ForkPoolWorker-28 countReadsInRegions_worker: processing 981 (150080.7 per sec) @ chrUn_KI270423v1:0-981
ForkPoolWorker-28,  processing 124 (43204.3 per sec) reads @ chr3:135000000-140000000
ForkPoolWorker-28 countReadsInRegions_worker: processing 5000000 (11395831.1 per sec) @ chr3:135000000-140000000
ForkPoolWorker-28,  processing 2382 (59067.0 per sec) reads @ chr21:5000000-10000000
ForkPoolWorker-28 countReadsInRegions_worker: processing 5000000 (10564066.1 per sec) @ chr21:5000000-10000000
ForkPoolWorker-28,  processing 0 (0.0 per sec) reads @ chr14:10000000-15000000
ForkPoolWorker-28 countReadsInRegions_worker: processing 5000000 (11631316.8 per sec) @ chr14:10000000-15000000
ForkPoolWorker-28,  processing 779 (61945.2 per sec) reads @ chrM:0-16569
ForkPoolWorker-28 countReadsInRegions_worker: processing 16569 (823766.6 per sec) @ chrM:0-16569
ForkPoolWorker-28,  processing 118 (43698.4 per sec) reads @ chr4:180000000-185000000
ForkPoolWorker-28 countReadsInRegions_worker: processing 5000000 (11525599.6 per sec) @ chr4:180000000-185000000
ForkPoolWorker-28,  processing 0 (0.0 per sec) reads @ chrUn_KI270378v1:0-1048
ForkPoolWorker-28 countReadsInRegions_worker: processing 1048 (149965.2 per sec) @ chrUn_KI270378v1:0-1048
ForkPoolWorker-28,  processing 0 (0.0 per sec) reads @ chrUn_KI270381v1:0-1930
ForkPoolWorker-28 countReadsInRegions_worker: processing 1930 (281135.2 per sec) @ chrUn_KI270381v1:0-1930
ForkPoolWorker-28,  processing 306 (52281.4 per sec) reads @ chr2:10000000-15000000
ForkPoolWorker-28 countReadsInRegions_worker: processing 5000000 (11465937.1 per sec) @ chr2:10000000-15000000
ForkPoolWorker-28,  processing 73 (39878.1 per sec) reads @ chrX:125000000-130000000
ForkPoolWorker-28 countReadsInRegions_worker: processing 5000000 (11598028.3 per sec) @ chrX:125000000-130000000
ForkPoolWorker-38,  processing 614 (19837.2 per sec) reads @ chr10:125000000-130000000
ForkPoolWorker-38 countReadsInRegions_worker: processing 5000000 (9898730.6 per sec) @ chr10:125000000-130000000
ForkPoolWorker-38,  processing 696 (56553.5 per sec) reads @ chr15:90000000-95000000
ForkPoolWorker-38 countReadsInRegions_worker: processing 5000000 (10940273.7 per sec) @ chr15:90000000-95000000
ForkPoolWorker-38,  processing 87 (42723.9 per sec) reads @ chr4:35000000-40000000
ForkPoolWorker-38 countReadsInRegions_worker: processing 5000000 (11362748.3 per sec) @ chr4:35000000-40000000
ForkPoolWorker-38,  processing 31 (30847.8 per sec) reads @ chr13:15000000-20000000
ForkPoolWorker-38 countReadsInRegions_worker: processing 5000000 (11618776.6 per sec) @ chr13:15000000-20000000
ForkPoolWorker-38,  processing 450 (55507.9 per sec) reads @ chr14:95000000-100000000
ForkPoolWorker-38 countReadsInRegions_worker: processing 5000000 (11592130.3 per sec) @ chr14:95000000-100000000
ForkPoolWorker-38,  processing 582 (58886.6 per sec) reads @ chr6:105000000-110000000
ForkPoolWorker-38 countReadsInRegions_worker: processing 5000000 (11549796.6 per sec) @ chr6:105000000-110000000
ForkPoolWorker-38,  processing 29 (28789.3 per sec) reads @ chrX:60000000-65000000
ForkPoolWorker-38 countReadsInRegions_worker: processing 5000000 (11618306.7 per sec) @ chrX:60000000-65000000
ForkPoolWorker-38,  processing 1045 (61020.6 per sec) reads @ chr8:35000000-40000000
ForkPoolWorker-38 countReadsInRegions_worker: processing 5000000 (11474607.2 per sec) @ chr8:35000000-40000000
ForkPoolWorker-38,  processing 778 (55906.8 per sec) reads @ chr15:40000000-45000000
ForkPoolWorker-38 countReadsInRegions_worker: processing 5000000 (11495955.6 per sec) @ chr15:40000000-45000000
ForkPoolWorker-38,  processing 1742 (58936.5 per sec) reads @ chr21:40000000-45000000
ForkPoolWorker-38 countReadsInRegions_worker: processing 5000000 (11030449.1 per sec) @ chr21:40000000-45000000
ForkPoolWorker-38,  processing 125 (47814.7 per sec) reads @ chr4:10000000-15000000
ForkPoolWorker-38 countReadsInRegions_worker: processing 5000000 (11942785.8 per sec) @ chr4:10000000-15000000
ForkPoolWorker-38,  processing 0 (0.0 per sec) reads @ chr5_GL000208v1_random:0-92689
ForkPoolWorker-38 countReadsInRegions_worker: processing 92689 (6465099.8 per sec) @ chr5_GL000208v1_random:0-92689
ForkPoolWorker-38,  processing 20 (23071.0 per sec) reads @ chr12:80000000-85000000
ForkPoolWorker-38 countReadsInRegions_worker: processing 5000000 (11885894.6 per sec) @ chr12:80000000-85000000
ForkPoolWorker-38,  processing 0 (0.0 per sec) reads @ chr4_GL000008v2_random:0-209709
ForkPoolWorker-38 countReadsInRegions_worker: processing 209709 (8784588.7 per sec) @ chr4_GL000008v2_random:0-209709
ForkPoolWorker-38,  processing 0 (0.0 per sec) reads @ chr14_GL000009v2_random:0-201709
ForkPoolWorker-38 countReadsInRegions_worker: processing 201709 (9373865.6 per sec) @ chr14_GL000009v2_random:0-201709
ForkPoolWorker-14,  processing 1 (476.3 per sec) reads @ chr18:15000000-20000000
ForkPoolWorker-14 countReadsInRegions_worker: processing 5000000 (10904662.6 per sec) @ chr18:15000000-20000000
ForkPoolWorker-14,  processing 203 (48044.4 per sec) reads @ chr12:100000000-105000000
ForkPoolWorker-14 countReadsInRegions_worker: processing 5000000 (11244445.2 per sec) @ chr12:100000000-105000000
ForkPoolWorker-14,  processing 143 (45918.3 per sec) reads @ chr7:105000000-110000000
ForkPoolWorker-14 countReadsInRegions_worker: processing 5000000 (11690827.1 per sec) @ chr7:105000000-110000000
ForkPoolWorker-14,  processing 52 (35223.5 per sec) reads @ chr1:80000000-85000000
ForkPoolWorker-14 countReadsInRegions_worker: processing 5000000 (11934949.3 per sec) @ chr1:80000000-85000000
ForkPoolWorker-14,  processing 160 (48141.2 per sec) reads @ chr13:30000000-35000000
ForkPoolWorker-14 countReadsInRegions_worker: processing 5000000 (11967074.4 per sec) @ chr13:30000000-35000000
ForkPoolWorker-14,  processing 70 (41698.8 per sec) reads @ chr19:25000000-30000000
ForkPoolWorker-14 countReadsInRegions_worker: processing 5000000 (11829249.2 per sec) @ chr19:25000000-30000000
ForkPoolWorker-14,  processing 308 (55247.2 per sec) reads @ chr1:170000000-175000000
ForkPoolWorker-14 countReadsInRegions_worker: processing 5000000 (11681950.9 per sec) @ chr1:170000000-175000000
ForkPoolWorker-14,  processing 705 (57991.5 per sec) reads @ chr17:50000000-55000000
ForkPoolWorker-14 countReadsInRegions_worker: processing 5000000 (11582571.6 per sec) @ chr17:50000000-55000000
ForkPoolWorker-14,  processing 0 (0.0 per sec) reads @ chrUn_KI270389v1:0-1298
ForkPoolWorker-14 countReadsInRegions_worker: processing 1298 (178756.5 per sec) @ chrUn_KI270389v1:0-1298
ForkPoolWorker-14,  processing 0 (0.0 per sec) reads @ chrUn_KI270580v1:0-1553
ForkPoolWorker-14 countReadsInRegions_worker: processing 1553 (240626.3 per sec) @ chrUn_KI270580v1:0-1553
ForkPoolWorker-14,  processing 3194 (61553.4 per sec) reads @ chr22:50000000-50818468
ForkPoolWorker-14 countReadsInRegions_worker: processing 818468 (6506246.0 per sec) @ chr22:50000000-50818468
ForkPoolWorker-14,  processing 134 (42258.4 per sec) reads @ chr2:5000000-10000000
ForkPoolWorker-14 countReadsInRegions_worker: processing 5000000 (11579597.8 per sec) @ chr2:5000000-10000000
ForkPoolWorker-14,  processing 60 (35920.4 per sec) reads @ chr11:35000000-40000000
ForkPoolWorker-14 countReadsInRegions_worker: processing 5000000 (11799213.0 per sec) @ chr11:35000000-40000000
ForkPoolWorker-14,  processing 1757 (53642.0 per sec) reads @ chr3:50000000-55000000
ForkPoolWorker-14 countReadsInRegions_worker: processing 5000000 (10903914.2 per sec) @ chr3:50000000-55000000
ForkPoolWorker-14,  processing 349 (53468.7 per sec) reads @ chr13:25000000-30000000
ForkPoolWorker-14 countReadsInRegions_worker: processing 5000000 (11475492.5 per sec) @ chr13:25000000-30000000
ForkPoolWorker-29,  processing 94 (10917.8 per sec) reads @ chr12:25000000-30000000
ForkPoolWorker-29 countReadsInRegions_worker: processing 5000000 (9848271.5 per sec) @ chr12:25000000-30000000
ForkPoolWorker-29,  processing 1445 (57552.8 per sec) reads @ chr6:25000000-30000000
ForkPoolWorker-29 countReadsInRegions_worker: processing 5000000 (10443781.2 per sec) @ chr6:25000000-30000000
ForkPoolWorker-29,  processing 159 (48161.6 per sec) reads @ chr2:30000000-35000000
ForkPoolWorker-29 countReadsInRegions_worker: processing 5000000 (10968368.2 per sec) @ chr2:30000000-35000000
ForkPoolWorker-29,  processing 111 (46431.4 per sec) reads @ chr8:65000000-70000000
ForkPoolWorker-29 countReadsInRegions_worker: processing 5000000 (11259290.1 per sec) @ chr8:65000000-70000000
ForkPoolWorker-29,  processing 388 (55770.7 per sec) reads @ chr14:45000000-50000000
ForkPoolWorker-29 countReadsInRegions_worker: processing 5000000 (11185073.1 per sec) @ chr14:45000000-50000000
ForkPoolWorker-29,  processing 0 (0.0 per sec) reads @ chrUn_KI270337v1:0-1121
ForkPoolWorker-29 countReadsInRegions_worker: processing 1121 (134441.3 per sec) @ chrUn_KI270337v1:0-1121
ForkPoolWorker-29,  processing 0 (0.0 per sec) reads @ chrUn_KI270746v1:0-66486
ForkPoolWorker-29 countReadsInRegions_worker: processing 66486 (5803227.6 per sec) @ chrUn_KI270746v1:0-66486
ForkPoolWorker-29,  processing 37 (31971.4 per sec) reads @ chr14:80000000-85000000
ForkPoolWorker-29 countReadsInRegions_worker: processing 5000000 (11587192.1 per sec) @ chr14:80000000-85000000
ForkPoolWorker-29,  processing 516 (57383.1 per sec) reads @ chr7:135000000-140000000
ForkPoolWorker-29 countReadsInRegions_worker: processing 5000000 (11197399.5 per sec) @ chr7:135000000-140000000
ForkPoolWorker-29,  processing 0 (0.0 per sec) reads @ chrUn_KI270512v1:0-22689
ForkPoolWorker-29 countReadsInRegions_worker: processing 22689 (2907297.3 per sec) @ chrUn_KI270512v1:0-22689
ForkPoolWorker-29,  processing 282 (52559.3 per sec) reads @ chr16:50000000-55000000
ForkPoolWorker-29 countReadsInRegions_worker: processing 5000000 (11440529.4 per sec) @ chr16:50000000-55000000
ForkPoolWorker-29,  processing 69 (41337.9 per sec) reads @ chr2:180000000-185000000
ForkPoolWorker-29 countReadsInRegions_worker: processing 5000000 (11592290.5 per sec) @ chr2:180000000-185000000
ForkPoolWorker-29,  processing 184 (48925.6 per sec) reads @ chr17:10000000-15000000
ForkPoolWorker-29 countReadsInRegions_worker: processing 5000000 (11669515.7 per sec) @ chr17:10000000-15000000
ForkPoolWorker-29,  processing 14 (19328.6 per sec) reads @ chr13:60000000-65000000
ForkPoolWorker-29 countReadsInRegions_worker: processing 5000000 (11508250.8 per sec) @ chr13:60000000-65000000
ForkPoolWorker-29,  processing 468 (54859.7 per sec) reads @ chr12:105000000-110000000
ForkPoolWorker-29 countReadsInRegions_worker: processing 5000000 (11522851.2 per sec) @ chr12:105000000-110000000
ForkPoolWorker-24,  processing 693 (24528.7 per sec) reads @ chr1:200000000-205000000
ForkPoolWorker-24 countReadsInRegions_worker: processing 5000000 (9762577.5 per sec) @ chr1:200000000-205000000
ForkPoolWorker-24,  processing 57 (34810.0 per sec) reads @ chr4:95000000-100000000
ForkPoolWorker-24 countReadsInRegions_worker: processing 5000000 (10929634.3 per sec) @ chr4:95000000-100000000
ForkPoolWorker-24,  processing 65 (39357.6 per sec) reads @ chr2:220000000-225000000
ForkPoolWorker-24 countReadsInRegions_worker: processing 5000000 (11016467.3 per sec) @ chr2:220000000-225000000
ForkPoolWorker-24,  processing 286 (55623.2 per sec) reads @ chr6:20000000-25000000
ForkPoolWorker-24 countReadsInRegions_worker: processing 5000000 (11190635.8 per sec) @ chr6:20000000-25000000
ForkPoolWorker-24,  processing 154 (47592.3 per sec) reads @ chr8:70000000-75000000
ForkPoolWorker-24 countReadsInRegions_worker: processing 5000000 (11271659.6 per sec) @ chr8:70000000-75000000
ForkPoolWorker-24,  processing 214 (50542.3 per sec) reads @ chr6:135000000-140000000
ForkPoolWorker-24 countReadsInRegions_worker: processing 5000000 (11293858.1 per sec) @ chr6:135000000-140000000
ForkPoolWorker-24,  processing 32 (28826.8 per sec) reads @ chr8:105000000-110000000
ForkPoolWorker-24 countReadsInRegions_worker: processing 5000000 (11681495.4 per sec) @ chr8:105000000-110000000
ForkPoolWorker-24,  processing 1 (2489.2 per sec) reads @ chr22_KI270732v1_random:0-41543
ForkPoolWorker-24 countReadsInRegions_worker: processing 41543 (4343178.3 per sec) @ chr22_KI270732v1_random:0-41543
ForkPoolWorker-24,  processing 802 (62406.4 per sec) reads @ chr1:120000000-125000000
ForkPoolWorker-24 countReadsInRegions_worker: processing 5000000 (11380889.7 per sec) @ chr1:120000000-125000000
ForkPoolWorker-24,  processing 1117 (57255.4 per sec) reads @ chr17:45000000-50000000
ForkPoolWorker-24 countReadsInRegions_worker: processing 5000000 (11083334.6 per sec) @ chr17:45000000-50000000
ForkPoolWorker-24,  processing 386 (57630.1 per sec) reads @ chr1:60000000-65000000
ForkPoolWorker-24 countReadsInRegions_worker: processing 5000000 (11513349.5 per sec) @ chr1:60000000-65000000
ForkPoolWorker-24,  processing 1 (2295.7 per sec) reads @ chr11:135000000-135086622
ForkPoolWorker-24 countReadsInRegions_worker: processing 86622 (6551600.4 per sec) @ chr11:135000000-135086622
ForkPoolWorker-24,  processing 0 (0.0 per sec) reads @ chrUn_KI270387v1:0-1537
ForkPoolWorker-24 countReadsInRegions_worker: processing 1537 (225045.2 per sec) @ chrUn_KI270387v1:0-1537
ForkPoolWorker-24,  processing 1034 (59910.4 per sec) reads @ chr6:0-5000000
ForkPoolWorker-24 countReadsInRegions_worker: processing 5000000 (11193198.1 per sec) @ chr6:0-5000000
ForkPoolWorker-24,  processing 153 (47433.6 per sec) reads @ chr1:65000000-70000000
ForkPoolWorker-24 countReadsInRegions_worker: processing 5000000 (11603527.8 per sec) @ chr1:65000000-70000000
ForkPoolWorker-46,  processing 173 (20723.6 per sec) reads @ chr18:30000000-35000000
ForkPoolWorker-46 countReadsInRegions_worker: processing 5000000 (10759426.0 per sec) @ chr18:30000000-35000000
ForkPoolWorker-46,  processing 50 (34715.3 per sec) reads @ chr6:70000000-75000000
ForkPoolWorker-46 countReadsInRegions_worker: processing 5000000 (11303074.0 per sec) @ chr6:70000000-75000000
ForkPoolWorker-46,  processing 49 (33953.6 per sec) reads @ chrX:55000000-60000000
ForkPoolWorker-46 countReadsInRegions_worker: processing 5000000 (11147669.6 per sec) @ chrX:55000000-60000000
ForkPoolWorker-46,  processing 440 (54943.4 per sec) reads @ chr14:75000000-80000000
ForkPoolWorker-46 countReadsInRegions_worker: processing 5000000 (10954451.7 per sec) @ chr14:75000000-80000000
ForkPoolWorker-46,  processing 0 (0.0 per sec) reads @ chrUn_KI270418v1:0-2145
ForkPoolWorker-46 countReadsInRegions_worker: processing 2145 (326396.1 per sec) @ chrUn_KI270418v1:0-2145
ForkPoolWorker-46,  processing 9 (15135.8 per sec) reads @ chr17_GL000205v2_random:0-185591
ForkPoolWorker-46 countReadsInRegions_worker: processing 185591 (8197658.7 per sec) @ chr17_GL000205v2_random:0-185591
ForkPoolWorker-46,  processing 0 (0.0 per sec) reads @ chrY:45000000-50000000
ForkPoolWorker-46 countReadsInRegions_worker: processing 5000000 (11877244.5 per sec) @ chrY:45000000-50000000
ForkPoolWorker-46,  processing 0 (0.0 per sec) reads @ chrUn_KI270548v1:0-1599
ForkPoolWorker-46 countReadsInRegions_worker: processing 1599 (245846.5 per sec) @ chrUn_KI270548v1:0-1599
ForkPoolWorker-46,  processing 0 (0.0 per sec) reads @ chrY:55000000-57227415
ForkPoolWorker-46 countReadsInRegions_worker: processing 2227415 (11855938.3 per sec) @ chrY:55000000-57227415
ForkPoolWorker-46,  processing 689 (55429.6 per sec) reads @ chr9:120000000-125000000
ForkPoolWorker-46 countReadsInRegions_worker: processing 5000000 (11833788.2 per sec) @ chr9:120000000-125000000
ForkPoolWorker-46,  processing 1108 (54466.4 per sec) reads @ chr10:130000000-133797422
ForkPoolWorker-46 countReadsInRegions_worker: processing 3797422 (11215963.0 per sec) @ chr10:130000000-133797422
ForkPoolWorker-46,  processing 3094 (56335.8 per sec) reads @ chr17:0-5000000
ForkPoolWorker-46 countReadsInRegions_worker: processing 5000000 (10524289.4 per sec) @ chr17:0-5000000
ForkPoolWorker-46,  processing 3 (5494.7 per sec) reads @ chr14_GL000225v1_random:0-211173
ForkPoolWorker-46 countReadsInRegions_worker: processing 211173 (8597089.7 per sec) @ chr14_GL000225v1_random:0-211173
ForkPoolWorker-46,  processing 82 (43191.4 per sec) reads @ chr4:125000000-130000000
ForkPoolWorker-46 countReadsInRegions_worker: processing 5000000 (11985513.3 per sec) @ chr4:125000000-130000000
ForkPoolWorker-46,  processing 0 (0.0 per sec) reads @ chrUn_KI270375v1:0-2378
ForkPoolWorker-46 countReadsInRegions_worker: processing 2378 (322107.4 per sec) @ chrUn_KI270375v1:0-2378
ForkPoolWorker-46,  processing 0 (0.0 per sec) reads @ chrUn_KI270412v1:0-1179
ForkPoolWorker-46 countReadsInRegions_worker: processing 1179 (170714.4 per sec) @ chrUn_KI270412v1:0-1179
ForkPoolWorker-46,  processing 177 (49878.5 per sec) reads @ chrX:135000000-140000000
ForkPoolWorker-46 countReadsInRegions_worker: processing 5000000 (11843699.3 per sec) @ chrX:135000000-140000000
ForkPoolWorker-46,  processing 258 (49107.4 per sec) reads @ chr21:35000000-40000000
ForkPoolWorker-46 countReadsInRegions_worker: processing 5000000 (11935180.2 per sec) @ chr21:35000000-40000000
ForkPoolWorker-46,  processing 0 (0.0 per sec) reads @ chrUn_KI270593v1:0-3041
ForkPoolWorker-46 countReadsInRegions_worker: processing 3041 (424469.3 per sec) @ chrUn_KI270593v1:0-3041
ForkPoolWorker-46,  processing 304 (52719.3 per sec) reads @ chr14:60000000-65000000
ForkPoolWorker-46 countReadsInRegions_worker: processing 5000000 (11951702.0 per sec) @ chr14:60000000-65000000
ForkPoolWorker-41,  processing 469 (38755.8 per sec) reads @ chr3:195000000-198295559
ForkPoolWorker-41 countReadsInRegions_worker: processing 3295559 (11075950.9 per sec) @ chr3:195000000-198295559
ForkPoolWorker-41,  processing 3736 (59620.2 per sec) reads @ chr19:15000000-20000000
ForkPoolWorker-41 countReadsInRegions_worker: processing 5000000 (10519844.3 per sec) @ chr19:15000000-20000000
ForkPoolWorker-41,  processing 126 (43716.0 per sec) reads @ chr12:75000000-80000000
ForkPoolWorker-41 countReadsInRegions_worker: processing 5000000 (12132764.6 per sec) @ chr12:75000000-80000000
ForkPoolWorker-41,  processing 712 (56153.3 per sec) reads @ chr2:235000000-240000000
ForkPoolWorker-41 countReadsInRegions_worker: processing 5000000 (11877950.9 per sec) @ chr2:235000000-240000000
ForkPoolWorker-41,  processing 77 (40839.8 per sec) reads @ chr4:170000000-175000000
ForkPoolWorker-41 countReadsInRegions_worker: processing 5000000 (12140329.0 per sec) @ chr4:170000000-175000000
ForkPoolWorker-41,  processing 157 (50877.4 per sec) reads @ chr4:100000000-105000000
ForkPoolWorker-41 countReadsInRegions_worker: processing 5000000 (12128926.3 per sec) @ chr4:100000000-105000000
ForkPoolWorker-41,  processing 602 (57038.3 per sec) reads @ chrX:0-5000000
ForkPoolWorker-41 countReadsInRegions_worker: processing 5000000 (11904989.5 per sec) @ chrX:0-5000000
ForkPoolWorker-41,  processing 0 (0.0 per sec) reads @ chrUn_KI270438v1:0-112505
ForkPoolWorker-41 countReadsInRegions_worker: processing 112505 (6944622.8 per sec) @ chrUn_KI270438v1:0-112505
ForkPoolWorker-41,  processing 462 (55659.0 per sec) reads @ chr16:15000000-20000000
ForkPoolWorker-41 countReadsInRegions_worker: processing 5000000 (11935275.3 per sec) @ chr16:15000000-20000000
ForkPoolWorker-41,  processing 32 (29045.2 per sec) reads @ chr1:100000000-105000000
ForkPoolWorker-41 countReadsInRegions_worker: processing 5000000 (11983041.0 per sec) @ chr1:100000000-105000000
ForkPoolWorker-41,  processing 0 (0.0 per sec) reads @ chrUn_KI270320v1:0-4416
ForkPoolWorker-41 countReadsInRegions_worker: processing 4416 (610140.9 per sec) @ chrUn_KI270320v1:0-4416
ForkPoolWorker-41,  processing 175 (48191.4 per sec) reads @ chr3:140000000-145000000
ForkPoolWorker-41 countReadsInRegions_worker: processing 5000000 (12006998.7 per sec) @ chr3:140000000-145000000
ForkPoolWorker-41,  processing 351 (53771.2 per sec) reads @ chr12:115000000-120000000
ForkPoolWorker-41 countReadsInRegions_worker: processing 5000000 (11981322.6 per sec) @ chr12:115000000-120000000
ForkPoolWorker-41,  processing 555 (57119.3 per sec) reads @ chrX:40000000-45000000
ForkPoolWorker-41 countReadsInRegions_worker: processing 5000000 (11898775.3 per sec) @ chrX:40000000-45000000
ForkPoolWorker-41,  processing 1359 (56056.0 per sec) reads @ chr7:150000000-155000000
ForkPoolWorker-41 countReadsInRegions_worker: processing 5000000 (11503585.8 per sec) @ chr7:150000000-155000000
ForkPoolWorker-1,  processing 3746 (57555.4 per sec) reads @ chrX:150000000-155000000
ForkPoolWorker-1 countReadsInRegions_worker: processing 5000000 (9855950.0 per sec) @ chrX:150000000-155000000
ForkPoolWorker-1,  processing 163 (47454.1 per sec) reads @ chr2:195000000-200000000
ForkPoolWorker-1 countReadsInRegions_worker: processing 5000000 (11526169.7 per sec) @ chr2:195000000-200000000
ForkPoolWorker-1,  processing 336 (55324.7 per sec) reads @ chr9:75000000-80000000
ForkPoolWorker-1 countReadsInRegions_worker: processing 5000000 (11572645.5 per sec) @ chr9:75000000-80000000
ForkPoolWorker-1,  processing 44 (34919.5 per sec) reads @ chr8:85000000-90000000
ForkPoolWorker-1 countReadsInRegions_worker: processing 5000000 (11447636.2 per sec) @ chr8:85000000-90000000
ForkPoolWorker-1,  processing 4034 (58790.4 per sec) reads @ chr6:30000000-35000000
ForkPoolWorker-1 countReadsInRegions_worker: processing 5000000 (10135365.2 per sec) @ chr6:30000000-35000000
ForkPoolWorker-1,  processing 0 (0.0 per sec) reads @ chrUn_KI270330v1:0-1652
ForkPoolWorker-1 countReadsInRegions_worker: processing 1652 (253865.0 per sec) @ chrUn_KI270330v1:0-1652
ForkPoolWorker-1,  processing 128 (47519.1 per sec) reads @ chr3:25000000-30000000
ForkPoolWorker-1 countReadsInRegions_worker: processing 5000000 (11860579.0 per sec) @ chr3:25000000-30000000
ForkPoolWorker-1,  processing 3476 (60982.8 per sec) reads @ chr1:5000000-10000000
ForkPoolWorker-1 countReadsInRegions_worker: processing 5000000 (10570077.5 per sec) @ chr1:5000000-10000000
ForkPoolWorker-1,  processing 0 (0.0 per sec) reads @ chrUn_KI270530v1:0-2168
ForkPoolWorker-1 countReadsInRegions_worker: processing 2168 (328596.5 per sec) @ chrUn_KI270530v1:0-2168
ForkPoolWorker-1,  processing 4190 (59758.7 per sec) reads @ chr20:60000000-64444167
ForkPoolWorker-1 countReadsInRegions_worker: processing 4444167 (9847979.9 per sec) @ chr20:60000000-64444167
ForkPoolWorker-1,  processing 1052 (54886.2 per sec) reads @ chr15:75000000-80000000
ForkPoolWorker-1 countReadsInRegions_worker: processing 5000000 (11437802.7 per sec) @ chr15:75000000-80000000
ForkPoolWorker-1,  processing 288 (52290.4 per sec) reads @ chr6:15000000-20000000
ForkPoolWorker-1 countReadsInRegions_worker: processing 5000000 (11904286.7 per sec) @ chr6:15000000-20000000
ForkPoolWorker-1,  processing 38 (32694.1 per sec) reads @ chr3:0-5000000
ForkPoolWorker-1 countReadsInRegions_worker: processing 5000000 (12022658.5 per sec) @ chr3:0-5000000
ForkPoolWorker-1,  processing 0 (0.0 per sec) reads @ chr15:10000000-15000000
ForkPoolWorker-1 countReadsInRegions_worker: processing 5000000 (11943962.6 per sec) @ chr15:10000000-15000000
ForkPoolWorker-1,  processing 706 (57954.4 per sec) reads @ chr7:155000000-159345973
ForkPoolWorker-1 countReadsInRegions_worker: processing 4345973 (11593986.3 per sec) @ chr7:155000000-159345973
ForkPoolWorker-15,  processing 53 (11406.3 per sec) reads @ chr1:215000000-220000000
ForkPoolWorker-15 countReadsInRegions_worker: processing 5000000 (10370912.5 per sec) @ chr1:215000000-220000000
ForkPoolWorker-15,  processing 59 (34849.2 per sec) reads @ chr15:20000000-25000000
ForkPoolWorker-15 countReadsInRegions_worker: processing 5000000 (11323690.4 per sec) @ chr15:20000000-25000000
ForkPoolWorker-15,  processing 701 (54009.2 per sec) reads @ chr1:105000000-110000000
ForkPoolWorker-15 countReadsInRegions_worker: processing 5000000 (10980135.1 per sec) @ chr1:105000000-110000000
ForkPoolWorker-15,  processing 1097 (59593.5 per sec) reads @ chr9:35000000-40000000
ForkPoolWorker-15 countReadsInRegions_worker: processing 5000000 (10832508.6 per sec) @ chr9:35000000-40000000
ForkPoolWorker-15,  processing 397 (54639.5 per sec) reads @ chr16:80000000-85000000
ForkPoolWorker-15 countReadsInRegions_worker: processing 5000000 (11155710.6 per sec) @ chr16:80000000-85000000
ForkPoolWorker-15,  processing 128 (48297.1 per sec) reads @ chr5:65000000-70000000
ForkPoolWorker-15 countReadsInRegions_worker: processing 5000000 (11722547.4 per sec) @ chr5:65000000-70000000
ForkPoolWorker-15,  processing 1 (2693.8 per sec) reads @ chr22_KI270734v1_random:0-165050
ForkPoolWorker-15 countReadsInRegions_worker: processing 165050 (7886688.7 per sec) @ chr22_KI270734v1_random:0-165050
ForkPoolWorker-15,  processing 0 (0.0 per sec) reads @ chrUn_KI270741v1:0-157432
ForkPoolWorker-15 countReadsInRegions_worker: processing 157432 (8547801.5 per sec) @ chrUn_KI270741v1:0-157432
ForkPoolWorker-15,  processing 187 (46572.9 per sec) reads @ chr15:30000000-35000000
ForkPoolWorker-15 countReadsInRegions_worker: processing 5000000 (11649957.8 per sec) @ chr15:30000000-35000000
ForkPoolWorker-15,  processing 347 (56103.0 per sec) reads @ chr5:10000000-15000000
ForkPoolWorker-15 countReadsInRegions_worker: processing 5000000 (11769626.1 per sec) @ chr5:10000000-15000000
ForkPoolWorker-15,  processing 979 (59039.0 per sec) reads @ chr20:30000000-35000000
ForkPoolWorker-15 countReadsInRegions_worker: processing 5000000 (11538663.0 per sec) @ chr20:30000000-35000000
ForkPoolWorker-15,  processing 53 (37037.3 per sec) reads @ chr6:45000000-50000000
ForkPoolWorker-15 countReadsInRegions_worker: processing 5000000 (11850887.4 per sec) @ chr6:45000000-50000000
ForkPoolWorker-15,  processing 31 (28482.7 per sec) reads @ chr2:140000000-145000000
ForkPoolWorker-15 countReadsInRegions_worker: processing 5000000 (11881322.3 per sec) @ chr2:140000000-145000000
ForkPoolWorker-15,  processing 605 (55130.7 per sec) reads @ chr10:95000000-100000000
ForkPoolWorker-15 countReadsInRegions_worker: processing 5000000 (11626918.8 per sec) @ chr10:95000000-100000000
ForkPoolWorker-15,  processing 2215 (63170.7 per sec) reads @ chr6:10000000-15000000
ForkPoolWorker-15 countReadsInRegions_worker: processing 5000000 (11230782.0 per sec) @ chr6:10000000-15000000
ForkPoolWorker-23,  processing 0 (0.0 per sec) reads @ chrUn_GL000226v1:0-15008
ForkPoolWorker-23 countReadsInRegions_worker: processing 15008 (668735.9 per sec) @ chrUn_GL000226v1:0-15008
ForkPoolWorker-23,  processing 668 (34785.5 per sec) reads @ chr20:40000000-45000000
ForkPoolWorker-23 countReadsInRegions_worker: processing 5000000 (10726319.2 per sec) @ chr20:40000000-45000000
ForkPoolWorker-23,  processing 103 (44236.5 per sec) reads @ chr7:55000000-60000000
ForkPoolWorker-23 countReadsInRegions_worker: processing 5000000 (11301715.6 per sec) @ chr7:55000000-60000000
ForkPoolWorker-23,  processing 2956 (55285.9 per sec) reads @ chr1:15000000-20000000
ForkPoolWorker-23 countReadsInRegions_worker: processing 5000000 (10338921.5 per sec) @ chr1:15000000-20000000
ForkPoolWorker-23,  processing 160 (48503.1 per sec) reads @ chr21:25000000-30000000
ForkPoolWorker-23 countReadsInRegions_worker: processing 5000000 (11422309.4 per sec) @ chr21:25000000-30000000
ForkPoolWorker-23,  processing 94 (47473.2 per sec) reads @ chr14:25000000-30000000
ForkPoolWorker-23 countReadsInRegions_worker: processing 5000000 (11182902.1 per sec) @ chr14:25000000-30000000
ForkPoolWorker-23,  processing 236 (51719.3 per sec) reads @ chr4:75000000-80000000
ForkPoolWorker-23 countReadsInRegions_worker: processing 5000000 (11705613.7 per sec) @ chr4:75000000-80000000
ForkPoolWorker-23,  processing 383 (54697.8 per sec) reads @ chr5:140000000-145000000
ForkPoolWorker-23 countReadsInRegions_worker: processing 5000000 (11680955.4 per sec) @ chr5:140000000-145000000
ForkPoolWorker-23,  processing 8 (14128.2 per sec) reads @ chr8:145000000-145138636
ForkPoolWorker-23 countReadsInRegions_worker: processing 138636 (7643730.7 per sec) @ chr8:145000000-145138636
ForkPoolWorker-23,  processing 167 (50526.5 per sec) reads @ chrX:65000000-70000000
ForkPoolWorker-23 countReadsInRegions_worker: processing 5000000 (12014703.1 per sec) @ chrX:65000000-70000000
ForkPoolWorker-23,  processing 763 (56461.8 per sec) reads @ chr11:45000000-50000000
ForkPoolWorker-23 countReadsInRegions_worker: processing 5000000 (11605068.9 per sec) @ chr11:45000000-50000000
ForkPoolWorker-23,  processing 75 (40805.9 per sec) reads @ chr4:40000000-45000000
ForkPoolWorker-23 countReadsInRegions_worker: processing 5000000 (11920424.9 per sec) @ chr4:40000000-45000000
ForkPoolWorker-23,  processing 957 (55229.2 per sec) reads @ chr12:50000000-55000000
ForkPoolWorker-23 countReadsInRegions_worker: processing 5000000 (11555053.1 per sec) @ chr12:50000000-55000000
ForkPoolWorker-23,  processing 1361 (54734.7 per sec) reads @ chr6:40000000-45000000
ForkPoolWorker-23 countReadsInRegions_worker: processing 5000000 (11198858.5 per sec) @ chr6:40000000-45000000
ForkPoolWorker-23,  processing 240 (52952.8 per sec) reads @ chr6:160000000-165000000
ForkPoolWorker-23 countReadsInRegions_worker: processing 5000000 (11825960.6 per sec) @ chr6:160000000-165000000
ForkPoolWorker-6,  processing 41 (5872.6 per sec) reads @ chr4:25000000-30000000
ForkPoolWorker-6 countReadsInRegions_worker: processing 5000000 (11034558.2 per sec) @ chr4:25000000-30000000
ForkPoolWorker-6,  processing 42 (30138.7 per sec) reads @ chr20:10000000-15000000
ForkPoolWorker-6 countReadsInRegions_worker: processing 5000000 (11397757.2 per sec) @ chr20:10000000-15000000
ForkPoolWorker-6,  processing 39 (30219.4 per sec) reads @ chr10:50000000-55000000
ForkPoolWorker-6 countReadsInRegions_worker: processing 5000000 (11398407.7 per sec) @ chr10:50000000-55000000
ForkPoolWorker-6,  processing 555 (57542.9 per sec) reads @ chr4:80000000-85000000
ForkPoolWorker-6 countReadsInRegions_worker: processing 5000000 (11186099.3 per sec) @ chr4:80000000-85000000
ForkPoolWorker-6,  processing 3033 (60847.2 per sec) reads @ chr17:75000000-80000000
ForkPoolWorker-6 countReadsInRegions_worker: processing 5000000 (10202100.8 per sec) @ chr17:75000000-80000000
ForkPoolWorker-6,  processing 717 (55908.5 per sec) reads @ chr4:5000000-10000000
ForkPoolWorker-6 countReadsInRegions_worker: processing 5000000 (11475875.6 per sec) @ chr4:5000000-10000000
ForkPoolWorker-6,  processing 60 (38153.2 per sec) reads @ chr5:120000000-125000000
ForkPoolWorker-6 countReadsInRegions_worker: processing 5000000 (11977771.1 per sec) @ chr5:120000000-125000000
ForkPoolWorker-6,  processing 33 (32181.4 per sec) reads @ chrX:155000000-156040895
ForkPoolWorker-6 countReadsInRegions_worker: processing 1040895 (11304232.0 per sec) @ chrX:155000000-156040895
ForkPoolWorker-6,  processing 664 (52022.4 per sec) reads @ chr1:230000000-235000000
ForkPoolWorker-6 countReadsInRegions_worker: processing 5000000 (11559505.1 per sec) @ chr1:230000000-235000000
ForkPoolWorker-6,  processing 349 (53684.4 per sec) reads @ chr5:5000000-10000000
ForkPoolWorker-6 countReadsInRegions_worker: processing 5000000 (11743803.2 per sec) @ chr5:5000000-10000000
ForkPoolWorker-6,  processing 76 (37330.7 per sec) reads @ chr4:30000000-35000000
ForkPoolWorker-6 countReadsInRegions_worker: processing 5000000 (11887740.7 per sec) @ chr4:30000000-35000000
ForkPoolWorker-6,  processing 155 (44672.4 per sec) reads @ chr18:50000000-55000000
ForkPoolWorker-6 countReadsInRegions_worker: processing 5000000 (11839994.9 per sec) @ chr18:50000000-55000000
ForkPoolWorker-6,  processing 0 (0.0 per sec) reads @ chrUn_KI270366v1:0-8320
ForkPoolWorker-6 countReadsInRegions_worker: processing 8320 (1066881.0 per sec) @ chrUn_KI270366v1:0-8320
ForkPoolWorker-6,  processing 12 (12958.7 per sec) reads @ chr22:10000000-15000000
ForkPoolWorker-6 countReadsInRegions_worker: processing 5000000 (12056249.2 per sec) @ chr22:10000000-15000000
ForkPoolWorker-6,  processing 5 (8676.7 per sec) reads @ chr16:60000000-65000000
ForkPoolWorker-6 countReadsInRegions_worker: processing 5000000 (12021424.9 per sec) @ chr16:60000000-65000000
ForkPoolWorker-35,  processing 38 (6715.4 per sec) reads @ chr5:85000000-90000000
ForkPoolWorker-35 countReadsInRegions_worker: processing 5000000 (10039903.0 per sec) @ chr5:85000000-90000000
ForkPoolWorker-35,  processing 213 (48104.0 per sec) reads @ chr18:35000000-40000000
ForkPoolWorker-35 countReadsInRegions_worker: processing 5000000 (11032538.1 per sec) @ chr18:35000000-40000000
ForkPoolWorker-35,  processing 0 (0.0 per sec) reads @ chrUn_GL000216v2:0-176608
ForkPoolWorker-35 countReadsInRegions_worker: processing 176608 (8261556.1 per sec) @ chrUn_GL000216v2:0-176608
ForkPoolWorker-35,  processing 0 (0.0 per sec) reads @ chrUn_KI270417v1:0-2043
ForkPoolWorker-35 countReadsInRegions_worker: processing 2043 (308125.2 per sec) @ chrUn_KI270417v1:0-2043
ForkPoolWorker-35,  processing 283 (51295.9 per sec) reads @ chr20:50000000-55000000
ForkPoolWorker-35 countReadsInRegions_worker: processing 5000000 (11907402.7 per sec) @ chr20:50000000-55000000
ForkPoolWorker-35,  processing 0 (0.0 per sec) reads @ chrUn_KI270465v1:0-1774
ForkPoolWorker-35 countReadsInRegions_worker: processing 1774 (246912.1 per sec) @ chrUn_KI270465v1:0-1774
ForkPoolWorker-35,  processing 3332 (55847.0 per sec) reads @ chr11:60000000-65000000
ForkPoolWorker-35 countReadsInRegions_worker: processing 5000000 (10203267.2 per sec) @ chr11:60000000-65000000
ForkPoolWorker-35,  processing 0 (0.0 per sec) reads @ chrUn_KI270519v1:0-138126
ForkPoolWorker-35 countReadsInRegions_worker: processing 138126 (7964674.2 per sec) @ chrUn_KI270519v1:0-138126
ForkPoolWorker-35,  processing 160 (45340.8 per sec) reads @ chr8:95000000-100000000
ForkPoolWorker-35 countReadsInRegions_worker: processing 5000000 (11850458.8 per sec) @ chr8:95000000-100000000
ForkPoolWorker-35,  processing 0 (0.0 per sec) reads @ chrUn_KI270751v1:0-150742
ForkPoolWorker-35 countReadsInRegions_worker: processing 150742 (8360654.5 per sec) @ chrUn_KI270751v1:0-150742
ForkPoolWorker-35,  processing 247 (51955.5 per sec) reads @ chr20:5000000-10000000
ForkPoolWorker-35 countReadsInRegions_worker: processing 5000000 (11842462.1 per sec) @ chr20:5000000-10000000
ForkPoolWorker-35,  processing 0 (0.0 per sec) reads @ chr1:135000000-140000000
ForkPoolWorker-35 countReadsInRegions_worker: processing 5000000 (11944159.8 per sec) @ chr1:135000000-140000000
ForkPoolWorker-35,  processing 22 (22539.0 per sec) reads @ chr4:90000000-95000000
ForkPoolWorker-35 countReadsInRegions_worker: processing 5000000 (11870004.3 per sec) @ chr4:90000000-95000000
ForkPoolWorker-35,  processing 1033 (57394.6 per sec) reads @ chr14:105000000-107043718
ForkPoolWorker-35 countReadsInRegions_worker: processing 2043718 (10514509.1 per sec) @ chr14:105000000-107043718
ForkPoolWorker-35,  processing 3515 (58579.0 per sec) reads @ chr3:45000000-50000000
ForkPoolWorker-35 countReadsInRegions_worker: processing 5000000 (10651470.2 per sec) @ chr3:45000000-50000000
ForkPoolWorker-35,  processing 0 (0.0 per sec) reads @ chr17_KI270729v1_random:0-280839
ForkPoolWorker-35 countReadsInRegions_worker: processing 280839 (9751512.0 per sec) @ chr17_KI270729v1_random:0-280839
ForkPoolWorker-35,  processing 948 (58516.6 per sec) reads @ chr2:230000000-235000000
ForkPoolWorker-35 countReadsInRegions_worker: processing 5000000 (11668093.8 per sec) @ chr2:230000000-235000000
ForkPoolWorker-35,  processing 481 (54661.9 per sec) reads @ chr5:170000000-175000000
ForkPoolWorker-35 countReadsInRegions_worker: processing 5000000 (11897593.9 per sec) @ chr5:170000000-175000000
ForkPoolWorker-35,  processing 0 (0.0 per sec) reads @ chrUn_KI270581v1:0-7046
ForkPoolWorker-35 countReadsInRegions_worker: processing 7046 (995052.7 per sec) @ chrUn_KI270581v1:0-7046
ForkPoolWorker-35,  processing 112 (43841.5 per sec) reads @ chr3:170000000-175000000
ForkPoolWorker-35 countReadsInRegions_worker: processing 5000000 (12048013.9 per sec) @ chr3:170000000-175000000
ForkPoolWorker-5,  processing 94 (14777.0 per sec) reads @ chr3:95000000-100000000
ForkPoolWorker-5 countReadsInRegions_worker: processing 5000000 (10307709.8 per sec) @ chr3:95000000-100000000
ForkPoolWorker-5,  processing 140 (46599.7 per sec) reads @ chr4:85000000-90000000
ForkPoolWorker-5 countReadsInRegions_worker: processing 5000000 (10895263.9 per sec) @ chr4:85000000-90000000
ForkPoolWorker-5,  processing 80 (41802.0 per sec) reads @ chr13:35000000-40000000
ForkPoolWorker-5 countReadsInRegions_worker: processing 5000000 (11103432.9 per sec) @ chr13:35000000-40000000
ForkPoolWorker-5,  processing 421 (54606.2 per sec) reads @ chr5:130000000-135000000
ForkPoolWorker-5 countReadsInRegions_worker: processing 5000000 (11163329.4 per sec) @ chr5:130000000-135000000
ForkPoolWorker-5,  processing 21204 (63542.7 per sec) reads @ chr1:145000000-150000000
ForkPoolWorker-5 countReadsInRegions_worker: processing 5000000 (6605446.6 per sec) @ chr1:145000000-150000000
ForkPoolWorker-5,  processing 59 (37665.7 per sec) reads @ chr3:145000000-150000000
ForkPoolWorker-5 countReadsInRegions_worker: processing 5000000 (11772341.5 per sec) @ chr3:145000000-150000000
ForkPoolWorker-5,  processing 79 (42076.2 per sec) reads @ chr9:70000000-75000000
ForkPoolWorker-5 countReadsInRegions_worker: processing 5000000 (11780515.2 per sec) @ chr9:70000000-75000000
ForkPoolWorker-5,  processing 0 (0.0 per sec) reads @ chr14:5000000-10000000
ForkPoolWorker-5 countReadsInRegions_worker: processing 5000000 (11829796.4 per sec) @ chr14:5000000-10000000
ForkPoolWorker-5,  processing 138 (46822.0 per sec) reads @ chr2:165000000-170000000
ForkPoolWorker-5 countReadsInRegions_worker: processing 5000000 (11899794.8 per sec) @ chr2:165000000-170000000
ForkPoolWorker-5,  processing 395 (57920.2 per sec) reads @ chr12:95000000-100000000
ForkPoolWorker-5 countReadsInRegions_worker: processing 5000000 (11768087.3 per sec) @ chr12:95000000-100000000
ForkPoolWorker-5,  processing 5379 (59820.4 per sec) reads @ chr16:85000000-90000000
ForkPoolWorker-5 countReadsInRegions_worker: processing 5000000 (9717436.3 per sec) @ chr16:85000000-90000000
ForkPoolWorker-5,  processing 147 (46776.6 per sec) reads @ chr10:40000000-45000000
ForkPoolWorker-5 countReadsInRegions_worker: processing 5000000 (11810403.0 per sec) @ chr10:40000000-45000000
ForkPoolWorker-5,  processing 0 (0.0 per sec) reads @ chrUn_KI270529v1:0-1899
ForkPoolWorker-5 countReadsInRegions_worker: processing 1899 (269160.0 per sec) @ chrUn_KI270529v1:0-1899
ForkPoolWorker-5,  processing 97 (41745.1 per sec) reads @ chr2:150000000-155000000
ForkPoolWorker-5 countReadsInRegions_worker: processing 5000000 (11923705.2 per sec) @ chr2:150000000-155000000
ForkPoolWorker-5,  processing 1 (2376.4 per sec) reads @ chr22_KI270731v1_random:0-150754
ForkPoolWorker-5 countReadsInRegions_worker: processing 150754 (7538965.4 per sec) @ chr22_KI270731v1_random:0-150754
ForkPoolWorker-22,  processing 443 (18400.3 per sec) reads @ chr9:30000000-35000000
ForkPoolWorker-22 countReadsInRegions_worker: processing 5000000 (9953076.3 per sec) @ chr9:30000000-35000000
ForkPoolWorker-22,  processing 125 (44502.8 per sec) reads @ chrX:145000000-150000000
ForkPoolWorker-22 countReadsInRegions_worker: processing 5000000 (10860411.6 per sec) @ chrX:145000000-150000000
ForkPoolWorker-22,  processing 0 (0.0 per sec) reads @ chrUn_KI270424v1:0-2140
ForkPoolWorker-22 countReadsInRegions_worker: processing 2140 (332375.9 per sec) @ chrUn_KI270424v1:0-2140
ForkPoolWorker-22,  processing 847 (58807.7 per sec) reads @ chr7:25000000-30000000
ForkPoolWorker-22 countReadsInRegions_worker: processing 5000000 (10730989.9 per sec) @ chr7:25000000-30000000
ForkPoolWorker-22,  processing 87 (42499.9 per sec) reads @ chr8:30000000-35000000
ForkPoolWorker-22 countReadsInRegions_worker: processing 5000000 (11282283.6 per sec) @ chr8:30000000-35000000
ForkPoolWorker-22,  processing 0 (0.0 per sec) reads @ chr17_KI270730v1_random:0-112551
ForkPoolWorker-22 countReadsInRegions_worker: processing 112551 (6920878.3 per sec) @ chr17_KI270730v1_random:0-112551
ForkPoolWorker-22,  processing 145 (47148.9 per sec) reads @ chr8:135000000-140000000
ForkPoolWorker-22 countReadsInRegions_worker: processing 5000000 (11667490.1 per sec) @ chr8:135000000-140000000
ForkPoolWorker-22,  processing 213 (52425.7 per sec) reads @ chrX:100000000-105000000
ForkPoolWorker-22 countReadsInRegions_worker: processing 5000000 (11340775.1 per sec) @ chrX:100000000-105000000
ForkPoolWorker-22,  processing 15 (20262.3 per sec) reads @ chr9:40000000-45000000
ForkPoolWorker-22 countReadsInRegions_worker: processing 5000000 (11546299.1 per sec) @ chr9:40000000-45000000
ForkPoolWorker-22,  processing 154 (49978.6 per sec) reads @ chr4:115000000-120000000
ForkPoolWorker-22 countReadsInRegions_worker: processing 5000000 (11599375.4 per sec) @ chr4:115000000-120000000
ForkPoolWorker-22,  processing 788 (58556.6 per sec) reads @ chr1:240000000-245000000
ForkPoolWorker-22 countReadsInRegions_worker: processing 5000000 (11163579.0 per sec) @ chr1:240000000-245000000
ForkPoolWorker-22,  processing 178 (49488.7 per sec) reads @ chr10:80000000-85000000
ForkPoolWorker-22 countReadsInRegions_worker: processing 5000000 (11459120.6 per sec) @ chr10:80000000-85000000
ForkPoolWorker-22,  processing 36 (32968.3 per sec) reads @ chr11:80000000-85000000
ForkPoolWorker-22 countReadsInRegions_worker: processing 5000000 (11529832.4 per sec) @ chr11:80000000-85000000
ForkPoolWorker-22,  processing 37 (28601.0 per sec) reads @ chr9:10000000-15000000
ForkPoolWorker-22 countReadsInRegions_worker: processing 5000000 (11708691.9 per sec) @ chr9:10000000-15000000
ForkPoolWorker-22,  processing 2737 (59335.2 per sec) reads @ chr1:25000000-30000000
ForkPoolWorker-22 countReadsInRegions_worker: processing 5000000 (10922951.1 per sec) @ chr1:25000000-30000000
ForkPoolWorker-33,  processing 3327 (37818.0 per sec) reads @ chr4:0-5000000
ForkPoolWorker-33 countReadsInRegions_worker: processing 5000000 (9238196.9 per sec) @ chr4:0-5000000
ForkPoolWorker-33,  processing 717 (54786.1 per sec) reads @ chr5:135000000-140000000
ForkPoolWorker-33 countReadsInRegions_worker: processing 5000000 (11265102.3 per sec) @ chr5:135000000-140000000
ForkPoolWorker-33,  processing 300 (51287.6 per sec) reads @ chr7:30000000-35000000
ForkPoolWorker-33 countReadsInRegions_worker: processing 5000000 (11460892.9 per sec) @ chr7:30000000-35000000
ForkPoolWorker-33,  processing 9 (13598.2 per sec) reads @ chr18:40000000-45000000
ForkPoolWorker-33 countReadsInRegions_worker: processing 5000000 (11688644.2 per sec) @ chr18:40000000-45000000
ForkPoolWorker-33,  processing 509 (55453.4 per sec) reads @ chr14:70000000-75000000
ForkPoolWorker-33 countReadsInRegions_worker: processing 5000000 (11578581.2 per sec) @ chr14:70000000-75000000
ForkPoolWorker-33,  processing 167 (49109.5 per sec) reads @ chr8:120000000-125000000
ForkPoolWorker-33 countReadsInRegions_worker: processing 5000000 (11733526.7 per sec) @ chr8:120000000-125000000
ForkPoolWorker-33,  processing 37 (31938.5 per sec) reads @ chr1:95000000-100000000
ForkPoolWorker-33 countReadsInRegions_worker: processing 5000000 (11676344.3 per sec) @ chr1:95000000-100000000
ForkPoolWorker-33,  processing 4440 (58710.8 per sec) reads @ chr11:65000000-70000000
ForkPoolWorker-33 countReadsInRegions_worker: processing 5000000 (10109411.9 per sec) @ chr11:65000000-70000000
ForkPoolWorker-33,  processing 48 (35252.4 per sec) reads @ chr4:120000000-125000000
ForkPoolWorker-33 countReadsInRegions_worker: processing 5000000 (11878320.9 per sec) @ chr4:120000000-125000000
ForkPoolWorker-33,  processing 80 (43453.0 per sec) reads @ chr2:135000000-140000000
ForkPoolWorker-33 countReadsInRegions_worker: processing 5000000 (11767077.0 per sec) @ chr2:135000000-140000000
ForkPoolWorker-33,  processing 0 (0.0 per sec) reads @ chrUn_KI270591v1:0-5796
ForkPoolWorker-33 countReadsInRegions_worker: processing 5796 (850601.3 per sec) @ chrUn_KI270591v1:0-5796
ForkPoolWorker-33,  processing 3023 (60168.6 per sec) reads @ chr17:5000000-10000000
ForkPoolWorker-33 countReadsInRegions_worker: processing 5000000 (10624214.8 per sec) @ chr17:5000000-10000000
ForkPoolWorker-33,  processing 65 (39811.6 per sec) reads @ chr8:50000000-55000000
ForkPoolWorker-33 countReadsInRegions_worker: processing 5000000 (11893889.5 per sec) @ chr8:50000000-55000000
ForkPoolWorker-33,  processing 0 (0.0 per sec) reads @ chrUn_KI270582v1:0-6504
ForkPoolWorker-33 countReadsInRegions_worker: processing 6504 (928293.2 per sec) @ chrUn_KI270582v1:0-6504
ForkPoolWorker-33,  processing 0 (0.0 per sec) reads @ chr15:5000000-10000000
ForkPoolWorker-33 countReadsInRegions_worker: processing 5000000 (12007507.4 per sec) @ chr15:5000000-10000000
ForkPoolWorker-39,  processing 126 (6290.9 per sec) reads @ chr14:55000000-60000000
ForkPoolWorker-39 countReadsInRegions_worker: processing 5000000 (9626653.4 per sec) @ chr14:55000000-60000000
ForkPoolWorker-39,  processing 20 (20929.7 per sec) reads @ chr2:90000000-95000000
ForkPoolWorker-39 countReadsInRegions_worker: processing 5000000 (11046520.0 per sec) @ chr2:90000000-95000000
ForkPoolWorker-39,  processing 85 (40013.0 per sec) reads @ chr4:50000000-55000000
ForkPoolWorker-39 countReadsInRegions_worker: processing 5000000 (11028662.5 per sec) @ chr4:50000000-55000000
ForkPoolWorker-39,  processing 57 (37060.2 per sec) reads @ chr14:15000000-20000000
ForkPoolWorker-39 countReadsInRegions_worker: processing 5000000 (11203674.7 per sec) @ chr14:15000000-20000000
ForkPoolWorker-39,  processing 627 (56944.9 per sec) reads @ chr7:95000000-100000000
ForkPoolWorker-39 countReadsInRegions_worker: processing 5000000 (11005679.3 per sec) @ chr7:95000000-100000000
ForkPoolWorker-39,  processing 69 (38951.1 per sec) reads @ chrX:35000000-40000000
ForkPoolWorker-39 countReadsInRegions_worker: processing 5000000 (11501150.6 per sec) @ chrX:35000000-40000000
ForkPoolWorker-39,  processing 0 (0.0 per sec) reads @ chrUn_KI270390v1:0-2387
ForkPoolWorker-39 countReadsInRegions_worker: processing 2387 (336995.6 per sec) @ chrUn_KI270390v1:0-2387
ForkPoolWorker-39,  processing 0 (0.0 per sec) reads @ chrUn_KI270584v1:0-4513
ForkPoolWorker-39 countReadsInRegions_worker: processing 4513 (685556.3 per sec) @ chrUn_KI270584v1:0-4513
ForkPoolWorker-39,  processing 0 (0.0 per sec) reads @ chrUn_KI270329v1:0-1040
ForkPoolWorker-39 countReadsInRegions_worker: processing 1040 (160784.2 per sec) @ chrUn_KI270329v1:0-1040
ForkPoolWorker-39,  processing 0 (0.0 per sec) reads @ chrUn_KI270362v1:0-3530
ForkPoolWorker-39 countReadsInRegions_worker: processing 3530 (530050.2 per sec) @ chrUn_KI270362v1:0-3530
ForkPoolWorker-39,  processing 0 (0.0 per sec) reads @ chr9_KI270719v1_random:0-176845
ForkPoolWorker-39 countReadsInRegions_worker: processing 176845 (8314184.9 per sec) @ chr9_KI270719v1_random:0-176845
ForkPoolWorker-39,  processing 0 (0.0 per sec) reads @ chr5:45000000-50000000
ForkPoolWorker-39 countReadsInRegions_worker: processing 5000000 (11530751.7 per sec) @ chr5:45000000-50000000
ForkPoolWorker-39,  processing 1 (2629.7 per sec) reads @ chrUn_GL000219v1:0-179198
ForkPoolWorker-39 countReadsInRegions_worker: processing 179198 (8851123.9 per sec) @ chrUn_GL000219v1:0-179198
ForkPoolWorker-39,  processing 36 (32563.1 per sec) reads @ chr13:85000000-90000000
ForkPoolWorker-39 countReadsInRegions_worker: processing 5000000 (11521312.9 per sec) @ chr13:85000000-90000000
ForkPoolWorker-39,  processing 0 (0.0 per sec) reads @ chrY:50000000-55000000
ForkPoolWorker-39 countReadsInRegions_worker: processing 5000000 (11768622.2 per sec) @ chrY:50000000-55000000
ForkPoolWorker-39,  processing 144 (44965.7 per sec) reads @ chr6:140000000-145000000
ForkPoolWorker-39 countReadsInRegions_worker: processing 5000000 (11612548.8 per sec) @ chr6:140000000-145000000
ForkPoolWorker-39,  processing 338 (52975.4 per sec) reads @ chr17:30000000-35000000
ForkPoolWorker-39 countReadsInRegions_worker: processing 5000000 (11531652.0 per sec) @ chr17:30000000-35000000
ForkPoolWorker-39,  processing 149 (45928.7 per sec) reads @ chr11:110000000-115000000
ForkPoolWorker-39 countReadsInRegions_worker: processing 5000000 (11801072.1 per sec) @ chr11:110000000-115000000
ForkPoolWorker-39,  processing 0 (0.0 per sec) reads @ chrUn_KI270393v1:0-1308
ForkPoolWorker-39 countReadsInRegions_worker: processing 1308 (184631.8 per sec) @ chrUn_KI270393v1:0-1308
ForkPoolWorker-39,  processing 1035 (57721.3 per sec) reads @ chr13:110000000-114364328
ForkPoolWorker-39 countReadsInRegions_worker: processing 4364328 (11556701.6 per sec) @ chr13:110000000-114364328
ForkPoolWorker-12,  processing 325 (19036.8 per sec) reads @ chr15:25000000-30000000
ForkPoolWorker-12 countReadsInRegions_worker: processing 5000000 (9978051.8 per sec) @ chr15:25000000-30000000
ForkPoolWorker-12,  processing 29 (25340.6 per sec) reads @ chr6:100000000-105000000
ForkPoolWorker-12 countReadsInRegions_worker: processing 5000000 (10936308.6 per sec) @ chr6:100000000-105000000
ForkPoolWorker-12,  processing 38 (33526.2 per sec) reads @ chr7:80000000-85000000
ForkPoolWorker-12 countReadsInRegions_worker: processing 5000000 (11119192.6 per sec) @ chr7:80000000-85000000
ForkPoolWorker-12,  processing 47 (33889.0 per sec) reads @ chr1:190000000-195000000
ForkPoolWorker-12 countReadsInRegions_worker: processing 5000000 (11296534.9 per sec) @ chr1:190000000-195000000
ForkPoolWorker-12,  processing 1206 (62144.7 per sec) reads @ chr6:50000000-55000000
ForkPoolWorker-12 countReadsInRegions_worker: processing 5000000 (11083527.9 per sec) @ chr6:50000000-55000000
ForkPoolWorker-12,  processing 153 (47726.4 per sec) reads @ chr7:20000000-25000000
ForkPoolWorker-12 countReadsInRegions_worker: processing 5000000 (11442489.4 per sec) @ chr7:20000000-25000000
ForkPoolWorker-12,  processing 0 (0.0 per sec) reads @ chrUn_KI270752v1:0-27745
ForkPoolWorker-12 countReadsInRegions_worker: processing 27745 (2887617.0 per sec) @ chrUn_KI270752v1:0-27745
ForkPoolWorker-12,  processing 656 (57603.0 per sec) reads @ chr7:70000000-75000000
ForkPoolWorker-12 countReadsInRegions_worker: processing 5000000 (11319454.8 per sec) @ chr7:70000000-75000000
ForkPoolWorker-12,  processing 61 (40786.3 per sec) reads @ chr8:75000000-80000000
ForkPoolWorker-12 countReadsInRegions_worker: processing 5000000 (11578479.0 per sec) @ chr8:75000000-80000000
ForkPoolWorker-12,  processing 0 (0.0 per sec) reads @ chrUn_KI270392v1:0-971
ForkPoolWorker-12 countReadsInRegions_worker: processing 971 (151332.8 per sec) @ chrUn_KI270392v1:0-971
ForkPoolWorker-12,  processing 477 (57410.1 per sec) reads @ chr11:55000000-60000000
ForkPoolWorker-12 countReadsInRegions_worker: processing 5000000 (11664933.1 per sec) @ chr11:55000000-60000000
ForkPoolWorker-12,  processing 13 (18242.2 per sec) reads @ chr12:35000000-40000000
ForkPoolWorker-12 countReadsInRegions_worker: processing 5000000 (11832392.8 per sec) @ chr12:35000000-40000000
ForkPoolWorker-12,  processing 0 (0.0 per sec) reads @ chr15:15000000-20000000
ForkPoolWorker-12 countReadsInRegions_worker: processing 5000000 (11960310.8 per sec) @ chr15:15000000-20000000
ForkPoolWorker-12,  processing 190 (50992.9 per sec) reads @ chr10:10000000-15000000
ForkPoolWorker-12 countReadsInRegions_worker: processing 5000000 (11818269.9 per sec) @ chr10:10000000-15000000
ForkPoolWorker-12,  processing 109 (44201.8 per sec) reads @ chr13:70000000-75000000
ForkPoolWorker-12 countReadsInRegions_worker: processing 5000000 (12100582.8 per sec) @ chr13:70000000-75000000
ForkPoolWorker-13,  processing 7 (1394.8 per sec) reads @ chr18:65000000-70000000
ForkPoolWorker-13 countReadsInRegions_worker: processing 5000000 (10114141.2 per sec) @ chr18:65000000-70000000
ForkPoolWorker-13,  processing 1208 (51683.8 per sec) reads @ chr3:10000000-15000000
ForkPoolWorker-13 countReadsInRegions_worker: processing 5000000 (10574016.0 per sec) @ chr3:10000000-15000000
ForkPoolWorker-13,  processing 0 (0.0 per sec) reads @ chr16:40000000-45000000
ForkPoolWorker-13 countReadsInRegions_worker: processing 5000000 (11192260.2 per sec) @ chr16:40000000-45000000
ForkPoolWorker-13,  processing 249 (52717.3 per sec) reads @ chr2:105000000-110000000
ForkPoolWorker-13 countReadsInRegions_worker: processing 5000000 (11233940.4 per sec) @ chr2:105000000-110000000
ForkPoolWorker-13,  processing 126 (45127.0 per sec) reads @ chr5:165000000-170000000
ForkPoolWorker-13 countReadsInRegions_worker: processing 5000000 (11510069.9 per sec) @ chr5:165000000-170000000
ForkPoolWorker-13,  processing 711 (54363.2 per sec) reads @ chr1:50000000-55000000
ForkPoolWorker-13 countReadsInRegions_worker: processing 5000000 (11159147.6 per sec) @ chr1:50000000-55000000
ForkPoolWorker-13,  processing 153 (49287.9 per sec) reads @ chr10:90000000-95000000
ForkPoolWorker-13 countReadsInRegions_worker: processing 5000000 (11584625.4 per sec) @ chr10:90000000-95000000
ForkPoolWorker-13,  processing 453 (56323.6 per sec) reads @ chr20:15000000-20000000
ForkPoolWorker-13 countReadsInRegions_worker: processing 5000000 (11338224.4 per sec) @ chr20:15000000-20000000
ForkPoolWorker-13,  processing 73 (42116.1 per sec) reads @ chr5:115000000-120000000
ForkPoolWorker-13 countReadsInRegions_worker: processing 5000000 (11727588.5 per sec) @ chr5:115000000-120000000
ForkPoolWorker-13,  processing 2371 (60125.8 per sec) reads @ chr19:40000000-45000000
ForkPoolWorker-13 countReadsInRegions_worker: processing 5000000 (10982912.5 per sec) @ chr19:40000000-45000000
ForkPoolWorker-13,  processing 2989 (59183.5 per sec) reads @ chr14:100000000-105000000
ForkPoolWorker-13 countReadsInRegions_worker: processing 5000000 (10661618.1 per sec) @ chr14:100000000-105000000
ForkPoolWorker-13,  processing 0 (0.0 per sec) reads @ chrUn_KI270384v1:0-1658
ForkPoolWorker-13 countReadsInRegions_worker: processing 1658 (261238.0 per sec) @ chrUn_KI270384v1:0-1658
ForkPoolWorker-13,  processing 0 (0.0 per sec) reads @ chrUn_KI270756v1:0-79590
ForkPoolWorker-13 countReadsInRegions_worker: processing 79590 (6305002.4 per sec) @ chrUn_KI270756v1:0-79590
ForkPoolWorker-13,  processing 227 (53642.9 per sec) reads @ chr3:150000000-155000000
ForkPoolWorker-13 countReadsInRegions_worker: processing 5000000 (11676415.8 per sec) @ chr3:150000000-155000000
ForkPoolWorker-13,  processing 59 (39050.6 per sec) reads @ chr1:185000000-190000000
ForkPoolWorker-13 countReadsInRegions_worker: processing 5000000 (11970940.7 per sec) @ chr1:185000000-190000000
ForkPoolWorker-20,  processing 277 (33526.4 per sec) reads @ chr3:30000000-35000000
ForkPoolWorker-20 countReadsInRegions_worker: processing 5000000 (10521744.4 per sec) @ chr3:30000000-35000000
ForkPoolWorker-20,  processing 576 (51488.0 per sec) reads @ chr1:110000000-115000000
ForkPoolWorker-20 countReadsInRegions_worker: processing 5000000 (11084453.5 per sec) @ chr1:110000000-115000000
ForkPoolWorker-20,  processing 5 (9637.6 per sec) reads @ chr21:20000000-25000000
ForkPoolWorker-20 countReadsInRegions_worker: processing 5000000 (11221581.5 per sec) @ chr21:20000000-25000000
ForkPoolWorker-20,  processing 13 (18873.6 per sec) reads @ chrY:10000000-15000000
ForkPoolWorker-20 countReadsInRegions_worker: processing 5000000 (11163662.2 per sec) @ chrY:10000000-15000000
ForkPoolWorker-20,  processing 1319 (54211.0 per sec) reads @ chr1:30000000-35000000
ForkPoolWorker-20 countReadsInRegions_worker: processing 5000000 (10710378.0 per sec) @ chr1:30000000-35000000
ForkPoolWorker-20,  processing 4993 (58138.1 per sec) reads @ chr1:0-5000000
ForkPoolWorker-20 countReadsInRegions_worker: processing 5000000 (9899870.8 per sec) @ chr1:0-5000000
ForkPoolWorker-20,  processing 306 (54033.5 per sec) reads @ chr17:65000000-70000000
ForkPoolWorker-20 countReadsInRegions_worker: processing 5000000 (11818010.2 per sec) @ chr17:65000000-70000000
ForkPoolWorker-20,  processing 965 (54193.6 per sec) reads @ chr11:115000000-120000000
ForkPoolWorker-20 countReadsInRegions_worker: processing 5000000 (11588607.2 per sec) @ chr11:115000000-120000000
ForkPoolWorker-20,  processing 1556 (55643.7 per sec) reads @ chr1:150000000-155000000
ForkPoolWorker-20 countReadsInRegions_worker: processing 5000000 (11279358.8 per sec) @ chr1:150000000-155000000
ForkPoolWorker-20,  processing 895 (57556.6 per sec) reads @ chr20:35000000-40000000
ForkPoolWorker-20 countReadsInRegions_worker: processing 5000000 (11583550.5 per sec) @ chr20:35000000-40000000
ForkPoolWorker-20,  processing 129 (47962.5 per sec) reads @ chrX:20000000-25000000
ForkPoolWorker-20 countReadsInRegions_worker: processing 5000000 (11806320.6 per sec) @ chrX:20000000-25000000
ForkPoolWorker-20,  processing 0 (0.0 per sec) reads @ chrUn_KI270411v1:0-2646
ForkPoolWorker-20 countReadsInRegions_worker: processing 2646 (365094.0 per sec) @ chrUn_KI270411v1:0-2646
ForkPoolWorker-20,  processing 0 (0.0 per sec) reads @ chrUn_KI270508v1:0-1951
ForkPoolWorker-20 countReadsInRegions_worker: processing 1951 (289769.4 per sec) @ chrUn_KI270508v1:0-1951
ForkPoolWorker-20,  processing 94 (42522.1 per sec) reads @ chr13:90000000-95000000
ForkPoolWorker-20 countReadsInRegions_worker: processing 5000000 (11894085.1 per sec) @ chr13:90000000-95000000
ForkPoolWorker-20,  processing 374 (53338.0 per sec) reads @ chr11:75000000-80000000
ForkPoolWorker-20 countReadsInRegions_worker: processing 5000000 (11949332.1 per sec) @ chr11:75000000-80000000
ForkPoolWorker-8,  processing 1772 (31381.5 per sec) reads @ chrX:115000000-120000000
ForkPoolWorker-8 countReadsInRegions_worker: processing 5000000 (9499007.8 per sec) @ chrX:115000000-120000000
ForkPoolWorker-8,  processing 136 (45612.1 per sec) reads @ chr18:0-5000000
ForkPoolWorker-8 countReadsInRegions_worker: processing 5000000 (10876199.2 per sec) @ chr18:0-5000000
ForkPoolWorker-8,  processing 0 (0.0 per sec) reads @ chrUn_KI270385v1:0-990
ForkPoolWorker-8 countReadsInRegions_worker: processing 990 (150879.7 per sec) @ chrUn_KI270385v1:0-990
ForkPoolWorker-8,  processing 136 (48423.2 per sec) reads @ chr7:130000000-135000000
ForkPoolWorker-8 countReadsInRegions_worker: processing 5000000 (11010001.2 per sec) @ chr7:130000000-135000000
ForkPoolWorker-8,  processing 88 (41706.1 per sec) reads @ chr2:225000000-230000000
ForkPoolWorker-8 countReadsInRegions_worker: processing 5000000 (11270084.6 per sec) @ chr2:225000000-230000000
ForkPoolWorker-8,  processing 5095 (65169.1 per sec) reads @ chr10:85000000-90000000
ForkPoolWorker-8 countReadsInRegions_worker: processing 5000000 (9779508.4 per sec) @ chr10:85000000-90000000
ForkPoolWorker-8,  processing 0 (0.0 per sec) reads @ chrUn_KI270335v1:0-1048
ForkPoolWorker-8 countReadsInRegions_worker: processing 1048 (129462.2 per sec) @ chrUn_KI270335v1:0-1048
ForkPoolWorker-8,  processing 0 (0.0 per sec) reads @ chrUn_KI270515v1:0-6361
ForkPoolWorker-8 countReadsInRegions_worker: processing 6361 (908377.9 per sec) @ chrUn_KI270515v1:0-6361
ForkPoolWorker-8,  processing 220 (49495.6 per sec) reads @ chr10:45000000-50000000
ForkPoolWorker-8 countReadsInRegions_worker: processing 5000000 (11470954.4 per sec) @ chr10:45000000-50000000
ForkPoolWorker-8,  processing 144 (48826.2 per sec) reads @ chr7:35000000-40000000
ForkPoolWorker-8 countReadsInRegions_worker: processing 5000000 (11469699.7 per sec) @ chr7:35000000-40000000
ForkPoolWorker-8,  processing 70 (41811.6 per sec) reads @ chr7:120000000-125000000
ForkPoolWorker-8 countReadsInRegions_worker: processing 5000000 (11449898.7 per sec) @ chr7:120000000-125000000
ForkPoolWorker-8,  processing 273 (52292.3 per sec) reads @ chr20:25000000-30000000
ForkPoolWorker-8 countReadsInRegions_worker: processing 5000000 (11460498.3 per sec) @ chr20:25000000-30000000
ForkPoolWorker-8,  processing 127 (48084.2 per sec) reads @ chr3:165000000-170000000
ForkPoolWorker-8 countReadsInRegions_worker: processing 5000000 (11680506.4 per sec) @ chr3:165000000-170000000
ForkPoolWorker-8,  processing 0 (0.0 per sec) reads @ chrUn_KI270429v1:0-1361
ForkPoolWorker-8 countReadsInRegions_worker: processing 1361 (199414.8 per sec) @ chrUn_KI270429v1:0-1361
ForkPoolWorker-8,  processing 72 (40014.6 per sec) reads @ chr3:155000000-160000000
ForkPoolWorker-8 countReadsInRegions_worker: processing 5000000 (11753254.5 per sec) @ chr3:155000000-160000000
ForkPoolWorker-8,  processing 81 (39805.3 per sec) reads @ chr9:0-5000000
ForkPoolWorker-8 countReadsInRegions_worker: processing 5000000 (11799226.3 per sec) @ chr9:0-5000000
ForkPoolWorker-8,  processing 834 (58866.9 per sec) reads @ chr7:145000000-150000000
ForkPoolWorker-8 countReadsInRegions_worker: processing 5000000 (11691465.8 per sec) @ chr7:145000000-150000000
ForkPoolWorker-8,  processing 1 (2606.8 per sec) reads @ chrUn_KI270744v1:0-168472
ForkPoolWorker-8 countReadsInRegions_worker: processing 168472 (8053599.1 per sec) @ chrUn_KI270744v1:0-168472
ForkPoolWorker-8,  processing 0 (0.0 per sec) reads @ chrUn_KI270522v1:0-5674
ForkPoolWorker-8 countReadsInRegions_worker: processing 5674 (833864.1 per sec) @ chrUn_KI270522v1:0-5674
ForkPoolWorker-8,  processing 506 (56336.7 per sec) reads @ chr10:115000000-120000000
ForkPoolWorker-8 countReadsInRegions_worker: processing 5000000 (11964002.2 per sec) @ chr10:115000000-120000000
ForkPoolWorker-30,  processing 87 (10099.2 per sec) reads @ chr18:25000000-30000000
ForkPoolWorker-30 countReadsInRegions_worker: processing 5000000 (9983129.4 per sec) @ chr18:25000000-30000000
ForkPoolWorker-30,  processing 46 (32503.0 per sec) reads @ chr13:100000000-105000000
ForkPoolWorker-30 countReadsInRegions_worker: processing 5000000 (11098755.4 per sec) @ chr13:100000000-105000000
ForkPoolWorker-30,  processing 853 (57113.2 per sec) reads @ chr10:75000000-80000000
ForkPoolWorker-30 countReadsInRegions_worker: processing 5000000 (10997432.0 per sec) @ chr10:75000000-80000000
ForkPoolWorker-30,  processing 501 (59091.3 per sec) reads @ chr7:140000000-145000000
ForkPoolWorker-30 countReadsInRegions_worker: processing 5000000 (11399107.8 per sec) @ chr7:140000000-145000000
ForkPoolWorker-30,  processing 0 (0.0 per sec) reads @ chrUn_KI270521v1:0-7642
ForkPoolWorker-30 countReadsInRegions_worker: processing 7642 (1111904.5 per sec) @ chrUn_KI270521v1:0-7642
ForkPoolWorker-30,  processing 168 (48991.4 per sec) reads @ chr1:175000000-180000000
ForkPoolWorker-30 countReadsInRegions_worker: processing 5000000 (11672120.1 per sec) @ chr1:175000000-180000000
ForkPoolWorker-30,  processing 0 (0.0 per sec) reads @ chrUn_KI270316v1:0-1444
ForkPoolWorker-30 countReadsInRegions_worker: processing 1444 (209642.6 per sec) @ chrUn_KI270316v1:0-1444
ForkPoolWorker-30,  processing 0 (0.0 per sec) reads @ chrUn_KI270516v1:0-1300
ForkPoolWorker-30 countReadsInRegions_worker: processing 1300 (208217.6 per sec) @ chrUn_KI270516v1:0-1300
ForkPoolWorker-30,  processing 66 (40365.1 per sec) reads @ chr12:90000000-95000000
ForkPoolWorker-30 countReadsInRegions_worker: processing 5000000 (11701642.6 per sec) @ chr12:90000000-95000000
ForkPoolWorker-30,  processing 41 (29746.8 per sec) reads @ chr7:110000000-115000000
ForkPoolWorker-30 countReadsInRegions_worker: processing 5000000 (11672438.5 per sec) @ chr7:110000000-115000000
ForkPoolWorker-30,  processing 88 (44437.6 per sec) reads @ chr12:70000000-75000000
ForkPoolWorker-30 countReadsInRegions_worker: processing 5000000 (11807849.5 per sec) @ chr12:70000000-75000000
ForkPoolWorker-30,  processing 0 (0.0 per sec) reads @ chrUn_GL000213v1:0-164239
ForkPoolWorker-30 countReadsInRegions_worker: processing 164239 (8155279.4 per sec) @ chrUn_GL000213v1:0-164239
ForkPoolWorker-30,  processing 1321 (57611.0 per sec) reads @ chr17:35000000-40000000
ForkPoolWorker-30 countReadsInRegions_worker: processing 5000000 (11312841.9 per sec) @ chr17:35000000-40000000
ForkPoolWorker-30,  processing 58 (37460.7 per sec) reads @ chrX:75000000-80000000
ForkPoolWorker-30 countReadsInRegions_worker: processing 5000000 (11906659.0 per sec) @ chrX:75000000-80000000
ForkPoolWorker-30,  processing 0 (0.0 per sec) reads @ chr22_KI270737v1_random:0-103838
ForkPoolWorker-30 countReadsInRegions_worker: processing 103838 (6967001.1 per sec) @ chr22_KI270737v1_random:0-103838
ForkPoolWorker-30,  processing 0 (0.0 per sec) reads @ chr13:10000000-15000000
ForkPoolWorker-30 countReadsInRegions_worker: processing 5000000 (11896298.1 per sec) @ chr13:10000000-15000000
ForkPoolWorker-30,  processing 1163 (58464.4 per sec) reads @ chr17:25000000-30000000
ForkPoolWorker-30 countReadsInRegions_worker: processing 5000000 (11377395.1 per sec) @ chr17:25000000-30000000
ForkPoolWorker-30,  processing 539 (56922.4 per sec) reads @ chr13:95000000-100000000
ForkPoolWorker-30 countReadsInRegions_worker: processing 5000000 (11782183.1 per sec) @ chr13:95000000-100000000
ForkPoolWorker-30,  processing 0 (0.0 per sec) reads @ chrY:30000000-35000000
ForkPoolWorker-30 countReadsInRegions_worker: processing 5000000 (12109694.2 per sec) @ chrY:30000000-35000000
ForkPoolWorker-30,  processing 0 (0.0 per sec) reads @ chrUn_KI270518v1:0-2186
ForkPoolWorker-30 countReadsInRegions_worker: processing 2186 (301593.6 per sec) @ chrUn_KI270518v1:0-2186
ForkPoolWorker-48,  processing 131 (22850.1 per sec) reads @ chr2:55000000-60000000
ForkPoolWorker-48 countReadsInRegions_worker: processing 5000000 (10842959.6 per sec) @ chr2:55000000-60000000
ForkPoolWorker-48,  processing 1058 (63533.7 per sec) reads @ chr21:15000000-20000000
ForkPoolWorker-48 countReadsInRegions_worker: processing 5000000 (10931588.4 per sec) @ chr21:15000000-20000000
ForkPoolWorker-48,  processing 160 (49236.1 per sec) reads @ chr8:130000000-135000000
ForkPoolWorker-48 countReadsInRegions_worker: processing 5000000 (11257259.4 per sec) @ chr8:130000000-135000000
ForkPoolWorker-48,  processing 470 (55691.8 per sec) reads @ chr1:205000000-210000000
ForkPoolWorker-48 countReadsInRegions_worker: processing 5000000 (11057230.9 per sec) @ chr1:205000000-210000000
ForkPoolWorker-48,  processing 330 (54377.3 per sec) reads @ chr2:175000000-180000000
ForkPoolWorker-48 countReadsInRegions_worker: processing 5000000 (11245795.9 per sec) @ chr2:175000000-180000000
ForkPoolWorker-48,  processing 59 (41244.0 per sec) reads @ chr18:80000000-80373285
ForkPoolWorker-48 countReadsInRegions_worker: processing 373285 (9469630.1 per sec) @ chr18:80000000-80373285
ForkPoolWorker-48,  processing 2 (4213.3 per sec) reads @ chrY:5000000-10000000
ForkPoolWorker-48 countReadsInRegions_worker: processing 5000000 (11812052.7 per sec) @ chrY:5000000-10000000
ForkPoolWorker-48,  processing 295 (51224.2 per sec) reads @ chr2:0-5000000
ForkPoolWorker-48 countReadsInRegions_worker: processing 5000000 (11801424.1 per sec) @ chr2:0-5000000
ForkPoolWorker-48,  processing 367 (55544.7 per sec) reads @ chr11:120000000-125000000
ForkPoolWorker-48 countReadsInRegions_worker: processing 5000000 (11712491.2 per sec) @ chr11:120000000-125000000
ForkPoolWorker-48,  processing 0 (0.0 per sec) reads @ chrUn_KI270374v1:0-2656
ForkPoolWorker-48 countReadsInRegions_worker: processing 2656 (389485.8 per sec) @ chrUn_KI270374v1:0-2656
ForkPoolWorker-48,  processing 31 (31255.6 per sec) reads @ chr6:60000000-65000000
ForkPoolWorker-48 countReadsInRegions_worker: processing 5000000 (11785732.1 per sec) @ chr6:60000000-65000000
ForkPoolWorker-48,  processing 30 (28643.1 per sec) reads @ chr2:75000000-80000000
ForkPoolWorker-48 countReadsInRegions_worker: processing 5000000 (11924647.6 per sec) @ chr2:75000000-80000000
ForkPoolWorker-48,  processing 244 (52236.1 per sec) reads @ chr8:40000000-45000000
ForkPoolWorker-48 countReadsInRegions_worker: processing 5000000 (11832326.0 per sec) @ chr8:40000000-45000000
ForkPoolWorker-48,  processing 124 (47067.3 per sec) reads @ chr12:20000000-25000000
ForkPoolWorker-48 countReadsInRegions_worker: processing 5000000 (11879538.8 per sec) @ chr12:20000000-25000000
ForkPoolWorker-48,  processing 191 (58556.5 per sec) reads @ chr3:85000000-90000000
ForkPoolWorker-48 countReadsInRegions_worker: processing 5000000 (11823320.4 per sec) @ chr3:85000000-90000000
ForkPoolWorker-47,  processing 263 (44951.2 per sec) reads @ chr3:130000000-135000000
ForkPoolWorker-47 countReadsInRegions_worker: processing 5000000 (10964411.4 per sec) @ chr3:130000000-135000000
ForkPoolWorker-47,  processing 1 (2272.1 per sec) reads @ chrY:0-5000000
ForkPoolWorker-47 countReadsInRegions_worker: processing 5000000 (11360353.9 per sec) @ chrY:0-5000000
ForkPoolWorker-47,  processing 0 (0.0 per sec) reads @ chrUn_KI270422v1:0-1445
ForkPoolWorker-47 countReadsInRegions_worker: processing 1445 (214366.0 per sec) @ chrUn_KI270422v1:0-1445
ForkPoolWorker-47,  processing 439 (57402.5 per sec) reads @ chrX:130000000-135000000
ForkPoolWorker-47 countReadsInRegions_worker: processing 5000000 (11120820.0 per sec) @ chrX:130000000-135000000
ForkPoolWorker-47,  processing 125 (51160.0 per sec) reads @ chr12:15000000-20000000
ForkPoolWorker-47 countReadsInRegions_worker: processing 5000000 (11259018.1 per sec) @ chr12:15000000-20000000
ForkPoolWorker-47,  processing 8 (14659.0 per sec) reads @ chrUn_GL000218v1:0-161147
ForkPoolWorker-47 countReadsInRegions_worker: processing 161147 (8031411.6 per sec) @ chrUn_GL000218v1:0-161147
ForkPoolWorker-47,  processing 139 (48434.7 per sec) reads @ chr6:125000000-130000000
ForkPoolWorker-47 countReadsInRegions_worker: processing 5000000 (11345014.4 per sec) @ chr6:125000000-130000000
ForkPoolWorker-47,  processing 54 (37239.8 per sec) reads @ chr11:100000000-105000000
ForkPoolWorker-47 countReadsInRegions_worker: processing 5000000 (11646891.0 per sec) @ chr11:100000000-105000000
ForkPoolWorker-47,  processing 274 (52321.4 per sec) reads @ chr15:100000000-101991189
ForkPoolWorker-47 countReadsInRegions_worker: processing 1991189 (11329005.2 per sec) @ chr15:100000000-101991189
ForkPoolWorker-47,  processing 0 (0.0 per sec) reads @ chr9:45000000-50000000
ForkPoolWorker-47 countReadsInRegions_worker: processing 5000000 (12079269.3 per sec) @ chr9:45000000-50000000
ForkPoolWorker-47,  processing 0 (0.0 per sec) reads @ chrUn_KI270340v1:0-1428
ForkPoolWorker-47 countReadsInRegions_worker: processing 1428 (145350.7 per sec) @ chrUn_KI270340v1:0-1428
ForkPoolWorker-47,  processing 0 (0.0 per sec) reads @ chrUn_KI270755v1:0-36723
ForkPoolWorker-47 countReadsInRegions_worker: processing 36723 (3934892.3 per sec) @ chrUn_KI270755v1:0-36723
ForkPoolWorker-47,  processing 125 (47186.4 per sec) reads @ chr3:65000000-70000000
ForkPoolWorker-47 countReadsInRegions_worker: processing 5000000 (11953841.1 per sec) @ chr3:65000000-70000000
ForkPoolWorker-47,  processing 1823 (56018.7 per sec) reads @ chr3:125000000-130000000
ForkPoolWorker-47 countReadsInRegions_worker: processing 5000000 (11124630.9 per sec) @ chr3:125000000-130000000
ForkPoolWorker-47,  processing 5 (10043.8 per sec) reads @ chrUn_KI270442v1:0-392061
ForkPoolWorker-47 countReadsInRegions_worker: processing 392061 (9871138.1 per sec) @ chrUn_KI270442v1:0-392061
ForkPoolWorker-47,  processing 35 (28886.4 per sec) reads @ chr2:185000000-190000000
ForkPoolWorker-47 countReadsInRegions_worker: processing 5000000 (12090083.9 per sec) @ chr2:185000000-190000000
ForkPoolWorker-47,  processing 200 (52356.8 per sec) reads @ chr2:40000000-45000000
ForkPoolWorker-47 countReadsInRegions_worker: processing 5000000 (11854927.0 per sec) @ chr2:40000000-45000000
ForkPoolWorker-47,  processing 0 (0.0 per sec) reads @ chrUn_KI270396v1:0-1880
ForkPoolWorker-47 countReadsInRegions_worker: processing 1880 (272028.5 per sec) @ chrUn_KI270396v1:0-1880
ForkPoolWorker-47,  processing 147 (49507.2 per sec) reads @ chr2:110000000-115000000
ForkPoolWorker-47 countReadsInRegions_worker: processing 5000000 (11998899.2 per sec) @ chr2:110000000-115000000
ForkPoolWorker-47,  processing 2321 (59863.4 per sec) reads @ chr12:130000000-133275309
ForkPoolWorker-47 countReadsInRegions_worker: processing 3275309 (10679012.3 per sec) @ chr12:130000000-133275309
ForkPoolWorker-26,  processing 2032 (31558.0 per sec) reads @ chr22:20000000-25000000
ForkPoolWorker-26 countReadsInRegions_worker: processing 5000000 (9587125.2 per sec) @ chr22:20000000-25000000
ForkPoolWorker-26,  processing 474 (54916.9 per sec) reads @ chr13:75000000-80000000
ForkPoolWorker-26 countReadsInRegions_worker: processing 5000000 (11119593.5 per sec) @ chr13:75000000-80000000
ForkPoolWorker-26,  processing 148 (47538.4 per sec) reads @ chr9:105000000-110000000
ForkPoolWorker-26 countReadsInRegions_worker: processing 5000000 (11472466.7 per sec) @ chr9:105000000-110000000
ForkPoolWorker-26,  processing 0 (0.0 per sec) reads @ chr1:130000000-135000000
ForkPoolWorker-26 countReadsInRegions_worker: processing 5000000 (11473797.4 per sec) @ chr1:130000000-135000000
ForkPoolWorker-26,  processing 219 (51699.9 per sec) reads @ chr6:115000000-120000000
ForkPoolWorker-26 countReadsInRegions_worker: processing 5000000 (11519958.5 per sec) @ chr6:115000000-120000000
ForkPoolWorker-26,  processing 318 (55138.0 per sec) reads @ chrX:110000000-115000000
ForkPoolWorker-26 countReadsInRegions_worker: processing 5000000 (11471362.2 per sec) @ chrX:110000000-115000000
ForkPoolWorker-26,  processing 135 (46753.5 per sec) reads @ chr11:90000000-95000000
ForkPoolWorker-26 countReadsInRegions_worker: processing 5000000 (11557345.5 per sec) @ chr11:90000000-95000000
ForkPoolWorker-26,  processing 50 (36902.2 per sec) reads @ chr2:145000000-150000000
ForkPoolWorker-26 countReadsInRegions_worker: processing 5000000 (11545237.6 per sec) @ chr2:145000000-150000000
ForkPoolWorker-26,  processing 5080 (59485.2 per sec) reads @ chr19:45000000-50000000
ForkPoolWorker-26 countReadsInRegions_worker: processing 5000000 (9856051.9 per sec) @ chr19:45000000-50000000
ForkPoolWorker-26,  processing 65 (39283.8 per sec) reads @ chr11:85000000-90000000
ForkPoolWorker-26 countReadsInRegions_worker: processing 5000000 (11896473.6 per sec) @ chr11:85000000-90000000
ForkPoolWorker-26,  processing 266 (52564.7 per sec) reads @ chr18:45000000-50000000
ForkPoolWorker-26 countReadsInRegions_worker: processing 5000000 (11667886.0 per sec) @ chr18:45000000-50000000
ForkPoolWorker-26,  processing 87 (40986.7 per sec) reads @ chr5:80000000-85000000
ForkPoolWorker-26 countReadsInRegions_worker: processing 5000000 (11929260.1 per sec) @ chr5:80000000-85000000
ForkPoolWorker-26,  processing 1632 (58168.1 per sec) reads @ chr17:15000000-20000000
ForkPoolWorker-26 countReadsInRegions_worker: processing 5000000 (11276520.4 per sec) @ chr17:15000000-20000000
ForkPoolWorker-26,  processing 275 (53026.6 per sec) reads @ chr2:120000000-125000000
ForkPoolWorker-26 countReadsInRegions_worker: processing 5000000 (11869903.5 per sec) @ chr2:120000000-125000000
ForkPoolWorker-26,  processing 225 (49724.3 per sec) reads @ chr3:120000000-125000000
ForkPoolWorker-26 countReadsInRegions_worker: processing 5000000 (11306261.0 per sec) @ chr3:120000000-125000000
ForkPoolWorker-25,  processing 455 (45201.5 per sec) reads @ chr3:40000000-45000000
ForkPoolWorker-25 countReadsInRegions_worker: processing 5000000 (10327699.7 per sec) @ chr3:40000000-45000000
ForkPoolWorker-25,  processing 161 (47035.1 per sec) reads @ chr2:35000000-40000000
ForkPoolWorker-25 countReadsInRegions_worker: processing 5000000 (10830701.6 per sec) @ chr2:35000000-40000000
ForkPoolWorker-25,  processing 38 (33491.0 per sec) reads @ chr7:115000000-120000000
ForkPoolWorker-25 countReadsInRegions_worker: processing 5000000 (11355088.5 per sec) @ chr7:115000000-120000000
ForkPoolWorker-25,  processing 91 (42442.1 per sec) reads @ chr8:90000000-95000000
ForkPoolWorker-25 countReadsInRegions_worker: processing 5000000 (11682998.7 per sec) @ chr8:90000000-95000000
ForkPoolWorker-25,  processing 0 (0.0 per sec) reads @ chrUn_KI270757v1:0-71251
ForkPoolWorker-25 countReadsInRegions_worker: processing 71251 (4779203.2 per sec) @ chrUn_KI270757v1:0-71251
ForkPoolWorker-25,  processing 800 (54790.8 per sec) reads @ chr22:25000000-30000000
ForkPoolWorker-25 countReadsInRegions_worker: processing 5000000 (11497978.8 per sec) @ chr22:25000000-30000000
ForkPoolWorker-25,  processing 1634 (55533.9 per sec) reads @ chr11:70000000-75000000
ForkPoolWorker-25 countReadsInRegions_worker: processing 5000000 (11000991.4 per sec) @ chr11:70000000-75000000
ForkPoolWorker-25,  processing 645 (55933.3 per sec) reads @ chr6:155000000-160000000
ForkPoolWorker-25 countReadsInRegions_worker: processing 5000000 (11467372.8 per sec) @ chr6:155000000-160000000
ForkPoolWorker-25,  processing 0 (0.0 per sec) reads @ chrY:40000000-45000000
ForkPoolWorker-25 countReadsInRegions_worker: processing 5000000 (11885160.4 per sec) @ chrY:40000000-45000000
ForkPoolWorker-25,  processing 1069 (56511.9 per sec) reads @ chr2:70000000-75000000
ForkPoolWorker-25 countReadsInRegions_worker: processing 5000000 (11224356.3 per sec) @ chr2:70000000-75000000
ForkPoolWorker-25,  processing 58 (36937.4 per sec) reads @ chr4:185000000-190000000
ForkPoolWorker-25 countReadsInRegions_worker: processing 5000000 (11832065.7 per sec) @ chr4:185000000-190000000
ForkPoolWorker-25,  processing 0 (0.0 per sec) reads @ chrUn_KI270587v1:0-2969
ForkPoolWorker-25 countReadsInRegions_worker: processing 2969 (459312.8 per sec) @ chrUn_KI270587v1:0-2969
ForkPoolWorker-25,  processing 261 (51142.9 per sec) reads @ chr2:45000000-50000000
ForkPoolWorker-25 countReadsInRegions_worker: processing 5000000 (11784818.2 per sec) @ chr2:45000000-50000000
ForkPoolWorker-25,  processing 2465 (54393.2 per sec) reads @ chr9:125000000-130000000
ForkPoolWorker-25 countReadsInRegions_worker: processing 5000000 (10692646.7 per sec) @ chr9:125000000-130000000
ForkPoolWorker-25,  processing 2718 (59592.3 per sec) reads @ chr19:35000000-40000000
ForkPoolWorker-25 countReadsInRegions_worker: processing 5000000 (10710640.6 per sec) @ chr19:35000000-40000000
ForkPoolWorker-18,  processing 0 (0.0 per sec) reads @ chrUn_KI270371v1:0-2805
ForkPoolWorker-18 countReadsInRegions_worker: processing 2805 (232102.1 per sec) @ chrUn_KI270371v1:0-2805
ForkPoolWorker-18,  processing 2569 (45107.8 per sec) reads @ chr21:45000000-46709983
ForkPoolWorker-18 countReadsInRegions_worker: processing 1709983 (8375232.0 per sec) @ chr21:45000000-46709983
ForkPoolWorker-18,  processing 286 (52940.2 per sec) reads @ chr11:130000000-135000000
ForkPoolWorker-18 countReadsInRegions_worker: processing 5000000 (12247237.3 per sec) @ chr11:130000000-135000000
ForkPoolWorker-18,  processing 175 (46763.7 per sec) reads @ chr2:200000000-205000000
ForkPoolWorker-18 countReadsInRegions_worker: processing 5000000 (12308443.6 per sec) @ chr2:200000000-205000000
ForkPoolWorker-18,  processing 810 (58120.7 per sec) reads @ chr12:0-5000000
ForkPoolWorker-18 countReadsInRegions_worker: processing 5000000 (11820554.8 per sec) @ chr12:0-5000000
ForkPoolWorker-18,  processing 641 (57525.1 per sec) reads @ chrX:70000000-75000000
ForkPoolWorker-18 countReadsInRegions_worker: processing 5000000 (11831958.9 per sec) @ chrX:70000000-75000000
ForkPoolWorker-18,  processing 385 (56515.1 per sec) reads @ chr8:100000000-105000000
ForkPoolWorker-18 countReadsInRegions_worker: processing 5000000 (12062740.1 per sec) @ chr8:100000000-105000000
ForkPoolWorker-18,  processing 234 (53439.4 per sec) reads @ chr2:50000000-55000000
ForkPoolWorker-18 countReadsInRegions_worker: processing 5000000 (11972533.1 per sec) @ chr2:50000000-55000000
ForkPoolWorker-18,  processing 180 (49889.3 per sec) reads @ chr12:65000000-70000000
ForkPoolWorker-18 countReadsInRegions_worker: processing 5000000 (12022052.0 per sec) @ chr12:65000000-70000000
ForkPoolWorker-18,  processing 72 (39903.5 per sec) reads @ chr11:105000000-110000000
ForkPoolWorker-18 countReadsInRegions_worker: processing 5000000 (11863437.2 per sec) @ chr11:105000000-110000000
ForkPoolWorker-18,  processing 661 (55985.0 per sec) reads @ chr7:40000000-45000000
ForkPoolWorker-18 countReadsInRegions_worker: processing 5000000 (11708953.4 per sec) @ chr7:40000000-45000000
ForkPoolWorker-18,  processing 56 (33435.0 per sec) reads @ chr2:15000000-20000000
ForkPoolWorker-18 countReadsInRegions_worker: processing 5000000 (11867975.7 per sec) @ chr2:15000000-20000000
ForkPoolWorker-18,  processing 3408 (58490.9 per sec) reads @ chr12:120000000-125000000
ForkPoolWorker-18 countReadsInRegions_worker: processing 5000000 (10469610.6 per sec) @ chr12:120000000-125000000
ForkPoolWorker-18,  processing 100 (41165.0 per sec) reads @ chr14:35000000-40000000
ForkPoolWorker-18 countReadsInRegions_worker: processing 5000000 (11901354.7 per sec) @ chr14:35000000-40000000
ForkPoolWorker-18,  processing 82 (42117.7 per sec) reads @ chr10:30000000-35000000
ForkPoolWorker-18 countReadsInRegions_worker: processing 5000000 (12221977.5 per sec) @ chr10:30000000-35000000
ForkPoolWorker-7,  processing 0 (0.0 per sec) reads @ chrUn_KI270372v1:0-1650
ForkPoolWorker-7 countReadsInRegions_worker: processing 1650 (81506.1 per sec) @ chrUn_KI270372v1:0-1650
ForkPoolWorker-7,  processing 2128 (41352.9 per sec) reads @ chr7:5000000-10000000
ForkPoolWorker-7 countReadsInRegions_worker: processing 5000000 (9964085.3 per sec) @ chr7:5000000-10000000
ForkPoolWorker-7,  processing 245 (53048.6 per sec) reads @ chr6:75000000-80000000
ForkPoolWorker-7 countReadsInRegions_worker: processing 5000000 (11516080.7 per sec) @ chr6:75000000-80000000
ForkPoolWorker-7,  processing 3 (5957.8 per sec) reads @ chr4:190000000-190214555
ForkPoolWorker-7 countReadsInRegions_worker: processing 214555 (8351357.6 per sec) @ chr4:190000000-190214555
ForkPoolWorker-7,  processing 0 (0.0 per sec) reads @ chrUn_KI270376v1:0-1136
ForkPoolWorker-7 countReadsInRegions_worker: processing 1136 (159729.4 per sec) @ chrUn_KI270376v1:0-1136
ForkPoolWorker-7,  processing 73 (40345.8 per sec) reads @ chr5:105000000-110000000
ForkPoolWorker-7 countReadsInRegions_worker: processing 5000000 (11485108.0 per sec) @ chr5:105000000-110000000
ForkPoolWorker-7,  processing 17 (22116.4 per sec) reads @ chr9:60000000-65000000
ForkPoolWorker-7 countReadsInRegions_worker: processing 5000000 (11787328.6 per sec) @ chr9:60000000-65000000
ForkPoolWorker-7,  processing 10 (16584.8 per sec) reads @ chrUn_GL000220v1:0-161802
ForkPoolWorker-7 countReadsInRegions_worker: processing 161802 (8111865.5 per sec) @ chrUn_GL000220v1:0-161802
ForkPoolWorker-7,  processing 61 (37296.3 per sec) reads @ chr5:35000000-40000000
ForkPoolWorker-7 countReadsInRegions_worker: processing 5000000 (11707704.9 per sec) @ chr5:35000000-40000000
ForkPoolWorker-7,  processing 130 (44384.2 per sec) reads @ chr3:185000000-190000000
ForkPoolWorker-7 countReadsInRegions_worker: processing 5000000 (11760095.7 per sec) @ chr3:185000000-190000000
ForkPoolWorker-7,  processing 45 (33812.9 per sec) reads @ chr5:160000000-165000000
ForkPoolWorker-7 countReadsInRegions_worker: processing 5000000 (11709829.5 per sec) @ chr5:160000000-165000000
ForkPoolWorker-7,  processing 238 (48713.9 per sec) reads @ chr11:10000000-15000000
ForkPoolWorker-7 countReadsInRegions_worker: processing 5000000 (11715128.0 per sec) @ chr11:10000000-15000000
ForkPoolWorker-7,  processing 0 (0.0 per sec) reads @ chr13:5000000-10000000
ForkPoolWorker-7 countReadsInRegions_worker: processing 5000000 (11776698.1 per sec) @ chr13:5000000-10000000
ForkPoolWorker-7,  processing 0 (0.0 per sec) reads @ chr1_KI270710v1_random:0-40176
ForkPoolWorker-7 countReadsInRegions_worker: processing 40176 (4449705.8 per sec) @ chr1_KI270710v1_random:0-40176
ForkPoolWorker-7,  processing 150 (46905.7 per sec) reads @ chr8:60000000-65000000
ForkPoolWorker-7 countReadsInRegions_worker: processing 5000000 (11798681.9 per sec) @ chr8:60000000-65000000
ForkPoolWorker-7,  processing 133 (49603.6 per sec) reads @ chr4:55000000-60000000
ForkPoolWorker-7 countReadsInRegions_worker: processing 5000000 (11876894.7 per sec) @ chr4:55000000-60000000
ForkPoolWorker-7,  processing 160 (49254.2 per sec) reads @ chr3:75000000-80000000
ForkPoolWorker-7 countReadsInRegions_worker: processing 5000000 (11748790.2 per sec) @ chr3:75000000-80000000
ForkPoolWorker-7,  processing 489 (55908.8 per sec) reads @ chr18:75000000-80000000
ForkPoolWorker-7 countReadsInRegions_worker: processing 5000000 (11708495.8 per sec) @ chr18:75000000-80000000
ForkPoolWorker-7,  processing 324 (53405.4 per sec) reads @ chr2:125000000-130000000
ForkPoolWorker-7 countReadsInRegions_worker: processing 5000000 (12011090.4 per sec) @ chr2:125000000-130000000
ForkPoolWorker-7,  processing 484 (55893.3 per sec) reads @ chr21:30000000-35000000
ForkPoolWorker-7 countReadsInRegions_worker: processing 5000000 (11856716.6 per sec) @ chr21:30000000-35000000
ForkPoolWorker-34,  processing 452 (18509.9 per sec) reads @ chr9:95000000-100000000
ForkPoolWorker-34 countReadsInRegions_worker: processing 5000000 (9922405.5 per sec) @ chr9:95000000-100000000
ForkPoolWorker-34,  processing 567 (53373.7 per sec) reads @ chr20:45000000-50000000
ForkPoolWorker-34 countReadsInRegions_worker: processing 5000000 (10894607.4 per sec) @ chr20:45000000-50000000
ForkPoolWorker-34,  processing 124 (46478.4 per sec) reads @ chr6:130000000-135000000
ForkPoolWorker-34 countReadsInRegions_worker: processing 5000000 (11409210.1 per sec) @ chr6:130000000-135000000
ForkPoolWorker-34,  processing 0 (0.0 per sec) reads @ chrUn_KI270338v1:0-1428
ForkPoolWorker-34 countReadsInRegions_worker: processing 1428 (224905.8 per sec) @ chrUn_KI270338v1:0-1428
ForkPoolWorker-34,  processing 9 (16412.5 per sec) reads @ chr11_KI270721v1_random:0-100316
ForkPoolWorker-34 countReadsInRegions_worker: processing 100316 (6755656.5 per sec) @ chr11_KI270721v1_random:0-100316
ForkPoolWorker-34,  processing 929 (48323.4 per sec) reads @ chr1:10000000-15000000
ForkPoolWorker-34 countReadsInRegions_worker: processing 5000000 (11279401.2 per sec) @ chr1:10000000-15000000
ForkPoolWorker-34,  processing 1 (2372.3 per sec) reads @ chr14_KI270724v1_random:0-39555
ForkPoolWorker-34 countReadsInRegions_worker: processing 39555 (3132778.7 per sec) @ chr14_KI270724v1_random:0-39555
ForkPoolWorker-34,  processing 359 (51703.3 per sec) reads @ chr10:0-5000000
ForkPoolWorker-34 countReadsInRegions_worker: processing 5000000 (11640135.5 per sec) @ chr10:0-5000000
ForkPoolWorker-34,  processing 64 (39774.1 per sec) reads @ chr7:15000000-20000000
ForkPoolWorker-34 countReadsInRegions_worker: processing 5000000 (11868204.0 per sec) @ chr7:15000000-20000000
ForkPoolWorker-34,  processing 0 (0.0 per sec) reads @ chrUn_KI270750v1:0-148850
ForkPoolWorker-34 countReadsInRegions_worker: processing 148850 (7970205.7 per sec) @ chrUn_KI270750v1:0-148850
ForkPoolWorker-34,  processing 209 (51858.1 per sec) reads @ chr7:50000000-55000000
ForkPoolWorker-34 countReadsInRegions_worker: processing 5000000 (11764819.4 per sec) @ chr7:50000000-55000000
ForkPoolWorker-34,  processing 17 (19513.7 per sec) reads @ chr10:105000000-110000000
ForkPoolWorker-34 countReadsInRegions_worker: processing 5000000 (11789601.5 per sec) @ chr10:105000000-110000000
ForkPoolWorker-34,  processing 1717 (54548.6 per sec) reads @ chr1:155000000-160000000
ForkPoolWorker-34 countReadsInRegions_worker: processing 5000000 (11142303.5 per sec) @ chr1:155000000-160000000
ForkPoolWorker-34,  processing 202 (48625.4 per sec) reads @ chr13:40000000-45000000
ForkPoolWorker-34 countReadsInRegions_worker: processing 5000000 (11743145.6 per sec) @ chr13:40000000-45000000
ForkPoolWorker-34,  processing 350 (53271.6 per sec) reads @ chr11:15000000-20000000
ForkPoolWorker-34 countReadsInRegions_worker: processing 5000000 (11681814.2 per sec) @ chr11:15000000-20000000
ForkPoolWorker-34,  processing 2511 (58575.0 per sec) reads @ chr22:40000000-45000000
ForkPoolWorker-34 countReadsInRegions_worker: processing 5000000 (10918617.7 per sec) @ chr22:40000000-45000000
ForkPoolWorker-34,  processing 0 (0.0 per sec) reads @ chrY_KI270740v1_random:0-37240
ForkPoolWorker-34 countReadsInRegions_worker: processing 37240 (4298062.3 per sec) @ chrY_KI270740v1_random:0-37240
ForkPoolWorker-34,  processing 57 (34384.5 per sec) reads @ chr5:55000000-60000000
ForkPoolWorker-34 countReadsInRegions_worker: processing 5000000 (12042278.7 per sec) @ chr5:55000000-60000000
ForkPoolWorker-34,  processing 2988 (59546.5 per sec) reads @ chr22:35000000-40000000
ForkPoolWorker-34 countReadsInRegions_worker: processing 5000000 (10726878.8 per sec) @ chr22:35000000-40000000
ForkPoolWorker-34,  processing 18 (21254.9 per sec) reads @ chr6:90000000-95000000
ForkPoolWorker-34 countReadsInRegions_worker: processing 5000000 (12169551.3 per sec) @ chr6:90000000-95000000
ForkPoolWorker-17,  processing 0 (0.0 per sec) reads @ chrUn_KI270538v1:0-91309
ForkPoolWorker-17 countReadsInRegions_worker: processing 91309 (4202819.3 per sec) @ chrUn_KI270538v1:0-91309
ForkPoolWorker-17,  processing 0 (0.0 per sec) reads @ chr15_KI270727v1_random:0-448248
ForkPoolWorker-17 countReadsInRegions_worker: processing 448248 (8650607.3 per sec) @ chr15_KI270727v1_random:0-448248
ForkPoolWorker-17,  processing 124 (38519.8 per sec) reads @ chr3:190000000-195000000
ForkPoolWorker-17 countReadsInRegions_worker: processing 5000000 (11527044.0 per sec) @ chr3:190000000-195000000
ForkPoolWorker-17,  processing 865 (48136.2 per sec) reads @ chr10:70000000-75000000
ForkPoolWorker-17 countReadsInRegions_worker: processing 5000000 (11057056.0 per sec) @ chr10:70000000-75000000
ForkPoolWorker-17,  processing 528 (55839.4 per sec) reads @ chr16:20000000-25000000
ForkPoolWorker-17 countReadsInRegions_worker: processing 5000000 (11431941.8 per sec) @ chr16:20000000-25000000
ForkPoolWorker-17,  processing 0 (0.0 per sec) reads @ chr22:0-5000000
ForkPoolWorker-17 countReadsInRegions_worker: processing 5000000 (11615925.7 per sec) @ chr22:0-5000000
ForkPoolWorker-17,  processing 4282 (62218.3 per sec) reads @ chr12:60000000-65000000
ForkPoolWorker-17 countReadsInRegions_worker: processing 5000000 (9980977.1 per sec) @ chr12:60000000-65000000
ForkPoolWorker-17,  processing 77 (40471.4 per sec) reads @ chr8:115000000-120000000
ForkPoolWorker-17 countReadsInRegions_worker: processing 5000000 (11738932.1 per sec) @ chr8:115000000-120000000
ForkPoolWorker-17,  processing 333 (55112.0 per sec) reads @ chr4:135000000-140000000
ForkPoolWorker-17 countReadsInRegions_worker: processing 5000000 (11804526.3 per sec) @ chr4:135000000-140000000
ForkPoolWorker-17,  processing 49 (34032.3 per sec) reads @ chr3:175000000-180000000
ForkPoolWorker-17 countReadsInRegions_worker: processing 5000000 (11802314.0 per sec) @ chr3:175000000-180000000
ForkPoolWorker-17,  processing 0 (0.0 per sec) reads @ chrUn_KI270753v1:0-62944
ForkPoolWorker-17 countReadsInRegions_worker: processing 62944 (5523490.4 per sec) @ chrUn_KI270753v1:0-62944
ForkPoolWorker-17,  processing 0 (0.0 per sec) reads @ chrUn_KI270528v1:0-2983
ForkPoolWorker-17 countReadsInRegions_worker: processing 2983 (456778.1 per sec) @ chrUn_KI270528v1:0-2983
ForkPoolWorker-17,  processing 67 (39619.1 per sec) reads @ chr9:100000000-105000000
ForkPoolWorker-17 countReadsInRegions_worker: processing 5000000 (11814182.1 per sec) @ chr9:100000000-105000000
ForkPoolWorker-17,  processing 0 (0.0 per sec) reads @ chr22:5000000-10000000
ForkPoolWorker-17 countReadsInRegions_worker: processing 5000000 (11957521.7 per sec) @ chr22:5000000-10000000
ForkPoolWorker-17,  processing 63 (37417.3 per sec) reads @ chr3:160000000-165000000
ForkPoolWorker-17 countReadsInRegions_worker: processing 5000000 (11902563.8 per sec) @ chr3:160000000-165000000
ForkPoolWorker-17,  processing 278 (50946.7 per sec) reads @ chr10:5000000-10000000
ForkPoolWorker-17 countReadsInRegions_worker: processing 5000000 (11722324.6 per sec) @ chr10:5000000-10000000
ForkPoolWorker-17,  processing 135 (49117.9 per sec) reads @ chr2:155000000-160000000
ForkPoolWorker-17 countReadsInRegions_worker: processing 5000000 (12155141.0 per sec) @ chr2:155000000-160000000
ForkPoolWorker-17,  processing 8079 (60536.9 per sec) reads @ chr8:140000000-145000000
ForkPoolWorker-17 countReadsInRegions_worker: processing 5000000 (9175133.5 per sec) @ chr8:140000000-145000000
ForkPoolWorker-17,  processing 25 (24978.0 per sec) reads @ chr4:45000000-50000000
ForkPoolWorker-17 countReadsInRegions_worker: processing 5000000 (12270548.0 per sec) @ chr4:45000000-50000000
ForkPoolWorker-17,  processing 140 (48365.3 per sec) reads @ chr8:80000000-85000000
ForkPoolWorker-17 countReadsInRegions_worker: processing 5000000 (12203358.3 per sec) @ chr8:80000000-85000000
ForkPoolWorker-32,  processing 333 (16380.9 per sec) reads @ chr5:70000000-75000000
ForkPoolWorker-32 countReadsInRegions_worker: processing 5000000 (9945387.3 per sec) @ chr5:70000000-75000000
ForkPoolWorker-32,  processing 574 (54237.1 per sec) reads @ chr16:55000000-60000000
ForkPoolWorker-32 countReadsInRegions_worker: processing 5000000 (10925568.8 per sec) @ chr16:55000000-60000000
ForkPoolWorker-32,  processing 122 (46049.8 per sec) reads @ chr2:205000000-210000000
ForkPoolWorker-32 countReadsInRegions_worker: processing 5000000 (11387452.7 per sec) @ chr2:205000000-210000000
ForkPoolWorker-32,  processing 31 (30393.5 per sec) reads @ chr11:20000000-25000000
ForkPoolWorker-32 countReadsInRegions_worker: processing 5000000 (11627905.2 per sec) @ chr11:20000000-25000000
ForkPoolWorker-32,  processing 987 (59170.1 per sec) reads @ chr3:180000000-185000000
ForkPoolWorker-32 countReadsInRegions_worker: processing 5000000 (11283698.0 per sec) @ chr3:180000000-185000000
ForkPoolWorker-32,  processing 0 (0.0 per sec) reads @ chrUn_KI270383v1:0-1750
ForkPoolWorker-32 countReadsInRegions_worker: processing 1750 (277926.2 per sec) @ chrUn_KI270383v1:0-1750
ForkPoolWorker-32,  processing 241 (50851.6 per sec) reads @ chr1:210000000-215000000
ForkPoolWorker-32 countReadsInRegions_worker: processing 5000000 (11886056.3 per sec) @ chr1:210000000-215000000
ForkPoolWorker-32,  processing 114 (44470.9 per sec) reads @ chr8:5000000-10000000
ForkPoolWorker-32 countReadsInRegions_worker: processing 5000000 (11742514.3 per sec) @ chr8:5000000-10000000
ForkPoolWorker-32,  processing 274 (51769.9 per sec) reads @ chr14:50000000-55000000
ForkPoolWorker-32 countReadsInRegions_worker: processing 5000000 (11660269.8 per sec) @ chr14:50000000-55000000
ForkPoolWorker-32,  processing 275 (51760.6 per sec) reads @ chr11:125000000-130000000
ForkPoolWorker-32 countReadsInRegions_worker: processing 5000000 (11676740.9 per sec) @ chr11:125000000-130000000
ForkPoolWorker-32,  processing 0 (0.0 per sec) reads @ chrUn_KI270414v1:0-2489
ForkPoolWorker-32 countReadsInRegions_worker: processing 2489 (365111.1 per sec) @ chrUn_KI270414v1:0-2489
ForkPoolWorker-32,  processing 251 (50991.5 per sec) reads @ chr15:60000000-65000000
ForkPoolWorker-32 countReadsInRegions_worker: processing 5000000 (11803237.4 per sec) @ chr15:60000000-65000000
ForkPoolWorker-32,  processing 0 (0.0 per sec) reads @ chrUn_KI270334v1:0-1368
ForkPoolWorker-32 countReadsInRegions_worker: processing 1368 (212487.8 per sec) @ chrUn_KI270334v1:0-1368
ForkPoolWorker-32,  processing 75 (43293.8 per sec) reads @ chr16:90000000-90338345
ForkPoolWorker-32 countReadsInRegions_worker: processing 338345 (9352201.7 per sec) @ chr16:90000000-90338345
ForkPoolWorker-32,  processing 297 (50911.7 per sec) reads @ chr11:30000000-35000000
ForkPoolWorker-32 countReadsInRegions_worker: processing 5000000 (11628504.8 per sec) @ chr11:30000000-35000000
ForkPoolWorker-32,  processing 1012 (57894.3 per sec) reads @ chrX:45000000-50000000
ForkPoolWorker-32 countReadsInRegions_worker: processing 5000000 (11511131.3 per sec) @ chrX:45000000-50000000
ForkPoolWorker-32,  processing 1026 (50569.4 per sec) reads @ chr1:20000000-25000000
ForkPoolWorker-32 countReadsInRegions_worker: processing 5000000 (11487542.6 per sec) @ chr1:20000000-25000000
ForkPoolWorker-32,  processing 1223 (60209.1 per sec) reads @ chr15:80000000-85000000
ForkPoolWorker-32 countReadsInRegions_worker: processing 5000000 (11367355.2 per sec) @ chr15:80000000-85000000
ForkPoolWorker-32,  processing 220 (50672.5 per sec) reads @ chr3:15000000-20000000
ForkPoolWorker-32 countReadsInRegions_worker: processing 5000000 (11738123.9 per sec) @ chr3:15000000-20000000
ForkPoolWorker-32,  processing 1607 (54353.8 per sec) reads @ chr14:20000000-25000000
ForkPoolWorker-32 countReadsInRegions_worker: processing 5000000 (11220278.7 per sec) @ chr14:20000000-25000000
ForkPoolWorker-19,  processing 1069 (35326.0 per sec) reads @ chr2:215000000-220000000
ForkPoolWorker-19 countReadsInRegions_worker: processing 5000000 (10384125.4 per sec) @ chr2:215000000-220000000
ForkPoolWorker-19,  processing 1383 (57192.8 per sec) reads @ chr5:150000000-155000000
ForkPoolWorker-19 countReadsInRegions_worker: processing 5000000 (10772856.6 per sec) @ chr5:150000000-155000000
ForkPoolWorker-19,  processing 30 (29033.0 per sec) reads @ chr7:10000000-15000000
ForkPoolWorker-19 countReadsInRegions_worker: processing 5000000 (11417421.6 per sec) @ chr7:10000000-15000000
ForkPoolWorker-19,  processing 1172 (57545.0 per sec) reads @ chr20:0-5000000
ForkPoolWorker-19 countReadsInRegions_worker: processing 5000000 (10958418.5 per sec) @ chr20:0-5000000
ForkPoolWorker-19,  processing 76 (40909.5 per sec) reads @ chrX:10000000-15000000
ForkPoolWorker-19 countReadsInRegions_worker: processing 5000000 (11347169.0 per sec) @ chrX:10000000-15000000
ForkPoolWorker-19,  processing 0 (0.0 per sec) reads @ chr14_KI270725v1_random:0-172810
ForkPoolWorker-19 countReadsInRegions_worker: processing 172810 (8219844.6 per sec) @ chr14_KI270725v1_random:0-172810
ForkPoolWorker-19,  processing 3 (6519.6 per sec) reads @ chr1_KI270711v1_random:0-42210
ForkPoolWorker-19 countReadsInRegions_worker: processing 42210 (4095151.1 per sec) @ chr1_KI270711v1_random:0-42210
ForkPoolWorker-19,  processing 0 (0.0 per sec) reads @ chr1_KI270709v1_random:0-66860
ForkPoolWorker-19 countReadsInRegions_worker: processing 66860 (5084235.3 per sec) @ chr1_KI270709v1_random:0-66860
ForkPoolWorker-19,  processing 0 (0.0 per sec) reads @ chrUn_KI270312v1:0-998
ForkPoolWorker-19 countReadsInRegions_worker: processing 998 (148896.1 per sec) @ chrUn_KI270312v1:0-998
ForkPoolWorker-19,  processing 206 (50542.7 per sec) reads @ chr9:80000000-85000000
ForkPoolWorker-19 countReadsInRegions_worker: processing 5000000 (11675921.7 per sec) @ chr9:80000000-85000000
ForkPoolWorker-19,  processing 0 (0.0 per sec) reads @ chr1_KI270708v1_random:0-127682
ForkPoolWorker-19 countReadsInRegions_worker: processing 127682 (7414433.6 per sec) @ chr1_KI270708v1_random:0-127682
ForkPoolWorker-19,  processing 0 (0.0 per sec) reads @ chrY:25000000-30000000
ForkPoolWorker-19 countReadsInRegions_worker: processing 5000000 (11889998.6 per sec) @ chrY:25000000-30000000
ForkPoolWorker-19,  processing 47 (33537.3 per sec) reads @ chr2:160000000-165000000
ForkPoolWorker-19 countReadsInRegions_worker: processing 5000000 (11853988.9 per sec) @ chr2:160000000-165000000
ForkPoolWorker-19,  processing 0 (0.0 per sec) reads @ chrUn_KI270305v1:0-1472
ForkPoolWorker-19 countReadsInRegions_worker: processing 1472 (217295.4 per sec) @ chrUn_KI270305v1:0-1472
ForkPoolWorker-19,  processing 0 (0.0 per sec) reads @ chrUn_KI270303v1:0-1942
ForkPoolWorker-19 countReadsInRegions_worker: processing 1942 (290065.8 per sec) @ chrUn_KI270303v1:0-1942
ForkPoolWorker-19,  processing 795 (57263.8 per sec) reads @ chr17:60000000-65000000
ForkPoolWorker-19 countReadsInRegions_worker: processing 5000000 (11462571.7 per sec) @ chr17:60000000-65000000
ForkPoolWorker-19,  processing 0 (0.0 per sec) reads @ chrUn_KI270747v1:0-198735
ForkPoolWorker-19 countReadsInRegions_worker: processing 198735 (9118560.9 per sec) @ chrUn_KI270747v1:0-198735
ForkPoolWorker-19,  processing 0 (0.0 per sec) reads @ chrUn_KI270468v1:0-4055
ForkPoolWorker-19 countReadsInRegions_worker: processing 4055 (562896.0 per sec) @ chrUn_KI270468v1:0-4055
ForkPoolWorker-19,  processing 123 (43917.5 per sec) reads @ chr4:145000000-150000000
ForkPoolWorker-19 countReadsInRegions_worker: processing 5000000 (11773379.2 per sec) @ chr4:145000000-150000000
ForkPoolWorker-19,  processing 0 (0.0 per sec) reads @ chrUn_KI270754v1:0-40191
ForkPoolWorker-19 countReadsInRegions_worker: processing 40191 (4121999.0 per sec) @ chrUn_KI270754v1:0-40191
ForkPoolWorker-19,  processing 3221 (57716.4 per sec) reads @ chr11:0-5000000
ForkPoolWorker-19 countReadsInRegions_worker: processing 5000000 (10467029.3 per sec) @ chr11:0-5000000
ForkPoolWorker-19,  processing 1322 (55085.1 per sec) reads @ chr16:65000000-70000000
ForkPoolWorker-19 countReadsInRegions_worker: processing 5000000 (11264515.4 per sec) @ chr16:65000000-70000000
ForkPoolWorker-19,  processing 151 (49080.9 per sec) reads @ chr5:40000000-45000000
ForkPoolWorker-19 countReadsInRegions_worker: processing 5000000 (12116452.8 per sec) @ chr5:40000000-45000000
ForkPoolWorker-19,  processing 1359 (58767.7 per sec) reads @ chr19:50000000-55000000
ForkPoolWorker-19 countReadsInRegions_worker: processing 5000000 (11412003.9 per sec) @ chr19:50000000-55000000
ForkPoolWorker-19,  processing 147 (48976.3 per sec) reads @ chr5:75000000-80000000
ForkPoolWorker-19 countReadsInRegions_worker: processing 5000000 (12037882.4 per sec) @ chr5:75000000-80000000
ForkPoolWorker-36,  processing 172 (10496.6 per sec) reads @ chr18:10000000-15000000
ForkPoolWorker-36 countReadsInRegions_worker: processing 5000000 (10096441.2 per sec) @ chr18:10000000-15000000
ForkPoolWorker-36,  processing 717 (56184.2 per sec) reads @ chr15:85000000-90000000
ForkPoolWorker-36 countReadsInRegions_worker: processing 5000000 (10824211.4 per sec) @ chr15:85000000-90000000
ForkPoolWorker-36,  processing 59 (33654.8 per sec) reads @ chr10:60000000-65000000
ForkPoolWorker-36 countReadsInRegions_worker: processing 5000000 (11320933.6 per sec) @ chr10:60000000-65000000
ForkPoolWorker-36,  processing 0 (0.0 per sec) reads @ chrUn_KI270304v1:0-2165
ForkPoolWorker-36 countReadsInRegions_worker: processing 2165 (338262.9 per sec) @ chrUn_KI270304v1:0-2165
ForkPoolWorker-36,  processing 1048 (58496.1 per sec) reads @ chr2:25000000-30000000
ForkPoolWorker-36 countReadsInRegions_worker: processing 5000000 (11251044.8 per sec) @ chr2:25000000-30000000
ForkPoolWorker-36,  processing 0 (0.0 per sec) reads @ chrUn_GL000214v1:0-137718
ForkPoolWorker-36 countReadsInRegions_worker: processing 137718 (7400688.8 per sec) @ chrUn_GL000214v1:0-137718
ForkPoolWorker-36,  processing 0 (0.0 per sec) reads @ chr22_KI270738v1_random:0-99375
ForkPoolWorker-36 countReadsInRegions_worker: processing 99375 (7017222.1 per sec) @ chr22_KI270738v1_random:0-99375
ForkPoolWorker-36,  processing 126 (46780.8 per sec) reads @ chr18:60000000-65000000
ForkPoolWorker-36 countReadsInRegions_worker: processing 5000000 (11941949.4 per sec) @ chr18:60000000-65000000
ForkPoolWorker-36,  processing 4687 (58063.2 per sec) reads @ chr7:0-5000000
ForkPoolWorker-36 countReadsInRegions_worker: processing 5000000 (9941026.5 per sec) @ chr7:0-5000000
ForkPoolWorker-36,  processing 339 (54651.5 per sec) reads @ chr6:110000000-115000000
ForkPoolWorker-36 countReadsInRegions_worker: processing 5000000 (11750389.8 per sec) @ chr6:110000000-115000000
ForkPoolWorker-36,  processing 684 (55882.7 per sec) reads @ chr15:65000000-70000000
ForkPoolWorker-36 countReadsInRegions_worker: processing 5000000 (11490859.8 per sec) @ chr15:65000000-70000000
ForkPoolWorker-36,  processing 74 (37413.0 per sec) reads @ chr5:110000000-115000000
ForkPoolWorker-36 countReadsInRegions_worker: processing 5000000 (11810289.9 per sec) @ chr5:110000000-115000000
ForkPoolWorker-36,  processing 0 (0.0 per sec) reads @ chrUn_KI270579v1:0-31033
ForkPoolWorker-36 countReadsInRegions_worker: processing 31033 (3709476.9 per sec) @ chrUn_KI270579v1:0-31033
ForkPoolWorker-36,  processing 82 (40453.2 per sec) reads @ chr4:15000000-20000000
ForkPoolWorker-36 countReadsInRegions_worker: processing 5000000 (11919544.1 per sec) @ chr4:15000000-20000000
ForkPoolWorker-36,  processing 143 (46708.6 per sec) reads @ chr1:85000000-90000000
ForkPoolWorker-36 countReadsInRegions_worker: processing 5000000 (11877278.2 per sec) @ chr1:85000000-90000000
ForkPoolWorker-36,  processing 256 (52644.7 per sec) reads @ chr8:45000000-50000000
ForkPoolWorker-36 countReadsInRegions_worker: processing 5000000 (11744730.5 per sec) @ chr8:45000000-50000000
ForkPoolWorker-36,  processing 234 (50961.5 per sec) reads @ chr1:90000000-95000000
ForkPoolWorker-36 countReadsInRegions_worker: processing 5000000 (11901152.1 per sec) @ chr1:90000000-95000000
ForkPoolWorker-36,  processing 273 (51625.1 per sec) reads @ chr17:20000000-25000000
ForkPoolWorker-36 countReadsInRegions_worker: processing 5000000 (11959165.0 per sec) @ chr17:20000000-25000000
ForkPoolWorker-36,  processing 2294 (60301.7 per sec) reads @ chr19:55000000-58617616
ForkPoolWorker-36 countReadsInRegions_worker: processing 3617616 (10664218.9 per sec) @ chr19:55000000-58617616
ForkPoolWorker-36,  processing 466 (54553.6 per sec) reads @ chr17:70000000-75000000
ForkPoolWorker-36 countReadsInRegions_worker: processing 5000000 (11903644.8 per sec) @ chr17:70000000-75000000
ForkPoolWorker-44,  processing 0 (0.0 per sec) reads @ chr9_KI270718v1_random:0-38054
ForkPoolWorker-44 countReadsInRegions_worker: processing 38054 (949839.3 per sec) @ chr9_KI270718v1_random:0-38054
ForkPoolWorker-44,  processing 0 (0.0 per sec) reads @ chr1:125000000-130000000
ForkPoolWorker-44 countReadsInRegions_worker: processing 5000000 (10855824.2 per sec) @ chr1:125000000-130000000
ForkPoolWorker-44,  processing 89 (32811.2 per sec) reads @ chr4:140000000-145000000
ForkPoolWorker-44 countReadsInRegions_worker: processing 5000000 (11355795.6 per sec) @ chr4:140000000-145000000
ForkPoolWorker-44,  processing 0 (0.0 per sec) reads @ chrUn_KI270388v1:0-1216
ForkPoolWorker-44 countReadsInRegions_worker: processing 1216 (170338.4 per sec) @ chrUn_KI270388v1:0-1216
ForkPoolWorker-44,  processing 43 (32006.2 per sec) reads @ chr3:115000000-120000000
ForkPoolWorker-44 countReadsInRegions_worker: processing 5000000 (11020710.8 per sec) @ chr3:115000000-120000000
ForkPoolWorker-44,  processing 11 (14945.7 per sec) reads @ chr13:80000000-85000000
ForkPoolWorker-44 countReadsInRegions_worker: processing 5000000 (11260771.3 per sec) @ chr13:80000000-85000000
ForkPoolWorker-44,  processing 0 (0.0 per sec) reads @ chr15:0-5000000
ForkPoolWorker-44 countReadsInRegions_worker: processing 5000000 (11100741.1 per sec) @ chr15:0-5000000
ForkPoolWorker-44,  processing 0 (0.0 per sec) reads @ chr3_GL000221v1_random:0-155397
ForkPoolWorker-44 countReadsInRegions_worker: processing 155397 (7946335.3 per sec) @ chr3_GL000221v1_random:0-155397
ForkPoolWorker-44,  processing 8 (12246.1 per sec) reads @ chr16:35000000-40000000
ForkPoolWorker-44 countReadsInRegions_worker: processing 5000000 (11547793.2 per sec) @ chr16:35000000-40000000
ForkPoolWorker-44,  processing 16 (19043.4 per sec) reads @ chr13:65000000-70000000
ForkPoolWorker-44 countReadsInRegions_worker: processing 5000000 (11224013.9 per sec) @ chr13:65000000-70000000
ForkPoolWorker-44,  processing 0 (0.0 per sec) reads @ chr14_KI270722v1_random:0-194050
ForkPoolWorker-44 countReadsInRegions_worker: processing 194050 (8795926.7 per sec) @ chr14_KI270722v1_random:0-194050
ForkPoolWorker-44,  processing 161 (45859.6 per sec) reads @ chr11:40000000-45000000
ForkPoolWorker-44 countReadsInRegions_worker: processing 5000000 (11444643.8 per sec) @ chr11:40000000-45000000
ForkPoolWorker-44,  processing 1909 (57815.9 per sec) reads @ chr6:35000000-40000000
ForkPoolWorker-44 countReadsInRegions_worker: processing 5000000 (10670916.4 per sec) @ chr6:35000000-40000000
ForkPoolWorker-44,  processing 0 (0.0 per sec) reads @ chrUn_KI270517v1:0-3253
ForkPoolWorker-44 countReadsInRegions_worker: processing 3253 (450076.6 per sec) @ chrUn_KI270517v1:0-3253
ForkPoolWorker-44,  processing 75 (40642.5 per sec) reads @ chr5:15000000-20000000
ForkPoolWorker-44 countReadsInRegions_worker: processing 5000000 (11528007.1 per sec) @ chr5:15000000-20000000
ForkPoolWorker-44,  processing 205 (47546.6 per sec) reads @ chr1:165000000-170000000
ForkPoolWorker-44 countReadsInRegions_worker: processing 5000000 (11344179.8 per sec) @ chr1:165000000-170000000
ForkPoolWorker-44,  processing 66 (39277.0 per sec) reads @ chr10:35000000-40000000
ForkPoolWorker-44 countReadsInRegions_worker: processing 5000000 (11562870.3 per sec) @ chr10:35000000-40000000
ForkPoolWorker-44,  processing 0 (0.0 per sec) reads @ chrUn_KI270382v1:0-4215
ForkPoolWorker-44 countReadsInRegions_worker: processing 4215 (568511.2 per sec) @ chrUn_KI270382v1:0-4215
ForkPoolWorker-44,  processing 313 (53903.4 per sec) reads @ chr2:170000000-175000000
ForkPoolWorker-44 countReadsInRegions_worker: processing 5000000 (12040861.3 per sec) @ chr2:170000000-175000000
ForkPoolWorker-44,  processing 0 (0.0 per sec) reads @ chrUn_KI270364v1:0-2855
ForkPoolWorker-44 countReadsInRegions_worker: processing 2855 (391126.8 per sec) @ chrUn_KI270364v1:0-2855
