# packages in environment at /work/pa-hilario/anaconda3/envs/deeptools:
#
# Name                    Version                   Build  Channel
_openmp_mutex             4.5                      20_gnu    conda-forge
alabaster                 1.0.0              pyhd8ed1ab_1    conda-forge
babel                     2.18.0             pyhcf101f3_0    conda-forge
backports.zstd            1.3.0           py312h90b7ffd_0    conda-forge
bedops                    2.4.42               hd6d6fdc_1    bioconda
brotli                    1.2.0                hed03a55_1    conda-forge
brotli-bin                1.2.0                hb03c661_1    conda-forge
brotli-python             1.2.0           py312hdb49522_1    conda-forge
bzip2                     1.0.8                hda65f42_8    conda-forge
c-ares                    1.34.6               hb03c661_0    conda-forge
ca-certificates           2026.1.4             hbd8a1cb_0    conda-forge
certifi                   2026.01.04      py312h06a4308_0  
charset-normalizer        3.4.4              pyhd8ed1ab_0    conda-forge
click                     8.3.1                    pypi_0    pypi
colorama                  0.4.6              pyhd8ed1ab_1    conda-forge
contourpy                 1.3.3           py312h0a2e395_4    conda-forge
cycler                    0.12.1             pyhcf101f3_2    conda-forge
cython                    3.2.4           py312h47b2149_0  
deeptools                 3.5.6              pyhdfd78af_0    bioconda
deeptoolsintervals        0.1.9           py312ha9c1134_11    bioconda
docutils                  0.22.4             pyhd8ed1ab_0    conda-forge
fonttools                 4.61.1          py312h8a5da7c_0    conda-forge
freetype                  2.14.1               ha770c72_0    conda-forge
gencode-utr-fix           1.0.0                    pypi_0    pypi
h2                        4.3.0              pyhcf101f3_0    conda-forge
hpack                     4.1.0              pyhd8ed1ab_0    conda-forge
htslib                    1.22.1               h566b1c6_0    bioconda
hyperframe                6.1.0              pyhd8ed1ab_0    conda-forge
icu                       78.2                 h33c6efd_0    conda-forge
idna                      3.11               pyhd8ed1ab_0    conda-forge
imagesize                 1.4.1              pyhd8ed1ab_0    conda-forge
importlib-metadata        8.7.0              pyhe01879c_1    conda-forge
jansson                   2.15.0               h280c20c_0    conda-forge
jinja2                    3.1.6              pyhcf101f3_1    conda-forge
keyutils                  1.6.3                hb9d3cd8_0    conda-forge
kiwisolver                1.4.9           py312h0a2e395_2    conda-forge
krb5                      1.22.2               ha1258a1_0    conda-forge
lcms2                     2.18                 h0c24ade_0    conda-forge
ld_impl_linux-64          2.45.1          default_hbd61a6d_101    conda-forge
lerc                      4.0.0                h0aef613_1    conda-forge
libblas                   3.11.0          5_h4a7cf45_openblas    conda-forge
libbrotlicommon           1.2.0                hb03c661_1    conda-forge
libbrotlidec              1.2.0                hb03c661_1    conda-forge
libbrotlienc              1.2.0                hb03c661_1    conda-forge
libcblas                  3.11.0          5_h0358290_openblas    conda-forge
libcurl                   8.18.0               hcf29cc6_1    conda-forge
libdeflate                1.25                 h17f619e_0    conda-forge
libedit                   3.1.20250104    pl5321h7949ede_0    conda-forge
libev                     4.33                 hd590300_2    conda-forge
libexpat                  2.7.3                hecca717_0    conda-forge
libffi                    3.5.2                h3435931_0    conda-forge
libfreetype               2.14.1               ha770c72_0    conda-forge
libfreetype6              2.14.1               h73754d4_0    conda-forge
libgcc                    15.2.0              he0feb66_17    conda-forge
libgcc-ng                 15.2.0              h69a702a_17    conda-forge
libgfortran               15.2.0              h69a702a_17    conda-forge
libgfortran5              15.2.0              h68bc16d_17    conda-forge
libgomp                   15.2.0              he0feb66_17    conda-forge
libiconv                  1.18                 h3b78370_2    conda-forge
libjpeg-turbo             3.1.2                hb03c661_0    conda-forge
liblapack                 3.11.0          5_h47877c9_openblas    conda-forge
liblzma                   5.8.2                hb03c661_0    conda-forge
libnghttp2                1.67.0               had1ee68_0    conda-forge
libnsl                    2.0.1                hb9d3cd8_1    conda-forge
libopenblas               0.3.30          pthreads_h94d23a6_4    conda-forge
libopenssl-static         3.6.1                hb03c661_1    conda-forge
libpng                    1.6.55               h421ea60_0    conda-forge
libsqlite                 3.51.2               hf4e2dac_0    conda-forge
libssh2                   1.11.1               hcf80075_0    conda-forge
libstdcxx                 15.2.0              h934c35e_17    conda-forge
libstdcxx-ng              15.2.0              hdf11a46_17    conda-forge
libtiff                   4.7.1                h9d88235_1    conda-forge
libuuid                   2.41.3               h5347b49_0    conda-forge
libwebp-base              1.6.0                hd42ef1d_0    conda-forge
libxcb                    1.17.0               h8a09558_0    conda-forge
libxcrypt                 4.4.36               hd590300_1    conda-forge
libzlib                   1.3.1                hb9d3cd8_2    conda-forge
markupsafe                3.0.3           py312h8a5da7c_0    conda-forge
matplotlib-base           3.10.8          py312he3d6523_0    conda-forge
munkres                   1.1.4              pyhd8ed1ab_1    conda-forge
mysql-connector-c         6.1.11            h659d440_1008    conda-forge
narwhals                  2.16.0             pyhcf101f3_0    conda-forge
natsort                   8.4.0                    pypi_0    pypi
ncls                      0.0.70                   pypi_0    pypi
ncurses                   6.5                  h2d0b736_3    conda-forge
numpy                     2.4.2           py312h33ff503_1    conda-forge
numpydoc                  1.10.0             pyhcf101f3_0    conda-forge
openjpeg                  2.5.4                h55fea9a_0    conda-forge
openssl                   3.6.1                h35e630c_1    conda-forge
packaging                 26.0               pyhcf101f3_0    conda-forge
pandas                    3.0.0                    pypi_0    pypi
pillow                    12.1.1          py312h50c33e8_0    conda-forge
pip                       26.0.1             pyh8b19718_0    conda-forge
plotly                    6.5.2              pyhd8ed1ab_0    conda-forge
pthread-stubs             0.4               hb9d3cd8_1002    conda-forge
py2bit                    0.3.3           py312h0fa9677_1    bioconda
pybigwig                  0.3.25          py312h83fe50f_0    bioconda
pygments                  2.19.2             pyhd8ed1ab_0    conda-forge
pyparsing                 3.3.2              pyhcf101f3_0    conda-forge
pyranges                  0.1.4                    pypi_0    pypi
pysam                     0.23.3          py312h8f9e533_2    bioconda
pysocks                   1.7.1              pyha55dd90_7    conda-forge
python                    3.12.12         hd63d673_2_cpython    conda-forge
python-dateutil           2.9.0.post0        pyhe01879c_2    conda-forge
python_abi                3.12                    8_cp312    conda-forge
pytz                      2025.2             pyhd8ed1ab_0    conda-forge
qhull                     2020.2               h434a139_5    conda-forge
readline                  8.3                  h853b02a_0    conda-forge
requests                  2.32.5             pyhcf101f3_1    conda-forge
roman-numerals            4.1.0              pyhd8ed1ab_0    conda-forge
samtools                  1.22.1               h96c455f_0    bioconda
scipy                     1.17.0          py312h54fa4ab_1    conda-forge
setuptools                82.0.0             pyh332efcf_0    conda-forge
six                       1.17.0             pyhe01879c_1    conda-forge
snowballstemmer           3.0.1              pyhd8ed1ab_0    conda-forge
sorted-nearest            0.0.41                   pypi_0    pypi
sphinx                    9.1.0              pyhd8ed1ab_0    conda-forge
sphinxcontrib-applehelp   2.0.0              pyhd8ed1ab_1    conda-forge
sphinxcontrib-devhelp     2.0.0              pyhd8ed1ab_1    conda-forge
sphinxcontrib-htmlhelp    2.1.0              pyhd8ed1ab_1    conda-forge
sphinxcontrib-jsmath      1.0.1              pyhd8ed1ab_1    conda-forge
sphinxcontrib-qthelp      2.0.0              pyhd8ed1ab_1    conda-forge
sphinxcontrib-serializinghtml 1.1.10             pyhd8ed1ab_1    conda-forge
tabulate                  0.9.0                    pypi_0    pypi
tk                        8.6.13          noxft_h366c992_103    conda-forge
tomli                     2.4.0              pyhcf101f3_0    conda-forge
tqdm                      4.67.3                   pypi_0    pypi
tzdata                    2025c                hc9c84f9_1    conda-forge
ucsc-bigwiginfo           482                  h0b57e2e_0    bioconda
unicodedata2              17.0.1          py312h4c3975b_0    conda-forge
urllib3                   2.6.3              pyhd8ed1ab_0    conda-forge
wheel                     0.46.3             pyhd8ed1ab_0    conda-forge
xorg-libxau               1.0.12               hb03c661_1    conda-forge
xorg-libxdmcp             1.1.5                hb03c661_1    conda-forge
zipp                      3.23.0             pyhcf101f3_1    conda-forge
zlib                      1.3.1                hb9d3cd8_2    conda-forge
zlib-ng                   2.3.3                hceb46e0_1    conda-forge
zstd                      1.5.7                hb78ec9c_6    conda-forge
Specified --scaleFactor: 1.0
normalization: CPM
bamFilesList: ['output/mVenus-Sorbitol-rep5_L1_R1.genome.Aligned.sort.dedup.bam']
binLength: 1
numberOfSamples: None
blackListFileName: None
skipZeroOverZero: False
bed_and_bin: False
genomeChunkSize: None
defaultFragmentLength: read length
numberOfProcessors: 52
verbose: True
region: None
bedFile: None
minMappingQuality: None
ignoreDuplicates: False
chrsToSkip: []
stepSize: 1
center_read: False
samFlag_include: None
samFlag_exclude: None
minFragmentLength: 0
maxFragmentLength: 0
zerosToNans: False
smoothLength: None
save_data: False
out_file_for_raw_data: None
maxPairedFragmentLength: 1000
Final scaling factor: 6.49751470062701
ForkPoolWorker-40,  processing 44 (3438.9 per sec) reads @ chrX:5000000-10000000
ForkPoolWorker-40 countReadsInRegions_worker: processing 5000000 (6954069.7 per sec) @ chrX:5000000-10000000
ForkPoolWorker-40,  processing 51 (39134.6 per sec) reads @ chr8:110000000-115000000
ForkPoolWorker-40 countReadsInRegions_worker: processing 5000000 (6913834.5 per sec) @ chr8:110000000-115000000
ForkPoolWorker-40,  processing 279 (81491.0 per sec) reads @ chr8:65000000-70000000
ForkPoolWorker-40 countReadsInRegions_worker: processing 5000000 (6977347.4 per sec) @ chr8:65000000-70000000
ForkPoolWorker-40,  processing 55 (49271.0 per sec) reads @ chr15:35000000-40000000
ForkPoolWorker-40 countReadsInRegions_worker: processing 5000000 (7071694.4 per sec) @ chr15:35000000-40000000
ForkPoolWorker-40,  processing 92 (58921.4 per sec) reads @ chr22:30000000-35000000
ForkPoolWorker-40 countReadsInRegions_worker: processing 5000000 (6848657.3 per sec) @ chr22:30000000-35000000
ForkPoolWorker-40,  processing 26 (28773.6 per sec) reads @ chr1:65000000-70000000
ForkPoolWorker-40 countReadsInRegions_worker: processing 5000000 (6878716.1 per sec) @ chr1:65000000-70000000
ForkPoolWorker-40,  processing 45818 (105192.3 per sec) reads @ chr21:5000000-10000000
ForkPoolWorker-40 countReadsInRegions_worker: processing 5000000 (4301327.0 per sec) @ chr21:5000000-10000000
ForkPoolWorker-40,  processing 75 (48099.8 per sec) reads @ chr6:85000000-90000000
ForkPoolWorker-40 countReadsInRegions_worker: processing 5000000 (6873591.5 per sec) @ chr6:85000000-90000000
ForkPoolWorker-40,  processing 70 (45968.6 per sec) reads @ chr2:170000000-175000000
ForkPoolWorker-40 countReadsInRegions_worker: processing 5000000 (6874826.3 per sec) @ chr2:170000000-175000000
ForkPoolWorker-40,  processing 26 (27869.1 per sec) reads @ chr12:15000000-20000000
ForkPoolWorker-40 countReadsInRegions_worker: processing 5000000 (6898204.1 per sec) @ chr12:15000000-20000000
ForkPoolWorker-40,  processing 0 (0.0 per sec) reads @ chrUn_KI270465v1:0-1774
ForkPoolWorker-40 countReadsInRegions_worker: processing 1774 (237047.9 per sec) @ chrUn_KI270465v1:0-1774
ForkPoolWorker-40,  processing 5 (8815.3 per sec) reads @ chrX:155000000-156040895
ForkPoolWorker-40 countReadsInRegions_worker: processing 1040895 (6493649.7 per sec) @ chrX:155000000-156040895
ForkPoolWorker-9,  processing 105 (5274.8 per sec) reads @ chr12:5000000-10000000
ForkPoolWorker-9 countReadsInRegions_worker: processing 5000000 (6801674.1 per sec) @ chr12:5000000-10000000
ForkPoolWorker-9,  processing 82 (45870.0 per sec) reads @ chr12:55000000-60000000
ForkPoolWorker-9 countReadsInRegions_worker: processing 5000000 (6867637.8 per sec) @ chr12:55000000-60000000
ForkPoolWorker-9,  processing 57 (48337.1 per sec) reads @ chr11:85000000-90000000
ForkPoolWorker-9 countReadsInRegions_worker: processing 5000000 (6955843.4 per sec) @ chr11:85000000-90000000
ForkPoolWorker-9,  processing 0 (0.0 per sec) reads @ chr22_KI270737v1_random:0-103838
ForkPoolWorker-9 countReadsInRegions_worker: processing 103838 (5120968.6 per sec) @ chr22_KI270737v1_random:0-103838
ForkPoolWorker-9,  processing 72 (53553.8 per sec) reads @ chr6:80000000-85000000
ForkPoolWorker-9 countReadsInRegions_worker: processing 5000000 (7121939.7 per sec) @ chr6:80000000-85000000
ForkPoolWorker-9,  processing 43 (41933.3 per sec) reads @ chr18:70000000-75000000
ForkPoolWorker-9 countReadsInRegions_worker: processing 5000000 (7105071.2 per sec) @ chr18:70000000-75000000
ForkPoolWorker-9,  processing 29 (31188.4 per sec) reads @ chr13:15000000-20000000
ForkPoolWorker-9 countReadsInRegions_worker: processing 5000000 (7125329.8 per sec) @ chr13:15000000-20000000
ForkPoolWorker-9,  processing 41 (40188.5 per sec) reads @ chr7:20000000-25000000
ForkPoolWorker-9 countReadsInRegions_worker: processing 5000000 (7175859.1 per sec) @ chr7:20000000-25000000
ForkPoolWorker-9,  processing 364 (94143.6 per sec) reads @ chr8:100000000-105000000
ForkPoolWorker-9 countReadsInRegions_worker: processing 5000000 (7149970.1 per sec) @ chr8:100000000-105000000
ForkPoolWorker-9,  processing 0 (0.0 per sec) reads @ chr15:0-5000000
ForkPoolWorker-9 countReadsInRegions_worker: processing 5000000 (7177212.3 per sec) @ chr15:0-5000000
ForkPoolWorker-9,  processing 147 (69393.7 per sec) reads @ chr16:30000000-35000000
ForkPoolWorker-9 countReadsInRegions_worker: processing 5000000 (7112604.0 per sec) @ chr16:30000000-35000000
ForkPoolWorker-9,  processing 97 (61915.6 per sec) reads @ chr1:200000000-205000000
ForkPoolWorker-9 countReadsInRegions_worker: processing 5000000 (7137700.3 per sec) @ chr1:200000000-205000000
ForkPoolWorker-18,  processing 22 (1190.5 per sec) reads @ chr13:100000000-105000000
ForkPoolWorker-18 countReadsInRegions_worker: processing 5000000 (6394495.0 per sec) @ chr13:100000000-105000000
ForkPoolWorker-18,  processing 101 (44058.7 per sec) reads @ chr12:110000000-115000000
ForkPoolWorker-18 countReadsInRegions_worker: processing 5000000 (6563632.1 per sec) @ chr12:110000000-115000000
ForkPoolWorker-18,  processing 125 (68080.5 per sec) reads @ chrX:105000000-110000000
ForkPoolWorker-18 countReadsInRegions_worker: processing 5000000 (6719198.9 per sec) @ chrX:105000000-110000000
ForkPoolWorker-18,  processing 182 (69195.4 per sec) reads @ chr17:60000000-65000000
ForkPoolWorker-18 countReadsInRegions_worker: processing 5000000 (6821075.7 per sec) @ chr17:60000000-65000000
ForkPoolWorker-18,  processing 37 (36827.1 per sec) reads @ chr4:75000000-80000000
ForkPoolWorker-18 countReadsInRegions_worker: processing 5000000 (6787024.9 per sec) @ chr4:75000000-80000000
ForkPoolWorker-18,  processing 21 (24860.4 per sec) reads @ chr7:85000000-90000000
ForkPoolWorker-18 countReadsInRegions_worker: processing 5000000 (6855411.6 per sec) @ chr7:85000000-90000000
ForkPoolWorker-18,  processing 70 (56364.2 per sec) reads @ chr6:90000000-95000000
ForkPoolWorker-18 countReadsInRegions_worker: processing 5000000 (6900737.3 per sec) @ chr6:90000000-95000000
ForkPoolWorker-18,  processing 49 (44150.6 per sec) reads @ chr6:105000000-110000000
ForkPoolWorker-18 countReadsInRegions_worker: processing 5000000 (6919932.6 per sec) @ chr6:105000000-110000000
ForkPoolWorker-18,  processing 0 (0.0 per sec) reads @ chrY:45000000-50000000
ForkPoolWorker-18 countReadsInRegions_worker: processing 5000000 (6995886.5 per sec) @ chrY:45000000-50000000
ForkPoolWorker-18,  processing 1 (2268.4 per sec) reads @ chrUn_KI270467v1:0-3920
ForkPoolWorker-18 countReadsInRegions_worker: processing 3920 (549851.9 per sec) @ chrUn_KI270467v1:0-3920
ForkPoolWorker-18,  processing 27 (32720.7 per sec) reads @ chr3:145000000-150000000
ForkPoolWorker-18 countReadsInRegions_worker: processing 5000000 (7003215.2 per sec) @ chr3:145000000-150000000
ForkPoolWorker-18,  processing 0 (0.0 per sec) reads @ chrUn_KI270423v1:0-981
ForkPoolWorker-18 countReadsInRegions_worker: processing 981 (139176.4 per sec) @ chrUn_KI270423v1:0-981
ForkPoolWorker-13,  processing 0 (0.0 per sec) reads @ chr18:15000000-20000000
ForkPoolWorker-13 countReadsInRegions_worker: processing 5000000 (6736054.5 per sec) @ chr18:15000000-20000000
ForkPoolWorker-13,  processing 27 (18543.7 per sec) reads @ chr3:75000000-80000000
ForkPoolWorker-13 countReadsInRegions_worker: processing 5000000 (6626171.1 per sec) @ chr3:75000000-80000000
ForkPoolWorker-13,  processing 0 (0.0 per sec) reads @ chrUn_KI270756v1:0-79590
ForkPoolWorker-13 countReadsInRegions_worker: processing 79590 (4562378.3 per sec) @ chrUn_KI270756v1:0-79590
ForkPoolWorker-13,  processing 73 (46244.4 per sec) reads @ chr12:50000000-55000000
ForkPoolWorker-13 countReadsInRegions_worker: processing 5000000 (6707136.8 per sec) @ chr12:50000000-55000000
ForkPoolWorker-13,  processing 36 (24937.2 per sec) reads @ chr3:30000000-35000000
ForkPoolWorker-13 countReadsInRegions_worker: processing 5000000 (6772838.9 per sec) @ chr3:30000000-35000000
ForkPoolWorker-13,  processing 0 (0.0 per sec) reads @ chrUn_KI270336v1:0-1026
ForkPoolWorker-13 countReadsInRegions_worker: processing 1026 (129806.8 per sec) @ chrUn_KI270336v1:0-1026
ForkPoolWorker-13,  processing 0 (0.0 per sec) reads @ chrUn_KI270511v1:0-8127
ForkPoolWorker-13 countReadsInRegions_worker: processing 8127 (1169609.8 per sec) @ chrUn_KI270511v1:0-8127
ForkPoolWorker-13,  processing 129 (69563.5 per sec) reads @ chr6:115000000-120000000
ForkPoolWorker-13 countReadsInRegions_worker: processing 5000000 (6769773.7 per sec) @ chr6:115000000-120000000
ForkPoolWorker-13,  processing 50 (41315.1 per sec) reads @ chr2:210000000-215000000
ForkPoolWorker-13 countReadsInRegions_worker: processing 5000000 (6852206.3 per sec) @ chr2:210000000-215000000
ForkPoolWorker-13,  processing 0 (0.0 per sec) reads @ chrUn_KI270519v1:0-138126
ForkPoolWorker-13 countReadsInRegions_worker: processing 138126 (4195367.1 per sec) @ chrUn_KI270519v1:0-138126
ForkPoolWorker-13,  processing 28 (31019.7 per sec) reads @ chr6:120000000-125000000
ForkPoolWorker-13 countReadsInRegions_worker: processing 5000000 (7040860.6 per sec) @ chr6:120000000-125000000
ForkPoolWorker-13,  processing 0 (0.0 per sec) reads @ chrUn_KI270510v1:0-2415
ForkPoolWorker-13 countReadsInRegions_worker: processing 2415 (329053.2 per sec) @ chrUn_KI270510v1:0-2415
ForkPoolWorker-13,  processing 86 (50371.5 per sec) reads @ chr2:70000000-75000000
ForkPoolWorker-13 countReadsInRegions_worker: processing 5000000 (7016197.6 per sec) @ chr2:70000000-75000000
ForkPoolWorker-13,  processing 25 (23702.0 per sec) reads @ chr5:110000000-115000000
ForkPoolWorker-13 countReadsInRegions_worker: processing 5000000 (7012347.8 per sec) @ chr5:110000000-115000000
ForkPoolWorker-13,  processing 65 (47998.2 per sec) reads @ chr20:0-5000000
ForkPoolWorker-13 countReadsInRegions_worker: processing 5000000 (6963883.7 per sec) @ chr20:0-5000000
ForkPoolWorker-13,  processing 0 (0.0 per sec) reads @ chrUn_KI270754v1:0-40191
ForkPoolWorker-13 countReadsInRegions_worker: processing 40191 (3516265.2 per sec) @ chrUn_KI270754v1:0-40191
ForkPoolWorker-14,  processing 19 (1034.6 per sec) reads @ chr4:35000000-40000000
ForkPoolWorker-14 countReadsInRegions_worker: processing 5000000 (6361070.3 per sec) @ chr4:35000000-40000000
ForkPoolWorker-14,  processing 35 (25849.7 per sec) reads @ chr7:45000000-50000000
ForkPoolWorker-14 countReadsInRegions_worker: processing 5000000 (6598029.5 per sec) @ chr7:45000000-50000000
ForkPoolWorker-14,  processing 149 (50318.1 per sec) reads @ chr16:70000000-75000000
ForkPoolWorker-14 countReadsInRegions_worker: processing 5000000 (6684030.5 per sec) @ chr16:70000000-75000000
ForkPoolWorker-14,  processing 101 (51218.1 per sec) reads @ chr8:70000000-75000000
ForkPoolWorker-14 countReadsInRegions_worker: processing 5000000 (6774626.4 per sec) @ chr8:70000000-75000000
ForkPoolWorker-14,  processing 32 (31827.8 per sec) reads @ chr5:5000000-10000000
ForkPoolWorker-14 countReadsInRegions_worker: processing 5000000 (6783567.2 per sec) @ chr5:5000000-10000000
ForkPoolWorker-14,  processing 0 (0.0 per sec) reads @ chr1:130000000-135000000
ForkPoolWorker-14 countReadsInRegions_worker: processing 5000000 (6848440.3 per sec) @ chr1:130000000-135000000
ForkPoolWorker-14,  processing 0 (0.0 per sec) reads @ chrUn_KI270530v1:0-2168
ForkPoolWorker-14 countReadsInRegions_worker: processing 2168 (202360.0 per sec) @ chrUn_KI270530v1:0-2168
ForkPoolWorker-14,  processing 16 (23342.2 per sec) reads @ chr1:100000000-105000000
ForkPoolWorker-14 countReadsInRegions_worker: processing 5000000 (6907299.0 per sec) @ chr1:100000000-105000000
ForkPoolWorker-14,  processing 65 (48458.9 per sec) reads @ chr2:235000000-240000000
ForkPoolWorker-14 countReadsInRegions_worker: processing 5000000 (6781507.4 per sec) @ chr2:235000000-240000000
ForkPoolWorker-14,  processing 45 (37264.3 per sec) reads @ chr4:135000000-140000000
ForkPoolWorker-14 countReadsInRegions_worker: processing 5000000 (6972091.1 per sec) @ chr4:135000000-140000000
ForkPoolWorker-14,  processing 0 (0.0 per sec) reads @ chrUn_KI270425v1:0-1884
ForkPoolWorker-14 countReadsInRegions_worker: processing 1884 (276209.2 per sec) @ chrUn_KI270425v1:0-1884
ForkPoolWorker-14,  processing 90 (58807.8 per sec) reads @ chr20:35000000-40000000
ForkPoolWorker-14 countReadsInRegions_worker: processing 5000000 (6949979.0 per sec) @ chr20:35000000-40000000
ForkPoolWorker-29,  processing 22 (1449.2 per sec) reads @ chr18:60000000-65000000
ForkPoolWorker-29 countReadsInRegions_worker: processing 5000000 (6374901.5 per sec) @ chr18:60000000-65000000
ForkPoolWorker-29,  processing 39 (28577.5 per sec) reads @ chr3:175000000-180000000
ForkPoolWorker-29 countReadsInRegions_worker: processing 5000000 (6592232.5 per sec) @ chr3:175000000-180000000
ForkPoolWorker-29,  processing 59 (46237.7 per sec) reads @ chr21:45000000-46709983
ForkPoolWorker-29 countReadsInRegions_worker: processing 1709983 (6899227.5 per sec) @ chr21:45000000-46709983
ForkPoolWorker-29,  processing 29 (31568.9 per sec) reads @ chr6:65000000-70000000
ForkPoolWorker-29 countReadsInRegions_worker: processing 5000000 (7199530.6 per sec) @ chr6:65000000-70000000
ForkPoolWorker-29,  processing 4 (7197.4 per sec) reads @ chr5:45000000-50000000
ForkPoolWorker-29 countReadsInRegions_worker: processing 5000000 (7180161.0 per sec) @ chr5:45000000-50000000
ForkPoolWorker-29,  processing 34 (34884.1 per sec) reads @ chr1:195000000-200000000
ForkPoolWorker-29 countReadsInRegions_worker: processing 5000000 (7166518.8 per sec) @ chr1:195000000-200000000
ForkPoolWorker-29,  processing 57 (46639.7 per sec) reads @ chr16:45000000-50000000
ForkPoolWorker-29 countReadsInRegions_worker: processing 5000000 (7143966.2 per sec) @ chr16:45000000-50000000
ForkPoolWorker-29,  processing 48 (43948.2 per sec) reads @ chr9:105000000-110000000
ForkPoolWorker-29 countReadsInRegions_worker: processing 5000000 (7132908.0 per sec) @ chr9:105000000-110000000
ForkPoolWorker-29,  processing 39 (34379.5 per sec) reads @ chrX:0-5000000
ForkPoolWorker-29 countReadsInRegions_worker: processing 5000000 (7121593.8 per sec) @ chrX:0-5000000
ForkPoolWorker-29,  processing 0 (0.0 per sec) reads @ chrUn_KI270335v1:0-1048
ForkPoolWorker-29 countReadsInRegions_worker: processing 1048 (145175.7 per sec) @ chrUn_KI270335v1:0-1048
ForkPoolWorker-29,  processing 112 (63826.4 per sec) reads @ chr2:110000000-115000000
ForkPoolWorker-29 countReadsInRegions_worker: processing 5000000 (7110137.1 per sec) @ chr2:110000000-115000000
ForkPoolWorker-29,  processing 229 (77918.0 per sec) reads @ chr12:10000000-15000000
ForkPoolWorker-29 countReadsInRegions_worker: processing 5000000 (7091328.8 per sec) @ chr12:10000000-15000000
ForkPoolWorker-7,  processing 74 (3682.1 per sec) reads @ chr1:115000000-120000000
ForkPoolWorker-7 countReadsInRegions_worker: processing 5000000 (6398053.3 per sec) @ chr1:115000000-120000000
ForkPoolWorker-7,  processing 0 (0.0 per sec) reads @ chr8:145000000-145138636
ForkPoolWorker-7 countReadsInRegions_worker: processing 138636 (3905496.3 per sec) @ chr8:145000000-145138636
ForkPoolWorker-7,  processing 65 (29416.2 per sec) reads @ chr1:30000000-35000000
ForkPoolWorker-7 countReadsInRegions_worker: processing 5000000 (7032839.7 per sec) @ chr1:30000000-35000000
ForkPoolWorker-7,  processing 54 (44210.9 per sec) reads @ chr15:60000000-65000000
ForkPoolWorker-7 countReadsInRegions_worker: processing 5000000 (6936416.5 per sec) @ chr15:60000000-65000000
ForkPoolWorker-7,  processing 31 (28887.7 per sec) reads @ chr4:185000000-190000000
ForkPoolWorker-7 countReadsInRegions_worker: processing 5000000 (6884609.9 per sec) @ chr4:185000000-190000000
ForkPoolWorker-7,  processing 0 (0.0 per sec) reads @ chrUn_KI270424v1:0-2140
ForkPoolWorker-7 countReadsInRegions_worker: processing 2140 (297035.2 per sec) @ chrUn_KI270424v1:0-2140
ForkPoolWorker-7,  processing 2 (3070.5 per sec) reads @ chr21:10000000-15000000
ForkPoolWorker-7 countReadsInRegions_worker: processing 5000000 (6835266.4 per sec) @ chr21:10000000-15000000
ForkPoolWorker-7,  processing 59 (47397.8 per sec) reads @ chr15:90000000-95000000
ForkPoolWorker-7 countReadsInRegions_worker: processing 5000000 (6858149.0 per sec) @ chr15:90000000-95000000
ForkPoolWorker-7,  processing 5987 (99541.8 per sec) reads @ chr1:225000000-230000000
ForkPoolWorker-7 countReadsInRegions_worker: processing 5000000 (6346062.0 per sec) @ chr1:225000000-230000000
ForkPoolWorker-7,  processing 21 (25434.7 per sec) reads @ chr9:65000000-70000000
ForkPoolWorker-7 countReadsInRegions_worker: processing 5000000 (6947821.6 per sec) @ chr9:65000000-70000000
ForkPoolWorker-7,  processing 39 (38032.5 per sec) reads @ chr3:60000000-65000000
ForkPoolWorker-7 countReadsInRegions_worker: processing 5000000 (6987229.7 per sec) @ chr3:60000000-65000000
ForkPoolWorker-7,  processing 29 (31381.5 per sec) reads @ chr8:15000000-20000000
ForkPoolWorker-7 countReadsInRegions_worker: processing 5000000 (6983469.7 per sec) @ chr8:15000000-20000000
ForkPoolWorker-23,  processing 208 (12464.1 per sec) reads @ chr12:20000000-25000000
ForkPoolWorker-23 countReadsInRegions_worker: processing 5000000 (6804805.8 per sec) @ chr12:20000000-25000000
ForkPoolWorker-23,  processing 60 (27025.2 per sec) reads @ chrX:115000000-120000000
ForkPoolWorker-23 countReadsInRegions_worker: processing 5000000 (6832182.2 per sec) @ chrX:115000000-120000000
ForkPoolWorker-23,  processing 0 (0.0 per sec) reads @ chr14:5000000-10000000
ForkPoolWorker-23 countReadsInRegions_worker: processing 5000000 (6995102.4 per sec) @ chr14:5000000-10000000
ForkPoolWorker-23,  processing 32 (34300.5 per sec) reads @ chr2:15000000-20000000
ForkPoolWorker-23 countReadsInRegions_worker: processing 5000000 (7014714.4 per sec) @ chr2:15000000-20000000
ForkPoolWorker-23,  processing 4 (7713.7 per sec) reads @ chrY:0-5000000
ForkPoolWorker-23 countReadsInRegions_worker: processing 5000000 (7046716.0 per sec) @ chrY:0-5000000
ForkPoolWorker-23,  processing 48 (42771.7 per sec) reads @ chr3:5000000-10000000
ForkPoolWorker-23 countReadsInRegions_worker: processing 5000000 (7079280.8 per sec) @ chr3:5000000-10000000
ForkPoolWorker-23,  processing 47 (43411.6 per sec) reads @ chr6:70000000-75000000
ForkPoolWorker-23 countReadsInRegions_worker: processing 5000000 (7160103.3 per sec) @ chr6:70000000-75000000
ForkPoolWorker-23,  processing 33 (37418.8 per sec) reads @ chr2:195000000-200000000
ForkPoolWorker-23 countReadsInRegions_worker: processing 5000000 (7164709.4 per sec) @ chr2:195000000-200000000
ForkPoolWorker-23,  processing 35 (37738.0 per sec) reads @ chr8:35000000-40000000
ForkPoolWorker-23 countReadsInRegions_worker: processing 5000000 (7133478.2 per sec) @ chr8:35000000-40000000
ForkPoolWorker-23,  processing 46 (46190.6 per sec) reads @ chrX:65000000-70000000
ForkPoolWorker-23 countReadsInRegions_worker: processing 5000000 (7156719.1 per sec) @ chrX:65000000-70000000
ForkPoolWorker-23,  processing 0 (0.0 per sec) reads @ chrUn_KI270583v1:0-1400
ForkPoolWorker-23 countReadsInRegions_worker: processing 1400 (212808.5 per sec) @ chrUn_KI270583v1:0-1400
ForkPoolWorker-23,  processing 35 (37127.1 per sec) reads @ chr6:145000000-150000000
ForkPoolWorker-23 countReadsInRegions_worker: processing 5000000 (7148846.5 per sec) @ chr6:145000000-150000000
ForkPoolWorker-44,  processing 166 (11453.2 per sec) reads @ chr22:40000000-45000000
ForkPoolWorker-44 countReadsInRegions_worker: processing 5000000 (6837015.7 per sec) @ chr22:40000000-45000000
ForkPoolWorker-44,  processing 38 (27913.1 per sec) reads @ chr21:20000000-25000000
ForkPoolWorker-44 countReadsInRegions_worker: processing 5000000 (6888452.0 per sec) @ chr21:20000000-25000000
ForkPoolWorker-44,  processing 34 (36735.3 per sec) reads @ chr20:5000000-10000000
ForkPoolWorker-44 countReadsInRegions_worker: processing 5000000 (6988354.3 per sec) @ chr20:5000000-10000000
ForkPoolWorker-44,  processing 123 (63714.9 per sec) reads @ chr6:40000000-45000000
ForkPoolWorker-44 countReadsInRegions_worker: processing 5000000 (7021128.1 per sec) @ chr6:40000000-45000000
ForkPoolWorker-44,  processing 197 (69922.8 per sec) reads @ chr16:25000000-30000000
ForkPoolWorker-44 countReadsInRegions_worker: processing 5000000 (7051070.7 per sec) @ chr16:25000000-30000000
ForkPoolWorker-44,  processing 85 (53418.6 per sec) reads @ chr2:230000000-235000000
ForkPoolWorker-44 countReadsInRegions_worker: processing 5000000 (7124867.4 per sec) @ chr2:230000000-235000000
ForkPoolWorker-44,  processing 32 (34888.9 per sec) reads @ chr7:15000000-20000000
ForkPoolWorker-44 countReadsInRegions_worker: processing 5000000 (7165757.2 per sec) @ chr7:15000000-20000000
ForkPoolWorker-44,  processing 48 (47437.9 per sec) reads @ chr5:95000000-100000000
ForkPoolWorker-44 countReadsInRegions_worker: processing 5000000 (7162776.2 per sec) @ chr5:95000000-100000000
ForkPoolWorker-44,  processing 0 (0.0 per sec) reads @ chrUn_KI270468v1:0-4055
ForkPoolWorker-44 countReadsInRegions_worker: processing 4055 (408039.5 per sec) @ chrUn_KI270468v1:0-4055
ForkPoolWorker-44,  processing 84 (64292.3 per sec) reads @ chr3:100000000-105000000
ForkPoolWorker-44 countReadsInRegions_worker: processing 5000000 (7180109.4 per sec) @ chr3:100000000-105000000
ForkPoolWorker-44,  processing 25 (30411.1 per sec) reads @ chr4:120000000-125000000
ForkPoolWorker-44 countReadsInRegions_worker: processing 5000000 (7140524.3 per sec) @ chr4:120000000-125000000
ForkPoolWorker-44,  processing 232 (76723.1 per sec) reads @ chr1:25000000-30000000
ForkPoolWorker-44 countReadsInRegions_worker: processing 5000000 (7143968.6 per sec) @ chr1:25000000-30000000
ForkPoolWorker-48,  processing 20 (1759.1 per sec) reads @ chr18:25000000-30000000
ForkPoolWorker-48 countReadsInRegions_worker: processing 5000000 (6817518.9 per sec) @ chr18:25000000-30000000
ForkPoolWorker-48,  processing 0 (0.0 per sec) reads @ chrUn_KI270438v1:0-112505
ForkPoolWorker-48 countReadsInRegions_worker: processing 112505 (5322537.1 per sec) @ chrUn_KI270438v1:0-112505
ForkPoolWorker-48,  processing 144 (67416.0 per sec) reads @ chrX:95000000-100000000
ForkPoolWorker-48 countReadsInRegions_worker: processing 5000000 (7098212.6 per sec) @ chrX:95000000-100000000
ForkPoolWorker-48,  processing 0 (0.0 per sec) reads @ chrUn_KI270394v1:0-970
ForkPoolWorker-48 countReadsInRegions_worker: processing 970 (142533.5 per sec) @ chrUn_KI270394v1:0-970
ForkPoolWorker-48,  processing 0 (0.0 per sec) reads @ chrUn_KI270412v1:0-1179
ForkPoolWorker-48 countReadsInRegions_worker: processing 1179 (186945.6 per sec) @ chrUn_KI270412v1:0-1179
ForkPoolWorker-48,  processing 43 (31602.4 per sec) reads @ chr5:35000000-40000000
ForkPoolWorker-48 countReadsInRegions_worker: processing 5000000 (7026237.4 per sec) @ chr5:35000000-40000000
ForkPoolWorker-48,  processing 0 (0.0 per sec) reads @ chrUn_KI270395v1:0-1143
ForkPoolWorker-48 countReadsInRegions_worker: processing 1143 (179164.7 per sec) @ chrUn_KI270395v1:0-1143
ForkPoolWorker-48,  processing 92 (56472.4 per sec) reads @ chr10:70000000-75000000
ForkPoolWorker-48 countReadsInRegions_worker: processing 5000000 (6954906.8 per sec) @ chr10:70000000-75000000
ForkPoolWorker-48,  processing 106 (51811.7 per sec) reads @ chr22:35000000-40000000
ForkPoolWorker-48 countReadsInRegions_worker: processing 5000000 (7007616.9 per sec) @ chr22:35000000-40000000
ForkPoolWorker-48,  processing 3 (6153.0 per sec) reads @ chr1_KI270711v1_random:0-42210
ForkPoolWorker-48 countReadsInRegions_worker: processing 42210 (3583039.6 per sec) @ chr1_KI270711v1_random:0-42210
ForkPoolWorker-48,  processing 24 (28331.9 per sec) reads @ chr6:95000000-100000000
ForkPoolWorker-48 countReadsInRegions_worker: processing 5000000 (7110583.1 per sec) @ chr6:95000000-100000000
ForkPoolWorker-48,  processing 1087 (83338.7 per sec) reads @ chr6:25000000-30000000
ForkPoolWorker-48 countReadsInRegions_worker: processing 5000000 (7026079.7 per sec) @ chr6:25000000-30000000
ForkPoolWorker-48,  processing 36 (31391.9 per sec) reads @ chr15:45000000-50000000
ForkPoolWorker-48 countReadsInRegions_worker: processing 5000000 (7094478.6 per sec) @ chr15:45000000-50000000
ForkPoolWorker-48,  processing 53 (46613.1 per sec) reads @ chr10:95000000-100000000
ForkPoolWorker-48 countReadsInRegions_worker: processing 5000000 (7106470.0 per sec) @ chr10:95000000-100000000
ForkPoolWorker-48,  processing 71 (50568.1 per sec) reads @ chr19:50000000-55000000
ForkPoolWorker-48 countReadsInRegions_worker: processing 5000000 (7106152.2 per sec) @ chr19:50000000-55000000
ForkPoolWorker-48,  processing 62 (49760.2 per sec) reads @ chr6:5000000-10000000
ForkPoolWorker-48 countReadsInRegions_worker: processing 5000000 (7112266.3 per sec) @ chr6:5000000-10000000
ForkPoolWorker-27,  processing 79 (4826.4 per sec) reads @ chr8:5000000-10000000
ForkPoolWorker-27 countReadsInRegions_worker: processing 5000000 (6821439.6 per sec) @ chr8:5000000-10000000
ForkPoolWorker-27,  processing 1 (2392.6 per sec) reads @ chr17_KI270729v1_random:0-280839
ForkPoolWorker-27 countReadsInRegions_worker: processing 280839 (6240525.5 per sec) @ chr17_KI270729v1_random:0-280839
ForkPoolWorker-27,  processing 58 (46478.7 per sec) reads @ chr11:125000000-130000000
ForkPoolWorker-27 countReadsInRegions_worker: processing 5000000 (7343995.2 per sec) @ chr11:125000000-130000000
ForkPoolWorker-27,  processing 117 (61318.7 per sec) reads @ chr11:65000000-70000000
ForkPoolWorker-27 countReadsInRegions_worker: processing 5000000 (7328353.5 per sec) @ chr11:65000000-70000000
ForkPoolWorker-27,  processing 39 (36358.7 per sec) reads @ chr2:145000000-150000000
ForkPoolWorker-27 countReadsInRegions_worker: processing 5000000 (7311381.3 per sec) @ chr2:145000000-150000000
ForkPoolWorker-27,  processing 1 (2128.0 per sec) reads @ chr16:90000000-90338345
ForkPoolWorker-27 countReadsInRegions_worker: processing 338345 (6378046.8 per sec) @ chr16:90000000-90338345
ForkPoolWorker-27,  processing 2 (3849.8 per sec) reads @ chr22_KI270738v1_random:0-99375
ForkPoolWorker-27 countReadsInRegions_worker: processing 99375 (4734905.1 per sec) @ chr22_KI270738v1_random:0-99375
ForkPoolWorker-27,  processing 120 (61282.9 per sec) reads @ chr1:10000000-15000000
ForkPoolWorker-27 countReadsInRegions_worker: processing 5000000 (7114565.7 per sec) @ chr1:10000000-15000000
ForkPoolWorker-27,  processing 0 (0.0 per sec) reads @ chrUn_KI270509v1:0-2318
ForkPoolWorker-27 countReadsInRegions_worker: processing 2318 (313423.5 per sec) @ chrUn_KI270509v1:0-2318
ForkPoolWorker-27,  processing 40 (40573.7 per sec) reads @ chr4:80000000-85000000
ForkPoolWorker-27 countReadsInRegions_worker: processing 5000000 (7202210.9 per sec) @ chr4:80000000-85000000
ForkPoolWorker-27,  processing 62 (43683.3 per sec) reads @ chr12:75000000-80000000
ForkPoolWorker-27 countReadsInRegions_worker: processing 5000000 (7195116.6 per sec) @ chr12:75000000-80000000
ForkPoolWorker-27,  processing 99 (56772.8 per sec) reads @ chr9:35000000-40000000
ForkPoolWorker-27 countReadsInRegions_worker: processing 5000000 (7162497.3 per sec) @ chr9:35000000-40000000
ForkPoolWorker-27,  processing 74 (44422.3 per sec) reads @ chr20:50000000-55000000
ForkPoolWorker-27 countReadsInRegions_worker: processing 5000000 (7166925.3 per sec) @ chr20:50000000-55000000
ForkPoolWorker-27,  processing 37 (35246.3 per sec) reads @ chr6:140000000-145000000
ForkPoolWorker-27 countReadsInRegions_worker: processing 5000000 (7167721.4 per sec) @ chr6:140000000-145000000
ForkPoolWorker-27,  processing 22 (26334.1 per sec) reads @ chr3:20000000-25000000
ForkPoolWorker-27 countReadsInRegions_worker: processing 5000000 (7160044.6 per sec) @ chr3:20000000-25000000
ForkPoolWorker-27,  processing 0 (0.0 per sec) reads @ chrUn_KI270579v1:0-31033
ForkPoolWorker-27 countReadsInRegions_worker: processing 31033 (2826717.0 per sec) @ chrUn_KI270579v1:0-31033
ForkPoolWorker-38,  processing 50 (3594.1 per sec) reads @ chr22:25000000-30000000
ForkPoolWorker-38 countReadsInRegions_worker: processing 5000000 (6377788.3 per sec) @ chr22:25000000-30000000
ForkPoolWorker-38,  processing 0 (0.0 per sec) reads @ chrUn_KI270378v1:0-1048
ForkPoolWorker-38 countReadsInRegions_worker: processing 1048 (135466.9 per sec) @ chrUn_KI270378v1:0-1048
ForkPoolWorker-38,  processing 638 (90382.9 per sec) reads @ chr1:90000000-95000000
ForkPoolWorker-38 countReadsInRegions_worker: processing 5000000 (6529034.5 per sec) @ chr1:90000000-95000000
ForkPoolWorker-38,  processing 0 (0.0 per sec) reads @ chrUn_KI270753v1:0-62944
ForkPoolWorker-38 countReadsInRegions_worker: processing 62944 (4070150.9 per sec) @ chrUn_KI270753v1:0-62944
ForkPoolWorker-38,  processing 37 (35667.5 per sec) reads @ chr4:50000000-55000000
ForkPoolWorker-38 countReadsInRegions_worker: processing 5000000 (6908948.8 per sec) @ chr4:50000000-55000000
ForkPoolWorker-38,  processing 250 (83498.6 per sec) reads @ chr14:105000000-107043718
ForkPoolWorker-38 countReadsInRegions_worker: processing 2043718 (6908175.1 per sec) @ chr14:105000000-107043718
ForkPoolWorker-38,  processing 61 (45533.5 per sec) reads @ chr7:155000000-159345973
ForkPoolWorker-38 countReadsInRegions_worker: processing 4345973 (7108255.4 per sec) @ chr7:155000000-159345973
ForkPoolWorker-38,  processing 21 (25875.6 per sec) reads @ chrY:15000000-20000000
ForkPoolWorker-38 countReadsInRegions_worker: processing 5000000 (7133264.7 per sec) @ chrY:15000000-20000000
ForkPoolWorker-38,  processing 37 (33685.5 per sec) reads @ chr2:115000000-120000000
ForkPoolWorker-38 countReadsInRegions_worker: processing 5000000 (7117528.5 per sec) @ chr2:115000000-120000000
ForkPoolWorker-38,  processing 19 (23675.5 per sec) reads @ chr7:110000000-115000000
ForkPoolWorker-38 countReadsInRegions_worker: processing 5000000 (7099668.8 per sec) @ chr7:110000000-115000000
ForkPoolWorker-38,  processing 107 (57346.1 per sec) reads @ chr10:115000000-120000000
ForkPoolWorker-38 countReadsInRegions_worker: processing 5000000 (7090082.1 per sec) @ chr10:115000000-120000000
ForkPoolWorker-38,  processing 25 (27586.8 per sec) reads @ chr13:85000000-90000000
ForkPoolWorker-38 countReadsInRegions_worker: processing 5000000 (7088208.2 per sec) @ chr13:85000000-90000000
ForkPoolWorker-38,  processing 0 (0.0 per sec) reads @ chrUn_KI270420v1:0-2321
ForkPoolWorker-38 countReadsInRegions_worker: processing 2321 (317121.0 per sec) @ chrUn_KI270420v1:0-2321
ForkPoolWorker-38,  processing 0 (0.0 per sec) reads @ chrUn_KI270435v1:0-92983
ForkPoolWorker-38 countReadsInRegions_worker: processing 92983 (4997808.2 per sec) @ chrUn_KI270435v1:0-92983
ForkPoolWorker-38,  processing 0 (0.0 per sec) reads @ chrUn_KI270742v1:0-186739
ForkPoolWorker-38 countReadsInRegions_worker: processing 186739 (5824299.4 per sec) @ chrUn_KI270742v1:0-186739
ForkPoolWorker-38,  processing 165 (81256.3 per sec) reads @ chr8:90000000-95000000
ForkPoolWorker-38 countReadsInRegions_worker: processing 5000000 (7073791.1 per sec) @ chr8:90000000-95000000
ForkPoolWorker-5,  processing 0 (0.0 per sec) reads @ chrUn_KI270382v1:0-4215
ForkPoolWorker-5 countReadsInRegions_worker: processing 4215 (389679.8 per sec) @ chrUn_KI270382v1:0-4215
ForkPoolWorker-5,  processing 42 (7067.4 per sec) reads @ chr3:120000000-125000000
ForkPoolWorker-5 countReadsInRegions_worker: processing 5000000 (6451151.7 per sec) @ chr3:120000000-125000000
ForkPoolWorker-5,  processing 24 (16299.1 per sec) reads @ chr14:80000000-85000000
ForkPoolWorker-5 countReadsInRegions_worker: processing 5000000 (6503555.1 per sec) @ chr14:80000000-85000000
ForkPoolWorker-5,  processing 39 (37953.1 per sec) reads @ chr4:125000000-130000000
ForkPoolWorker-5 countReadsInRegions_worker: processing 5000000 (6692426.0 per sec) @ chr4:125000000-130000000
ForkPoolWorker-5,  processing 89 (49653.2 per sec) reads @ chr18:5000000-10000000
ForkPoolWorker-5 countReadsInRegions_worker: processing 5000000 (6687534.6 per sec) @ chr18:5000000-10000000
ForkPoolWorker-5,  processing 0 (0.0 per sec) reads @ chrUn_KI270373v1:0-1451
ForkPoolWorker-5 countReadsInRegions_worker: processing 1451 (141645.4 per sec) @ chrUn_KI270373v1:0-1451
ForkPoolWorker-5,  processing 51 (48439.7 per sec) reads @ chr5:125000000-130000000
ForkPoolWorker-5 countReadsInRegions_worker: processing 5000000 (6774263.2 per sec) @ chr5:125000000-130000000
ForkPoolWorker-5,  processing 38 (28497.0 per sec) reads @ chr15:100000000-101991189
ForkPoolWorker-5 countReadsInRegions_worker: processing 1991189 (6942660.0 per sec) @ chr15:100000000-101991189
ForkPoolWorker-5,  processing 87 (51532.9 per sec) reads @ chr11:45000000-50000000
ForkPoolWorker-5 countReadsInRegions_worker: processing 5000000 (7119403.5 per sec) @ chr11:45000000-50000000
ForkPoolWorker-5,  processing 20 (22969.9 per sec) reads @ chr1:190000000-195000000
ForkPoolWorker-5 countReadsInRegions_worker: processing 5000000 (7100329.8 per sec) @ chr1:190000000-195000000
ForkPoolWorker-5,  processing 38 (34187.8 per sec) reads @ chr6:160000000-165000000
ForkPoolWorker-5 countReadsInRegions_worker: processing 5000000 (7091530.2 per sec) @ chr6:160000000-165000000
ForkPoolWorker-5,  processing 133 (64572.6 per sec) reads @ chr7:135000000-140000000
ForkPoolWorker-5 countReadsInRegions_worker: processing 5000000 (7073953.4 per sec) @ chr7:135000000-140000000
ForkPoolWorker-5,  processing 0 (0.0 per sec) reads @ chrUn_KI270337v1:0-1121
ForkPoolWorker-5 countReadsInRegions_worker: processing 1121 (154746.4 per sec) @ chrUn_KI270337v1:0-1121
ForkPoolWorker-5,  processing 1 (2238.2 per sec) reads @ chr1_KI270706v1_random:0-175055
ForkPoolWorker-5 countReadsInRegions_worker: processing 175055 (5567481.5 per sec) @ chr1_KI270706v1_random:0-175055
ForkPoolWorker-5,  processing 1 (2098.2 per sec) reads @ chr4:190000000-190214555
ForkPoolWorker-5 countReadsInRegions_worker: processing 214555 (6098307.2 per sec) @ chr4:190000000-190214555
ForkPoolWorker-5,  processing 29 (29352.0 per sec) reads @ chr2:190000000-195000000
ForkPoolWorker-5 countReadsInRegions_worker: processing 5000000 (7121818.8 per sec) @ chr2:190000000-195000000
ForkPoolWorker-22,  processing 63 (3504.7 per sec) reads @ chr3:195000000-198295559
ForkPoolWorker-22 countReadsInRegions_worker: processing 3295559 (7387205.1 per sec) @ chr3:195000000-198295559
ForkPoolWorker-22,  processing 31 (30987.5 per sec) reads @ chr20:15000000-20000000
ForkPoolWorker-22 countReadsInRegions_worker: processing 5000000 (7481249.2 per sec) @ chr20:15000000-20000000
ForkPoolWorker-22,  processing 0 (0.0 per sec) reads @ chrUn_KI270393v1:0-1308
ForkPoolWorker-22 countReadsInRegions_worker: processing 1308 (189360.4 per sec) @ chrUn_KI270393v1:0-1308
ForkPoolWorker-22,  processing 29 (23948.6 per sec) reads @ chr2:20000000-25000000
ForkPoolWorker-22 countReadsInRegions_worker: processing 5000000 (7421006.7 per sec) @ chr2:20000000-25000000
ForkPoolWorker-22,  processing 0 (0.0 per sec) reads @ chrUn_KI270384v1:0-1658
ForkPoolWorker-22 countReadsInRegions_worker: processing 1658 (242398.0 per sec) @ chrUn_KI270384v1:0-1658
ForkPoolWorker-22,  processing 28 (34259.2 per sec) reads @ chr5:25000000-30000000
ForkPoolWorker-22 countReadsInRegions_worker: processing 5000000 (7391385.9 per sec) @ chr5:25000000-30000000
ForkPoolWorker-22,  processing 1 (2368.3 per sec) reads @ chr1_KI270708v1_random:0-127682
ForkPoolWorker-22 countReadsInRegions_worker: processing 127682 (5295165.2 per sec) @ chr1_KI270708v1_random:0-127682
ForkPoolWorker-22,  processing 27 (28612.0 per sec) reads @ chr10:10000000-15000000
ForkPoolWorker-22 countReadsInRegions_worker: processing 5000000 (7420757.2 per sec) @ chr10:10000000-15000000
ForkPoolWorker-22,  processing 68 (52719.5 per sec) reads @ chr3:110000000-115000000
ForkPoolWorker-22 countReadsInRegions_worker: processing 5000000 (7385432.8 per sec) @ chr3:110000000-115000000
ForkPoolWorker-22,  processing 0 (0.0 per sec) reads @ chrUn_KI270417v1:0-2043
ForkPoolWorker-22 countReadsInRegions_worker: processing 2043 (295675.2 per sec) @ chrUn_KI270417v1:0-2043
ForkPoolWorker-22,  processing 114 (61332.8 per sec) reads @ chr17:0-5000000
ForkPoolWorker-22 countReadsInRegions_worker: processing 5000000 (7384642.3 per sec) @ chr17:0-5000000
ForkPoolWorker-22,  processing 0 (0.0 per sec) reads @ chrUn_KI270371v1:0-2805
ForkPoolWorker-22 countReadsInRegions_worker: processing 2805 (402718.7 per sec) @ chrUn_KI270371v1:0-2805
ForkPoolWorker-22,  processing 0 (0.0 per sec) reads @ chrEBV:0-171823
ForkPoolWorker-22 countReadsInRegions_worker: processing 171823 (6192348.4 per sec) @ chrEBV:0-171823
ForkPoolWorker-22,  processing 41 (43735.1 per sec) reads @ chr12:40000000-45000000
ForkPoolWorker-22 countReadsInRegions_worker: processing 5000000 (7381481.6 per sec) @ chr12:40000000-45000000
ForkPoolWorker-22,  processing 40 (42270.6 per sec) reads @ chrX:110000000-115000000
ForkPoolWorker-22 countReadsInRegions_worker: processing 5000000 (7365672.3 per sec) @ chrX:110000000-115000000
ForkPoolWorker-22,  processing 0 (0.0 per sec) reads @ chrUn_KI270375v1:0-2378
ForkPoolWorker-22 countReadsInRegions_worker: processing 2378 (338332.9 per sec) @ chrUn_KI270375v1:0-2378
ForkPoolWorker-22,  processing 0 (0.0 per sec) reads @ chrUn_KI270392v1:0-971
ForkPoolWorker-22 countReadsInRegions_worker: processing 971 (158741.4 per sec) @ chrUn_KI270392v1:0-971
ForkPoolWorker-22,  processing 79 (52205.8 per sec) reads @ chr2:25000000-30000000
ForkPoolWorker-22 countReadsInRegions_worker: processing 5000000 (7343997.8 per sec) @ chr2:25000000-30000000
ForkPoolWorker-22,  processing 51 (43575.0 per sec) reads @ chr5:130000000-135000000
ForkPoolWorker-22 countReadsInRegions_worker: processing 5000000 (7357728.4 per sec) @ chr5:130000000-135000000
ForkPoolWorker-22,  processing 34 (37756.5 per sec) reads @ chr2:75000000-80000000
ForkPoolWorker-22 countReadsInRegions_worker: processing 5000000 (7653169.1 per sec) @ chr2:75000000-80000000
ForkPoolWorker-4,  processing 191 (8750.4 per sec) reads @ chr11:60000000-65000000
ForkPoolWorker-4 countReadsInRegions_worker: processing 5000000 (6786737.1 per sec) @ chr11:60000000-65000000
ForkPoolWorker-4,  processing 23 (18975.0 per sec) reads @ chr3:160000000-165000000
ForkPoolWorker-4 countReadsInRegions_worker: processing 5000000 (6892282.5 per sec) @ chr3:160000000-165000000
ForkPoolWorker-4,  processing 535 (83735.8 per sec) reads @ chr14:30000000-35000000
ForkPoolWorker-4 countReadsInRegions_worker: processing 5000000 (6951529.4 per sec) @ chr14:30000000-35000000
ForkPoolWorker-4,  processing 28 (29731.8 per sec) reads @ chr5:20000000-25000000
ForkPoolWorker-4 countReadsInRegions_worker: processing 5000000 (7038750.3 per sec) @ chr5:20000000-25000000
ForkPoolWorker-4,  processing 0 (0.0 per sec) reads @ chrUn_KI270388v1:0-1216
ForkPoolWorker-4 countReadsInRegions_worker: processing 1216 (184012.5 per sec) @ chrUn_KI270388v1:0-1216
ForkPoolWorker-4,  processing 43 (42080.0 per sec) reads @ chr13:60000000-65000000
ForkPoolWorker-4 countReadsInRegions_worker: processing 5000000 (7082058.8 per sec) @ chr13:60000000-65000000
ForkPoolWorker-4,  processing 0 (0.0 per sec) reads @ chrUn_KI270385v1:0-990
ForkPoolWorker-4 countReadsInRegions_worker: processing 990 (153586.4 per sec) @ chrUn_KI270385v1:0-990
ForkPoolWorker-4,  processing 0 (0.0 per sec) reads @ chr14:10000000-15000000
ForkPoolWorker-4 countReadsInRegions_worker: processing 5000000 (7156592.1 per sec) @ chr14:10000000-15000000
ForkPoolWorker-4,  processing 93 (53346.6 per sec) reads @ chr1:5000000-10000000
ForkPoolWorker-4 countReadsInRegions_worker: processing 5000000 (7173232.8 per sec) @ chr1:5000000-10000000
ForkPoolWorker-4,  processing 54 (45526.1 per sec) reads @ chr15:95000000-100000000
ForkPoolWorker-4 countReadsInRegions_worker: processing 5000000 (7170812.0 per sec) @ chr15:95000000-100000000
ForkPoolWorker-4,  processing 35 (35796.3 per sec) reads @ chr12:65000000-70000000
ForkPoolWorker-4 countReadsInRegions_worker: processing 5000000 (7182187.3 per sec) @ chr12:65000000-70000000
ForkPoolWorker-4,  processing 174 (82093.2 per sec) reads @ chr3:150000000-155000000
ForkPoolWorker-4 countReadsInRegions_worker: processing 5000000 (7164888.1 per sec) @ chr3:150000000-155000000
ForkPoolWorker-4,  processing 41 (38985.8 per sec) reads @ chr1:245000000-248956422
ForkPoolWorker-4 countReadsInRegions_worker: processing 3956422 (7052795.0 per sec) @ chr1:245000000-248956422
ForkPoolWorker-4,  processing 0 (0.0 per sec) reads @ chrUn_KI270316v1:0-1444
ForkPoolWorker-4 countReadsInRegions_worker: processing 1444 (217980.0 per sec) @ chrUn_KI270316v1:0-1444
ForkPoolWorker-4,  processing 37 (44403.2 per sec) reads @ chr5:160000000-165000000
ForkPoolWorker-4 countReadsInRegions_worker: processing 5000000 (7731287.7 per sec) @ chr5:160000000-165000000
ForkPoolWorker-4,  processing 0 (0.0 per sec) reads @ chrUn_KI270582v1:0-6504
ForkPoolWorker-4 countReadsInRegions_worker: processing 6504 (969050.9 per sec) @ chrUn_KI270582v1:0-6504
ForkPoolWorker-31,  processing 14 (928.9 per sec) reads @ chr9:40000000-45000000
ForkPoolWorker-31 countReadsInRegions_worker: processing 5000000 (6924859.0 per sec) @ chr9:40000000-45000000
ForkPoolWorker-31,  processing 5 (7497.9 per sec) reads @ chrUn_GL000195v1:0-182896
ForkPoolWorker-31 countReadsInRegions_worker: processing 182896 (5216845.1 per sec) @ chrUn_GL000195v1:0-182896
ForkPoolWorker-31,  processing 59 (34161.2 per sec) reads @ chr17:45000000-50000000
ForkPoolWorker-31 countReadsInRegions_worker: processing 5000000 (7231124.8 per sec) @ chr17:45000000-50000000
ForkPoolWorker-31,  processing 48 (44005.8 per sec) reads @ chr9:5000000-10000000
ForkPoolWorker-31 countReadsInRegions_worker: processing 5000000 (7269601.2 per sec) @ chr9:5000000-10000000
ForkPoolWorker-31,  processing 75 (55024.1 per sec) reads @ chr17:25000000-30000000
ForkPoolWorker-31 countReadsInRegions_worker: processing 5000000 (7139675.9 per sec) @ chr17:25000000-30000000
ForkPoolWorker-31,  processing 122 (62024.9 per sec) reads @ chr9:125000000-130000000
ForkPoolWorker-31 countReadsInRegions_worker: processing 5000000 (7126777.8 per sec) @ chr9:125000000-130000000
ForkPoolWorker-31,  processing 132 (63375.5 per sec) reads @ chr19:45000000-50000000
ForkPoolWorker-31 countReadsInRegions_worker: processing 5000000 (7130640.4 per sec) @ chr19:45000000-50000000
ForkPoolWorker-31,  processing 79 (56825.6 per sec) reads @ chr13:80000000-85000000
ForkPoolWorker-31 countReadsInRegions_worker: processing 5000000 (7176058.0 per sec) @ chr13:80000000-85000000
ForkPoolWorker-31,  processing 25 (25031.7 per sec) reads @ chr4:140000000-145000000
ForkPoolWorker-31 countReadsInRegions_worker: processing 5000000 (6992581.1 per sec) @ chr4:140000000-145000000
ForkPoolWorker-31,  processing 0 (0.0 per sec) reads @ chrUn_KI270508v1:0-1951
ForkPoolWorker-31 countReadsInRegions_worker: processing 1951 (282311.7 per sec) @ chrUn_KI270508v1:0-1951
ForkPoolWorker-31,  processing 0 (0.0 per sec) reads @ chr1:125000000-130000000
ForkPoolWorker-31 countReadsInRegions_worker: processing 5000000 (7196896.9 per sec) @ chr1:125000000-130000000
ForkPoolWorker-31,  processing 0 (0.0 per sec) reads @ chrUn_KI270396v1:0-1880
ForkPoolWorker-31 countReadsInRegions_worker: processing 1880 (272611.6 per sec) @ chrUn_KI270396v1:0-1880
ForkPoolWorker-31,  processing 55 (48230.5 per sec) reads @ chr11:80000000-85000000
ForkPoolWorker-31 countReadsInRegions_worker: processing 5000000 (7170257.9 per sec) @ chr11:80000000-85000000
ForkPoolWorker-31,  processing 0 (0.0 per sec) reads @ chrY:30000000-35000000
ForkPoolWorker-31 countReadsInRegions_worker: processing 5000000 (7195156.1 per sec) @ chrY:30000000-35000000
ForkPoolWorker-31,  processing 0 (0.0 per sec) reads @ chrUn_KI270591v1:0-5796
ForkPoolWorker-31 countReadsInRegions_worker: processing 5796 (834083.1 per sec) @ chrUn_KI270591v1:0-5796
ForkPoolWorker-31,  processing 54 (48960.7 per sec) reads @ chr5:170000000-175000000
ForkPoolWorker-31 countReadsInRegions_worker: processing 5000000 (7890671.9 per sec) @ chr5:170000000-175000000
ForkPoolWorker-25,  processing 199 (10328.1 per sec) reads @ chr6:0-5000000
ForkPoolWorker-25 countReadsInRegions_worker: processing 5000000 (6352203.4 per sec) @ chr6:0-5000000
ForkPoolWorker-25,  processing 76 (47963.8 per sec) reads @ chr4:65000000-70000000
ForkPoolWorker-25 countReadsInRegions_worker: processing 5000000 (6509787.1 per sec) @ chr4:65000000-70000000
ForkPoolWorker-25,  processing 20 (25763.5 per sec) reads @ chrX:55000000-60000000
ForkPoolWorker-25 countReadsInRegions_worker: processing 5000000 (6720820.3 per sec) @ chrX:55000000-60000000
ForkPoolWorker-25,  processing 35 (35918.9 per sec) reads @ chr8:45000000-50000000
ForkPoolWorker-25 countReadsInRegions_worker: processing 5000000 (6777652.2 per sec) @ chr8:45000000-50000000
ForkPoolWorker-25,  processing 58 (41885.3 per sec) reads @ chr20:55000000-60000000
ForkPoolWorker-25 countReadsInRegions_worker: processing 5000000 (6861530.5 per sec) @ chr20:55000000-60000000
ForkPoolWorker-25,  processing 14 (18407.6 per sec) reads @ chr1:95000000-100000000
ForkPoolWorker-25 countReadsInRegions_worker: processing 5000000 (6856220.7 per sec) @ chr1:95000000-100000000
ForkPoolWorker-25,  processing 38 (34107.3 per sec) reads @ chr9:25000000-30000000
ForkPoolWorker-25 countReadsInRegions_worker: processing 5000000 (6902870.1 per sec) @ chr9:25000000-30000000
ForkPoolWorker-25,  processing 0 (0.0 per sec) reads @ chrUn_KI270302v1:0-2274
ForkPoolWorker-25 countReadsInRegions_worker: processing 2274 (251141.4 per sec) @ chrUn_KI270302v1:0-2274
ForkPoolWorker-25,  processing 123 (65369.9 per sec) reads @ chrX:100000000-105000000
ForkPoolWorker-25 countReadsInRegions_worker: processing 5000000 (6887020.0 per sec) @ chrX:100000000-105000000
ForkPoolWorker-25,  processing 474 (87577.6 per sec) reads @ chr12:120000000-125000000
ForkPoolWorker-25 countReadsInRegions_worker: processing 5000000 (6913654.5 per sec) @ chr12:120000000-125000000
ForkPoolWorker-25,  processing 119 (55637.3 per sec) reads @ chr19:10000000-15000000
ForkPoolWorker-25 countReadsInRegions_worker: processing 5000000 (6950255.4 per sec) @ chr19:10000000-15000000
ForkPoolWorker-25,  processing 115 (59453.3 per sec) reads @ chr11:30000000-35000000
ForkPoolWorker-25 countReadsInRegions_worker: processing 5000000 (7334520.1 per sec) @ chr11:30000000-35000000
ForkPoolWorker-47,  processing 1 (92.7 per sec) reads @ chr14_GL000194v1_random:0-191469
ForkPoolWorker-47 countReadsInRegions_worker: processing 191469 (4413226.2 per sec) @ chr14_GL000194v1_random:0-191469
ForkPoolWorker-47,  processing 30 (23418.8 per sec) reads @ chr2:225000000-230000000
ForkPoolWorker-47 countReadsInRegions_worker: processing 5000000 (7729546.7 per sec) @ chr2:225000000-230000000
ForkPoolWorker-47,  processing 541 (86604.3 per sec) reads @ chr6:35000000-40000000
ForkPoolWorker-47 countReadsInRegions_worker: processing 5000000 (7151384.2 per sec) @ chr6:35000000-40000000
ForkPoolWorker-47,  processing 42 (41159.1 per sec) reads @ chr8:135000000-140000000
ForkPoolWorker-47 countReadsInRegions_worker: processing 5000000 (7113424.3 per sec) @ chr8:135000000-140000000
ForkPoolWorker-47,  processing 78 (56048.6 per sec) reads @ chr7:145000000-150000000
ForkPoolWorker-47 countReadsInRegions_worker: processing 5000000 (7059724.9 per sec) @ chr7:145000000-150000000
ForkPoolWorker-47,  processing 0 (0.0 per sec) reads @ chrUn_KI270372v1:0-1650
ForkPoolWorker-47 countReadsInRegions_worker: processing 1650 (246987.9 per sec) @ chrUn_KI270372v1:0-1650
ForkPoolWorker-47,  processing 121 (64478.6 per sec) reads @ chr13:110000000-114364328
ForkPoolWorker-47 countReadsInRegions_worker: processing 4364328 (7088976.6 per sec) @ chr13:110000000-114364328
ForkPoolWorker-47,  processing 0 (0.0 per sec) reads @ chrUn_KI270590v1:0-4685
ForkPoolWorker-47 countReadsInRegions_worker: processing 4685 (651082.3 per sec) @ chrUn_KI270590v1:0-4685
ForkPoolWorker-47,  processing 43 (44248.1 per sec) reads @ chr6:60000000-65000000
ForkPoolWorker-47 countReadsInRegions_worker: processing 5000000 (7367258.4 per sec) @ chr6:60000000-65000000
ForkPoolWorker-47,  processing 42 (41420.4 per sec) reads @ chr3:135000000-140000000
ForkPoolWorker-47 countReadsInRegions_worker: processing 5000000 (7334096.9 per sec) @ chr3:135000000-140000000
ForkPoolWorker-47,  processing 29 (31462.7 per sec) reads @ chr4:60000000-65000000
ForkPoolWorker-47 countReadsInRegions_worker: processing 5000000 (7348799.9 per sec) @ chr4:60000000-65000000
ForkPoolWorker-47,  processing 181 (69706.1 per sec) reads @ chr16:85000000-90000000
ForkPoolWorker-47 countReadsInRegions_worker: processing 5000000 (7332612.1 per sec) @ chr16:85000000-90000000
ForkPoolWorker-47,  processing 0 (0.0 per sec) reads @ chrUn_GL000226v1:0-15008
ForkPoolWorker-47 countReadsInRegions_worker: processing 15008 (1804653.4 per sec) @ chrUn_GL000226v1:0-15008
ForkPoolWorker-47,  processing 197 (72378.9 per sec) reads @ chr14:20000000-25000000
ForkPoolWorker-47 countReadsInRegions_worker: processing 5000000 (7318236.8 per sec) @ chr14:20000000-25000000
ForkPoolWorker-47,  processing 55 (48812.3 per sec) reads @ chr7:30000000-35000000
ForkPoolWorker-47 countReadsInRegions_worker: processing 5000000 (7314887.8 per sec) @ chr7:30000000-35000000
ForkPoolWorker-47,  processing 108 (71856.7 per sec) reads @ chr13:50000000-55000000
ForkPoolWorker-47 countReadsInRegions_worker: processing 5000000 (7676147.9 per sec) @ chr13:50000000-55000000
ForkPoolWorker-12,  processing 15 (784.0 per sec) reads @ chr19:25000000-30000000
ForkPoolWorker-12 countReadsInRegions_worker: processing 5000000 (6891088.9 per sec) @ chr19:25000000-30000000
ForkPoolWorker-12,  processing 0 (0.0 per sec) reads @ chr15:15000000-20000000
ForkPoolWorker-12 countReadsInRegions_worker: processing 5000000 (6924372.0 per sec) @ chr15:15000000-20000000
ForkPoolWorker-12,  processing 108 (55834.4 per sec) reads @ chr4:0-5000000
ForkPoolWorker-12 countReadsInRegions_worker: processing 5000000 (7018325.0 per sec) @ chr4:0-5000000
ForkPoolWorker-12,  processing 30 (30232.8 per sec) reads @ chr21:25000000-30000000
ForkPoolWorker-12 countReadsInRegions_worker: processing 5000000 (7063039.4 per sec) @ chr21:25000000-30000000
ForkPoolWorker-12,  processing 0 (0.0 per sec) reads @ chrUn_KI270310v1:0-1201
ForkPoolWorker-12 countReadsInRegions_worker: processing 1201 (183303.3 per sec) @ chrUn_KI270310v1:0-1201
ForkPoolWorker-12,  processing 133 (75629.4 per sec) reads @ chr2:155000000-160000000
ForkPoolWorker-12 countReadsInRegions_worker: processing 5000000 (7095750.8 per sec) @ chr2:155000000-160000000
ForkPoolWorker-12,  processing 0 (0.0 per sec) reads @ chr5_GL000208v1_random:0-92689
ForkPoolWorker-12 countReadsInRegions_worker: processing 92689 (4789054.2 per sec) @ chr5_GL000208v1_random:0-92689
ForkPoolWorker-12,  processing 70 (48754.8 per sec) reads @ chr7:25000000-30000000
ForkPoolWorker-12 countReadsInRegions_worker: processing 5000000 (7145994.0 per sec) @ chr7:25000000-30000000
ForkPoolWorker-12,  processing 17 (25142.2 per sec) reads @ chr15:20000000-25000000
ForkPoolWorker-12 countReadsInRegions_worker: processing 5000000 (7232898.0 per sec) @ chr15:20000000-25000000
ForkPoolWorker-12,  processing 0 (0.0 per sec) reads @ chrUn_KI270752v1:0-27745
ForkPoolWorker-12 countReadsInRegions_worker: processing 27745 (2990542.1 per sec) @ chrUn_KI270752v1:0-27745
ForkPoolWorker-12,  processing 77 (52676.8 per sec) reads @ chr11:55000000-60000000
ForkPoolWorker-12 countReadsInRegions_worker: processing 5000000 (7187213.5 per sec) @ chr11:55000000-60000000
ForkPoolWorker-12,  processing 0 (0.0 per sec) reads @ chrUn_KI270419v1:0-1029
ForkPoolWorker-12 countReadsInRegions_worker: processing 1029 (164793.4 per sec) @ chrUn_KI270419v1:0-1029
ForkPoolWorker-12,  processing 139 (73751.8 per sec) reads @ chrX:35000000-40000000
ForkPoolWorker-12 countReadsInRegions_worker: processing 5000000 (7206064.1 per sec) @ chrX:35000000-40000000
ForkPoolWorker-12,  processing 25 (31871.6 per sec) reads @ chr7:55000000-60000000
ForkPoolWorker-12 countReadsInRegions_worker: processing 5000000 (7187110.1 per sec) @ chr7:55000000-60000000
ForkPoolWorker-12,  processing 110 (65285.6 per sec) reads @ chr15:25000000-30000000
ForkPoolWorker-12 countReadsInRegions_worker: processing 5000000 (7135653.0 per sec) @ chr15:25000000-30000000
ForkPoolWorker-12,  processing 32 (37025.6 per sec) reads @ chr4:55000000-60000000
ForkPoolWorker-12 countReadsInRegions_worker: processing 5000000 (7903974.2 per sec) @ chr4:55000000-60000000
ForkPoolWorker-34,  processing 24 (1893.0 per sec) reads @ chr9:80000000-85000000
ForkPoolWorker-34 countReadsInRegions_worker: processing 5000000 (6965944.7 per sec) @ chr9:80000000-85000000
ForkPoolWorker-34,  processing 39 (31824.5 per sec) reads @ chr10:25000000-30000000
ForkPoolWorker-34 countReadsInRegions_worker: processing 5000000 (6914461.4 per sec) @ chr10:25000000-30000000
ForkPoolWorker-34,  processing 57 (51182.9 per sec) reads @ chr4:110000000-115000000
ForkPoolWorker-34 countReadsInRegions_worker: processing 5000000 (7026967.3 per sec) @ chr4:110000000-115000000
ForkPoolWorker-34,  processing 0 (0.0 per sec) reads @ chr22_KI270736v1_random:0-181920
ForkPoolWorker-34 countReadsInRegions_worker: processing 181920 (5811552.5 per sec) @ chr22_KI270736v1_random:0-181920
ForkPoolWorker-34,  processing 0 (0.0 per sec) reads @ chrUn_KI270521v1:0-7642
ForkPoolWorker-34 countReadsInRegions_worker: processing 7642 (1021279.9 per sec) @ chrUn_KI270521v1:0-7642
ForkPoolWorker-34,  processing 222 (82694.1 per sec) reads @ chr6:165000000-170000000
ForkPoolWorker-34 countReadsInRegions_worker: processing 5000000 (7259161.0 per sec) @ chr6:165000000-170000000
ForkPoolWorker-34,  processing 42 (35239.2 per sec) reads @ chr1:55000000-60000000
ForkPoolWorker-34 countReadsInRegions_worker: processing 5000000 (7221560.5 per sec) @ chr1:55000000-60000000
ForkPoolWorker-34,  processing 0 (0.0 per sec) reads @ chr17_GL000205v2_random:0-185591
ForkPoolWorker-34 countReadsInRegions_worker: processing 185591 (6224860.8 per sec) @ chr17_GL000205v2_random:0-185591
ForkPoolWorker-34,  processing 59 (47136.0 per sec) reads @ chr2:30000000-35000000
ForkPoolWorker-34 countReadsInRegions_worker: processing 5000000 (7312319.4 per sec) @ chr2:30000000-35000000
ForkPoolWorker-34,  processing 0 (0.0 per sec) reads @ chrY_KI270740v1_random:0-37240
ForkPoolWorker-34 countReadsInRegions_worker: processing 37240 (3384599.5 per sec) @ chrY_KI270740v1_random:0-37240
ForkPoolWorker-34,  processing 84 (50965.1 per sec) reads @ chr3:125000000-130000000
ForkPoolWorker-34 countReadsInRegions_worker: processing 5000000 (7308858.6 per sec) @ chr3:125000000-130000000
ForkPoolWorker-34,  processing 56 (48629.6 per sec) reads @ chr4:165000000-170000000
ForkPoolWorker-34 countReadsInRegions_worker: processing 5000000 (7278050.3 per sec) @ chr4:165000000-170000000
ForkPoolWorker-34,  processing 31 (32152.2 per sec) reads @ chr6:110000000-115000000
ForkPoolWorker-34 countReadsInRegions_worker: processing 5000000 (7288286.6 per sec) @ chr6:110000000-115000000
ForkPoolWorker-34,  processing 123 (65511.0 per sec) reads @ chr1:235000000-240000000
ForkPoolWorker-34 countReadsInRegions_worker: processing 5000000 (7279578.7 per sec) @ chr1:235000000-240000000
ForkPoolWorker-34,  processing 20 (24506.6 per sec) reads @ chr7:90000000-95000000
ForkPoolWorker-34 countReadsInRegions_worker: processing 5000000 (7262947.1 per sec) @ chr7:90000000-95000000
ForkPoolWorker-34,  processing 11 (17799.9 per sec) reads @ chrX:60000000-65000000
ForkPoolWorker-34 countReadsInRegions_worker: processing 5000000 (7983226.2 per sec) @ chrX:60000000-65000000
ForkPoolWorker-43,  processing 59 (4702.9 per sec) reads @ chr5:15000000-20000000
ForkPoolWorker-43 countReadsInRegions_worker: processing 5000000 (6952760.1 per sec) @ chr5:15000000-20000000
ForkPoolWorker-43,  processing 66 (33991.2 per sec) reads @ chr14:60000000-65000000
ForkPoolWorker-43 countReadsInRegions_worker: processing 5000000 (6913510.9 per sec) @ chr14:60000000-65000000
ForkPoolWorker-43,  processing 73 (50903.4 per sec) reads @ chr5:140000000-145000000
ForkPoolWorker-43 countReadsInRegions_worker: processing 5000000 (6965787.4 per sec) @ chr5:140000000-145000000
ForkPoolWorker-43,  processing 47 (42706.3 per sec) reads @ chr10:90000000-95000000
ForkPoolWorker-43 countReadsInRegions_worker: processing 5000000 (7033210.0 per sec) @ chr10:90000000-95000000
ForkPoolWorker-43,  processing 43 (42080.0 per sec) reads @ chr14:70000000-75000000
ForkPoolWorker-43 countReadsInRegions_worker: processing 5000000 (7097208.5 per sec) @ chr14:70000000-75000000
ForkPoolWorker-43,  processing 92 (56340.5 per sec) reads @ chr16:20000000-25000000
ForkPoolWorker-43 countReadsInRegions_worker: processing 5000000 (7172882.0 per sec) @ chr16:20000000-25000000
ForkPoolWorker-43,  processing 52 (43840.0 per sec) reads @ chr3:40000000-45000000
ForkPoolWorker-43 countReadsInRegions_worker: processing 5000000 (7201567.8 per sec) @ chr3:40000000-45000000
ForkPoolWorker-43,  processing 988 (79922.3 per sec) reads @ chr1:15000000-20000000
ForkPoolWorker-43 countReadsInRegions_worker: processing 5000000 (7110860.3 per sec) @ chr1:15000000-20000000
ForkPoolWorker-43,  processing 0 (0.0 per sec) reads @ chr9_KI270718v1_random:0-38054
ForkPoolWorker-43 countReadsInRegions_worker: processing 38054 (3251111.0 per sec) @ chr9_KI270718v1_random:0-38054
ForkPoolWorker-43,  processing 0 (0.0 per sec) reads @ chrUn_KI270580v1:0-1553
ForkPoolWorker-43 countReadsInRegions_worker: processing 1553 (230371.5 per sec) @ chrUn_KI270580v1:0-1553
ForkPoolWorker-43,  processing 23 (32081.5 per sec) reads @ chrY:5000000-10000000
ForkPoolWorker-43 countReadsInRegions_worker: processing 5000000 (7195580.7 per sec) @ chrY:5000000-10000000
ForkPoolWorker-43,  processing 78 (56728.9 per sec) reads @ chr6:125000000-130000000
ForkPoolWorker-43 countReadsInRegions_worker: processing 5000000 (7204907.9 per sec) @ chr6:125000000-130000000
ForkPoolWorker-43,  processing 133 (76954.4 per sec) reads @ chr2:55000000-60000000
ForkPoolWorker-43 countReadsInRegions_worker: processing 5000000 (7201293.3 per sec) @ chr2:55000000-60000000
ForkPoolWorker-43,  processing 43 (42297.2 per sec) reads @ chr10:80000000-85000000
ForkPoolWorker-43 countReadsInRegions_worker: processing 5000000 (7830254.5 per sec) @ chr10:80000000-85000000
ForkPoolWorker-43,  processing 588 (99985.8 per sec) reads @ chrM:0-16569
ForkPoolWorker-43 countReadsInRegions_worker: processing 16569 (1247002.0 per sec) @ chrM:0-16569
ForkPoolWorker-43,  processing 0 (0.0 per sec) reads @ chrUn_KI270749v1:0-158759
ForkPoolWorker-43 countReadsInRegions_worker: processing 158759 (6466709.2 per sec) @ chrUn_KI270749v1:0-158759
ForkPoolWorker-26,  processing 0 (0.0 per sec) reads @ chr15:5000000-10000000
ForkPoolWorker-26 countReadsInRegions_worker: processing 5000000 (7164136.7 per sec) @ chr15:5000000-10000000
ForkPoolWorker-26,  processing 95 (40366.6 per sec) reads @ chrX:150000000-155000000
ForkPoolWorker-26 countReadsInRegions_worker: processing 5000000 (6984709.4 per sec) @ chrX:150000000-155000000
ForkPoolWorker-26,  processing 96 (61408.1 per sec) reads @ chr11:115000000-120000000
ForkPoolWorker-26 countReadsInRegions_worker: processing 5000000 (7104883.4 per sec) @ chr11:115000000-120000000
ForkPoolWorker-26,  processing 89 (49732.6 per sec) reads @ chr7:140000000-145000000
ForkPoolWorker-26 countReadsInRegions_worker: processing 5000000 (7236983.9 per sec) @ chr7:140000000-145000000
ForkPoolWorker-26,  processing 105 (56274.2 per sec) reads @ chrX:70000000-75000000
ForkPoolWorker-26 countReadsInRegions_worker: processing 5000000 (7209373.6 per sec) @ chrX:70000000-75000000
ForkPoolWorker-26,  processing 0 (0.0 per sec) reads @ chrUn_KI270528v1:0-2983
ForkPoolWorker-26 countReadsInRegions_worker: processing 2983 (418560.4 per sec) @ chrUn_KI270528v1:0-2983
ForkPoolWorker-26,  processing 29 (34782.6 per sec) reads @ chr17:20000000-25000000
ForkPoolWorker-26 countReadsInRegions_worker: processing 5000000 (7235348.4 per sec) @ chr17:20000000-25000000
ForkPoolWorker-26,  processing 0 (0.0 per sec) reads @ chrUn_KI270390v1:0-2387
ForkPoolWorker-26 countReadsInRegions_worker: processing 2387 (339383.2 per sec) @ chrUn_KI270390v1:0-2387
ForkPoolWorker-26,  processing 36 (36192.5 per sec) reads @ chr2:5000000-10000000
ForkPoolWorker-26 countReadsInRegions_worker: processing 5000000 (7254598.2 per sec) @ chr2:5000000-10000000
ForkPoolWorker-26,  processing 31 (33528.5 per sec) reads @ chr7:105000000-110000000
ForkPoolWorker-26 countReadsInRegions_worker: processing 5000000 (7285228.1 per sec) @ chr7:105000000-110000000
ForkPoolWorker-26,  processing 0 (0.0 per sec) reads @ chrUn_KI270366v1:0-8320
ForkPoolWorker-26 countReadsInRegions_worker: processing 8320 (1091986.4 per sec) @ chrUn_KI270366v1:0-8320
ForkPoolWorker-26,  processing 58 (47972.7 per sec) reads @ chr18:0-5000000
ForkPoolWorker-26 countReadsInRegions_worker: processing 5000000 (7291299.5 per sec) @ chr18:0-5000000
ForkPoolWorker-26,  processing 16 (20528.9 per sec) reads @ chr6:75000000-80000000
ForkPoolWorker-26 countReadsInRegions_worker: processing 5000000 (7293870.9 per sec) @ chr6:75000000-80000000
ForkPoolWorker-26,  processing 63 (52242.2 per sec) reads @ chr21:35000000-40000000
ForkPoolWorker-26 countReadsInRegions_worker: processing 5000000 (7304932.9 per sec) @ chr21:35000000-40000000
ForkPoolWorker-26,  processing 118 (58090.1 per sec) reads @ chr1:155000000-160000000
ForkPoolWorker-26 countReadsInRegions_worker: processing 5000000 (7800297.1 per sec) @ chr1:155000000-160000000
ForkPoolWorker-26,  processing 66 (58848.7 per sec) reads @ chr2:215000000-220000000
ForkPoolWorker-26 countReadsInRegions_worker: processing 5000000 (8224670.6 per sec) @ chr2:215000000-220000000
ForkPoolWorker-15,  processing 59 (3181.5 per sec) reads @ chr15:40000000-45000000
ForkPoolWorker-15 countReadsInRegions_worker: processing 5000000 (6328333.1 per sec) @ chr15:40000000-45000000
ForkPoolWorker-15,  processing 53 (15374.4 per sec) reads @ chr9:110000000-115000000
ForkPoolWorker-15 countReadsInRegions_worker: processing 5000000 (6520139.5 per sec) @ chr9:110000000-115000000
ForkPoolWorker-15,  processing 39 (29075.3 per sec) reads @ chr9:15000000-20000000
ForkPoolWorker-15 countReadsInRegions_worker: processing 5000000 (6743568.4 per sec) @ chr9:15000000-20000000
ForkPoolWorker-15,  processing 72 (35836.0 per sec) reads @ chr16:10000000-15000000
ForkPoolWorker-15 countReadsInRegions_worker: processing 5000000 (6881598.5 per sec) @ chr16:10000000-15000000
ForkPoolWorker-15,  processing 180 (72712.6 per sec) reads @ chr5:70000000-75000000
ForkPoolWorker-15 countReadsInRegions_worker: processing 5000000 (6883330.9 per sec) @ chr5:70000000-75000000
ForkPoolWorker-15,  processing 159 (64019.8 per sec) reads @ chr7:0-5000000
ForkPoolWorker-15 countReadsInRegions_worker: processing 5000000 (6867828.9 per sec) @ chr7:0-5000000
ForkPoolWorker-15,  processing 0 (0.0 per sec) reads @ chrUn_KI270589v1:0-44474
ForkPoolWorker-15 countReadsInRegions_worker: processing 44474 (3418816.7 per sec) @ chrUn_KI270589v1:0-44474
ForkPoolWorker-15,  processing 43 (31994.9 per sec) reads @ chr10:120000000-125000000
ForkPoolWorker-15 countReadsInRegions_worker: processing 5000000 (7025886.7 per sec) @ chr10:120000000-125000000
ForkPoolWorker-15,  processing 62 (40958.7 per sec) reads @ chr1:170000000-175000000
ForkPoolWorker-15 countReadsInRegions_worker: processing 5000000 (6986955.0 per sec) @ chr1:170000000-175000000
ForkPoolWorker-15,  processing 117 (57808.2 per sec) reads @ chr14:100000000-105000000
ForkPoolWorker-15 countReadsInRegions_worker: processing 5000000 (6980396.7 per sec) @ chr14:100000000-105000000
ForkPoolWorker-15,  processing 51 (45166.7 per sec) reads @ chr4:145000000-150000000
ForkPoolWorker-15 countReadsInRegions_worker: processing 5000000 (6960386.8 per sec) @ chr4:145000000-150000000
ForkPoolWorker-15,  processing 32 (34961.6 per sec) reads @ chr3:170000000-175000000
ForkPoolWorker-15 countReadsInRegions_worker: processing 5000000 (7366373.4 per sec) @ chr3:170000000-175000000
ForkPoolWorker-30,  processing 71 (4207.8 per sec) reads @ chr11:120000000-125000000
ForkPoolWorker-30 countReadsInRegions_worker: processing 5000000 (6386851.3 per sec) @ chr11:120000000-125000000
ForkPoolWorker-30,  processing 17 (19095.7 per sec) reads @ chr11:100000000-105000000
ForkPoolWorker-30 countReadsInRegions_worker: processing 5000000 (6628715.8 per sec) @ chr11:100000000-105000000
ForkPoolWorker-30,  processing 28 (31418.0 per sec) reads @ chr18:50000000-55000000
ForkPoolWorker-30 countReadsInRegions_worker: processing 5000000 (6740694.3 per sec) @ chr18:50000000-55000000
ForkPoolWorker-30,  processing 33 (34345.4 per sec) reads @ chr20:20000000-25000000
ForkPoolWorker-30 countReadsInRegions_worker: processing 5000000 (6840474.5 per sec) @ chr20:20000000-25000000
ForkPoolWorker-30,  processing 19 (24244.5 per sec) reads @ chr4:25000000-30000000
ForkPoolWorker-30 countReadsInRegions_worker: processing 5000000 (6794547.4 per sec) @ chr4:25000000-30000000
ForkPoolWorker-30,  processing 84 (55335.6 per sec) reads @ chr11:5000000-10000000
ForkPoolWorker-30 countReadsInRegions_worker: processing 5000000 (6848328.5 per sec) @ chr11:5000000-10000000
ForkPoolWorker-30,  processing 106 (56715.9 per sec) reads @ chr19:15000000-20000000
ForkPoolWorker-30 countReadsInRegions_worker: processing 5000000 (6906077.6 per sec) @ chr19:15000000-20000000
ForkPoolWorker-30,  processing 64 (48735.6 per sec) reads @ chr2:10000000-15000000
ForkPoolWorker-30 countReadsInRegions_worker: processing 5000000 (6950621.7 per sec) @ chr2:10000000-15000000
ForkPoolWorker-30,  processing 29 (31900.0 per sec) reads @ chr8:85000000-90000000
ForkPoolWorker-30 countReadsInRegions_worker: processing 5000000 (7007687.2 per sec) @ chr8:85000000-90000000
ForkPoolWorker-30,  processing 137 (69871.1 per sec) reads @ chr7:125000000-130000000
ForkPoolWorker-30 countReadsInRegions_worker: processing 5000000 (7013098.2 per sec) @ chr7:125000000-130000000
ForkPoolWorker-30,  processing 36 (34655.7 per sec) reads @ chr8:30000000-35000000
ForkPoolWorker-30 countReadsInRegions_worker: processing 5000000 (7352278.0 per sec) @ chr8:30000000-35000000
ForkPoolWorker-30,  processing 119 (70447.7 per sec) reads @ chr2:0-5000000
ForkPoolWorker-30 countReadsInRegions_worker: processing 5000000 (8069572.6 per sec) @ chr2:0-5000000
ForkPoolWorker-24,  processing 92 (5086.9 per sec) reads @ chr7:120000000-125000000
ForkPoolWorker-24 countReadsInRegions_worker: processing 5000000 (6364361.7 per sec) @ chr7:120000000-125000000
ForkPoolWorker-24,  processing 0 (0.0 per sec) reads @ chr22:5000000-10000000
ForkPoolWorker-24 countReadsInRegions_worker: processing 5000000 (6574257.5 per sec) @ chr22:5000000-10000000
ForkPoolWorker-24,  processing 37 (31212.6 per sec) reads @ chr14:40000000-45000000
ForkPoolWorker-24 countReadsInRegions_worker: processing 5000000 (6706686.4 per sec) @ chr14:40000000-45000000
ForkPoolWorker-24,  processing 33 (32970.9 per sec) reads @ chrX:85000000-90000000
ForkPoolWorker-24 countReadsInRegions_worker: processing 5000000 (6819372.2 per sec) @ chrX:85000000-90000000
ForkPoolWorker-24,  processing 53 (40307.9 per sec) reads @ chr21:15000000-20000000
ForkPoolWorker-24 countReadsInRegions_worker: processing 5000000 (6540519.0 per sec) @ chr21:15000000-20000000
ForkPoolWorker-24,  processing 147 (66048.5 per sec) reads @ chr19:35000000-40000000
ForkPoolWorker-24 countReadsInRegions_worker: processing 5000000 (6809930.0 per sec) @ chr19:35000000-40000000
ForkPoolWorker-24,  processing 83 (58825.1 per sec) reads @ chrY:10000000-15000000
ForkPoolWorker-24 countReadsInRegions_worker: processing 5000000 (6891430.9 per sec) @ chrY:10000000-15000000
ForkPoolWorker-24,  processing 115 (66548.7 per sec) reads @ chr1:110000000-115000000
ForkPoolWorker-24 countReadsInRegions_worker: processing 5000000 (6825926.7 per sec) @ chr1:110000000-115000000
ForkPoolWorker-24,  processing 175 (64533.4 per sec) reads @ chr11:0-5000000
ForkPoolWorker-24 countReadsInRegions_worker: processing 5000000 (6941993.7 per sec) @ chr11:0-5000000
ForkPoolWorker-24,  processing 0 (0.0 per sec) reads @ chr1_KI270709v1_random:0-66860
ForkPoolWorker-24 countReadsInRegions_worker: processing 66860 (4279562.4 per sec) @ chr1_KI270709v1_random:0-66860
ForkPoolWorker-24,  processing 30 (30174.8 per sec) reads @ chr2:175000000-180000000
ForkPoolWorker-24 countReadsInRegions_worker: processing 5000000 (7004094.6 per sec) @ chr2:175000000-180000000
ForkPoolWorker-24,  processing 40 (40810.5 per sec) reads @ chr4:105000000-110000000
ForkPoolWorker-24 countReadsInRegions_worker: processing 5000000 (7396659.7 per sec) @ chr4:105000000-110000000
ForkPoolWorker-20,  processing 67 (3586.4 per sec) reads @ chr12:115000000-120000000
ForkPoolWorker-20 countReadsInRegions_worker: processing 5000000 (6337708.0 per sec) @ chr12:115000000-120000000
ForkPoolWorker-20,  processing 1177 (59243.4 per sec) reads @ chr17:40000000-45000000
ForkPoolWorker-20 countReadsInRegions_worker: processing 5000000 (6380384.5 per sec) @ chr17:40000000-45000000
ForkPoolWorker-20,  processing 35 (30355.8 per sec) reads @ chr18:10000000-15000000
ForkPoolWorker-20 countReadsInRegions_worker: processing 5000000 (6708896.3 per sec) @ chr18:10000000-15000000
ForkPoolWorker-20,  processing 0 (0.0 per sec) reads @ chrUn_KI270750v1:0-148850
ForkPoolWorker-20 countReadsInRegions_worker: processing 148850 (5362670.9 per sec) @ chrUn_KI270750v1:0-148850
ForkPoolWorker-20,  processing 0 (0.0 per sec) reads @ chrUn_KI270418v1:0-2145
ForkPoolWorker-20 countReadsInRegions_worker: processing 2145 (285621.2 per sec) @ chrUn_KI270418v1:0-2145
ForkPoolWorker-20,  processing 0 (0.0 per sec) reads @ chrUn_KI270529v1:0-1899
ForkPoolWorker-20 countReadsInRegions_worker: processing 1899 (261687.5 per sec) @ chrUn_KI270529v1:0-1899
ForkPoolWorker-20,  processing 34 (33003.1 per sec) reads @ chr3:155000000-160000000
ForkPoolWorker-20 countReadsInRegions_worker: processing 5000000 (7056491.9 per sec) @ chr3:155000000-160000000
ForkPoolWorker-20,  processing 149 (68850.0 per sec) reads @ chr3:50000000-55000000
ForkPoolWorker-20 countReadsInRegions_worker: processing 5000000 (7018745.4 per sec) @ chr3:50000000-55000000
ForkPoolWorker-20,  processing 0 (0.0 per sec) reads @ chr9_KI270717v1_random:0-40062
ForkPoolWorker-20 countReadsInRegions_worker: processing 40062 (3397678.8 per sec) @ chr9_KI270717v1_random:0-40062
ForkPoolWorker-20,  processing 0 (0.0 per sec) reads @ chrUn_KI270338v1:0-1428
ForkPoolWorker-20 countReadsInRegions_worker: processing 1428 (196324.4 per sec) @ chrUn_KI270338v1:0-1428
ForkPoolWorker-20,  processing 95 (52874.1 per sec) reads @ chr8:20000000-25000000
ForkPoolWorker-20 countReadsInRegions_worker: processing 5000000 (7074738.5 per sec) @ chr8:20000000-25000000
ForkPoolWorker-20,  processing 0 (0.0 per sec) reads @ chrUn_GL000213v1:0-164239
ForkPoolWorker-20 countReadsInRegions_worker: processing 164239 (5766373.6 per sec) @ chrUn_GL000213v1:0-164239
ForkPoolWorker-20,  processing 49 (39622.3 per sec) reads @ chr9:85000000-90000000
ForkPoolWorker-20 countReadsInRegions_worker: processing 5000000 (7069479.8 per sec) @ chr9:85000000-90000000
ForkPoolWorker-20,  processing 25685 (100809.8 per sec) reads @ chr22_KI270733v1_random:0-179772
ForkPoolWorker-20 countReadsInRegions_worker: processing 179772 (628339.8 per sec) @ chr22_KI270733v1_random:0-179772
ForkPoolWorker-20,  processing 0 (0.0 per sec) reads @ chrUn_KI270544v1:0-1202
ForkPoolWorker-20 countReadsInRegions_worker: processing 1202 (160553.9 per sec) @ chrUn_KI270544v1:0-1202
ForkPoolWorker-20,  processing 35 (33677.6 per sec) reads @ chrX:135000000-140000000
ForkPoolWorker-20 countReadsInRegions_worker: processing 5000000 (7080103.0 per sec) @ chrX:135000000-140000000
ForkPoolWorker-20,  processing 8 (12087.3 per sec) reads @ chr11:50000000-55000000
ForkPoolWorker-20 countReadsInRegions_worker: processing 5000000 (7062080.9 per sec) @ chr11:50000000-55000000
ForkPoolWorker-20,  processing 0 (0.0 per sec) reads @ chrUn_GL000219v1:0-179198
ForkPoolWorker-20 countReadsInRegions_worker: processing 179198 (5820349.9 per sec) @ chrUn_GL000219v1:0-179198
ForkPoolWorker-20,  processing 38 (32971.4 per sec) reads @ chr7:10000000-15000000
ForkPoolWorker-20 countReadsInRegions_worker: processing 5000000 (7130119.2 per sec) @ chr7:10000000-15000000
ForkPoolWorker-20,  processing 106 (67179.8 per sec) reads @ chr10:60000000-65000000
ForkPoolWorker-20 countReadsInRegions_worker: processing 5000000 (7467040.8 per sec) @ chr10:60000000-65000000
ForkPoolWorker-10,  processing 21 (1075.5 per sec) reads @ chr14:85000000-90000000
ForkPoolWorker-10 countReadsInRegions_worker: processing 5000000 (6357244.6 per sec) @ chr14:85000000-90000000
ForkPoolWorker-10,  processing 0 (0.0 per sec) reads @ chrUn_KI270539v1:0-993
ForkPoolWorker-10 countReadsInRegions_worker: processing 993 (69593.2 per sec) @ chrUn_KI270539v1:0-993
ForkPoolWorker-10,  processing 37 (33295.3 per sec) reads @ chr3:70000000-75000000
ForkPoolWorker-10 countReadsInRegions_worker: processing 5000000 (6580964.5 per sec) @ chr3:70000000-75000000
ForkPoolWorker-10,  processing 38 (30615.4 per sec) reads @ chr21:30000000-35000000
ForkPoolWorker-10 countReadsInRegions_worker: processing 5000000 (6733541.3 per sec) @ chr21:30000000-35000000
ForkPoolWorker-10,  processing 27 (29308.0 per sec) reads @ chr7:80000000-85000000
ForkPoolWorker-10 countReadsInRegions_worker: processing 5000000 (6799411.5 per sec) @ chr7:80000000-85000000
ForkPoolWorker-10,  processing 0 (0.0 per sec) reads @ chrUn_KI270466v1:0-1233
ForkPoolWorker-10 countReadsInRegions_worker: processing 1233 (164904.7 per sec) @ chrUn_KI270466v1:0-1233
ForkPoolWorker-10,  processing 0 (0.0 per sec) reads @ chrUn_KI270303v1:0-1942
ForkPoolWorker-10 countReadsInRegions_worker: processing 1942 (293409.4 per sec) @ chrUn_KI270303v1:0-1942
ForkPoolWorker-10,  processing 43 (40501.9 per sec) reads @ chr18:30000000-35000000
ForkPoolWorker-10 countReadsInRegions_worker: processing 5000000 (6792678.9 per sec) @ chr18:30000000-35000000
ForkPoolWorker-10,  processing 27 (28439.5 per sec) reads @ chr10:55000000-60000000
ForkPoolWorker-10 countReadsInRegions_worker: processing 5000000 (6851460.8 per sec) @ chr10:55000000-60000000
ForkPoolWorker-10,  processing 18 (25601.0 per sec) reads @ chr6:55000000-60000000
ForkPoolWorker-10 countReadsInRegions_worker: processing 5000000 (6905841.1 per sec) @ chr6:55000000-60000000
ForkPoolWorker-10,  processing 41 (41417.7 per sec) reads @ chr5:50000000-55000000
ForkPoolWorker-10 countReadsInRegions_worker: processing 5000000 (6929563.5 per sec) @ chr5:50000000-55000000
ForkPoolWorker-10,  processing 22 (27316.4 per sec) reads @ chr16:60000000-65000000
ForkPoolWorker-10 countReadsInRegions_worker: processing 5000000 (7023545.4 per sec) @ chr16:60000000-65000000
ForkPoolWorker-10,  processing 106 (59422.1 per sec) reads @ chr17:80000000-83257441
ForkPoolWorker-10 countReadsInRegions_worker: processing 3257441 (7040272.5 per sec) @ chr17:80000000-83257441
ForkPoolWorker-10,  processing 0 (0.0 per sec) reads @ chrUn_KI270515v1:0-6361
ForkPoolWorker-10 countReadsInRegions_worker: processing 6361 (853622.4 per sec) @ chrUn_KI270515v1:0-6361
ForkPoolWorker-10,  processing 59 (48771.0 per sec) reads @ chr18:55000000-60000000
ForkPoolWorker-10 countReadsInRegions_worker: processing 5000000 (7057087.9 per sec) @ chr18:55000000-60000000
ForkPoolWorker-10,  processing 71 (57623.0 per sec) reads @ chr3:130000000-135000000
ForkPoolWorker-10 countReadsInRegions_worker: processing 5000000 (7691330.4 per sec) @ chr3:130000000-135000000
ForkPoolWorker-52,  processing 0 (0.0 per sec) reads @ chrUn_KI270333v1:0-2699
ForkPoolWorker-52 countReadsInRegions_worker: processing 2699 (348965.1 per sec) @ chrUn_KI270333v1:0-2699
ForkPoolWorker-52,  processing 84 (30041.1 per sec) reads @ chr13:45000000-50000000
ForkPoolWorker-52 countReadsInRegions_worker: processing 5000000 (6992527.5 per sec) @ chr13:45000000-50000000
ForkPoolWorker-52,  processing 28 (23027.6 per sec) reads @ chrX:45000000-50000000
ForkPoolWorker-52 countReadsInRegions_worker: processing 5000000 (6881975.6 per sec) @ chrX:45000000-50000000
ForkPoolWorker-52,  processing 156 (72243.7 per sec) reads @ chrX:50000000-55000000
ForkPoolWorker-52 countReadsInRegions_worker: processing 5000000 (6970364.6 per sec) @ chrX:50000000-55000000
ForkPoolWorker-52,  processing 93 (62631.7 per sec) reads @ chr1:220000000-225000000
ForkPoolWorker-52 countReadsInRegions_worker: processing 5000000 (6930259.6 per sec) @ chr1:220000000-225000000
ForkPoolWorker-52,  processing 43 (43828.7 per sec) reads @ chr4:85000000-90000000
ForkPoolWorker-52 countReadsInRegions_worker: processing 5000000 (6975862.0 per sec) @ chr4:85000000-90000000
ForkPoolWorker-52,  processing 45 (40183.9 per sec) reads @ chr20:40000000-45000000
ForkPoolWorker-52 countReadsInRegions_worker: processing 5000000 (7055869.9 per sec) @ chr20:40000000-45000000
ForkPoolWorker-52,  processing 36 (33674.2 per sec) reads @ chrX:10000000-15000000
ForkPoolWorker-52 countReadsInRegions_worker: processing 5000000 (7079357.3 per sec) @ chrX:10000000-15000000
ForkPoolWorker-52,  processing 0 (0.0 per sec) reads @ chr14_KI270723v1_random:0-38115
ForkPoolWorker-52 countReadsInRegions_worker: processing 38115 (1443197.7 per sec) @ chr14_KI270723v1_random:0-38115
ForkPoolWorker-52,  processing 62 (47410.5 per sec) reads @ chr17:65000000-70000000
ForkPoolWorker-52 countReadsInRegions_worker: processing 5000000 (7090182.8 per sec) @ chr17:65000000-70000000
ForkPoolWorker-52,  processing 32 (31987.1 per sec) reads @ chrX:145000000-150000000
ForkPoolWorker-52 countReadsInRegions_worker: processing 5000000 (6845346.5 per sec) @ chrX:145000000-150000000
ForkPoolWorker-52,  processing 0 (0.0 per sec) reads @ chr14_KI270722v1_random:0-194050
ForkPoolWorker-52 countReadsInRegions_worker: processing 194050 (5811197.4 per sec) @ chr14_KI270722v1_random:0-194050
ForkPoolWorker-52,  processing 0 (0.0 per sec) reads @ chr13:10000000-15000000
ForkPoolWorker-52 countReadsInRegions_worker: processing 5000000 (7135050.9 per sec) @ chr13:10000000-15000000
ForkPoolWorker-52,  processing 73 (56252.8 per sec) reads @ chr3:35000000-40000000
ForkPoolWorker-52 countReadsInRegions_worker: processing 5000000 (7126044.0 per sec) @ chr3:35000000-40000000
ForkPoolWorker-52,  processing 92 (57387.9 per sec) reads @ chr1:20000000-25000000
ForkPoolWorker-52 countReadsInRegions_worker: processing 5000000 (7811957.4 per sec) @ chr1:20000000-25000000
ForkPoolWorker-52,  processing 1 (2659.7 per sec) reads @ chr14_GL000009v2_random:0-201709
ForkPoolWorker-52 countReadsInRegions_worker: processing 201709 (7021977.1 per sec) @ chr14_GL000009v2_random:0-201709
ForkPoolWorker-42,  processing 38 (3004.7 per sec) reads @ chr11:15000000-20000000
ForkPoolWorker-42 countReadsInRegions_worker: processing 5000000 (6884119.5 per sec) @ chr11:15000000-20000000
ForkPoolWorker-42,  processing 78 (46857.0 per sec) reads @ chr2:35000000-40000000
ForkPoolWorker-42 countReadsInRegions_worker: processing 5000000 (6877917.5 per sec) @ chr2:35000000-40000000
ForkPoolWorker-42,  processing 0 (0.0 per sec) reads @ chrUn_KI270429v1:0-1361
ForkPoolWorker-42 countReadsInRegions_worker: processing 1361 (209430.5 per sec) @ chrUn_KI270429v1:0-1361
ForkPoolWorker-42,  processing 80 (42941.4 per sec) reads @ chr3:10000000-15000000
ForkPoolWorker-42 countReadsInRegions_worker: processing 5000000 (6982532.6 per sec) @ chr3:10000000-15000000
ForkPoolWorker-42,  processing 32 (37138.3 per sec) reads @ chr8:55000000-60000000
ForkPoolWorker-42 countReadsInRegions_worker: processing 5000000 (7038875.5 per sec) @ chr8:55000000-60000000
ForkPoolWorker-42,  processing 17 (23225.8 per sec) reads @ chr3:85000000-90000000
ForkPoolWorker-42 countReadsInRegions_worker: processing 5000000 (7107048.0 per sec) @ chr3:85000000-90000000
ForkPoolWorker-42,  processing 0 (0.0 per sec) reads @ chrUn_KI270389v1:0-1298
ForkPoolWorker-42 countReadsInRegions_worker: processing 1298 (193723.3 per sec) @ chrUn_KI270389v1:0-1298
ForkPoolWorker-42,  processing 68 (57840.7 per sec) reads @ chr10:20000000-25000000
ForkPoolWorker-42 countReadsInRegions_worker: processing 5000000 (7178462.7 per sec) @ chr10:20000000-25000000
ForkPoolWorker-42,  processing 40 (37415.7 per sec) reads @ chr5:150000000-155000000
ForkPoolWorker-42 countReadsInRegions_worker: processing 5000000 (7205814.0 per sec) @ chr5:150000000-155000000
ForkPoolWorker-42,  processing 2 (4527.0 per sec) reads @ chrUn_GL000224v1:0-179693
ForkPoolWorker-42 countReadsInRegions_worker: processing 179693 (5663966.8 per sec) @ chrUn_GL000224v1:0-179693
ForkPoolWorker-42,  processing 702 (94232.9 per sec) reads @ chr1:145000000-150000000
ForkPoolWorker-42 countReadsInRegions_worker: processing 5000000 (7117545.4 per sec) @ chr1:145000000-150000000
ForkPoolWorker-42,  processing 48 (40680.3 per sec) reads @ chr5:40000000-45000000
ForkPoolWorker-42 countReadsInRegions_worker: processing 5000000 (7187004.2 per sec) @ chr5:40000000-45000000
ForkPoolWorker-42,  processing 42 (33851.0 per sec) reads @ chr18:75000000-80000000
ForkPoolWorker-42 countReadsInRegions_worker: processing 5000000 (7129694.9 per sec) @ chr18:75000000-80000000
ForkPoolWorker-42,  processing 95 (65460.6 per sec) reads @ chr11:25000000-30000000
ForkPoolWorker-42 countReadsInRegions_worker: processing 5000000 (7173902.7 per sec) @ chr11:25000000-30000000
ForkPoolWorker-42,  processing 360 (94318.8 per sec) reads @ chr1:140000000-145000000
ForkPoolWorker-42 countReadsInRegions_worker: processing 5000000 (7840682.3 per sec) @ chr1:140000000-145000000
ForkPoolWorker-42,  processing 21 (37657.3 per sec) reads @ chrUn_KI270744v1:0-168472
ForkPoolWorker-42 countReadsInRegions_worker: processing 168472 (6782059.5 per sec) @ chrUn_KI270744v1:0-168472
ForkPoolWorker-50,  processing 35 (2923.3 per sec) reads @ chr1:85000000-90000000
ForkPoolWorker-50 countReadsInRegions_worker: processing 5000000 (6855792.6 per sec) @ chr1:85000000-90000000
ForkPoolWorker-50,  processing 40 (28871.5 per sec) reads @ chr5:90000000-95000000
ForkPoolWorker-50 countReadsInRegions_worker: processing 5000000 (6930385.6 per sec) @ chr5:90000000-95000000
ForkPoolWorker-50,  processing 1 (2361.7 per sec) reads @ chr22_KI270732v1_random:0-41543
ForkPoolWorker-50 countReadsInRegions_worker: processing 41543 (3508173.7 per sec) @ chr22_KI270732v1_random:0-41543
ForkPoolWorker-50,  processing 0 (0.0 per sec) reads @ chrUn_KI270386v1:0-1788
ForkPoolWorker-50 countReadsInRegions_worker: processing 1788 (284467.5 per sec) @ chrUn_KI270386v1:0-1788
ForkPoolWorker-50,  processing 34 (33141.1 per sec) reads @ chr2:80000000-85000000
ForkPoolWorker-50 countReadsInRegions_worker: processing 5000000 (6975008.2 per sec) @ chr2:80000000-85000000
ForkPoolWorker-50,  processing 129 (55705.3 per sec) reads @ chr1:120000000-125000000
ForkPoolWorker-50 countReadsInRegions_worker: processing 5000000 (7056178.5 per sec) @ chr1:120000000-125000000
ForkPoolWorker-50,  processing 19 (22743.1 per sec) reads @ chr8:105000000-110000000
ForkPoolWorker-50 countReadsInRegions_worker: processing 5000000 (7096879.4 per sec) @ chr8:105000000-110000000
ForkPoolWorker-50,  processing 18 (21454.2 per sec) reads @ chr3:90000000-95000000
ForkPoolWorker-50 countReadsInRegions_worker: processing 5000000 (7151618.3 per sec) @ chr3:90000000-95000000
ForkPoolWorker-50,  processing 43 (32851.6 per sec) reads @ chr4:90000000-95000000
ForkPoolWorker-50 countReadsInRegions_worker: processing 5000000 (7158375.3 per sec) @ chr4:90000000-95000000
ForkPoolWorker-50,  processing 47 (35328.4 per sec) reads @ chr10:75000000-80000000
ForkPoolWorker-50 countReadsInRegions_worker: processing 5000000 (7182711.2 per sec) @ chr10:75000000-80000000
ForkPoolWorker-50,  processing 127 (51066.7 per sec) reads @ chr11:75000000-80000000
ForkPoolWorker-50 countReadsInRegions_worker: processing 5000000 (7198502.6 per sec) @ chr11:75000000-80000000
ForkPoolWorker-50,  processing 28 (27855.9 per sec) reads @ chr13:90000000-95000000
ForkPoolWorker-50 countReadsInRegions_worker: processing 5000000 (7215952.3 per sec) @ chr13:90000000-95000000
ForkPoolWorker-50,  processing 0 (0.0 per sec) reads @ chrUn_KI270548v1:0-1599
ForkPoolWorker-50 countReadsInRegions_worker: processing 1599 (228111.0 per sec) @ chrUn_KI270548v1:0-1599
ForkPoolWorker-50,  processing 12 (16946.7 per sec) reads @ chr12:35000000-40000000
ForkPoolWorker-50 countReadsInRegions_worker: processing 5000000 (7211334.6 per sec) @ chr12:35000000-40000000
ForkPoolWorker-50,  processing 42 (42664.3 per sec) reads @ chr5:80000000-85000000
ForkPoolWorker-50 countReadsInRegions_worker: processing 5000000 (7763290.5 per sec) @ chr5:80000000-85000000
ForkPoolWorker-50,  processing 13 (21101.4 per sec) reads @ chr22:50000000-50818468
ForkPoolWorker-50 countReadsInRegions_worker: processing 818468 (7851177.0 per sec) @ chr22:50000000-50818468
ForkPoolWorker-28,  processing 31 (1895.7 per sec) reads @ chr8:0-5000000
ForkPoolWorker-28 countReadsInRegions_worker: processing 5000000 (6343269.1 per sec) @ chr8:0-5000000
ForkPoolWorker-28,  processing 0 (0.0 per sec) reads @ chr1_KI270710v1_random:0-40176
ForkPoolWorker-28 countReadsInRegions_worker: processing 40176 (3103835.9 per sec) @ chr1_KI270710v1_random:0-40176
ForkPoolWorker-28,  processing 97 (45045.1 per sec) reads @ chr12:130000000-133275309
ForkPoolWorker-28 countReadsInRegions_worker: processing 3275309 (6962416.6 per sec) @ chr12:130000000-133275309
ForkPoolWorker-28,  processing 55 (42886.5 per sec) reads @ chr15:30000000-35000000
ForkPoolWorker-28 countReadsInRegions_worker: processing 5000000 (7164193.0 per sec) @ chr15:30000000-35000000
ForkPoolWorker-28,  processing 14 (22733.4 per sec) reads @ chr11_KI270721v1_random:0-100316
ForkPoolWorker-28 countReadsInRegions_worker: processing 100316 (4825070.5 per sec) @ chr11_KI270721v1_random:0-100316
ForkPoolWorker-28,  processing 29 (32776.8 per sec) reads @ chr13:70000000-75000000
ForkPoolWorker-28 countReadsInRegions_worker: processing 5000000 (7168169.8 per sec) @ chr13:70000000-75000000
ForkPoolWorker-28,  processing 0 (0.0 per sec) reads @ chrUn_KI270748v1:0-93321
ForkPoolWorker-28 countReadsInRegions_worker: processing 93321 (5005712.0 per sec) @ chrUn_KI270748v1:0-93321
ForkPoolWorker-28,  processing 85 (58055.0 per sec) reads @ chr8:75000000-80000000
ForkPoolWorker-28 countReadsInRegions_worker: processing 5000000 (7123831.5 per sec) @ chr8:75000000-80000000
ForkPoolWorker-28,  processing 166 (68752.3 per sec) reads @ chr1:0-5000000
ForkPoolWorker-28 countReadsInRegions_worker: processing 5000000 (7094716.2 per sec) @ chr1:0-5000000
ForkPoolWorker-28,  processing 60 (50432.5 per sec) reads @ chr13:25000000-30000000
ForkPoolWorker-28 countReadsInRegions_worker: processing 5000000 (7102001.0 per sec) @ chr13:25000000-30000000
ForkPoolWorker-28,  processing 15 (19239.9 per sec) reads @ chr4:95000000-100000000
ForkPoolWorker-28 countReadsInRegions_worker: processing 5000000 (7072672.3 per sec) @ chr4:95000000-100000000
ForkPoolWorker-28,  processing 64 (48201.7 per sec) reads @ chr2:205000000-210000000
ForkPoolWorker-28 countReadsInRegions_worker: processing 5000000 (7064007.7 per sec) @ chr2:205000000-210000000
ForkPoolWorker-28,  processing 0 (0.0 per sec) reads @ chr9:55000000-60000000
ForkPoolWorker-28 countReadsInRegions_worker: processing 5000000 (7067195.2 per sec) @ chr9:55000000-60000000
ForkPoolWorker-28,  processing 56 (42199.2 per sec) reads @ chr18:35000000-40000000
ForkPoolWorker-28 countReadsInRegions_worker: processing 5000000 (7021283.3 per sec) @ chr18:35000000-40000000
ForkPoolWorker-28,  processing 8 (19553.9 per sec) reads @ chrUn_KI270751v1:0-150742
ForkPoolWorker-28 countReadsInRegions_worker: processing 150742 (6101637.4 per sec) @ chrUn_KI270751v1:0-150742
ForkPoolWorker-28,  processing 34 (34446.0 per sec) reads @ chr2:200000000-205000000
ForkPoolWorker-28 countReadsInRegions_worker: processing 5000000 (7785490.9 per sec) @ chr2:200000000-205000000
ForkPoolWorker-2,  processing 22 (1115.2 per sec) reads @ chr4:10000000-15000000
ForkPoolWorker-2 countReadsInRegions_worker: processing 5000000 (6893102.5 per sec) @ chr4:10000000-15000000
ForkPoolWorker-2,  processing 36 (27172.0 per sec) reads @ chr10:110000000-115000000
ForkPoolWorker-2 countReadsInRegions_worker: processing 5000000 (6958245.9 per sec) @ chr10:110000000-115000000
ForkPoolWorker-2,  processing 59 (37705.9 per sec) reads @ chr9:20000000-25000000
ForkPoolWorker-2 countReadsInRegions_worker: processing 5000000 (7040082.9 per sec) @ chr9:20000000-25000000
ForkPoolWorker-2,  processing 0 (0.0 per sec) reads @ chrUn_KI270329v1:0-1040
ForkPoolWorker-2 countReadsInRegions_worker: processing 1040 (155024.4 per sec) @ chrUn_KI270329v1:0-1040
ForkPoolWorker-2,  processing 0 (0.0 per sec) reads @ chrUn_KI270340v1:0-1428
ForkPoolWorker-2 countReadsInRegions_worker: processing 1428 (236159.1 per sec) @ chrUn_KI270340v1:0-1428
ForkPoolWorker-2,  processing 2 (5026.1 per sec) reads @ chr14_GL000225v1_random:0-211173
ForkPoolWorker-2 countReadsInRegions_worker: processing 211173 (6018289.9 per sec) @ chr14_GL000225v1_random:0-211173
ForkPoolWorker-2,  processing 30 (30690.0 per sec) reads @ chr6:15000000-20000000
ForkPoolWorker-2 countReadsInRegions_worker: processing 5000000 (7297282.0 per sec) @ chr6:15000000-20000000
ForkPoolWorker-2,  processing 90 (55767.1 per sec) reads @ chr20:45000000-50000000
ForkPoolWorker-2 countReadsInRegions_worker: processing 5000000 (7207661.5 per sec) @ chr20:45000000-50000000
ForkPoolWorker-2,  processing 31 (33160.8 per sec) reads @ chr7:130000000-135000000
ForkPoolWorker-2 countReadsInRegions_worker: processing 5000000 (7178681.4 per sec) @ chr7:130000000-135000000
ForkPoolWorker-2,  processing 0 (0.0 per sec) reads @ chrUn_KI270507v1:0-5353
ForkPoolWorker-2 countReadsInRegions_worker: processing 5353 (772612.2 per sec) @ chrUn_KI270507v1:0-5353
ForkPoolWorker-2,  processing 51 (44168.8 per sec) reads @ chr17:50000000-55000000
ForkPoolWorker-2 countReadsInRegions_worker: processing 5000000 (7208357.7 per sec) @ chr17:50000000-55000000
ForkPoolWorker-2,  processing 44 (41668.4 per sec) reads @ chrX:15000000-20000000
ForkPoolWorker-2 countReadsInRegions_worker: processing 5000000 (7181122.4 per sec) @ chrX:15000000-20000000
ForkPoolWorker-2,  processing 0 (0.0 per sec) reads @ chr14_KI270725v1_random:0-172810
ForkPoolWorker-2 countReadsInRegions_worker: processing 172810 (6236761.2 per sec) @ chr14_KI270725v1_random:0-172810
ForkPoolWorker-2,  processing 81 (54982.8 per sec) reads @ chrX:40000000-45000000
ForkPoolWorker-2 countReadsInRegions_worker: processing 5000000 (7268946.1 per sec) @ chrX:40000000-45000000
ForkPoolWorker-2,  processing 108 (65413.0 per sec) reads @ chr15:80000000-85000000
ForkPoolWorker-2 countReadsInRegions_worker: processing 5000000 (7257613.5 per sec) @ chr15:80000000-85000000
ForkPoolWorker-2,  processing 6 (11559.9 per sec) reads @ chr18:80000000-80373285
ForkPoolWorker-2 countReadsInRegions_worker: processing 373285 (6563584.0 per sec) @ chr18:80000000-80373285
ForkPoolWorker-2,  processing 4 (9118.1 per sec) reads @ chrUn_GL000214v1:0-137718
ForkPoolWorker-2 countReadsInRegions_worker: processing 137718 (5183291.2 per sec) @ chrUn_GL000214v1:0-137718
ForkPoolWorker-2,  processing 83 (60617.7 per sec) reads @ chrX:20000000-25000000
ForkPoolWorker-2 countReadsInRegions_worker: processing 5000000 (7223796.8 per sec) @ chrX:20000000-25000000
ForkPoolWorker-2,  processing 88 (66805.2 per sec) reads @ chrUn_KI270442v1:0-392061
ForkPoolWorker-2 countReadsInRegions_worker: processing 392061 (6713245.9 per sec) @ chrUn_KI270442v1:0-392061
ForkPoolWorker-2,  processing 141 (62981.6 per sec) reads @ chr19:5000000-10000000
ForkPoolWorker-2 countReadsInRegions_worker: processing 5000000 (8013934.1 per sec) @ chr19:5000000-10000000
ForkPoolWorker-16,  processing 118 (8672.3 per sec) reads @ chr12:125000000-130000000
ForkPoolWorker-16 countReadsInRegions_worker: processing 5000000 (6347590.9 per sec) @ chr12:125000000-130000000
ForkPoolWorker-16,  processing 32 (26107.3 per sec) reads @ chr10:35000000-40000000
ForkPoolWorker-16 countReadsInRegions_worker: processing 5000000 (6550437.4 per sec) @ chr10:35000000-40000000
ForkPoolWorker-16,  processing 0 (0.0 per sec) reads @ chrUn_KI270379v1:0-1045
ForkPoolWorker-16 countReadsInRegions_worker: processing 1045 (147314.5 per sec) @ chrUn_KI270379v1:0-1045
ForkPoolWorker-16,  processing 1 (2135.6 per sec) reads @ chr14_KI270724v1_random:0-39555
ForkPoolWorker-16 countReadsInRegions_worker: processing 39555 (3230188.2 per sec) @ chr14_KI270724v1_random:0-39555
ForkPoolWorker-16,  processing 0 (0.0 per sec) reads @ chrUn_KI270522v1:0-5674
ForkPoolWorker-16 countReadsInRegions_worker: processing 5674 (791278.1 per sec) @ chrUn_KI270522v1:0-5674
ForkPoolWorker-16,  processing 32 (30019.6 per sec) reads @ chr5:105000000-110000000
ForkPoolWorker-16 countReadsInRegions_worker: processing 5000000 (6958744.6 per sec) @ chr5:105000000-110000000
ForkPoolWorker-16,  processing 0 (0.0 per sec) reads @ chr2_KI270715v1_random:0-161471
ForkPoolWorker-16 countReadsInRegions_worker: processing 161471 (5409023.8 per sec) @ chr2_KI270715v1_random:0-161471
ForkPoolWorker-16,  processing 191 (67908.1 per sec) reads @ chr3:45000000-50000000
ForkPoolWorker-16 countReadsInRegions_worker: processing 5000000 (7066580.8 per sec) @ chr3:45000000-50000000
ForkPoolWorker-16,  processing 68 (41497.6 per sec) reads @ chr9:120000000-125000000
ForkPoolWorker-16 countReadsInRegions_worker: processing 5000000 (7087314.7 per sec) @ chr9:120000000-125000000
ForkPoolWorker-16,  processing 33 (33073.4 per sec) reads @ chr5:30000000-35000000
ForkPoolWorker-16 countReadsInRegions_worker: processing 5000000 (7048693.6 per sec) @ chr5:30000000-35000000
ForkPoolWorker-16,  processing 11 (15461.6 per sec) reads @ chr12:80000000-85000000
ForkPoolWorker-16 countReadsInRegions_worker: processing 5000000 (7052754.3 per sec) @ chr12:80000000-85000000
ForkPoolWorker-16,  processing 86 (55036.6 per sec) reads @ chr20:60000000-64444167
ForkPoolWorker-16 countReadsInRegions_worker: processing 4444167 (6895121.0 per sec) @ chr20:60000000-64444167
ForkPoolWorker-16,  processing 309 (83951.3 per sec) reads @ chr12:95000000-100000000
ForkPoolWorker-16 countReadsInRegions_worker: processing 5000000 (7054362.8 per sec) @ chr12:95000000-100000000
ForkPoolWorker-16,  processing 28 (31011.5 per sec) reads @ chrX:30000000-35000000
ForkPoolWorker-16 countReadsInRegions_worker: processing 5000000 (7076337.9 per sec) @ chrX:30000000-35000000
ForkPoolWorker-16,  processing 98 (54298.8 per sec) reads @ chr19:55000000-58617616
ForkPoolWorker-16 countReadsInRegions_worker: processing 3617616 (7099368.7 per sec) @ chr19:55000000-58617616
ForkPoolWorker-16,  processing 88 (61970.9 per sec) reads @ chr5:155000000-160000000
ForkPoolWorker-16 countReadsInRegions_worker: processing 5000000 (7683533.2 per sec) @ chr5:155000000-160000000
ForkPoolWorker-19,  processing 38 (2065.7 per sec) reads @ chr1:70000000-75000000
ForkPoolWorker-19 countReadsInRegions_worker: processing 5000000 (6355067.7 per sec) @ chr1:70000000-75000000
ForkPoolWorker-19,  processing 19 (14547.6 per sec) reads @ chr2:150000000-155000000
ForkPoolWorker-19 countReadsInRegions_worker: processing 5000000 (6577979.6 per sec) @ chr2:150000000-155000000
ForkPoolWorker-19,  processing 75 (58864.7 per sec) reads @ chr10:105000000-110000000
ForkPoolWorker-19 countReadsInRegions_worker: processing 5000000 (6729623.8 per sec) @ chr10:105000000-110000000
ForkPoolWorker-19,  processing 0 (0.0 per sec) reads @ chr22_KI270731v1_random:0-150754
ForkPoolWorker-19 countReadsInRegions_worker: processing 150754 (5382032.6 per sec) @ chr22_KI270731v1_random:0-150754
ForkPoolWorker-19,  processing 122 (40310.8 per sec) reads @ chr1:150000000-155000000
ForkPoolWorker-19 countReadsInRegions_worker: processing 5000000 (7038866.0 per sec) @ chr1:150000000-155000000
ForkPoolWorker-19,  processing 5 (7964.9 per sec) reads @ chr2:90000000-95000000
ForkPoolWorker-19 countReadsInRegions_worker: processing 5000000 (6974697.4 per sec) @ chr2:90000000-95000000
ForkPoolWorker-19,  processing 0 (0.0 per sec) reads @ chr13:0-5000000
ForkPoolWorker-19 countReadsInRegions_worker: processing 5000000 (6927697.8 per sec) @ chr13:0-5000000
ForkPoolWorker-19,  processing 64 (47645.6 per sec) reads @ chr10:130000000-133797422
ForkPoolWorker-19 countReadsInRegions_worker: processing 3797422 (6969221.4 per sec) @ chr10:130000000-133797422
ForkPoolWorker-19,  processing 2 (3823.4 per sec) reads @ chr16:35000000-40000000
ForkPoolWorker-19 countReadsInRegions_worker: processing 5000000 (7125738.9 per sec) @ chr16:35000000-40000000
ForkPoolWorker-19,  processing 64 (47527.5 per sec) reads @ chr2:120000000-125000000
ForkPoolWorker-19 countReadsInRegions_worker: processing 5000000 (7136466.4 per sec) @ chr2:120000000-125000000
ForkPoolWorker-19,  processing 68 (45021.7 per sec) reads @ chr20:10000000-15000000
ForkPoolWorker-19 countReadsInRegions_worker: processing 5000000 (7138754.8 per sec) @ chr20:10000000-15000000
ForkPoolWorker-19,  processing 1 (1981.2 per sec) reads @ chrUn_KI270743v1:0-210658
ForkPoolWorker-19 countReadsInRegions_worker: processing 210658 (5826527.0 per sec) @ chrUn_KI270743v1:0-210658
ForkPoolWorker-19,  processing 29 (30981.9 per sec) reads @ chr5:75000000-80000000
ForkPoolWorker-19 countReadsInRegions_worker: processing 5000000 (7161044.6 per sec) @ chr5:75000000-80000000
ForkPoolWorker-19,  processing 77 (61965.0 per sec) reads @ chr14:15000000-20000000
ForkPoolWorker-19 countReadsInRegions_worker: processing 5000000 (7981858.9 per sec) @ chr14:15000000-20000000
ForkPoolWorker-17,  processing 58 (3103.7 per sec) reads @ chr10:100000000-105000000
ForkPoolWorker-17 countReadsInRegions_worker: processing 5000000 (6328218.5 per sec) @ chr10:100000000-105000000
ForkPoolWorker-17,  processing 210 (68433.2 per sec) reads @ chr12:100000000-105000000
ForkPoolWorker-17 countReadsInRegions_worker: processing 5000000 (6505296.1 per sec) @ chr12:100000000-105000000
ForkPoolWorker-17,  processing 99 (45296.8 per sec) reads @ chr1:40000000-45000000
ForkPoolWorker-17 countReadsInRegions_worker: processing 5000000 (6720234.5 per sec) @ chr1:40000000-45000000
ForkPoolWorker-17,  processing 255 (74507.0 per sec) reads @ chr16:65000000-70000000
ForkPoolWorker-17 countReadsInRegions_worker: processing 5000000 (6818155.1 per sec) @ chr16:65000000-70000000
ForkPoolWorker-17,  processing 128 (65249.3 per sec) reads @ chr22:45000000-50000000
ForkPoolWorker-17 countReadsInRegions_worker: processing 5000000 (6785219.8 per sec) @ chr22:45000000-50000000
ForkPoolWorker-17,  processing 0 (0.0 per sec) reads @ chr9:50000000-55000000
ForkPoolWorker-17 countReadsInRegions_worker: processing 5000000 (6861916.6 per sec) @ chr9:50000000-55000000
ForkPoolWorker-17,  processing 20 (22519.8 per sec) reads @ chrX:80000000-85000000
ForkPoolWorker-17 countReadsInRegions_worker: processing 5000000 (6924854.4 per sec) @ chrX:80000000-85000000
ForkPoolWorker-17,  processing 28 (31143.1 per sec) reads @ chr13:35000000-40000000
ForkPoolWorker-17 countReadsInRegions_worker: processing 5000000 (6892647.2 per sec) @ chr13:35000000-40000000
ForkPoolWorker-17,  processing 49 (43505.7 per sec) reads @ chr6:45000000-50000000
ForkPoolWorker-17 countReadsInRegions_worker: processing 5000000 (6951043.3 per sec) @ chr6:45000000-50000000
ForkPoolWorker-17,  processing 99 (48176.8 per sec) reads @ chr22:20000000-25000000
ForkPoolWorker-17 countReadsInRegions_worker: processing 5000000 (6938996.2 per sec) @ chr22:20000000-25000000
ForkPoolWorker-17,  processing 0 (0.0 per sec) reads @ chr9:45000000-50000000
ForkPoolWorker-17 countReadsInRegions_worker: processing 5000000 (7358572.7 per sec) @ chr9:45000000-50000000
ForkPoolWorker-17,  processing 112 (66463.2 per sec) reads @ chr15:65000000-70000000
ForkPoolWorker-17 countReadsInRegions_worker: processing 5000000 (8082336.0 per sec) @ chr15:65000000-70000000
ForkPoolWorker-45,  processing 32 (2579.3 per sec) reads @ chr12:85000000-90000000
ForkPoolWorker-45 countReadsInRegions_worker: processing 5000000 (6401908.8 per sec) @ chr12:85000000-90000000
ForkPoolWorker-45,  processing 415 (72399.8 per sec) reads @ chr17:5000000-10000000
ForkPoolWorker-45 countReadsInRegions_worker: processing 5000000 (6573462.1 per sec) @ chr17:5000000-10000000
ForkPoolWorker-45,  processing 43 (39936.9 per sec) reads @ chrX:140000000-145000000
ForkPoolWorker-45 countReadsInRegions_worker: processing 5000000 (6727503.9 per sec) @ chrX:140000000-145000000
ForkPoolWorker-45,  processing 67 (54114.8 per sec) reads @ chr16:75000000-80000000
ForkPoolWorker-45 countReadsInRegions_worker: processing 5000000 (6795886.1 per sec) @ chr16:75000000-80000000
ForkPoolWorker-45,  processing 55 (35117.5 per sec) reads @ chr8:95000000-100000000
ForkPoolWorker-45 countReadsInRegions_worker: processing 5000000 (6770339.7 per sec) @ chr8:95000000-100000000
ForkPoolWorker-45,  processing 51 (43031.5 per sec) reads @ chr17:70000000-75000000
ForkPoolWorker-45 countReadsInRegions_worker: processing 5000000 (6838224.0 per sec) @ chr17:70000000-75000000
ForkPoolWorker-45,  processing 19 (21296.6 per sec) reads @ chr11:95000000-100000000
ForkPoolWorker-45 countReadsInRegions_worker: processing 5000000 (6891809.1 per sec) @ chr11:95000000-100000000
ForkPoolWorker-45,  processing 46 (39326.9 per sec) reads @ chr14:50000000-55000000
ForkPoolWorker-45 countReadsInRegions_worker: processing 5000000 (6877276.9 per sec) @ chr14:50000000-55000000
ForkPoolWorker-45,  processing 34 (34554.5 per sec) reads @ chrX:90000000-95000000
ForkPoolWorker-45 countReadsInRegions_worker: processing 5000000 (6957017.9 per sec) @ chrX:90000000-95000000
ForkPoolWorker-45,  processing 228 (74542.2 per sec) reads @ chr19:0-5000000
ForkPoolWorker-45 countReadsInRegions_worker: processing 5000000 (6964598.4 per sec) @ chr19:0-5000000
ForkPoolWorker-45,  processing 120 (66859.3 per sec) reads @ chr17:10000000-15000000
ForkPoolWorker-45 countReadsInRegions_worker: processing 5000000 (7345245.3 per sec) @ chr17:10000000-15000000
ForkPoolWorker-45,  processing 54 (41413.9 per sec) reads @ chr22:15000000-20000000
ForkPoolWorker-45 countReadsInRegions_worker: processing 5000000 (8065730.4 per sec) @ chr22:15000000-20000000
ForkPoolWorker-36,  processing 71 (4967.9 per sec) reads @ chr5:180000000-181538259
ForkPoolWorker-36 countReadsInRegions_worker: processing 1538259 (6993624.0 per sec) @ chr5:180000000-181538259
ForkPoolWorker-36,  processing 19 (26519.7 per sec) reads @ chr18:40000000-45000000
ForkPoolWorker-36 countReadsInRegions_worker: processing 5000000 (7738651.1 per sec) @ chr18:40000000-45000000
ForkPoolWorker-36,  processing 40 (38471.0 per sec) reads @ chrX:120000000-125000000
ForkPoolWorker-36 countReadsInRegions_worker: processing 5000000 (7426919.9 per sec) @ chrX:120000000-125000000
ForkPoolWorker-36,  processing 62 (49335.4 per sec) reads @ chr5:55000000-60000000
ForkPoolWorker-36 countReadsInRegions_worker: processing 5000000 (7410093.3 per sec) @ chr5:55000000-60000000
ForkPoolWorker-36,  processing 46 (40161.9 per sec) reads @ chr8:60000000-65000000
ForkPoolWorker-36 countReadsInRegions_worker: processing 5000000 (7381073.7 per sec) @ chr8:60000000-65000000
ForkPoolWorker-36,  processing 35 (36148.9 per sec) reads @ chr8:120000000-125000000
ForkPoolWorker-36 countReadsInRegions_worker: processing 5000000 (7371901.8 per sec) @ chr8:120000000-125000000
ForkPoolWorker-36,  processing 256 (84486.7 per sec) reads @ chr10:85000000-90000000
ForkPoolWorker-36 countReadsInRegions_worker: processing 5000000 (7328476.5 per sec) @ chr10:85000000-90000000
ForkPoolWorker-36,  processing 0 (0.0 per sec) reads @ chrUn_KI270414v1:0-2489
ForkPoolWorker-36 countReadsInRegions_worker: processing 2489 (350947.1 per sec) @ chrUn_KI270414v1:0-2489
ForkPoolWorker-36,  processing 148 (70757.7 per sec) reads @ chr16:55000000-60000000
ForkPoolWorker-36 countReadsInRegions_worker: processing 5000000 (7321151.8 per sec) @ chr16:55000000-60000000
ForkPoolWorker-36,  processing 57 (46198.1 per sec) reads @ chr5:135000000-140000000
ForkPoolWorker-36 countReadsInRegions_worker: processing 5000000 (7279361.4 per sec) @ chr5:135000000-140000000
ForkPoolWorker-36,  processing 0 (0.0 per sec) reads @ chrUn_GL000216v2:0-176608
ForkPoolWorker-36 countReadsInRegions_worker: processing 176608 (5658881.9 per sec) @ chrUn_GL000216v2:0-176608
ForkPoolWorker-36,  processing 63 (55350.1 per sec) reads @ chr14:25000000-30000000
ForkPoolWorker-36 countReadsInRegions_worker: processing 5000000 (7332750.6 per sec) @ chr14:25000000-30000000
ForkPoolWorker-36,  processing 163 (76005.7 per sec) reads @ chr13:40000000-45000000
ForkPoolWorker-36 countReadsInRegions_worker: processing 5000000 (7326315.7 per sec) @ chr13:40000000-45000000
ForkPoolWorker-36,  processing 81 (47284.4 per sec) reads @ chr11:105000000-110000000
ForkPoolWorker-36 countReadsInRegions_worker: processing 5000000 (7412961.5 per sec) @ chr11:105000000-110000000
ForkPoolWorker-36,  processing 66 (52448.7 per sec) reads @ chr16:80000000-85000000
ForkPoolWorker-36 countReadsInRegions_worker: processing 5000000 (8007578.6 per sec) @ chr16:80000000-85000000
ForkPoolWorker-36,  processing 35 (38949.5 per sec) reads @ chr5:65000000-70000000
ForkPoolWorker-36 countReadsInRegions_worker: processing 5000000 (8269373.6 per sec) @ chr5:65000000-70000000
ForkPoolWorker-21,  processing 0 (0.0 per sec) reads @ chr9_KI270719v1_random:0-176845
ForkPoolWorker-21 countReadsInRegions_worker: processing 176845 (5781712.6 per sec) @ chr9_KI270719v1_random:0-176845
ForkPoolWorker-21,  processing 130 (45525.6 per sec) reads @ chr5:175000000-180000000
ForkPoolWorker-21 countReadsInRegions_worker: processing 5000000 (7637510.8 per sec) @ chr5:175000000-180000000
ForkPoolWorker-21,  processing 42 (40872.6 per sec) reads @ chr3:190000000-195000000
ForkPoolWorker-21 countReadsInRegions_worker: processing 5000000 (7029496.9 per sec) @ chr3:190000000-195000000
ForkPoolWorker-21,  processing 15 (21006.5 per sec) reads @ chr13:65000000-70000000
ForkPoolWorker-21 countReadsInRegions_worker: processing 5000000 (7180778.1 per sec) @ chr13:65000000-70000000
ForkPoolWorker-21,  processing 52 (39340.5 per sec) reads @ chr7:150000000-155000000
ForkPoolWorker-21 countReadsInRegions_worker: processing 5000000 (7072782.0 per sec) @ chr7:150000000-155000000
ForkPoolWorker-21,  processing 0 (0.0 per sec) reads @ chr1:135000000-140000000
ForkPoolWorker-21 countReadsInRegions_worker: processing 5000000 (6942520.0 per sec) @ chr1:135000000-140000000
ForkPoolWorker-21,  processing 35 (35831.3 per sec) reads @ chr3:185000000-190000000
ForkPoolWorker-21 countReadsInRegions_worker: processing 5000000 (7142083.1 per sec) @ chr3:185000000-190000000
ForkPoolWorker-21,  processing 0 (0.0 per sec) reads @ chrUn_KI270755v1:0-36723
ForkPoolWorker-21 countReadsInRegions_worker: processing 36723 (3434202.7 per sec) @ chrUn_KI270755v1:0-36723
ForkPoolWorker-21,  processing 16 (21795.7 per sec) reads @ chr13:75000000-80000000
ForkPoolWorker-21 countReadsInRegions_worker: processing 5000000 (7218873.3 per sec) @ chr13:75000000-80000000
ForkPoolWorker-21,  processing 46 (40036.9 per sec) reads @ chr2:165000000-170000000
ForkPoolWorker-21 countReadsInRegions_worker: processing 5000000 (7197600.8 per sec) @ chr2:165000000-170000000
ForkPoolWorker-21,  processing 31 (34216.7 per sec) reads @ chr3:80000000-85000000
ForkPoolWorker-21 countReadsInRegions_worker: processing 5000000 (7206861.5 per sec) @ chr3:80000000-85000000
ForkPoolWorker-21,  processing 0 (0.0 per sec) reads @ chrUn_KI270518v1:0-2186
ForkPoolWorker-21 countReadsInRegions_worker: processing 2186 (312414.8 per sec) @ chrUn_KI270518v1:0-2186
ForkPoolWorker-21,  processing 47 (43768.3 per sec) reads @ chr12:30000000-35000000
ForkPoolWorker-21 countReadsInRegions_worker: processing 5000000 (7158521.9 per sec) @ chr12:30000000-35000000
ForkPoolWorker-21,  processing 68 (58855.3 per sec) reads @ chr5:60000000-65000000
ForkPoolWorker-21 countReadsInRegions_worker: processing 5000000 (7161438.3 per sec) @ chr5:60000000-65000000
ForkPoolWorker-21,  processing 24 (33802.3 per sec) reads @ chr4:160000000-165000000
ForkPoolWorker-21 countReadsInRegions_worker: processing 5000000 (7880543.1 per sec) @ chr4:160000000-165000000
ForkPoolWorker-21,  processing 58 (47365.6 per sec) reads @ chr1:50000000-55000000
ForkPoolWorker-21 countReadsInRegions_worker: processing 5000000 (8242815.7 per sec) @ chr1:50000000-55000000
ForkPoolWorker-11,  processing 26 (1381.9 per sec) reads @ chr5:10000000-15000000
ForkPoolWorker-11 countReadsInRegions_worker: processing 5000000 (6351580.1 per sec) @ chr5:10000000-15000000
ForkPoolWorker-11,  processing 38 (30163.4 per sec) reads @ chr2:180000000-185000000
ForkPoolWorker-11 countReadsInRegions_worker: processing 5000000 (6523013.2 per sec) @ chr2:180000000-185000000
ForkPoolWorker-11,  processing 15 (13974.8 per sec) reads @ chr8:40000000-45000000
ForkPoolWorker-11 countReadsInRegions_worker: processing 5000000 (6715244.3 per sec) @ chr8:40000000-45000000
ForkPoolWorker-11,  processing 0 (0.0 per sec) reads @ chrUn_KI270587v1:0-2969
ForkPoolWorker-11 countReadsInRegions_worker: processing 2969 (427273.6 per sec) @ chrUn_KI270587v1:0-2969
ForkPoolWorker-11,  processing 0 (0.0 per sec) reads @ chrUn_KI270362v1:0-3530
ForkPoolWorker-11 countReadsInRegions_worker: processing 3530 (534953.0 per sec) @ chrUn_KI270362v1:0-3530
ForkPoolWorker-11,  processing 27 (23632.3 per sec) reads @ chr12:70000000-75000000
ForkPoolWorker-11 countReadsInRegions_worker: processing 5000000 (6784287.0 per sec) @ chr12:70000000-75000000
ForkPoolWorker-11,  processing 50 (39501.8 per sec) reads @ chr12:0-5000000
ForkPoolWorker-11 countReadsInRegions_worker: processing 5000000 (6816621.5 per sec) @ chr12:0-5000000
ForkPoolWorker-11,  processing 0 (0.0 per sec) reads @ chrUn_GL000218v1:0-161147
ForkPoolWorker-11 countReadsInRegions_worker: processing 161147 (5474288.9 per sec) @ chrUn_GL000218v1:0-161147
ForkPoolWorker-11,  processing 249 (80859.5 per sec) reads @ chr3:180000000-185000000
ForkPoolWorker-11 countReadsInRegions_worker: processing 5000000 (6991177.8 per sec) @ chr3:180000000-185000000
ForkPoolWorker-11,  processing 53 (42823.8 per sec) reads @ chr2:105000000-110000000
ForkPoolWorker-11 countReadsInRegions_worker: processing 5000000 (6966752.4 per sec) @ chr2:105000000-110000000
ForkPoolWorker-11,  processing 77 (49127.1 per sec) reads @ chr10:125000000-130000000
ForkPoolWorker-11 countReadsInRegions_worker: processing 5000000 (6930081.0 per sec) @ chr10:125000000-130000000
ForkPoolWorker-11,  processing 0 (0.0 per sec) reads @ chrUn_KI270538v1:0-91309
ForkPoolWorker-11 countReadsInRegions_worker: processing 91309 (4935470.5 per sec) @ chrUn_KI270538v1:0-91309
ForkPoolWorker-11,  processing 35 (34291.2 per sec) reads @ chr4:155000000-160000000
ForkPoolWorker-11 countReadsInRegions_worker: processing 5000000 (7076292.6 per sec) @ chr4:155000000-160000000
ForkPoolWorker-11,  processing 49 (35483.6 per sec) reads @ chr10:45000000-50000000
ForkPoolWorker-11 countReadsInRegions_worker: processing 5000000 (7013677.5 per sec) @ chr10:45000000-50000000
ForkPoolWorker-11,  processing 17 (22614.4 per sec) reads @ chr4:15000000-20000000
ForkPoolWorker-11 countReadsInRegions_worker: processing 5000000 (7398290.6 per sec) @ chr4:15000000-20000000
ForkPoolWorker-11,  processing 36 (39903.5 per sec) reads @ chr9:10000000-15000000
ForkPoolWorker-11 countReadsInRegions_worker: processing 5000000 (8160194.4 per sec) @ chr9:10000000-15000000
ForkPoolWorker-49,  processing 46 (4180.7 per sec) reads @ chr10:50000000-55000000
ForkPoolWorker-49 countReadsInRegions_worker: processing 5000000 (6401383.1 per sec) @ chr10:50000000-55000000
ForkPoolWorker-49,  processing 0 (0.0 per sec) reads @ chrUn_KI270584v1:0-4513
ForkPoolWorker-49 countReadsInRegions_worker: processing 4513 (525831.8 per sec) @ chrUn_KI270584v1:0-4513
ForkPoolWorker-49,  processing 30 (20763.9 per sec) reads @ chr4:100000000-105000000
ForkPoolWorker-49 countReadsInRegions_worker: processing 5000000 (6609816.5 per sec) @ chr4:100000000-105000000
ForkPoolWorker-49,  processing 104 (62972.1 per sec) reads @ chr14:35000000-40000000
ForkPoolWorker-49 countReadsInRegions_worker: processing 5000000 (6742653.5 per sec) @ chr14:35000000-40000000
ForkPoolWorker-49,  processing 0 (0.0 per sec) reads @ chr4_GL000008v2_random:0-209709
ForkPoolWorker-49 countReadsInRegions_worker: processing 209709 (5872893.8 per sec) @ chr4_GL000008v2_random:0-209709
ForkPoolWorker-49,  processing 43 (38962.0 per sec) reads @ chr15:50000000-55000000
ForkPoolWorker-49 countReadsInRegions_worker: processing 5000000 (6980036.6 per sec) @ chr15:50000000-55000000
ForkPoolWorker-49,  processing 0 (0.0 per sec) reads @ chr13:5000000-10000000
ForkPoolWorker-49 countReadsInRegions_worker: processing 5000000 (6917768.6 per sec) @ chr13:5000000-10000000
ForkPoolWorker-49,  processing 77 (50001.8 per sec) reads @ chr17:30000000-35000000
ForkPoolWorker-49 countReadsInRegions_worker: processing 5000000 (6863221.4 per sec) @ chr17:30000000-35000000
ForkPoolWorker-49,  processing 19 (22310.1 per sec) reads @ chr2:160000000-165000000
ForkPoolWorker-49 countReadsInRegions_worker: processing 5000000 (6935719.1 per sec) @ chr2:160000000-165000000
ForkPoolWorker-49,  processing 90 (56901.9 per sec) reads @ chr6:50000000-55000000
ForkPoolWorker-49 countReadsInRegions_worker: processing 5000000 (6896573.0 per sec) @ chr6:50000000-55000000
ForkPoolWorker-49,  processing 0 (0.0 per sec) reads @ chrUn_KI270305v1:0-1472
ForkPoolWorker-49 countReadsInRegions_worker: processing 1472 (208208.8 per sec) @ chrUn_KI270305v1:0-1472
ForkPoolWorker-49,  processing 0 (0.0 per sec) reads @ chrUn_KI270387v1:0-1537
ForkPoolWorker-49 countReadsInRegions_worker: processing 1537 (225218.2 per sec) @ chrUn_KI270387v1:0-1537
ForkPoolWorker-49,  processing 78 (53906.0 per sec) reads @ chr1:230000000-235000000
ForkPoolWorker-49 countReadsInRegions_worker: processing 5000000 (6959259.6 per sec) @ chr1:230000000-235000000
ForkPoolWorker-49,  processing 89 (60638.9 per sec) reads @ chr3:15000000-20000000
ForkPoolWorker-49 countReadsInRegions_worker: processing 5000000 (6970188.6 per sec) @ chr3:15000000-20000000
ForkPoolWorker-49,  processing 107 (63201.0 per sec) reads @ chr18:45000000-50000000
ForkPoolWorker-49 countReadsInRegions_worker: processing 5000000 (7362403.8 per sec) @ chr18:45000000-50000000
ForkPoolWorker-49,  processing 31 (37043.7 per sec) reads @ chr3:95000000-100000000
ForkPoolWorker-49 countReadsInRegions_worker: processing 5000000 (8126666.0 per sec) @ chr3:95000000-100000000
ForkPoolWorker-41,  processing 0 (0.0 per sec) reads @ chr22_KI270735v1_random:0-42811
ForkPoolWorker-41 countReadsInRegions_worker: processing 42811 (3337838.3 per sec) @ chr22_KI270735v1_random:0-42811
ForkPoolWorker-41,  processing 19 (13472.8 per sec) reads @ chr4:70000000-75000000
ForkPoolWorker-41 countReadsInRegions_worker: processing 5000000 (7024373.5 per sec) @ chr4:70000000-75000000
ForkPoolWorker-41,  processing 30 (20699.0 per sec) reads @ chr3:65000000-70000000
ForkPoolWorker-41 countReadsInRegions_worker: processing 5000000 (6872818.8 per sec) @ chr3:65000000-70000000
ForkPoolWorker-41,  processing 78 (50424.7 per sec) reads @ chr12:45000000-50000000
ForkPoolWorker-41 countReadsInRegions_worker: processing 5000000 (7001223.2 per sec) @ chr12:45000000-50000000
ForkPoolWorker-41,  processing 70 (39058.3 per sec) reads @ chr10:65000000-70000000
ForkPoolWorker-41 countReadsInRegions_worker: processing 5000000 (6939000.8 per sec) @ chr10:65000000-70000000
ForkPoolWorker-41,  processing 50 (40864.2 per sec) reads @ chr4:20000000-25000000
ForkPoolWorker-41 countReadsInRegions_worker: processing 5000000 (7087448.8 per sec) @ chr4:20000000-25000000
ForkPoolWorker-41,  processing 101 (65143.0 per sec) reads @ chr11:130000000-135000000
ForkPoolWorker-41 countReadsInRegions_worker: processing 5000000 (7168966.1 per sec) @ chr11:130000000-135000000
ForkPoolWorker-41,  processing 69 (51132.0 per sec) reads @ chr6:155000000-160000000
ForkPoolWorker-41 countReadsInRegions_worker: processing 5000000 (7199426.8 per sec) @ chr6:155000000-160000000
ForkPoolWorker-41,  processing 88 (52947.7 per sec) reads @ chr6:10000000-15000000
ForkPoolWorker-41 countReadsInRegions_worker: processing 5000000 (7220372.0 per sec) @ chr6:10000000-15000000
ForkPoolWorker-41,  processing 38 (39295.7 per sec) reads @ chr3:105000000-110000000
ForkPoolWorker-41 countReadsInRegions_worker: processing 5000000 (7225847.7 per sec) @ chr3:105000000-110000000
ForkPoolWorker-41,  processing 0 (0.0 per sec) reads @ chr1_KI270712v1_random:0-176043
ForkPoolWorker-41 countReadsInRegions_worker: processing 176043 (5486494.1 per sec) @ chr1_KI270712v1_random:0-176043
ForkPoolWorker-41,  processing 8 (13854.0 per sec) reads @ chr9:60000000-65000000
ForkPoolWorker-41 countReadsInRegions_worker: processing 5000000 (7184288.5 per sec) @ chr9:60000000-65000000
ForkPoolWorker-41,  processing 0 (0.0 per sec) reads @ chrUn_KI270581v1:0-7046
ForkPoolWorker-41 countReadsInRegions_worker: processing 7046 (325725.4 per sec) @ chrUn_KI270581v1:0-7046
ForkPoolWorker-41,  processing 1122 (99862.3 per sec) reads @ chr1:160000000-165000000
ForkPoolWorker-41 countReadsInRegions_worker: processing 5000000 (7088416.6 per sec) @ chr1:160000000-165000000
ForkPoolWorker-41,  processing 145 (74095.3 per sec) reads @ chr1:165000000-170000000
ForkPoolWorker-41 countReadsInRegions_worker: processing 5000000 (7879314.3 per sec) @ chr1:165000000-170000000
ForkPoolWorker-41,  processing 12 (18808.5 per sec) reads @ chr4:175000000-180000000
ForkPoolWorker-41 countReadsInRegions_worker: processing 5000000 (8267593.6 per sec) @ chr4:175000000-180000000
ForkPoolWorker-51,  processing 48 (4266.3 per sec) reads @ chr20:25000000-30000000
ForkPoolWorker-51 countReadsInRegions_worker: processing 5000000 (6607211.3 per sec) @ chr20:25000000-30000000
ForkPoolWorker-51,  processing 0 (0.0 per sec) reads @ chr3_GL000221v1_random:0-155397
ForkPoolWorker-51 countReadsInRegions_worker: processing 155397 (5113180.7 per sec) @ chr3_GL000221v1_random:0-155397
ForkPoolWorker-51,  processing 112 (48116.6 per sec) reads @ chr1:45000000-50000000
ForkPoolWorker-51 countReadsInRegions_worker: processing 5000000 (7013468.8 per sec) @ chr1:45000000-50000000
ForkPoolWorker-51,  processing 1 (1964.5 per sec) reads @ chr1_KI270714v1_random:0-41717
ForkPoolWorker-51 countReadsInRegions_worker: processing 41717 (3349357.4 per sec) @ chr1_KI270714v1_random:0-41717
ForkPoolWorker-51,  processing 55 (42507.2 per sec) reads @ chr11:40000000-45000000
ForkPoolWorker-51 countReadsInRegions_worker: processing 5000000 (7019243.4 per sec) @ chr11:40000000-45000000
ForkPoolWorker-51,  processing 100 (50063.3 per sec) reads @ chr21:40000000-45000000
ForkPoolWorker-51 countReadsInRegions_worker: processing 5000000 (6819993.2 per sec) @ chr21:40000000-45000000
ForkPoolWorker-51,  processing 15 (19490.3 per sec) reads @ chr1:185000000-190000000
ForkPoolWorker-51 countReadsInRegions_worker: processing 5000000 (6802808.1 per sec) @ chr1:185000000-190000000
ForkPoolWorker-51,  processing 0 (0.0 per sec) reads @ chr21:0-5000000
ForkPoolWorker-51 countReadsInRegions_worker: processing 5000000 (6864746.8 per sec) @ chr21:0-5000000
ForkPoolWorker-51,  processing 52 (42790.6 per sec) reads @ chr15:75000000-80000000
ForkPoolWorker-51 countReadsInRegions_worker: processing 5000000 (6809231.3 per sec) @ chr15:75000000-80000000
ForkPoolWorker-51,  processing 0 (0.0 per sec) reads @ chrUn_KI270516v1:0-1300
ForkPoolWorker-51 countReadsInRegions_worker: processing 1300 (50840.0 per sec) @ chrUn_KI270516v1:0-1300
ForkPoolWorker-51,  processing 0 (0.0 per sec) reads @ chrUn_KI270757v1:0-71251
ForkPoolWorker-51 countReadsInRegions_worker: processing 71251 (4709462.4 per sec) @ chrUn_KI270757v1:0-71251
ForkPoolWorker-51,  processing 67 (54355.6 per sec) reads @ chr2:135000000-140000000
ForkPoolWorker-51 countReadsInRegions_worker: processing 5000000 (6988174.9 per sec) @ chr2:135000000-140000000
ForkPoolWorker-51,  processing 23 (26700.5 per sec) reads @ chr9:30000000-35000000
ForkPoolWorker-51 countReadsInRegions_worker: processing 5000000 (6955271.3 per sec) @ chr9:30000000-35000000
ForkPoolWorker-51,  processing 69 (45163.4 per sec) reads @ chr14:90000000-95000000
ForkPoolWorker-51 countReadsInRegions_worker: processing 5000000 (6964563.7 per sec) @ chr14:90000000-95000000
ForkPoolWorker-51,  processing 22 (25469.1 per sec) reads @ chr1:60000000-65000000
ForkPoolWorker-51 countReadsInRegions_worker: processing 5000000 (7341216.1 per sec) @ chr1:60000000-65000000
ForkPoolWorker-51,  processing 282 (94502.5 per sec) reads @ chr12:90000000-95000000
ForkPoolWorker-51 countReadsInRegions_worker: processing 5000000 (8087478.8 per sec) @ chr12:90000000-95000000
ForkPoolWorker-46,  processing 65 (5196.9 per sec) reads @ chr11:35000000-40000000
ForkPoolWorker-46 countReadsInRegions_worker: processing 5000000 (6907317.2 per sec) @ chr11:35000000-40000000
ForkPoolWorker-46,  processing 0 (0.0 per sec) reads @ chrUn_KI270304v1:0-2165
ForkPoolWorker-46 countReadsInRegions_worker: processing 2165 (340380.4 per sec) @ chrUn_KI270304v1:0-2165
ForkPoolWorker-46,  processing 78 (44438.4 per sec) reads @ chr15:85000000-90000000
ForkPoolWorker-46 countReadsInRegions_worker: processing 5000000 (6838464.8 per sec) @ chr15:85000000-90000000
ForkPoolWorker-46,  processing 0 (0.0 per sec) reads @ chrUn_KI270381v1:0-1930
ForkPoolWorker-46 countReadsInRegions_worker: processing 1930 (301827.2 per sec) @ chrUn_KI270381v1:0-1930
ForkPoolWorker-46,  processing 92 (62713.5 per sec) reads @ chr14:95000000-100000000
ForkPoolWorker-46 countReadsInRegions_worker: processing 5000000 (6943586.5 per sec) @ chr14:95000000-100000000
ForkPoolWorker-46,  processing 62 (38970.0 per sec) reads @ chr2:125000000-130000000
ForkPoolWorker-46 countReadsInRegions_worker: processing 5000000 (7020270.3 per sec) @ chr2:125000000-130000000
ForkPoolWorker-46,  processing 72 (55188.2 per sec) reads @ chr14:55000000-60000000
ForkPoolWorker-46 countReadsInRegions_worker: processing 5000000 (7078165.0 per sec) @ chr14:55000000-60000000
ForkPoolWorker-46,  processing 82 (51851.8 per sec) reads @ chr3:55000000-60000000
ForkPoolWorker-46 countReadsInRegions_worker: processing 5000000 (7138759.7 per sec) @ chr3:55000000-60000000
ForkPoolWorker-46,  processing 257 (88181.9 per sec) reads @ chr8:10000000-15000000
ForkPoolWorker-46 countReadsInRegions_worker: processing 5000000 (7173306.4 per sec) @ chr8:10000000-15000000
ForkPoolWorker-46,  processing 40 (41995.5 per sec) reads @ chr2:50000000-55000000
ForkPoolWorker-46 countReadsInRegions_worker: processing 5000000 (7191699.2 per sec) @ chr2:50000000-55000000
ForkPoolWorker-46,  processing 38 (38387.2 per sec) reads @ chr10:40000000-45000000
ForkPoolWorker-46 countReadsInRegions_worker: processing 5000000 (7159704.8 per sec) @ chr10:40000000-45000000
ForkPoolWorker-46,  processing 0 (0.0 per sec) reads @ chr16:40000000-45000000
ForkPoolWorker-46 countReadsInRegions_worker: processing 5000000 (7191839.8 per sec) @ chr16:40000000-45000000
ForkPoolWorker-46,  processing 23 (26524.3 per sec) reads @ chr15:55000000-60000000
ForkPoolWorker-46 countReadsInRegions_worker: processing 5000000 (7170912.5 per sec) @ chr15:55000000-60000000
ForkPoolWorker-46,  processing 29 (32436.0 per sec) reads @ chr7:50000000-55000000
ForkPoolWorker-46 countReadsInRegions_worker: processing 5000000 (7849847.8 per sec) @ chr7:50000000-55000000
ForkPoolWorker-46,  processing 77 (54729.9 per sec) reads @ chr9:95000000-100000000
ForkPoolWorker-46 countReadsInRegions_worker: processing 5000000 (8202086.0 per sec) @ chr9:95000000-100000000
ForkPoolWorker-46,  processing 71 (56187.8 per sec) reads @ chr16:15000000-20000000
ForkPoolWorker-46 countReadsInRegions_worker: processing 5000000 (8199616.7 per sec) @ chr16:15000000-20000000
ForkPoolWorker-32,  processing 0 (0.0 per sec) reads @ chrUn_KI270391v1:0-1484
ForkPoolWorker-32 countReadsInRegions_worker: processing 1484 (167939.6 per sec) @ chrUn_KI270391v1:0-1484
ForkPoolWorker-32,  processing 0 (0.0 per sec) reads @ chr14:0-5000000
ForkPoolWorker-32 countReadsInRegions_worker: processing 5000000 (6675422.3 per sec) @ chr14:0-5000000
ForkPoolWorker-32,  processing 42 (23687.1 per sec) reads @ chr7:95000000-100000000
ForkPoolWorker-32 countReadsInRegions_worker: processing 5000000 (6637229.1 per sec) @ chr7:95000000-100000000
ForkPoolWorker-32,  processing 414 (88422.5 per sec) reads @ chr8:130000000-135000000
ForkPoolWorker-32 countReadsInRegions_worker: processing 5000000 (6812704.2 per sec) @ chr8:130000000-135000000
ForkPoolWorker-32,  processing 230 (86294.8 per sec) reads @ chr1_KI270713v1_random:0-40745
ForkPoolWorker-32 countReadsInRegions_worker: processing 40745 (2725324.4 per sec) @ chr1_KI270713v1_random:0-40745
ForkPoolWorker-32,  processing 0 (0.0 per sec) reads @ chr22:0-5000000
ForkPoolWorker-32 countReadsInRegions_worker: processing 5000000 (6871665.8 per sec) @ chr22:0-5000000
ForkPoolWorker-32,  processing 52 (39447.2 per sec) reads @ chr7:65000000-70000000
ForkPoolWorker-32 countReadsInRegions_worker: processing 5000000 (6836922.0 per sec) @ chr7:65000000-70000000
ForkPoolWorker-32,  processing 27 (28496.8 per sec) reads @ chrX:125000000-130000000
ForkPoolWorker-32 countReadsInRegions_worker: processing 5000000 (6908773.6 per sec) @ chrX:125000000-130000000
ForkPoolWorker-32,  processing 35 (35010.9 per sec) reads @ chr12:25000000-30000000
ForkPoolWorker-32 countReadsInRegions_worker: processing 5000000 (6923910.2 per sec) @ chr12:25000000-30000000
ForkPoolWorker-32,  processing 99 (66310.5 per sec) reads @ chr2:240000000-242193529
ForkPoolWorker-32 countReadsInRegions_worker: processing 2193529 (6972390.7 per sec) @ chr2:240000000-242193529
ForkPoolWorker-32,  processing 88 (50672.5 per sec) reads @ chr19:40000000-45000000
ForkPoolWorker-32 countReadsInRegions_worker: processing 5000000 (7136111.9 per sec) @ chr19:40000000-45000000
ForkPoolWorker-32,  processing 19 (24895.9 per sec) reads @ chr18:65000000-70000000
ForkPoolWorker-32 countReadsInRegions_worker: processing 5000000 (7140157.2 per sec) @ chr18:65000000-70000000
ForkPoolWorker-32,  processing 33 (31407.3 per sec) reads @ chr1:80000000-85000000
ForkPoolWorker-32 countReadsInRegions_worker: processing 5000000 (7100935.7 per sec) @ chr1:80000000-85000000
ForkPoolWorker-32,  processing 36 (35461.5 per sec) reads @ chr14:65000000-70000000
ForkPoolWorker-32 countReadsInRegions_worker: processing 5000000 (7660846.0 per sec) @ chr14:65000000-70000000
ForkPoolWorker-32,  processing 38 (36639.9 per sec) reads @ chrX:130000000-135000000
ForkPoolWorker-32 countReadsInRegions_worker: processing 5000000 (8222265.0 per sec) @ chrX:130000000-135000000
ForkPoolWorker-32,  processing 0 (0.0 per sec) reads @ chrUn_KI270317v1:0-37690
ForkPoolWorker-32 countReadsInRegions_worker: processing 37690 (3738166.4 per sec) @ chrUn_KI270317v1:0-37690
ForkPoolWorker-6,  processing 0 (0.0 per sec) reads @ chr1_KI270707v1_random:0-32032
ForkPoolWorker-6 countReadsInRegions_worker: processing 32032 (2214142.4 per sec) @ chr1_KI270707v1_random:0-32032
ForkPoolWorker-6,  processing 154 (50270.3 per sec) reads @ chr20:30000000-35000000
ForkPoolWorker-6 countReadsInRegions_worker: processing 5000000 (7025310.1 per sec) @ chr20:30000000-35000000
ForkPoolWorker-6,  processing 29 (34584.8 per sec) reads @ chr5:115000000-120000000
ForkPoolWorker-6 countReadsInRegions_worker: processing 5000000 (6919964.5 per sec) @ chr5:115000000-120000000
ForkPoolWorker-6,  processing 56 (44333.9 per sec) reads @ chr3:140000000-145000000
ForkPoolWorker-6 countReadsInRegions_worker: processing 5000000 (7041624.2 per sec) @ chr3:140000000-145000000
ForkPoolWorker-6,  processing 0 (0.0 per sec) reads @ chrY:35000000-40000000
ForkPoolWorker-6 countReadsInRegions_worker: processing 5000000 (6994715.2 per sec) @ chrY:35000000-40000000
ForkPoolWorker-6,  processing 0 (0.0 per sec) reads @ chrUn_KI270311v1:0-12399
ForkPoolWorker-6 countReadsInRegions_worker: processing 12399 (1583688.9 per sec) @ chrUn_KI270311v1:0-12399
ForkPoolWorker-6,  processing 43 (40767.4 per sec) reads @ chr3:0-5000000
ForkPoolWorker-6 countReadsInRegions_worker: processing 5000000 (7122607.3 per sec) @ chr3:0-5000000
ForkPoolWorker-6,  processing 259 (85970.6 per sec) reads @ chr2:130000000-135000000
ForkPoolWorker-6 countReadsInRegions_worker: processing 5000000 (7156025.5 per sec) @ chr2:130000000-135000000
ForkPoolWorker-6,  processing 21 (25754.5 per sec) reads @ chr9:70000000-75000000
ForkPoolWorker-6 countReadsInRegions_worker: processing 5000000 (7187080.5 per sec) @ chr9:70000000-75000000
ForkPoolWorker-6,  processing 145 (66394.6 per sec) reads @ chr6:30000000-35000000
ForkPoolWorker-6 countReadsInRegions_worker: processing 5000000 (7161262.2 per sec) @ chr6:30000000-35000000
ForkPoolWorker-6,  processing 199 (82583.0 per sec) reads @ chr14:45000000-50000000
ForkPoolWorker-6 countReadsInRegions_worker: processing 5000000 (7177472.7 per sec) @ chr14:45000000-50000000
ForkPoolWorker-6,  processing 38 (36174.2 per sec) reads @ chr8:25000000-30000000
ForkPoolWorker-6 countReadsInRegions_worker: processing 5000000 (7178664.2 per sec) @ chr8:25000000-30000000
ForkPoolWorker-6,  processing 25 (28822.9 per sec) reads @ chr7:35000000-40000000
ForkPoolWorker-6 countReadsInRegions_worker: processing 5000000 (7195627.6 per sec) @ chr7:35000000-40000000
ForkPoolWorker-6,  processing 109 (66839.1 per sec) reads @ chr19:30000000-35000000
ForkPoolWorker-6 countReadsInRegions_worker: processing 5000000 (7890864.9 per sec) @ chr19:30000000-35000000
ForkPoolWorker-6,  processing 28 (29367.5 per sec) reads @ chr7:40000000-45000000
ForkPoolWorker-6 countReadsInRegions_worker: processing 5000000 (8258679.2 per sec) @ chr7:40000000-45000000
ForkPoolWorker-6,  processing 0 (0.0 per sec) reads @ chrY:50000000-55000000
ForkPoolWorker-6 countReadsInRegions_worker: processing 5000000 (8276380.3 per sec) @ chrY:50000000-55000000
ForkPoolWorker-35,  processing 46 (3168.0 per sec) reads @ chr7:70000000-75000000
ForkPoolWorker-35 countReadsInRegions_worker: processing 5000000 (6438905.0 per sec) @ chr7:70000000-75000000
ForkPoolWorker-35,  processing 0 (0.0 per sec) reads @ chrY:40000000-45000000
ForkPoolWorker-35 countReadsInRegions_worker: processing 5000000 (6635269.8 per sec) @ chrY:40000000-45000000
ForkPoolWorker-35,  processing 9 (10456.7 per sec) reads @ chr9:100000000-105000000
ForkPoolWorker-35 countReadsInRegions_worker: processing 5000000 (6766272.4 per sec) @ chr9:100000000-105000000
ForkPoolWorker-35,  processing 26 (29926.4 per sec) reads @ chr10:30000000-35000000
ForkPoolWorker-35 countReadsInRegions_worker: processing 5000000 (6876645.5 per sec) @ chr10:30000000-35000000
ForkPoolWorker-35,  processing 0 (0.0 per sec) reads @ chrUn_KI270334v1:0-1368
ForkPoolWorker-35 countReadsInRegions_worker: processing 1368 (196117.4 per sec) @ chrUn_KI270334v1:0-1368
ForkPoolWorker-35,  processing 98 (56184.0 per sec) reads @ chr8:140000000-145000000
ForkPoolWorker-35 countReadsInRegions_worker: processing 5000000 (6817472.4 per sec) @ chr8:140000000-145000000
ForkPoolWorker-35,  processing 26 (29010.9 per sec) reads @ chr3:115000000-120000000
ForkPoolWorker-35 countReadsInRegions_worker: processing 5000000 (6887004.2 per sec) @ chr3:115000000-120000000
ForkPoolWorker-35,  processing 35 (33531.4 per sec) reads @ chr16:50000000-55000000
ForkPoolWorker-35 countReadsInRegions_worker: processing 5000000 (6913864.2 per sec) @ chr16:50000000-55000000
ForkPoolWorker-35,  processing 54 (46232.4 per sec) reads @ chr6:150000000-155000000
ForkPoolWorker-35 countReadsInRegions_worker: processing 5000000 (6938991.6 per sec) @ chr6:150000000-155000000
ForkPoolWorker-35,  processing 1 (2218.0 per sec) reads @ chr22_KI270734v1_random:0-165050
ForkPoolWorker-35 countReadsInRegions_worker: processing 165050 (5414619.1 per sec) @ chr22_KI270734v1_random:0-165050
ForkPoolWorker-35,  processing 33 (31322.0 per sec) reads @ chr14:75000000-80000000
ForkPoolWorker-35 countReadsInRegions_worker: processing 5000000 (7008516.2 per sec) @ chr14:75000000-80000000
ForkPoolWorker-35,  processing 0 (0.0 per sec) reads @ chrUn_KI270411v1:0-2646
ForkPoolWorker-35 countReadsInRegions_worker: processing 2646 (357761.8 per sec) @ chrUn_KI270411v1:0-2646
ForkPoolWorker-35,  processing 49 (38682.6 per sec) reads @ chr1:35000000-40000000
ForkPoolWorker-35 countReadsInRegions_worker: processing 5000000 (6977934.8 per sec) @ chr1:35000000-40000000
ForkPoolWorker-35,  processing 16 (22649.0 per sec) reads @ chr4:130000000-135000000
ForkPoolWorker-35 countReadsInRegions_worker: processing 5000000 (7412123.0 per sec) @ chr4:130000000-135000000
ForkPoolWorker-35,  processing 23 (30441.5 per sec) reads @ chr11:20000000-25000000
ForkPoolWorker-35 countReadsInRegions_worker: processing 5000000 (8188085.1 per sec) @ chr11:20000000-25000000
ForkPoolWorker-35,  processing 65 (59344.7 per sec) reads @ chr11:90000000-95000000
ForkPoolWorker-35 countReadsInRegions_worker: processing 5000000 (8249255.0 per sec) @ chr11:90000000-95000000
ForkPoolWorker-37,  processing 77 (5615.6 per sec) reads @ chr11:110000000-115000000
ForkPoolWorker-37 countReadsInRegions_worker: processing 5000000 (6365777.7 per sec) @ chr11:110000000-115000000
ForkPoolWorker-37,  processing 94 (45759.6 per sec) reads @ chr2:60000000-65000000
ForkPoolWorker-37 countReadsInRegions_worker: processing 5000000 (6534676.0 per sec) @ chr2:60000000-65000000
ForkPoolWorker-37,  processing 23 (25399.9 per sec) reads @ chr5:85000000-90000000
ForkPoolWorker-37 countReadsInRegions_worker: processing 5000000 (6783244.6 per sec) @ chr5:85000000-90000000
ForkPoolWorker-37,  processing 0 (0.0 per sec) reads @ chrUn_KI270364v1:0-2855
ForkPoolWorker-37 countReadsInRegions_worker: processing 2855 (362804.9 per sec) @ chrUn_KI270364v1:0-2855
ForkPoolWorker-37,  processing 30 (29866.9 per sec) reads @ chr6:135000000-140000000
ForkPoolWorker-37 countReadsInRegions_worker: processing 5000000 (6846989.2 per sec) @ chr6:135000000-140000000
ForkPoolWorker-37,  processing 68 (47926.8 per sec) reads @ chr13:30000000-35000000
ForkPoolWorker-37 countReadsInRegions_worker: processing 5000000 (6765449.5 per sec) @ chr13:30000000-35000000
ForkPoolWorker-37,  processing 50 (40485.6 per sec) reads @ chr1:105000000-110000000
ForkPoolWorker-37 countReadsInRegions_worker: processing 5000000 (6832182.2 per sec) @ chr1:105000000-110000000
ForkPoolWorker-37,  processing 0 (0.0 per sec) reads @ chrUn_KI270593v1:0-3041
ForkPoolWorker-37 countReadsInRegions_worker: processing 3041 (416867.0 per sec) @ chrUn_KI270593v1:0-3041
ForkPoolWorker-37,  processing 129 (70149.8 per sec) reads @ chr9:90000000-95000000
ForkPoolWorker-37 countReadsInRegions_worker: processing 5000000 (6932935.6 per sec) @ chr9:90000000-95000000
ForkPoolWorker-37,  processing 31 (32702.1 per sec) reads @ chr10:15000000-20000000
ForkPoolWorker-37 countReadsInRegions_worker: processing 5000000 (6900401.2 per sec) @ chr10:15000000-20000000
ForkPoolWorker-37,  processing 38 (35760.3 per sec) reads @ chr4:30000000-35000000
ForkPoolWorker-37 countReadsInRegions_worker: processing 5000000 (6953384.9 per sec) @ chr4:30000000-35000000
ForkPoolWorker-37,  processing 0 (0.0 per sec) reads @ chrUn_KI270517v1:0-3253
ForkPoolWorker-37 countReadsInRegions_worker: processing 3253 (442630.0 per sec) @ chrUn_KI270517v1:0-3253
ForkPoolWorker-37,  processing 46 (41680.3 per sec) reads @ chr8:125000000-130000000
ForkPoolWorker-37 countReadsInRegions_worker: processing 5000000 (6951488.0 per sec) @ chr8:125000000-130000000
ForkPoolWorker-37,  processing 21 (28486.5 per sec) reads @ chrX:25000000-30000000
ForkPoolWorker-37 countReadsInRegions_worker: processing 5000000 (7356814.7 per sec) @ chrX:25000000-30000000
ForkPoolWorker-37,  processing 2262 (117176.1 per sec) reads @ chr17:75000000-80000000
ForkPoolWorker-37 countReadsInRegions_worker: processing 5000000 (7877719.0 per sec) @ chr17:75000000-80000000
ForkPoolWorker-37,  processing 65 (52886.5 per sec) reads @ chr6:20000000-25000000
ForkPoolWorker-37 countReadsInRegions_worker: processing 5000000 (8194964.3 per sec) @ chr6:20000000-25000000
ForkPoolWorker-33,  processing 0 (0.0 per sec) reads @ chrUn_KI270376v1:0-1136
ForkPoolWorker-33 countReadsInRegions_worker: processing 1136 (102990.0 per sec) @ chrUn_KI270376v1:0-1136
ForkPoolWorker-33,  processing 24935 (104217.6 per sec) reads @ chrUn_GL000220v1:0-161802
ForkPoolWorker-33 countReadsInRegions_worker: processing 161802 (605811.3 per sec) @ chrUn_GL000220v1:0-161802
ForkPoolWorker-33,  processing 119 (54394.3 per sec) reads @ chr7:5000000-10000000
ForkPoolWorker-33 countReadsInRegions_worker: processing 5000000 (7322621.7 per sec) @ chr7:5000000-10000000
ForkPoolWorker-33,  processing 79 (42721.8 per sec) reads @ chr2:45000000-50000000
ForkPoolWorker-33 countReadsInRegions_worker: processing 5000000 (6977196.5 per sec) @ chr2:45000000-50000000
ForkPoolWorker-33,  processing 47 (37815.5 per sec) reads @ chr4:150000000-155000000
ForkPoolWorker-33 countReadsInRegions_worker: processing 5000000 (7066323.6 per sec) @ chr4:150000000-155000000
ForkPoolWorker-33,  processing 2 (3755.0 per sec) reads @ chrY:25000000-30000000
ForkPoolWorker-33 countReadsInRegions_worker: processing 5000000 (7136461.6 per sec) @ chrY:25000000-30000000
ForkPoolWorker-33,  processing 0 (0.0 per sec) reads @ chrUn_KI270374v1:0-2656
ForkPoolWorker-33 countReadsInRegions_worker: processing 2656 (358536.0 per sec) @ chrUn_KI270374v1:0-2656
ForkPoolWorker-33,  processing 0 (0.0 per sec) reads @ chrUn_KI270746v1:0-66486
ForkPoolWorker-33 countReadsInRegions_worker: processing 66486 (4363567.3 per sec) @ chrUn_KI270746v1:0-66486
ForkPoolWorker-33,  processing 85 (57623.4 per sec) reads @ chr19:20000000-25000000
ForkPoolWorker-33 countReadsInRegions_worker: processing 5000000 (7102763.5 per sec) @ chr19:20000000-25000000
ForkPoolWorker-33,  processing 119 (58254.2 per sec) reads @ chr15:70000000-75000000
ForkPoolWorker-33 countReadsInRegions_worker: processing 5000000 (7103355.3 per sec) @ chr15:70000000-75000000
ForkPoolWorker-33,  processing 0 (0.0 per sec) reads @ chr11:135000000-135086622
ForkPoolWorker-33 countReadsInRegions_worker: processing 86622 (4753431.1 per sec) @ chr11:135000000-135086622
ForkPoolWorker-33,  processing 61 (44318.8 per sec) reads @ chr5:0-5000000
ForkPoolWorker-33 countReadsInRegions_worker: processing 5000000 (7018686.7 per sec) @ chr5:0-5000000
ForkPoolWorker-33,  processing 0 (0.0 per sec) reads @ chrUn_KI270383v1:0-1750
ForkPoolWorker-33 countReadsInRegions_worker: processing 1750 (237733.8 per sec) @ chrUn_KI270383v1:0-1750
ForkPoolWorker-33,  processing 0 (0.0 per sec) reads @ chrUn_KI270363v1:0-1803
ForkPoolWorker-33 countReadsInRegions_worker: processing 1803 (260905.0 per sec) @ chrUn_KI270363v1:0-1803
ForkPoolWorker-33,  processing 95 (54763.5 per sec) reads @ chr2:95000000-100000000
ForkPoolWorker-33 countReadsInRegions_worker: processing 5000000 (7047248.8 per sec) @ chr2:95000000-100000000
ForkPoolWorker-33,  processing 43 (35095.4 per sec) reads @ chr2:85000000-90000000
ForkPoolWorker-33 countReadsInRegions_worker: processing 5000000 (7040269.6 per sec) @ chr2:85000000-90000000
ForkPoolWorker-33,  processing 38 (35905.3 per sec) reads @ chrX:75000000-80000000
ForkPoolWorker-33 countReadsInRegions_worker: processing 5000000 (7027796.2 per sec) @ chrX:75000000-80000000
ForkPoolWorker-33,  processing 306 (73575.8 per sec) reads @ chr16:0-5000000
ForkPoolWorker-33 countReadsInRegions_worker: processing 5000000 (7375386.3 per sec) @ chr16:0-5000000
ForkPoolWorker-33,  processing 34 (39027.5 per sec) reads @ chr2:140000000-145000000
ForkPoolWorker-33 countReadsInRegions_worker: processing 5000000 (8186263.2 per sec) @ chr2:140000000-145000000
ForkPoolWorker-33,  processing 311 (97272.8 per sec) reads @ chr7:115000000-120000000
ForkPoolWorker-33 countReadsInRegions_worker: processing 5000000 (8199424.3 per sec) @ chr7:115000000-120000000
ForkPoolWorker-39,  processing 0 (0.0 per sec) reads @ chrUn_KI270448v1:0-7992
ForkPoolWorker-39 countReadsInRegions_worker: processing 7992 (860061.0 per sec) @ chrUn_KI270448v1:0-7992
ForkPoolWorker-39,  processing 83 (42978.7 per sec) reads @ chr1:210000000-215000000
ForkPoolWorker-39 countReadsInRegions_worker: processing 5000000 (6966625.1 per sec) @ chr1:210000000-215000000
ForkPoolWorker-39,  processing 109 (62142.1 per sec) reads @ chr4:5000000-10000000
ForkPoolWorker-39 countReadsInRegions_worker: processing 5000000 (6901302.7 per sec) @ chr4:5000000-10000000
ForkPoolWorker-39,  processing 100 (51268.8 per sec) reads @ chr9:75000000-80000000
ForkPoolWorker-39 countReadsInRegions_worker: processing 5000000 (7092324.1 per sec) @ chr9:75000000-80000000
ForkPoolWorker-39,  processing 37 (34795.8 per sec) reads @ chr18:20000000-25000000
ForkPoolWorker-39 countReadsInRegions_worker: processing 5000000 (7092367.2 per sec) @ chr18:20000000-25000000
ForkPoolWorker-39,  processing 94 (57615.7 per sec) reads @ chr9:135000000-138394717
ForkPoolWorker-39 countReadsInRegions_worker: processing 3394717 (7256346.2 per sec) @ chr9:135000000-138394717
ForkPoolWorker-39,  processing 1 (2953.7 per sec) reads @ chrUn_KI270745v1:0-41891
ForkPoolWorker-39 countReadsInRegions_worker: processing 41891 (3461389.4 per sec) @ chrUn_KI270745v1:0-41891
ForkPoolWorker-39,  processing 1 (2543.5 per sec) reads @ chr22_KI270739v1_random:0-73985
ForkPoolWorker-39 countReadsInRegions_worker: processing 73985 (4887244.4 per sec) @ chr22_KI270739v1_random:0-73985
ForkPoolWorker-39,  processing 29 (38070.4 per sec) reads @ chr13:55000000-60000000
ForkPoolWorker-39 countReadsInRegions_worker: processing 5000000 (7388576.1 per sec) @ chr13:55000000-60000000
ForkPoolWorker-39,  processing 37 (41033.6 per sec) reads @ chr1:215000000-220000000
ForkPoolWorker-39 countReadsInRegions_worker: processing 5000000 (7358340.3 per sec) @ chr1:215000000-220000000
ForkPoolWorker-39,  processing 0 (0.0 per sec) reads @ chrUn_KI270422v1:0-1445
ForkPoolWorker-39 countReadsInRegions_worker: processing 1445 (209562.9 per sec) @ chrUn_KI270422v1:0-1445
ForkPoolWorker-39,  processing 3 (6834.8 per sec) reads @ chr16_KI270728v1_random:0-1872759
ForkPoolWorker-39 countReadsInRegions_worker: processing 1872759 (7252499.0 per sec) @ chr16_KI270728v1_random:0-1872759
ForkPoolWorker-39,  processing 10 (12059.5 per sec) reads @ chr4:170000000-175000000
ForkPoolWorker-39 countReadsInRegions_worker: processing 5000000 (7174292.9 per sec) @ chr4:170000000-175000000
ForkPoolWorker-39,  processing 0 (0.0 per sec) reads @ chr17_KI270730v1_random:0-112551
ForkPoolWorker-39 countReadsInRegions_worker: processing 112551 (5032386.8 per sec) @ chr17_KI270730v1_random:0-112551
ForkPoolWorker-39,  processing 21 (23463.1 per sec) reads @ chr12:60000000-65000000
ForkPoolWorker-39 countReadsInRegions_worker: processing 5000000 (7102927.1 per sec) @ chr12:60000000-65000000
ForkPoolWorker-39,  processing 82 (51773.7 per sec) reads @ chr3:25000000-30000000
ForkPoolWorker-39 countReadsInRegions_worker: processing 5000000 (7110932.7 per sec) @ chr3:25000000-30000000
ForkPoolWorker-39,  processing 35 (34211.3 per sec) reads @ chr1:75000000-80000000
ForkPoolWorker-39 countReadsInRegions_worker: processing 5000000 (7126189.3 per sec) @ chr1:75000000-80000000
ForkPoolWorker-39,  processing 18 (25309.2 per sec) reads @ chr8:115000000-120000000
ForkPoolWorker-39 countReadsInRegions_worker: processing 5000000 (7867160.0 per sec) @ chr8:115000000-120000000
ForkPoolWorker-39,  processing 64 (59454.1 per sec) reads @ chr13:105000000-110000000
ForkPoolWorker-39 countReadsInRegions_worker: processing 5000000 (8207742.2 per sec) @ chr13:105000000-110000000
ForkPoolWorker-39,  processing 177 (75400.3 per sec) reads @ chr17:35000000-40000000
ForkPoolWorker-39 countReadsInRegions_worker: processing 5000000 (8237431.4 per sec) @ chr17:35000000-40000000
ForkPoolWorker-8,  processing 0 (0.0 per sec) reads @ chrUn_KI270330v1:0-1652
ForkPoolWorker-8 countReadsInRegions_worker: processing 1652 (163280.9 per sec) @ chrUn_KI270330v1:0-1652
ForkPoolWorker-8,  processing 193 (22661.8 per sec) reads @ chr17:15000000-20000000
ForkPoolWorker-8 countReadsInRegions_worker: processing 5000000 (6913779.8 per sec) @ chr17:15000000-20000000
ForkPoolWorker-8,  processing 0 (0.0 per sec) reads @ chr14_KI270726v1_random:0-43739
ForkPoolWorker-8 countReadsInRegions_worker: processing 43739 (3823007.5 per sec) @ chr14_KI270726v1_random:0-43739
ForkPoolWorker-8,  processing 163 (79376.7 per sec) reads @ chr13:20000000-25000000
ForkPoolWorker-8 countReadsInRegions_worker: processing 5000000 (6920421.3 per sec) @ chr13:20000000-25000000
ForkPoolWorker-8,  processing 0 (0.0 per sec) reads @ chrUn_KI270512v1:0-22689
ForkPoolWorker-8 countReadsInRegions_worker: processing 22689 (2540363.7 per sec) @ chrUn_KI270512v1:0-22689
ForkPoolWorker-8,  processing 3 (6263.3 per sec) reads @ chrUn_KI270741v1:0-157432
ForkPoolWorker-8 countReadsInRegions_worker: processing 157432 (5642342.2 per sec) @ chrUn_KI270741v1:0-157432
ForkPoolWorker-8,  processing 0 (0.0 per sec) reads @ chrUn_KI270588v1:0-6158
ForkPoolWorker-8 countReadsInRegions_worker: processing 6158 (826327.7 per sec) @ chrUn_KI270588v1:0-6158
ForkPoolWorker-8,  processing 0 (0.0 per sec) reads @ chrUn_KI270315v1:0-2276
ForkPoolWorker-8 countReadsInRegions_worker: processing 2276 (329044.4 per sec) @ chrUn_KI270315v1:0-2276
ForkPoolWorker-8,  processing 63 (37835.2 per sec) reads @ chr10:0-5000000
ForkPoolWorker-8 countReadsInRegions_worker: processing 5000000 (7335510.4 per sec) @ chr10:0-5000000
ForkPoolWorker-8,  processing 72 (56647.9 per sec) reads @ chr4:40000000-45000000
ForkPoolWorker-8 countReadsInRegions_worker: processing 5000000 (7295812.1 per sec) @ chr4:40000000-45000000
ForkPoolWorker-8,  processing 86 (56582.0 per sec) reads @ chr2:40000000-45000000
ForkPoolWorker-8 countReadsInRegions_worker: processing 5000000 (7305968.7 per sec) @ chr2:40000000-45000000
ForkPoolWorker-8,  processing 256 (85021.9 per sec) reads @ chr5:145000000-150000000
ForkPoolWorker-8 countReadsInRegions_worker: processing 5000000 (7303157.3 per sec) @ chr5:145000000-150000000
ForkPoolWorker-8,  processing 180 (82492.9 per sec) reads @ chr2:65000000-70000000
ForkPoolWorker-8 countReadsInRegions_worker: processing 5000000 (7268061.8 per sec) @ chr2:65000000-70000000
ForkPoolWorker-8,  processing 143 (67581.5 per sec) reads @ chr17:55000000-60000000
ForkPoolWorker-8 countReadsInRegions_worker: processing 5000000 (7188839.6 per sec) @ chr17:55000000-60000000
ForkPoolWorker-8,  processing 76 (60384.0 per sec) reads @ chr2:220000000-225000000
ForkPoolWorker-8 countReadsInRegions_worker: processing 5000000 (7190444.2 per sec) @ chr2:220000000-225000000
ForkPoolWorker-8,  processing 35 (36417.9 per sec) reads @ chr4:115000000-120000000
ForkPoolWorker-8 countReadsInRegions_worker: processing 5000000 (7148476.1 per sec) @ chr4:115000000-120000000
ForkPoolWorker-8,  processing 24 (30568.9 per sec) reads @ chr4:45000000-50000000
ForkPoolWorker-8 countReadsInRegions_worker: processing 5000000 (7143323.8 per sec) @ chr4:45000000-50000000
ForkPoolWorker-8,  processing 41 (45918.9 per sec) reads @ chr8:80000000-85000000
ForkPoolWorker-8 countReadsInRegions_worker: processing 5000000 (7874335.2 per sec) @ chr8:80000000-85000000
ForkPoolWorker-8,  processing 65 (54482.4 per sec) reads @ chr13:95000000-100000000
ForkPoolWorker-8 countReadsInRegions_worker: processing 5000000 (8239004.2 per sec) @ chr13:95000000-100000000
ForkPoolWorker-8,  processing 75 (65088.5 per sec) reads @ chr16:5000000-10000000
ForkPoolWorker-8 countReadsInRegions_worker: processing 5000000 (8236936.3 per sec) @ chr16:5000000-10000000
ForkPoolWorker-3,  processing 0 (0.0 per sec) reads @ chrUn_KI270747v1:0-198735
ForkPoolWorker-3 countReadsInRegions_worker: processing 198735 (5605766.2 per sec) @ chrUn_KI270747v1:0-198735
ForkPoolWorker-3,  processing 0 (0.0 per sec) reads @ chr9_KI270720v1_random:0-39050
ForkPoolWorker-3 countReadsInRegions_worker: processing 39050 (3798589.2 per sec) @ chr9_KI270720v1_random:0-39050
ForkPoolWorker-3,  processing 50 (28259.7 per sec) reads @ chr2:100000000-105000000
ForkPoolWorker-3 countReadsInRegions_worker: processing 5000000 (7789854.8 per sec) @ chr2:100000000-105000000
ForkPoolWorker-3,  processing 105 (70975.3 per sec) reads @ chr22:10000000-15000000
ForkPoolWorker-3 countReadsInRegions_worker: processing 5000000 (7182804.7 per sec) @ chr22:10000000-15000000
ForkPoolWorker-3,  processing 37 (37795.7 per sec) reads @ chr3:165000000-170000000
ForkPoolWorker-3 countReadsInRegions_worker: processing 5000000 (7161900.5 per sec) @ chr3:165000000-170000000
ForkPoolWorker-3,  processing 0 (0.0 per sec) reads @ chrUn_KI270322v1:0-21476
ForkPoolWorker-3 countReadsInRegions_worker: processing 21476 (2533237.9 per sec) @ chrUn_KI270322v1:0-21476
ForkPoolWorker-3,  processing 0 (0.0 per sec) reads @ chrUn_KI270312v1:0-998
ForkPoolWorker-3 countReadsInRegions_worker: processing 998 (148579.0 per sec) @ chrUn_KI270312v1:0-998
ForkPoolWorker-3,  processing 373 (77280.9 per sec) reads @ chr1:205000000-210000000
ForkPoolWorker-3 countReadsInRegions_worker: processing 5000000 (7086991.3 per sec) @ chr1:205000000-210000000
ForkPoolWorker-3,  processing 0 (0.0 per sec) reads @ chr2_KI270716v1_random:0-153799
ForkPoolWorker-3 countReadsInRegions_worker: processing 153799 (6078261.0 per sec) @ chr2_KI270716v1_random:0-153799
ForkPoolWorker-3,  processing 38 (36665.2 per sec) reads @ chr1:180000000-185000000
ForkPoolWorker-3 countReadsInRegions_worker: processing 5000000 (7330110.7 per sec) @ chr1:180000000-185000000
ForkPoolWorker-3,  processing 67 (49870.2 per sec) reads @ chr11:70000000-75000000
ForkPoolWorker-3 countReadsInRegions_worker: processing 5000000 (7297170.2 per sec) @ chr11:70000000-75000000
ForkPoolWorker-3,  processing 29 (33124.9 per sec) reads @ chr6:100000000-105000000
ForkPoolWorker-3 countReadsInRegions_worker: processing 5000000 (7243573.0 per sec) @ chr6:100000000-105000000
ForkPoolWorker-3,  processing 63 (46951.2 per sec) reads @ chr7:100000000-105000000
ForkPoolWorker-3 countReadsInRegions_worker: processing 5000000 (7200863.1 per sec) @ chr7:100000000-105000000
ForkPoolWorker-3,  processing 45 (43409.3 per sec) reads @ chr8:50000000-55000000
ForkPoolWorker-3 countReadsInRegions_worker: processing 5000000 (7212629.2 per sec) @ chr8:50000000-55000000
ForkPoolWorker-3,  processing 48 (45170.9 per sec) reads @ chr1:240000000-245000000
ForkPoolWorker-3 countReadsInRegions_worker: processing 5000000 (7168552.0 per sec) @ chr1:240000000-245000000
ForkPoolWorker-3,  processing 0 (0.0 per sec) reads @ chrUn_KI270320v1:0-4416
ForkPoolWorker-3 countReadsInRegions_worker: processing 4416 (661312.7 per sec) @ chrUn_KI270320v1:0-4416
ForkPoolWorker-3,  processing 62 (47627.6 per sec) reads @ chr12:105000000-110000000
ForkPoolWorker-3 countReadsInRegions_worker: processing 5000000 (7186376.1 per sec) @ chr12:105000000-110000000
ForkPoolWorker-3,  processing 9 (17088.6 per sec) reads @ chrY:20000000-25000000
ForkPoolWorker-3 countReadsInRegions_worker: processing 5000000 (7888368.7 per sec) @ chrY:20000000-25000000
ForkPoolWorker-3,  processing 30 (39656.2 per sec) reads @ chr5:100000000-105000000
ForkPoolWorker-3 countReadsInRegions_worker: processing 5000000 (8241183.1 per sec) @ chr5:100000000-105000000
ForkPoolWorker-3,  processing 68 (53013.5 per sec) reads @ chr9:0-5000000
ForkPoolWorker-3 countReadsInRegions_worker: processing 5000000 (8279706.7 per sec) @ chr9:0-5000000
ForkPoolWorker-1,  processing 55 (2793.0 per sec) reads @ chr5:120000000-125000000
ForkPoolWorker-1 countReadsInRegions_worker: processing 5000000 (6337694.6 per sec) @ chr5:120000000-125000000
ForkPoolWorker-1,  processing 19 (15016.4 per sec) reads @ chr6:170000000-170805979
ForkPoolWorker-1 countReadsInRegions_worker: processing 805979 (6258161.1 per sec) @ chr6:170000000-170805979
ForkPoolWorker-1,  processing 66 (31393.1 per sec) reads @ chr6:130000000-135000000
ForkPoolWorker-1 countReadsInRegions_worker: processing 5000000 (7184571.5 per sec) @ chr6:130000000-135000000
ForkPoolWorker-1,  processing 0 (0.0 per sec) reads @ chr15:10000000-15000000
ForkPoolWorker-1 countReadsInRegions_worker: processing 5000000 (7141290.2 per sec) @ chr15:10000000-15000000
ForkPoolWorker-1,  processing 97 (44227.4 per sec) reads @ chr11:10000000-15000000
ForkPoolWorker-1 countReadsInRegions_worker: processing 5000000 (7077443.6 per sec) @ chr11:10000000-15000000
ForkPoolWorker-1,  processing 0 (0.0 per sec) reads @ chrY:55000000-57227415
ForkPoolWorker-1 countReadsInRegions_worker: processing 2227415 (6928508.0 per sec) @ chrY:55000000-57227415
ForkPoolWorker-1,  processing 0 (0.0 per sec) reads @ chr15_KI270727v1_random:0-448248
ForkPoolWorker-1 countReadsInRegions_worker: processing 448248 (6436168.1 per sec) @ chr15_KI270727v1_random:0-448248
ForkPoolWorker-1,  processing 34 (33389.4 per sec) reads @ chr1:175000000-180000000
ForkPoolWorker-1 countReadsInRegions_worker: processing 5000000 (7140628.9 per sec) @ chr1:175000000-180000000
ForkPoolWorker-1,  processing 28 (29574.5 per sec) reads @ chr5:165000000-170000000
ForkPoolWorker-1 countReadsInRegions_worker: processing 5000000 (7109223.6 per sec) @ chr5:165000000-170000000
ForkPoolWorker-1,  processing 60 (45822.7 per sec) reads @ chr4:180000000-185000000
ForkPoolWorker-1 countReadsInRegions_worker: processing 5000000 (7099892.3 per sec) @ chr4:180000000-185000000
ForkPoolWorker-1,  processing 17 (21310.0 per sec) reads @ chr2:185000000-190000000
ForkPoolWorker-1 countReadsInRegions_worker: processing 5000000 (7074635.9 per sec) @ chr2:185000000-190000000
ForkPoolWorker-1,  processing 16 (21599.2 per sec) reads @ chr7:60000000-65000000
ForkPoolWorker-1 countReadsInRegions_worker: processing 5000000 (7087630.8 per sec) @ chr7:60000000-65000000
ForkPoolWorker-1,  processing 52 (42432.6 per sec) reads @ chr10:5000000-10000000
ForkPoolWorker-1 countReadsInRegions_worker: processing 5000000 (7037342.5 per sec) @ chr10:5000000-10000000
ForkPoolWorker-1,  processing 62 (56153.5 per sec) reads @ chr9:115000000-120000000
ForkPoolWorker-1 countReadsInRegions_worker: processing 5000000 (7694714.1 per sec) @ chr9:115000000-120000000
ForkPoolWorker-1,  processing 79 (54142.2 per sec) reads @ chr7:75000000-80000000
ForkPoolWorker-1 countReadsInRegions_worker: processing 5000000 (8230135.1 per sec) @ chr7:75000000-80000000
ForkPoolWorker-1,  processing 133 (61133.4 per sec) reads @ chr9:130000000-135000000
ForkPoolWorker-1 countReadsInRegions_worker: processing 5000000 (8232086.4 per sec) @ chr9:130000000-135000000
