# packages in environment at /work/pa-hilario/anaconda3/envs/deeptools:
#
# Name                    Version                   Build  Channel
_openmp_mutex             4.5                      20_gnu    conda-forge
alabaster                 1.0.0              pyhd8ed1ab_1    conda-forge
babel                     2.18.0             pyhcf101f3_0    conda-forge
backports.zstd            1.3.0           py312h90b7ffd_0    conda-forge
bedops                    2.4.42               hd6d6fdc_1    bioconda
brotli                    1.2.0                hed03a55_1    conda-forge
brotli-bin                1.2.0                hb03c661_1    conda-forge
brotli-python             1.2.0           py312hdb49522_1    conda-forge
bzip2                     1.0.8                hda65f42_8    conda-forge
c-ares                    1.34.6               hb03c661_0    conda-forge
ca-certificates           2026.1.4             hbd8a1cb_0    conda-forge
certifi                   2026.01.04      py312h06a4308_0  
charset-normalizer        3.4.4              pyhd8ed1ab_0    conda-forge
click                     8.3.1                    pypi_0    pypi
colorama                  0.4.6              pyhd8ed1ab_1    conda-forge
contourpy                 1.3.3           py312h0a2e395_4    conda-forge
cycler                    0.12.1             pyhcf101f3_2    conda-forge
cython                    3.2.4           py312h47b2149_0  
deeptools                 3.5.6              pyhdfd78af_0    bioconda
deeptoolsintervals        0.1.9           py312ha9c1134_11    bioconda
docutils                  0.22.4             pyhd8ed1ab_0    conda-forge
fonttools                 4.61.1          py312h8a5da7c_0    conda-forge
freetype                  2.14.1               ha770c72_0    conda-forge
gencode-utr-fix           1.0.0                    pypi_0    pypi
h2                        4.3.0              pyhcf101f3_0    conda-forge
hpack                     4.1.0              pyhd8ed1ab_0    conda-forge
htslib                    1.22.1               h566b1c6_0    bioconda
hyperframe                6.1.0              pyhd8ed1ab_0    conda-forge
icu                       78.2                 h33c6efd_0    conda-forge
idna                      3.11               pyhd8ed1ab_0    conda-forge
imagesize                 1.4.1              pyhd8ed1ab_0    conda-forge
importlib-metadata        8.7.0              pyhe01879c_1    conda-forge
jansson                   2.15.0               h280c20c_0    conda-forge
jinja2                    3.1.6              pyhcf101f3_1    conda-forge
keyutils                  1.6.3                hb9d3cd8_0    conda-forge
kiwisolver                1.4.9           py312h0a2e395_2    conda-forge
krb5                      1.22.2               ha1258a1_0    conda-forge
lcms2                     2.18                 h0c24ade_0    conda-forge
ld_impl_linux-64          2.45.1          default_hbd61a6d_101    conda-forge
lerc                      4.0.0                h0aef613_1    conda-forge
libblas                   3.11.0          5_h4a7cf45_openblas    conda-forge
libbrotlicommon           1.2.0                hb03c661_1    conda-forge
libbrotlidec              1.2.0                hb03c661_1    conda-forge
libbrotlienc              1.2.0                hb03c661_1    conda-forge
libcblas                  3.11.0          5_h0358290_openblas    conda-forge
libcurl                   8.18.0               hcf29cc6_1    conda-forge
libdeflate                1.25                 h17f619e_0    conda-forge
libedit                   3.1.20250104    pl5321h7949ede_0    conda-forge
libev                     4.33                 hd590300_2    conda-forge
libexpat                  2.7.3                hecca717_0    conda-forge
libffi                    3.5.2                h3435931_0    conda-forge
libfreetype               2.14.1               ha770c72_0    conda-forge
libfreetype6              2.14.1               h73754d4_0    conda-forge
libgcc                    15.2.0              he0feb66_17    conda-forge
libgcc-ng                 15.2.0              h69a702a_17    conda-forge
libgfortran               15.2.0              h69a702a_17    conda-forge
libgfortran5              15.2.0              h68bc16d_17    conda-forge
libgomp                   15.2.0              he0feb66_17    conda-forge
libiconv                  1.18                 h3b78370_2    conda-forge
libjpeg-turbo             3.1.2                hb03c661_0    conda-forge
liblapack                 3.11.0          5_h47877c9_openblas    conda-forge
liblzma                   5.8.2                hb03c661_0    conda-forge
libnghttp2                1.67.0               had1ee68_0    conda-forge
libnsl                    2.0.1                hb9d3cd8_1    conda-forge
libopenblas               0.3.30          pthreads_h94d23a6_4    conda-forge
libopenssl-static         3.6.1                hb03c661_1    conda-forge
libpng                    1.6.55               h421ea60_0    conda-forge
libsqlite                 3.51.2               hf4e2dac_0    conda-forge
libssh2                   1.11.1               hcf80075_0    conda-forge
libstdcxx                 15.2.0              h934c35e_17    conda-forge
libstdcxx-ng              15.2.0              hdf11a46_17    conda-forge
libtiff                   4.7.1                h9d88235_1    conda-forge
libuuid                   2.41.3               h5347b49_0    conda-forge
libwebp-base              1.6.0                hd42ef1d_0    conda-forge
libxcb                    1.17.0               h8a09558_0    conda-forge
libxcrypt                 4.4.36               hd590300_1    conda-forge
libzlib                   1.3.1                hb9d3cd8_2    conda-forge
markupsafe                3.0.3           py312h8a5da7c_0    conda-forge
matplotlib-base           3.10.8          py312he3d6523_0    conda-forge
munkres                   1.1.4              pyhd8ed1ab_1    conda-forge
mysql-connector-c         6.1.11            h659d440_1008    conda-forge
narwhals                  2.16.0             pyhcf101f3_0    conda-forge
natsort                   8.4.0                    pypi_0    pypi
ncls                      0.0.70                   pypi_0    pypi
ncurses                   6.5                  h2d0b736_3    conda-forge
numpy                     2.4.2           py312h33ff503_1    conda-forge
numpydoc                  1.10.0             pyhcf101f3_0    conda-forge
openjpeg                  2.5.4                h55fea9a_0    conda-forge
openssl                   3.6.1                h35e630c_1    conda-forge
packaging                 26.0               pyhcf101f3_0    conda-forge
pandas                    3.0.0                    pypi_0    pypi
pillow                    12.1.1          py312h50c33e8_0    conda-forge
pip                       26.0.1             pyh8b19718_0    conda-forge
plotly                    6.5.2              pyhd8ed1ab_0    conda-forge
pthread-stubs             0.4               hb9d3cd8_1002    conda-forge
py2bit                    0.3.3           py312h0fa9677_1    bioconda
pybigwig                  0.3.25          py312h83fe50f_0    bioconda
pygments                  2.19.2             pyhd8ed1ab_0    conda-forge
pyparsing                 3.3.2              pyhcf101f3_0    conda-forge
pyranges                  0.1.4                    pypi_0    pypi
pysam                     0.23.3          py312h8f9e533_2    bioconda
pysocks                   1.7.1              pyha55dd90_7    conda-forge
python                    3.12.12         hd63d673_2_cpython    conda-forge
python-dateutil           2.9.0.post0        pyhe01879c_2    conda-forge
python_abi                3.12                    8_cp312    conda-forge
pytz                      2025.2             pyhd8ed1ab_0    conda-forge
qhull                     2020.2               h434a139_5    conda-forge
readline                  8.3                  h853b02a_0    conda-forge
requests                  2.32.5             pyhcf101f3_1    conda-forge
roman-numerals            4.1.0              pyhd8ed1ab_0    conda-forge
samtools                  1.22.1               h96c455f_0    bioconda
scipy                     1.17.0          py312h54fa4ab_1    conda-forge
setuptools                82.0.0             pyh332efcf_0    conda-forge
six                       1.17.0             pyhe01879c_1    conda-forge
snowballstemmer           3.0.1              pyhd8ed1ab_0    conda-forge
sorted-nearest            0.0.41                   pypi_0    pypi
sphinx                    9.1.0              pyhd8ed1ab_0    conda-forge
sphinxcontrib-applehelp   2.0.0              pyhd8ed1ab_1    conda-forge
sphinxcontrib-devhelp     2.0.0              pyhd8ed1ab_1    conda-forge
sphinxcontrib-htmlhelp    2.1.0              pyhd8ed1ab_1    conda-forge
sphinxcontrib-jsmath      1.0.1              pyhd8ed1ab_1    conda-forge
sphinxcontrib-qthelp      2.0.0              pyhd8ed1ab_1    conda-forge
sphinxcontrib-serializinghtml 1.1.10             pyhd8ed1ab_1    conda-forge
tabulate                  0.9.0                    pypi_0    pypi
tk                        8.6.13          noxft_h366c992_103    conda-forge
tomli                     2.4.0              pyhcf101f3_0    conda-forge
tqdm                      4.67.3                   pypi_0    pypi
tzdata                    2025c                hc9c84f9_1    conda-forge
ucsc-bigwiginfo           482                  h0b57e2e_0    bioconda
unicodedata2              17.0.1          py312h4c3975b_0    conda-forge
urllib3                   2.6.3              pyhd8ed1ab_0    conda-forge
wheel                     0.46.3             pyhd8ed1ab_0    conda-forge
xorg-libxau               1.0.12               hb03c661_1    conda-forge
xorg-libxdmcp             1.1.5                hb03c661_1    conda-forge
zipp                      3.23.0             pyhcf101f3_1    conda-forge
zlib                      1.3.1                hb9d3cd8_2    conda-forge
zlib-ng                   2.3.3                hceb46e0_1    conda-forge
zstd                      1.5.7                hb78ec9c_6    conda-forge
Specified --scaleFactor: 1.0
normalization: CPM
bamFilesList: ['output/SNRNP70-Sorbitol-rep1_L1_R1.genome.Aligned.sort.dedup.bam']
binLength: 1
numberOfSamples: None
blackListFileName: None
skipZeroOverZero: False
bed_and_bin: False
genomeChunkSize: None
defaultFragmentLength: read length
numberOfProcessors: 52
verbose: True
region: None
bedFile: None
minMappingQuality: None
ignoreDuplicates: False
chrsToSkip: []
stepSize: 1
center_read: False
samFlag_include: None
samFlag_exclude: None
minFragmentLength: 0
maxFragmentLength: 0
zerosToNans: False
smoothLength: None
save_data: False
out_file_for_raw_data: None
maxPairedFragmentLength: 1000
Final scaling factor: 0.40124723691121483
ForkPoolWorker-48,  processing 0 (0.0 per sec) reads @ chr22:0-5000000
ForkPoolWorker-48 countReadsInRegions_worker: processing 5000000 (6148709.4 per sec) @ chr22:0-5000000
ForkPoolWorker-48,  processing 1067 (91238.1 per sec) reads @ chr1:90000000-95000000
ForkPoolWorker-48 countReadsInRegions_worker: processing 5000000 (7006465.1 per sec) @ chr1:90000000-95000000
ForkPoolWorker-48,  processing 0 (0.0 per sec) reads @ chrEBV:0-171823
ForkPoolWorker-48 countReadsInRegions_worker: processing 171823 (4975167.6 per sec) @ chrEBV:0-171823
ForkPoolWorker-48,  processing 760 (80907.4 per sec) reads @ chr17:50000000-55000000
ForkPoolWorker-48 countReadsInRegions_worker: processing 5000000 (7034005.0 per sec) @ chr17:50000000-55000000
ForkPoolWorker-48,  processing 87 (49993.8 per sec) reads @ chrX:120000000-125000000
ForkPoolWorker-48 countReadsInRegions_worker: processing 5000000 (7083364.9 per sec) @ chrX:120000000-125000000
ForkPoolWorker-48,  processing 571 (88580.4 per sec) reads @ chr3:110000000-115000000
ForkPoolWorker-48 countReadsInRegions_worker: processing 5000000 (7039976.6 per sec) @ chr3:110000000-115000000
ForkPoolWorker-48,  processing 0 (0.0 per sec) reads @ chrUn_KI270317v1:0-37690
ForkPoolWorker-48 countReadsInRegions_worker: processing 37690 (2270953.1 per sec) @ chrUn_KI270317v1:0-37690
ForkPoolWorker-48,  processing 0 (0.0 per sec) reads @ chrUn_KI270371v1:0-2805
ForkPoolWorker-48 countReadsInRegions_worker: processing 2805 (248092.1 per sec) @ chrUn_KI270371v1:0-2805
ForkPoolWorker-48,  processing 354 (76744.9 per sec) reads @ chr6:110000000-115000000
ForkPoolWorker-48 countReadsInRegions_worker: processing 5000000 (7093967.5 per sec) @ chr6:110000000-115000000
ForkPoolWorker-48,  processing 0 (0.0 per sec) reads @ chrUn_KI270394v1:0-970
ForkPoolWorker-48 countReadsInRegions_worker: processing 970 (81829.4 per sec) @ chrUn_KI270394v1:0-970
ForkPoolWorker-48,  processing 693 (76883.4 per sec) reads @ chr20:40000000-45000000
ForkPoolWorker-48 countReadsInRegions_worker: processing 5000000 (7020940.1 per sec) @ chr20:40000000-45000000
ForkPoolWorker-48,  processing 84 (50454.2 per sec) reads @ chr11:105000000-110000000
ForkPoolWorker-48 countReadsInRegions_worker: processing 5000000 (7127737.0 per sec) @ chr11:105000000-110000000
ForkPoolWorker-48,  processing 389 (74420.0 per sec) reads @ chr3:55000000-60000000
ForkPoolWorker-48 countReadsInRegions_worker: processing 5000000 (7070042.3 per sec) @ chr3:55000000-60000000
ForkPoolWorker-48,  processing 1 (2099.3 per sec) reads @ chrY:55000000-57227415
ForkPoolWorker-48 countReadsInRegions_worker: processing 2227415 (6944168.9 per sec) @ chrY:55000000-57227415
ForkPoolWorker-48,  processing 58 (43612.3 per sec) reads @ chr3:105000000-110000000
ForkPoolWorker-48 countReadsInRegions_worker: processing 5000000 (7119480.8 per sec) @ chr3:105000000-110000000
ForkPoolWorker-48,  processing 0 (0.0 per sec) reads @ chrUn_KI270412v1:0-1179
ForkPoolWorker-48 countReadsInRegions_worker: processing 1179 (98089.5 per sec) @ chrUn_KI270412v1:0-1179
ForkPoolWorker-2,  processing 86 (753.8 per sec) reads @ chr8:50000000-55000000
ForkPoolWorker-2 countReadsInRegions_worker: processing 5000000 (5836125.0 per sec) @ chr8:50000000-55000000
ForkPoolWorker-2,  processing 268935 (101484.3 per sec) reads @ chrUn_GL000220v1:0-161802
ForkPoolWorker-2 countReadsInRegions_worker: processing 161802 (60253.8 per sec) @ chrUn_GL000220v1:0-161802
ForkPoolWorker-2,  processing 136 (61040.7 per sec) reads @ chr14:35000000-40000000
ForkPoolWorker-2 countReadsInRegions_worker: processing 5000000 (7168412.3 per sec) @ chr14:35000000-40000000
ForkPoolWorker-2,  processing 190 (62596.6 per sec) reads @ chr8:25000000-30000000
ForkPoolWorker-2 countReadsInRegions_worker: processing 5000000 (7140689.7 per sec) @ chr8:25000000-30000000
ForkPoolWorker-2,  processing 37 (32983.9 per sec) reads @ chrX:60000000-65000000
ForkPoolWorker-2 countReadsInRegions_worker: processing 5000000 (7159506.8 per sec) @ chrX:60000000-65000000
ForkPoolWorker-2,  processing 410 (75199.6 per sec) reads @ chr15:100000000-101991189
ForkPoolWorker-2 countReadsInRegions_worker: processing 1991189 (6868496.4 per sec) @ chr15:100000000-101991189
ForkPoolWorker-2,  processing 193 (70859.7 per sec) reads @ chrX:65000000-70000000
ForkPoolWorker-2 countReadsInRegions_worker: processing 5000000 (7061001.4 per sec) @ chrX:65000000-70000000
ForkPoolWorker-2,  processing 26 (27734.5 per sec) reads @ chrX:25000000-30000000
ForkPoolWorker-2 countReadsInRegions_worker: processing 5000000 (7090669.5 per sec) @ chrX:25000000-30000000
ForkPoolWorker-2,  processing 3809 (90569.0 per sec) reads @ chr17:5000000-10000000
ForkPoolWorker-2 countReadsInRegions_worker: processing 5000000 (6700941.1 per sec) @ chr17:5000000-10000000
ForkPoolWorker-2,  processing 76 (50429.9 per sec) reads @ chr5:60000000-65000000
ForkPoolWorker-2 countReadsInRegions_worker: processing 5000000 (7103665.7 per sec) @ chr5:60000000-65000000
ForkPoolWorker-2,  processing 132 (57713.8 per sec) reads @ chr9:0-5000000
ForkPoolWorker-2 countReadsInRegions_worker: processing 5000000 (7100858.7 per sec) @ chr9:0-5000000
ForkPoolWorker-2,  processing 0 (0.0 per sec) reads @ chr1:125000000-130000000
ForkPoolWorker-2 countReadsInRegions_worker: processing 5000000 (7112635.4 per sec) @ chr1:125000000-130000000
ForkPoolWorker-52,  processing 1220 (10518.0 per sec) reads @ chr20:30000000-35000000
ForkPoolWorker-52 countReadsInRegions_worker: processing 5000000 (5903677.1 per sec) @ chr20:30000000-35000000
ForkPoolWorker-52,  processing 407 (67147.1 per sec) reads @ chr14:65000000-70000000
ForkPoolWorker-52 countReadsInRegions_worker: processing 5000000 (6807127.2 per sec) @ chr14:65000000-70000000
ForkPoolWorker-52,  processing 145 (57089.5 per sec) reads @ chr12:75000000-80000000
ForkPoolWorker-52 countReadsInRegions_worker: processing 5000000 (6991788.5 per sec) @ chr12:75000000-80000000
ForkPoolWorker-52,  processing 1 (2050.0 per sec) reads @ chr3_GL000221v1_random:0-155397
ForkPoolWorker-52 countReadsInRegions_worker: processing 155397 (4611090.5 per sec) @ chr3_GL000221v1_random:0-155397
ForkPoolWorker-52,  processing 379 (77445.3 per sec) reads @ chr5:10000000-15000000
ForkPoolWorker-52 countReadsInRegions_worker: processing 5000000 (6943044.0 per sec) @ chr5:10000000-15000000
ForkPoolWorker-52,  processing 102 (53705.6 per sec) reads @ chr18:25000000-30000000
ForkPoolWorker-52 countReadsInRegions_worker: processing 5000000 (7005451.6 per sec) @ chr18:25000000-30000000
ForkPoolWorker-52,  processing 1141 (79418.9 per sec) reads @ chr15:75000000-80000000
ForkPoolWorker-52 countReadsInRegions_worker: processing 5000000 (6877782.1 per sec) @ chr15:75000000-80000000
ForkPoolWorker-52,  processing 1 (2105.6 per sec) reads @ chr5:45000000-50000000
ForkPoolWorker-52 countReadsInRegions_worker: processing 5000000 (7010559.2 per sec) @ chr5:45000000-50000000
ForkPoolWorker-52,  processing 2644 (82498.2 per sec) reads @ chr21:45000000-46709983
ForkPoolWorker-52 countReadsInRegions_worker: processing 1709983 (6058896.6 per sec) @ chr21:45000000-46709983
ForkPoolWorker-52,  processing 64 (49950.8 per sec) reads @ chr9:25000000-30000000
ForkPoolWorker-52 countReadsInRegions_worker: processing 5000000 (7193823.3 per sec) @ chr9:25000000-30000000
ForkPoolWorker-52,  processing 730 (75974.3 per sec) reads @ chr9:120000000-125000000
ForkPoolWorker-52 countReadsInRegions_worker: processing 5000000 (7091971.5 per sec) @ chr9:120000000-125000000
ForkPoolWorker-52,  processing 174 (65091.8 per sec) reads @ chr7:130000000-135000000
ForkPoolWorker-52 countReadsInRegions_worker: processing 5000000 (7157635.1 per sec) @ chr7:130000000-135000000
ForkPoolWorker-14,  processing 78 (682.6 per sec) reads @ chr10:55000000-60000000
ForkPoolWorker-14 countReadsInRegions_worker: processing 5000000 (5905013.6 per sec) @ chr10:55000000-60000000
ForkPoolWorker-14,  processing 161 (56698.8 per sec) reads @ chr2:5000000-10000000
ForkPoolWorker-14 countReadsInRegions_worker: processing 5000000 (7054889.6 per sec) @ chr2:5000000-10000000
ForkPoolWorker-14,  processing 100 (56216.4 per sec) reads @ chr4:15000000-20000000
ForkPoolWorker-14 countReadsInRegions_worker: processing 5000000 (7099998.1 per sec) @ chr4:15000000-20000000
ForkPoolWorker-14,  processing 0 (0.0 per sec) reads @ chrUn_KI270748v1:0-93321
ForkPoolWorker-14 countReadsInRegions_worker: processing 93321 (3831145.5 per sec) @ chrUn_KI270748v1:0-93321
ForkPoolWorker-14,  processing 1505 (99736.6 per sec) reads @ chr8:65000000-70000000
ForkPoolWorker-14 countReadsInRegions_worker: processing 5000000 (6954745.4 per sec) @ chr8:65000000-70000000
ForkPoolWorker-14,  processing 55 (41468.0 per sec) reads @ chr8:105000000-110000000
ForkPoolWorker-14 countReadsInRegions_worker: processing 5000000 (7087118.3 per sec) @ chr8:105000000-110000000
ForkPoolWorker-14,  processing 1092 (78185.4 per sec) reads @ chr1:20000000-25000000
ForkPoolWorker-14 countReadsInRegions_worker: processing 5000000 (6944609.7 per sec) @ chr1:20000000-25000000
ForkPoolWorker-14,  processing 152 (59277.9 per sec) reads @ chr4:105000000-110000000
ForkPoolWorker-14 countReadsInRegions_worker: processing 5000000 (7074134.7 per sec) @ chr4:105000000-110000000
ForkPoolWorker-14,  processing 25 (29797.6 per sec) reads @ chrY:20000000-25000000
ForkPoolWorker-14 countReadsInRegions_worker: processing 5000000 (7083747.7 per sec) @ chrY:20000000-25000000
ForkPoolWorker-14,  processing 85 (52537.0 per sec) reads @ chr9:100000000-105000000
ForkPoolWorker-14 countReadsInRegions_worker: processing 5000000 (7083754.9 per sec) @ chr9:100000000-105000000
ForkPoolWorker-14,  processing 278 (70182.8 per sec) reads @ chr10:65000000-70000000
ForkPoolWorker-14 countReadsInRegions_worker: processing 5000000 (7053558.4 per sec) @ chr10:65000000-70000000
ForkPoolWorker-14,  processing 10460 (105553.6 per sec) reads @ chr10:85000000-90000000
ForkPoolWorker-14 countReadsInRegions_worker: processing 5000000 (6235014.2 per sec) @ chr10:85000000-90000000
ForkPoolWorker-27,  processing 0 (0.0 per sec) reads @ chrUn_KI270755v1:0-36723
ForkPoolWorker-27 countReadsInRegions_worker: processing 36723 (378295.2 per sec) @ chrUn_KI270755v1:0-36723
ForkPoolWorker-27,  processing 0 (0.0 per sec) reads @ chrUn_KI270580v1:0-1553
ForkPoolWorker-27 countReadsInRegions_worker: processing 1553 (109931.2 per sec) @ chrUn_KI270580v1:0-1553
ForkPoolWorker-27,  processing 217 (50587.1 per sec) reads @ chr17:10000000-15000000
ForkPoolWorker-27 countReadsInRegions_worker: processing 5000000 (6949836.2 per sec) @ chr17:10000000-15000000
ForkPoolWorker-27,  processing 68 (39345.1 per sec) reads @ chr1:185000000-190000000
ForkPoolWorker-27 countReadsInRegions_worker: processing 5000000 (6936799.7 per sec) @ chr1:185000000-190000000
ForkPoolWorker-27,  processing 72 (42183.3 per sec) reads @ chr6:95000000-100000000
ForkPoolWorker-27 countReadsInRegions_worker: processing 5000000 (7040194.0 per sec) @ chr6:95000000-100000000
ForkPoolWorker-27,  processing 0 (0.0 per sec) reads @ chrUn_KI270435v1:0-92983
ForkPoolWorker-27 countReadsInRegions_worker: processing 92983 (3576462.9 per sec) @ chrUn_KI270435v1:0-92983
ForkPoolWorker-27,  processing 504 (75446.3 per sec) reads @ chr1:180000000-185000000
ForkPoolWorker-27 countReadsInRegions_worker: processing 5000000 (6984711.7 per sec) @ chr1:180000000-185000000
ForkPoolWorker-27,  processing 326 (70645.5 per sec) reads @ chr11:130000000-135000000
ForkPoolWorker-27 countReadsInRegions_worker: processing 5000000 (6999877.2 per sec) @ chr11:130000000-135000000
ForkPoolWorker-27,  processing 188 (64580.6 per sec) reads @ chr10:90000000-95000000
ForkPoolWorker-27 countReadsInRegions_worker: processing 5000000 (7020796.7 per sec) @ chr10:90000000-95000000
ForkPoolWorker-27,  processing 727 (82568.6 per sec) reads @ chr1:105000000-110000000
ForkPoolWorker-27 countReadsInRegions_worker: processing 5000000 (6957523.4 per sec) @ chr1:105000000-110000000
ForkPoolWorker-27,  processing 738 (78791.3 per sec) reads @ chr7:155000000-159345973
ForkPoolWorker-27 countReadsInRegions_worker: processing 4345973 (6953227.9 per sec) @ chr7:155000000-159345973
ForkPoolWorker-27,  processing 450 (82374.1 per sec) reads @ chr8:100000000-105000000
ForkPoolWorker-27 countReadsInRegions_worker: processing 5000000 (7078036.0 per sec) @ chr8:100000000-105000000
ForkPoolWorker-27,  processing 239 (74508.6 per sec) reads @ chr8:90000000-95000000
ForkPoolWorker-27 countReadsInRegions_worker: processing 5000000 (7119959.4 per sec) @ chr8:90000000-95000000
ForkPoolWorker-27,  processing 1086 (80569.8 per sec) reads @ chr2:215000000-220000000
ForkPoolWorker-27 countReadsInRegions_worker: processing 5000000 (6999786.0 per sec) @ chr2:215000000-220000000
ForkPoolWorker-27,  processing 0 (0.0 per sec) reads @ chrUn_KI270305v1:0-1472
ForkPoolWorker-27 countReadsInRegions_worker: processing 1472 (129919.1 per sec) @ chrUn_KI270305v1:0-1472
ForkPoolWorker-27,  processing 0 (0.0 per sec) reads @ chr1_KI270707v1_random:0-32032
ForkPoolWorker-27 countReadsInRegions_worker: processing 32032 (2326319.8 per sec) @ chr1_KI270707v1_random:0-32032
ForkPoolWorker-39,  processing 0 (0.0 per sec) reads @ chrUn_KI270424v1:0-2140
ForkPoolWorker-39 countReadsInRegions_worker: processing 2140 (25129.2 per sec) @ chrUn_KI270424v1:0-2140
ForkPoolWorker-39,  processing 7464 (97430.2 per sec) reads @ chr5:175000000-180000000
ForkPoolWorker-39 countReadsInRegions_worker: processing 5000000 (6315617.7 per sec) @ chr5:175000000-180000000
ForkPoolWorker-39,  processing 0 (0.0 per sec) reads @ chrUn_KI270302v1:0-2274
ForkPoolWorker-39 countReadsInRegions_worker: processing 2274 (169576.8 per sec) @ chrUn_KI270302v1:0-2274
ForkPoolWorker-39,  processing 186 (61783.5 per sec) reads @ chr8:95000000-100000000
ForkPoolWorker-39 countReadsInRegions_worker: processing 5000000 (7039147.2 per sec) @ chr8:95000000-100000000
ForkPoolWorker-39,  processing 100 (51628.6 per sec) reads @ chr15:50000000-55000000
ForkPoolWorker-39 countReadsInRegions_worker: processing 5000000 (7124744.0 per sec) @ chr15:50000000-55000000
ForkPoolWorker-39,  processing 397 (76403.5 per sec) reads @ chr13:25000000-30000000
ForkPoolWorker-39 countReadsInRegions_worker: processing 5000000 (7062014.3 per sec) @ chr13:25000000-30000000
ForkPoolWorker-39,  processing 427 (79843.4 per sec) reads @ chr1:245000000-248956422
ForkPoolWorker-39 countReadsInRegions_worker: processing 3956422 (6957079.6 per sec) @ chr1:245000000-248956422
ForkPoolWorker-39,  processing 651 (74461.2 per sec) reads @ chr20:45000000-50000000
ForkPoolWorker-39 countReadsInRegions_worker: processing 5000000 (6999844.5 per sec) @ chr20:45000000-50000000
ForkPoolWorker-39,  processing 95 (56335.2 per sec) reads @ chr12:90000000-95000000
ForkPoolWorker-39 countReadsInRegions_worker: processing 5000000 (7064797.7 per sec) @ chr12:90000000-95000000
ForkPoolWorker-39,  processing 62 (52030.2 per sec) reads @ chrY:15000000-20000000
ForkPoolWorker-39 countReadsInRegions_worker: processing 5000000 (7060868.2 per sec) @ chrY:15000000-20000000
ForkPoolWorker-39,  processing 0 (0.0 per sec) reads @ chrUn_KI270389v1:0-1298
ForkPoolWorker-39 countReadsInRegions_worker: processing 1298 (106910.6 per sec) @ chrUn_KI270389v1:0-1298
ForkPoolWorker-39,  processing 235 (67079.2 per sec) reads @ chr18:35000000-40000000
ForkPoolWorker-39 countReadsInRegions_worker: processing 5000000 (7074953.3 per sec) @ chr18:35000000-40000000
ForkPoolWorker-39,  processing 24 (30102.7 per sec) reads @ chr4:60000000-65000000
ForkPoolWorker-39 countReadsInRegions_worker: processing 5000000 (7073404.6 per sec) @ chr4:60000000-65000000
ForkPoolWorker-39,  processing 3 (6162.1 per sec) reads @ chrUn_GL000219v1:0-179198
ForkPoolWorker-39 countReadsInRegions_worker: processing 179198 (4961979.5 per sec) @ chrUn_GL000219v1:0-179198
ForkPoolWorker-39,  processing 3083 (85721.7 per sec) reads @ chr14:100000000-105000000
ForkPoolWorker-39 countReadsInRegions_worker: processing 5000000 (6750934.0 per sec) @ chr14:100000000-105000000
ForkPoolWorker-39,  processing 0 (0.0 per sec) reads @ chrUn_KI270465v1:0-1774
ForkPoolWorker-39 countReadsInRegions_worker: processing 1774 (157862.6 per sec) @ chrUn_KI270465v1:0-1774
ForkPoolWorker-20,  processing 161 (1333.6 per sec) reads @ chr3:70000000-75000000
ForkPoolWorker-20 countReadsInRegions_worker: processing 5000000 (5652178.2 per sec) @ chr3:70000000-75000000
ForkPoolWorker-20,  processing 98 (51213.8 per sec) reads @ chr10:30000000-35000000
ForkPoolWorker-20 countReadsInRegions_worker: processing 5000000 (7086687.2 per sec) @ chr10:30000000-35000000
ForkPoolWorker-20,  processing 23 (26879.1 per sec) reads @ chr5:25000000-30000000
ForkPoolWorker-20 countReadsInRegions_worker: processing 5000000 (7037784.2 per sec) @ chr5:25000000-30000000
ForkPoolWorker-20,  processing 0 (0.0 per sec) reads @ chrUn_KI270330v1:0-1652
ForkPoolWorker-20 countReadsInRegions_worker: processing 1652 (143722.2 per sec) @ chrUn_KI270330v1:0-1652
ForkPoolWorker-20,  processing 51 (44518.1 per sec) reads @ chr11:95000000-100000000
ForkPoolWorker-20 countReadsInRegions_worker: processing 5000000 (7065957.0 per sec) @ chr11:95000000-100000000
ForkPoolWorker-20,  processing 92 (56771.5 per sec) reads @ chr4:155000000-160000000
ForkPoolWorker-20 countReadsInRegions_worker: processing 5000000 (7075118.0 per sec) @ chr4:155000000-160000000
ForkPoolWorker-20,  processing 173 (64902.9 per sec) reads @ chr7:105000000-110000000
ForkPoolWorker-20 countReadsInRegions_worker: processing 5000000 (7079668.0 per sec) @ chr7:105000000-110000000
ForkPoolWorker-20,  processing 0 (0.0 per sec) reads @ chrUn_KI270528v1:0-2983
ForkPoolWorker-20 countReadsInRegions_worker: processing 2983 (252902.8 per sec) @ chrUn_KI270528v1:0-2983
ForkPoolWorker-20,  processing 44 (41781.6 per sec) reads @ chr1:100000000-105000000
ForkPoolWorker-20 countReadsInRegions_worker: processing 5000000 (7090444.1 per sec) @ chr1:100000000-105000000
ForkPoolWorker-20,  processing 518 (76959.7 per sec) reads @ chr3:40000000-45000000
ForkPoolWorker-20 countReadsInRegions_worker: processing 5000000 (7018179.3 per sec) @ chr3:40000000-45000000
ForkPoolWorker-20,  processing 0 (0.0 per sec) reads @ chrUn_KI270515v1:0-6361
ForkPoolWorker-20 countReadsInRegions_worker: processing 6361 (523660.3 per sec) @ chrUn_KI270515v1:0-6361
ForkPoolWorker-20,  processing 193 (67757.7 per sec) reads @ chr3:75000000-80000000
ForkPoolWorker-20 countReadsInRegions_worker: processing 5000000 (7075354.3 per sec) @ chr3:75000000-80000000
ForkPoolWorker-20,  processing 0 (0.0 per sec) reads @ chrUn_KI270425v1:0-1884
ForkPoolWorker-20 countReadsInRegions_worker: processing 1884 (161771.8 per sec) @ chrUn_KI270425v1:0-1884
ForkPoolWorker-20,  processing 0 (0.0 per sec) reads @ chrUn_KI270747v1:0-198735
ForkPoolWorker-20 countReadsInRegions_worker: processing 198735 (5149088.3 per sec) @ chrUn_KI270747v1:0-198735
ForkPoolWorker-20,  processing 1085 (80509.9 per sec) reads @ chrX:45000000-50000000
ForkPoolWorker-20 countReadsInRegions_worker: processing 5000000 (6968599.7 per sec) @ chrX:45000000-50000000
ForkPoolWorker-20,  processing 65 (45620.8 per sec) reads @ chr6:45000000-50000000
ForkPoolWorker-20 countReadsInRegions_worker: processing 5000000 (7093077.3 per sec) @ chr6:45000000-50000000
ForkPoolWorker-6,  processing 0 (0.0 per sec) reads @ chr1:130000000-135000000
ForkPoolWorker-6 countReadsInRegions_worker: processing 5000000 (6064487.7 per sec) @ chr1:130000000-135000000
ForkPoolWorker-6,  processing 413 (77613.1 per sec) reads @ chr6:125000000-130000000
ForkPoolWorker-6 countReadsInRegions_worker: processing 5000000 (7039849.0 per sec) @ chr6:125000000-130000000
ForkPoolWorker-6,  processing 1509 (83699.7 per sec) reads @ chr19:50000000-55000000
ForkPoolWorker-6 countReadsInRegions_worker: processing 5000000 (6956422.5 per sec) @ chr19:50000000-55000000
ForkPoolWorker-6,  processing 0 (0.0 per sec) reads @ chr15:10000000-15000000
ForkPoolWorker-6 countReadsInRegions_worker: processing 5000000 (7139369.7 per sec) @ chr15:10000000-15000000
ForkPoolWorker-6,  processing 158 (64339.8 per sec) reads @ chr5:165000000-170000000
ForkPoolWorker-6 countReadsInRegions_worker: processing 5000000 (7099906.8 per sec) @ chr5:165000000-170000000
ForkPoolWorker-6,  processing 3051 (86189.0 per sec) reads @ chr9:130000000-135000000
ForkPoolWorker-6 countReadsInRegions_worker: processing 5000000 (6767586.9 per sec) @ chr9:130000000-135000000
ForkPoolWorker-6,  processing 262 (69794.1 per sec) reads @ chrX:15000000-20000000
ForkPoolWorker-6 countReadsInRegions_worker: processing 5000000 (7059225.9 per sec) @ chrX:15000000-20000000
ForkPoolWorker-6,  processing 2 (4396.5 per sec) reads @ chr9_KI270719v1_random:0-176845
ForkPoolWorker-6 countReadsInRegions_worker: processing 176845 (4893433.1 per sec) @ chr9_KI270719v1_random:0-176845
ForkPoolWorker-6,  processing 74 (46118.6 per sec) reads @ chr11:35000000-40000000
ForkPoolWorker-6 countReadsInRegions_worker: processing 5000000 (7095580.4 per sec) @ chr11:35000000-40000000
ForkPoolWorker-6,  processing 0 (0.0 per sec) reads @ chrUn_KI270584v1:0-4513
ForkPoolWorker-6 countReadsInRegions_worker: processing 4513 (375856.7 per sec) @ chrUn_KI270584v1:0-4513
ForkPoolWorker-6,  processing 38 (38249.0 per sec) reads @ chr9:115000000-120000000
ForkPoolWorker-6 countReadsInRegions_worker: processing 5000000 (7107474.4 per sec) @ chr9:115000000-120000000
ForkPoolWorker-6,  processing 0 (0.0 per sec) reads @ chrUn_KI270753v1:0-62944
ForkPoolWorker-6 countReadsInRegions_worker: processing 62944 (3205048.7 per sec) @ chrUn_KI270753v1:0-62944
ForkPoolWorker-6,  processing 186 (69094.0 per sec) reads @ chr4:70000000-75000000
ForkPoolWorker-6 countReadsInRegions_worker: processing 5000000 (7108382.6 per sec) @ chr4:70000000-75000000
ForkPoolWorker-6,  processing 0 (0.0 per sec) reads @ chr22_KI270738v1_random:0-99375
ForkPoolWorker-6 countReadsInRegions_worker: processing 99375 (4172637.8 per sec) @ chr22_KI270738v1_random:0-99375
ForkPoolWorker-6,  processing 921 (85348.4 per sec) reads @ chr10:125000000-130000000
ForkPoolWorker-6 countReadsInRegions_worker: processing 5000000 (7002244.8 per sec) @ chr10:125000000-130000000
ForkPoolWorker-6,  processing 0 (0.0 per sec) reads @ chrUn_KI270382v1:0-4215
ForkPoolWorker-6 countReadsInRegions_worker: processing 4215 (369969.5 per sec) @ chrUn_KI270382v1:0-4215
ForkPoolWorker-50,  processing 0 (0.0 per sec) reads @ chrUn_KI270423v1:0-981
ForkPoolWorker-50 countReadsInRegions_worker: processing 981 (11823.3 per sec) @ chrUn_KI270423v1:0-981
ForkPoolWorker-50,  processing 0 (0.0 per sec) reads @ chr2_KI270716v1_random:0-153799
ForkPoolWorker-50 countReadsInRegions_worker: processing 153799 (3703630.0 per sec) @ chr2_KI270716v1_random:0-153799
ForkPoolWorker-50,  processing 8281 (110576.4 per sec) reads @ chr12:60000000-65000000
ForkPoolWorker-50 countReadsInRegions_worker: processing 5000000 (6897704.9 per sec) @ chr12:60000000-65000000
ForkPoolWorker-50,  processing 1 (1814.1 per sec) reads @ chr14_KI270724v1_random:0-39555
ForkPoolWorker-50 countReadsInRegions_worker: processing 39555 (2153193.3 per sec) @ chr14_KI270724v1_random:0-39555
ForkPoolWorker-50,  processing 20 (25435.4 per sec) reads @ chr6:65000000-70000000
ForkPoolWorker-50 countReadsInRegions_worker: processing 5000000 (7195884.4 per sec) @ chr6:65000000-70000000
ForkPoolWorker-50,  processing 72 (43868.4 per sec) reads @ chr11:100000000-105000000
ForkPoolWorker-50 countReadsInRegions_worker: processing 5000000 (7110062.4 per sec) @ chr11:100000000-105000000
ForkPoolWorker-50,  processing 827 (77913.1 per sec) reads @ chr11:45000000-50000000
ForkPoolWorker-50 countReadsInRegions_worker: processing 5000000 (7028227.2 per sec) @ chr11:45000000-50000000
ForkPoolWorker-50,  processing 401 (77450.5 per sec) reads @ chr12:30000000-35000000
ForkPoolWorker-50 countReadsInRegions_worker: processing 5000000 (7086838.1 per sec) @ chr12:30000000-35000000
ForkPoolWorker-50,  processing 538 (74749.4 per sec) reads @ chr10:115000000-120000000
ForkPoolWorker-50 countReadsInRegions_worker: processing 5000000 (7065695.1 per sec) @ chr10:115000000-120000000
ForkPoolWorker-50,  processing 505 (79312.6 per sec) reads @ chr1:220000000-225000000
ForkPoolWorker-50 countReadsInRegions_worker: processing 5000000 (7058738.8 per sec) @ chr1:220000000-225000000
ForkPoolWorker-50,  processing 1 (2057.0 per sec) reads @ chrUn_KI270539v1:0-993
ForkPoolWorker-50 countReadsInRegions_worker: processing 993 (82967.0 per sec) @ chrUn_KI270539v1:0-993
ForkPoolWorker-50,  processing 0 (0.0 per sec) reads @ chr13:10000000-15000000
ForkPoolWorker-50 countReadsInRegions_worker: processing 5000000 (7145723.7 per sec) @ chr13:10000000-15000000
ForkPoolWorker-50,  processing 1557 (82120.3 per sec) reads @ chr22:45000000-50000000
ForkPoolWorker-50 countReadsInRegions_worker: processing 5000000 (6959617.6 per sec) @ chr22:45000000-50000000
ForkPoolWorker-50,  processing 644 (74993.9 per sec) reads @ chr16:55000000-60000000
ForkPoolWorker-50 countReadsInRegions_worker: processing 5000000 (7032219.4 per sec) @ chr16:55000000-60000000
ForkPoolWorker-50,  processing 0 (0.0 per sec) reads @ chrUn_KI270468v1:0-4055
ForkPoolWorker-50 countReadsInRegions_worker: processing 4055 (350859.3 per sec) @ chrUn_KI270468v1:0-4055
ForkPoolWorker-50,  processing 34 (33649.4 per sec) reads @ chr2:210000000-215000000
ForkPoolWorker-50 countReadsInRegions_worker: processing 5000000 (7105966.8 per sec) @ chr2:210000000-215000000
ForkPoolWorker-29,  processing 95 (877.2 per sec) reads @ chr5:15000000-20000000
ForkPoolWorker-29 countReadsInRegions_worker: processing 5000000 (5933947.5 per sec) @ chr5:15000000-20000000
ForkPoolWorker-29,  processing 67 (30116.6 per sec) reads @ chr2:15000000-20000000
ForkPoolWorker-29 countReadsInRegions_worker: processing 5000000 (6999634.2 per sec) @ chr2:15000000-20000000
ForkPoolWorker-29,  processing 213 (64926.4 per sec) reads @ chr6:145000000-150000000
ForkPoolWorker-29 countReadsInRegions_worker: processing 5000000 (7022451.8 per sec) @ chr6:145000000-150000000
ForkPoolWorker-29,  processing 273 (71165.0 per sec) reads @ chr8:45000000-50000000
ForkPoolWorker-29 countReadsInRegions_worker: processing 5000000 (7026899.0 per sec) @ chr8:45000000-50000000
ForkPoolWorker-29,  processing 365 (83638.6 per sec) reads @ chr3:150000000-155000000
ForkPoolWorker-29 countReadsInRegions_worker: processing 5000000 (7012835.5 per sec) @ chr3:150000000-155000000
ForkPoolWorker-29,  processing 586 (77642.9 per sec) reads @ chr3:195000000-198295559
ForkPoolWorker-29 countReadsInRegions_worker: processing 3295559 (6907834.2 per sec) @ chr3:195000000-198295559
ForkPoolWorker-29,  processing 231 (68545.0 per sec) reads @ chr9:80000000-85000000
ForkPoolWorker-29 countReadsInRegions_worker: processing 5000000 (7103052.2 per sec) @ chr9:80000000-85000000
ForkPoolWorker-29,  processing 4552 (87738.7 per sec) reads @ chr11:65000000-70000000
ForkPoolWorker-29 countReadsInRegions_worker: processing 5000000 (6654165.2 per sec) @ chr11:65000000-70000000
ForkPoolWorker-29,  processing 197 (71520.6 per sec) reads @ chr5:90000000-95000000
ForkPoolWorker-29 countReadsInRegions_worker: processing 5000000 (7126770.5 per sec) @ chr5:90000000-95000000
ForkPoolWorker-29,  processing 60 (44922.9 per sec) reads @ chr20:10000000-15000000
ForkPoolWorker-29 countReadsInRegions_worker: processing 5000000 (7139061.0 per sec) @ chr20:10000000-15000000
ForkPoolWorker-29,  processing 691 (82715.4 per sec) reads @ chr1:230000000-235000000
ForkPoolWorker-29 countReadsInRegions_worker: processing 5000000 (7021816.9 per sec) @ chr1:230000000-235000000
ForkPoolWorker-29,  processing 0 (0.0 per sec) reads @ chrUn_KI270363v1:0-1803
ForkPoolWorker-29 countReadsInRegions_worker: processing 1803 (148812.0 per sec) @ chrUn_KI270363v1:0-1803
ForkPoolWorker-45,  processing 3584 (24891.7 per sec) reads @ chr3:45000000-50000000
ForkPoolWorker-45 countReadsInRegions_worker: processing 5000000 (5788470.9 per sec) @ chr3:45000000-50000000
ForkPoolWorker-45,  processing 0 (0.0 per sec) reads @ chrUn_KI270583v1:0-1400
ForkPoolWorker-45 countReadsInRegions_worker: processing 1400 (114596.2 per sec) @ chrUn_KI270583v1:0-1400
ForkPoolWorker-45,  processing 2 (3818.2 per sec) reads @ chr1_KI270709v1_random:0-66860
ForkPoolWorker-45 countReadsInRegions_worker: processing 66860 (3216396.4 per sec) @ chr1_KI270709v1_random:0-66860
ForkPoolWorker-45,  processing 3507 (102835.1 per sec) reads @ chr1:120000000-125000000
ForkPoolWorker-45 countReadsInRegions_worker: processing 5000000 (6706525.5 per sec) @ chr1:120000000-125000000
ForkPoolWorker-45,  processing 92 (38734.8 per sec) reads @ chr6:70000000-75000000
ForkPoolWorker-45 countReadsInRegions_worker: processing 5000000 (7032122.8 per sec) @ chr6:70000000-75000000
ForkPoolWorker-45,  processing 4255 (70051.0 per sec) reads @ chr6:25000000-30000000
ForkPoolWorker-45 countReadsInRegions_worker: processing 5000000 (6522899.6 per sec) @ chr6:25000000-30000000
ForkPoolWorker-45,  processing 0 (0.0 per sec) reads @ chr22:5000000-10000000
ForkPoolWorker-45 countReadsInRegions_worker: processing 5000000 (7101594.5 per sec) @ chr22:5000000-10000000
ForkPoolWorker-45,  processing 0 (0.0 per sec) reads @ chrUn_KI270544v1:0-1202
ForkPoolWorker-45 countReadsInRegions_worker: processing 1202 (103801.9 per sec) @ chrUn_KI270544v1:0-1202
ForkPoolWorker-45,  processing 180 (49273.9 per sec) reads @ chr13:50000000-55000000
ForkPoolWorker-45 countReadsInRegions_worker: processing 5000000 (7028611.1 per sec) @ chr13:50000000-55000000
ForkPoolWorker-45,  processing 160 (55179.1 per sec) reads @ chr4:190000000-190214555
ForkPoolWorker-45 countReadsInRegions_worker: processing 214555 (4706095.0 per sec) @ chr4:190000000-190214555
ForkPoolWorker-45,  processing 1690 (61885.6 per sec) reads @ chr11:70000000-75000000
ForkPoolWorker-45 countReadsInRegions_worker: processing 5000000 (6829908.2 per sec) @ chr11:70000000-75000000
ForkPoolWorker-45,  processing 4 (8774.7 per sec) reads @ chrUn_KI270742v1:0-186739
ForkPoolWorker-45 countReadsInRegions_worker: processing 186739 (5220034.9 per sec) @ chrUn_KI270742v1:0-186739
ForkPoolWorker-45,  processing 687 (58663.4 per sec) reads @ chr6:155000000-160000000
ForkPoolWorker-45 countReadsInRegions_worker: processing 5000000 (6897110.6 per sec) @ chr6:155000000-160000000
ForkPoolWorker-45,  processing 266 (51058.8 per sec) reads @ chr1:210000000-215000000
ForkPoolWorker-45 countReadsInRegions_worker: processing 5000000 (6990541.6 per sec) @ chr1:210000000-215000000
ForkPoolWorker-45,  processing 276 (51111.7 per sec) reads @ chr3:15000000-20000000
ForkPoolWorker-45 countReadsInRegions_worker: processing 5000000 (6977674.7 per sec) @ chr3:15000000-20000000
ForkPoolWorker-45,  processing 1355 (66884.2 per sec) reads @ chr9:75000000-80000000
ForkPoolWorker-45 countReadsInRegions_worker: processing 5000000 (6824911.6 per sec) @ chr9:75000000-80000000
ForkPoolWorker-17,  processing 58 (494.6 per sec) reads @ chr2:80000000-85000000
ForkPoolWorker-17 countReadsInRegions_worker: processing 5000000 (5933311.2 per sec) @ chr2:80000000-85000000
ForkPoolWorker-17,  processing 296 (68418.1 per sec) reads @ chr14:50000000-55000000
ForkPoolWorker-17 countReadsInRegions_worker: processing 5000000 (6998921.7 per sec) @ chr14:50000000-55000000
ForkPoolWorker-17,  processing 159 (53934.0 per sec) reads @ chr3:185000000-190000000
ForkPoolWorker-17 countReadsInRegions_worker: processing 5000000 (6995237.8 per sec) @ chr3:185000000-190000000
ForkPoolWorker-17,  processing 147 (54032.3 per sec) reads @ chr3:135000000-140000000
ForkPoolWorker-17 countReadsInRegions_worker: processing 5000000 (6994656.8 per sec) @ chr3:135000000-140000000
ForkPoolWorker-17,  processing 5068 (89732.9 per sec) reads @ chr6:30000000-35000000
ForkPoolWorker-17 countReadsInRegions_worker: processing 5000000 (6496783.6 per sec) @ chr6:30000000-35000000
ForkPoolWorker-17,  processing 0 (0.0 per sec) reads @ chrUn_KI270396v1:0-1880
ForkPoolWorker-17 countReadsInRegions_worker: processing 1880 (159786.2 per sec) @ chrUn_KI270396v1:0-1880
ForkPoolWorker-17,  processing 200 (67416.3 per sec) reads @ chrX:135000000-140000000
ForkPoolWorker-17 countReadsInRegions_worker: processing 5000000 (6988547.5 per sec) @ chrX:135000000-140000000
ForkPoolWorker-17,  processing 266 (69865.7 per sec) reads @ chr2:200000000-205000000
ForkPoolWorker-17 countReadsInRegions_worker: processing 5000000 (6997945.5 per sec) @ chr2:200000000-205000000
ForkPoolWorker-17,  processing 218 (66892.8 per sec) reads @ chr18:10000000-15000000
ForkPoolWorker-17 countReadsInRegions_worker: processing 5000000 (7047601.6 per sec) @ chr18:10000000-15000000
ForkPoolWorker-17,  processing 804 (77038.8 per sec) reads @ chr2:95000000-100000000
ForkPoolWorker-17 countReadsInRegions_worker: processing 5000000 (6940695.6 per sec) @ chr2:95000000-100000000
ForkPoolWorker-17,  processing 42 (35856.0 per sec) reads @ chr11:20000000-25000000
ForkPoolWorker-17 countReadsInRegions_worker: processing 5000000 (7012755.8 per sec) @ chr11:20000000-25000000
ForkPoolWorker-17,  processing 123 (61962.5 per sec) reads @ chr5:50000000-55000000
ForkPoolWorker-17 countReadsInRegions_worker: processing 5000000 (7011522.5 per sec) @ chr5:50000000-55000000
ForkPoolWorker-8,  processing 2 (17.3 per sec) reads @ chr14_GL000009v2_random:0-201709
ForkPoolWorker-8 countReadsInRegions_worker: processing 201709 (1304903.3 per sec) @ chr14_GL000009v2_random:0-201709
ForkPoolWorker-8,  processing 224 (66098.5 per sec) reads @ chr10:20000000-25000000
ForkPoolWorker-8 countReadsInRegions_worker: processing 5000000 (7602960.6 per sec) @ chr10:20000000-25000000
ForkPoolWorker-8,  processing 1 (1022.8 per sec) reads @ chr4_GL000008v2_random:0-209709
ForkPoolWorker-8 countReadsInRegions_worker: processing 209709 (3915663.4 per sec) @ chr4_GL000008v2_random:0-209709
ForkPoolWorker-8,  processing 400 (70377.2 per sec) reads @ chr17:30000000-35000000
ForkPoolWorker-8 countReadsInRegions_worker: processing 5000000 (7046824.9 per sec) @ chr17:30000000-35000000
ForkPoolWorker-8,  processing 130 (58173.4 per sec) reads @ chr4:40000000-45000000
ForkPoolWorker-8 countReadsInRegions_worker: processing 5000000 (7097314.1 per sec) @ chr4:40000000-45000000
ForkPoolWorker-8,  processing 216 (72223.3 per sec) reads @ chr2:55000000-60000000
ForkPoolWorker-8 countReadsInRegions_worker: processing 5000000 (7074423.5 per sec) @ chr2:55000000-60000000
ForkPoolWorker-8,  processing 77 (43637.5 per sec) reads @ chr10:60000000-65000000
ForkPoolWorker-8 countReadsInRegions_worker: processing 5000000 (7100139.9 per sec) @ chr10:60000000-65000000
ForkPoolWorker-8,  processing 0 (0.0 per sec) reads @ chr9_KI270720v1_random:0-39050
ForkPoolWorker-8 countReadsInRegions_worker: processing 39050 (2427777.4 per sec) @ chr9_KI270720v1_random:0-39050
ForkPoolWorker-8,  processing 1163 (84217.7 per sec) reads @ chr3:180000000-185000000
ForkPoolWorker-8 countReadsInRegions_worker: processing 5000000 (6978996.0 per sec) @ chr3:180000000-185000000
ForkPoolWorker-8,  processing 0 (0.0 per sec) reads @ chrUn_KI270510v1:0-2415
ForkPoolWorker-8 countReadsInRegions_worker: processing 2415 (205774.4 per sec) @ chrUn_KI270510v1:0-2415
ForkPoolWorker-8,  processing 5 (9920.3 per sec) reads @ chr22_KI270732v1_random:0-41543
ForkPoolWorker-8 countReadsInRegions_worker: processing 41543 (2623563.5 per sec) @ chr22_KI270732v1_random:0-41543
ForkPoolWorker-8,  processing 494 (74158.4 per sec) reads @ chr12:105000000-110000000
ForkPoolWorker-8 countReadsInRegions_worker: processing 5000000 (7026673.0 per sec) @ chr12:105000000-110000000
ForkPoolWorker-8,  processing 78 (49644.3 per sec) reads @ chr6:55000000-60000000
ForkPoolWorker-8 countReadsInRegions_worker: processing 5000000 (7096005.3 per sec) @ chr6:55000000-60000000
ForkPoolWorker-8,  processing 410 (72248.7 per sec) reads @ chr10:0-5000000
ForkPoolWorker-8 countReadsInRegions_worker: processing 5000000 (7035871.6 per sec) @ chr10:0-5000000
ForkPoolWorker-8,  processing 756 (79514.9 per sec) reads @ chrX:70000000-75000000
ForkPoolWorker-8 countReadsInRegions_worker: processing 5000000 (6992543.8 per sec) @ chrX:70000000-75000000
ForkPoolWorker-8,  processing 279 (68425.4 per sec) reads @ chr4:75000000-80000000
ForkPoolWorker-8 countReadsInRegions_worker: processing 5000000 (7040513.1 per sec) @ chr4:75000000-80000000
ForkPoolWorker-9,  processing 254 (2173.0 per sec) reads @ chr8:0-5000000
ForkPoolWorker-9 countReadsInRegions_worker: processing 5000000 (5839154.0 per sec) @ chr8:0-5000000
ForkPoolWorker-9,  processing 90 (49357.7 per sec) reads @ chr2:160000000-165000000
ForkPoolWorker-9 countReadsInRegions_worker: processing 5000000 (7110841.1 per sec) @ chr2:160000000-165000000
ForkPoolWorker-9,  processing 116 (53167.9 per sec) reads @ chr18:55000000-60000000
ForkPoolWorker-9 countReadsInRegions_worker: processing 5000000 (7092050.6 per sec) @ chr18:55000000-60000000
ForkPoolWorker-9,  processing 53 (43366.8 per sec) reads @ chr11:80000000-85000000
ForkPoolWorker-9 countReadsInRegions_worker: processing 5000000 (7021452.5 per sec) @ chr11:80000000-85000000
ForkPoolWorker-9,  processing 0 (0.0 per sec) reads @ chrY:50000000-55000000
ForkPoolWorker-9 countReadsInRegions_worker: processing 5000000 (7042884.6 per sec) @ chrY:50000000-55000000
ForkPoolWorker-9,  processing 23 (24672.4 per sec) reads @ chr18:40000000-45000000
ForkPoolWorker-9 countReadsInRegions_worker: processing 5000000 (6982755.8 per sec) @ chr18:40000000-45000000
ForkPoolWorker-9,  processing 518 (80406.0 per sec) reads @ chr20:15000000-20000000
ForkPoolWorker-9 countReadsInRegions_worker: processing 5000000 (6963823.6 per sec) @ chr20:15000000-20000000
ForkPoolWorker-9,  processing 69 (44326.4 per sec) reads @ chr5:120000000-125000000
ForkPoolWorker-9 countReadsInRegions_worker: processing 5000000 (7043625.0 per sec) @ chr5:120000000-125000000
ForkPoolWorker-9,  processing 0 (0.0 per sec) reads @ chrUn_KI270589v1:0-44474
ForkPoolWorker-9 countReadsInRegions_worker: processing 44474 (2541659.5 per sec) @ chrUn_KI270589v1:0-44474
ForkPoolWorker-9,  processing 333 (69674.9 per sec) reads @ chr17:65000000-70000000
ForkPoolWorker-9 countReadsInRegions_worker: processing 5000000 (6962882.6 per sec) @ chr17:65000000-70000000
ForkPoolWorker-9,  processing 317 (71426.0 per sec) reads @ chr9:85000000-90000000
ForkPoolWorker-9 countReadsInRegions_worker: processing 5000000 (6997144.6 per sec) @ chr9:85000000-90000000
ForkPoolWorker-9,  processing 6 (12099.0 per sec) reads @ chr1_KI270712v1_random:0-176043
ForkPoolWorker-9 countReadsInRegions_worker: processing 176043 (4847671.0 per sec) @ chr1_KI270712v1_random:0-176043
ForkPoolWorker-9,  processing 0 (0.0 per sec) reads @ chrUn_KI270388v1:0-1216
ForkPoolWorker-9 countReadsInRegions_worker: processing 1216 (103234.0 per sec) @ chrUn_KI270388v1:0-1216
ForkPoolWorker-9,  processing 0 (0.0 per sec) reads @ chrUn_KI270392v1:0-971
ForkPoolWorker-9 countReadsInRegions_worker: processing 971 (85490.2 per sec) @ chrUn_KI270392v1:0-971
ForkPoolWorker-9,  processing 0 (0.0 per sec) reads @ chrUn_KI270390v1:0-2387
ForkPoolWorker-9 countReadsInRegions_worker: processing 2387 (212366.4 per sec) @ chrUn_KI270390v1:0-2387
ForkPoolWorker-9,  processing 576 (91363.3 per sec) reads @ chr14:85000000-90000000
ForkPoolWorker-9 countReadsInRegions_worker: processing 5000000 (6954254.1 per sec) @ chr14:85000000-90000000
ForkPoolWorker-44,  processing 102 (969.8 per sec) reads @ chr8:55000000-60000000
ForkPoolWorker-44 countReadsInRegions_worker: processing 5000000 (5976729.8 per sec) @ chr8:55000000-60000000
ForkPoolWorker-44,  processing 150 (64613.9 per sec) reads @ chr5:80000000-85000000
ForkPoolWorker-44 countReadsInRegions_worker: processing 5000000 (7053394.7 per sec) @ chr5:80000000-85000000
ForkPoolWorker-44,  processing 1163 (82335.6 per sec) reads @ chr9:35000000-40000000
ForkPoolWorker-44 countReadsInRegions_worker: processing 5000000 (6895198.9 per sec) @ chr9:35000000-40000000
ForkPoolWorker-44,  processing 0 (0.0 per sec) reads @ chrUn_KI270386v1:0-1788
ForkPoolWorker-44 countReadsInRegions_worker: processing 1788 (154131.4 per sec) @ chrUn_KI270386v1:0-1788
ForkPoolWorker-44,  processing 187 (61914.7 per sec) reads @ chr21:25000000-30000000
ForkPoolWorker-44 countReadsInRegions_worker: processing 5000000 (6985430.6 per sec) @ chr21:25000000-30000000
ForkPoolWorker-44,  processing 2141 (86843.9 per sec) reads @ chr12:5000000-10000000
ForkPoolWorker-44 countReadsInRegions_worker: processing 5000000 (6811321.2 per sec) @ chr12:5000000-10000000
ForkPoolWorker-44,  processing 767 (76187.8 per sec) reads @ chr2:235000000-240000000
ForkPoolWorker-44 countReadsInRegions_worker: processing 5000000 (6911638.0 per sec) @ chr2:235000000-240000000
ForkPoolWorker-44,  processing 10254 (88553.5 per sec) reads @ chr19:0-5000000
ForkPoolWorker-44 countReadsInRegions_worker: processing 5000000 (6073342.8 per sec) @ chr19:0-5000000
ForkPoolWorker-44,  processing 1072 (91126.9 per sec) reads @ chr8:35000000-40000000
ForkPoolWorker-44 countReadsInRegions_worker: processing 5000000 (6917643.1 per sec) @ chr8:35000000-40000000
ForkPoolWorker-44,  processing 2980 (85357.8 per sec) reads @ chr22:40000000-45000000
ForkPoolWorker-44 countReadsInRegions_worker: processing 5000000 (6750986.2 per sec) @ chr22:40000000-45000000
ForkPoolWorker-44,  processing 74 (48656.3 per sec) reads @ chr2:190000000-195000000
ForkPoolWorker-44 countReadsInRegions_worker: processing 5000000 (7054054.3 per sec) @ chr2:190000000-195000000
ForkPoolWorker-44,  processing 715 (79811.8 per sec) reads @ chrX:0-5000000
ForkPoolWorker-44 countReadsInRegions_worker: processing 5000000 (6951061.7 per sec) @ chrX:0-5000000
ForkPoolWorker-36,  processing 304 (2931.1 per sec) reads @ chr10:5000000-10000000
ForkPoolWorker-36 countReadsInRegions_worker: processing 5000000 (5923144.2 per sec) @ chr10:5000000-10000000
ForkPoolWorker-36,  processing 817 (88156.9 per sec) reads @ chr6:105000000-110000000
ForkPoolWorker-36 countReadsInRegions_worker: processing 5000000 (6732285.4 per sec) @ chr6:105000000-110000000
ForkPoolWorker-36,  processing 2050 (84781.9 per sec) reads @ chr17:15000000-20000000
ForkPoolWorker-36 countReadsInRegions_worker: processing 5000000 (6807907.2 per sec) @ chr17:15000000-20000000
ForkPoolWorker-36,  processing 0 (0.0 per sec) reads @ chrUn_KI270593v1:0-3041
ForkPoolWorker-36 countReadsInRegions_worker: processing 3041 (222311.1 per sec) @ chrUn_KI270593v1:0-3041
ForkPoolWorker-36,  processing 48 (33288.1 per sec) reads @ chr2:90000000-95000000
ForkPoolWorker-36 countReadsInRegions_worker: processing 5000000 (6996880.8 per sec) @ chr2:90000000-95000000
ForkPoolWorker-36,  processing 184 (58514.8 per sec) reads @ chr1:175000000-180000000
ForkPoolWorker-36 countReadsInRegions_worker: processing 5000000 (6993751.8 per sec) @ chr1:175000000-180000000
ForkPoolWorker-36,  processing 1204 (79904.1 per sec) reads @ chr17:25000000-30000000
ForkPoolWorker-36 countReadsInRegions_worker: processing 5000000 (6883306.1 per sec) @ chr17:25000000-30000000
ForkPoolWorker-36,  processing 385 (77897.1 per sec) reads @ chr16:50000000-55000000
ForkPoolWorker-36 countReadsInRegions_worker: processing 5000000 (7017329.2 per sec) @ chr16:50000000-55000000
ForkPoolWorker-36,  processing 175 (61187.3 per sec) reads @ chr15:55000000-60000000
ForkPoolWorker-36 countReadsInRegions_worker: processing 5000000 (7028611.1 per sec) @ chr15:55000000-60000000
ForkPoolWorker-36,  processing 87 (50117.4 per sec) reads @ chr1:80000000-85000000
ForkPoolWorker-36 countReadsInRegions_worker: processing 5000000 (7014953.8 per sec) @ chr1:80000000-85000000
ForkPoolWorker-36,  processing 542 (71310.7 per sec) reads @ chr17:70000000-75000000
ForkPoolWorker-36 countReadsInRegions_worker: processing 5000000 (6966717.6 per sec) @ chr17:70000000-75000000
ForkPoolWorker-36,  processing 169 (58374.2 per sec) reads @ chr11:90000000-95000000
ForkPoolWorker-36 countReadsInRegions_worker: processing 5000000 (7007769.1 per sec) @ chr11:90000000-95000000
ForkPoolWorker-5,  processing 658 (5441.5 per sec) reads @ chrX:40000000-45000000
ForkPoolWorker-5 countReadsInRegions_worker: processing 5000000 (5874000.2 per sec) @ chrX:40000000-45000000
ForkPoolWorker-5,  processing 261 (61106.0 per sec) reads @ chr6:115000000-120000000
ForkPoolWorker-5 countReadsInRegions_worker: processing 5000000 (6836179.9 per sec) @ chr6:115000000-120000000
ForkPoolWorker-5,  processing 878 (77508.8 per sec) reads @ chr12:0-5000000
ForkPoolWorker-5 countReadsInRegions_worker: processing 5000000 (6837559.6 per sec) @ chr12:0-5000000
ForkPoolWorker-5,  processing 330 (69379.5 per sec) reads @ chr14:60000000-65000000
ForkPoolWorker-5 countReadsInRegions_worker: processing 5000000 (6950211.7 per sec) @ chr14:60000000-65000000
ForkPoolWorker-5,  processing 89 (54863.8 per sec) reads @ chr8:75000000-80000000
ForkPoolWorker-5 countReadsInRegions_worker: processing 5000000 (6969634.9 per sec) @ chr8:75000000-80000000
ForkPoolWorker-5,  processing 197 (68856.5 per sec) reads @ chr5:125000000-130000000
ForkPoolWorker-5 countReadsInRegions_worker: processing 5000000 (6970325.3 per sec) @ chr5:125000000-130000000
ForkPoolWorker-5,  processing 83 (45740.0 per sec) reads @ chr10:35000000-40000000
ForkPoolWorker-5 countReadsInRegions_worker: processing 5000000 (7000442.6 per sec) @ chr10:35000000-40000000
ForkPoolWorker-5,  processing 3461 (84344.7 per sec) reads @ chr11:60000000-65000000
ForkPoolWorker-5 countReadsInRegions_worker: processing 5000000 (6617562.9 per sec) @ chr11:60000000-65000000
ForkPoolWorker-5,  processing 102 (54610.5 per sec) reads @ chrX:35000000-40000000
ForkPoolWorker-5 countReadsInRegions_worker: processing 5000000 (6989518.8 per sec) @ chrX:35000000-40000000
ForkPoolWorker-5,  processing 297 (70426.7 per sec) reads @ chr2:105000000-110000000
ForkPoolWorker-5 countReadsInRegions_worker: processing 5000000 (6937850.7 per sec) @ chr2:105000000-110000000
ForkPoolWorker-5,  processing 0 (0.0 per sec) reads @ chrUn_KI270518v1:0-2186
ForkPoolWorker-5 countReadsInRegions_worker: processing 2186 (183408.0 per sec) @ chrUn_KI270518v1:0-2186
ForkPoolWorker-5,  processing 781 (82934.6 per sec) reads @ chr2:130000000-135000000
ForkPoolWorker-5 countReadsInRegions_worker: processing 5000000 (6889986.4 per sec) @ chr2:130000000-135000000
ForkPoolWorker-12,  processing 1 (8.6 per sec) reads @ chrUn_KI270467v1:0-3920
ForkPoolWorker-12 countReadsInRegions_worker: processing 3920 (30178.8 per sec) @ chrUn_KI270467v1:0-3920
ForkPoolWorker-12,  processing 247 (68850.5 per sec) reads @ chr14:15000000-20000000
ForkPoolWorker-12 countReadsInRegions_worker: processing 5000000 (6845263.9 per sec) @ chr14:15000000-20000000
ForkPoolWorker-12,  processing 518 (74405.8 per sec) reads @ chr14:95000000-100000000
ForkPoolWorker-12 countReadsInRegions_worker: processing 5000000 (6762528.3 per sec) @ chr14:95000000-100000000
ForkPoolWorker-12,  processing 0 (0.0 per sec) reads @ chrUn_KI270391v1:0-1484
ForkPoolWorker-12 countReadsInRegions_worker: processing 1484 (102333.7 per sec) @ chrUn_KI270391v1:0-1484
ForkPoolWorker-12,  processing 364 (70858.9 per sec) reads @ chr2:175000000-180000000
ForkPoolWorker-12 countReadsInRegions_worker: processing 5000000 (6977231.3 per sec) @ chr2:175000000-180000000
ForkPoolWorker-12,  processing 8 (12950.4 per sec) reads @ chr8:145000000-145138636
ForkPoolWorker-12 countReadsInRegions_worker: processing 138636 (4488160.1 per sec) @ chr8:145000000-145138636
ForkPoolWorker-12,  processing 218 (74181.3 per sec) reads @ chr12:15000000-20000000
ForkPoolWorker-12 countReadsInRegions_worker: processing 5000000 (6999942.6 per sec) @ chr12:15000000-20000000
ForkPoolWorker-12,  processing 406 (79204.1 per sec) reads @ chr12:100000000-105000000
ForkPoolWorker-12 countReadsInRegions_worker: processing 5000000 (6949679.6 per sec) @ chr12:100000000-105000000
ForkPoolWorker-12,  processing 0 (0.0 per sec) reads @ chr14_KI270722v1_random:0-194050
ForkPoolWorker-12 countReadsInRegions_worker: processing 194050 (5070583.4 per sec) @ chr14_KI270722v1_random:0-194050
ForkPoolWorker-12,  processing 902 (75452.5 per sec) reads @ chr10:70000000-75000000
ForkPoolWorker-12 countReadsInRegions_worker: processing 5000000 (6942945.2 per sec) @ chr10:70000000-75000000
ForkPoolWorker-12,  processing 801 (76711.1 per sec) reads @ chr22:30000000-35000000
ForkPoolWorker-12 countReadsInRegions_worker: processing 5000000 (6954664.6 per sec) @ chr22:30000000-35000000
ForkPoolWorker-12,  processing 2 (3849.8 per sec) reads @ chr14_KI270723v1_random:0-38115
ForkPoolWorker-12 countReadsInRegions_worker: processing 38115 (2216419.4 per sec) @ chr14_KI270723v1_random:0-38115
ForkPoolWorker-12,  processing 53 (43880.4 per sec) reads @ chr13:15000000-20000000
ForkPoolWorker-12 countReadsInRegions_worker: processing 5000000 (7042090.0 per sec) @ chr13:15000000-20000000
ForkPoolWorker-12,  processing 128 (61652.6 per sec) reads @ chr4:140000000-145000000
ForkPoolWorker-12 countReadsInRegions_worker: processing 5000000 (7031184.4 per sec) @ chr4:140000000-145000000
ForkPoolWorker-12,  processing 33 (30978.5 per sec) reads @ chrX:80000000-85000000
ForkPoolWorker-12 countReadsInRegions_worker: processing 5000000 (6992625.4 per sec) @ chrX:80000000-85000000
ForkPoolWorker-12,  processing 918 (78278.7 per sec) reads @ chr17:60000000-65000000
ForkPoolWorker-12 countReadsInRegions_worker: processing 5000000 (6897968.1 per sec) @ chr17:60000000-65000000
ForkPoolWorker-16,  processing 1925 (12342.9 per sec) reads @ chr5:0-5000000
ForkPoolWorker-16 countReadsInRegions_worker: processing 5000000 (5602825.1 per sec) @ chr5:0-5000000
ForkPoolWorker-16,  processing 0 (0.0 per sec) reads @ chrUn_KI270304v1:0-2165
ForkPoolWorker-16 countReadsInRegions_worker: processing 2165 (167249.9 per sec) @ chrUn_KI270304v1:0-2165
ForkPoolWorker-16,  processing 0 (0.0 per sec) reads @ chrUn_KI270757v1:0-71251
ForkPoolWorker-16 countReadsInRegions_worker: processing 71251 (3470420.9 per sec) @ chrUn_KI270757v1:0-71251
ForkPoolWorker-16,  processing 568 (76756.4 per sec) reads @ chr11:75000000-80000000
ForkPoolWorker-16 countReadsInRegions_worker: processing 5000000 (7053454.0 per sec) @ chr11:75000000-80000000
ForkPoolWorker-16,  processing 1525 (83911.4 per sec) reads @ chr10:130000000-133797422
ForkPoolWorker-16 countReadsInRegions_worker: processing 3797422 (6813878.1 per sec) @ chr10:130000000-133797422
ForkPoolWorker-16,  processing 0 (0.0 per sec) reads @ chrUn_KI270311v1:0-12399
ForkPoolWorker-16 countReadsInRegions_worker: processing 12399 (929909.3 per sec) @ chrUn_KI270311v1:0-12399
ForkPoolWorker-16,  processing 894 (91744.9 per sec) reads @ chrX:130000000-135000000
ForkPoolWorker-16 countReadsInRegions_worker: processing 5000000 (7095304.3 per sec) @ chrX:130000000-135000000
ForkPoolWorker-16,  processing 18 (28181.2 per sec) reads @ chrUn_GL000195v1:0-182896
ForkPoolWorker-16 countReadsInRegions_worker: processing 182896 (4943334.2 per sec) @ chrUn_GL000195v1:0-182896
ForkPoolWorker-16,  processing 0 (0.0 per sec) reads @ chr22_KI270737v1_random:0-103838
ForkPoolWorker-16 countReadsInRegions_worker: processing 103838 (4241978.2 per sec) @ chr22_KI270737v1_random:0-103838
ForkPoolWorker-16,  processing 2421 (88466.1 per sec) reads @ chr12:130000000-133275309
ForkPoolWorker-16 countReadsInRegions_worker: processing 3275309 (6724265.9 per sec) @ chr12:130000000-133275309
ForkPoolWorker-16,  processing 5778 (88845.6 per sec) reads @ chr16:85000000-90000000
ForkPoolWorker-16 countReadsInRegions_worker: processing 5000000 (6550476.2 per sec) @ chr16:85000000-90000000
ForkPoolWorker-16,  processing 281 (79447.2 per sec) reads @ chr4:100000000-105000000
ForkPoolWorker-16 countReadsInRegions_worker: processing 5000000 (7113325.3 per sec) @ chr4:100000000-105000000
ForkPoolWorker-16,  processing 1531 (85535.3 per sec) reads @ chr13:110000000-114364328
ForkPoolWorker-16 countReadsInRegions_worker: processing 4364328 (6914171.9 per sec) @ chr13:110000000-114364328
ForkPoolWorker-16,  processing 0 (0.0 per sec) reads @ chr22_KI270739v1_random:0-73985
ForkPoolWorker-16 countReadsInRegions_worker: processing 73985 (3505004.6 per sec) @ chr22_KI270739v1_random:0-73985
ForkPoolWorker-16,  processing 0 (0.0 per sec) reads @ chrUn_KI270310v1:0-1201
ForkPoolWorker-16 countReadsInRegions_worker: processing 1201 (107910.3 per sec) @ chrUn_KI270310v1:0-1201
ForkPoolWorker-16,  processing 1 (2371.0 per sec) reads @ chr14_KI270726v1_random:0-43739
ForkPoolWorker-16 countReadsInRegions_worker: processing 43739 (2766704.8 per sec) @ chr14_KI270726v1_random:0-43739
ForkPoolWorker-16,  processing 501 (78405.5 per sec) reads @ chr17:55000000-60000000
ForkPoolWorker-16 countReadsInRegions_worker: processing 5000000 (7080729.3 per sec) @ chr17:55000000-60000000
ForkPoolWorker-16,  processing 80 (44870.9 per sec) reads @ chr9:60000000-65000000
ForkPoolWorker-16 countReadsInRegions_worker: processing 5000000 (7110607.2 per sec) @ chr9:60000000-65000000
ForkPoolWorker-16,  processing 3452 (104932.8 per sec) reads @ chr7:50000000-55000000
ForkPoolWorker-16 countReadsInRegions_worker: processing 5000000 (6859479.2 per sec) @ chr7:50000000-55000000
ForkPoolWorker-16,  processing 440 (79046.3 per sec) reads @ chr20:25000000-30000000
ForkPoolWorker-16 countReadsInRegions_worker: processing 5000000 (7178772.4 per sec) @ chr20:25000000-30000000
ForkPoolWorker-3,  processing 853 (6657.3 per sec) reads @ chr22:25000000-30000000
ForkPoolWorker-3 countReadsInRegions_worker: processing 5000000 (5774890.3 per sec) @ chr22:25000000-30000000
ForkPoolWorker-3,  processing 128 (53918.9 per sec) reads @ chr5:155000000-160000000
ForkPoolWorker-3 countReadsInRegions_worker: processing 5000000 (7061053.7 per sec) @ chr5:155000000-160000000
ForkPoolWorker-3,  processing 1241 (82755.1 per sec) reads @ chrX:50000000-55000000
ForkPoolWorker-3 countReadsInRegions_worker: processing 5000000 (6973832.2 per sec) @ chrX:50000000-55000000
ForkPoolWorker-3,  processing 1 (2517.6 per sec) reads @ chrUn_KI270754v1:0-40191
ForkPoolWorker-3 countReadsInRegions_worker: processing 40191 (2405921.2 per sec) @ chrUn_KI270754v1:0-40191
ForkPoolWorker-3,  processing 60 (49325.4 per sec) reads @ chr4:175000000-180000000
ForkPoolWorker-3 countReadsInRegions_worker: processing 5000000 (7140672.6 per sec) @ chr4:175000000-180000000
ForkPoolWorker-3,  processing 1372 (84749.6 per sec) reads @ chr1:30000000-35000000
ForkPoolWorker-3 countReadsInRegions_worker: processing 5000000 (6947421.1 per sec) @ chr1:30000000-35000000
ForkPoolWorker-3,  processing 2079 (86130.7 per sec) reads @ chr10:100000000-105000000
ForkPoolWorker-3 countReadsInRegions_worker: processing 5000000 (6854752.9 per sec) @ chr10:100000000-105000000
ForkPoolWorker-3,  processing 172 (64286.2 per sec) reads @ chr7:35000000-40000000
ForkPoolWorker-3 countReadsInRegions_worker: processing 5000000 (7061990.5 per sec) @ chr7:35000000-40000000
ForkPoolWorker-3,  processing 0 (0.0 per sec) reads @ chrUn_KI270548v1:0-1599
ForkPoolWorker-3 countReadsInRegions_worker: processing 1599 (138316.5 per sec) @ chrUn_KI270548v1:0-1599
ForkPoolWorker-3,  processing 0 (0.0 per sec) reads @ chrUn_KI270411v1:0-2646
ForkPoolWorker-3 countReadsInRegions_worker: processing 2646 (239949.2 per sec) @ chrUn_KI270411v1:0-2646
ForkPoolWorker-3,  processing 0 (0.0 per sec) reads @ chrUn_KI270507v1:0-5353
ForkPoolWorker-3 countReadsInRegions_worker: processing 5353 (469100.9 per sec) @ chrUn_KI270507v1:0-5353
ForkPoolWorker-3,  processing 593 (81138.6 per sec) reads @ chr1:115000000-120000000
ForkPoolWorker-3 countReadsInRegions_worker: processing 5000000 (7041723.5 per sec) @ chr1:115000000-120000000
ForkPoolWorker-3,  processing 381 (83666.5 per sec) reads @ chr8:135000000-140000000
ForkPoolWorker-3 countReadsInRegions_worker: processing 5000000 (7050677.1 per sec) @ chr8:135000000-140000000
ForkPoolWorker-3,  processing 1248 (84658.0 per sec) reads @ chr20:0-5000000
ForkPoolWorker-3 countReadsInRegions_worker: processing 5000000 (6959185.7 per sec) @ chr20:0-5000000
ForkPoolWorker-3,  processing 171 (64210.0 per sec) reads @ chr10:25000000-30000000
ForkPoolWorker-3 countReadsInRegions_worker: processing 5000000 (7089042.0 per sec) @ chr10:25000000-30000000
ForkPoolWorker-3,  processing 531 (81390.7 per sec) reads @ chr16:80000000-85000000
ForkPoolWorker-3 countReadsInRegions_worker: processing 5000000 (7828047.8 per sec) @ chr16:80000000-85000000
ForkPoolWorker-33,  processing 129 (1201.9 per sec) reads @ chr20:20000000-25000000
ForkPoolWorker-33 countReadsInRegions_worker: processing 5000000 (6003521.7 per sec) @ chr20:20000000-25000000
ForkPoolWorker-33,  processing 299 (73874.7 per sec) reads @ chr10:15000000-20000000
ForkPoolWorker-33 countReadsInRegions_worker: processing 5000000 (6995216.8 per sec) @ chr10:15000000-20000000
ForkPoolWorker-33,  processing 201 (63435.3 per sec) reads @ chr3:190000000-195000000
ForkPoolWorker-33 countReadsInRegions_worker: processing 5000000 (7068238.4 per sec) @ chr3:190000000-195000000
ForkPoolWorker-33,  processing 81 (47456.2 per sec) reads @ chr5:55000000-60000000
ForkPoolWorker-33 countReadsInRegions_worker: processing 5000000 (7082898.4 per sec) @ chr5:55000000-60000000
ForkPoolWorker-33,  processing 836 (87911.5 per sec) reads @ chr1:240000000-245000000
ForkPoolWorker-33 countReadsInRegions_worker: processing 5000000 (7000374.9 per sec) @ chr1:240000000-245000000
ForkPoolWorker-33,  processing 261 (76217.6 per sec) reads @ chr4:115000000-120000000
ForkPoolWorker-33 countReadsInRegions_worker: processing 5000000 (7039211.0 per sec) @ chr4:115000000-120000000
ForkPoolWorker-33,  processing 932 (83292.7 per sec) reads @ chr7:70000000-75000000
ForkPoolWorker-33 countReadsInRegions_worker: processing 5000000 (6976402.7 per sec) @ chr7:70000000-75000000
ForkPoolWorker-33,  processing 2 (4882.8 per sec) reads @ chrUn_KI270751v1:0-150742
ForkPoolWorker-33 countReadsInRegions_worker: processing 150742 (4667797.0 per sec) @ chrUn_KI270751v1:0-150742
ForkPoolWorker-33,  processing 7 (14301.1 per sec) reads @ chrUn_GL000214v1:0-137718
ForkPoolWorker-33 countReadsInRegions_worker: processing 137718 (4662640.0 per sec) @ chrUn_GL000214v1:0-137718
ForkPoolWorker-33,  processing 531 (75751.7 per sec) reads @ chr18:75000000-80000000
ForkPoolWorker-33 countReadsInRegions_worker: processing 5000000 (7035055.0 per sec) @ chr18:75000000-80000000
ForkPoolWorker-33,  processing 6 (10777.7 per sec) reads @ chr18:15000000-20000000
ForkPoolWorker-33 countReadsInRegions_worker: processing 5000000 (7117202.4 per sec) @ chr18:15000000-20000000
ForkPoolWorker-33,  processing 23 (27120.9 per sec) reads @ chrX:95000000-100000000
ForkPoolWorker-33 countReadsInRegions_worker: processing 5000000 (7100959.7 per sec) @ chrX:95000000-100000000
ForkPoolWorker-33,  processing 0 (0.0 per sec) reads @ chrUn_KI270316v1:0-1444
ForkPoolWorker-33 countReadsInRegions_worker: processing 1444 (123336.8 per sec) @ chrUn_KI270316v1:0-1444
ForkPoolWorker-33,  processing 0 (0.0 per sec) reads @ chrUn_KI270438v1:0-112505
ForkPoolWorker-33 countReadsInRegions_worker: processing 112505 (4497052.1 per sec) @ chrUn_KI270438v1:0-112505
ForkPoolWorker-33,  processing 107 (57744.5 per sec) reads @ chr5:115000000-120000000
ForkPoolWorker-33 countReadsInRegions_worker: processing 5000000 (7048613.1 per sec) @ chr5:115000000-120000000
ForkPoolWorker-33,  processing 81 (54072.7 per sec) reads @ chr2:220000000-225000000
ForkPoolWorker-33 countReadsInRegions_worker: processing 5000000 (8110768.8 per sec) @ chr2:220000000-225000000
ForkPoolWorker-24,  processing 0 (0.0 per sec) reads @ chr22_KI270735v1_random:0-42811
ForkPoolWorker-24 countReadsInRegions_worker: processing 42811 (426254.7 per sec) @ chr22_KI270735v1_random:0-42811
ForkPoolWorker-24,  processing 200 (58201.7 per sec) reads @ chr13:45000000-50000000
ForkPoolWorker-24 countReadsInRegions_worker: processing 5000000 (6764753.3 per sec) @ chr13:45000000-50000000
ForkPoolWorker-24,  processing 1473 (84338.4 per sec) reads @ chr6:40000000-45000000
ForkPoolWorker-24 countReadsInRegions_worker: processing 5000000 (6929011.7 per sec) @ chr6:40000000-45000000
ForkPoolWorker-24,  processing 4658 (89181.0 per sec) reads @ chr9:135000000-138394717
ForkPoolWorker-24 countReadsInRegions_worker: processing 3394717 (6397342.3 per sec) @ chr9:135000000-138394717
ForkPoolWorker-24,  processing 0 (0.0 per sec) reads @ chrUn_KI270530v1:0-2168
ForkPoolWorker-24 countReadsInRegions_worker: processing 2168 (183291.0 per sec) @ chrUn_KI270530v1:0-2168
ForkPoolWorker-24,  processing 280 (71943.5 per sec) reads @ chr1:165000000-170000000
ForkPoolWorker-24 countReadsInRegions_worker: processing 5000000 (7161448.0 per sec) @ chr1:165000000-170000000
ForkPoolWorker-24,  processing 183 (67365.1 per sec) reads @ chr1:65000000-70000000
ForkPoolWorker-24 countReadsInRegions_worker: processing 5000000 (7171069.4 per sec) @ chr1:65000000-70000000
ForkPoolWorker-24,  processing 20 (29076.6 per sec) reads @ chr17_GL000205v2_random:0-185591
ForkPoolWorker-24 countReadsInRegions_worker: processing 185591 (4868260.2 per sec) @ chr17_GL000205v2_random:0-185591
ForkPoolWorker-24,  processing 170943 (103996.7 per sec) reads @ chr14:30000000-35000000
ForkPoolWorker-24 countReadsInRegions_worker: processing 5000000 (2128360.8 per sec) @ chr14:30000000-35000000
ForkPoolWorker-24,  processing 39 (35307.1 per sec) reads @ chr7:85000000-90000000
ForkPoolWorker-24 countReadsInRegions_worker: processing 5000000 (7066773.6 per sec) @ chr7:85000000-90000000
ForkPoolWorker-24,  processing 74 (55944.2 per sec) reads @ chr11_KI270721v1_random:0-100316
ForkPoolWorker-24 countReadsInRegions_worker: processing 100316 (3946756.3 per sec) @ chr11_KI270721v1_random:0-100316
ForkPoolWorker-24,  processing 65 (49695.5 per sec) reads @ chr7:115000000-120000000
ForkPoolWorker-24 countReadsInRegions_worker: processing 5000000 (7027586.6 per sec) @ chr7:115000000-120000000
ForkPoolWorker-24,  processing 2454 (85042.2 per sec) reads @ chr19:55000000-58617616
ForkPoolWorker-24 countReadsInRegions_worker: processing 3617616 (6607867.3 per sec) @ chr19:55000000-58617616
ForkPoolWorker-24,  processing 127732 (104322.3 per sec) reads @ chr1:140000000-145000000
ForkPoolWorker-24 countReadsInRegions_worker: processing 5000000 (2587759.7 per sec) @ chr1:140000000-145000000
ForkPoolWorker-24,  processing 35 (29789.1 per sec) reads @ chr1:195000000-200000000
ForkPoolWorker-24 countReadsInRegions_worker: processing 5000000 (7061576.7 per sec) @ chr1:195000000-200000000
ForkPoolWorker-24,  processing 2528 (87168.7 per sec) reads @ chr9:125000000-130000000
ForkPoolWorker-24 countReadsInRegions_worker: processing 5000000 (7784684.6 per sec) @ chr9:125000000-130000000
ForkPoolWorker-32,  processing 0 (0.0 per sec) reads @ chr16:40000000-45000000
ForkPoolWorker-32 countReadsInRegions_worker: processing 5000000 (6021521.4 per sec) @ chr16:40000000-45000000
ForkPoolWorker-32,  processing 184 (48207.4 per sec) reads @ chr8:60000000-65000000
ForkPoolWorker-32 countReadsInRegions_worker: processing 5000000 (6822367.2 per sec) @ chr8:60000000-65000000
ForkPoolWorker-32,  processing 0 (0.0 per sec) reads @ chrUn_KI270508v1:0-1951
ForkPoolWorker-32 countReadsInRegions_worker: processing 1951 (165972.1 per sec) @ chrUn_KI270508v1:0-1951
ForkPoolWorker-32,  processing 2304 (82992.0 per sec) reads @ chr21:40000000-45000000
ForkPoolWorker-32 countReadsInRegions_worker: processing 5000000 (6795516.1 per sec) @ chr21:40000000-45000000
ForkPoolWorker-32,  processing 1 (2257.4 per sec) reads @ chrUn_GL000216v2:0-176608
ForkPoolWorker-32 countReadsInRegions_worker: processing 176608 (4806086.2 per sec) @ chrUn_GL000216v2:0-176608
ForkPoolWorker-32,  processing 1 (2020.4 per sec) reads @ chr22_KI270736v1_random:0-181920
ForkPoolWorker-32 countReadsInRegions_worker: processing 181920 (5171001.3 per sec) @ chr22_KI270736v1_random:0-181920
ForkPoolWorker-32,  processing 280 (80153.2 per sec) reads @ chrX:10000000-15000000
ForkPoolWorker-32 countReadsInRegions_worker: processing 5000000 (7008314.8 per sec) @ chrX:10000000-15000000
ForkPoolWorker-32,  processing 161 (58430.6 per sec) reads @ chr6:140000000-145000000
ForkPoolWorker-32 countReadsInRegions_worker: processing 5000000 (7009043.2 per sec) @ chr6:140000000-145000000
ForkPoolWorker-32,  processing 0 (0.0 per sec) reads @ chrUn_KI270303v1:0-1942
ForkPoolWorker-32 countReadsInRegions_worker: processing 1942 (159960.3 per sec) @ chrUn_KI270303v1:0-1942
ForkPoolWorker-32,  processing 319 (69451.5 per sec) reads @ chr6:15000000-20000000
ForkPoolWorker-32 countReadsInRegions_worker: processing 5000000 (6961680.7 per sec) @ chr6:15000000-20000000
ForkPoolWorker-32,  processing 502 (75337.8 per sec) reads @ chr14:75000000-80000000
ForkPoolWorker-32 countReadsInRegions_worker: processing 5000000 (6963476.8 per sec) @ chr14:75000000-80000000
ForkPoolWorker-32,  processing 21 (22361.1 per sec) reads @ chrY:25000000-30000000
ForkPoolWorker-32 countReadsInRegions_worker: processing 5000000 (6954404.0 per sec) @ chrY:25000000-30000000
ForkPoolWorker-32,  processing 1003 (82705.3 per sec) reads @ chr9:90000000-95000000
ForkPoolWorker-32 countReadsInRegions_worker: processing 5000000 (6940778.3 per sec) @ chr9:90000000-95000000
ForkPoolWorker-32,  processing 188 (62015.7 per sec) reads @ chr2:195000000-200000000
ForkPoolWorker-32 countReadsInRegions_worker: processing 5000000 (7006415.9 per sec) @ chr2:195000000-200000000
ForkPoolWorker-32,  processing 0 (0.0 per sec) reads @ chrUn_KI270517v1:0-3253
ForkPoolWorker-32 countReadsInRegions_worker: processing 3253 (265748.7 per sec) @ chrUn_KI270517v1:0-3253
ForkPoolWorker-32,  processing 109 (55135.0 per sec) reads @ chr3:95000000-100000000
ForkPoolWorker-32 countReadsInRegions_worker: processing 5000000 (7030847.3 per sec) @ chr3:95000000-100000000
ForkPoolWorker-31,  processing 40 (434.1 per sec) reads @ chr4:130000000-135000000
ForkPoolWorker-31 countReadsInRegions_worker: processing 5000000 (5927287.6 per sec) @ chr4:130000000-135000000
ForkPoolWorker-31,  processing 3356 (104391.0 per sec) reads @ chr21:15000000-20000000
ForkPoolWorker-31 countReadsInRegions_worker: processing 5000000 (6527293.0 per sec) @ chr21:15000000-20000000
ForkPoolWorker-31,  processing 0 (0.0 per sec) reads @ chrY:30000000-35000000
ForkPoolWorker-31 countReadsInRegions_worker: processing 5000000 (6915177.3 per sec) @ chrY:30000000-35000000
ForkPoolWorker-31,  processing 0 (0.0 per sec) reads @ chr1_KI270710v1_random:0-40176
ForkPoolWorker-31 countReadsInRegions_worker: processing 40176 (2083796.3 per sec) @ chr1_KI270710v1_random:0-40176
ForkPoolWorker-31,  processing 0 (0.0 per sec) reads @ chrUn_KI270387v1:0-1537
ForkPoolWorker-31 countReadsInRegions_worker: processing 1537 (127077.6 per sec) @ chrUn_KI270387v1:0-1537
ForkPoolWorker-31,  processing 208 (64518.2 per sec) reads @ chr16:45000000-50000000
ForkPoolWorker-31 countReadsInRegions_worker: processing 5000000 (6885089.1 per sec) @ chr16:45000000-50000000
ForkPoolWorker-31,  processing 133 (68963.1 per sec) reads @ chr22:10000000-15000000
ForkPoolWorker-31 countReadsInRegions_worker: processing 5000000 (6871204.2 per sec) @ chr22:10000000-15000000
ForkPoolWorker-31,  processing 2903 (86295.7 per sec) reads @ chr19:35000000-40000000
ForkPoolWorker-31 countReadsInRegions_worker: processing 5000000 (6573332.3 per sec) @ chr19:35000000-40000000
ForkPoolWorker-31,  processing 560 (88654.4 per sec) reads @ chr4:20000000-25000000
ForkPoolWorker-31 countReadsInRegions_worker: processing 5000000 (6675076.0 per sec) @ chr4:20000000-25000000
ForkPoolWorker-31,  processing 212 (66917.0 per sec) reads @ chr7:120000000-125000000
ForkPoolWorker-31 countReadsInRegions_worker: processing 5000000 (6824089.9 per sec) @ chr7:120000000-125000000
ForkPoolWorker-31,  processing 34 (31888.7 per sec) reads @ chr4:90000000-95000000
ForkPoolWorker-31 countReadsInRegions_worker: processing 5000000 (6840905.2 per sec) @ chr4:90000000-95000000
ForkPoolWorker-31,  processing 34 (32075.2 per sec) reads @ chr12:80000000-85000000
ForkPoolWorker-31 countReadsInRegions_worker: processing 5000000 (6840662.0 per sec) @ chr12:80000000-85000000
ForkPoolWorker-31,  processing 0 (0.0 per sec) reads @ chrUn_KI270385v1:0-990
ForkPoolWorker-31 countReadsInRegions_worker: processing 990 (82223.3 per sec) @ chrUn_KI270385v1:0-990
ForkPoolWorker-31,  processing 229 (66715.0 per sec) reads @ chr2:40000000-45000000
ForkPoolWorker-31 countReadsInRegions_worker: processing 5000000 (6820024.2 per sec) @ chr2:40000000-45000000
ForkPoolWorker-51,  processing 27 (262.1 per sec) reads @ chr5:20000000-25000000
ForkPoolWorker-51 countReadsInRegions_worker: processing 5000000 (5977387.3 per sec) @ chr5:20000000-25000000
ForkPoolWorker-51,  processing 84 (40590.0 per sec) reads @ chr4:185000000-190000000
ForkPoolWorker-51 countReadsInRegions_worker: processing 5000000 (6192349.9 per sec) @ chr4:185000000-190000000
ForkPoolWorker-51,  processing 525 (75413.9 per sec) reads @ chr1:60000000-65000000
ForkPoolWorker-51 countReadsInRegions_worker: processing 5000000 (6906707.6 per sec) @ chr1:60000000-65000000
ForkPoolWorker-51,  processing 217 (63404.0 per sec) reads @ chr10:10000000-15000000
ForkPoolWorker-51 countReadsInRegions_worker: processing 5000000 (7040662.0 per sec) @ chr10:10000000-15000000
ForkPoolWorker-51,  processing 7 (10862.1 per sec) reads @ chrY:0-5000000
ForkPoolWorker-51 countReadsInRegions_worker: processing 5000000 (7077188.1 per sec) @ chrY:0-5000000
ForkPoolWorker-51,  processing 1358 (81800.7 per sec) reads @ chr16:70000000-75000000
ForkPoolWorker-51 countReadsInRegions_worker: processing 5000000 (6893734.7 per sec) @ chr16:70000000-75000000
ForkPoolWorker-51,  processing 59 (56914.4 per sec) reads @ chrUn_KI270442v1:0-392061
ForkPoolWorker-51 countReadsInRegions_worker: processing 392061 (5783522.0 per sec) @ chrUn_KI270442v1:0-392061
ForkPoolWorker-51,  processing 41 (40216.7 per sec) reads @ chr13:85000000-90000000
ForkPoolWorker-51 countReadsInRegions_worker: processing 5000000 (7002469.2 per sec) @ chr13:85000000-90000000
ForkPoolWorker-51,  processing 654 (78199.3 per sec) reads @ chr20:55000000-60000000
ForkPoolWorker-51 countReadsInRegions_worker: processing 5000000 (6934618.3 per sec) @ chr20:55000000-60000000
ForkPoolWorker-51,  processing 415 (79663.0 per sec) reads @ chr12:10000000-15000000
ForkPoolWorker-51 countReadsInRegions_worker: processing 5000000 (6974530.3 per sec) @ chr12:10000000-15000000
ForkPoolWorker-51,  processing 8379 (89395.6 per sec) reads @ chr8:140000000-145000000
ForkPoolWorker-51 countReadsInRegions_worker: processing 5000000 (6197605.7 per sec) @ chr8:140000000-145000000
ForkPoolWorker-51,  processing 64 (42833.2 per sec) reads @ chr3:175000000-180000000
ForkPoolWorker-51 countReadsInRegions_worker: processing 5000000 (6959910.9 per sec) @ chr3:175000000-180000000
ForkPoolWorker-19,  processing 0 (0.0 per sec) reads @ chrUn_GL000226v1:0-15008
ForkPoolWorker-19 countReadsInRegions_worker: processing 15008 (148590.8 per sec) @ chrUn_GL000226v1:0-15008
ForkPoolWorker-19,  processing 319241 (90368.1 per sec) reads @ chr1:15000000-20000000
ForkPoolWorker-19 countReadsInRegions_worker: processing 5000000 (1181030.3 per sec) @ chr1:15000000-20000000
ForkPoolWorker-19,  processing 96 (48390.0 per sec) reads @ chr5:110000000-115000000
ForkPoolWorker-19 countReadsInRegions_worker: processing 5000000 (7168368.2 per sec) @ chr5:110000000-115000000
ForkPoolWorker-19,  processing 0 (0.0 per sec) reads @ chr15:5000000-10000000
ForkPoolWorker-19 countReadsInRegions_worker: processing 5000000 (7154909.8 per sec) @ chr15:5000000-10000000
ForkPoolWorker-19,  processing 250 (71288.1 per sec) reads @ chrX:145000000-150000000
ForkPoolWorker-19 countReadsInRegions_worker: processing 5000000 (7139581.1 per sec) @ chrX:145000000-150000000
ForkPoolWorker-19,  processing 1532 (84732.3 per sec) reads @ chr2:240000000-242193529
ForkPoolWorker-19 countReadsInRegions_worker: processing 2193529 (6626845.2 per sec) @ chr2:240000000-242193529
ForkPoolWorker-19,  processing 506 (71729.0 per sec) reads @ chr9:95000000-100000000
ForkPoolWorker-19 countReadsInRegions_worker: processing 5000000 (7001590.2 per sec) @ chr9:95000000-100000000
ForkPoolWorker-19,  processing 3207 (84697.4 per sec) reads @ chr17:0-5000000
ForkPoolWorker-19 countReadsInRegions_worker: processing 5000000 (6718223.8 per sec) @ chr17:0-5000000
ForkPoolWorker-19,  processing 0 (0.0 per sec) reads @ chrUn_KI270422v1:0-1445
ForkPoolWorker-19 countReadsInRegions_worker: processing 1445 (115280.7 per sec) @ chrUn_KI270422v1:0-1445
ForkPoolWorker-19,  processing 0 (0.0 per sec) reads @ chrUn_KI270420v1:0-2321
ForkPoolWorker-19 countReadsInRegions_worker: processing 2321 (199888.7 per sec) @ chrUn_KI270420v1:0-2321
ForkPoolWorker-19,  processing 203 (66188.1 per sec) reads @ chr12:65000000-70000000
ForkPoolWorker-19 countReadsInRegions_worker: processing 5000000 (7040359.5 per sec) @ chr12:65000000-70000000
ForkPoolWorker-19,  processing 442 (69986.9 per sec) reads @ chr5:130000000-135000000
ForkPoolWorker-19 countReadsInRegions_worker: processing 5000000 (6997009.2 per sec) @ chr5:130000000-135000000
ForkPoolWorker-19,  processing 202 (65283.5 per sec) reads @ chr13:30000000-35000000
ForkPoolWorker-19 countReadsInRegions_worker: processing 5000000 (6669416.5 per sec) @ chr13:30000000-35000000
ForkPoolWorker-19,  processing 0 (0.0 per sec) reads @ chrUn_KI270512v1:0-22689
ForkPoolWorker-19 countReadsInRegions_worker: processing 22689 (1348207.3 per sec) @ chrUn_KI270512v1:0-22689
ForkPoolWorker-19,  processing 651 (76861.1 per sec) reads @ chr7:125000000-130000000
ForkPoolWorker-19 countReadsInRegions_worker: processing 5000000 (6932117.4 per sec) @ chr7:125000000-130000000
ForkPoolWorker-19,  processing 540 (84144.7 per sec) reads @ chr11:55000000-60000000
ForkPoolWorker-19 countReadsInRegions_worker: processing 5000000 (8061021.0 per sec) @ chr11:55000000-60000000
ForkPoolWorker-22,  processing 0 (0.0 per sec) reads @ chrUn_KI270509v1:0-2318
ForkPoolWorker-22 countReadsInRegions_worker: processing 2318 (24081.8 per sec) @ chrUn_KI270509v1:0-2318
ForkPoolWorker-22,  processing 344 (27156.8 per sec) reads @ chr11:10000000-15000000
ForkPoolWorker-22 countReadsInRegions_worker: processing 5000000 (6524963.6 per sec) @ chr11:10000000-15000000
ForkPoolWorker-22,  processing 79 (46531.4 per sec) reads @ chrX:75000000-80000000
ForkPoolWorker-22 countReadsInRegions_worker: processing 5000000 (7077042.4 per sec) @ chrX:75000000-80000000
ForkPoolWorker-22,  processing 106 (53975.5 per sec) reads @ chr4:50000000-55000000
ForkPoolWorker-22 countReadsInRegions_worker: processing 5000000 (7089389.5 per sec) @ chr4:50000000-55000000
ForkPoolWorker-22,  processing 164 (62425.4 per sec) reads @ chr13:20000000-25000000
ForkPoolWorker-22 countReadsInRegions_worker: processing 5000000 (7080748.4 per sec) @ chr13:20000000-25000000
ForkPoolWorker-22,  processing 960 (100000.8 per sec) reads @ chrM:0-16569
ForkPoolWorker-22 countReadsInRegions_worker: processing 16569 (727746.5 per sec) @ chrM:0-16569
ForkPoolWorker-22,  processing 2978 (106063.2 per sec) reads @ chr4:65000000-70000000
ForkPoolWorker-22 countReadsInRegions_worker: processing 5000000 (6828751.7 per sec) @ chr4:65000000-70000000
ForkPoolWorker-22,  processing 1773 (83379.1 per sec) reads @ chr12:55000000-60000000
ForkPoolWorker-22 countReadsInRegions_worker: processing 5000000 (6865740.1 per sec) @ chr12:55000000-60000000
ForkPoolWorker-22,  processing 28 (32469.0 per sec) reads @ chr13:80000000-85000000
ForkPoolWorker-22 countReadsInRegions_worker: processing 5000000 (7088934.2 per sec) @ chr13:80000000-85000000
ForkPoolWorker-22,  processing 0 (0.0 per sec) reads @ chrUn_KI270590v1:0-4685
ForkPoolWorker-22 countReadsInRegions_worker: processing 4685 (398102.0 per sec) @ chrUn_KI270590v1:0-4685
ForkPoolWorker-22,  processing 3484 (85691.4 per sec) reads @ chr4:0-5000000
ForkPoolWorker-22 countReadsInRegions_worker: processing 5000000 (6710222.9 per sec) @ chr4:0-5000000
ForkPoolWorker-22,  processing 28 (26261.3 per sec) reads @ chr10:105000000-110000000
ForkPoolWorker-22 countReadsInRegions_worker: processing 5000000 (7081013.8 per sec) @ chr10:105000000-110000000
ForkPoolWorker-22,  processing 22 (27324.5 per sec) reads @ chr16_KI270728v1_random:0-1872759
ForkPoolWorker-22 countReadsInRegions_worker: processing 1872759 (6946536.0 per sec) @ chr16_KI270728v1_random:0-1872759
ForkPoolWorker-22,  processing 0 (0.0 per sec) reads @ chr9:55000000-60000000
ForkPoolWorker-22 countReadsInRegions_worker: processing 5000000 (7147226.3 per sec) @ chr9:55000000-60000000
ForkPoolWorker-22,  processing 326 (70905.6 per sec) reads @ chr7:30000000-35000000
ForkPoolWorker-22 countReadsInRegions_worker: processing 5000000 (7108445.3 per sec) @ chr7:30000000-35000000
ForkPoolWorker-22,  processing 306 (98727.5 per sec) reads @ chr3:85000000-90000000
ForkPoolWorker-22 countReadsInRegions_worker: processing 5000000 (8181089.7 per sec) @ chr3:85000000-90000000
ForkPoolWorker-30,  processing 0 (0.0 per sec) reads @ chrUn_KI270579v1:0-31033
ForkPoolWorker-30 countReadsInRegions_worker: processing 31033 (336048.9 per sec) @ chrUn_KI270579v1:0-31033
ForkPoolWorker-30,  processing 1637 (82882.6 per sec) reads @ chr1:150000000-155000000
ForkPoolWorker-30 countReadsInRegions_worker: processing 5000000 (6718680.1 per sec) @ chr1:150000000-155000000
ForkPoolWorker-30,  processing 54 (33356.8 per sec) reads @ chr7:10000000-15000000
ForkPoolWorker-30 countReadsInRegions_worker: processing 5000000 (5819084.3 per sec) @ chr7:10000000-15000000
ForkPoolWorker-30,  processing 1571 (96005.6 per sec) reads @ chr7:140000000-145000000
ForkPoolWorker-30 countReadsInRegions_worker: processing 5000000 (6979033.1 per sec) @ chr7:140000000-145000000
ForkPoolWorker-30,  processing 325 (69367.9 per sec) reads @ chr17:20000000-25000000
ForkPoolWorker-30 countReadsInRegions_worker: processing 5000000 (7145190.5 per sec) @ chr17:20000000-25000000
ForkPoolWorker-30,  processing 0 (0.0 per sec) reads @ chrUn_KI270419v1:0-1029
ForkPoolWorker-30 countReadsInRegions_worker: processing 1029 (88320.1 per sec) @ chrUn_KI270419v1:0-1029
ForkPoolWorker-30,  processing 1269 (79884.9 per sec) reads @ chr3:10000000-15000000
ForkPoolWorker-30 countReadsInRegions_worker: processing 5000000 (6977414.7 per sec) @ chr3:10000000-15000000
ForkPoolWorker-30,  processing 1645 (88047.0 per sec) reads @ chr12:110000000-115000000
ForkPoolWorker-30 countReadsInRegions_worker: processing 5000000 (6925698.3 per sec) @ chr12:110000000-115000000
ForkPoolWorker-30,  processing 3333 (84786.1 per sec) reads @ chr17:40000000-45000000
ForkPoolWorker-30 countReadsInRegions_worker: processing 5000000 (6746310.5 per sec) @ chr17:40000000-45000000
ForkPoolWorker-30,  processing 1888 (82287.4 per sec) reads @ chr1:155000000-160000000
ForkPoolWorker-30 countReadsInRegions_worker: processing 5000000 (6822460.4 per sec) @ chr1:155000000-160000000
ForkPoolWorker-30,  processing 573 (85965.5 per sec) reads @ chr4:80000000-85000000
ForkPoolWorker-30 countReadsInRegions_worker: processing 5000000 (7038707.7 per sec) @ chr4:80000000-85000000
ForkPoolWorker-30,  processing 6451 (88860.7 per sec) reads @ chr17:80000000-83257441
ForkPoolWorker-30 countReadsInRegions_worker: processing 3257441 (6038059.6 per sec) @ chr17:80000000-83257441
ForkPoolWorker-30,  processing 0 (0.0 per sec) reads @ chrUn_KI270378v1:0-1048
ForkPoolWorker-30 countReadsInRegions_worker: processing 1048 (89505.8 per sec) @ chrUn_KI270378v1:0-1048
ForkPoolWorker-30,  processing 91 (52199.4 per sec) reads @ chr13:35000000-40000000
ForkPoolWorker-30 countReadsInRegions_worker: processing 5000000 (7145546.0 per sec) @ chr13:35000000-40000000
ForkPoolWorker-30,  processing 3003 (90467.3 per sec) reads @ chr16:15000000-20000000
ForkPoolWorker-30 countReadsInRegions_worker: processing 5000000 (7043185.0 per sec) @ chr16:15000000-20000000
ForkPoolWorker-30,  processing 173 (70502.8 per sec) reads @ chr18:0-5000000
ForkPoolWorker-30 countReadsInRegions_worker: processing 5000000 (8211229.0 per sec) @ chr18:0-5000000
ForkPoolWorker-47,  processing 0 (0.0 per sec) reads @ chrUn_KI270756v1:0-79590
ForkPoolWorker-47 countReadsInRegions_worker: processing 79590 (819980.3 per sec) @ chrUn_KI270756v1:0-79590
ForkPoolWorker-47,  processing 137 (52625.7 per sec) reads @ chr9:15000000-20000000
ForkPoolWorker-47 countReadsInRegions_worker: processing 5000000 (7007483.5 per sec) @ chr9:15000000-20000000
ForkPoolWorker-47,  processing 0 (0.0 per sec) reads @ chrUn_KI270337v1:0-1121
ForkPoolWorker-47 countReadsInRegions_worker: processing 1121 (88331.8 per sec) @ chrUn_KI270337v1:0-1121
ForkPoolWorker-47,  processing 225 (59349.6 per sec) reads @ chr2:35000000-40000000
ForkPoolWorker-47 countReadsInRegions_worker: processing 5000000 (6990737.4 per sec) @ chr2:35000000-40000000
ForkPoolWorker-47,  processing 108 (57933.9 per sec) reads @ chr12:85000000-90000000
ForkPoolWorker-47 countReadsInRegions_worker: processing 5000000 (7052277.6 per sec) @ chr12:85000000-90000000
ForkPoolWorker-47,  processing 98 (55681.6 per sec) reads @ chr19:20000000-25000000
ForkPoolWorker-47 countReadsInRegions_worker: processing 5000000 (7074394.8 per sec) @ chr19:20000000-25000000
ForkPoolWorker-47,  processing 1032 (81852.5 per sec) reads @ chr20:35000000-40000000
ForkPoolWorker-47 countReadsInRegions_worker: processing 5000000 (6958786.2 per sec) @ chr20:35000000-40000000
ForkPoolWorker-47,  processing 107 (53174.2 per sec) reads @ chr9:65000000-70000000
ForkPoolWorker-47 countReadsInRegions_worker: processing 5000000 (7023898.3 per sec) @ chr9:65000000-70000000
ForkPoolWorker-47,  processing 2 (4021.4 per sec) reads @ chr14_KI270725v1_random:0-172810
ForkPoolWorker-47 countReadsInRegions_worker: processing 172810 (3330198.4 per sec) @ chr14_KI270725v1_random:0-172810
ForkPoolWorker-47,  processing 0 (0.0 per sec) reads @ chrUn_KI270516v1:0-1300
ForkPoolWorker-47 countReadsInRegions_worker: processing 1300 (106742.0 per sec) @ chrUn_KI270516v1:0-1300
ForkPoolWorker-47,  processing 729 (79394.7 per sec) reads @ chr5:135000000-140000000
ForkPoolWorker-47 countReadsInRegions_worker: processing 5000000 (6923809.6 per sec) @ chr5:135000000-140000000
ForkPoolWorker-47,  processing 30 (30645.2 per sec) reads @ chr6:90000000-95000000
ForkPoolWorker-47 countReadsInRegions_worker: processing 5000000 (6984274.4 per sec) @ chr6:90000000-95000000
ForkPoolWorker-47,  processing 6 (12826.6 per sec) reads @ chrUn_KI270745v1:0-41891
ForkPoolWorker-47 countReadsInRegions_worker: processing 41891 (2435152.9 per sec) @ chrUn_KI270745v1:0-41891
ForkPoolWorker-47,  processing 2682 (97988.0 per sec) reads @ chr6:120000000-125000000
ForkPoolWorker-47 countReadsInRegions_worker: processing 5000000 (6739858.1 per sec) @ chr6:120000000-125000000
ForkPoolWorker-47,  processing 112 (58031.1 per sec) reads @ chr2:135000000-140000000
ForkPoolWorker-47 countReadsInRegions_worker: processing 5000000 (6947775.5 per sec) @ chr2:135000000-140000000
ForkPoolWorker-47,  processing 1737 (83250.6 per sec) reads @ chr14:20000000-25000000
ForkPoolWorker-47 countReadsInRegions_worker: processing 5000000 (6812319.1 per sec) @ chr14:20000000-25000000
ForkPoolWorker-13,  processing 56 (479.0 per sec) reads @ chr7:110000000-115000000
ForkPoolWorker-13 countReadsInRegions_worker: processing 5000000 (5798316.7 per sec) @ chr7:110000000-115000000
ForkPoolWorker-13,  processing 4 (4081.1 per sec) reads @ chr22_KI270731v1_random:0-150754
ForkPoolWorker-13 countReadsInRegions_worker: processing 150754 (3746900.0 per sec) @ chr22_KI270731v1_random:0-150754
ForkPoolWorker-13,  processing 5482 (98351.4 per sec) reads @ chr1:160000000-165000000
ForkPoolWorker-13 countReadsInRegions_worker: processing 5000000 (6584305.5 per sec) @ chr1:160000000-165000000
ForkPoolWorker-13,  processing 568 (86289.4 per sec) reads @ chr1:235000000-240000000
ForkPoolWorker-13 countReadsInRegions_worker: processing 5000000 (7051450.0 per sec) @ chr1:235000000-240000000
ForkPoolWorker-13,  processing 6230 (99005.5 per sec) reads @ chrX:115000000-120000000
ForkPoolWorker-13 countReadsInRegions_worker: processing 5000000 (6521751.4 per sec) @ chrX:115000000-120000000
ForkPoolWorker-13,  processing 308 (68311.9 per sec) reads @ chr20:50000000-55000000
ForkPoolWorker-13 countReadsInRegions_worker: processing 5000000 (7082367.3 per sec) @ chr20:50000000-55000000
ForkPoolWorker-13,  processing 0 (0.0 per sec) reads @ chrUn_KI270364v1:0-2855
ForkPoolWorker-13 countReadsInRegions_worker: processing 2855 (250680.1 per sec) @ chrUn_KI270364v1:0-2855
ForkPoolWorker-13,  processing 171 (62574.2 per sec) reads @ chr3:60000000-65000000
ForkPoolWorker-13 countReadsInRegions_worker: processing 5000000 (7078955.9 per sec) @ chr3:60000000-65000000
ForkPoolWorker-13,  processing 714 (76244.5 per sec) reads @ chr7:40000000-45000000
ForkPoolWorker-13 countReadsInRegions_worker: processing 5000000 (6997966.5 per sec) @ chr7:40000000-45000000
ForkPoolWorker-13,  processing 75 (48462.9 per sec) reads @ chr4:95000000-100000000
ForkPoolWorker-13 countReadsInRegions_worker: processing 5000000 (7069036.6 per sec) @ chr4:95000000-100000000
ForkPoolWorker-13,  processing 78 (43591.7 per sec) reads @ chr12:40000000-45000000
ForkPoolWorker-13 countReadsInRegions_worker: processing 5000000 (7036228.1 per sec) @ chr12:40000000-45000000
ForkPoolWorker-13,  processing 517 (76099.5 per sec) reads @ chr21:30000000-35000000
ForkPoolWorker-13 countReadsInRegions_worker: processing 5000000 (6987164.5 per sec) @ chr21:30000000-35000000
ForkPoolWorker-13,  processing 982 (97722.5 per sec) reads @ chr6:75000000-80000000
ForkPoolWorker-13 countReadsInRegions_worker: processing 5000000 (6968907.7 per sec) @ chr6:75000000-80000000
ForkPoolWorker-13,  processing 261 (72976.0 per sec) reads @ chr6:160000000-165000000
ForkPoolWorker-13 countReadsInRegions_worker: processing 5000000 (7312821.7 per sec) @ chr6:160000000-165000000
ForkPoolWorker-13,  processing 0 (0.0 per sec) reads @ chr15:0-5000000
ForkPoolWorker-13 countReadsInRegions_worker: processing 5000000 (8160191.2 per sec) @ chr15:0-5000000
ForkPoolWorker-13,  processing 0 (0.0 per sec) reads @ chrUn_KI270383v1:0-1750
ForkPoolWorker-13 countReadsInRegions_worker: processing 1750 (167347.6 per sec) @ chrUn_KI270383v1:0-1750
ForkPoolWorker-15,  processing 671 (5430.8 per sec) reads @ chr10:95000000-100000000
ForkPoolWorker-15 countReadsInRegions_worker: processing 5000000 (5741192.5 per sec) @ chr10:95000000-100000000
ForkPoolWorker-15,  processing 20 (20355.8 per sec) reads @ chrX:30000000-35000000
ForkPoolWorker-15 countReadsInRegions_worker: processing 5000000 (6883184.1 per sec) @ chrX:30000000-35000000
ForkPoolWorker-15,  processing 3958 (89762.6 per sec) reads @ chrX:150000000-155000000
ForkPoolWorker-15 countReadsInRegions_worker: processing 5000000 (6710693.1 per sec) @ chrX:150000000-155000000
ForkPoolWorker-15,  processing 13617 (104893.2 per sec) reads @ chr6:35000000-40000000
ForkPoolWorker-15 countReadsInRegions_worker: processing 5000000 (6051063.0 per sec) @ chr6:35000000-40000000
ForkPoolWorker-15,  processing 0 (0.0 per sec) reads @ chr2_KI270715v1_random:0-161471
ForkPoolWorker-15 countReadsInRegions_worker: processing 161471 (4806387.6 per sec) @ chr2_KI270715v1_random:0-161471
ForkPoolWorker-15,  processing 0 (0.0 per sec) reads @ chr9:45000000-50000000
ForkPoolWorker-15 countReadsInRegions_worker: processing 5000000 (7042957.9 per sec) @ chr9:45000000-50000000
ForkPoolWorker-15,  processing 131 (58514.8 per sec) reads @ chr3:170000000-175000000
ForkPoolWorker-15 countReadsInRegions_worker: processing 5000000 (7043173.2 per sec) @ chr3:170000000-175000000
ForkPoolWorker-15,  processing 0 (0.0 per sec) reads @ chr21:0-5000000
ForkPoolWorker-15 countReadsInRegions_worker: processing 5000000 (7065837.9 per sec) @ chr21:0-5000000
ForkPoolWorker-15,  processing 0 (0.0 per sec) reads @ chr17_KI270730v1_random:0-112551
ForkPoolWorker-15 countReadsInRegions_worker: processing 112551 (4260395.4 per sec) @ chr17_KI270730v1_random:0-112551
ForkPoolWorker-15,  processing 0 (0.0 per sec) reads @ chrUn_KI270320v1:0-4416
ForkPoolWorker-15 countReadsInRegions_worker: processing 4416 (359100.5 per sec) @ chrUn_KI270320v1:0-4416
ForkPoolWorker-15,  processing 11994 (88784.9 per sec) reads @ chr16:0-5000000
ForkPoolWorker-15 countReadsInRegions_worker: processing 5000000 (5910580.6 per sec) @ chr16:0-5000000
ForkPoolWorker-15,  processing 54 (41543.0 per sec) reads @ chr5:85000000-90000000
ForkPoolWorker-15 countReadsInRegions_worker: processing 5000000 (7041435.0 per sec) @ chr5:85000000-90000000
ForkPoolWorker-15,  processing 100 (50051.4 per sec) reads @ chrX:5000000-10000000
ForkPoolWorker-15 countReadsInRegions_worker: processing 5000000 (7040810.9 per sec) @ chrX:5000000-10000000
ForkPoolWorker-15,  processing 105 (64765.0 per sec) reads @ chr14:25000000-30000000
ForkPoolWorker-15 countReadsInRegions_worker: processing 5000000 (7009141.6 per sec) @ chr14:25000000-30000000
ForkPoolWorker-15,  processing 104 (61351.3 per sec) reads @ chr13:105000000-110000000
ForkPoolWorker-15 countReadsInRegions_worker: processing 5000000 (8206634.1 per sec) @ chr13:105000000-110000000
ForkPoolWorker-15,  processing 351 (75964.9 per sec) reads @ chr2:10000000-15000000
ForkPoolWorker-15 countReadsInRegions_worker: processing 5000000 (8214152.5 per sec) @ chr2:10000000-15000000
ForkPoolWorker-7,  processing 121 (1011.7 per sec) reads @ chr8:30000000-35000000
ForkPoolWorker-7 countReadsInRegions_worker: processing 5000000 (5899943.4 per sec) @ chr8:30000000-35000000
ForkPoolWorker-7,  processing 47 (32976.3 per sec) reads @ chr14:80000000-85000000
ForkPoolWorker-7 countReadsInRegions_worker: processing 5000000 (7039135.4 per sec) @ chr14:80000000-85000000
ForkPoolWorker-7,  processing 0 (0.0 per sec) reads @ chrUn_KI270335v1:0-1048
ForkPoolWorker-7 countReadsInRegions_worker: processing 1048 (78182.1 per sec) @ chrUn_KI270335v1:0-1048
ForkPoolWorker-7,  processing 689 (81598.0 per sec) reads @ chr6:165000000-170000000
ForkPoolWorker-7 countReadsInRegions_worker: processing 5000000 (6995342.8 per sec) @ chr6:165000000-170000000
ForkPoolWorker-7,  processing 0 (0.0 per sec) reads @ chrUn_KI270417v1:0-2043
ForkPoolWorker-7 countReadsInRegions_worker: processing 2043 (127683.4 per sec) @ chrUn_KI270417v1:0-2043
ForkPoolWorker-7,  processing 379 (72318.9 per sec) reads @ chr2:125000000-130000000
ForkPoolWorker-7 countReadsInRegions_worker: processing 5000000 (7055592.2 per sec) @ chr2:125000000-130000000
ForkPoolWorker-7,  processing 302 (72274.3 per sec) reads @ chr3:130000000-135000000
ForkPoolWorker-7 countReadsInRegions_worker: processing 5000000 (7062635.0 per sec) @ chr3:130000000-135000000
ForkPoolWorker-7,  processing 14 (19658.6 per sec) reads @ chr21:20000000-25000000
ForkPoolWorker-7 countReadsInRegions_worker: processing 5000000 (7077056.7 per sec) @ chr21:20000000-25000000
ForkPoolWorker-7,  processing 64 (48236.4 per sec) reads @ chr7:60000000-65000000
ForkPoolWorker-7 countReadsInRegions_worker: processing 5000000 (7074468.8 per sec) @ chr7:60000000-65000000
ForkPoolWorker-7,  processing 25 (30570.7 per sec) reads @ chr12:35000000-40000000
ForkPoolWorker-7 countReadsInRegions_worker: processing 5000000 (7082785.9 per sec) @ chr12:35000000-40000000
ForkPoolWorker-7,  processing 225 (69708.8 per sec) reads @ chr10:110000000-115000000
ForkPoolWorker-7 countReadsInRegions_worker: processing 5000000 (7061583.9 per sec) @ chr10:110000000-115000000
ForkPoolWorker-7,  processing 151 (59451.8 per sec) reads @ chr2:205000000-210000000
ForkPoolWorker-7 countReadsInRegions_worker: processing 5000000 (7069660.9 per sec) @ chr2:205000000-210000000
ForkPoolWorker-7,  processing 76 (53136.7 per sec) reads @ chr21:10000000-15000000
ForkPoolWorker-7 countReadsInRegions_worker: processing 5000000 (7098332.7 per sec) @ chr21:10000000-15000000
ForkPoolWorker-7,  processing 200 (72672.7 per sec) reads @ chr2:225000000-230000000
ForkPoolWorker-7 countReadsInRegions_worker: processing 5000000 (7778395.9 per sec) @ chr2:225000000-230000000
ForkPoolWorker-7,  processing 130 (68543.0 per sec) reads @ chr3:100000000-105000000
ForkPoolWorker-7 countReadsInRegions_worker: processing 5000000 (8244938.3 per sec) @ chr3:100000000-105000000
ForkPoolWorker-7,  processing 205 (73818.0 per sec) reads @ chr2:155000000-160000000
ForkPoolWorker-7 countReadsInRegions_worker: processing 5000000 (8194554.4 per sec) @ chr2:155000000-160000000
ForkPoolWorker-38,  processing 370 (3634.7 per sec) reads @ chr20:5000000-10000000
ForkPoolWorker-38 countReadsInRegions_worker: processing 5000000 (5984657.3 per sec) @ chr20:5000000-10000000
ForkPoolWorker-38,  processing 785 (73843.4 per sec) reads @ chr1:200000000-205000000
ForkPoolWorker-38 countReadsInRegions_worker: processing 5000000 (6842603.8 per sec) @ chr1:200000000-205000000
ForkPoolWorker-38,  processing 0 (0.0 per sec) reads @ chrUn_KI270522v1:0-5674
ForkPoolWorker-38 countReadsInRegions_worker: processing 5674 (450174.6 per sec) @ chrUn_KI270522v1:0-5674
ForkPoolWorker-38,  processing 555 (78958.0 per sec) reads @ chr2:85000000-90000000
ForkPoolWorker-38 countReadsInRegions_worker: processing 5000000 (6968597.4 per sec) @ chr2:85000000-90000000
ForkPoolWorker-38,  processing 2 (3938.3 per sec) reads @ chr15_KI270727v1_random:0-448248
ForkPoolWorker-38 countReadsInRegions_worker: processing 448248 (5923758.4 per sec) @ chr15_KI270727v1_random:0-448248
ForkPoolWorker-38,  processing 0 (0.0 per sec) reads @ chrUn_GL000213v1:0-164239
ForkPoolWorker-38 countReadsInRegions_worker: processing 164239 (4707828.5 per sec) @ chrUn_GL000213v1:0-164239
ForkPoolWorker-38,  processing 1288 (86759.7 per sec) reads @ chr16:10000000-15000000
ForkPoolWorker-38 countReadsInRegions_worker: processing 5000000 (6918197.7 per sec) @ chr16:10000000-15000000
ForkPoolWorker-38,  processing 86 (44384.2 per sec) reads @ chr1:215000000-220000000
ForkPoolWorker-38 countReadsInRegions_worker: processing 5000000 (7026894.3 per sec) @ chr1:215000000-220000000
ForkPoolWorker-38,  processing 0 (0.0 per sec) reads @ chrUn_KI270384v1:0-1658
ForkPoolWorker-38 countReadsInRegions_worker: processing 1658 (134666.1 per sec) @ chrUn_KI270384v1:0-1658
ForkPoolWorker-38,  processing 0 (0.0 per sec) reads @ chrUn_KI270752v1:0-27745
ForkPoolWorker-38 countReadsInRegions_worker: processing 27745 (1817898.7 per sec) @ chrUn_KI270752v1:0-27745
ForkPoolWorker-38,  processing 1083 (74528.4 per sec) reads @ chr12:50000000-55000000
ForkPoolWorker-38 countReadsInRegions_worker: processing 5000000 (6903626.8 per sec) @ chr12:50000000-55000000
ForkPoolWorker-38,  processing 2431 (83207.7 per sec) reads @ chr19:40000000-45000000
ForkPoolWorker-38 countReadsInRegions_worker: processing 5000000 (6740692.1 per sec) @ chr19:40000000-45000000
ForkPoolWorker-38,  processing 489 (78579.9 per sec) reads @ chr13:75000000-80000000
ForkPoolWorker-38 countReadsInRegions_worker: processing 5000000 (6973159.8 per sec) @ chr13:75000000-80000000
ForkPoolWorker-38,  processing 23 (25420.0 per sec) reads @ chr13:60000000-65000000
ForkPoolWorker-38 countReadsInRegions_worker: processing 5000000 (7019266.9 per sec) @ chr13:60000000-65000000
ForkPoolWorker-38,  processing 464 (75746.6 per sec) reads @ chr5:140000000-145000000
ForkPoolWorker-38 countReadsInRegions_worker: processing 5000000 (6938661.0 per sec) @ chr5:140000000-145000000
ForkPoolWorker-38,  processing 246 (69739.7 per sec) reads @ chr16:5000000-10000000
ForkPoolWorker-38 countReadsInRegions_worker: processing 5000000 (6935625.1 per sec) @ chr16:5000000-10000000
ForkPoolWorker-41,  processing 17 (163.3 per sec) reads @ chrUn_GL000218v1:0-161147
ForkPoolWorker-41 countReadsInRegions_worker: processing 161147 (1176500.4 per sec) @ chrUn_GL000218v1:0-161147
ForkPoolWorker-41,  processing 1966 (94873.2 per sec) reads @ chr8:20000000-25000000
ForkPoolWorker-41 countReadsInRegions_worker: processing 5000000 (7398499.4 per sec) @ chr8:20000000-25000000
ForkPoolWorker-41,  processing 248 (68039.5 per sec) reads @ chr2:30000000-35000000
ForkPoolWorker-41 countReadsInRegions_worker: processing 5000000 (7020213.9 per sec) @ chr2:30000000-35000000
ForkPoolWorker-41,  processing 0 (0.0 per sec) reads @ chrY:45000000-50000000
ForkPoolWorker-41 countReadsInRegions_worker: processing 5000000 (7046135.9 per sec) @ chrY:45000000-50000000
ForkPoolWorker-41,  processing 1715 (81419.3 per sec) reads @ chr1:40000000-45000000
ForkPoolWorker-41 countReadsInRegions_worker: processing 5000000 (6838881.8 per sec) @ chr1:40000000-45000000
ForkPoolWorker-41,  processing 421 (82448.6 per sec) reads @ chr5:145000000-150000000
ForkPoolWorker-41 countReadsInRegions_worker: processing 5000000 (6995977.5 per sec) @ chr5:145000000-150000000
ForkPoolWorker-41,  processing 178 (68187.6 per sec) reads @ chr2:165000000-170000000
ForkPoolWorker-41 countReadsInRegions_worker: processing 5000000 (7031071.3 per sec) @ chr2:165000000-170000000
ForkPoolWorker-41,  processing 0 (0.0 per sec) reads @ chrUn_KI270538v1:0-91309
ForkPoolWorker-41 countReadsInRegions_worker: processing 91309 (3754094.5 per sec) @ chrUn_KI270538v1:0-91309
ForkPoolWorker-41,  processing 4 (7876.6 per sec) reads @ chr11:50000000-55000000
ForkPoolWorker-41 countReadsInRegions_worker: processing 5000000 (7046521.8 per sec) @ chr11:50000000-55000000
ForkPoolWorker-41,  processing 517 (75471.8 per sec) reads @ chr1:205000000-210000000
ForkPoolWorker-41 countReadsInRegions_worker: processing 5000000 (6994549.5 per sec) @ chr1:205000000-210000000
ForkPoolWorker-41,  processing 677 (93280.2 per sec) reads @ chr2:75000000-80000000
ForkPoolWorker-41 countReadsInRegions_worker: processing 5000000 (6997170.3 per sec) @ chr2:75000000-80000000
ForkPoolWorker-41,  processing 0 (0.0 per sec) reads @ chrUn_KI270329v1:0-1040
ForkPoolWorker-41 countReadsInRegions_worker: processing 1040 (88381.6 per sec) @ chrUn_KI270329v1:0-1040
ForkPoolWorker-41,  processing 0 (0.0 per sec) reads @ chrUn_KI270375v1:0-2378
ForkPoolWorker-41 countReadsInRegions_worker: processing 2378 (212743.5 per sec) @ chrUn_KI270375v1:0-2378
ForkPoolWorker-41,  processing 758 (74145.4 per sec) reads @ chr9:110000000-115000000
ForkPoolWorker-41 countReadsInRegions_worker: processing 5000000 (6945598.7 per sec) @ chr9:110000000-115000000
ForkPoolWorker-41,  processing 171 (59600.0 per sec) reads @ chr11:110000000-115000000
ForkPoolWorker-41 countReadsInRegions_worker: processing 5000000 (7017787.1 per sec) @ chr11:110000000-115000000
ForkPoolWorker-41,  processing 1117 (84143.7 per sec) reads @ chr2:70000000-75000000
ForkPoolWorker-41 countReadsInRegions_worker: processing 5000000 (7201466.4 per sec) @ chr2:70000000-75000000
ForkPoolWorker-18,  processing 160 (1389.7 per sec) reads @ chr5:105000000-110000000
ForkPoolWorker-18 countReadsInRegions_worker: processing 5000000 (5890955.8 per sec) @ chr5:105000000-110000000
ForkPoolWorker-18,  processing 619 (75810.3 per sec) reads @ chr1:110000000-115000000
ForkPoolWorker-18 countReadsInRegions_worker: processing 5000000 (7009825.7 per sec) @ chr1:110000000-115000000
ForkPoolWorker-18,  processing 583 (86672.1 per sec) reads @ chr14:45000000-50000000
ForkPoolWorker-18 countReadsInRegions_worker: processing 5000000 (7009300.9 per sec) @ chr14:45000000-50000000
ForkPoolWorker-18,  processing 0 (0.0 per sec) reads @ chrUn_KI270582v1:0-6504
ForkPoolWorker-18 countReadsInRegions_worker: processing 6504 (532381.4 per sec) @ chrUn_KI270582v1:0-6504
ForkPoolWorker-18,  processing 0 (0.0 per sec) reads @ chrUn_KI270429v1:0-1361
ForkPoolWorker-18 countReadsInRegions_worker: processing 1361 (121720.5 per sec) @ chrUn_KI270429v1:0-1361
ForkPoolWorker-18,  processing 298 (69659.6 per sec) reads @ chr18:45000000-50000000
ForkPoolWorker-18 countReadsInRegions_worker: processing 5000000 (7063603.2 per sec) @ chr18:45000000-50000000
ForkPoolWorker-18,  processing 38 (30697.9 per sec) reads @ chr2:140000000-145000000
ForkPoolWorker-18 countReadsInRegions_worker: processing 5000000 (7099402.0 per sec) @ chr2:140000000-145000000
ForkPoolWorker-18,  processing 185 (62647.0 per sec) reads @ chr4:85000000-90000000
ForkPoolWorker-18 countReadsInRegions_worker: processing 5000000 (7059078.6 per sec) @ chr4:85000000-90000000
ForkPoolWorker-18,  processing 305 (75105.0 per sec) reads @ chr6:20000000-25000000
ForkPoolWorker-18 countReadsInRegions_worker: processing 5000000 (7077558.3 per sec) @ chr6:20000000-25000000
ForkPoolWorker-18,  processing 80 (51949.9 per sec) reads @ chr10:50000000-55000000
ForkPoolWorker-18 countReadsInRegions_worker: processing 5000000 (7076252.0 per sec) @ chr10:50000000-55000000
ForkPoolWorker-18,  processing 82427 (104380.0 per sec) reads @ chr1_KI270713v1_random:0-40745
ForkPoolWorker-18 countReadsInRegions_worker: processing 40745 (50550.0 per sec) @ chr1_KI270713v1_random:0-40745
ForkPoolWorker-18,  processing 5473 (103904.6 per sec) reads @ chr6:50000000-55000000
ForkPoolWorker-18 countReadsInRegions_worker: processing 5000000 (6558863.5 per sec) @ chr6:50000000-55000000
ForkPoolWorker-18,  processing 217 (66742.2 per sec) reads @ chr7:20000000-25000000
ForkPoolWorker-18 countReadsInRegions_worker: processing 5000000 (7010945.9 per sec) @ chr7:20000000-25000000
ForkPoolWorker-18,  processing 396 (74669.3 per sec) reads @ chr2:170000000-175000000
ForkPoolWorker-18 countReadsInRegions_worker: processing 5000000 (6981860.8 per sec) @ chr2:170000000-175000000
ForkPoolWorker-18,  processing 350 (71474.1 per sec) reads @ chr3:5000000-10000000
ForkPoolWorker-18 countReadsInRegions_worker: processing 5000000 (8095021.0 per sec) @ chr3:5000000-10000000
ForkPoolWorker-18,  processing 1065 (86929.0 per sec) reads @ chr2:230000000-235000000
ForkPoolWorker-18 countReadsInRegions_worker: processing 5000000 (8056933.1 per sec) @ chr2:230000000-235000000
ForkPoolWorker-21,  processing 3849 (24814.2 per sec) reads @ chr16:30000000-35000000
ForkPoolWorker-21 countReadsInRegions_worker: processing 5000000 (5650860.9 per sec) @ chr16:30000000-35000000
ForkPoolWorker-21,  processing 4789 (89115.8 per sec) reads @ chr12:120000000-125000000
ForkPoolWorker-21 countReadsInRegions_worker: processing 5000000 (6486737.9 per sec) @ chr12:120000000-125000000
ForkPoolWorker-21,  processing 341 (75691.0 per sec) reads @ chrX:110000000-115000000
ForkPoolWorker-21 countReadsInRegions_worker: processing 5000000 (6940380.9 per sec) @ chrX:110000000-115000000
ForkPoolWorker-21,  processing 329 (75724.4 per sec) reads @ chr18:5000000-10000000
ForkPoolWorker-21 countReadsInRegions_worker: processing 5000000 (6976219.4 per sec) @ chr18:5000000-10000000
ForkPoolWorker-21,  processing 134 (55996.5 per sec) reads @ chr4:150000000-155000000
ForkPoolWorker-21 countReadsInRegions_worker: processing 5000000 (6995403.4 per sec) @ chr4:150000000-155000000
ForkPoolWorker-21,  processing 0 (0.0 per sec) reads @ chrUn_KI270338v1:0-1428
ForkPoolWorker-21 countReadsInRegions_worker: processing 1428 (117482.0 per sec) @ chrUn_KI270338v1:0-1428
ForkPoolWorker-21,  processing 110 (53554.7 per sec) reads @ chr13:90000000-95000000
ForkPoolWorker-21 countReadsInRegions_worker: processing 5000000 (6983304.6 per sec) @ chr13:90000000-95000000
ForkPoolWorker-21,  processing 239067 (105417.1 per sec) reads @ chr1:145000000-150000000
ForkPoolWorker-21 countReadsInRegions_worker: processing 5000000 (1685175.1 per sec) @ chr1:145000000-150000000
ForkPoolWorker-21,  processing 1256 (89832.5 per sec) reads @ chr6:0-5000000
ForkPoolWorker-21 countReadsInRegions_worker: processing 5000000 (7008645.0 per sec) @ chr6:0-5000000
ForkPoolWorker-21,  processing 1227 (85683.5 per sec) reads @ chr14:105000000-107043718
ForkPoolWorker-21 countReadsInRegions_worker: processing 2043718 (6633541.1 per sec) @ chr14:105000000-107043718
ForkPoolWorker-21,  processing 0 (0.0 per sec) reads @ chrUn_KI270519v1:0-138126
ForkPoolWorker-21 countReadsInRegions_worker: processing 138126 (4524840.2 per sec) @ chrUn_KI270519v1:0-138126
ForkPoolWorker-21,  processing 148 (62368.8 per sec) reads @ chr3:165000000-170000000
ForkPoolWorker-21 countReadsInRegions_worker: processing 5000000 (7073829.3 per sec) @ chr3:165000000-170000000
ForkPoolWorker-21,  processing 232 (65553.7 per sec) reads @ chr6:135000000-140000000
ForkPoolWorker-21 countReadsInRegions_worker: processing 5000000 (7045797.4 per sec) @ chr6:135000000-140000000
ForkPoolWorker-21,  processing 903 (85293.5 per sec) reads @ chr7:25000000-30000000
ForkPoolWorker-21 countReadsInRegions_worker: processing 5000000 (8018211.5 per sec) @ chr7:25000000-30000000
ForkPoolWorker-21,  processing 194 (76260.1 per sec) reads @ chr7:90000000-95000000
ForkPoolWorker-21 countReadsInRegions_worker: processing 5000000 (8191539.2 per sec) @ chr7:90000000-95000000
ForkPoolWorker-21,  processing 985 (100391.0 per sec) reads @ chr11:120000000-125000000
ForkPoolWorker-21 countReadsInRegions_worker: processing 5000000 (8156043.3 per sec) @ chr11:120000000-125000000
ForkPoolWorker-46,  processing 4901 (26322.7 per sec) reads @ chr7:0-5000000
ForkPoolWorker-46 countReadsInRegions_worker: processing 5000000 (5575690.2 per sec) @ chr7:0-5000000
ForkPoolWorker-46,  processing 128 (58828.7 per sec) reads @ chr13:70000000-75000000
ForkPoolWorker-46 countReadsInRegions_worker: processing 5000000 (7010039.0 per sec) @ chr13:70000000-75000000
ForkPoolWorker-46,  processing 468 (77135.1 per sec) reads @ chr12:115000000-120000000
ForkPoolWorker-46 countReadsInRegions_worker: processing 5000000 (6992902.9 per sec) @ chr12:115000000-120000000
ForkPoolWorker-46,  processing 0 (0.0 per sec) reads @ chrUn_KI270395v1:0-1143
ForkPoolWorker-46 countReadsInRegions_worker: processing 1143 (94279.0 per sec) @ chrUn_KI270395v1:0-1143
ForkPoolWorker-46,  processing 0 (0.0 per sec) reads @ chrUn_KI270374v1:0-2656
ForkPoolWorker-46 countReadsInRegions_worker: processing 2656 (213313.3 per sec) @ chrUn_KI270374v1:0-2656
ForkPoolWorker-46,  processing 1434 (78734.8 per sec) reads @ chr17:45000000-50000000
ForkPoolWorker-46 countReadsInRegions_worker: processing 5000000 (6847217.2 per sec) @ chr17:45000000-50000000
ForkPoolWorker-46,  processing 105 (55243.6 per sec) reads @ chr1:75000000-80000000
ForkPoolWorker-46 countReadsInRegions_worker: processing 5000000 (7007757.4 per sec) @ chr1:75000000-80000000
ForkPoolWorker-46,  processing 296 (73645.4 per sec) reads @ chr3:30000000-35000000
ForkPoolWorker-46 countReadsInRegions_worker: processing 5000000 (6978494.4 per sec) @ chr3:30000000-35000000
ForkPoolWorker-46,  processing 240 (66677.7 per sec) reads @ chr7:45000000-50000000
ForkPoolWorker-46 countReadsInRegions_worker: processing 5000000 (6985956.5 per sec) @ chr7:45000000-50000000
ForkPoolWorker-46,  processing 25 (28324.6 per sec) reads @ chr14:40000000-45000000
ForkPoolWorker-46 countReadsInRegions_worker: processing 5000000 (7040054.6 per sec) @ chr14:40000000-45000000
ForkPoolWorker-46,  processing 1649 (83204.9 per sec) reads @ chr16:65000000-70000000
ForkPoolWorker-46 countReadsInRegions_worker: processing 5000000 (6839122.7 per sec) @ chr16:65000000-70000000
ForkPoolWorker-46,  processing 408 (79383.8 per sec) reads @ chr13:40000000-45000000
ForkPoolWorker-46 countReadsInRegions_worker: processing 5000000 (6987504.4 per sec) @ chr13:40000000-45000000
ForkPoolWorker-46,  processing 1308 (94500.8 per sec) reads @ chr5:70000000-75000000
ForkPoolWorker-46 countReadsInRegions_worker: processing 5000000 (6891213.5 per sec) @ chr5:70000000-75000000
ForkPoolWorker-46,  processing 479527 (104811.7 per sec) reads @ chr21:5000000-10000000
ForkPoolWorker-46 countReadsInRegions_worker: processing 5000000 (965130.9 per sec) @ chr21:5000000-10000000
ForkPoolWorker-46,  processing 351 (77565.9 per sec) reads @ chr6:150000000-155000000
ForkPoolWorker-46 countReadsInRegions_worker: processing 5000000 (8189242.5 per sec) @ chr6:150000000-155000000
ForkPoolWorker-46,  processing 4 (9614.5 per sec) reads @ chr1_KI270714v1_random:0-41717
ForkPoolWorker-46 countReadsInRegions_worker: processing 41717 (2757490.1 per sec) @ chr1_KI270714v1_random:0-41717
ForkPoolWorker-25,  processing 300 (2787.6 per sec) reads @ chr2:120000000-125000000
ForkPoolWorker-25 countReadsInRegions_worker: processing 5000000 (5950481.5 per sec) @ chr2:120000000-125000000
ForkPoolWorker-25,  processing 22 (17466.3 per sec) reads @ chr13:55000000-60000000
ForkPoolWorker-25 countReadsInRegions_worker: processing 5000000 (6786710.8 per sec) @ chr13:55000000-60000000
ForkPoolWorker-25,  processing 608 (76929.5 per sec) reads @ chr14:90000000-95000000
ForkPoolWorker-25 countReadsInRegions_worker: processing 5000000 (6988624.4 per sec) @ chr14:90000000-95000000
ForkPoolWorker-25,  processing 5323 (87731.9 per sec) reads @ chr19:45000000-50000000
ForkPoolWorker-25 countReadsInRegions_worker: processing 5000000 (6478081.8 per sec) @ chr19:45000000-50000000
ForkPoolWorker-25,  processing 0 (0.0 per sec) reads @ chr14:0-5000000
ForkPoolWorker-25 countReadsInRegions_worker: processing 5000000 (7001478.0 per sec) @ chr14:0-5000000
ForkPoolWorker-25,  processing 146 (54177.5 per sec) reads @ chr15:20000000-25000000
ForkPoolWorker-25 countReadsInRegions_worker: processing 5000000 (7019438.5 per sec) @ chr15:20000000-25000000
ForkPoolWorker-25,  processing 162 (57074.9 per sec) reads @ chr9:20000000-25000000
ForkPoolWorker-25 countReadsInRegions_worker: processing 5000000 (7029826.8 per sec) @ chr9:20000000-25000000
ForkPoolWorker-25,  processing 255 (64295.0 per sec) reads @ chr3:120000000-125000000
ForkPoolWorker-25 countReadsInRegions_worker: processing 5000000 (7025604.2 per sec) @ chr3:120000000-125000000
ForkPoolWorker-25,  processing 378 (76477.1 per sec) reads @ chr6:85000000-90000000
ForkPoolWorker-25 countReadsInRegions_worker: processing 5000000 (6989644.6 per sec) @ chr6:85000000-90000000
ForkPoolWorker-25,  processing 95 (52031.7 per sec) reads @ chr4:170000000-175000000
ForkPoolWorker-25 countReadsInRegions_worker: processing 5000000 (7007300.8 per sec) @ chr4:170000000-175000000
ForkPoolWorker-25,  processing 343 (69796.5 per sec) reads @ chr8:40000000-45000000
ForkPoolWorker-25 countReadsInRegions_worker: processing 5000000 (6992716.4 per sec) @ chr8:40000000-45000000
ForkPoolWorker-25,  processing 189 (64334.0 per sec) reads @ chr5:30000000-35000000
ForkPoolWorker-25 countReadsInRegions_worker: processing 5000000 (7615838.1 per sec) @ chr5:30000000-35000000
ForkPoolWorker-4,  processing 27 (226.7 per sec) reads @ chr4:160000000-165000000
ForkPoolWorker-4 countReadsInRegions_worker: processing 5000000 (5794241.2 per sec) @ chr4:160000000-165000000
ForkPoolWorker-4,  processing 0 (0.0 per sec) reads @ chrUn_KI270521v1:0-7642
ForkPoolWorker-4 countReadsInRegions_worker: processing 7642 (395138.8 per sec) @ chrUn_KI270521v1:0-7642
ForkPoolWorker-4,  processing 102 (40971.0 per sec) reads @ chr6:170000000-170805979
ForkPoolWorker-4 countReadsInRegions_worker: processing 805979 (6378606.2 per sec) @ chr6:170000000-170805979
ForkPoolWorker-4,  processing 530 (73242.4 per sec) reads @ chr14:70000000-75000000
ForkPoolWorker-4 countReadsInRegions_worker: processing 5000000 (6900739.5 per sec) @ chr14:70000000-75000000
ForkPoolWorker-4,  processing 20 (22399.5 per sec) reads @ chrY:5000000-10000000
ForkPoolWorker-4 countReadsInRegions_worker: processing 5000000 (7018224.0 per sec) @ chrY:5000000-10000000
ForkPoolWorker-4,  processing 6391 (97007.9 per sec) reads @ chr1:225000000-230000000
ForkPoolWorker-4 countReadsInRegions_worker: processing 5000000 (6486465.1 per sec) @ chr1:225000000-230000000
ForkPoolWorker-4,  processing 0 (0.0 per sec) reads @ chrUn_KI270315v1:0-2276
ForkPoolWorker-4 countReadsInRegions_worker: processing 2276 (190833.1 per sec) @ chrUn_KI270315v1:0-2276
ForkPoolWorker-4,  processing 180 (62020.4 per sec) reads @ chr5:75000000-80000000
ForkPoolWorker-4 countReadsInRegions_worker: processing 5000000 (7063186.9 per sec) @ chr5:75000000-80000000
ForkPoolWorker-4,  processing 0 (0.0 per sec) reads @ chrUn_KI270529v1:0-1899
ForkPoolWorker-4 countReadsInRegions_worker: processing 1899 (156311.0 per sec) @ chrUn_KI270529v1:0-1899
ForkPoolWorker-4,  processing 370 (77490.0 per sec) reads @ chr6:5000000-10000000
ForkPoolWorker-4 countReadsInRegions_worker: processing 5000000 (7009036.2 per sec) @ chr6:5000000-10000000
ForkPoolWorker-4,  processing 67 (43240.2 per sec) reads @ chr8:15000000-20000000
ForkPoolWorker-4 countReadsInRegions_worker: processing 5000000 (7050762.5 per sec) @ chr8:15000000-20000000
ForkPoolWorker-4,  processing 878 (80451.8 per sec) reads @ chr7:145000000-150000000
ForkPoolWorker-4 countReadsInRegions_worker: processing 5000000 (6942931.4 per sec) @ chr7:145000000-150000000
ForkPoolWorker-4,  processing 2318 (81761.3 per sec) reads @ chr22:20000000-25000000
ForkPoolWorker-4 countReadsInRegions_worker: processing 5000000 (6795817.8 per sec) @ chr22:20000000-25000000
ForkPoolWorker-4,  processing 84 (23280.1 per sec) reads @ chr4:30000000-35000000
ForkPoolWorker-4 countReadsInRegions_worker: processing 5000000 (6995487.5 per sec) @ chr4:30000000-35000000
ForkPoolWorker-4,  processing 49 (41285.8 per sec) reads @ chr6:60000000-65000000
ForkPoolWorker-4 countReadsInRegions_worker: processing 5000000 (7015561.6 per sec) @ chr6:60000000-65000000
ForkPoolWorker-4,  processing 257 (76454.8 per sec) reads @ chr2:50000000-55000000
ForkPoolWorker-4 countReadsInRegions_worker: processing 5000000 (7962330.3 per sec) @ chr2:50000000-55000000
ForkPoolWorker-43,  processing 0 (0.0 per sec) reads @ chrUn_KI270588v1:0-6158
ForkPoolWorker-43 countReadsInRegions_worker: processing 6158 (72760.7 per sec) @ chrUn_KI270588v1:0-6158
ForkPoolWorker-43,  processing 663 (33978.8 per sec) reads @ chr7:95000000-100000000
ForkPoolWorker-43 countReadsInRegions_worker: processing 5000000 (6630998.3 per sec) @ chr7:95000000-100000000
ForkPoolWorker-43,  processing 1167 (96135.8 per sec) reads @ chr12:125000000-130000000
ForkPoolWorker-43 countReadsInRegions_worker: processing 5000000 (6903281.4 per sec) @ chr12:125000000-130000000
ForkPoolWorker-43,  processing 55 (43006.5 per sec) reads @ chr8:85000000-90000000
ForkPoolWorker-43 countReadsInRegions_worker: processing 5000000 (7076337.9 per sec) @ chr8:85000000-90000000
ForkPoolWorker-43,  processing 978 (77312.2 per sec) reads @ chr1:10000000-15000000
ForkPoolWorker-43 countReadsInRegions_worker: processing 5000000 (6890828.5 per sec) @ chr1:10000000-15000000
ForkPoolWorker-43,  processing 203 (64788.0 per sec) reads @ chr8:70000000-75000000
ForkPoolWorker-43 countReadsInRegions_worker: processing 5000000 (7001821.6 per sec) @ chr8:70000000-75000000
ForkPoolWorker-43,  processing 4572 (89391.9 per sec) reads @ chr20:60000000-64444167
ForkPoolWorker-43 countReadsInRegions_worker: processing 4444167 (6471071.7 per sec) @ chr20:60000000-64444167
ForkPoolWorker-43,  processing 50 (39301.9 per sec) reads @ chr7:80000000-85000000
ForkPoolWorker-43 countReadsInRegions_worker: processing 5000000 (7044730.0 per sec) @ chr7:80000000-85000000
ForkPoolWorker-43,  processing 141 (60843.3 per sec) reads @ chr6:80000000-85000000
ForkPoolWorker-43 countReadsInRegions_worker: processing 5000000 (7036407.5 per sec) @ chr6:80000000-85000000
ForkPoolWorker-43,  processing 4361 (84719.5 per sec) reads @ chr19:10000000-15000000
ForkPoolWorker-43 countReadsInRegions_worker: processing 5000000 (6592508.2 per sec) @ chr19:10000000-15000000
ForkPoolWorker-43,  processing 0 (0.0 per sec) reads @ chr9:50000000-55000000
ForkPoolWorker-43 countReadsInRegions_worker: processing 5000000 (7039801.7 per sec) @ chr9:50000000-55000000
ForkPoolWorker-43,  processing 0 (0.0 per sec) reads @ chrUn_KI270749v1:0-158759
ForkPoolWorker-43 countReadsInRegions_worker: processing 158759 (4712918.3 per sec) @ chrUn_KI270749v1:0-158759
ForkPoolWorker-43,  processing 9 (12524.5 per sec) reads @ chr8:110000000-115000000
ForkPoolWorker-43 countReadsInRegions_worker: processing 5000000 (6989132.1 per sec) @ chr8:110000000-115000000
ForkPoolWorker-43,  processing 2452 (91321.4 per sec) reads @ chr16:25000000-30000000
ForkPoolWorker-43 countReadsInRegions_worker: processing 5000000 (7852898.9 per sec) @ chr16:25000000-30000000
ForkPoolWorker-43,  processing 96 (56291.5 per sec) reads @ chr4:125000000-130000000
ForkPoolWorker-43 countReadsInRegions_worker: processing 5000000 (8211524.8 per sec) @ chr4:125000000-130000000
ForkPoolWorker-43,  processing 0 (0.0 per sec) reads @ chr14:10000000-15000000
ForkPoolWorker-43 countReadsInRegions_worker: processing 5000000 (8277350.5 per sec) @ chr14:10000000-15000000
ForkPoolWorker-10,  processing 246 (1965.3 per sec) reads @ chrX:100000000-105000000
ForkPoolWorker-10 countReadsInRegions_worker: processing 5000000 (5658734.8 per sec) @ chrX:100000000-105000000
ForkPoolWorker-10,  processing 1871 (97060.6 per sec) reads @ chr5:180000000-181538259
ForkPoolWorker-10 countReadsInRegions_worker: processing 1538259 (6278360.6 per sec) @ chr5:180000000-181538259
ForkPoolWorker-10,  processing 8 (8178.0 per sec) reads @ chr1_KI270706v1_random:0-175055
ForkPoolWorker-10 countReadsInRegions_worker: processing 175055 (3941137.3 per sec) @ chr1_KI270706v1_random:0-175055
ForkPoolWorker-10,  processing 70 (45918.2 per sec) reads @ chr9:40000000-45000000
ForkPoolWorker-10 countReadsInRegions_worker: processing 5000000 (7098414.4 per sec) @ chr9:40000000-45000000
ForkPoolWorker-10,  processing 910 (75774.1 per sec) reads @ chr15:40000000-45000000
ForkPoolWorker-10 countReadsInRegions_worker: processing 5000000 (6971884.8 per sec) @ chr15:40000000-45000000
ForkPoolWorker-10,  processing 44 (39705.1 per sec) reads @ chrX:140000000-145000000
ForkPoolWorker-10 countReadsInRegions_worker: processing 5000000 (7130994.4 per sec) @ chrX:140000000-145000000
ForkPoolWorker-10,  processing 500 (75904.0 per sec) reads @ chr9:30000000-35000000
ForkPoolWorker-10 countReadsInRegions_worker: processing 5000000 (7048703.1 per sec) @ chr9:30000000-35000000
ForkPoolWorker-10,  processing 145 (65352.9 per sec) reads @ chr18:60000000-65000000
ForkPoolWorker-10 countReadsInRegions_worker: processing 5000000 (7103574.3 per sec) @ chr18:60000000-65000000
ForkPoolWorker-10,  processing 15 (26546.2 per sec) reads @ chrUn_GL000224v1:0-179693
ForkPoolWorker-10 countReadsInRegions_worker: processing 179693 (4958108.7 per sec) @ chrUn_GL000224v1:0-179693
ForkPoolWorker-10,  processing 28 (30051.3 per sec) reads @ chrX:90000000-95000000
ForkPoolWorker-10 countReadsInRegions_worker: processing 5000000 (7120619.4 per sec) @ chrX:90000000-95000000
ForkPoolWorker-10,  processing 0 (0.0 per sec) reads @ chrUn_KI270312v1:0-998
ForkPoolWorker-10 countReadsInRegions_worker: processing 998 (82678.2 per sec) @ chrUn_KI270312v1:0-998
ForkPoolWorker-10,  processing 89 (63658.4 per sec) reads @ chr16:90000000-90338345
ForkPoolWorker-10 countReadsInRegions_worker: processing 338345 (5719935.8 per sec) @ chr16:90000000-90338345
ForkPoolWorker-10,  processing 357 (74200.5 per sec) reads @ chr2:60000000-65000000
ForkPoolWorker-10 countReadsInRegions_worker: processing 5000000 (7089221.7 per sec) @ chr2:60000000-65000000
ForkPoolWorker-10,  processing 412 (69612.2 per sec) reads @ chr1:45000000-50000000
ForkPoolWorker-10 countReadsInRegions_worker: processing 5000000 (7065861.7 per sec) @ chr1:45000000-50000000
ForkPoolWorker-10,  processing 85 (57271.6 per sec) reads @ chrX:155000000-156040895
ForkPoolWorker-10 countReadsInRegions_worker: processing 1040895 (6628311.3 per sec) @ chrX:155000000-156040895
ForkPoolWorker-10,  processing 0 (0.0 per sec) reads @ chrUn_KI270334v1:0-1368
ForkPoolWorker-10 countReadsInRegions_worker: processing 1368 (116023.1 per sec) @ chrUn_KI270334v1:0-1368
ForkPoolWorker-10,  processing 0 (0.0 per sec) reads @ chrUn_KI270340v1:0-1428
ForkPoolWorker-10 countReadsInRegions_worker: processing 1428 (130606.1 per sec) @ chrUn_KI270340v1:0-1428
ForkPoolWorker-10,  processing 694 (80738.0 per sec) reads @ chr7:75000000-80000000
ForkPoolWorker-10 countReadsInRegions_worker: processing 5000000 (7038632.1 per sec) @ chr7:75000000-80000000
ForkPoolWorker-10,  processing 1280 (84698.7 per sec) reads @ chr15:70000000-75000000
ForkPoolWorker-10 countReadsInRegions_worker: processing 5000000 (7078575.9 per sec) @ chr15:70000000-75000000
ForkPoolWorker-10,  processing 63 (52098.0 per sec) reads @ chr9:10000000-15000000
ForkPoolWorker-10 countReadsInRegions_worker: processing 5000000 (8200995.5 per sec) @ chr9:10000000-15000000
ForkPoolWorker-35,  processing 83 (784.5 per sec) reads @ chr1:70000000-75000000
ForkPoolWorker-35 countReadsInRegions_worker: processing 5000000 (6026212.3 per sec) @ chr1:70000000-75000000
ForkPoolWorker-35,  processing 424 (83692.6 per sec) reads @ chr5:5000000-10000000
ForkPoolWorker-35 countReadsInRegions_worker: processing 5000000 (6919571.8 per sec) @ chr5:5000000-10000000
ForkPoolWorker-35,  processing 85 (49598.8 per sec) reads @ chr7:15000000-20000000
ForkPoolWorker-35 countReadsInRegions_worker: processing 5000000 (6952527.3 per sec) @ chr7:15000000-20000000
ForkPoolWorker-35,  processing 0 (0.0 per sec) reads @ chrUn_KI270322v1:0-21476
ForkPoolWorker-35 countReadsInRegions_worker: processing 21476 (1370928.7 per sec) @ chrUn_KI270322v1:0-21476
ForkPoolWorker-35,  processing 951 (79726.2 per sec) reads @ chr10:75000000-80000000
ForkPoolWorker-35 countReadsInRegions_worker: processing 5000000 (6916057.6 per sec) @ chr10:75000000-80000000
ForkPoolWorker-35,  processing 60 (44955.0 per sec) reads @ chr1:190000000-195000000
ForkPoolWorker-35 countReadsInRegions_worker: processing 5000000 (6993959.4 per sec) @ chr1:190000000-195000000
ForkPoolWorker-35,  processing 307 (70217.7 per sec) reads @ chr16:75000000-80000000
ForkPoolWorker-35 countReadsInRegions_worker: processing 5000000 (6998225.7 per sec) @ chr16:75000000-80000000
ForkPoolWorker-35,  processing 0 (0.0 per sec) reads @ chrUn_KI270376v1:0-1136
ForkPoolWorker-35 countReadsInRegions_worker: processing 1136 (93039.3 per sec) @ chrUn_KI270376v1:0-1136
ForkPoolWorker-35,  processing 24 (32315.7 per sec) reads @ chr14_GL000194v1_random:0-191469
ForkPoolWorker-35 countReadsInRegions_worker: processing 191469 (4906637.6 per sec) @ chr14_GL000194v1_random:0-191469
ForkPoolWorker-35,  processing 1397 (83187.0 per sec) reads @ chr7:150000000-155000000
ForkPoolWorker-35 countReadsInRegions_worker: processing 5000000 (6881772.4 per sec) @ chr7:150000000-155000000
ForkPoolWorker-35,  processing 1813 (78589.0 per sec) reads @ chr3:50000000-55000000
ForkPoolWorker-35 countReadsInRegions_worker: processing 5000000 (6824638.4 per sec) @ chr3:50000000-55000000
ForkPoolWorker-35,  processing 0 (0.0 per sec) reads @ chrUn_KI270466v1:0-1233
ForkPoolWorker-35 countReadsInRegions_worker: processing 1233 (102273.8 per sec) @ chrUn_KI270466v1:0-1233
ForkPoolWorker-35,  processing 299641 (98575.3 per sec) reads @ chr22_KI270733v1_random:0-179772
ForkPoolWorker-35 countReadsInRegions_worker: processing 179772 (58481.3 per sec) @ chr22_KI270733v1_random:0-179772
ForkPoolWorker-35,  processing 1337 (85298.6 per sec) reads @ chr1:35000000-40000000
ForkPoolWorker-35 countReadsInRegions_worker: processing 5000000 (6941653.6 per sec) @ chr1:35000000-40000000
ForkPoolWorker-35,  processing 2 (4029.1 per sec) reads @ chr11:135000000-135086622
ForkPoolWorker-35 countReadsInRegions_worker: processing 86622 (3683805.5 per sec) @ chr11:135000000-135086622
ForkPoolWorker-35,  processing 193 (82032.9 per sec) reads @ chr18:80000000-80373285
ForkPoolWorker-35 countReadsInRegions_worker: processing 373285 (5912676.3 per sec) @ chr18:80000000-80373285
ForkPoolWorker-35,  processing 12 (20092.5 per sec) reads @ chr22_KI270734v1_random:0-165050
ForkPoolWorker-35 countReadsInRegions_worker: processing 165050 (4917457.8 per sec) @ chr22_KI270734v1_random:0-165050
ForkPoolWorker-35,  processing 11 (18536.5 per sec) reads @ chr3:90000000-95000000
ForkPoolWorker-35 countReadsInRegions_worker: processing 5000000 (7046249.5 per sec) @ chr3:90000000-95000000
ForkPoolWorker-35,  processing 603 (81083.8 per sec) reads @ chr2:20000000-25000000
ForkPoolWorker-35 countReadsInRegions_worker: processing 5000000 (7289941.0 per sec) @ chr2:20000000-25000000
ForkPoolWorker-35,  processing 16 (25059.3 per sec) reads @ chr16:60000000-65000000
ForkPoolWorker-35 countReadsInRegions_worker: processing 5000000 (8150831.9 per sec) @ chr16:60000000-65000000
ForkPoolWorker-28,  processing 0 (0.0 per sec) reads @ chrUn_KI270366v1:0-8320
ForkPoolWorker-28 countReadsInRegions_worker: processing 8320 (92350.8 per sec) @ chrUn_KI270366v1:0-8320
ForkPoolWorker-28,  processing 10 (6437.9 per sec) reads @ chr16:35000000-40000000
ForkPoolWorker-28 countReadsInRegions_worker: processing 5000000 (6683055.0 per sec) @ chr16:35000000-40000000
ForkPoolWorker-28,  processing 987 (76720.8 per sec) reads @ chr11:115000000-120000000
ForkPoolWorker-28 countReadsInRegions_worker: processing 5000000 (6594539.7 per sec) @ chr11:115000000-120000000
ForkPoolWorker-28,  processing 166 (56555.5 per sec) reads @ chr4:55000000-60000000
ForkPoolWorker-28 countReadsInRegions_worker: processing 5000000 (6823856.7 per sec) @ chr4:55000000-60000000
ForkPoolWorker-28,  processing 1410 (85453.3 per sec) reads @ chr5:150000000-155000000
ForkPoolWorker-28 countReadsInRegions_worker: processing 5000000 (6689401.1 per sec) @ chr5:150000000-155000000
ForkPoolWorker-28,  processing 407 (72110.9 per sec) reads @ chr11:15000000-20000000
ForkPoolWorker-28 countReadsInRegions_worker: processing 5000000 (6778114.5 per sec) @ chr11:15000000-20000000
ForkPoolWorker-28,  processing 824 (77054.1 per sec) reads @ chr4:5000000-10000000
ForkPoolWorker-28 countReadsInRegions_worker: processing 5000000 (6742193.9 per sec) @ chr4:5000000-10000000
ForkPoolWorker-28,  processing 282 (66975.9 per sec) reads @ chr15:60000000-65000000
ForkPoolWorker-28 countReadsInRegions_worker: processing 5000000 (6826982.2 per sec) @ chr15:60000000-65000000
ForkPoolWorker-28,  processing 124 (54244.2 per sec) reads @ chr12:25000000-30000000
ForkPoolWorker-28 countReadsInRegions_worker: processing 5000000 (6830693.5 per sec) @ chr12:25000000-30000000
ForkPoolWorker-28,  processing 787 (79551.7 per sec) reads @ chr16:20000000-25000000
ForkPoolWorker-28 countReadsInRegions_worker: processing 5000000 (6768272.7 per sec) @ chr16:20000000-25000000
ForkPoolWorker-28,  processing 0 (0.0 per sec) reads @ chrUn_KI270741v1:0-157432
ForkPoolWorker-28 countReadsInRegions_worker: processing 157432 (4586813.5 per sec) @ chrUn_KI270741v1:0-157432
ForkPoolWorker-28,  processing 93 (47407.7 per sec) reads @ chr3:155000000-160000000
ForkPoolWorker-28 countReadsInRegions_worker: processing 5000000 (6844765.6 per sec) @ chr3:155000000-160000000
ForkPoolWorker-28,  processing 78 (44920.5 per sec) reads @ chr5:95000000-100000000
ForkPoolWorker-28 countReadsInRegions_worker: processing 5000000 (6843253.5 per sec) @ chr5:95000000-100000000
ForkPoolWorker-28,  processing 0 (0.0 per sec) reads @ chrUn_KI270418v1:0-2145
ForkPoolWorker-28 countReadsInRegions_worker: processing 2145 (196389.1 per sec) @ chrUn_KI270418v1:0-2145
ForkPoolWorker-28,  processing 615 (86647.5 per sec) reads @ chr13:95000000-100000000
ForkPoolWorker-28 countReadsInRegions_worker: processing 5000000 (7798168.1 per sec) @ chr13:95000000-100000000
ForkPoolWorker-28,  processing 0 (0.0 per sec) reads @ chrUn_KI270511v1:0-8127
ForkPoolWorker-28 countReadsInRegions_worker: processing 8127 (705751.9 per sec) @ chrUn_KI270511v1:0-8127
ForkPoolWorker-49,  processing 281 (2660.2 per sec) reads @ chr7:65000000-70000000
ForkPoolWorker-49 countReadsInRegions_worker: processing 5000000 (5952743.1 per sec) @ chr7:65000000-70000000
ForkPoolWorker-49,  processing 41 (27261.6 per sec) reads @ chr6:100000000-105000000
ForkPoolWorker-49 countReadsInRegions_worker: processing 5000000 (6975488.4 per sec) @ chr6:100000000-105000000
ForkPoolWorker-49,  processing 170 (58316.2 per sec) reads @ chr15:45000000-50000000
ForkPoolWorker-49 countReadsInRegions_worker: processing 5000000 (7015817.4 per sec) @ chr15:45000000-50000000
ForkPoolWorker-49,  processing 5527 (88861.8 per sec) reads @ chr1:0-5000000
ForkPoolWorker-49 countReadsInRegions_worker: processing 5000000 (6477583.5 per sec) @ chr1:0-5000000
ForkPoolWorker-49,  processing 0 (0.0 per sec) reads @ chrUn_KI270591v1:0-5796
ForkPoolWorker-49 countReadsInRegions_worker: processing 5796 (467413.7 per sec) @ chrUn_KI270591v1:0-5796
ForkPoolWorker-49,  processing 0 (0.0 per sec) reads @ chr13:5000000-10000000
ForkPoolWorker-49 countReadsInRegions_worker: processing 5000000 (7072946.6 per sec) @ chr13:5000000-10000000
ForkPoolWorker-49,  processing 336 (78172.1 per sec) reads @ chr15:95000000-100000000
ForkPoolWorker-49 countReadsInRegions_worker: processing 5000000 (7020587.5 per sec) @ chr15:95000000-100000000
ForkPoolWorker-49,  processing 84 (54370.6 per sec) reads @ chr19:25000000-30000000
ForkPoolWorker-49 countReadsInRegions_worker: processing 5000000 (7044128.9 per sec) @ chr19:25000000-30000000
ForkPoolWorker-49,  processing 0 (0.0 per sec) reads @ chrUn_KI270587v1:0-2969
ForkPoolWorker-49 countReadsInRegions_worker: processing 2969 (246445.4 per sec) @ chrUn_KI270587v1:0-2969
ForkPoolWorker-49,  processing 61 (45802.5 per sec) reads @ chr5:100000000-105000000
ForkPoolWorker-49 countReadsInRegions_worker: processing 5000000 (7054049.5 per sec) @ chr5:100000000-105000000
ForkPoolWorker-49,  processing 151 (61837.5 per sec) reads @ chr2:115000000-120000000
ForkPoolWorker-49 countReadsInRegions_worker: processing 5000000 (7038693.6 per sec) @ chr2:115000000-120000000
ForkPoolWorker-49,  processing 72 (47445.4 per sec) reads @ chr11:25000000-30000000
ForkPoolWorker-49 countReadsInRegions_worker: processing 5000000 (7049122.5 per sec) @ chr11:25000000-30000000
ForkPoolWorker-49,  processing 77 (45855.7 per sec) reads @ chr18:70000000-75000000
ForkPoolWorker-49 countReadsInRegions_worker: processing 5000000 (7057838.4 per sec) @ chr18:70000000-75000000
ForkPoolWorker-49,  processing 315 (73658.1 per sec) reads @ chr2:45000000-50000000
ForkPoolWorker-49 countReadsInRegions_worker: processing 5000000 (7517972.6 per sec) @ chr2:45000000-50000000
ForkPoolWorker-49,  processing 1443 (101038.0 per sec) reads @ chrX:105000000-110000000
ForkPoolWorker-49 countReadsInRegions_worker: processing 5000000 (7544686.5 per sec) @ chrX:105000000-110000000
ForkPoolWorker-49,  processing 1 (2369.7 per sec) reads @ chr9_KI270717v1_random:0-40062
ForkPoolWorker-49 countReadsInRegions_worker: processing 40062 (2649013.2 per sec) @ chr9_KI270717v1_random:0-40062
ForkPoolWorker-40,  processing 1185 (10986.8 per sec) reads @ chr12:95000000-100000000
ForkPoolWorker-40 countReadsInRegions_worker: processing 5000000 (5921222.7 per sec) @ chr12:95000000-100000000
ForkPoolWorker-40,  processing 103 (49702.4 per sec) reads @ chr9:70000000-75000000
ForkPoolWorker-40 countReadsInRegions_worker: processing 5000000 (7053878.7 per sec) @ chr9:70000000-75000000
ForkPoolWorker-40,  processing 29 (26001.5 per sec) reads @ chr13:65000000-70000000
ForkPoolWorker-40 countReadsInRegions_worker: processing 5000000 (7045458.9 per sec) @ chr13:65000000-70000000
ForkPoolWorker-40,  processing 158 (62702.2 per sec) reads @ chr4:145000000-150000000
ForkPoolWorker-40 countReadsInRegions_worker: processing 5000000 (7048302.7 per sec) @ chr4:145000000-150000000
ForkPoolWorker-40,  processing 122 (54298.1 per sec) reads @ chr4:165000000-170000000
ForkPoolWorker-40 countReadsInRegions_worker: processing 5000000 (7047345.9 per sec) @ chr4:165000000-170000000
ForkPoolWorker-40,  processing 757 (76850.7 per sec) reads @ chr15:65000000-70000000
ForkPoolWorker-40 countReadsInRegions_worker: processing 5000000 (6987292.5 per sec) @ chr15:65000000-70000000
ForkPoolWorker-40,  processing 85 (51970.2 per sec) reads @ chr3:160000000-165000000
ForkPoolWorker-40 countReadsInRegions_worker: processing 5000000 (7072753.4 per sec) @ chr3:160000000-165000000
ForkPoolWorker-40,  processing 64 (37517.2 per sec) reads @ chr4:120000000-125000000
ForkPoolWorker-40 countReadsInRegions_worker: processing 5000000 (7055725.1 per sec) @ chr4:120000000-125000000
ForkPoolWorker-40,  processing 0 (0.0 per sec) reads @ chr17_KI270729v1_random:0-280839
ForkPoolWorker-40 countReadsInRegions_worker: processing 280839 (5498460.2 per sec) @ chr17_KI270729v1_random:0-280839
ForkPoolWorker-40,  processing 0 (0.0 per sec) reads @ chrUn_KI270362v1:0-3530
ForkPoolWorker-40 countReadsInRegions_worker: processing 3530 (291655.5 per sec) @ chrUn_KI270362v1:0-3530
ForkPoolWorker-40,  processing 532 (75323.0 per sec) reads @ chr15:30000000-35000000
ForkPoolWorker-40 countReadsInRegions_worker: processing 5000000 (6994719.8 per sec) @ chr15:30000000-35000000
ForkPoolWorker-40,  processing 219 (68253.3 per sec) reads @ chr8:120000000-125000000
ForkPoolWorker-40 countReadsInRegions_worker: processing 5000000 (7011363.1 per sec) @ chr8:120000000-125000000
ForkPoolWorker-40,  processing 113 (56169.3 per sec) reads @ chr2:150000000-155000000
ForkPoolWorker-40 countReadsInRegions_worker: processing 5000000 (7023147.9 per sec) @ chr2:150000000-155000000
ForkPoolWorker-40,  processing 157 (68708.9 per sec) reads @ chr8:80000000-85000000
ForkPoolWorker-40 countReadsInRegions_worker: processing 5000000 (7977337.9 per sec) @ chr8:80000000-85000000
ForkPoolWorker-40,  processing 0 (0.0 per sec) reads @ chrUn_KI270379v1:0-1045
ForkPoolWorker-40 countReadsInRegions_worker: processing 1045 (100026.2 per sec) @ chrUn_KI270379v1:0-1045
ForkPoolWorker-40,  processing 274 (72939.8 per sec) reads @ chr2:100000000-105000000
ForkPoolWorker-40 countReadsInRegions_worker: processing 5000000 (8112883.5 per sec) @ chr2:100000000-105000000
ForkPoolWorker-1,  processing 941 (7317.1 per sec) reads @ chr15:85000000-90000000
ForkPoolWorker-1 countReadsInRegions_worker: processing 5000000 (5770439.6 per sec) @ chr15:85000000-90000000
ForkPoolWorker-1,  processing 760 (71403.6 per sec) reads @ chr19:30000000-35000000
ForkPoolWorker-1 countReadsInRegions_worker: processing 5000000 (6878190.4 per sec) @ chr19:30000000-35000000
ForkPoolWorker-1,  processing 0 (0.0 per sec) reads @ chrUn_KI270746v1:0-66486
ForkPoolWorker-1 countReadsInRegions_worker: processing 66486 (3192948.0 per sec) @ chrUn_KI270746v1:0-66486
ForkPoolWorker-1,  processing 183 (60980.2 per sec) reads @ chr7:55000000-60000000
ForkPoolWorker-1 countReadsInRegions_worker: processing 5000000 (6999905.2 per sec) @ chr7:55000000-60000000
ForkPoolWorker-1,  processing 219 (65396.0 per sec) reads @ chr2:65000000-70000000
ForkPoolWorker-1 countReadsInRegions_worker: processing 5000000 (6990173.5 per sec) @ chr2:65000000-70000000
ForkPoolWorker-1,  processing 173 (64602.4 per sec) reads @ chr10:40000000-45000000
ForkPoolWorker-1 countReadsInRegions_worker: processing 5000000 (7003886.4 per sec) @ chr10:40000000-45000000
ForkPoolWorker-1,  processing 21 (33137.8 per sec) reads @ chr1_KI270711v1_random:0-42210
ForkPoolWorker-1 countReadsInRegions_worker: processing 42210 (2468992.4 per sec) @ chr1_KI270711v1_random:0-42210
ForkPoolWorker-1,  processing 282 (66550.0 per sec) reads @ chr21:35000000-40000000
ForkPoolWorker-1 countReadsInRegions_worker: processing 5000000 (7007059.7 per sec) @ chr21:35000000-40000000
ForkPoolWorker-1,  processing 173 (61896.7 per sec) reads @ chr5:65000000-70000000
ForkPoolWorker-1 countReadsInRegions_worker: processing 5000000 (7005222.3 per sec) @ chr5:65000000-70000000
ForkPoolWorker-1,  processing 141 (60968.7 per sec) reads @ chrX:125000000-130000000
ForkPoolWorker-1 countReadsInRegions_worker: processing 5000000 (7038301.4 per sec) @ chrX:125000000-130000000
ForkPoolWorker-1,  processing 126 (54895.8 per sec) reads @ chr4:35000000-40000000
ForkPoolWorker-1 countReadsInRegions_worker: processing 5000000 (7035954.2 per sec) @ chr4:35000000-40000000
ForkPoolWorker-1,  processing 299 (76863.0 per sec) reads @ chr10:80000000-85000000
ForkPoolWorker-1 countReadsInRegions_worker: processing 5000000 (7019985.9 per sec) @ chr10:80000000-85000000
ForkPoolWorker-1,  processing 3309 (90164.6 per sec) reads @ chr22:50000000-50818468
ForkPoolWorker-1 countReadsInRegions_worker: processing 818468 (5022676.0 per sec) @ chr22:50000000-50818468
ForkPoolWorker-1,  processing 356 (67640.9 per sec) reads @ chr10:45000000-50000000
ForkPoolWorker-1 countReadsInRegions_worker: processing 5000000 (7007504.5 per sec) @ chr10:45000000-50000000
ForkPoolWorker-1,  processing 230 (75894.1 per sec) reads @ chr4:110000000-115000000
ForkPoolWorker-1 countReadsInRegions_worker: processing 5000000 (7988012.4 per sec) @ chr4:110000000-115000000
ForkPoolWorker-1,  processing 99 (59302.5 per sec) reads @ chr8:115000000-120000000
ForkPoolWorker-1 countReadsInRegions_worker: processing 5000000 (8094552.3 per sec) @ chr8:115000000-120000000
ForkPoolWorker-26,  processing 620 (6062.1 per sec) reads @ chr11:85000000-90000000
ForkPoolWorker-26 countReadsInRegions_worker: processing 5000000 (5970549.7 per sec) @ chr11:85000000-90000000
ForkPoolWorker-26,  processing 171 (58904.9 per sec) reads @ chr3:25000000-30000000
ForkPoolWorker-26 countReadsInRegions_worker: processing 5000000 (6932525.3 per sec) @ chr3:25000000-30000000
ForkPoolWorker-26,  processing 10 (17623.1 per sec) reads @ chrUn_KI270744v1:0-168472
ForkPoolWorker-26 countReadsInRegions_worker: processing 168472 (4715660.0 per sec) @ chrUn_KI270744v1:0-168472
ForkPoolWorker-26,  processing 1730 (82760.9 per sec) reads @ chr17:35000000-40000000
ForkPoolWorker-26 countReadsInRegions_worker: processing 5000000 (6855548.3 per sec) @ chr17:35000000-40000000
ForkPoolWorker-26,  processing 0 (0.0 per sec) reads @ chr9_KI270718v1_random:0-38054
ForkPoolWorker-26 countReadsInRegions_worker: processing 38054 (2271835.1 per sec) @ chr9_KI270718v1_random:0-38054
ForkPoolWorker-26,  processing 246 (73689.4 per sec) reads @ chr1:55000000-60000000
ForkPoolWorker-26 countReadsInRegions_worker: processing 5000000 (7017425.5 per sec) @ chr1:55000000-60000000
ForkPoolWorker-26,  processing 1 (1482.1 per sec) reads @ chr15:15000000-20000000
ForkPoolWorker-26 countReadsInRegions_worker: processing 5000000 (7014425.9 per sec) @ chr15:15000000-20000000
ForkPoolWorker-26,  processing 111 (59833.9 per sec) reads @ chr3:20000000-25000000
ForkPoolWorker-26 countReadsInRegions_worker: processing 5000000 (7015122.7 per sec) @ chr3:20000000-25000000
ForkPoolWorker-26,  processing 55 (41625.2 per sec) reads @ chr13:100000000-105000000
ForkPoolWorker-26 countReadsInRegions_worker: processing 5000000 (7039957.7 per sec) @ chr13:100000000-105000000
ForkPoolWorker-26,  processing 299 (70649.4 per sec) reads @ chr8:125000000-130000000
ForkPoolWorker-26 countReadsInRegions_worker: processing 5000000 (6989768.1 per sec) @ chr8:125000000-130000000
ForkPoolWorker-26,  processing 0 (0.0 per sec) reads @ chr13:0-5000000
ForkPoolWorker-26 countReadsInRegions_worker: processing 5000000 (7029013.9 per sec) @ chr13:0-5000000
ForkPoolWorker-26,  processing 204 (70301.4 per sec) reads @ chr5:40000000-45000000
ForkPoolWorker-26 countReadsInRegions_worker: processing 5000000 (7003070.2 per sec) @ chr5:40000000-45000000
ForkPoolWorker-26,  processing 848 (91232.0 per sec) reads @ chr4:135000000-140000000
ForkPoolWorker-26 countReadsInRegions_worker: processing 5000000 (6896289.6 per sec) @ chr4:135000000-140000000
ForkPoolWorker-26,  processing 0 (0.0 per sec) reads @ chr5_GL000208v1_random:0-92689
ForkPoolWorker-26 countReadsInRegions_worker: processing 92689 (4460369.9 per sec) @ chr5_GL000208v1_random:0-92689
ForkPoolWorker-26,  processing 464 (91683.1 per sec) reads @ chr12:20000000-25000000
ForkPoolWorker-26 countReadsInRegions_worker: processing 5000000 (7955123.8 per sec) @ chr12:20000000-25000000
ForkPoolWorker-26,  processing 221 (68122.4 per sec) reads @ chr2:110000000-115000000
ForkPoolWorker-26 countReadsInRegions_worker: processing 5000000 (8095117.9 per sec) @ chr2:110000000-115000000
ForkPoolWorker-37,  processing 0 (0.0 per sec) reads @ chrUn_KI270581v1:0-7046
ForkPoolWorker-37 countReadsInRegions_worker: processing 7046 (80464.7 per sec) @ chrUn_KI270581v1:0-7046
ForkPoolWorker-37,  processing 331 (36844.9 per sec) reads @ chr18:20000000-25000000
ForkPoolWorker-37 countReadsInRegions_worker: processing 5000000 (6656928.0 per sec) @ chr18:20000000-25000000
ForkPoolWorker-37,  processing 321 (65313.5 per sec) reads @ chr2:0-5000000
ForkPoolWorker-37 countReadsInRegions_worker: processing 5000000 (6747860.4 per sec) @ chr2:0-5000000
ForkPoolWorker-37,  processing 266 (73720.4 per sec) reads @ chr18:50000000-55000000
ForkPoolWorker-37 countReadsInRegions_worker: processing 5000000 (7016099.1 per sec) @ chr18:50000000-55000000
ForkPoolWorker-37,  processing 0 (0.0 per sec) reads @ chrY:40000000-45000000
ForkPoolWorker-37 countReadsInRegions_worker: processing 5000000 (7018794.7 per sec) @ chrY:40000000-45000000
ForkPoolWorker-37,  processing 69 (47027.5 per sec) reads @ chrX:55000000-60000000
ForkPoolWorker-37 countReadsInRegions_worker: processing 5000000 (7007144.0 per sec) @ chrX:55000000-60000000
ForkPoolWorker-37,  processing 0 (0.0 per sec) reads @ chrUn_KI270336v1:0-1026
ForkPoolWorker-37 countReadsInRegions_worker: processing 1026 (86896.1 per sec) @ chrUn_KI270336v1:0-1026
ForkPoolWorker-37,  processing 101 (54866.6 per sec) reads @ chr12:70000000-75000000
ForkPoolWorker-37 countReadsInRegions_worker: processing 5000000 (7011888.3 per sec) @ chr12:70000000-75000000
ForkPoolWorker-37,  processing 81 (46789.5 per sec) reads @ chr3:145000000-150000000
ForkPoolWorker-37 countReadsInRegions_worker: processing 5000000 (7013635.3 per sec) @ chr3:145000000-150000000
ForkPoolWorker-37,  processing 1939 (81986.7 per sec) reads @ chr7:100000000-105000000
ForkPoolWorker-37 countReadsInRegions_worker: processing 5000000 (6793202.6 per sec) @ chr7:100000000-105000000
ForkPoolWorker-37,  processing 153 (59557.2 per sec) reads @ chr3:65000000-70000000
ForkPoolWorker-37 countReadsInRegions_worker: processing 5000000 (6988503.3 per sec) @ chr3:65000000-70000000
ForkPoolWorker-37,  processing 206 (68978.7 per sec) reads @ chr18:30000000-35000000
ForkPoolWorker-37 countReadsInRegions_worker: processing 5000000 (6977584.2 per sec) @ chr18:30000000-35000000
ForkPoolWorker-37,  processing 4 (7112.0 per sec) reads @ chr14_GL000225v1_random:0-211173
ForkPoolWorker-37 countReadsInRegions_worker: processing 211173 (5031492.2 per sec) @ chr14_GL000225v1_random:0-211173
ForkPoolWorker-37,  processing 140 (57602.8 per sec) reads @ chr4:180000000-185000000
ForkPoolWorker-37 countReadsInRegions_worker: processing 5000000 (7004810.5 per sec) @ chr4:180000000-185000000
ForkPoolWorker-37,  processing 209 (67634.4 per sec) reads @ chr8:10000000-15000000
ForkPoolWorker-37 countReadsInRegions_worker: processing 5000000 (7962203.3 per sec) @ chr8:10000000-15000000
ForkPoolWorker-37,  processing 331 (79660.0 per sec) reads @ chr1:170000000-175000000
ForkPoolWorker-37 countReadsInRegions_worker: processing 5000000 (7916864.2 per sec) @ chr1:170000000-175000000
ForkPoolWorker-11,  processing 154 (1293.7 per sec) reads @ chr8:5000000-10000000
ForkPoolWorker-11 countReadsInRegions_worker: processing 5000000 (5868204.7 per sec) @ chr8:5000000-10000000
ForkPoolWorker-11,  processing 0 (0.0 per sec) reads @ chrY:35000000-40000000
ForkPoolWorker-11 countReadsInRegions_worker: processing 5000000 (6890998.4 per sec) @ chrY:35000000-40000000
ForkPoolWorker-11,  processing 541 (72347.9 per sec) reads @ chr15:25000000-30000000
ForkPoolWorker-11 countReadsInRegions_worker: processing 5000000 (6992856.3 per sec) @ chr15:25000000-30000000
ForkPoolWorker-11,  processing 3458 (85564.2 per sec) reads @ chr19:5000000-10000000
ForkPoolWorker-11 countReadsInRegions_worker: processing 5000000 (6679510.9 per sec) @ chr19:5000000-10000000
ForkPoolWorker-11,  processing 418 (71469.5 per sec) reads @ chr3:35000000-40000000
ForkPoolWorker-11 countReadsInRegions_worker: processing 5000000 (6970700.6 per sec) @ chr3:35000000-40000000
ForkPoolWorker-11,  processing 19527 (105434.7 per sec) reads @ chr6:10000000-15000000
ForkPoolWorker-11 countReadsInRegions_worker: processing 5000000 (5607764.6 per sec) @ chr6:10000000-15000000
ForkPoolWorker-11,  processing 3855 (84896.0 per sec) reads @ chr19:15000000-20000000
ForkPoolWorker-11 countReadsInRegions_worker: processing 5000000 (6666196.2 per sec) @ chr19:15000000-20000000
ForkPoolWorker-11,  processing 71 (47480.2 per sec) reads @ chr5:35000000-40000000
ForkPoolWorker-11 countReadsInRegions_worker: processing 5000000 (7068655.4 per sec) @ chr5:35000000-40000000
ForkPoolWorker-11,  processing 23 (25115.6 per sec) reads @ chrX:85000000-90000000
ForkPoolWorker-11 countReadsInRegions_worker: processing 5000000 (7085772.5 per sec) @ chrX:85000000-90000000
ForkPoolWorker-11,  processing 2 (4124.2 per sec) reads @ chrUn_KI270750v1:0-148850
ForkPoolWorker-11 countReadsInRegions_worker: processing 148850 (4602855.8 per sec) @ chrUn_KI270750v1:0-148850
ForkPoolWorker-11,  processing 0 (0.0 per sec) reads @ chrUn_KI270414v1:0-2489
ForkPoolWorker-11 countReadsInRegions_worker: processing 2489 (204257.9 per sec) @ chrUn_KI270414v1:0-2489
ForkPoolWorker-11,  processing 64 (47892.1 per sec) reads @ chr5:160000000-165000000
ForkPoolWorker-11 countReadsInRegions_worker: processing 5000000 (7026559.9 per sec) @ chr5:160000000-165000000
ForkPoolWorker-11,  processing 419 (77320.3 per sec) reads @ chr11:30000000-35000000
ForkPoolWorker-11 countReadsInRegions_worker: processing 5000000 (7020481.8 per sec) @ chr11:30000000-35000000
ForkPoolWorker-11,  processing 1226 (84807.5 per sec) reads @ chr2:25000000-30000000
ForkPoolWorker-11 countReadsInRegions_worker: processing 5000000 (7973076.8 per sec) @ chr2:25000000-30000000
ForkPoolWorker-11,  processing 3406 (88528.8 per sec) reads @ chr11:0-5000000
ForkPoolWorker-11 countReadsInRegions_worker: processing 5000000 (7684341.2 per sec) @ chr11:0-5000000
ForkPoolWorker-11,  processing 0 (0.0 per sec) reads @ chrY_KI270740v1_random:0-37240
ForkPoolWorker-11 countReadsInRegions_worker: processing 37240 (2548139.9 per sec) @ chrY_KI270740v1_random:0-37240
ForkPoolWorker-42,  processing 724 (6386.4 per sec) reads @ chr15:90000000-95000000
ForkPoolWorker-42 countReadsInRegions_worker: processing 5000000 (5905091.8 per sec) @ chr15:90000000-95000000
ForkPoolWorker-42,  processing 154 (60018.8 per sec) reads @ chr4:10000000-15000000
ForkPoolWorker-42 countReadsInRegions_worker: processing 5000000 (7059772.4 per sec) @ chr4:10000000-15000000
ForkPoolWorker-42,  processing 0 (0.0 per sec) reads @ chrUn_KI270373v1:0-1451
ForkPoolWorker-42 countReadsInRegions_worker: processing 1451 (80741.0 per sec) @ chrUn_KI270373v1:0-1451
ForkPoolWorker-42,  processing 190 (59627.2 per sec) reads @ chr8:130000000-135000000
ForkPoolWorker-42 countReadsInRegions_worker: processing 5000000 (7032120.4 per sec) @ chr8:130000000-135000000
ForkPoolWorker-42,  processing 2860 (91557.0 per sec) reads @ chr1:25000000-30000000
ForkPoolWorker-42 countReadsInRegions_worker: processing 5000000 (6775959.5 per sec) @ chr1:25000000-30000000
ForkPoolWorker-42,  processing 458 (71971.5 per sec) reads @ chr11:5000000-10000000
ForkPoolWorker-42 countReadsInRegions_worker: processing 5000000 (7000096.8 per sec) @ chr11:5000000-10000000
ForkPoolWorker-42,  processing 0 (0.0 per sec) reads @ chr1:135000000-140000000
ForkPoolWorker-42 countReadsInRegions_worker: processing 5000000 (7051725.0 per sec) @ chr1:135000000-140000000
ForkPoolWorker-42,  processing 0 (0.0 per sec) reads @ chrUn_KI270372v1:0-1650
ForkPoolWorker-42 countReadsInRegions_worker: processing 1650 (140223.7 per sec) @ chrUn_KI270372v1:0-1650
ForkPoolWorker-42,  processing 0 (0.0 per sec) reads @ chr14:5000000-10000000
ForkPoolWorker-42 countReadsInRegions_worker: processing 5000000 (7064973.8 per sec) @ chr14:5000000-10000000
ForkPoolWorker-42,  processing 523 (74770.6 per sec) reads @ chr10:120000000-125000000
ForkPoolWorker-42 countReadsInRegions_worker: processing 5000000 (6995506.1 per sec) @ chr10:120000000-125000000
ForkPoolWorker-42,  processing 3285 (87839.2 per sec) reads @ chr17:75000000-80000000
ForkPoolWorker-42 countReadsInRegions_worker: processing 5000000 (6710192.8 per sec) @ chr17:75000000-80000000
ForkPoolWorker-42,  processing 171 (65464.2 per sec) reads @ chr9:5000000-10000000
ForkPoolWorker-42 countReadsInRegions_worker: processing 5000000 (7044306.4 per sec) @ chr9:5000000-10000000
ForkPoolWorker-42,  processing 177 (64243.0 per sec) reads @ chr11:40000000-45000000
ForkPoolWorker-42 countReadsInRegions_worker: processing 5000000 (7043927.8 per sec) @ chr11:40000000-45000000
ForkPoolWorker-42,  processing 293 (70168.5 per sec) reads @ chr11:125000000-130000000
ForkPoolWorker-42 countReadsInRegions_worker: processing 5000000 (8066208.1 per sec) @ chr11:125000000-130000000
ForkPoolWorker-42,  processing 0 (0.0 per sec) reads @ chrUn_KI270381v1:0-1930
ForkPoolWorker-42 countReadsInRegions_worker: processing 1930 (179893.0 per sec) @ chrUn_KI270381v1:0-1930
ForkPoolWorker-42,  processing 1230 (85689.0 per sec) reads @ chr22:15000000-20000000
ForkPoolWorker-42 countReadsInRegions_worker: processing 5000000 (8041745.0 per sec) @ chr22:15000000-20000000
ForkPoolWorker-34,  processing 71 (677.1 per sec) reads @ chrY:10000000-15000000
ForkPoolWorker-34 countReadsInRegions_worker: processing 5000000 (6021984.8 per sec) @ chrY:10000000-15000000
ForkPoolWorker-34,  processing 71 (32721.2 per sec) reads @ chr3:115000000-120000000
ForkPoolWorker-34 countReadsInRegions_worker: processing 5000000 (6861265.6 per sec) @ chr3:115000000-120000000
ForkPoolWorker-34,  processing 549 (76554.2 per sec) reads @ chr7:135000000-140000000
ForkPoolWorker-34 countReadsInRegions_worker: processing 5000000 (6971544.1 per sec) @ chr7:135000000-140000000
ForkPoolWorker-34,  processing 54 (38066.0 per sec) reads @ chr4:25000000-30000000
ForkPoolWorker-34 countReadsInRegions_worker: processing 5000000 (7033752.5 per sec) @ chr4:25000000-30000000
ForkPoolWorker-34,  processing 18 (21260.9 per sec) reads @ chr18:65000000-70000000
ForkPoolWorker-34 countReadsInRegions_worker: processing 5000000 (7020528.8 per sec) @ chr18:65000000-70000000
ForkPoolWorker-34,  processing 53 (39866.9 per sec) reads @ chr3:0-5000000
ForkPoolWorker-34 countReadsInRegions_worker: processing 5000000 (7016286.8 per sec) @ chr3:0-5000000
ForkPoolWorker-34,  processing 98 (50689.6 per sec) reads @ chr15:35000000-40000000
ForkPoolWorker-34 countReadsInRegions_worker: processing 5000000 (7022407.1 per sec) @ chr15:35000000-40000000
ForkPoolWorker-34,  processing 155 (53848.8 per sec) reads @ chr14:55000000-60000000
ForkPoolWorker-34 countReadsInRegions_worker: processing 5000000 (6995312.4 per sec) @ chr14:55000000-60000000
ForkPoolWorker-34,  processing 755 (74839.9 per sec) reads @ chr1:50000000-55000000
ForkPoolWorker-34 countReadsInRegions_worker: processing 5000000 (6909199.2 per sec) @ chr1:50000000-55000000
ForkPoolWorker-34,  processing 1905 (91970.8 per sec) reads @ chr15:80000000-85000000
ForkPoolWorker-34 countReadsInRegions_worker: processing 5000000 (6809366.2 per sec) @ chr15:80000000-85000000
ForkPoolWorker-34,  processing 0 (0.0 per sec) reads @ chrUn_KI270333v1:0-2699
ForkPoolWorker-34 countReadsInRegions_worker: processing 2699 (232504.8 per sec) @ chrUn_KI270333v1:0-2699
ForkPoolWorker-34,  processing 7 (12916.9 per sec) reads @ chrUn_KI270743v1:0-210658
ForkPoolWorker-34 countReadsInRegions_worker: processing 210658 (4998097.6 per sec) @ chrUn_KI270743v1:0-210658
ForkPoolWorker-34,  processing 60 (43713.4 per sec) reads @ chr2:145000000-150000000
ForkPoolWorker-34 countReadsInRegions_worker: processing 5000000 (7006706.2 per sec) @ chr2:145000000-150000000
ForkPoolWorker-34,  processing 3167 (87451.5 per sec) reads @ chr22:35000000-40000000
ForkPoolWorker-34 countReadsInRegions_worker: processing 5000000 (7552413.8 per sec) @ chr22:35000000-40000000
ForkPoolWorker-34,  processing 0 (0.0 per sec) reads @ chr1_KI270708v1_random:0-127682
ForkPoolWorker-34 countReadsInRegions_worker: processing 127682 (5135765.9 per sec) @ chr1_KI270708v1_random:0-127682
ForkPoolWorker-34,  processing 74 (54224.1 per sec) reads @ chr1:95000000-100000000
ForkPoolWorker-34 countReadsInRegions_worker: processing 5000000 (8224073.9 per sec) @ chr1:95000000-100000000
ForkPoolWorker-23,  processing 318 (2690.8 per sec) reads @ chr3:140000000-145000000
ForkPoolWorker-23 countReadsInRegions_worker: processing 5000000 (5910660.5 per sec) @ chr3:140000000-145000000
ForkPoolWorker-23,  processing 1933 (85742.0 per sec) reads @ chr12:45000000-50000000
ForkPoolWorker-23 countReadsInRegions_worker: processing 5000000 (6810095.9 per sec) @ chr12:45000000-50000000
ForkPoolWorker-23,  processing 152 (59355.2 per sec) reads @ chr6:130000000-135000000
ForkPoolWorker-23 countReadsInRegions_worker: processing 5000000 (7073063.5 per sec) @ chr6:130000000-135000000
ForkPoolWorker-23,  processing 49 (37544.9 per sec) reads @ chr2:185000000-190000000
ForkPoolWorker-23 countReadsInRegions_worker: processing 5000000 (7089701.0 per sec) @ chr2:185000000-190000000
ForkPoolWorker-23,  processing 0 (0.0 per sec) reads @ chrUn_KI270448v1:0-7992
ForkPoolWorker-23 countReadsInRegions_worker: processing 7992 (631325.9 per sec) @ chrUn_KI270448v1:0-7992
ForkPoolWorker-23,  processing 529 (76491.4 per sec) reads @ chr5:170000000-175000000
ForkPoolWorker-23 countReadsInRegions_worker: processing 5000000 (7030995.8 per sec) @ chr5:170000000-175000000
ForkPoolWorker-23,  processing 50 (40611.0 per sec) reads @ chr4:45000000-50000000
ForkPoolWorker-23 countReadsInRegions_worker: processing 5000000 (7073912.8 per sec) @ chr4:45000000-50000000
ForkPoolWorker-23,  processing 159 (56984.9 per sec) reads @ chr1:85000000-90000000
ForkPoolWorker-23 countReadsInRegions_worker: processing 5000000 (7055848.5 per sec) @ chr1:85000000-90000000
ForkPoolWorker-23,  processing 1959 (84346.8 per sec) reads @ chr3:125000000-130000000
ForkPoolWorker-23 countReadsInRegions_worker: processing 5000000 (6856570.4 per sec) @ chr3:125000000-130000000
ForkPoolWorker-23,  processing 0 (0.0 per sec) reads @ chrUn_KI270393v1:0-1308
ForkPoolWorker-23 countReadsInRegions_worker: processing 1308 (109696.7 per sec) @ chrUn_KI270393v1:0-1308
ForkPoolWorker-23,  processing 88 (49516.9 per sec) reads @ chr2:180000000-185000000
ForkPoolWorker-23 countReadsInRegions_worker: processing 5000000 (7076822.7 per sec) @ chr2:180000000-185000000
ForkPoolWorker-23,  processing 3893 (95733.1 per sec) reads @ chr1:5000000-10000000
ForkPoolWorker-23 countReadsInRegions_worker: processing 5000000 (6721128.3 per sec) @ chr1:5000000-10000000
ForkPoolWorker-23,  processing 155 (58876.8 per sec) reads @ chrX:20000000-25000000
ForkPoolWorker-23 countReadsInRegions_worker: processing 5000000 (7074246.9 per sec) @ chrX:20000000-25000000
ForkPoolWorker-23,  processing 25 (28602.7 per sec) reads @ chr3:80000000-85000000
ForkPoolWorker-23 countReadsInRegions_worker: processing 5000000 (7667156.2 per sec) @ chr3:80000000-85000000
ForkPoolWorker-23,  processing 2283 (93332.1 per sec) reads @ chr7:5000000-10000000
ForkPoolWorker-23 countReadsInRegions_worker: processing 5000000 (7827778.9 per sec) @ chr7:5000000-10000000
ForkPoolWorker-23,  processing 179 (68929.5 per sec) reads @ chr9:105000000-110000000
ForkPoolWorker-23 countReadsInRegions_worker: processing 5000000 (8144491.5 per sec) @ chr9:105000000-110000000
