# packages in environment at /work/pa-hilario/anaconda3/envs/deeptools:
#
# Name                           Version          Build                 Channel
_openmp_mutex                    4.5              20_gnu                conda-forge
alabaster                        1.0.0            pyhd8ed1ab_1          conda-forge
babel                            2.18.0           pyhcf101f3_0          conda-forge
backports.zstd                   1.3.0            py312h90b7ffd_0       conda-forge
bedops                           2.4.42           hd6d6fdc_1            bioconda
brotli                           1.2.0            hed03a55_1            conda-forge
brotli-bin                       1.2.0            hb03c661_1            conda-forge
brotli-python                    1.2.0            py312hdb49522_1       conda-forge
bzip2                            1.0.8            hda65f42_8            conda-forge
c-ares                           1.34.6           hb03c661_0            conda-forge
ca-certificates                  2026.1.4         hbd8a1cb_0            conda-forge
certifi                          2026.01.04       py312h06a4308_0
charset-normalizer               3.4.4            pyhd8ed1ab_0          conda-forge
click                            8.3.1            pypi_0                pypi
colorama                         0.4.6            pyhd8ed1ab_1          conda-forge
contourpy                        1.3.3            py312h0a2e395_4       conda-forge
cycler                           0.12.1           pyhcf101f3_2          conda-forge
cython                           3.2.4            py312h47b2149_0
deeptools                        3.5.6            pyhdfd78af_0          bioconda
deeptoolsintervals               0.1.9            py312ha9c1134_11      bioconda
docutils                         0.22.4           pyhd8ed1ab_0          conda-forge
fonttools                        4.61.1           py312h8a5da7c_0       conda-forge
freetype                         2.14.1           ha770c72_0            conda-forge
gencode-utr-fix                  1.0.0            pypi_0                pypi
h2                               4.3.0            pyhcf101f3_0          conda-forge
hpack                            4.1.0            pyhd8ed1ab_0          conda-forge
htslib                           1.22.1           h566b1c6_0            bioconda
hyperframe                       6.1.0            pyhd8ed1ab_0          conda-forge
icu                              78.2             h33c6efd_0            conda-forge
idna                             3.11             pyhd8ed1ab_0          conda-forge
imagesize                        1.4.1            pyhd8ed1ab_0          conda-forge
importlib-metadata               8.7.0            pyhe01879c_1          conda-forge
jansson                          2.15.0           h280c20c_0            conda-forge
jinja2                           3.1.6            pyhcf101f3_1          conda-forge
keyutils                         1.6.3            hb9d3cd8_0            conda-forge
kiwisolver                       1.4.9            py312h0a2e395_2       conda-forge
krb5                             1.22.2           ha1258a1_0            conda-forge
lcms2                            2.18             h0c24ade_0            conda-forge
ld_impl_linux-64                 2.45.1           default_hbd61a6d_101  conda-forge
lerc                             4.0.0            h0aef613_1            conda-forge
libblas                          3.11.0           5_h4a7cf45_openblas   conda-forge
libbrotlicommon                  1.2.0            hb03c661_1            conda-forge
libbrotlidec                     1.2.0            hb03c661_1            conda-forge
libbrotlienc                     1.2.0            hb03c661_1            conda-forge
libcblas                         3.11.0           5_h0358290_openblas   conda-forge
libcurl                          8.18.0           hcf29cc6_1            conda-forge
libdeflate                       1.25             h17f619e_0            conda-forge
libedit                          3.1.20250104     pl5321h7949ede_0      conda-forge
libev                            4.33             hd590300_2            conda-forge
libexpat                         2.7.3            hecca717_0            conda-forge
libffi                           3.5.2            h3435931_0            conda-forge
libfreetype                      2.14.1           ha770c72_0            conda-forge
libfreetype6                     2.14.1           h73754d4_0            conda-forge
libgcc                           15.2.0           he0feb66_17           conda-forge
libgcc-ng                        15.2.0           h69a702a_17           conda-forge
libgfortran                      15.2.0           h69a702a_17           conda-forge
libgfortran5                     15.2.0           h68bc16d_17           conda-forge
libgomp                          15.2.0           he0feb66_17           conda-forge
libiconv                         1.18             h3b78370_2            conda-forge
libjpeg-turbo                    3.1.2            hb03c661_0            conda-forge
liblapack                        3.11.0           5_h47877c9_openblas   conda-forge
liblzma                          5.8.2            hb03c661_0            conda-forge
libnghttp2                       1.67.0           had1ee68_0            conda-forge
libnsl                           2.0.1            hb9d3cd8_1            conda-forge
libopenblas                      0.3.30           pthreads_h94d23a6_4   conda-forge
libopenssl-static                3.6.1            hb03c661_1            conda-forge
libpng                           1.6.55           h421ea60_0            conda-forge
libsqlite                        3.51.2           hf4e2dac_0            conda-forge
libssh2                          1.11.1           hcf80075_0            conda-forge
libstdcxx                        15.2.0           h934c35e_17           conda-forge
libstdcxx-ng                     15.2.0           hdf11a46_17           conda-forge
libtiff                          4.7.1            h9d88235_1            conda-forge
libuuid                          2.41.3           h5347b49_0            conda-forge
libwebp-base                     1.6.0            hd42ef1d_0            conda-forge
libxcb                           1.17.0           h8a09558_0            conda-forge
libxcrypt                        4.4.36           hd590300_1            conda-forge
libzlib                          1.3.1            hb9d3cd8_2            conda-forge
markupsafe                       3.0.3            py312h8a5da7c_0       conda-forge
matplotlib-base                  3.10.8           py312he3d6523_0       conda-forge
munkres                          1.1.4            pyhd8ed1ab_1          conda-forge
mysql-connector-c                6.1.11           h659d440_1008         conda-forge
narwhals                         2.16.0           pyhcf101f3_0          conda-forge
natsort                          8.4.0            pypi_0                pypi
ncls                             0.0.70           pypi_0                pypi
ncurses                          6.5              h2d0b736_3            conda-forge
numpy                            2.4.2            py312h33ff503_1       conda-forge
numpydoc                         1.10.0           pyhcf101f3_0          conda-forge
openjpeg                         2.5.4            h55fea9a_0            conda-forge
openssl                          3.6.1            h35e630c_1            conda-forge
packaging                        26.0             pyhcf101f3_0          conda-forge
pandas                           3.0.0            pypi_0                pypi
pillow                           12.1.1           py312h50c33e8_0       conda-forge
pip                              26.0.1           pyh8b19718_0          conda-forge
plotly                           6.5.2            pyhd8ed1ab_0          conda-forge
pthread-stubs                    0.4              hb9d3cd8_1002         conda-forge
py2bit                           0.3.3            py312h0fa9677_1       bioconda
pybigwig                         0.3.25           py312h83fe50f_0       bioconda
pygments                         2.19.2           pyhd8ed1ab_0          conda-forge
pyparsing                        3.3.2            pyhcf101f3_0          conda-forge
pyranges                         0.1.4            pypi_0                pypi
pysam                            0.23.3           py312h8f9e533_2       bioconda
pysocks                          1.7.1            pyha55dd90_7          conda-forge
python                           3.12.12          hd63d673_2_cpython    conda-forge
python-dateutil                  2.9.0.post0      pyhe01879c_2          conda-forge
python_abi                       3.12             8_cp312               conda-forge
pytz                             2025.2           pyhd8ed1ab_0          conda-forge
qhull                            2020.2           h434a139_5            conda-forge
readline                         8.3              h853b02a_0            conda-forge
requests                         2.32.5           pyhcf101f3_1          conda-forge
roman-numerals                   4.1.0            pyhd8ed1ab_0          conda-forge
samtools                         1.22.1           h96c455f_0            bioconda
scipy                            1.17.0           py312h54fa4ab_1       conda-forge
setuptools                       82.0.0           pyh332efcf_0          conda-forge
six                              1.17.0           pyhe01879c_1          conda-forge
snowballstemmer                  3.0.1            pyhd8ed1ab_0          conda-forge
sorted-nearest                   0.0.41           pypi_0                pypi
sphinx                           9.1.0            pyhd8ed1ab_0          conda-forge
sphinxcontrib-applehelp          2.0.0            pyhd8ed1ab_1          conda-forge
sphinxcontrib-devhelp            2.0.0            pyhd8ed1ab_1          conda-forge
sphinxcontrib-htmlhelp           2.1.0            pyhd8ed1ab_1          conda-forge
sphinxcontrib-jsmath             1.0.1            pyhd8ed1ab_1          conda-forge
sphinxcontrib-qthelp             2.0.0            pyhd8ed1ab_1          conda-forge
sphinxcontrib-serializinghtml    1.1.10           pyhd8ed1ab_1          conda-forge
tabulate                         0.9.0            pypi_0                pypi
tk                               8.6.13           noxft_h366c992_103    conda-forge
tomli                            2.4.0            pyhcf101f3_0          conda-forge
tqdm                             4.67.3           pypi_0                pypi
tzdata                           2025c            hc9c84f9_1            conda-forge
ucsc-bigwiginfo                  482              h0b57e2e_0            bioconda
unicodedata2                     17.0.1           py312h4c3975b_0       conda-forge
urllib3                          2.6.3            pyhd8ed1ab_0          conda-forge
wheel                            0.46.3           pyhd8ed1ab_0          conda-forge
xorg-libxau                      1.0.12           hb03c661_1            conda-forge
xorg-libxdmcp                    1.1.5            hb03c661_1            conda-forge
zipp                             3.23.0           pyhcf101f3_1          conda-forge
zlib                             1.3.1            hb9d3cd8_2            conda-forge
zlib-ng                          2.3.3            hceb46e0_1            conda-forge
zstd                             1.5.7            hb78ec9c_6            conda-forge
Specified --scaleFactor: 1.0
normalization: CPM
bamFilesList: ['/work/pa-hilario/clipseq/20260421/OSM/output/SNRNP70-Sorbitol-rep1_L1_R1.genome.Aligned.sort.dedup.bam']
binLength: 1
numberOfSamples: None
blackListFileName: None
skipZeroOverZero: False
bed_and_bin: False
genomeChunkSize: None
defaultFragmentLength: read length
numberOfProcessors: 48
verbose: True
region: None
bedFile: None
minMappingQuality: None
ignoreDuplicates: False
chrsToSkip: []
stepSize: 1
center_read: False
samFlag_include: None
samFlag_exclude: None
minFragmentLength: 0
maxFragmentLength: 0
zerosToNans: False
smoothLength: None
save_data: False
out_file_for_raw_data: None
maxPairedFragmentLength: 1000
Final scaling factor: 2.4864488537470786
ForkPoolWorker-15,  processing 0 (0.0 per sec) reads @ chr22_KI270739v1_random:0-73985
ForkPoolWorker-15 countReadsInRegions_worker: processing 73985 (3378835.0 per sec) @ chr22_KI270739v1_random:0-73985
ForkPoolWorker-15,  processing 397 (115274.4 per sec) reads @ chr16:80000000-85000000
ForkPoolWorker-15 countReadsInRegions_worker: processing 5000000 (11849099.6 per sec) @ chr16:80000000-85000000
ForkPoolWorker-15,  processing 0 (0.0 per sec) reads @ chrUn_KI270371v1:0-2805
ForkPoolWorker-15 countReadsInRegions_worker: processing 2805 (432505.8 per sec) @ chrUn_KI270371v1:0-2805
ForkPoolWorker-15,  processing 0 (0.0 per sec) reads @ chr15:0-5000000
ForkPoolWorker-15 countReadsInRegions_worker: processing 5000000 (11912137.2 per sec) @ chr15:0-5000000
ForkPoolWorker-15,  processing 539 (138942.3 per sec) reads @ chr13:95000000-100000000
ForkPoolWorker-15 countReadsInRegions_worker: processing 5000000 (11819395.6 per sec) @ chr13:95000000-100000000
ForkPoolWorker-15,  processing 385 (134421.6 per sec) reads @ chr8:100000000-105000000
ForkPoolWorker-15 countReadsInRegions_worker: processing 5000000 (11865397.2 per sec) @ chr8:100000000-105000000
ForkPoolWorker-15,  processing 161 (97909.7 per sec) reads @ chr2:35000000-40000000
ForkPoolWorker-15 countReadsInRegions_worker: processing 5000000 (11943193.9 per sec) @ chr2:35000000-40000000
ForkPoolWorker-15,  processing 295 (121867.4 per sec) reads @ chr2:0-5000000
ForkPoolWorker-15 countReadsInRegions_worker: processing 5000000 (11881080.0 per sec) @ chr2:0-5000000
ForkPoolWorker-15,  processing 2878 (142040.9 per sec) reads @ chr9:130000000-135000000
ForkPoolWorker-15 countReadsInRegions_worker: processing 5000000 (11463549.2 per sec) @ chr9:130000000-135000000
ForkPoolWorker-15,  processing 1757 (128925.7 per sec) reads @ chr3:50000000-55000000
ForkPoolWorker-15 countReadsInRegions_worker: processing 5000000 (11483812.4 per sec) @ chr3:50000000-55000000
ForkPoolWorker-15,  processing 0 (0.0 per sec) reads @ chrUn_KI270584v1:0-4513
ForkPoolWorker-15 countReadsInRegions_worker: processing 4513 (687523.4 per sec) @ chrUn_KI270584v1:0-4513
ForkPoolWorker-15,  processing 414 (123335.6 per sec) reads @ chr11:5000000-10000000
ForkPoolWorker-15 countReadsInRegions_worker: processing 5000000 (11928079.5 per sec) @ chr11:5000000-10000000
ForkPoolWorker-15,  processing 8 (16619.3 per sec) reads @ chr6:65000000-70000000
ForkPoolWorker-15 countReadsInRegions_worker: processing 5000000 (11899227.6 per sec) @ chr6:65000000-70000000
ForkPoolWorker-15,  processing 187 (96355.6 per sec) reads @ chr15:30000000-35000000
ForkPoolWorker-15 countReadsInRegions_worker: processing 5000000 (11822040.7 per sec) @ chr15:30000000-35000000
ForkPoolWorker-15,  processing 1962 (147877.3 per sec) reads @ chr16:25000000-30000000
ForkPoolWorker-15 countReadsInRegions_worker: processing 5000000 (11581055.7 per sec) @ chr16:25000000-30000000
ForkPoolWorker-27,  processing 154 (23002.1 per sec) reads @ chr8:70000000-75000000
ForkPoolWorker-27 countReadsInRegions_worker: processing 5000000 (9151379.1 per sec) @ chr8:70000000-75000000
ForkPoolWorker-27,  processing 0 (0.0 per sec) reads @ chrUn_KI270522v1:0-5674
ForkPoolWorker-27 countReadsInRegions_worker: processing 5674 (501802.4 per sec) @ chrUn_KI270522v1:0-5674
ForkPoolWorker-27,  processing 3194 (154534.6 per sec) reads @ chr22:50000000-50818468
ForkPoolWorker-27 countReadsInRegions_worker: processing 818468 (8527258.2 per sec) @ chr22:50000000-50818468
ForkPoolWorker-27,  processing 701 (135537.1 per sec) reads @ chr1:105000000-110000000
ForkPoolWorker-27 countReadsInRegions_worker: processing 5000000 (11818842.7 per sec) @ chr1:105000000-110000000
ForkPoolWorker-27,  processing 57 (64181.3 per sec) reads @ chr14:15000000-20000000
ForkPoolWorker-27 countReadsInRegions_worker: processing 5000000 (12112359.0 per sec) @ chr14:15000000-20000000
ForkPoolWorker-27,  processing 87 (77688.8 per sec) reads @ chr8:30000000-35000000
ForkPoolWorker-27 countReadsInRegions_worker: processing 5000000 (11986999.9 per sec) @ chr8:30000000-35000000
ForkPoolWorker-27,  processing 0 (0.0 per sec) reads @ chrUn_KI270395v1:0-1143
ForkPoolWorker-27 countReadsInRegions_worker: processing 1143 (163342.1 per sec) @ chrUn_KI270395v1:0-1143
ForkPoolWorker-27,  processing 333 (131839.1 per sec) reads @ chr4:135000000-140000000
ForkPoolWorker-27 countReadsInRegions_worker: processing 5000000 (11886736.7 per sec) @ chr4:135000000-140000000
ForkPoolWorker-27,  processing 55 (65704.0 per sec) reads @ chr4:155000000-160000000
ForkPoolWorker-27 countReadsInRegions_worker: processing 5000000 (11848758.2 per sec) @ chr4:155000000-160000000
ForkPoolWorker-27,  processing 11 (21866.0 per sec) reads @ chrX:25000000-30000000
ForkPoolWorker-27 countReadsInRegions_worker: processing 5000000 (11835591.5 per sec) @ chrX:25000000-30000000
ForkPoolWorker-27,  processing 4440 (143331.0 per sec) reads @ chr11:65000000-70000000
ForkPoolWorker-27 countReadsInRegions_worker: processing 5000000 (11188880.4 per sec) @ chr11:65000000-70000000
ForkPoolWorker-27,  processing 469 (130628.1 per sec) reads @ chr3:195000000-198295559
ForkPoolWorker-27 countReadsInRegions_worker: processing 3295559 (11516865.3 per sec) @ chr3:195000000-198295559
ForkPoolWorker-27,  processing 14 (27529.4 per sec) reads @ chr13:60000000-65000000
ForkPoolWorker-27 countReadsInRegions_worker: processing 5000000 (12035892.7 per sec) @ chr13:60000000-65000000
ForkPoolWorker-27,  processing 5379 (148972.6 per sec) reads @ chr16:85000000-90000000
ForkPoolWorker-27 countReadsInRegions_worker: processing 5000000 (10335680.7 per sec) @ chr16:85000000-90000000
ForkPoolWorker-27,  processing 212 (109210.6 per sec) reads @ chr8:0-5000000
ForkPoolWorker-27 countReadsInRegions_worker: processing 5000000 (12105535.1 per sec) @ chr8:0-5000000
ForkPoolWorker-6,  processing 324 (34511.4 per sec) reads @ chr2:125000000-130000000
ForkPoolWorker-6 countReadsInRegions_worker: processing 5000000 (10925580.2 per sec) @ chr2:125000000-130000000
ForkPoolWorker-6,  processing 339 (123180.2 per sec) reads @ chr6:110000000-115000000
ForkPoolWorker-6 countReadsInRegions_worker: processing 5000000 (11337354.0 per sec) @ chr6:110000000-115000000
ForkPoolWorker-6,  processing 0 (0.0 per sec) reads @ chrUn_KI270316v1:0-1444
ForkPoolWorker-6 countReadsInRegions_worker: processing 1444 (225890.5 per sec) @ chrUn_KI270316v1:0-1444
ForkPoolWorker-6,  processing 4190 (150189.6 per sec) reads @ chr20:60000000-64444167
ForkPoolWorker-6 countReadsInRegions_worker: processing 4444167 (10646930.1 per sec) @ chr20:60000000-64444167
ForkPoolWorker-6,  processing 2988 (145327.2 per sec) reads @ chr22:35000000-40000000
ForkPoolWorker-6 countReadsInRegions_worker: processing 5000000 (11473784.8 per sec) @ chr22:35000000-40000000
ForkPoolWorker-6,  processing 37 (43764.6 per sec) reads @ chr9:10000000-15000000
ForkPoolWorker-6 countReadsInRegions_worker: processing 5000000 (12095355.5 per sec) @ chr9:10000000-15000000
ForkPoolWorker-6,  processing 521 (75285.3 per sec) reads @ chr6:165000000-170000000
ForkPoolWorker-6 countReadsInRegions_worker: processing 5000000 (9514772.7 per sec) @ chr6:165000000-170000000
ForkPoolWorker-6,  processing 1456 (116619.7 per sec) reads @ chr2:240000000-242193529
ForkPoolWorker-6 countReadsInRegions_worker: processing 2193529 (7243263.0 per sec) @ chr2:240000000-242193529
ForkPoolWorker-6,  processing 0 (0.0 per sec) reads @ chrUn_KI270303v1:0-1942
ForkPoolWorker-6 countReadsInRegions_worker: processing 1942 (263458.2 per sec) @ chrUn_KI270303v1:0-1942
ForkPoolWorker-6,  processing 66 (71809.1 per sec) reads @ chr12:90000000-95000000
ForkPoolWorker-6 countReadsInRegions_worker: processing 5000000 (11680506.4 per sec) @ chr12:90000000-95000000
ForkPoolWorker-6,  processing 1468 (129913.2 per sec) reads @ chr22:45000000-50000000
ForkPoolWorker-6 countReadsInRegions_worker: processing 5000000 (11128692.4 per sec) @ chr22:45000000-50000000
ForkPoolWorker-6,  processing 72 (75535.2 per sec) reads @ chr1:70000000-75000000
ForkPoolWorker-6 countReadsInRegions_worker: processing 5000000 (11608120.1 per sec) @ chr1:70000000-75000000
ForkPoolWorker-6,  processing 2 (4678.5 per sec) reads @ chr1_KI270706v1_random:0-175055
ForkPoolWorker-6 countReadsInRegions_worker: processing 175055 (7691534.5 per sec) @ chr1_KI270706v1_random:0-175055
ForkPoolWorker-6,  processing 1045 (153060.8 per sec) reads @ chr8:35000000-40000000
ForkPoolWorker-6 countReadsInRegions_worker: processing 5000000 (11512022.2 per sec) @ chr8:35000000-40000000
ForkPoolWorker-6,  processing 94 (75284.4 per sec) reads @ chr3:95000000-100000000
ForkPoolWorker-6 countReadsInRegions_worker: processing 5000000 (11593636.3 per sec) @ chr3:95000000-100000000
ForkPoolWorker-23,  processing 0 (0.0 per sec) reads @ chrUn_KI270335v1:0-1048
ForkPoolWorker-23 countReadsInRegions_worker: processing 1048 (29390.2 per sec) @ chrUn_KI270335v1:0-1048
ForkPoolWorker-23,  processing 125 (27083.8 per sec) reads @ chr3:65000000-70000000
ForkPoolWorker-23 countReadsInRegions_worker: processing 5000000 (11229988.2 per sec) @ chr3:65000000-70000000
ForkPoolWorker-23,  processing 338 (114903.1 per sec) reads @ chr17:30000000-35000000
ForkPoolWorker-23 countReadsInRegions_worker: processing 5000000 (11366603.6 per sec) @ chr17:30000000-35000000
ForkPoolWorker-23,  processing 668 (134708.2 per sec) reads @ chr20:40000000-45000000
ForkPoolWorker-23 countReadsInRegions_worker: processing 5000000 (11493851.2 per sec) @ chr20:40000000-45000000
ForkPoolWorker-23,  processing 1033 (139778.6 per sec) reads @ chr14:105000000-107043718
ForkPoolWorker-23 countReadsInRegions_worker: processing 2043718 (11148520.2 per sec) @ chr14:105000000-107043718
ForkPoolWorker-23,  processing 13 (23035.9 per sec) reads @ chr12:35000000-40000000
ForkPoolWorker-23 countReadsInRegions_worker: processing 5000000 (11991393.4 per sec) @ chr12:35000000-40000000
ForkPoolWorker-23,  processing 1821 (134948.7 per sec) reads @ chr12:45000000-50000000
ForkPoolWorker-23 countReadsInRegions_worker: processing 5000000 (11562730.0 per sec) @ chr12:45000000-50000000
ForkPoolWorker-23,  processing 0 (0.0 per sec) reads @ chrUn_KI270515v1:0-6361
ForkPoolWorker-23 countReadsInRegions_worker: processing 6361 (824524.6 per sec) @ chrUn_KI270515v1:0-6361
ForkPoolWorker-23,  processing 1626 (119309.0 per sec) reads @ chr5:0-5000000
ForkPoolWorker-23 countReadsInRegions_worker: processing 5000000 (11344934.6 per sec) @ chr5:0-5000000
ForkPoolWorker-23,  processing 200 (110638.5 per sec) reads @ chr8:125000000-130000000
ForkPoolWorker-23 countReadsInRegions_worker: processing 5000000 (11528228.9 per sec) @ chr8:125000000-130000000
ForkPoolWorker-23,  processing 0 (0.0 per sec) reads @ chr14:5000000-10000000
ForkPoolWorker-23 countReadsInRegions_worker: processing 5000000 (11348188.3 per sec) @ chr14:5000000-10000000
ForkPoolWorker-23,  processing 8079 (150350.9 per sec) reads @ chr8:140000000-145000000
ForkPoolWorker-23 countReadsInRegions_worker: processing 5000000 (10220203.3 per sec) @ chr8:140000000-145000000
ForkPoolWorker-23,  processing 94 (78196.1 per sec) reads @ chr13:90000000-95000000
ForkPoolWorker-23 countReadsInRegions_worker: processing 5000000 (10934290.0 per sec) @ chr13:90000000-95000000
ForkPoolWorker-23,  processing 7 (15181.0 per sec) reads @ chr14_GL000194v1_random:0-191469
ForkPoolWorker-23 countReadsInRegions_worker: processing 191469 (7937447.5 per sec) @ chr14_GL000194v1_random:0-191469
ForkPoolWorker-23,  processing 0 (0.0 per sec) reads @ chrY:40000000-45000000
ForkPoolWorker-23 countReadsInRegions_worker: processing 5000000 (11824907.1 per sec) @ chrY:40000000-45000000
ForkPoolWorker-17,  processing 30 (12638.5 per sec) reads @ chr2:75000000-80000000
ForkPoolWorker-17 countReadsInRegions_worker: processing 5000000 (10400563.8 per sec) @ chr2:75000000-80000000
ForkPoolWorker-17,  processing 22 (34024.6 per sec) reads @ chrX:80000000-85000000
ForkPoolWorker-17 countReadsInRegions_worker: processing 5000000 (11152003.0 per sec) @ chrX:80000000-85000000
ForkPoolWorker-17,  processing 47 (58375.0 per sec) reads @ chr1:190000000-195000000
ForkPoolWorker-17 countReadsInRegions_worker: processing 5000000 (11540733.0 per sec) @ chr1:190000000-195000000
ForkPoolWorker-17,  processing 0 (0.0 per sec) reads @ chrUn_KI270517v1:0-3253
ForkPoolWorker-17 countReadsInRegions_worker: processing 3253 (513746.2 per sec) @ chrUn_KI270517v1:0-3253
ForkPoolWorker-17,  processing 73 (78008.7 per sec) reads @ chr5:115000000-120000000
ForkPoolWorker-17 countReadsInRegions_worker: processing 5000000 (11763908.7 per sec) @ chr5:115000000-120000000
ForkPoolWorker-17,  processing 717 (138115.0 per sec) reads @ chr5:135000000-140000000
ForkPoolWorker-17 countReadsInRegions_worker: processing 5000000 (11756740.0 per sec) @ chr5:135000000-140000000
ForkPoolWorker-17,  processing 0 (0.0 per sec) reads @ chr5_GL000208v1_random:0-92689
ForkPoolWorker-17 countReadsInRegions_worker: processing 92689 (6570209.1 per sec) @ chr5_GL000208v1_random:0-92689
ForkPoolWorker-17,  processing 778 (130172.7 per sec) reads @ chr15:40000000-45000000
ForkPoolWorker-17 countReadsInRegions_worker: processing 5000000 (11504418.8 per sec) @ chr15:40000000-45000000
ForkPoolWorker-17,  processing 0 (0.0 per sec) reads @ chr13:10000000-15000000
ForkPoolWorker-17 countReadsInRegions_worker: processing 5000000 (11844134.1 per sec) @ chr13:10000000-15000000
ForkPoolWorker-17,  processing 178 (104931.3 per sec) reads @ chr10:80000000-85000000
ForkPoolWorker-17 countReadsInRegions_worker: processing 5000000 (11886352.7 per sec) @ chr10:80000000-85000000
ForkPoolWorker-17,  processing 467 (122997.8 per sec) reads @ chr2:130000000-135000000
ForkPoolWorker-17 countReadsInRegions_worker: processing 5000000 (11733566.1 per sec) @ chr2:130000000-135000000
ForkPoolWorker-17,  processing 82 (69890.9 per sec) reads @ chr1:75000000-80000000
ForkPoolWorker-17 countReadsInRegions_worker: processing 5000000 (11881436.7 per sec) @ chr1:75000000-80000000
ForkPoolWorker-17,  processing 234 (112553.6 per sec) reads @ chr1:90000000-95000000
ForkPoolWorker-17 countReadsInRegions_worker: processing 5000000 (11815766.3 per sec) @ chr1:90000000-95000000
ForkPoolWorker-17,  processing 0 (0.0 per sec) reads @ chrUn_KI270579v1:0-31033
ForkPoolWorker-17 countReadsInRegions_worker: processing 31033 (3612796.6 per sec) @ chrUn_KI270579v1:0-31033
ForkPoolWorker-17,  processing 88 (88195.6 per sec) reads @ chr12:70000000-75000000
ForkPoolWorker-17 countReadsInRegions_worker: processing 5000000 (11981863.4 per sec) @ chr12:70000000-75000000
ForkPoolWorker-37,  processing 37 (33252.5 per sec) reads @ chr1:95000000-100000000
ForkPoolWorker-37 countReadsInRegions_worker: processing 5000000 (7836993.4 per sec) @ chr1:95000000-100000000
ForkPoolWorker-37,  processing 153 (88331.5 per sec) reads @ chr1:65000000-70000000
ForkPoolWorker-37 countReadsInRegions_worker: processing 5000000 (11735654.1 per sec) @ chr1:65000000-70000000
ForkPoolWorker-37,  processing 0 (0.0 per sec) reads @ chrUn_KI270749v1:0-158759
ForkPoolWorker-37 countReadsInRegions_worker: processing 158759 (7728363.3 per sec) @ chrUn_KI270749v1:0-158759
ForkPoolWorker-37,  processing 0 (0.0 per sec) reads @ chrUn_KI270390v1:0-2387
ForkPoolWorker-37 countReadsInRegions_worker: processing 2387 (372186.0 per sec) @ chrUn_KI270390v1:0-2387
ForkPoolWorker-37,  processing 468 (122400.3 per sec) reads @ chr12:105000000-110000000
ForkPoolWorker-37 countReadsInRegions_worker: processing 5000000 (11455828.1 per sec) @ chr12:105000000-110000000
ForkPoolWorker-37,  processing 0 (0.0 per sec) reads @ chr17_KI270729v1_random:0-280839
ForkPoolWorker-37 countReadsInRegions_worker: processing 280839 (9361234.5 per sec) @ chr17_KI270729v1_random:0-280839
ForkPoolWorker-37,  processing 70 (61980.4 per sec) reads @ chr5:95000000-100000000
ForkPoolWorker-37 countReadsInRegions_worker: processing 5000000 (11730251.7 per sec) @ chr5:95000000-100000000
ForkPoolWorker-37,  processing 156 (83108.3 per sec) reads @ chr3:60000000-65000000
ForkPoolWorker-37 countReadsInRegions_worker: processing 5000000 (11491923.9 per sec) @ chr3:60000000-65000000
ForkPoolWorker-37,  processing 3033 (137127.6 per sec) reads @ chr17:75000000-80000000
ForkPoolWorker-37 countReadsInRegions_worker: processing 5000000 (10645711.8 per sec) @ chr17:75000000-80000000
ForkPoolWorker-37,  processing 135 (79919.7 per sec) reads @ chr11:90000000-95000000
ForkPoolWorker-37 countReadsInRegions_worker: processing 5000000 (11073251.4 per sec) @ chr11:90000000-95000000
ForkPoolWorker-37,  processing 58 (58903.1 per sec) reads @ chrX:75000000-80000000
ForkPoolWorker-37 countReadsInRegions_worker: processing 5000000 (10757411.5 per sec) @ chrX:75000000-80000000
ForkPoolWorker-37,  processing 0 (0.0 per sec) reads @ chrUn_KI270304v1:0-2165
ForkPoolWorker-37 countReadsInRegions_worker: processing 2165 (279207.6 per sec) @ chrUn_KI270304v1:0-2165
ForkPoolWorker-37,  processing 156 (85196.8 per sec) reads @ chr10:25000000-30000000
ForkPoolWorker-37 countReadsInRegions_worker: processing 5000000 (10689066.0 per sec) @ chr10:25000000-30000000
ForkPoolWorker-37,  processing 322 (96098.3 per sec) reads @ chr14:65000000-70000000
ForkPoolWorker-37 countReadsInRegions_worker: processing 5000000 (10728343.9 per sec) @ chr14:65000000-70000000
ForkPoolWorker-37,  processing 220 (110574.8 per sec) reads @ chr16:5000000-10000000
ForkPoolWorker-37 countReadsInRegions_worker: processing 5000000 (11462822.3 per sec) @ chr16:5000000-10000000
ForkPoolWorker-4,  processing 834 (60344.5 per sec) reads @ chr7:145000000-150000000
ForkPoolWorker-4 countReadsInRegions_worker: processing 5000000 (9962897.2 per sec) @ chr7:145000000-150000000
ForkPoolWorker-4,  processing 126 (88478.5 per sec) reads @ chr12:75000000-80000000
ForkPoolWorker-4 countReadsInRegions_worker: processing 5000000 (11169935.3 per sec) @ chr12:75000000-80000000
ForkPoolWorker-4,  processing 0 (0.0 per sec) reads @ chr15:10000000-15000000
ForkPoolWorker-4 countReadsInRegions_worker: processing 5000000 (11516118.7 per sec) @ chr15:10000000-15000000
ForkPoolWorker-4,  processing 489 (128429.2 per sec) reads @ chr18:75000000-80000000
ForkPoolWorker-4 countReadsInRegions_worker: processing 5000000 (11451855.7 per sec) @ chr18:75000000-80000000
ForkPoolWorker-4,  processing 84 (88036.4 per sec) reads @ chrX:5000000-10000000
ForkPoolWorker-4 countReadsInRegions_worker: processing 5000000 (11580492.9 per sec) @ chrX:5000000-10000000
ForkPoolWorker-4,  processing 126 (96157.6 per sec) reads @ chr18:60000000-65000000
ForkPoolWorker-4 countReadsInRegions_worker: processing 5000000 (11516295.7 per sec) @ chr18:60000000-65000000
ForkPoolWorker-4,  processing 0 (0.0 per sec) reads @ chrUn_KI270743v1:0-210658
ForkPoolWorker-4 countReadsInRegions_worker: processing 210658 (8670975.1 per sec) @ chrUn_KI270743v1:0-210658
ForkPoolWorker-4,  processing 0 (0.0 per sec) reads @ chrUn_KI270315v1:0-2276
ForkPoolWorker-4 countReadsInRegions_worker: processing 2276 (346593.9 per sec) @ chrUn_KI270315v1:0-2276
ForkPoolWorker-4,  processing 147 (98523.9 per sec) reads @ chr13:50000000-55000000
ForkPoolWorker-4 countReadsInRegions_worker: processing 5000000 (11803516.4 per sec) @ chr13:50000000-55000000
ForkPoolWorker-4,  processing 455 (125520.1 per sec) reads @ chr3:40000000-45000000
ForkPoolWorker-4 countReadsInRegions_worker: processing 5000000 (11646451.1 per sec) @ chr3:40000000-45000000
ForkPoolWorker-4,  processing 0 (0.0 per sec) reads @ chrUn_KI270530v1:0-2168
ForkPoolWorker-4 countReadsInRegions_worker: processing 2168 (317779.2 per sec) @ chrUn_KI270530v1:0-2168
ForkPoolWorker-4,  processing 124 (96510.2 per sec) reads @ chr6:130000000-135000000
ForkPoolWorker-4 countReadsInRegions_worker: processing 5000000 (11782461.1 per sec) @ chr6:130000000-135000000
ForkPoolWorker-4,  processing 456 (122547.7 per sec) reads @ chr16:10000000-15000000
ForkPoolWorker-4 countReadsInRegions_worker: processing 5000000 (11687960.2 per sec) @ chr16:10000000-15000000
ForkPoolWorker-4,  processing 140 (101189.5 per sec) reads @ chr8:80000000-85000000
ForkPoolWorker-4 countReadsInRegions_worker: processing 5000000 (11779787.3 per sec) @ chr8:80000000-85000000
ForkPoolWorker-4,  processing 8 (18914.6 per sec) reads @ chr16:35000000-40000000
ForkPoolWorker-4 countReadsInRegions_worker: processing 5000000 (11730606.0 per sec) @ chr16:35000000-40000000
ForkPoolWorker-7,  processing 0 (0.0 per sec) reads @ chrUn_KI270509v1:0-2318
ForkPoolWorker-7 countReadsInRegions_worker: processing 2318 (178628.6 per sec) @ chrUn_KI270509v1:0-2318
ForkPoolWorker-7,  processing 710 (87775.4 per sec) reads @ chr19:30000000-35000000
ForkPoolWorker-7 countReadsInRegions_worker: processing 5000000 (11000622.1 per sec) @ chr19:30000000-35000000
ForkPoolWorker-7,  processing 114 (82283.7 per sec) reads @ chr8:5000000-10000000
ForkPoolWorker-7 countReadsInRegions_worker: processing 5000000 (11277132.8 per sec) @ chr8:5000000-10000000
ForkPoolWorker-7,  processing 0 (0.0 per sec) reads @ chrUn_KI270528v1:0-2983
ForkPoolWorker-7 countReadsInRegions_worker: processing 2983 (445237.1 per sec) @ chrUn_KI270528v1:0-2983
ForkPoolWorker-7,  processing 202 (106800.6 per sec) reads @ chr13:40000000-45000000
ForkPoolWorker-7 countReadsInRegions_worker: processing 5000000 (11591521.6 per sec) @ chr13:40000000-45000000
ForkPoolWorker-7,  processing 2371 (141382.4 per sec) reads @ chr19:40000000-45000000
ForkPoolWorker-7 countReadsInRegions_worker: processing 5000000 (11293967.6 per sec) @ chr19:40000000-45000000
ForkPoolWorker-7,  processing 3 (6489.4 per sec) reads @ chr4:190000000-190214555
ForkPoolWorker-7 countReadsInRegions_worker: processing 214555 (8047547.0 per sec) @ chr4:190000000-190214555
ForkPoolWorker-7,  processing 929 (90874.3 per sec) reads @ chr1:10000000-15000000
ForkPoolWorker-7 countReadsInRegions_worker: processing 5000000 (11379809.0 per sec) @ chr1:10000000-15000000
ForkPoolWorker-7,  processing 1052 (124300.2 per sec) reads @ chr15:75000000-80000000
ForkPoolWorker-7 countReadsInRegions_worker: processing 5000000 (11100130.0 per sec) @ chr15:75000000-80000000
ForkPoolWorker-7,  processing 0 (0.0 per sec) reads @ chrUn_KI270423v1:0-981
ForkPoolWorker-7 countReadsInRegions_worker: processing 981 (122608.3 per sec) @ chrUn_KI270423v1:0-981
ForkPoolWorker-7,  processing 452 (105347.0 per sec) reads @ chr9:95000000-100000000
ForkPoolWorker-7 countReadsInRegions_worker: processing 5000000 (11098538.0 per sec) @ chr9:95000000-100000000
ForkPoolWorker-7,  processing 130 (82916.6 per sec) reads @ chr3:70000000-75000000
ForkPoolWorker-7 countReadsInRegions_worker: processing 5000000 (11031360.0 per sec) @ chr3:70000000-75000000
ForkPoolWorker-7,  processing 0 (0.0 per sec) reads @ chr16:40000000-45000000
ForkPoolWorker-7 countReadsInRegions_worker: processing 5000000 (11028099.9 per sec) @ chr16:40000000-45000000
ForkPoolWorker-7,  processing 664 (126110.2 per sec) reads @ chr1:230000000-235000000
ForkPoolWorker-7 countReadsInRegions_worker: processing 5000000 (10648906.6 per sec) @ chr1:230000000-235000000
ForkPoolWorker-7,  processing 244 (104355.1 per sec) reads @ chr2:100000000-105000000
ForkPoolWorker-7 countReadsInRegions_worker: processing 5000000 (11323488.7 per sec) @ chr2:100000000-105000000
ForkPoolWorker-18,  processing 0 (0.0 per sec) reads @ chr14_GL000009v2_random:0-201709
ForkPoolWorker-18 countReadsInRegions_worker: processing 201709 (3105342.6 per sec) @ chr14_GL000009v2_random:0-201709
ForkPoolWorker-18,  processing 0 (0.0 per sec) reads @ chr14:10000000-15000000
ForkPoolWorker-18 countReadsInRegions_worker: processing 5000000 (11746947.5 per sec) @ chr14:10000000-15000000
ForkPoolWorker-18,  processing 0 (0.0 per sec) reads @ chrUn_KI270755v1:0-36723
ForkPoolWorker-18 countReadsInRegions_worker: processing 36723 (3723437.2 per sec) @ chrUn_KI270755v1:0-36723
ForkPoolWorker-18,  processing 72 (64610.6 per sec) reads @ chr13:105000000-110000000
ForkPoolWorker-18 countReadsInRegions_worker: processing 5000000 (11787858.7 per sec) @ chr13:105000000-110000000
ForkPoolWorker-18,  processing 853 (141133.8 per sec) reads @ chr10:75000000-80000000
ForkPoolWorker-18 countReadsInRegions_worker: processing 5000000 (11425520.5 per sec) @ chr10:75000000-80000000
ForkPoolWorker-18,  processing 198 (104435.6 per sec) reads @ chr2:65000000-70000000
ForkPoolWorker-18 countReadsInRegions_worker: processing 5000000 (11719678.0 per sec) @ chr2:65000000-70000000
ForkPoolWorker-18,  processing 85 (74538.1 per sec) reads @ chr4:50000000-55000000
ForkPoolWorker-18 countReadsInRegions_worker: processing 5000000 (11569517.2 per sec) @ chr4:50000000-55000000
ForkPoolWorker-18,  processing 155 (94480.0 per sec) reads @ chr8:10000000-15000000
ForkPoolWorker-18 countReadsInRegions_worker: processing 5000000 (11850552.6 per sec) @ chr8:10000000-15000000
ForkPoolWorker-18,  processing 474 (136526.6 per sec) reads @ chr13:75000000-80000000
ForkPoolWorker-18 countReadsInRegions_worker: processing 5000000 (11669723.5 per sec) @ chr13:75000000-80000000
ForkPoolWorker-18,  processing 124 (98764.5 per sec) reads @ chr3:190000000-195000000
ForkPoolWorker-18 countReadsInRegions_worker: processing 5000000 (11740759.1 per sec) @ chr3:190000000-195000000
ForkPoolWorker-18,  processing 108 (93572.6 per sec) reads @ chr9:15000000-20000000
ForkPoolWorker-18 countReadsInRegions_worker: processing 5000000 (11701864.6 per sec) @ chr9:15000000-20000000
ForkPoolWorker-18,  processing 91 (86412.0 per sec) reads @ chr8:90000000-95000000
ForkPoolWorker-18 countReadsInRegions_worker: processing 5000000 (11805775.6 per sec) @ chr8:90000000-95000000
ForkPoolWorker-18,  processing 94 (91732.1 per sec) reads @ chr3:100000000-105000000
ForkPoolWorker-18 countReadsInRegions_worker: processing 5000000 (11842682.7 per sec) @ chr3:100000000-105000000
ForkPoolWorker-18,  processing 1838 (140411.1 per sec) reads @ chr12:5000000-10000000
ForkPoolWorker-18 countReadsInRegions_worker: processing 5000000 (11570123.5 per sec) @ chr12:5000000-10000000
ForkPoolWorker-18,  processing 0 (0.0 per sec) reads @ chrUn_KI270378v1:0-1048
ForkPoolWorker-18 countReadsInRegions_worker: processing 1048 (160782.4 per sec) @ chrUn_KI270378v1:0-1048
ForkPoolWorker-8,  processing 395 (28307.9 per sec) reads @ chr12:95000000-100000000
ForkPoolWorker-8 countReadsInRegions_worker: processing 5000000 (6144112.2 per sec) @ chr12:95000000-100000000
ForkPoolWorker-8,  processing 0 (0.0 per sec) reads @ chr9:50000000-55000000
ForkPoolWorker-8 countReadsInRegions_worker: processing 5000000 (11565140.3 per sec) @ chr9:50000000-55000000
ForkPoolWorker-8,  processing 288 (112159.7 per sec) reads @ chr6:15000000-20000000
ForkPoolWorker-8 countReadsInRegions_worker: processing 5000000 (11913477.0 per sec) @ chr6:15000000-20000000
ForkPoolWorker-8,  processing 0 (0.0 per sec) reads @ chr1_KI270714v1_random:0-41717
ForkPoolWorker-8 countReadsInRegions_worker: processing 41717 (4295205.3 per sec) @ chr1_KI270714v1_random:0-41717
ForkPoolWorker-8,  processing 40 (48017.2 per sec) reads @ chr18:70000000-75000000
ForkPoolWorker-8 countReadsInRegions_worker: processing 5000000 (11717955.8 per sec) @ chr18:70000000-75000000
ForkPoolWorker-8,  processing 1361 (120307.0 per sec) reads @ chr6:40000000-45000000
ForkPoolWorker-8 countReadsInRegions_worker: processing 5000000 (11461462.9 per sec) @ chr6:40000000-45000000
ForkPoolWorker-8,  processing 1 (2595.5 per sec) reads @ chrY:0-5000000
ForkPoolWorker-8 countReadsInRegions_worker: processing 5000000 (11761276.3 per sec) @ chrY:0-5000000
ForkPoolWorker-8,  processing 979 (137959.4 per sec) reads @ chr20:30000000-35000000
ForkPoolWorker-8 countReadsInRegions_worker: processing 5000000 (11497014.4 per sec) @ chr20:30000000-35000000
ForkPoolWorker-8,  processing 209 (110348.6 per sec) reads @ chr7:50000000-55000000
ForkPoolWorker-8 countReadsInRegions_worker: processing 5000000 (11817650.6 per sec) @ chr7:50000000-55000000
ForkPoolWorker-8,  processing 278 (130880.7 per sec) reads @ chr12:125000000-130000000
ForkPoolWorker-8 countReadsInRegions_worker: processing 5000000 (11888987.5 per sec) @ chr12:125000000-130000000
ForkPoolWorker-8,  processing 74 (67298.0 per sec) reads @ chr5:110000000-115000000
ForkPoolWorker-8 countReadsInRegions_worker: processing 5000000 (11846161.3 per sec) @ chr5:110000000-115000000
ForkPoolWorker-8,  processing 38 (54527.4 per sec) reads @ chr7:115000000-120000000
ForkPoolWorker-8 countReadsInRegions_worker: processing 5000000 (11911805.6 per sec) @ chr7:115000000-120000000
ForkPoolWorker-8,  processing 0 (0.0 per sec) reads @ chrUn_KI270756v1:0-79590
ForkPoolWorker-8 countReadsInRegions_worker: processing 79590 (6267830.6 per sec) @ chrUn_KI270756v1:0-79590
ForkPoolWorker-8,  processing 330 (117258.6 per sec) reads @ chr2:175000000-180000000
ForkPoolWorker-8 countReadsInRegions_worker: processing 5000000 (11825253.8 per sec) @ chr2:175000000-180000000
ForkPoolWorker-8,  processing 0 (0.0 per sec) reads @ chrUn_KI270383v1:0-1750
ForkPoolWorker-8 countReadsInRegions_worker: processing 1750 (237457.0 per sec) @ chrUn_KI270383v1:0-1750
ForkPoolWorker-40,  processing 0 (0.0 per sec) reads @ chrY_KI270740v1_random:0-37240
ForkPoolWorker-40 countReadsInRegions_worker: processing 37240 (992980.8 per sec) @ chrY_KI270740v1_random:0-37240
ForkPoolWorker-40,  processing 79 (60842.8 per sec) reads @ chr15:35000000-40000000
ForkPoolWorker-40 countReadsInRegions_worker: processing 5000000 (8369973.1 per sec) @ chr15:35000000-40000000
ForkPoolWorker-40,  processing 369 (106568.8 per sec) reads @ chr1:160000000-165000000
ForkPoolWorker-40 countReadsInRegions_worker: processing 5000000 (11664024.8 per sec) @ chr1:160000000-165000000
ForkPoolWorker-40,  processing 384 (109245.9 per sec) reads @ chr1:45000000-50000000
ForkPoolWorker-40 countReadsInRegions_worker: processing 5000000 (11731708.5 per sec) @ chr1:45000000-50000000
ForkPoolWorker-40,  processing 802 (160580.1 per sec) reads @ chr1:120000000-125000000
ForkPoolWorker-40 countReadsInRegions_worker: processing 5000000 (11547386.3 per sec) @ chr1:120000000-125000000
ForkPoolWorker-40,  processing 342 (122268.3 per sec) reads @ chr6:85000000-90000000
ForkPoolWorker-40 countReadsInRegions_worker: processing 5000000 (11551628.8 per sec) @ chr6:85000000-90000000
ForkPoolWorker-40,  processing 57 (57887.5 per sec) reads @ chr4:95000000-100000000
ForkPoolWorker-40 countReadsInRegions_worker: processing 5000000 (11797089.0 per sec) @ chr4:95000000-100000000
ForkPoolWorker-40,  processing 114 (94421.5 per sec) reads @ chr20:20000000-25000000
ForkPoolWorker-40 countReadsInRegions_worker: processing 5000000 (11806506.7 per sec) @ chr20:20000000-25000000
ForkPoolWorker-40,  processing 79 (84099.0 per sec) reads @ chr9:70000000-75000000
ForkPoolWorker-40 countReadsInRegions_worker: processing 5000000 (11989158.5 per sec) @ chr9:70000000-75000000
ForkPoolWorker-40,  processing 58 (56156.4 per sec) reads @ chr12:40000000-45000000
ForkPoolWorker-40 countReadsInRegions_worker: processing 5000000 (11714401.6 per sec) @ chr12:40000000-45000000
ForkPoolWorker-40,  processing 645 (129577.8 per sec) reads @ chr6:155000000-160000000
ForkPoolWorker-40 countReadsInRegions_worker: processing 5000000 (11655001.4 per sec) @ chr6:155000000-160000000
ForkPoolWorker-40,  processing 31 (50240.9 per sec) reads @ chr6:60000000-65000000
ForkPoolWorker-40 countReadsInRegions_worker: processing 5000000 (11895124.0 per sec) @ chr6:60000000-65000000
ForkPoolWorker-40,  processing 175 (98168.1 per sec) reads @ chr2:200000000-205000000
ForkPoolWorker-40 countReadsInRegions_worker: processing 5000000 (11906841.5 per sec) @ chr2:200000000-205000000
ForkPoolWorker-40,  processing 0 (0.0 per sec) reads @ chrUn_KI270747v1:0-198735
ForkPoolWorker-40 countReadsInRegions_worker: processing 198735 (8160826.8 per sec) @ chrUn_KI270747v1:0-198735
ForkPoolWorker-40,  processing 98 (109992.5 per sec) reads @ chr1_KI270713v1_random:0-40745
ForkPoolWorker-40 countReadsInRegions_worker: processing 40745 (4046525.6 per sec) @ chr1_KI270713v1_random:0-40745
ForkPoolWorker-42,  processing 0 (0.0 per sec) reads @ chrUn_KI270305v1:0-1472
ForkPoolWorker-42 countReadsInRegions_worker: processing 1472 (85218.8 per sec) @ chrUn_KI270305v1:0-1472
ForkPoolWorker-42,  processing 124 (26203.8 per sec) reads @ chr3:135000000-140000000
ForkPoolWorker-42 countReadsInRegions_worker: processing 5000000 (7303699.0 per sec) @ chr3:135000000-140000000
ForkPoolWorker-42,  processing 0 (0.0 per sec) reads @ chr9_KI270720v1_random:0-39050
ForkPoolWorker-42 countReadsInRegions_worker: processing 39050 (2649041.2 per sec) @ chr9_KI270720v1_random:0-39050
ForkPoolWorker-42,  processing 219 (104227.0 per sec) reads @ chr6:115000000-120000000
ForkPoolWorker-42 countReadsInRegions_worker: processing 5000000 (11696897.7 per sec) @ chr6:115000000-120000000
ForkPoolWorker-42,  processing 705 (131310.6 per sec) reads @ chr17:50000000-55000000
ForkPoolWorker-42 countReadsInRegions_worker: processing 5000000 (11791908.4 per sec) @ chr17:50000000-55000000
ForkPoolWorker-42,  processing 274 (116155.2 per sec) reads @ chr14:50000000-55000000
ForkPoolWorker-42 countReadsInRegions_worker: processing 5000000 (11663836.7 per sec) @ chr14:50000000-55000000
ForkPoolWorker-42,  processing 653 (122282.4 per sec) reads @ chr2:95000000-100000000
ForkPoolWorker-42 countReadsInRegions_worker: processing 5000000 (11670197.5 per sec) @ chr2:95000000-100000000
ForkPoolWorker-42,  processing 1556 (121657.9 per sec) reads @ chr1:150000000-155000000
ForkPoolWorker-42 countReadsInRegions_worker: processing 5000000 (11392599.5 per sec) @ chr1:150000000-155000000
ForkPoolWorker-42,  processing 2128 (142796.2 per sec) reads @ chr7:5000000-10000000
ForkPoolWorker-42 countReadsInRegions_worker: processing 5000000 (11459383.6 per sec) @ chr7:5000000-10000000
ForkPoolWorker-42,  processing 466 (126336.1 per sec) reads @ chr7:75000000-80000000
ForkPoolWorker-42 countReadsInRegions_worker: processing 5000000 (11852012.6 per sec) @ chr7:75000000-80000000
ForkPoolWorker-42,  processing 0 (0.0 per sec) reads @ chrUn_KI270538v1:0-91309
ForkPoolWorker-42 countReadsInRegions_worker: processing 91309 (6441471.8 per sec) @ chrUn_KI270538v1:0-91309
ForkPoolWorker-42,  processing 139 (95403.1 per sec) reads @ chr6:125000000-130000000
ForkPoolWorker-42 countReadsInRegions_worker: processing 5000000 (11938026.9 per sec) @ chr6:125000000-130000000
ForkPoolWorker-42,  processing 42 (57362.7 per sec) reads @ chr20:10000000-15000000
ForkPoolWorker-42 countReadsInRegions_worker: processing 5000000 (11770148.0 per sec) @ chr20:10000000-15000000
ForkPoolWorker-42,  processing 81 (74799.3 per sec) reads @ chr9:0-5000000
ForkPoolWorker-42 countReadsInRegions_worker: processing 5000000 (11851403.1 per sec) @ chr9:0-5000000
ForkPoolWorker-42,  processing 2737 (142835.2 per sec) reads @ chr1:25000000-30000000
ForkPoolWorker-42 countReadsInRegions_worker: processing 5000000 (11437578.1 per sec) @ chr1:25000000-30000000
ForkPoolWorker-41,  processing 965 (71887.9 per sec) reads @ chr11:115000000-120000000
ForkPoolWorker-41 countReadsInRegions_worker: processing 5000000 (10614879.4 per sec) @ chr11:115000000-120000000
ForkPoolWorker-41,  processing 236 (105505.8 per sec) reads @ chr4:75000000-80000000
ForkPoolWorker-41 countReadsInRegions_worker: processing 5000000 (11468062.6 per sec) @ chr4:75000000-80000000
ForkPoolWorker-41,  processing 706 (135858.8 per sec) reads @ chr7:155000000-159345973
ForkPoolWorker-41 countReadsInRegions_worker: processing 4345973 (11506753.8 per sec) @ chr7:155000000-159345973
ForkPoolWorker-41,  processing 0 (0.0 per sec) reads @ chr13:0-5000000
ForkPoolWorker-41 countReadsInRegions_worker: processing 5000000 (11859251.0 per sec) @ chr13:0-5000000
ForkPoolWorker-41,  processing 101 (79838.8 per sec) reads @ chr6:80000000-85000000
ForkPoolWorker-41 countReadsInRegions_worker: processing 5000000 (12058439.8 per sec) @ chr6:80000000-85000000
ForkPoolWorker-41,  processing 200 (118533.4 per sec) reads @ chr2:40000000-45000000
ForkPoolWorker-41 countReadsInRegions_worker: processing 5000000 (11827121.1 per sec) @ chr2:40000000-45000000
ForkPoolWorker-41,  processing 336 (124517.2 per sec) reads @ chr9:75000000-80000000
ForkPoolWorker-41 countReadsInRegions_worker: processing 5000000 (11572913.7 per sec) @ chr9:75000000-80000000
ForkPoolWorker-41,  processing 3 (6560.4 per sec) reads @ chr8:110000000-115000000
ForkPoolWorker-41 countReadsInRegions_worker: processing 5000000 (11276756.8 per sec) @ chr8:110000000-115000000
ForkPoolWorker-41,  processing 58 (65926.7 per sec) reads @ chr6:95000000-100000000
ForkPoolWorker-41 countReadsInRegions_worker: processing 5000000 (11298464.2 per sec) @ chr6:95000000-100000000
ForkPoolWorker-41,  processing 1772 (136643.4 per sec) reads @ chrX:115000000-120000000
ForkPoolWorker-41 countReadsInRegions_worker: processing 5000000 (11117677.7 per sec) @ chrX:115000000-120000000
ForkPoolWorker-41,  processing 0 (0.0 per sec) reads @ chrUn_KI270752v1:0-27745
ForkPoolWorker-41 countReadsInRegions_worker: processing 27745 (2933623.2 per sec) @ chrUn_KI270752v1:0-27745
ForkPoolWorker-41,  processing 1213 (121473.9 per sec) reads @ chr15:70000000-75000000
ForkPoolWorker-41 countReadsInRegions_worker: processing 5000000 (11063145.6 per sec) @ chr15:70000000-75000000
ForkPoolWorker-41,  processing 0 (0.0 per sec) reads @ chrUn_KI270581v1:0-7046
ForkPoolWorker-41 countReadsInRegions_worker: processing 7046 (959484.0 per sec) @ chrUn_KI270581v1:0-7046
ForkPoolWorker-41,  processing 1 (2960.0 per sec) reads @ chr22_KI270732v1_random:0-41543
ForkPoolWorker-41 countReadsInRegions_worker: processing 41543 (1988518.9 per sec) @ chr22_KI270732v1_random:0-41543
ForkPoolWorker-41,  processing 763 (128369.6 per sec) reads @ chr11:45000000-50000000
ForkPoolWorker-41 countReadsInRegions_worker: processing 5000000 (11463499.0 per sec) @ chr11:45000000-50000000
ForkPoolWorker-22,  processing 2215 (50025.5 per sec) reads @ chr6:10000000-15000000
ForkPoolWorker-22 countReadsInRegions_worker: processing 5000000 (9895573.2 per sec) @ chr6:10000000-15000000
ForkPoolWorker-22,  processing 477 (126874.4 per sec) reads @ chr11:55000000-60000000
ForkPoolWorker-22 countReadsInRegions_worker: processing 5000000 (11576331.5 per sec) @ chr11:55000000-60000000
ForkPoolWorker-22,  processing 0 (0.0 per sec) reads @ chrUn_KI270512v1:0-22689
ForkPoolWorker-22 countReadsInRegions_worker: processing 22689 (2808208.3 per sec) @ chrUn_KI270512v1:0-22689
ForkPoolWorker-22,  processing 7 (14873.4 per sec) reads @ chr18:65000000-70000000
ForkPoolWorker-22 countReadsInRegions_worker: processing 5000000 (11985266.7 per sec) @ chr18:65000000-70000000
ForkPoolWorker-22,  processing 1026 (110694.4 per sec) reads @ chr1:20000000-25000000
ForkPoolWorker-22 countReadsInRegions_worker: processing 5000000 (11719868.0 per sec) @ chr1:20000000-25000000
ForkPoolWorker-22,  processing 30 (49248.2 per sec) reads @ chr4:130000000-135000000
ForkPoolWorker-22 countReadsInRegions_worker: processing 5000000 (11956540.0 per sec) @ chr4:130000000-135000000
ForkPoolWorker-22,  processing 349 (128190.9 per sec) reads @ chr13:25000000-30000000
ForkPoolWorker-22 countReadsInRegions_worker: processing 5000000 (11742862.8 per sec) @ chr13:25000000-30000000
ForkPoolWorker-22,  processing 0 (0.0 per sec) reads @ chrUn_GL000213v1:0-164239
ForkPoolWorker-22 countReadsInRegions_worker: processing 164239 (7795802.5 per sec) @ chrUn_GL000213v1:0-164239
ForkPoolWorker-22,  processing 31 (51474.0 per sec) reads @ chr13:15000000-20000000
ForkPoolWorker-22 countReadsInRegions_worker: processing 5000000 (11901915.3 per sec) @ chr13:15000000-20000000
ForkPoolWorker-22,  processing 61 (67757.6 per sec) reads @ chr5:35000000-40000000
ForkPoolWorker-22 countReadsInRegions_worker: processing 5000000 (11787593.6 per sec) @ chr5:35000000-40000000
ForkPoolWorker-22,  processing 261 (111716.8 per sec) reads @ chr2:45000000-50000000
ForkPoolWorker-22 countReadsInRegions_worker: processing 5000000 (11820408.2 per sec) @ chr2:45000000-50000000
ForkPoolWorker-22,  processing 66 (76938.3 per sec) reads @ chr3:20000000-25000000
ForkPoolWorker-22 countReadsInRegions_worker: processing 5000000 (11895501.9 per sec) @ chr3:20000000-25000000
ForkPoolWorker-22,  processing 97 (79462.4 per sec) reads @ chr2:150000000-155000000
ForkPoolWorker-22 countReadsInRegions_worker: processing 5000000 (11770332.9 per sec) @ chr2:150000000-155000000
ForkPoolWorker-22,  processing 6157 (152846.5 per sec) reads @ chr17:80000000-83257441
ForkPoolWorker-22 countReadsInRegions_worker: processing 3257441 (10194278.2 per sec) @ chr17:80000000-83257441
ForkPoolWorker-22,  processing 2746 (143045.1 per sec) reads @ chr5:175000000-180000000
ForkPoolWorker-22 countReadsInRegions_worker: processing 5000000 (11456779.3 per sec) @ chr5:175000000-180000000
ForkPoolWorker-29,  processing 262 (30482.9 per sec) reads @ chr18:5000000-10000000
ForkPoolWorker-29 countReadsInRegions_worker: processing 5000000 (10372810.5 per sec) @ chr18:5000000-10000000
ForkPoolWorker-29,  processing 9085 (159799.9 per sec) reads @ chr22_KI270733v1_random:0-179772
ForkPoolWorker-29 countReadsInRegions_worker: processing 179772 (2296533.1 per sec) @ chr22_KI270733v1_random:0-179772
ForkPoolWorker-29,  processing 167 (102780.5 per sec) reads @ chrX:65000000-70000000
ForkPoolWorker-29 countReadsInRegions_worker: processing 5000000 (11589458.9 per sec) @ chrX:65000000-70000000
ForkPoolWorker-29,  processing 65 (66044.0 per sec) reads @ chr2:220000000-225000000
ForkPoolWorker-29 countReadsInRegions_worker: processing 5000000 (11669833.9 per sec) @ chr2:220000000-225000000
ForkPoolWorker-29,  processing 93 (76289.9 per sec) reads @ chr6:170000000-170805979
ForkPoolWorker-29 countReadsInRegions_worker: processing 805979 (10606953.5 per sec) @ chr6:170000000-170805979
ForkPoolWorker-29,  processing 59 (75700.2 per sec) reads @ chr18:80000000-80373285
ForkPoolWorker-29 countReadsInRegions_worker: processing 373285 (9554229.9 per sec) @ chr18:80000000-80373285
ForkPoolWorker-29,  processing 73 (73637.4 per sec) reads @ chrX:125000000-130000000
ForkPoolWorker-29 countReadsInRegions_worker: processing 5000000 (11865403.9 per sec) @ chrX:125000000-130000000
ForkPoolWorker-29,  processing 0 (0.0 per sec) reads @ chr22:0-5000000
ForkPoolWorker-29 countReadsInRegions_worker: processing 5000000 (11510095.2 per sec) @ chr22:0-5000000
ForkPoolWorker-29,  processing 65 (65191.2 per sec) reads @ chr11:85000000-90000000
ForkPoolWorker-29 countReadsInRegions_worker: processing 5000000 (10785300.1 per sec) @ chr11:85000000-90000000
ForkPoolWorker-29,  processing 205 (87586.1 per sec) reads @ chr1:165000000-170000000
ForkPoolWorker-29 countReadsInRegions_worker: processing 5000000 (10547558.1 per sec) @ chr1:165000000-170000000
ForkPoolWorker-29,  processing 574 (103225.6 per sec) reads @ chr16:55000000-60000000
ForkPoolWorker-29 countReadsInRegions_worker: processing 5000000 (10546364.7 per sec) @ chr16:55000000-60000000
ForkPoolWorker-29,  processing 3094 (122453.9 per sec) reads @ chr17:0-5000000
ForkPoolWorker-29 countReadsInRegions_worker: processing 5000000 (10287211.7 per sec) @ chr17:0-5000000
ForkPoolWorker-29,  processing 67 (64975.3 per sec) reads @ chr9:100000000-105000000
ForkPoolWorker-29 countReadsInRegions_worker: processing 5000000 (11065585.6 per sec) @ chr9:100000000-105000000
ForkPoolWorker-29,  processing 0 (0.0 per sec) reads @ chr2_KI270715v1_random:0-161471
ForkPoolWorker-29 countReadsInRegions_worker: processing 161471 (7978353.1 per sec) @ chr2_KI270715v1_random:0-161471
ForkPoolWorker-29,  processing 576 (111219.9 per sec) reads @ chr1:110000000-115000000
ForkPoolWorker-29 countReadsInRegions_worker: processing 5000000 (10902888.1 per sec) @ chr1:110000000-115000000
ForkPoolWorker-48,  processing 0 (0.0 per sec) reads @ chrUn_KI270741v1:0-157432
ForkPoolWorker-48 countReadsInRegions_worker: processing 157432 (2685298.8 per sec) @ chrUn_KI270741v1:0-157432
ForkPoolWorker-48,  processing 100 (66798.9 per sec) reads @ chr14:35000000-40000000
ForkPoolWorker-48 countReadsInRegions_worker: processing 5000000 (8295925.9 per sec) @ chr14:35000000-40000000
ForkPoolWorker-48,  processing 1607 (126791.7 per sec) reads @ chr14:20000000-25000000
ForkPoolWorker-48 countReadsInRegions_worker: processing 5000000 (11234199.2 per sec) @ chr14:20000000-25000000
ForkPoolWorker-48,  processing 339 (113188.1 per sec) reads @ chr3:55000000-60000000
ForkPoolWorker-48 countReadsInRegions_worker: processing 5000000 (11523819.9 per sec) @ chr3:55000000-60000000
ForkPoolWorker-48,  processing 128 (84974.8 per sec) reads @ chr5:65000000-70000000
ForkPoolWorker-48 countReadsInRegions_worker: processing 5000000 (11423273.8 per sec) @ chr5:65000000-70000000
ForkPoolWorker-48,  processing 0 (0.0 per sec) reads @ chr1:130000000-135000000
ForkPoolWorker-48 countReadsInRegions_worker: processing 5000000 (10719509.6 per sec) @ chr1:130000000-135000000
ForkPoolWorker-48,  processing 102 (72548.6 per sec) reads @ chr5:155000000-160000000
ForkPoolWorker-48 countReadsInRegions_worker: processing 5000000 (10549898.1 per sec) @ chr5:155000000-160000000
ForkPoolWorker-48,  processing 304 (101493.9 per sec) reads @ chr14:60000000-65000000
ForkPoolWorker-48 countReadsInRegions_worker: processing 5000000 (10400115.1 per sec) @ chr14:60000000-65000000
ForkPoolWorker-48,  processing 0 (0.0 per sec) reads @ chr22_KI270737v1_random:0-103838
ForkPoolWorker-48 countReadsInRegions_worker: processing 103838 (5976864.5 per sec) @ chr22_KI270737v1_random:0-103838
ForkPoolWorker-48,  processing 0 (0.0 per sec) reads @ chrUn_KI270468v1:0-4055
ForkPoolWorker-48 countReadsInRegions_worker: processing 4055 (483893.9 per sec) @ chrUn_KI270468v1:0-4055
ForkPoolWorker-48,  processing 0 (0.0 per sec) reads @ chr15_KI270727v1_random:0-448248
ForkPoolWorker-48 countReadsInRegions_worker: processing 448248 (8701897.1 per sec) @ chr15_KI270727v1_random:0-448248
ForkPoolWorker-48,  processing 46 (50035.8 per sec) reads @ chr5:100000000-105000000
ForkPoolWorker-48 countReadsInRegions_worker: processing 5000000 (10230873.1 per sec) @ chr5:100000000-105000000
ForkPoolWorker-48,  processing 160 (86269.3 per sec) reads @ chr21:25000000-30000000
ForkPoolWorker-48 countReadsInRegions_worker: processing 5000000 (10298942.3 per sec) @ chr21:25000000-30000000
ForkPoolWorker-48,  processing 35 (39859.0 per sec) reads @ chr2:185000000-190000000
ForkPoolWorker-48 countReadsInRegions_worker: processing 5000000 (10317319.4 per sec) @ chr2:185000000-190000000
ForkPoolWorker-48,  processing 17 (28589.9 per sec) reads @ chr9:60000000-65000000
ForkPoolWorker-48 countReadsInRegions_worker: processing 5000000 (10644766.2 per sec) @ chr9:60000000-65000000
ForkPoolWorker-32,  processing 30 (7142.5 per sec) reads @ chr19:20000000-25000000
ForkPoolWorker-32 countReadsInRegions_worker: processing 5000000 (6275362.2 per sec) @ chr19:20000000-25000000
ForkPoolWorker-32,  processing 0 (0.0 per sec) reads @ chrUn_KI270387v1:0-1537
ForkPoolWorker-32 countReadsInRegions_worker: processing 1537 (202948.1 per sec) @ chrUn_KI270387v1:0-1537
ForkPoolWorker-32,  processing 213 (85671.9 per sec) reads @ chr18:35000000-40000000
ForkPoolWorker-32 countReadsInRegions_worker: processing 5000000 (11530891.1 per sec) @ chr18:35000000-40000000
ForkPoolWorker-32,  processing 0 (0.0 per sec) reads @ chr22_KI270736v1_random:0-181920
ForkPoolWorker-32 countReadsInRegions_worker: processing 181920 (7333632.4 per sec) @ chr22_KI270736v1_random:0-181920
ForkPoolWorker-32,  processing 12 (20738.2 per sec) reads @ chrX:95000000-100000000
ForkPoolWorker-32 countReadsInRegions_worker: processing 5000000 (11802958.3 per sec) @ chrX:95000000-100000000
ForkPoolWorker-32,  processing 18 (27137.8 per sec) reads @ chr6:90000000-95000000
ForkPoolWorker-32 countReadsInRegions_worker: processing 5000000 (11955701.5 per sec) @ chr6:90000000-95000000
ForkPoolWorker-32,  processing 159 (92303.7 per sec) reads @ chr16:45000000-50000000
ForkPoolWorker-32 countReadsInRegions_worker: processing 5000000 (11670730.1 per sec) @ chr16:45000000-50000000
ForkPoolWorker-32,  processing 0 (0.0 per sec) reads @ chrUn_KI270363v1:0-1803
ForkPoolWorker-32 countReadsInRegions_worker: processing 1803 (242833.8 per sec) @ chrUn_KI270363v1:0-1803
ForkPoolWorker-32,  processing 350 (112001.7 per sec) reads @ chr11:15000000-20000000
ForkPoolWorker-32 countReadsInRegions_worker: processing 5000000 (11319424.3 per sec) @ chr11:15000000-20000000
ForkPoolWorker-32,  processing 20 (29715.2 per sec) reads @ chr12:80000000-85000000
ForkPoolWorker-32 countReadsInRegions_worker: processing 5000000 (11297983.3 per sec) @ chr12:80000000-85000000
ForkPoolWorker-32,  processing 8 (16561.9 per sec) reads @ chr8:145000000-145138636
ForkPoolWorker-32 countReadsInRegions_worker: processing 138636 (7413452.1 per sec) @ chr8:145000000-145138636
ForkPoolWorker-32,  processing 0 (0.0 per sec) reads @ chrUn_KI270508v1:0-1951
ForkPoolWorker-32 countReadsInRegions_worker: processing 1951 (251678.9 per sec) @ chrUn_KI270508v1:0-1951
ForkPoolWorker-32,  processing 61 (69638.7 per sec) reads @ chr8:75000000-80000000
ForkPoolWorker-32 countReadsInRegions_worker: processing 5000000 (11273634.9 per sec) @ chr8:75000000-80000000
ForkPoolWorker-32,  processing 1 (2832.1 per sec) reads @ chrUn_KI270467v1:0-3920
ForkPoolWorker-32 countReadsInRegions_worker: processing 3920 (504732.8 per sec) @ chrUn_KI270467v1:0-3920
ForkPoolWorker-32,  processing 0 (0.0 per sec) reads @ chrUn_KI270589v1:0-44474
ForkPoolWorker-32 countReadsInRegions_worker: processing 44474 (4215726.7 per sec) @ chrUn_KI270589v1:0-44474
ForkPoolWorker-32,  processing 140 (85003.3 per sec) reads @ chr7:90000000-95000000
ForkPoolWorker-32 countReadsInRegions_worker: processing 5000000 (11013244.9 per sec) @ chr7:90000000-95000000
ForkPoolWorker-32,  processing 11 (20792.0 per sec) reads @ chrX:30000000-35000000
ForkPoolWorker-32 countReadsInRegions_worker: processing 5000000 (11122276.8 per sec) @ chrX:30000000-35000000
ForkPoolWorker-32,  processing 120 (78667.8 per sec) reads @ chr15:55000000-60000000
ForkPoolWorker-32 countReadsInRegions_worker: processing 5000000 (11528647.2 per sec) @ chr15:55000000-60000000
ForkPoolWorker-32,  processing 0 (0.0 per sec) reads @ chrUn_KI270379v1:0-1045
ForkPoolWorker-32 countReadsInRegions_worker: processing 1045 (148060.9 per sec) @ chrUn_KI270379v1:0-1045
ForkPoolWorker-32,  processing 149 (93808.4 per sec) reads @ chr11:110000000-115000000
ForkPoolWorker-32 countReadsInRegions_worker: processing 5000000 (11706188.7 per sec) @ chr11:110000000-115000000
ForkPoolWorker-24,  processing 1108 (59807.6 per sec) reads @ chr10:130000000-133797422
ForkPoolWorker-24 countReadsInRegions_worker: processing 3797422 (7462737.8 per sec) @ chr10:130000000-133797422
ForkPoolWorker-24,  processing 0 (0.0 per sec) reads @ chr11:50000000-55000000
ForkPoolWorker-24 countReadsInRegions_worker: processing 5000000 (11877910.5 per sec) @ chr11:50000000-55000000
ForkPoolWorker-24,  processing 350 (97671.7 per sec) reads @ chr14:30000000-35000000
ForkPoolWorker-24 countReadsInRegions_worker: processing 5000000 (12007858.1 per sec) @ chr14:30000000-35000000
ForkPoolWorker-24,  processing 137 (96818.8 per sec) reads @ chr10:20000000-25000000
ForkPoolWorker-24 countReadsInRegions_worker: processing 5000000 (11925569.8 per sec) @ chr10:20000000-25000000
ForkPoolWorker-24,  processing 0 (0.0 per sec) reads @ chrUn_KI270521v1:0-7642
ForkPoolWorker-24 countReadsInRegions_worker: processing 7642 (1030638.9 per sec) @ chrUn_KI270521v1:0-7642
ForkPoolWorker-24,  processing 611 (135622.3 per sec) reads @ chr20:55000000-60000000
ForkPoolWorker-24 countReadsInRegions_worker: processing 5000000 (11894483.1 per sec) @ chr20:55000000-60000000
ForkPoolWorker-24,  processing 131 (109540.2 per sec) reads @ chr2:55000000-60000000
ForkPoolWorker-24 countReadsInRegions_worker: processing 5000000 (11994781.5 per sec) @ chr2:55000000-60000000
ForkPoolWorker-24,  processing 175 (104173.0 per sec) reads @ chr3:140000000-145000000
ForkPoolWorker-24 countReadsInRegions_worker: processing 5000000 (12011104.2 per sec) @ chr3:140000000-145000000
ForkPoolWorker-24,  processing 286 (116429.3 per sec) reads @ chr11:130000000-135000000
ForkPoolWorker-24 countReadsInRegions_worker: processing 5000000 (11897323.9 per sec) @ chr11:130000000-135000000
ForkPoolWorker-24,  processing 203 (109566.8 per sec) reads @ chr12:100000000-105000000
ForkPoolWorker-24 countReadsInRegions_worker: processing 5000000 (11826554.2 per sec) @ chr12:100000000-105000000
ForkPoolWorker-24,  processing 160 (105517.1 per sec) reads @ chr3:75000000-80000000
ForkPoolWorker-24 countReadsInRegions_worker: processing 5000000 (12019771.3 per sec) @ chr3:75000000-80000000
ForkPoolWorker-24,  processing 725 (133976.8 per sec) reads @ chr22:30000000-35000000
ForkPoolWorker-24 countReadsInRegions_worker: processing 5000000 (11912143.9 per sec) @ chr22:30000000-35000000
ForkPoolWorker-24,  processing 173 (103231.6 per sec) reads @ chr5:125000000-130000000
ForkPoolWorker-24 countReadsInRegions_worker: processing 5000000 (11858090.9 per sec) @ chr5:125000000-130000000
ForkPoolWorker-24,  processing 566 (126971.0 per sec) reads @ chr7:125000000-130000000
ForkPoolWorker-24 countReadsInRegions_worker: processing 5000000 (11899160.1 per sec) @ chr7:125000000-130000000
ForkPoolWorker-24,  processing 0 (0.0 per sec) reads @ chrUn_KI270466v1:0-1233
ForkPoolWorker-24 countReadsInRegions_worker: processing 1233 (185069.3 per sec) @ chrUn_KI270466v1:0-1233
ForkPoolWorker-39,  processing 0 (0.0 per sec) reads @ chrY:35000000-40000000
ForkPoolWorker-39 countReadsInRegions_worker: processing 5000000 (7086129.3 per sec) @ chrY:35000000-40000000
ForkPoolWorker-39,  processing 191 (107416.5 per sec) reads @ chr3:85000000-90000000
ForkPoolWorker-39 countReadsInRegions_worker: processing 5000000 (11493391.4 per sec) @ chr3:85000000-90000000
ForkPoolWorker-39,  processing 0 (0.0 per sec) reads @ chrY:30000000-35000000
ForkPoolWorker-39 countReadsInRegions_worker: processing 5000000 (11565912.1 per sec) @ chrY:30000000-35000000
ForkPoolWorker-39,  processing 76 (70539.3 per sec) reads @ chr8:55000000-60000000
ForkPoolWorker-39 countReadsInRegions_worker: processing 5000000 (11539748.7 per sec) @ chr8:55000000-60000000
ForkPoolWorker-39,  processing 453 (126854.0 per sec) reads @ chr20:15000000-20000000
ForkPoolWorker-39 countReadsInRegions_worker: processing 5000000 (11384151.7 per sec) @ chr20:15000000-20000000
ForkPoolWorker-39,  processing 309 (108700.8 per sec) reads @ chr18:20000000-25000000
ForkPoolWorker-39 countReadsInRegions_worker: processing 5000000 (11269545.6 per sec) @ chr18:20000000-25000000
ForkPoolWorker-39,  processing 18 (31549.3 per sec) reads @ chr4:60000000-65000000
ForkPoolWorker-39 countReadsInRegions_worker: processing 5000000 (11405735.2 per sec) @ chr4:60000000-65000000
ForkPoolWorker-39,  processing 5 (11573.7 per sec) reads @ chrUn_KI270442v1:0-392061
ForkPoolWorker-39 countReadsInRegions_worker: processing 392061 (8704703.9 per sec) @ chrUn_KI270442v1:0-392061
ForkPoolWorker-39,  processing 42 (53511.8 per sec) reads @ chr2:80000000-85000000
ForkPoolWorker-39 countReadsInRegions_worker: processing 5000000 (11177531.9 per sec) @ chr2:80000000-85000000
ForkPoolWorker-39,  processing 133 (86986.2 per sec) reads @ chr4:55000000-60000000
ForkPoolWorker-39 countReadsInRegions_worker: processing 5000000 (10929566.0 per sec) @ chr4:55000000-60000000
ForkPoolWorker-39,  processing 80 (76801.2 per sec) reads @ chr13:35000000-40000000
ForkPoolWorker-39 countReadsInRegions_worker: processing 5000000 (11315417.7 per sec) @ chr13:35000000-40000000
ForkPoolWorker-39,  processing 3327 (132239.6 per sec) reads @ chr4:0-5000000
ForkPoolWorker-39 countReadsInRegions_worker: processing 5000000 (10912027.4 per sec) @ chr4:0-5000000
ForkPoolWorker-39,  processing 0 (0.0 per sec) reads @ chrUn_KI270340v1:0-1428
ForkPoolWorker-39 countReadsInRegions_worker: processing 1428 (216148.2 per sec) @ chrUn_KI270340v1:0-1428
ForkPoolWorker-39,  processing 0 (0.0 per sec) reads @ chr22_KI270738v1_random:0-99375
ForkPoolWorker-39 countReadsInRegions_worker: processing 99375 (6770006.0 per sec) @ chr22_KI270738v1_random:0-99375
ForkPoolWorker-39,  processing 54 (63675.1 per sec) reads @ chr11:100000000-105000000
ForkPoolWorker-39 countReadsInRegions_worker: processing 5000000 (11548009.4 per sec) @ chr11:100000000-105000000
ForkPoolWorker-21,  processing 123 (15627.2 per sec) reads @ chr4:145000000-150000000
ForkPoolWorker-21 countReadsInRegions_worker: processing 5000000 (10103212.0 per sec) @ chr4:145000000-150000000
ForkPoolWorker-21,  processing 153 (83082.4 per sec) reads @ chr7:20000000-25000000
ForkPoolWorker-21 countReadsInRegions_worker: processing 5000000 (11657832.7 per sec) @ chr7:20000000-25000000
ForkPoolWorker-21,  processing 1742 (141043.5 per sec) reads @ chr21:40000000-45000000
ForkPoolWorker-21 countReadsInRegions_worker: processing 5000000 (11638145.9 per sec) @ chr21:40000000-45000000
ForkPoolWorker-21,  processing 0 (0.0 per sec) reads @ chr22:5000000-10000000
ForkPoolWorker-21 countReadsInRegions_worker: processing 5000000 (11783295.2 per sec) @ chr22:5000000-10000000
ForkPoolWorker-21,  processing 374 (118283.0 per sec) reads @ chr11:75000000-80000000
ForkPoolWorker-21 countReadsInRegions_worker: processing 5000000 (11876679.5 per sec) @ chr11:75000000-80000000
ForkPoolWorker-21,  processing 506 (129118.3 per sec) reads @ chr10:115000000-120000000
ForkPoolWorker-21 countReadsInRegions_worker: processing 5000000 (11875684.1 per sec) @ chr10:115000000-120000000
ForkPoolWorker-21,  processing 440 (124275.7 per sec) reads @ chr14:75000000-80000000
ForkPoolWorker-21 countReadsInRegions_worker: processing 5000000 (11904354.3 per sec) @ chr14:75000000-80000000
ForkPoolWorker-21,  processing 536 (122883.1 per sec) reads @ chr14:90000000-95000000
ForkPoolWorker-21 countReadsInRegions_worker: processing 5000000 (11870541.8 per sec) @ chr14:90000000-95000000
ForkPoolWorker-21,  processing 50 (64270.7 per sec) reads @ chr6:70000000-75000000
ForkPoolWorker-21 countReadsInRegions_worker: processing 5000000 (11913328.2 per sec) @ chr6:70000000-75000000
ForkPoolWorker-21,  processing 245 (128820.9 per sec) reads @ chr6:75000000-80000000
ForkPoolWorker-21 countReadsInRegions_worker: processing 5000000 (11911467.4 per sec) @ chr6:75000000-80000000
ForkPoolWorker-21,  processing 1635 (124898.7 per sec) reads @ chr1:40000000-45000000
ForkPoolWorker-21 countReadsInRegions_worker: processing 5000000 (11592809.6 per sec) @ chr1:40000000-45000000
ForkPoolWorker-21,  processing 0 (0.0 per sec) reads @ chrUn_KI270424v1:0-2140
ForkPoolWorker-21 countReadsInRegions_worker: processing 2140 (314037.2 per sec) @ chrUn_KI270424v1:0-2140
ForkPoolWorker-21,  processing 944 (145161.4 per sec) reads @ chr9:90000000-95000000
ForkPoolWorker-21 countReadsInRegions_worker: processing 5000000 (11647427.9 per sec) @ chr9:90000000-95000000
ForkPoolWorker-21,  processing 50 (62638.9 per sec) reads @ chr2:145000000-150000000
ForkPoolWorker-21 countReadsInRegions_worker: processing 5000000 (11926736.4 per sec) @ chr2:145000000-150000000
ForkPoolWorker-21,  processing 0 (0.0 per sec) reads @ chrUn_KI270411v1:0-2646
ForkPoolWorker-21 countReadsInRegions_worker: processing 2646 (384470.6 per sec) @ chrUn_KI270411v1:0-2646
ForkPoolWorker-10,  processing 161 (15510.6 per sec) reads @ chr11:40000000-45000000
ForkPoolWorker-10 countReadsInRegions_worker: processing 5000000 (9582289.1 per sec) @ chr11:40000000-45000000
ForkPoolWorker-10,  processing 125 (105809.9 per sec) reads @ chr12:15000000-20000000
ForkPoolWorker-10 countReadsInRegions_worker: processing 5000000 (11206446.6 per sec) @ chr12:15000000-20000000
ForkPoolWorker-10,  processing 3 (8490.5 per sec) reads @ chr1_KI270711v1_random:0-42210
ForkPoolWorker-10 countReadsInRegions_worker: processing 42210 (4288174.5 per sec) @ chr1_KI270711v1_random:0-42210
ForkPoolWorker-10,  processing 128 (96698.7 per sec) reads @ chr3:25000000-30000000
ForkPoolWorker-10 countReadsInRegions_worker: processing 5000000 (11476698.3 per sec) @ chr3:25000000-30000000
ForkPoolWorker-10,  processing 3736 (144696.6 per sec) reads @ chr19:15000000-20000000
ForkPoolWorker-10 countReadsInRegions_worker: processing 5000000 (11060741.6 per sec) @ chr19:15000000-20000000
ForkPoolWorker-10,  processing 8 (14146.1 per sec) reads @ chr5:25000000-30000000
ForkPoolWorker-10 countReadsInRegions_worker: processing 5000000 (11645578.1 per sec) @ chr5:25000000-30000000
ForkPoolWorker-10,  processing 0 (0.0 per sec) reads @ chr9:55000000-60000000
ForkPoolWorker-10 countReadsInRegions_worker: processing 5000000 (11812019.4 per sec) @ chr9:55000000-60000000
ForkPoolWorker-10,  processing 0 (0.0 per sec) reads @ chrUn_KI270388v1:0-1216
ForkPoolWorker-10 countReadsInRegions_worker: processing 1216 (188501.1 per sec) @ chrUn_KI270388v1:0-1216
ForkPoolWorker-10,  processing 144 (105517.1 per sec) reads @ chr5:90000000-95000000
ForkPoolWorker-10 countReadsInRegions_worker: processing 5000000 (11812658.2 per sec) @ chr5:90000000-95000000
ForkPoolWorker-10,  processing 127 (104405.5 per sec) reads @ chr3:165000000-170000000
ForkPoolWorker-10 countReadsInRegions_worker: processing 5000000 (11776896.5 per sec) @ chr3:165000000-170000000
ForkPoolWorker-10,  processing 26 (42681.8 per sec) reads @ chr2:210000000-215000000
ForkPoolWorker-10 countReadsInRegions_worker: processing 5000000 (11835644.9 per sec) @ chr2:210000000-215000000
ForkPoolWorker-10,  processing 56 (67185.6 per sec) reads @ chr2:15000000-20000000
ForkPoolWorker-10 countReadsInRegions_worker: processing 5000000 (12024312.9 per sec) @ chr2:15000000-20000000
ForkPoolWorker-10,  processing 63 (73278.2 per sec) reads @ chr6:55000000-60000000
ForkPoolWorker-10 countReadsInRegions_worker: processing 5000000 (11996606.6 per sec) @ chr6:55000000-60000000
ForkPoolWorker-10,  processing 7 (16043.8 per sec) reads @ chr5:20000000-25000000
ForkPoolWorker-10 countReadsInRegions_worker: processing 5000000 (11861182.8 per sec) @ chr5:20000000-25000000
ForkPoolWorker-10,  processing 2511 (147101.8 per sec) reads @ chr22:40000000-45000000
ForkPoolWorker-10 countReadsInRegions_worker: processing 5000000 (11508408.7 per sec) @ chr22:40000000-45000000
ForkPoolWorker-38,  processing 126 (13295.5 per sec) reads @ chr14:55000000-60000000
ForkPoolWorker-38 countReadsInRegions_worker: processing 5000000 (8555910.3 per sec) @ chr14:55000000-60000000
ForkPoolWorker-38,  processing 87 (69241.8 per sec) reads @ chr18:25000000-30000000
ForkPoolWorker-38 countReadsInRegions_worker: processing 5000000 (11845572.5 per sec) @ chr18:25000000-30000000
ForkPoolWorker-38,  processing 282 (121051.5 per sec) reads @ chr16:50000000-55000000
ForkPoolWorker-38 countReadsInRegions_worker: processing 5000000 (11974727.6 per sec) @ chr16:50000000-55000000
ForkPoolWorker-38,  processing 717 (131559.4 per sec) reads @ chr4:5000000-10000000
ForkPoolWorker-38 countReadsInRegions_worker: processing 5000000 (11721728.3 per sec) @ chr4:5000000-10000000
ForkPoolWorker-38,  processing 957 (125573.2 per sec) reads @ chr12:50000000-55000000
ForkPoolWorker-38 countReadsInRegions_worker: processing 5000000 (11860726.6 per sec) @ chr12:50000000-55000000
ForkPoolWorker-38,  processing 2032 (141791.9 per sec) reads @ chr22:20000000-25000000
ForkPoolWorker-38 countReadsInRegions_worker: processing 5000000 (11621384.2 per sec) @ chr22:20000000-25000000
ForkPoolWorker-38,  processing 249 (115772.3 per sec) reads @ chr2:105000000-110000000
ForkPoolWorker-38 countReadsInRegions_worker: processing 5000000 (11980029.0 per sec) @ chr2:105000000-110000000
ForkPoolWorker-38,  processing 77 (81227.7 per sec) reads @ chr8:115000000-120000000
ForkPoolWorker-38 countReadsInRegions_worker: processing 5000000 (11932463.8 per sec) @ chr8:115000000-120000000
ForkPoolWorker-38,  processing 1909 (143298.1 per sec) reads @ chr6:35000000-40000000
ForkPoolWorker-38 countReadsInRegions_worker: processing 5000000 (11546661.5 per sec) @ chr6:35000000-40000000
ForkPoolWorker-38,  processing 0 (0.0 per sec) reads @ chrUn_KI270333v1:0-2699
ForkPoolWorker-38 countReadsInRegions_worker: processing 2699 (393699.2 per sec) @ chrUn_KI270333v1:0-2699
ForkPoolWorker-38,  processing 0 (0.0 per sec) reads @ chrUn_KI270330v1:0-1652
ForkPoolWorker-38 countReadsInRegions_worker: processing 1652 (243738.2 per sec) @ chrUn_KI270330v1:0-1652
ForkPoolWorker-38,  processing 349 (141185.6 per sec) reads @ chr5:5000000-10000000
ForkPoolWorker-38 countReadsInRegions_worker: processing 5000000 (11712451.9 per sec) @ chr5:5000000-10000000
ForkPoolWorker-38,  processing 1632 (140782.0 per sec) reads @ chr17:15000000-20000000
ForkPoolWorker-38 countReadsInRegions_worker: processing 5000000 (11620463.4 per sec) @ chr17:15000000-20000000
ForkPoolWorker-38,  processing 94 (98912.3 per sec) reads @ chr14:25000000-30000000
ForkPoolWorker-38 countReadsInRegions_worker: processing 5000000 (12044125.3 per sec) @ chr14:25000000-30000000
ForkPoolWorker-38,  processing 88 (82701.9 per sec) reads @ chr15:50000000-55000000
ForkPoolWorker-38 countReadsInRegions_worker: processing 5000000 (11955204.0 per sec) @ chr15:50000000-55000000
ForkPoolWorker-44,  processing 480 (30780.6 per sec) reads @ chr6:120000000-125000000
ForkPoolWorker-44 countReadsInRegions_worker: processing 5000000 (6920519.5 per sec) @ chr6:120000000-125000000
ForkPoolWorker-44,  processing 0 (0.0 per sec) reads @ chrUn_KI270548v1:0-1599
ForkPoolWorker-44 countReadsInRegions_worker: processing 1599 (219459.8 per sec) @ chrUn_KI270548v1:0-1599
ForkPoolWorker-44,  processing 2321 (135202.4 per sec) reads @ chr12:130000000-133275309
ForkPoolWorker-44 countReadsInRegions_worker: processing 3275309 (10641077.5 per sec) @ chr12:130000000-133275309
ForkPoolWorker-44,  processing 948 (137100.9 per sec) reads @ chr2:230000000-235000000
ForkPoolWorker-44 countReadsInRegions_worker: processing 5000000 (11920289.3 per sec) @ chr2:230000000-235000000
ForkPoolWorker-44,  processing 421 (115684.1 per sec) reads @ chr5:130000000-135000000
ForkPoolWorker-44 countReadsInRegions_worker: processing 5000000 (11823567.1 per sec) @ chr5:130000000-135000000
ForkPoolWorker-44,  processing 0 (0.0 per sec) reads @ chr1_KI270707v1_random:0-32032
ForkPoolWorker-44 countReadsInRegions_worker: processing 32032 (3503036.2 per sec) @ chr1_KI270707v1_random:0-32032
ForkPoolWorker-44,  processing 0 (0.0 per sec) reads @ chr4_GL000008v2_random:0-209709
ForkPoolWorker-44 countReadsInRegions_worker: processing 209709 (8769437.0 per sec) @ chr4_GL000008v2_random:0-209709
ForkPoolWorker-44,  processing 59 (70704.0 per sec) reads @ chr1:185000000-190000000
ForkPoolWorker-44 countReadsInRegions_worker: processing 5000000 (11872450.3 per sec) @ chr1:185000000-190000000
ForkPoolWorker-44,  processing 180 (97466.4 per sec) reads @ chr12:65000000-70000000
ForkPoolWorker-44 countReadsInRegions_worker: processing 5000000 (11638436.6 per sec) @ chr12:65000000-70000000
ForkPoolWorker-44,  processing 9 (16988.6 per sec) reads @ chr14:40000000-45000000
ForkPoolWorker-44 countReadsInRegions_worker: processing 5000000 (11425371.1 per sec) @ chr14:40000000-45000000
ForkPoolWorker-44,  processing 38 (45369.6 per sec) reads @ chr3:0-5000000
ForkPoolWorker-44 countReadsInRegions_worker: processing 5000000 (10577018.5 per sec) @ chr3:0-5000000
ForkPoolWorker-44,  processing 1383 (105908.6 per sec) reads @ chr5:150000000-155000000
ForkPoolWorker-44 countReadsInRegions_worker: processing 5000000 (10088946.6 per sec) @ chr5:150000000-155000000
ForkPoolWorker-44,  processing 173 (88285.0 per sec) reads @ chr18:30000000-35000000
ForkPoolWorker-44 countReadsInRegions_worker: processing 5000000 (10621330.7 per sec) @ chr18:30000000-35000000
ForkPoolWorker-44,  processing 49 (49750.9 per sec) reads @ chrX:55000000-60000000
ForkPoolWorker-44 countReadsInRegions_worker: processing 5000000 (11096881.9 per sec) @ chrX:55000000-60000000
ForkPoolWorker-44,  processing 98 (74235.5 per sec) reads @ chr4:110000000-115000000
ForkPoolWorker-44 countReadsInRegions_worker: processing 5000000 (11241178.4 per sec) @ chr4:110000000-115000000
ForkPoolWorker-12,  processing 52 (14870.4 per sec) reads @ chrX:120000000-125000000
ForkPoolWorker-12 countReadsInRegions_worker: processing 5000000 (11102498.2 per sec) @ chrX:120000000-125000000
ForkPoolWorker-12,  processing 11 (15860.2 per sec) reads @ chr13:80000000-85000000
ForkPoolWorker-12 countReadsInRegions_worker: processing 5000000 (11158672.6 per sec) @ chr13:80000000-85000000
ForkPoolWorker-12,  processing 602 (132600.1 per sec) reads @ chrX:0-5000000
ForkPoolWorker-12 countReadsInRegions_worker: processing 5000000 (11427276.1 per sec) @ chrX:0-5000000
ForkPoolWorker-12,  processing 55 (69630.8 per sec) reads @ chr21:10000000-15000000
ForkPoolWorker-12 countReadsInRegions_worker: processing 5000000 (11633671.9 per sec) @ chr21:10000000-15000000
ForkPoolWorker-12,  processing 4434 (142060.3 per sec) reads @ chr9:135000000-138394717
ForkPoolWorker-12 countReadsInRegions_worker: processing 3394717 (10665955.8 per sec) @ chr9:135000000-138394717
ForkPoolWorker-12,  processing 1 (2498.1 per sec) reads @ chr11:135000000-135086622
ForkPoolWorker-12 countReadsInRegions_worker: processing 86622 (6224413.2 per sec) @ chr11:135000000-135086622
ForkPoolWorker-12,  processing 1163 (136960.2 per sec) reads @ chr17:25000000-30000000
ForkPoolWorker-12 countReadsInRegions_worker: processing 5000000 (11797766.0 per sec) @ chr17:25000000-30000000
ForkPoolWorker-12,  processing 555 (142410.3 per sec) reads @ chrX:40000000-45000000
ForkPoolWorker-12 countReadsInRegions_worker: processing 5000000 (11843411.7 per sec) @ chrX:40000000-45000000
ForkPoolWorker-12,  processing 306 (116276.2 per sec) reads @ chr17:65000000-70000000
ForkPoolWorker-12 countReadsInRegions_worker: processing 5000000 (11533833.7 per sec) @ chr17:65000000-70000000
ForkPoolWorker-12,  processing 256 (106627.8 per sec) reads @ chr8:45000000-50000000
ForkPoolWorker-12 countReadsInRegions_worker: processing 5000000 (11313800.1 per sec) @ chr8:45000000-50000000
ForkPoolWorker-12,  processing 227 (117067.1 per sec) reads @ chr3:150000000-155000000
ForkPoolWorker-12 countReadsInRegions_worker: processing 5000000 (11600645.9 per sec) @ chr3:150000000-155000000
ForkPoolWorker-12,  processing 333 (128966.1 per sec) reads @ chr5:70000000-75000000
ForkPoolWorker-12 countReadsInRegions_worker: processing 5000000 (11684697.6 per sec) @ chr5:70000000-75000000
ForkPoolWorker-12,  processing 540 (132809.0 per sec) reads @ chr1:115000000-120000000
ForkPoolWorker-12 countReadsInRegions_worker: processing 5000000 (11820061.8 per sec) @ chr1:115000000-120000000
ForkPoolWorker-12,  processing 0 (0.0 per sec) reads @ chrUn_KI270392v1:0-971
ForkPoolWorker-12 countReadsInRegions_worker: processing 971 (136255.2 per sec) @ chrUn_KI270392v1:0-971
ForkPoolWorker-12,  processing 41 (47702.2 per sec) reads @ chr7:110000000-115000000
ForkPoolWorker-12 countReadsInRegions_worker: processing 5000000 (12108820.2 per sec) @ chr7:110000000-115000000
ForkPoolWorker-45,  processing 367 (57102.4 per sec) reads @ chr11:120000000-125000000
ForkPoolWorker-45 countReadsInRegions_worker: processing 5000000 (9915715.4 per sec) @ chr11:120000000-125000000
ForkPoolWorker-45,  processing 16 (22104.4 per sec) reads @ chr13:55000000-60000000
ForkPoolWorker-45 countReadsInRegions_worker: processing 5000000 (11780885.8 per sec) @ chr13:55000000-60000000
ForkPoolWorker-45,  processing 0 (0.0 per sec) reads @ chrUn_KI270757v1:0-71251
ForkPoolWorker-45 countReadsInRegions_worker: processing 71251 (5755163.1 per sec) @ chrUn_KI270757v1:0-71251
ForkPoolWorker-45,  processing 2465 (136527.6 per sec) reads @ chr9:125000000-130000000
ForkPoolWorker-45 countReadsInRegions_worker: processing 5000000 (11544869.0 per sec) @ chr9:125000000-130000000
ForkPoolWorker-45,  processing 0 (0.0 per sec) reads @ chrUn_KI270750v1:0-148850
ForkPoolWorker-45 countReadsInRegions_worker: processing 148850 (8044559.2 per sec) @ chrUn_KI270750v1:0-148850
ForkPoolWorker-45,  processing 0 (0.0 per sec) reads @ chrUn_KI270590v1:0-4685
ForkPoolWorker-45 countReadsInRegions_worker: processing 4685 (700196.5 per sec) @ chrUn_KI270590v1:0-4685
ForkPoolWorker-45,  processing 31 (43793.7 per sec) reads @ chr11:20000000-25000000
ForkPoolWorker-45 countReadsInRegions_worker: processing 5000000 (11622814.1 per sec) @ chr11:20000000-25000000
ForkPoolWorker-45,  processing 0 (0.0 per sec) reads @ chrUn_KI270748v1:0-93321
ForkPoolWorker-45 countReadsInRegions_worker: processing 93321 (6925889.5 per sec) @ chrUn_KI270748v1:0-93321
ForkPoolWorker-45,  processing 103 (85260.2 per sec) reads @ chr7:55000000-60000000
ForkPoolWorker-45 countReadsInRegions_worker: processing 5000000 (11907017.3 per sec) @ chr7:55000000-60000000
ForkPoolWorker-45,  processing 82 (68952.1 per sec) reads @ chr4:15000000-20000000
ForkPoolWorker-45 countReadsInRegions_worker: processing 5000000 (11791020.0 per sec) @ chr4:15000000-20000000
ForkPoolWorker-45,  processing 1717 (126439.6 per sec) reads @ chr1:155000000-160000000
ForkPoolWorker-45 countReadsInRegions_worker: processing 5000000 (11603418.7 per sec) @ chr1:155000000-160000000
ForkPoolWorker-45,  processing 847 (141830.7 per sec) reads @ chr7:25000000-30000000
ForkPoolWorker-45 countReadsInRegions_worker: processing 5000000 (11831525.0 per sec) @ chr7:25000000-30000000
ForkPoolWorker-45,  processing 159 (100179.4 per sec) reads @ chr2:30000000-35000000
ForkPoolWorker-45 countReadsInRegions_worker: processing 5000000 (11697008.6 per sec) @ chr2:30000000-35000000
ForkPoolWorker-45,  processing 0 (0.0 per sec) reads @ chrUn_KI270417v1:0-2043
ForkPoolWorker-45 countReadsInRegions_worker: processing 2043 (258677.9 per sec) @ chrUn_KI270417v1:0-2043
ForkPoolWorker-45,  processing 3408 (143492.9 per sec) reads @ chr12:120000000-125000000
ForkPoolWorker-45 countReadsInRegions_worker: processing 5000000 (11335301.1 per sec) @ chr12:120000000-125000000
ForkPoolWorker-45,  processing 0 (0.0 per sec) reads @ chr1_KI270710v1_random:0-40176
ForkPoolWorker-45 countReadsInRegions_worker: processing 40176 (4237228.9 per sec) @ chr1_KI270710v1_random:0-40176
ForkPoolWorker-45,  processing 130 (88044.5 per sec) reads @ chr3:185000000-190000000
ForkPoolWorker-45 countReadsInRegions_worker: processing 5000000 (11991935.1 per sec) @ chr3:185000000-190000000
ForkPoolWorker-45,  processing 138 (94949.8 per sec) reads @ chr2:165000000-170000000
ForkPoolWorker-45 countReadsInRegions_worker: processing 5000000 (11968734.0 per sec) @ chr2:165000000-170000000
ForkPoolWorker-45,  processing 163 (103602.3 per sec) reads @ chr8:25000000-30000000
ForkPoolWorker-45 countReadsInRegions_worker: processing 5000000 (12121292.0 per sec) @ chr8:25000000-30000000
ForkPoolWorker-45,  processing 0 (0.0 per sec) reads @ chrUn_KI270588v1:0-6158
ForkPoolWorker-45 countReadsInRegions_worker: processing 6158 (907920.6 per sec) @ chrUn_KI270588v1:0-6158
ForkPoolWorker-11,  processing 70 (10113.4 per sec) reads @ chr10:55000000-60000000
ForkPoolWorker-11 countReadsInRegions_worker: processing 5000000 (9672095.0 per sec) @ chr10:55000000-60000000
ForkPoolWorker-11,  processing 251 (94750.3 per sec) reads @ chr15:60000000-65000000
ForkPoolWorker-11 countReadsInRegions_worker: processing 5000000 (11130358.0 per sec) @ chr15:60000000-65000000
ForkPoolWorker-11,  processing 9902 (154007.6 per sec) reads @ chr19:0-5000000
ForkPoolWorker-11 countReadsInRegions_worker: processing 5000000 (10157839.5 per sec) @ chr19:0-5000000
ForkPoolWorker-11,  processing 0 (0.0 per sec) reads @ chrUn_KI270362v1:0-3530
ForkPoolWorker-11 countReadsInRegions_worker: processing 3530 (500892.9 per sec) @ chrUn_KI270362v1:0-3530
ForkPoolWorker-11,  processing 109 (84946.0 per sec) reads @ chr13:70000000-75000000
ForkPoolWorker-11 countReadsInRegions_worker: processing 5000000 (11913368.8 per sec) @ chr13:70000000-75000000
ForkPoolWorker-11,  processing 0 (0.0 per sec) reads @ chrUn_KI270317v1:0-37690
ForkPoolWorker-11 countReadsInRegions_worker: processing 37690 (3937710.3 per sec) @ chrUn_KI270317v1:0-37690
ForkPoolWorker-11,  processing 0 (0.0 per sec) reads @ chr14_KI270722v1_random:0-194050
ForkPoolWorker-11 countReadsInRegions_worker: processing 194050 (8425776.1 per sec) @ chr14_KI270722v1_random:0-194050
ForkPoolWorker-11,  processing 184 (98075.0 per sec) reads @ chr17:10000000-15000000
ForkPoolWorker-11 countReadsInRegions_worker: processing 5000000 (11459039.2 per sec) @ chr17:10000000-15000000
ForkPoolWorker-11,  processing 147 (90911.6 per sec) reads @ chr10:40000000-45000000
ForkPoolWorker-11 countReadsInRegions_worker: processing 5000000 (11812977.6 per sec) @ chr10:40000000-45000000
ForkPoolWorker-11,  processing 0 (0.0 per sec) reads @ chrUn_KI270338v1:0-1428
ForkPoolWorker-11 countReadsInRegions_worker: processing 1428 (219692.1 per sec) @ chrUn_KI270338v1:0-1428
ForkPoolWorker-11,  processing 69 (67398.0 per sec) reads @ chrX:35000000-40000000
ForkPoolWorker-11 countReadsInRegions_worker: processing 5000000 (11891792.0 per sec) @ chrX:35000000-40000000
ForkPoolWorker-11,  processing 0 (0.0 per sec) reads @ chr9_KI270718v1_random:0-38054
ForkPoolWorker-11 countReadsInRegions_worker: processing 38054 (4179914.7 per sec) @ chr9_KI270718v1_random:0-38054
ForkPoolWorker-11,  processing 1172 (134640.5 per sec) reads @ chr20:0-5000000
ForkPoolWorker-11 countReadsInRegions_worker: processing 5000000 (11658305.8 per sec) @ chr20:0-5000000
ForkPoolWorker-11,  processing 0 (0.0 per sec) reads @ chr2_KI270716v1_random:0-153799
ForkPoolWorker-11 countReadsInRegions_worker: processing 153799 (8238356.1 per sec) @ chr2_KI270716v1_random:0-153799
ForkPoolWorker-11,  processing 0 (0.0 per sec) reads @ chrUn_KI270435v1:0-92983
ForkPoolWorker-11 countReadsInRegions_worker: processing 92983 (6646992.1 per sec) @ chrUn_KI270435v1:0-92983
ForkPoolWorker-11,  processing 122 (94167.3 per sec) reads @ chr2:205000000-210000000
ForkPoolWorker-11 countReadsInRegions_worker: processing 5000000 (12088021.2 per sec) @ chr2:205000000-210000000
ForkPoolWorker-11,  processing 136 (95982.7 per sec) reads @ chr7:130000000-135000000
ForkPoolWorker-11 countReadsInRegions_worker: processing 5000000 (12076327.0 per sec) @ chr7:130000000-135000000
ForkPoolWorker-11,  processing 333 (112041.0 per sec) reads @ chr3:5000000-10000000
ForkPoolWorker-11 countReadsInRegions_worker: processing 5000000 (11917457.8 per sec) @ chr3:5000000-10000000
ForkPoolWorker-11,  processing 56 (65627.6 per sec) reads @ chr5:50000000-55000000
ForkPoolWorker-11 countReadsInRegions_worker: processing 5000000 (12024237.1 per sec) @ chr5:50000000-55000000
ForkPoolWorker-11,  processing 12 (23552.5 per sec) reads @ chrX:85000000-90000000
ForkPoolWorker-11 countReadsInRegions_worker: processing 5000000 (12077488.4 per sec) @ chrX:85000000-90000000
ForkPoolWorker-14,  processing 41 (12162.6 per sec) reads @ chr4:25000000-30000000
ForkPoolWorker-14 countReadsInRegions_worker: processing 5000000 (10992837.6 per sec) @ chr4:25000000-30000000
ForkPoolWorker-14,  processing 42 (52774.3 per sec) reads @ chr9:65000000-70000000
ForkPoolWorker-14 countReadsInRegions_worker: processing 5000000 (11411202.8 per sec) @ chr9:65000000-70000000
ForkPoolWorker-14,  processing 222 (118149.4 per sec) reads @ chr1:55000000-60000000
ForkPoolWorker-14 countReadsInRegions_worker: processing 5000000 (11478520.0 per sec) @ chr1:55000000-60000000
ForkPoolWorker-14,  processing 70 (74593.8 per sec) reads @ chr7:120000000-125000000
ForkPoolWorker-14 countReadsInRegions_worker: processing 5000000 (11567219.9 per sec) @ chr7:120000000-125000000
ForkPoolWorker-14,  processing 157 (112488.2 per sec) reads @ chr4:100000000-105000000
ForkPoolWorker-14 countReadsInRegions_worker: processing 5000000 (11843772.9 per sec) @ chr4:100000000-105000000
ForkPoolWorker-14,  processing 325 (105156.9 per sec) reads @ chr15:25000000-30000000
ForkPoolWorker-14 countReadsInRegions_worker: processing 5000000 (11608055.9 per sec) @ chr15:25000000-30000000
ForkPoolWorker-14,  processing 1206 (138478.2 per sec) reads @ chr6:50000000-55000000
ForkPoolWorker-14 countReadsInRegions_worker: processing 5000000 (11516175.6 per sec) @ chr6:50000000-55000000
ForkPoolWorker-14,  processing 1 (2522.1 per sec) reads @ chrY:20000000-25000000
ForkPoolWorker-14 countReadsInRegions_worker: processing 5000000 (11009561.9 per sec) @ chrY:20000000-25000000
ForkPoolWorker-14,  processing 0 (0.0 per sec) reads @ chr1_KI270708v1_random:0-127682
ForkPoolWorker-14 countReadsInRegions_worker: processing 127682 (6812842.7 per sec) @ chr1_KI270708v1_random:0-127682
ForkPoolWorker-14,  processing 696 (120534.9 per sec) reads @ chr15:90000000-95000000
ForkPoolWorker-14 countReadsInRegions_worker: processing 5000000 (11346229.7 per sec) @ chr15:90000000-95000000
ForkPoolWorker-14,  processing 1322 (122149.8 per sec) reads @ chr16:65000000-70000000
ForkPoolWorker-14 countReadsInRegions_worker: processing 5000000 (11346229.7 per sec) @ chr16:65000000-70000000
ForkPoolWorker-14,  processing 567 (114500.3 per sec) reads @ chr20:45000000-50000000
ForkPoolWorker-14 countReadsInRegions_worker: processing 5000000 (11475812.8 per sec) @ chr20:45000000-50000000
ForkPoolWorker-14,  processing 0 (0.0 per sec) reads @ chrUn_KI270373v1:0-1451
ForkPoolWorker-14 countReadsInRegions_worker: processing 1451 (203182.8 per sec) @ chrUn_KI270373v1:0-1451
ForkPoolWorker-14,  processing 689 (124456.3 per sec) reads @ chr9:120000000-125000000
ForkPoolWorker-14 countReadsInRegions_worker: processing 5000000 (11602693.3 per sec) @ chr9:120000000-125000000
ForkPoolWorker-14,  processing 5095 (180827.2 per sec) reads @ chr10:85000000-90000000
ForkPoolWorker-14 countReadsInRegions_worker: processing 5000000 (11269854.5 per sec) @ chr10:85000000-90000000
ForkPoolWorker-43,  processing 150 (18799.0 per sec) reads @ chr8:60000000-65000000
ForkPoolWorker-43 countReadsInRegions_worker: processing 5000000 (6913722.9 per sec) @ chr8:60000000-65000000
ForkPoolWorker-43,  processing 66 (57671.7 per sec) reads @ chr10:35000000-40000000
ForkPoolWorker-43 countReadsInRegions_worker: processing 5000000 (11639806.0 per sec) @ chr10:35000000-40000000
ForkPoolWorker-43,  processing 0 (0.0 per sec) reads @ chrUn_KI270746v1:0-66486
ForkPoolWorker-43 countReadsInRegions_worker: processing 66486 (5480572.6 per sec) @ chrUn_KI270746v1:0-66486
ForkPoolWorker-43,  processing 108 (78222.2 per sec) reads @ chr4:165000000-170000000
ForkPoolWorker-43 countReadsInRegions_worker: processing 5000000 (10458583.4 per sec) @ chr4:165000000-170000000
ForkPoolWorker-43,  processing 148 (86782.7 per sec) reads @ chr9:105000000-110000000
ForkPoolWorker-43 countReadsInRegions_worker: processing 5000000 (11946391.5 per sec) @ chr9:105000000-110000000
ForkPoolWorker-43,  processing 5 (10782.3 per sec) reads @ chr21:20000000-25000000
ForkPoolWorker-43 countReadsInRegions_worker: processing 5000000 (11955578.9 per sec) @ chr21:20000000-25000000
ForkPoolWorker-43,  processing 0 (0.0 per sec) reads @ chr14_KI270723v1_random:0-38115
ForkPoolWorker-43 countReadsInRegions_worker: processing 38115 (4066282.5 per sec) @ chr14_KI270723v1_random:0-38115
ForkPoolWorker-43,  processing 1634 (135233.4 per sec) reads @ chr11:70000000-75000000
ForkPoolWorker-43 countReadsInRegions_worker: processing 5000000 (11690683.7 per sec) @ chr11:70000000-75000000
ForkPoolWorker-43,  processing 230 (112003.9 per sec) reads @ chr1:245000000-248956422
ForkPoolWorker-43 countReadsInRegions_worker: processing 3956422 (11531289.5 per sec) @ chr1:245000000-248956422
ForkPoolWorker-43,  processing 0 (0.0 per sec) reads @ chr14_KI270725v1_random:0-172810
ForkPoolWorker-43 countReadsInRegions_worker: processing 172810 (8439103.0 per sec) @ chr14_KI270725v1_random:0-172810
ForkPoolWorker-43,  processing 1271 (127154.7 per sec) reads @ chr1:35000000-40000000
ForkPoolWorker-43 countReadsInRegions_worker: processing 5000000 (11640445.6 per sec) @ chr1:35000000-40000000
ForkPoolWorker-43,  processing 206 (111775.8 per sec) reads @ chr9:80000000-85000000
ForkPoolWorker-43 countReadsInRegions_worker: processing 5000000 (11822234.0 per sec) @ chr9:80000000-85000000
ForkPoolWorker-43,  processing 2294 (156540.0 per sec) reads @ chr19:55000000-58617616
ForkPoolWorker-43 countReadsInRegions_worker: processing 3617616 (11458154.8 per sec) @ chr19:55000000-58617616
ForkPoolWorker-43,  processing 280 (118304.1 per sec) reads @ chr9:85000000-90000000
ForkPoolWorker-43 countReadsInRegions_worker: processing 5000000 (11883510.4 per sec) @ chr9:85000000-90000000
ForkPoolWorker-43,  processing 49 (61312.9 per sec) reads @ chr3:175000000-180000000
ForkPoolWorker-43 countReadsInRegions_worker: processing 5000000 (12139366.3 per sec) @ chr3:175000000-180000000
ForkPoolWorker-43,  processing 128 (88228.6 per sec) reads @ chr13:20000000-25000000
ForkPoolWorker-43 countReadsInRegions_worker: processing 5000000 (11827828.2 per sec) @ chr13:20000000-25000000
ForkPoolWorker-43,  processing 211 (114208.0 per sec) reads @ chr3:110000000-115000000
ForkPoolWorker-43 countReadsInRegions_worker: processing 5000000 (12094657.9 per sec) @ chr3:110000000-115000000
ForkPoolWorker-34,  processing 0 (0.0 per sec) reads @ chr1_KI270709v1_random:0-66860
ForkPoolWorker-34 countReadsInRegions_worker: processing 66860 (1562238.4 per sec) @ chr1_KI270709v1_random:0-66860
ForkPoolWorker-34,  processing 306 (89583.1 per sec) reads @ chr2:10000000-15000000
ForkPoolWorker-34 countReadsInRegions_worker: processing 5000000 (11616150.9 per sec) @ chr2:10000000-15000000
ForkPoolWorker-34,  processing 424 (122554.3 per sec) reads @ chr1:220000000-225000000
ForkPoolWorker-34 countReadsInRegions_worker: processing 5000000 (11728532.9 per sec) @ chr1:220000000-225000000
ForkPoolWorker-34,  processing 0 (0.0 per sec) reads @ chrUn_KI270385v1:0-990
ForkPoolWorker-34 countReadsInRegions_worker: processing 990 (145177.3 per sec) @ chrUn_KI270385v1:0-990
ForkPoolWorker-34,  processing 234 (109100.4 per sec) reads @ chr2:50000000-55000000
ForkPoolWorker-34 countReadsInRegions_worker: processing 5000000 (11784030.2 per sec) @ chr2:50000000-55000000
ForkPoolWorker-34,  processing 1011 (137360.0 per sec) reads @ chr12:110000000-115000000
ForkPoolWorker-34 countReadsInRegions_worker: processing 5000000 (11606180.0 per sec) @ chr12:110000000-115000000
ForkPoolWorker-34,  processing 70 (80306.7 per sec) reads @ chr19:25000000-30000000
ForkPoolWorker-34 countReadsInRegions_worker: processing 5000000 (11859358.3 per sec) @ chr19:25000000-30000000
ForkPoolWorker-34,  processing 36 (51781.5 per sec) reads @ chr13:85000000-90000000
ForkPoolWorker-34 countReadsInRegions_worker: processing 5000000 (11657852.1 per sec) @ chr13:85000000-90000000
ForkPoolWorker-34,  processing 0 (0.0 per sec) reads @ chrY:50000000-55000000
ForkPoolWorker-34 countReadsInRegions_worker: processing 5000000 (11723032.3 per sec) @ chrY:50000000-55000000
ForkPoolWorker-34,  processing 450 (121542.7 per sec) reads @ chr14:95000000-100000000
ForkPoolWorker-34 countReadsInRegions_worker: processing 5000000 (10990268.3 per sec) @ chr14:95000000-100000000
ForkPoolWorker-34,  processing 275 (100930.5 per sec) reads @ chr11:125000000-130000000
ForkPoolWorker-34 countReadsInRegions_worker: processing 5000000 (11428060.7 per sec) @ chr11:125000000-130000000
ForkPoolWorker-34,  processing 208 (87197.9 per sec) reads @ chr7:65000000-70000000
ForkPoolWorker-34 countReadsInRegions_worker: processing 5000000 (11503446.9 per sec) @ chr7:65000000-70000000
ForkPoolWorker-34,  processing 154 (94378.0 per sec) reads @ chr4:115000000-120000000
ForkPoolWorker-34 countReadsInRegions_worker: processing 5000000 (11586315.1 per sec) @ chr4:115000000-120000000
ForkPoolWorker-34,  processing 470 (119098.8 per sec) reads @ chr1:205000000-210000000
ForkPoolWorker-34 countReadsInRegions_worker: processing 5000000 (11641686.3 per sec) @ chr1:205000000-210000000
ForkPoolWorker-34,  processing 1097 (143530.3 per sec) reads @ chr9:35000000-40000000
ForkPoolWorker-34 countReadsInRegions_worker: processing 5000000 (11875435.3 per sec) @ chr9:35000000-40000000
ForkPoolWorker-26,  processing 77 (17692.6 per sec) reads @ chr4:170000000-175000000
ForkPoolWorker-26 countReadsInRegions_worker: processing 5000000 (8892397.9 per sec) @ chr4:170000000-175000000
ForkPoolWorker-26,  processing 47 (47273.9 per sec) reads @ chr2:160000000-165000000
ForkPoolWorker-26 countReadsInRegions_worker: processing 5000000 (11817311.0 per sec) @ chr2:160000000-165000000
ForkPoolWorker-26,  processing 0 (0.0 per sec) reads @ chr15:5000000-10000000
ForkPoolWorker-26 countReadsInRegions_worker: processing 5000000 (11446061.7 per sec) @ chr15:5000000-10000000
ForkPoolWorker-26,  processing 46 (61898.6 per sec) reads @ chr11:25000000-30000000
ForkPoolWorker-26 countReadsInRegions_worker: processing 5000000 (11639993.4 per sec) @ chr11:25000000-30000000
ForkPoolWorker-26,  processing 0 (0.0 per sec) reads @ chrUn_KI270381v1:0-1930
ForkPoolWorker-26 countReadsInRegions_worker: processing 1930 (265357.9 per sec) @ chrUn_KI270381v1:0-1930
ForkPoolWorker-26,  processing 225 (99506.4 per sec) reads @ chr3:120000000-125000000
ForkPoolWorker-26 countReadsInRegions_worker: processing 5000000 (11575430.5 per sec) @ chr3:120000000-125000000
ForkPoolWorker-26,  processing 2569 (128035.0 per sec) reads @ chr21:45000000-46709983
ForkPoolWorker-26 countReadsInRegions_worker: processing 1709983 (9464537.3 per sec) @ chr21:45000000-46709983
ForkPoolWorker-26,  processing 263 (96720.9 per sec) reads @ chr3:130000000-135000000
ForkPoolWorker-26 countReadsInRegions_worker: processing 5000000 (10699776.9 per sec) @ chr3:130000000-135000000
ForkPoolWorker-26,  processing 220 (87497.3 per sec) reads @ chr10:45000000-50000000
ForkPoolWorker-26 countReadsInRegions_worker: processing 5000000 (10946532.4 per sec) @ chr10:45000000-50000000
ForkPoolWorker-26,  processing 168 (92218.7 per sec) reads @ chr1:175000000-180000000
ForkPoolWorker-26 countReadsInRegions_worker: processing 5000000 (11011093.8 per sec) @ chr1:175000000-180000000
ForkPoolWorker-26,  processing 0 (0.0 per sec) reads @ chrUn_KI270465v1:0-1774
ForkPoolWorker-26 countReadsInRegions_worker: processing 1774 (235487.4 per sec) @ chrUn_KI270465v1:0-1774
ForkPoolWorker-26,  processing 1319 (109948.7 per sec) reads @ chr1:30000000-35000000
ForkPoolWorker-26 countReadsInRegions_worker: processing 5000000 (11094463.3 per sec) @ chr1:30000000-35000000
ForkPoolWorker-26,  processing 1359 (118852.8 per sec) reads @ chr7:150000000-155000000
ForkPoolWorker-26 countReadsInRegions_worker: processing 5000000 (11189728.2 per sec) @ chr7:150000000-155000000
ForkPoolWorker-26,  processing 501 (129568.8 per sec) reads @ chr7:140000000-145000000
ForkPoolWorker-26 countReadsInRegions_worker: processing 5000000 (11378716.1 per sec) @ chr7:140000000-145000000
ForkPoolWorker-26,  processing 1018 (137288.2 per sec) reads @ chr16:70000000-75000000
ForkPoolWorker-26 countReadsInRegions_worker: processing 5000000 (11736166.4 per sec) @ chr16:70000000-75000000
ForkPoolWorker-25,  processing 0 (0.0 per sec) reads @ chrUn_KI270582v1:0-6504
ForkPoolWorker-25 countReadsInRegions_worker: processing 6504 (220629.7 per sec) @ chrUn_KI270582v1:0-6504
ForkPoolWorker-25,  processing 351 (83795.4 per sec) reads @ chr12:115000000-120000000
ForkPoolWorker-25 countReadsInRegions_worker: processing 5000000 (11141309.1 per sec) @ chr12:115000000-120000000
ForkPoolWorker-25,  processing 443 (122105.3 per sec) reads @ chr9:30000000-35000000
ForkPoolWorker-25 countReadsInRegions_worker: processing 5000000 (11374525.6 per sec) @ chr9:30000000-35000000
ForkPoolWorker-25,  processing 45 (62809.9 per sec) reads @ chr5:160000000-165000000
ForkPoolWorker-25 countReadsInRegions_worker: processing 5000000 (11642513.6 per sec) @ chr5:160000000-165000000
ForkPoolWorker-25,  processing 220 (100912.8 per sec) reads @ chr3:15000000-20000000
ForkPoolWorker-25 countReadsInRegions_worker: processing 5000000 (11661988.1 per sec) @ chr3:15000000-20000000
ForkPoolWorker-25,  processing 4687 (139845.9 per sec) reads @ chr7:0-5000000
ForkPoolWorker-25 countReadsInRegions_worker: processing 5000000 (10893475.6 per sec) @ chr7:0-5000000
ForkPoolWorker-25,  processing 0 (0.0 per sec) reads @ chr13:5000000-10000000
ForkPoolWorker-25 countReadsInRegions_worker: processing 5000000 (11641531.2 per sec) @ chr13:5000000-10000000
ForkPoolWorker-25,  processing 60 (62648.3 per sec) reads @ chr5:120000000-125000000
ForkPoolWorker-25 countReadsInRegions_worker: processing 5000000 (11607034.3 per sec) @ chr5:120000000-125000000
ForkPoolWorker-25,  processing 29 (38142.0 per sec) reads @ chr6:100000000-105000000
ForkPoolWorker-25 countReadsInRegions_worker: processing 5000000 (10907725.4 per sec) @ chr6:100000000-105000000
ForkPoolWorker-25,  processing 86 (76373.1 per sec) reads @ chr14:85000000-90000000
ForkPoolWorker-25 countReadsInRegions_worker: processing 5000000 (11407410.3 per sec) @ chr14:85000000-90000000
ForkPoolWorker-25,  processing 516 (123123.3 per sec) reads @ chr7:135000000-140000000
ForkPoolWorker-25 countReadsInRegions_worker: processing 5000000 (11448867.3 per sec) @ chr7:135000000-140000000
ForkPoolWorker-25,  processing 1321 (121147.4 per sec) reads @ chr17:35000000-40000000
ForkPoolWorker-25 countReadsInRegions_worker: processing 5000000 (11242142.6 per sec) @ chr17:35000000-40000000
ForkPoolWorker-25,  processing 0 (0.0 per sec) reads @ chrUn_KI270429v1:0-1361
ForkPoolWorker-25 countReadsInRegions_worker: processing 1361 (203248.9 per sec) @ chrUn_KI270429v1:0-1361
ForkPoolWorker-25,  processing 4034 (138032.0 per sec) reads @ chr6:30000000-35000000
ForkPoolWorker-25 countReadsInRegions_worker: processing 5000000 (10917844.6 per sec) @ chr6:30000000-35000000
ForkPoolWorker-25,  processing 63 (66542.7 per sec) reads @ chr3:160000000-165000000
ForkPoolWorker-25 countReadsInRegions_worker: processing 5000000 (12157001.2 per sec) @ chr3:160000000-165000000
ForkPoolWorker-9,  processing 112 (14077.0 per sec) reads @ chr15:45000000-50000000
ForkPoolWorker-9 countReadsInRegions_worker: processing 5000000 (9876800.9 per sec) @ chr15:45000000-50000000
ForkPoolWorker-9,  processing 0 (0.0 per sec) reads @ chrUn_KI270580v1:0-1553
ForkPoolWorker-9 countReadsInRegions_worker: processing 1553 (241599.1 per sec) @ chrUn_KI270580v1:0-1553
ForkPoolWorker-9,  processing 501 (127269.5 per sec) reads @ chr10:120000000-125000000
ForkPoolWorker-9 countReadsInRegions_worker: processing 5000000 (11186845.2 per sec) @ chr10:120000000-125000000
ForkPoolWorker-9,  processing 251 (118116.3 per sec) reads @ chr12:10000000-15000000
ForkPoolWorker-9 countReadsInRegions_worker: processing 5000000 (10537133.8 per sec) @ chr12:10000000-15000000
ForkPoolWorker-9,  processing 641 (133479.7 per sec) reads @ chrX:70000000-75000000
ForkPoolWorker-9 countReadsInRegions_worker: processing 5000000 (11454063.6 per sec) @ chrX:70000000-75000000
ForkPoolWorker-9,  processing 140 (98309.5 per sec) reads @ chr4:85000000-90000000
ForkPoolWorker-9 countReadsInRegions_worker: processing 5000000 (11439119.1 per sec) @ chr4:85000000-90000000
ForkPoolWorker-9,  processing 57 (59250.4 per sec) reads @ chr5:55000000-60000000
ForkPoolWorker-9 countReadsInRegions_worker: processing 5000000 (11729215.2 per sec) @ chr5:55000000-60000000
ForkPoolWorker-9,  processing 0 (0.0 per sec) reads @ chr16_KI270728v1_random:0-1872759
ForkPoolWorker-9 countReadsInRegions_worker: processing 1872759 (11734498.2 per sec) @ chr16_KI270728v1_random:0-1872759
ForkPoolWorker-9,  processing 0 (0.0 per sec) reads @ chrUn_KI270382v1:0-4215
ForkPoolWorker-9 countReadsInRegions_worker: processing 4215 (610083.2 per sec) @ chrUn_KI270382v1:0-4215
ForkPoolWorker-9,  processing 0 (0.0 per sec) reads @ chrUn_KI270337v1:0-1121
ForkPoolWorker-9 countReadsInRegions_worker: processing 1121 (180985.2 per sec) @ chrUn_KI270337v1:0-1121
ForkPoolWorker-9,  processing 0 (0.0 per sec) reads @ chrY:25000000-30000000
ForkPoolWorker-9 countReadsInRegions_worker: processing 5000000 (12068133.7 per sec) @ chrY:25000000-30000000
ForkPoolWorker-9,  processing 294 (143087.2 per sec) reads @ chr4:65000000-70000000
ForkPoolWorker-9 countReadsInRegions_worker: processing 5000000 (11973182.5 per sec) @ chr4:65000000-70000000
ForkPoolWorker-9,  processing 0 (0.0 per sec) reads @ chrUn_KI270334v1:0-1368
ForkPoolWorker-9 countReadsInRegions_worker: processing 1368 (199575.9 per sec) @ chrUn_KI270334v1:0-1368
ForkPoolWorker-9,  processing 987 (145449.3 per sec) reads @ chr3:180000000-185000000
ForkPoolWorker-9 countReadsInRegions_worker: processing 5000000 (11893936.7 per sec) @ chr3:180000000-185000000
ForkPoolWorker-9,  processing 33 (50552.2 per sec) reads @ chrX:155000000-156040895
ForkPoolWorker-9 countReadsInRegions_worker: processing 1040895 (11416382.2 per sec) @ chrX:155000000-156040895
ForkPoolWorker-9,  processing 15 (25585.4 per sec) reads @ chr4:160000000-165000000
ForkPoolWorker-9 countReadsInRegions_worker: processing 5000000 (12093688.4 per sec) @ chr4:160000000-165000000
ForkPoolWorker-9,  processing 160 (102253.3 per sec) reads @ chr13:30000000-35000000
ForkPoolWorker-9 countReadsInRegions_worker: processing 5000000 (12085401.9 per sec) @ chr13:30000000-35000000
ForkPoolWorker-9,  processing 129 (100551.1 per sec) reads @ chrX:20000000-25000000
ForkPoolWorker-9 countReadsInRegions_worker: processing 5000000 (11993663.3 per sec) @ chrX:20000000-25000000
ForkPoolWorker-9,  processing 10 (22215.6 per sec) reads @ chrUn_GL000220v1:0-161802
ForkPoolWorker-9 countReadsInRegions_worker: processing 161802 (8079128.3 per sec) @ chrUn_GL000220v1:0-161802
ForkPoolWorker-9,  processing 93 (89547.8 per sec) reads @ chr18:55000000-60000000
ForkPoolWorker-9 countReadsInRegions_worker: processing 5000000 (12110575.3 per sec) @ chr18:55000000-60000000
ForkPoolWorker-46,  processing 1 (267.1 per sec) reads @ chrUn_KI270744v1:0-168472
ForkPoolWorker-46 countReadsInRegions_worker: processing 168472 (3143633.5 per sec) @ chrUn_KI270744v1:0-168472
ForkPoolWorker-46,  processing 17 (23903.2 per sec) reads @ chr10:105000000-110000000
ForkPoolWorker-46 countReadsInRegions_worker: processing 5000000 (10247640.7 per sec) @ chr10:105000000-110000000
ForkPoolWorker-46,  processing 277 (111360.3 per sec) reads @ chr3:30000000-35000000
ForkPoolWorker-46 countReadsInRegions_worker: processing 5000000 (11495747.6 per sec) @ chr3:30000000-35000000
ForkPoolWorker-46,  processing 0 (0.0 per sec) reads @ chrUn_KI270302v1:0-2274
ForkPoolWorker-46 countReadsInRegions_worker: processing 2274 (334896.3 per sec) @ chrUn_KI270302v1:0-2274
ForkPoolWorker-46,  processing 0 (0.0 per sec) reads @ chr1:135000000-140000000
ForkPoolWorker-46 countReadsInRegions_worker: processing 5000000 (11470508.9 per sec) @ chr1:135000000-140000000
ForkPoolWorker-46,  processing 145 (99051.2 per sec) reads @ chr8:135000000-140000000
ForkPoolWorker-46 countReadsInRegions_worker: processing 5000000 (11492547.4 per sec) @ chr8:135000000-140000000
ForkPoolWorker-46,  processing 76 (75004.0 per sec) reads @ chr4:30000000-35000000
ForkPoolWorker-46 countReadsInRegions_worker: processing 5000000 (11480021.7 per sec) @ chr4:30000000-35000000
ForkPoolWorker-46,  processing 0 (0.0 per sec) reads @ chr22_KI270735v1_random:0-42811
ForkPoolWorker-46 countReadsInRegions_worker: processing 42811 (4116136.7 per sec) @ chr22_KI270735v1_random:0-42811
ForkPoolWorker-46,  processing 160 (90810.4 per sec) reads @ chr8:95000000-100000000
ForkPoolWorker-46 countReadsInRegions_worker: processing 5000000 (11353723.8 per sec) @ chr8:95000000-100000000
ForkPoolWorker-46,  processing 0 (0.0 per sec) reads @ chrUn_KI270519v1:0-138126
ForkPoolWorker-46 countReadsInRegions_worker: processing 138126 (7927727.0 per sec) @ chrUn_KI270519v1:0-138126
ForkPoolWorker-46,  processing 213 (103605.1 per sec) reads @ chrX:100000000-105000000
ForkPoolWorker-46 countReadsInRegions_worker: processing 5000000 (11278867.4 per sec) @ chrX:100000000-105000000
ForkPoolWorker-46,  processing 5 (10877.3 per sec) reads @ chrUn_GL000195v1:0-182896
ForkPoolWorker-46 countReadsInRegions_worker: processing 182896 (8191803.3 per sec) @ chrUn_GL000195v1:0-182896
ForkPoolWorker-46,  processing 439 (126107.8 per sec) reads @ chrX:130000000-135000000
ForkPoolWorker-46 countReadsInRegions_worker: processing 5000000 (11083194.0 per sec) @ chrX:130000000-135000000
ForkPoolWorker-46,  processing 16 (29986.1 per sec) reads @ chr3:80000000-85000000
ForkPoolWorker-46 countReadsInRegions_worker: processing 5000000 (10966211.7 per sec) @ chr3:80000000-85000000
ForkPoolWorker-46,  processing 75 (73361.2 per sec) reads @ chr5:15000000-20000000
ForkPoolWorker-46 countReadsInRegions_worker: processing 5000000 (11452562.4 per sec) @ chr5:15000000-20000000
ForkPoolWorker-46,  processing 788 (140338.5 per sec) reads @ chr1:240000000-245000000
ForkPoolWorker-46 countReadsInRegions_worker: processing 5000000 (11422527.2 per sec) @ chr1:240000000-245000000
ForkPoolWorker-46,  processing 58 (69426.3 per sec) reads @ chr4:185000000-190000000
ForkPoolWorker-46 countReadsInRegions_worker: processing 5000000 (11667379.7 per sec) @ chr4:185000000-190000000
ForkPoolWorker-46,  processing 9 (21053.4 per sec) reads @ chr11_KI270721v1_random:0-100316
ForkPoolWorker-46 countReadsInRegions_worker: processing 100316 (7046065.5 per sec) @ chr11_KI270721v1_random:0-100316
ForkPoolWorker-46,  processing 0 (0.0 per sec) reads @ chrUn_KI270583v1:0-1400
ForkPoolWorker-46 countReadsInRegions_worker: processing 1400 (206980.1 per sec) @ chrUn_KI270583v1:0-1400
ForkPoolWorker-46,  processing 147 (106875.1 per sec) reads @ chr5:75000000-80000000
ForkPoolWorker-46 countReadsInRegions_worker: processing 5000000 (12094323.1 per sec) @ chr5:75000000-80000000
ForkPoolWorker-20,  processing 0 (0.0 per sec) reads @ chrUn_KI270329v1:0-1040
ForkPoolWorker-20 countReadsInRegions_worker: processing 1040 (40037.4 per sec) @ chrUn_KI270329v1:0-1040
ForkPoolWorker-20,  processing 418 (44511.5 per sec) reads @ chrX:105000000-110000000
ForkPoolWorker-20 countReadsInRegions_worker: processing 5000000 (6951630.8 per sec) @ chrX:105000000-110000000
ForkPoolWorker-20,  processing 1048 (128753.1 per sec) reads @ chr2:25000000-30000000
ForkPoolWorker-20 countReadsInRegions_worker: processing 5000000 (11389196.6 per sec) @ chr2:25000000-30000000
ForkPoolWorker-20,  processing 151 (99832.9 per sec) reads @ chr5:40000000-45000000
ForkPoolWorker-20 countReadsInRegions_worker: processing 5000000 (11862229.4 per sec) @ chr5:40000000-45000000
ForkPoolWorker-20,  processing 0 (0.0 per sec) reads @ chrUn_KI270591v1:0-5796
ForkPoolWorker-20 countReadsInRegions_worker: processing 5796 (811855.0 per sec) @ chrUn_KI270591v1:0-5796
ForkPoolWorker-20,  processing 388 (131262.3 per sec) reads @ chr14:45000000-50000000
ForkPoolWorker-20 countReadsInRegions_worker: processing 5000000 (11478903.2 per sec) @ chr14:45000000-50000000
ForkPoolWorker-20,  processing 190 (103670.8 per sec) reads @ chr10:10000000-15000000
ForkPoolWorker-20 countReadsInRegions_worker: processing 5000000 (11685446.3 per sec) @ chr10:10000000-15000000
ForkPoolWorker-20,  processing 214 (103384.1 per sec) reads @ chr6:135000000-140000000
ForkPoolWorker-20 countReadsInRegions_worker: processing 5000000 (11731931.6 per sec) @ chr6:135000000-140000000
ForkPoolWorker-20,  processing 0 (0.0 per sec) reads @ chrUn_KI270375v1:0-2378
ForkPoolWorker-20 countReadsInRegions_worker: processing 2378 (342739.2 per sec) @ chrUn_KI270375v1:0-2378
ForkPoolWorker-20,  processing 60 (68740.3 per sec) reads @ chr11:35000000-40000000
ForkPoolWorker-20 countReadsInRegions_worker: processing 5000000 (11986595.6 per sec) @ chr11:35000000-40000000
ForkPoolWorker-20,  processing 273 (109437.5 per sec) reads @ chr17:20000000-25000000
ForkPoolWorker-20 countReadsInRegions_worker: processing 5000000 (11720568.8 per sec) @ chr17:20000000-25000000
ForkPoolWorker-20,  processing 0 (0.0 per sec) reads @ chrUn_KI270386v1:0-1788
ForkPoolWorker-20 countReadsInRegions_worker: processing 1788 (262281.5 per sec) @ chrUn_KI270386v1:0-1788
ForkPoolWorker-20,  processing 240 (113397.9 per sec) reads @ chr6:160000000-165000000
ForkPoolWorker-20 countReadsInRegions_worker: processing 5000000 (11797314.7 per sec) @ chr6:160000000-165000000
ForkPoolWorker-20,  processing 0 (0.0 per sec) reads @ chr15:15000000-20000000
ForkPoolWorker-20 countReadsInRegions_worker: processing 5000000 (11863678.8 per sec) @ chr15:15000000-20000000
ForkPoolWorker-20,  processing 0 (0.0 per sec) reads @ chrUn_KI270507v1:0-5353
ForkPoolWorker-20 countReadsInRegions_worker: processing 5353 (787240.9 per sec) @ chrUn_KI270507v1:0-5353
ForkPoolWorker-20,  processing 382 (120350.3 per sec) reads @ chr3:35000000-40000000
ForkPoolWorker-20 countReadsInRegions_worker: processing 5000000 (11771746.8 per sec) @ chr3:35000000-40000000
ForkPoolWorker-20,  processing 0 (0.0 per sec) reads @ chrUn_KI270418v1:0-2145
ForkPoolWorker-20 countReadsInRegions_worker: processing 2145 (314276.1 per sec) @ chrUn_KI270418v1:0-2145
ForkPoolWorker-20,  processing 313 (120408.8 per sec) reads @ chr2:170000000-175000000
ForkPoolWorker-20 countReadsInRegions_worker: processing 5000000 (11907199.8 per sec) @ chr2:170000000-175000000
ForkPoolWorker-20,  processing 865 (130868.7 per sec) reads @ chr10:70000000-75000000
ForkPoolWorker-20 countReadsInRegions_worker: processing 5000000 (11909262.2 per sec) @ chr10:70000000-75000000
ForkPoolWorker-20,  processing 135 (105620.4 per sec) reads @ chr2:155000000-160000000
ForkPoolWorker-20 countReadsInRegions_worker: processing 5000000 (12099214.4 per sec) @ chr2:155000000-160000000
ForkPoolWorker-19,  processing 112 (17617.8 per sec) reads @ chr2:115000000-120000000
ForkPoolWorker-19 countReadsInRegions_worker: processing 5000000 (9852356.9 per sec) @ chr2:115000000-120000000
ForkPoolWorker-19,  processing 8 (19714.7 per sec) reads @ chrUn_GL000218v1:0-161147
ForkPoolWorker-19 countReadsInRegions_worker: processing 161147 (8046901.7 per sec) @ chrUn_GL000218v1:0-161147
ForkPoolWorker-19,  processing 112 (79553.3 per sec) reads @ chr3:170000000-175000000
ForkPoolWorker-19 countReadsInRegions_worker: processing 5000000 (11711346.6 per sec) @ chr3:170000000-175000000
ForkPoolWorker-19,  processing 244 (107670.7 per sec) reads @ chr8:40000000-45000000
ForkPoolWorker-19 countReadsInRegions_worker: processing 5000000 (11580710.4 per sec) @ chr8:40000000-45000000
ForkPoolWorker-19,  processing 2718 (146582.0 per sec) reads @ chr19:35000000-40000000
ForkPoolWorker-19 countReadsInRegions_worker: processing 5000000 (11161802.5 per sec) @ chr19:35000000-40000000
ForkPoolWorker-19,  processing 0 (0.0 per sec) reads @ chrUn_KI270336v1:0-1026
ForkPoolWorker-19 countReadsInRegions_worker: processing 1026 (156730.7 per sec) @ chrUn_KI270336v1:0-1026
ForkPoolWorker-19,  processing 3345 (145100.9 per sec) reads @ chr19:5000000-10000000
ForkPoolWorker-19 countReadsInRegions_worker: processing 5000000 (11098297.2 per sec) @ chr19:5000000-10000000
ForkPoolWorker-19,  processing 21204 (176443.2 per sec) reads @ chr1:145000000-150000000
ForkPoolWorker-19 countReadsInRegions_worker: processing 5000000 (9218355.9 per sec) @ chr1:145000000-150000000
ForkPoolWorker-19,  processing 0 (0.0 per sec) reads @ chr14_KI270726v1_random:0-43739
ForkPoolWorker-19 countReadsInRegions_worker: processing 43739 (4339862.4 per sec) @ chr14_KI270726v1_random:0-43739
ForkPoolWorker-19,  processing 0 (0.0 per sec) reads @ chrUn_KI270742v1:0-186739
ForkPoolWorker-19 countReadsInRegions_worker: processing 186739 (8868007.2 per sec) @ chrUn_KI270742v1:0-186739
ForkPoolWorker-19,  processing 58 (67127.4 per sec) reads @ chr2:190000000-195000000
ForkPoolWorker-19 countReadsInRegions_worker: processing 5000000 (11859807.7 per sec) @ chr2:190000000-195000000
ForkPoolWorker-19,  processing 0 (0.0 per sec) reads @ chr5:45000000-50000000
ForkPoolWorker-19 countReadsInRegions_worker: processing 5000000 (11845064.0 per sec) @ chr5:45000000-50000000
ForkPoolWorker-19,  processing 711 (127529.5 per sec) reads @ chr1:50000000-55000000
ForkPoolWorker-19 countReadsInRegions_worker: processing 5000000 (11652896.6 per sec) @ chr1:50000000-55000000
ForkPoolWorker-19,  processing 0 (0.0 per sec) reads @ chrUn_KI270587v1:0-2969
ForkPoolWorker-19 countReadsInRegions_worker: processing 2969 (414875.0 per sec) @ chrUn_KI270587v1:0-2969
ForkPoolWorker-19,  processing 0 (0.0 per sec) reads @ chrUn_KI270529v1:0-1899
ForkPoolWorker-19 countReadsInRegions_worker: processing 1899 (259209.3 per sec) @ chrUn_KI270529v1:0-1899
ForkPoolWorker-19,  processing 383 (120983.5 per sec) reads @ chr5:140000000-145000000
ForkPoolWorker-19 countReadsInRegions_worker: processing 5000000 (11732364.8 per sec) @ chr5:140000000-145000000
ForkPoolWorker-19,  processing 31 (43971.4 per sec) reads @ chr2:140000000-145000000
ForkPoolWorker-19 countReadsInRegions_worker: processing 5000000 (11929456.9 per sec) @ chr2:140000000-145000000
ForkPoolWorker-19,  processing 484 (128305.1 per sec) reads @ chr21:30000000-35000000
ForkPoolWorker-19 countReadsInRegions_worker: processing 5000000 (11773174.3 per sec) @ chr21:30000000-35000000
ForkPoolWorker-19,  processing 69 (76704.7 per sec) reads @ chr2:180000000-185000000
ForkPoolWorker-19 countReadsInRegions_worker: processing 5000000 (12051406.4 per sec) @ chr2:180000000-185000000
ForkPoolWorker-19,  processing 318 (131020.5 per sec) reads @ chrX:110000000-115000000
ForkPoolWorker-19 countReadsInRegions_worker: processing 5000000 (12041850.0 per sec) @ chrX:110000000-115000000
ForkPoolWorker-31,  processing 16 (14784.9 per sec) reads @ chr9:115000000-120000000
ForkPoolWorker-31 countReadsInRegions_worker: processing 5000000 (9616624.0 per sec) @ chr9:115000000-120000000
ForkPoolWorker-31,  processing 43 (48352.6 per sec) reads @ chr11:95000000-100000000
ForkPoolWorker-31 countReadsInRegions_worker: processing 5000000 (11197417.5 per sec) @ chr11:95000000-100000000
ForkPoolWorker-31,  processing 274 (108184.1 per sec) reads @ chr15:100000000-101991189
ForkPoolWorker-31 countReadsInRegions_worker: processing 1991189 (11509867.6 per sec) @ chr15:100000000-101991189
ForkPoolWorker-31,  processing 0 (0.0 per sec) reads @ chr1:125000000-130000000
ForkPoolWorker-31 countReadsInRegions_worker: processing 5000000 (12020777.2 per sec) @ chr1:125000000-130000000
ForkPoolWorker-31,  processing 1 (2678.4 per sec) reads @ chr14_KI270724v1_random:0-39555
ForkPoolWorker-31 countReadsInRegions_worker: processing 39555 (3891394.1 per sec) @ chr14_KI270724v1_random:0-39555
ForkPoolWorker-31,  processing 466 (121325.0 per sec) reads @ chr17:70000000-75000000
ForkPoolWorker-31 countReadsInRegions_worker: processing 5000000 (11968255.9 per sec) @ chr17:70000000-75000000
ForkPoolWorker-31,  processing 2017 (134141.6 per sec) reads @ chr10:100000000-105000000
ForkPoolWorker-31 countReadsInRegions_worker: processing 5000000 (11363561.0 per sec) @ chr10:100000000-105000000
ForkPoolWorker-31,  processing 189 (96591.1 per sec) reads @ chr6:145000000-150000000
ForkPoolWorker-31 countReadsInRegions_worker: processing 5000000 (11154274.7 per sec) @ chr6:145000000-150000000
ForkPoolWorker-31,  processing 37 (44852.4 per sec) reads @ chr14:80000000-85000000
ForkPoolWorker-31 countReadsInRegions_worker: processing 5000000 (10754178.9 per sec) @ chr14:80000000-85000000
ForkPoolWorker-31,  processing 238 (93705.5 per sec) reads @ chr11:10000000-15000000
ForkPoolWorker-31 countReadsInRegions_worker: processing 5000000 (10775829.2 per sec) @ chr11:10000000-15000000
ForkPoolWorker-31,  processing 126 (75594.7 per sec) reads @ chr5:165000000-170000000
ForkPoolWorker-31 countReadsInRegions_worker: processing 5000000 (10726187.5 per sec) @ chr5:165000000-170000000
ForkPoolWorker-31,  processing 4282 (161192.0 per sec) reads @ chr12:60000000-65000000
ForkPoolWorker-31 countReadsInRegions_worker: processing 5000000 (10718709.7 per sec) @ chr12:60000000-65000000
ForkPoolWorker-31,  processing 64 (70105.9 per sec) reads @ chr7:15000000-20000000
ForkPoolWorker-31 countReadsInRegions_worker: processing 5000000 (11469235.5 per sec) @ chr7:15000000-20000000
ForkPoolWorker-31,  processing 0 (0.0 per sec) reads @ chrUn_KI270310v1:0-1201
ForkPoolWorker-31 countReadsInRegions_worker: processing 1201 (169630.9 per sec) @ chrUn_KI270310v1:0-1201
ForkPoolWorker-31,  processing 0 (0.0 per sec) reads @ chr9:45000000-50000000
ForkPoolWorker-31 countReadsInRegions_worker: processing 5000000 (12087157.2 per sec) @ chr9:45000000-50000000
ForkPoolWorker-13,  processing 59 (19640.0 per sec) reads @ chr15:20000000-25000000
ForkPoolWorker-13 countReadsInRegions_worker: processing 5000000 (10992134.7 per sec) @ chr15:20000000-25000000
ForkPoolWorker-13,  processing 160 (95149.4 per sec) reads @ chr8:130000000-135000000
ForkPoolWorker-13 countReadsInRegions_worker: processing 5000000 (11271514.2 per sec) @ chr8:130000000-135000000
ForkPoolWorker-13,  processing 32 (50231.2 per sec) reads @ chr1:100000000-105000000
ForkPoolWorker-13 countReadsInRegions_worker: processing 5000000 (11456860.7 per sec) @ chr1:100000000-105000000
ForkPoolWorker-13,  processing 65 (72392.4 per sec) reads @ chr8:50000000-55000000
ForkPoolWorker-13 countReadsInRegions_worker: processing 5000000 (11688709.4 per sec) @ chr8:50000000-55000000
ForkPoolWorker-13,  processing 5 (12143.3 per sec) reads @ chr16:60000000-65000000
ForkPoolWorker-13 countReadsInRegions_worker: processing 5000000 (11722927.4 per sec) @ chr16:60000000-65000000
ForkPoolWorker-13,  processing 0 (0.0 per sec) reads @ chrY:55000000-57227415
ForkPoolWorker-13 countReadsInRegions_worker: processing 2227415 (11380470.3 per sec) @ chrY:55000000-57227415
ForkPoolWorker-13,  processing 2989 (131657.0 per sec) reads @ chr14:100000000-105000000
ForkPoolWorker-13 countReadsInRegions_worker: processing 5000000 (11198332.3 per sec) @ chr14:100000000-105000000
ForkPoolWorker-13,  processing 258 (106929.9 per sec) reads @ chr21:35000000-40000000
ForkPoolWorker-13 countReadsInRegions_worker: processing 5000000 (11565401.8 per sec) @ chr21:35000000-40000000
ForkPoolWorker-13,  processing 10 (14810.4 per sec) reads @ chrX:90000000-95000000
ForkPoolWorker-13 countReadsInRegions_worker: processing 5000000 (11421737.1 per sec) @ chrX:90000000-95000000
ForkPoolWorker-13,  processing 582 (138950.6 per sec) reads @ chr6:105000000-110000000
ForkPoolWorker-13 countReadsInRegions_worker: processing 5000000 (11409297.0 per sec) @ chr6:105000000-110000000
ForkPoolWorker-13,  processing 3476 (149091.9 per sec) reads @ chr1:5000000-10000000
ForkPoolWorker-13 countReadsInRegions_worker: processing 5000000 (10406318.2 per sec) @ chr1:5000000-10000000
ForkPoolWorker-13,  processing 0 (0.0 per sec) reads @ chrUn_KI270320v1:0-4416
ForkPoolWorker-13 countReadsInRegions_worker: processing 4416 (639352.7 per sec) @ chrUn_KI270320v1:0-4416
ForkPoolWorker-13,  processing 121 (95164.2 per sec) reads @ chr4:150000000-155000000
ForkPoolWorker-13 countReadsInRegions_worker: processing 5000000 (11621088.0 per sec) @ chr4:150000000-155000000
ForkPoolWorker-13,  processing 3470 (164248.6 per sec) reads @ chr1:140000000-145000000
ForkPoolWorker-13 countReadsInRegions_worker: processing 5000000 (11161844.1 per sec) @ chr1:140000000-145000000
ForkPoolWorker-13,  processing 462 (120320.9 per sec) reads @ chr16:15000000-20000000
ForkPoolWorker-13 countReadsInRegions_worker: processing 5000000 (12084803.0 per sec) @ chr16:15000000-20000000
ForkPoolWorker-2,  processing 143 (24403.3 per sec) reads @ chr1:85000000-90000000
ForkPoolWorker-2 countReadsInRegions_worker: processing 5000000 (10162801.4 per sec) @ chr1:85000000-90000000
ForkPoolWorker-2,  processing 800 (122658.4 per sec) reads @ chr22:25000000-30000000
ForkPoolWorker-2 countReadsInRegions_worker: processing 5000000 (11038368.3 per sec) @ chr22:25000000-30000000
ForkPoolWorker-2,  processing 0 (0.0 per sec) reads @ chrY:45000000-50000000
ForkPoolWorker-2 countReadsInRegions_worker: processing 5000000 (11586667.2 per sec) @ chrY:45000000-50000000
ForkPoolWorker-2,  processing 795 (130717.5 per sec) reads @ chr17:60000000-65000000
ForkPoolWorker-2 countReadsInRegions_worker: processing 5000000 (11366055.3 per sec) @ chr17:60000000-65000000
ForkPoolWorker-2,  processing 1035 (132881.5 per sec) reads @ chr13:110000000-114364328
ForkPoolWorker-2 countReadsInRegions_worker: processing 4364328 (11406526.0 per sec) @ chr13:110000000-114364328
ForkPoolWorker-2,  processing 111 (93300.1 per sec) reads @ chr8:65000000-70000000
ForkPoolWorker-2 countReadsInRegions_worker: processing 5000000 (11697517.5 per sec) @ chr8:65000000-70000000
ForkPoolWorker-2,  processing 7 (16140.8 per sec) reads @ chr3:90000000-95000000
ForkPoolWorker-2 countReadsInRegions_worker: processing 5000000 (11472837.0 per sec) @ chr3:90000000-95000000
ForkPoolWorker-2,  processing 386 (130448.9 per sec) reads @ chr1:60000000-65000000
ForkPoolWorker-2 countReadsInRegions_worker: processing 5000000 (11245343.6 per sec) @ chr1:60000000-65000000
ForkPoolWorker-2,  processing 87 (69611.7 per sec) reads @ chr5:80000000-85000000
ForkPoolWorker-2 countReadsInRegions_worker: processing 5000000 (11236619.0 per sec) @ chr5:80000000-85000000
ForkPoolWorker-2,  processing 172 (93098.5 per sec) reads @ chr18:10000000-15000000
ForkPoolWorker-2 countReadsInRegions_worker: processing 5000000 (11232719.0 per sec) @ chr18:10000000-15000000
ForkPoolWorker-2,  processing 13 (24418.2 per sec) reads @ chrX:140000000-145000000
ForkPoolWorker-2 countReadsInRegions_worker: processing 5000000 (11164625.0 per sec) @ chrX:140000000-145000000
ForkPoolWorker-2,  processing 32 (45698.9 per sec) reads @ chr8:105000000-110000000
ForkPoolWorker-2 countReadsInRegions_worker: processing 5000000 (11536885.7 per sec) @ chr8:105000000-110000000
ForkPoolWorker-2,  processing 0 (0.0 per sec) reads @ chrUn_KI270425v1:0-1884
ForkPoolWorker-2 countReadsInRegions_worker: processing 1884 (267594.6 per sec) @ chrUn_KI270425v1:0-1884
ForkPoolWorker-2,  processing 147 (103398.1 per sec) reads @ chr2:110000000-115000000
ForkPoolWorker-2 countReadsInRegions_worker: processing 5000000 (11954066.0 per sec) @ chr2:110000000-115000000
ForkPoolWorker-2,  processing 1 (2870.8 per sec) reads @ chr22_KI270734v1_random:0-165050
ForkPoolWorker-2 countReadsInRegions_worker: processing 165050 (7990464.5 per sec) @ chr22_KI270734v1_random:0-165050
ForkPoolWorker-30,  processing 0 (0.0 per sec) reads @ chrUn_KI270420v1:0-2321
ForkPoolWorker-30 countReadsInRegions_worker: processing 2321 (148989.6 per sec) @ chrUn_KI270420v1:0-2321
ForkPoolWorker-30,  processing 0 (0.0 per sec) reads @ chrUn_KI270754v1:0-40191
ForkPoolWorker-30 countReadsInRegions_worker: processing 40191 (3680478.4 per sec) @ chrUn_KI270754v1:0-40191
ForkPoolWorker-30,  processing 0 (0.0 per sec) reads @ chr9_KI270717v1_random:0-40062
ForkPoolWorker-30 countReadsInRegions_worker: processing 40062 (2188090.3 per sec) @ chr9_KI270717v1_random:0-40062
ForkPoolWorker-30,  processing 0 (0.0 per sec) reads @ chrUn_KI270376v1:0-1136
ForkPoolWorker-30 countReadsInRegions_worker: processing 1136 (90926.5 per sec) @ chrUn_KI270376v1:0-1136
ForkPoolWorker-30,  processing 25 (29151.4 per sec) reads @ chr7:60000000-65000000
ForkPoolWorker-30 countReadsInRegions_worker: processing 5000000 (9076591.9 per sec) @ chr7:60000000-65000000
ForkPoolWorker-30,  processing 53 (52966.0 per sec) reads @ chr6:45000000-50000000
ForkPoolWorker-30 countReadsInRegions_worker: processing 5000000 (11543826.8 per sec) @ chr6:45000000-50000000
ForkPoolWorker-30,  processing 528 (127429.2 per sec) reads @ chr16:20000000-25000000
ForkPoolWorker-30 countReadsInRegions_worker: processing 5000000 (11498186.9 per sec) @ chr16:20000000-25000000
ForkPoolWorker-30,  processing 0 (0.0 per sec) reads @ chrUn_KI270753v1:0-62944
ForkPoolWorker-30 countReadsInRegions_worker: processing 62944 (5225363.6 per sec) @ chrUn_KI270753v1:0-62944
ForkPoolWorker-30,  processing 43 (56220.4 per sec) reads @ chr3:115000000-120000000
ForkPoolWorker-30 countReadsInRegions_worker: processing 5000000 (11662915.6 per sec) @ chr3:115000000-120000000
ForkPoolWorker-30,  processing 15 (25543.9 per sec) reads @ chr9:40000000-45000000
ForkPoolWorker-30 countReadsInRegions_worker: processing 5000000 (11584561.4 per sec) @ chr9:40000000-45000000
ForkPoolWorker-30,  processing 555 (131145.8 per sec) reads @ chr4:80000000-85000000
ForkPoolWorker-30 countReadsInRegions_worker: processing 5000000 (11272616.8 per sec) @ chr4:80000000-85000000
ForkPoolWorker-30,  processing 20 (33248.5 per sec) reads @ chr2:90000000-95000000
ForkPoolWorker-30 countReadsInRegions_worker: processing 5000000 (11206991.5 per sec) @ chr2:90000000-95000000
ForkPoolWorker-30,  processing 76 (73347.2 per sec) reads @ chr9:5000000-10000000
ForkPoolWorker-30 countReadsInRegions_worker: processing 5000000 (11240353.0 per sec) @ chr9:5000000-10000000
ForkPoolWorker-30,  processing 31 (45638.3 per sec) reads @ chr4:175000000-180000000
ForkPoolWorker-30 countReadsInRegions_worker: processing 5000000 (10992918.3 per sec) @ chr4:175000000-180000000
ForkPoolWorker-30,  processing 82 (75045.4 per sec) reads @ chr4:125000000-130000000
ForkPoolWorker-30 countReadsInRegions_worker: processing 5000000 (10945212.7 per sec) @ chr4:125000000-130000000
ForkPoolWorker-30,  processing 163 (93168.6 per sec) reads @ chr2:195000000-200000000
ForkPoolWorker-30 countReadsInRegions_worker: processing 5000000 (11365353.1 per sec) @ chr2:195000000-200000000
ForkPoolWorker-30,  processing 0 (0.0 per sec) reads @ chrUn_KI270745v1:0-41891
ForkPoolWorker-30 countReadsInRegions_worker: processing 41891 (4264443.2 per sec) @ chrUn_KI270745v1:0-41891
ForkPoolWorker-30,  processing 59 (55659.9 per sec) reads @ chr10:60000000-65000000
ForkPoolWorker-30 countReadsInRegions_worker: processing 5000000 (11743737.4 per sec) @ chr10:60000000-65000000
ForkPoolWorker-30,  processing 1146 (142074.7 per sec) reads @ chrX:50000000-55000000
ForkPoolWorker-30 countReadsInRegions_worker: processing 5000000 (12005582.7 per sec) @ chrX:50000000-55000000
ForkPoolWorker-30,  processing 1208 (137570.4 per sec) reads @ chr3:10000000-15000000
ForkPoolWorker-30 countReadsInRegions_worker: processing 5000000 (11739714.1 per sec) @ chr3:10000000-15000000
ForkPoolWorker-16,  processing 1223 (55511.9 per sec) reads @ chr15:80000000-85000000
ForkPoolWorker-16 countReadsInRegions_worker: processing 5000000 (11249578.2 per sec) @ chr15:80000000-85000000
ForkPoolWorker-16,  processing 319 (123498.5 per sec) reads @ chr6:150000000-155000000
ForkPoolWorker-16 countReadsInRegions_worker: processing 5000000 (11706959.8 per sec) @ chr6:150000000-155000000
ForkPoolWorker-16,  processing 347 (128140.8 per sec) reads @ chr5:10000000-15000000
ForkPoolWorker-16 countReadsInRegions_worker: processing 5000000 (11722743.9 per sec) @ chr5:10000000-15000000
ForkPoolWorker-16,  processing 53 (68951.0 per sec) reads @ chr1:215000000-220000000
ForkPoolWorker-16 countReadsInRegions_worker: processing 5000000 (11849206.7 per sec) @ chr1:215000000-220000000
ForkPoolWorker-16,  processing 1058 (175502.2 per sec) reads @ chr21:15000000-20000000
ForkPoolWorker-16 countReadsInRegions_worker: processing 5000000 (11747526.6 per sec) @ chr21:15000000-20000000
ForkPoolWorker-16,  processing 0 (0.0 per sec) reads @ chrUn_KI270374v1:0-2656
ForkPoolWorker-16 countReadsInRegions_worker: processing 2656 (403202.1 per sec) @ chrUn_KI270374v1:0-2656
ForkPoolWorker-16,  processing 29 (47200.2 per sec) reads @ chrX:60000000-65000000
ForkPoolWorker-16 countReadsInRegions_worker: processing 5000000 (11855235.3 per sec) @ chrX:60000000-65000000
ForkPoolWorker-16,  processing 278 (109856.5 per sec) reads @ chr10:5000000-10000000
ForkPoolWorker-16 countReadsInRegions_worker: processing 5000000 (11820861.3 per sec) @ chr10:5000000-10000000
ForkPoolWorker-16,  processing 297 (115162.1 per sec) reads @ chr11:30000000-35000000
ForkPoolWorker-16 countReadsInRegions_worker: processing 5000000 (11729936.8 per sec) @ chr11:30000000-35000000
ForkPoolWorker-16,  processing 0 (0.0 per sec) reads @ chrUn_KI270516v1:0-1300
ForkPoolWorker-16 countReadsInRegions_worker: processing 1300 (196660.0 per sec) @ chrUn_KI270516v1:0-1300
ForkPoolWorker-16,  processing 1 (3452.1 per sec) reads @ chrUn_GL000219v1:0-179198
ForkPoolWorker-16 countReadsInRegions_worker: processing 179198 (8360800.6 per sec) @ chrUn_GL000219v1:0-179198
ForkPoolWorker-16,  processing 283 (120055.4 per sec) reads @ chr20:50000000-55000000
ForkPoolWorker-16 countReadsInRegions_worker: processing 5000000 (11765321.0 per sec) @ chr20:50000000-55000000
ForkPoolWorker-16,  processing 605 (123572.1 per sec) reads @ chr10:95000000-100000000
ForkPoolWorker-16 countReadsInRegions_worker: processing 5000000 (11745414.6 per sec) @ chr10:95000000-100000000
ForkPoolWorker-16,  processing 0 (0.0 per sec) reads @ chrUn_KI270510v1:0-2415
ForkPoolWorker-16 countReadsInRegions_worker: processing 2415 (348875.3 per sec) @ chrUn_KI270510v1:0-2415
ForkPoolWorker-16,  processing 46 (64549.3 per sec) reads @ chr13:100000000-105000000
ForkPoolWorker-16 countReadsInRegions_worker: processing 5000000 (11923698.4 per sec) @ chr13:100000000-105000000
ForkPoolWorker-16,  processing 177 (105723.7 per sec) reads @ chrX:135000000-140000000
ForkPoolWorker-16 countReadsInRegions_worker: processing 5000000 (11769870.5 per sec) @ chrX:135000000-140000000
ForkPoolWorker-16,  processing 810 (137212.7 per sec) reads @ chr12:0-5000000
ForkPoolWorker-16 countReadsInRegions_worker: processing 5000000 (11899653.0 per sec) @ chr12:0-5000000
ForkPoolWorker-16,  processing 627 (133365.2 per sec) reads @ chr7:95000000-100000000
ForkPoolWorker-16 countReadsInRegions_worker: processing 5000000 (11851054.8 per sec) @ chr7:95000000-100000000
ForkPoolWorker-16,  processing 0 (0.0 per sec) reads @ chrUn_KI270364v1:0-2855
ForkPoolWorker-16 countReadsInRegions_worker: processing 2855 (418506.9 per sec) @ chrUn_KI270364v1:0-2855
ForkPoolWorker-16,  processing 125 (94245.6 per sec) reads @ chrX:145000000-150000000
ForkPoolWorker-16 countReadsInRegions_worker: processing 5000000 (12087080.6 per sec) @ chrX:145000000-150000000
ForkPoolWorker-35,  processing 155 (70780.3 per sec) reads @ chr18:50000000-55000000
ForkPoolWorker-35 countReadsInRegions_worker: processing 5000000 (11118267.1 per sec) @ chr18:50000000-55000000
ForkPoolWorker-35,  processing 4228 (144762.2 per sec) reads @ chr19:10000000-15000000
ForkPoolWorker-35 countReadsInRegions_worker: processing 5000000 (10817528.2 per sec) @ chr19:10000000-15000000
ForkPoolWorker-35,  processing 0 (0.0 per sec) reads @ chrUn_KI270389v1:0-1298
ForkPoolWorker-35 countReadsInRegions_worker: processing 1298 (204185.8 per sec) @ chrUn_KI270389v1:0-1298
ForkPoolWorker-35,  processing 0 (0.0 per sec) reads @ chrUn_KI270751v1:0-150742
ForkPoolWorker-35 countReadsInRegions_worker: processing 150742 (7829720.7 per sec) @ chrUn_KI270751v1:0-150742
ForkPoolWorker-35,  processing 359 (119466.5 per sec) reads @ chr10:0-5000000
ForkPoolWorker-35 countReadsInRegions_worker: processing 5000000 (11716548.2 per sec) @ chr10:0-5000000
ForkPoolWorker-35,  processing 67 (73468.9 per sec) reads @ chr5:60000000-65000000
ForkPoolWorker-35 countReadsInRegions_worker: processing 5000000 (11723261.6 per sec) @ chr5:60000000-65000000
ForkPoolWorker-35,  processing 37 (49172.8 per sec) reads @ chr12:85000000-90000000
ForkPoolWorker-35 countReadsInRegions_worker: processing 5000000 (11731439.4 per sec) @ chr12:85000000-90000000
ForkPoolWorker-35,  processing 153 (93765.1 per sec) reads @ chr10:90000000-95000000
ForkPoolWorker-35 countReadsInRegions_worker: processing 5000000 (11535464.2 per sec) @ chr10:90000000-95000000
ForkPoolWorker-35,  processing 3332 (136562.7 per sec) reads @ chr11:60000000-65000000
ForkPoolWorker-35 countReadsInRegions_worker: processing 5000000 (10934512.4 per sec) @ chr11:60000000-65000000
ForkPoolWorker-35,  processing 239 (89447.5 per sec) reads @ chr10:65000000-70000000
ForkPoolWorker-35 countReadsInRegions_worker: processing 5000000 (10965282.8 per sec) @ chr10:65000000-70000000
ForkPoolWorker-35,  processing 75 (81770.9 per sec) reads @ chr16:90000000-90338345
ForkPoolWorker-35 countReadsInRegions_worker: processing 338345 (8986674.9 per sec) @ chr16:90000000-90338345
ForkPoolWorker-35,  processing 0 (0.0 per sec) reads @ chrUn_KI270311v1:0-12399
ForkPoolWorker-35 countReadsInRegions_worker: processing 12399 (1556575.1 per sec) @ chrUn_KI270311v1:0-12399
ForkPoolWorker-35,  processing 59 (60268.9 per sec) reads @ chr8:15000000-20000000
ForkPoolWorker-35 countReadsInRegions_worker: processing 5000000 (11055254.9 per sec) @ chr8:15000000-20000000
ForkPoolWorker-35,  processing 242 (103468.0 per sec) reads @ chr1:235000000-240000000
ForkPoolWorker-35 countReadsInRegions_worker: processing 5000000 (11517668.2 per sec) @ chr1:235000000-240000000
ForkPoolWorker-35,  processing 1069 (135463.6 per sec) reads @ chr2:215000000-220000000
ForkPoolWorker-35 countReadsInRegions_worker: processing 5000000 (11318593.4 per sec) @ chr2:215000000-220000000
ForkPoolWorker-35,  processing 5080 (140664.8 per sec) reads @ chr19:45000000-50000000
ForkPoolWorker-35 countReadsInRegions_worker: processing 5000000 (10926599.1 per sec) @ chr19:45000000-50000000
ForkPoolWorker-35,  processing 247 (127193.7 per sec) reads @ chr20:5000000-10000000
ForkPoolWorker-35 countReadsInRegions_worker: processing 5000000 (12048657.7 per sec) @ chr20:5000000-10000000
ForkPoolWorker-35,  processing 36 (53204.7 per sec) reads @ chr11:80000000-85000000
ForkPoolWorker-35 countReadsInRegions_worker: processing 5000000 (12230545.1 per sec) @ chr11:80000000-85000000
ForkPoolWorker-35,  processing 0 (0.0 per sec) reads @ chrUn_KI270518v1:0-2186
ForkPoolWorker-35 countReadsInRegions_worker: processing 2186 (312766.5 per sec) @ chrUn_KI270518v1:0-2186
ForkPoolWorker-35,  processing 0 (0.0 per sec) reads @ chr3_GL000221v1_random:0-155397
ForkPoolWorker-35 countReadsInRegions_worker: processing 155397 (8161356.6 per sec) @ chr3_GL000221v1_random:0-155397
ForkPoolWorker-47,  processing 278 (92894.9 per sec) reads @ chr16:75000000-80000000
ForkPoolWorker-47 countReadsInRegions_worker: processing 5000000 (11026922.8 per sec) @ chr16:75000000-80000000
ForkPoolWorker-47,  processing 1709 (132773.9 per sec) reads @ chr12:55000000-60000000
ForkPoolWorker-47 countReadsInRegions_worker: processing 5000000 (11098632.0 per sec) @ chr12:55000000-60000000
ForkPoolWorker-47,  processing 0 (0.0 per sec) reads @ chrUn_KI270391v1:0-1484
ForkPoolWorker-47 countReadsInRegions_worker: processing 1484 (234174.1 per sec) @ chrUn_KI270391v1:0-1484
ForkPoolWorker-47,  processing 0 (0.0 per sec) reads @ chrUn_GL000214v1:0-137718
ForkPoolWorker-47 countReadsInRegions_worker: processing 137718 (7747302.9 per sec) @ chrUn_GL000214v1:0-137718
ForkPoolWorker-47,  processing 614 (129126.7 per sec) reads @ chr10:125000000-130000000
ForkPoolWorker-47 countReadsInRegions_worker: processing 5000000 (11397844.0 per sec) @ chr10:125000000-130000000
ForkPoolWorker-47,  processing 59 (70083.2 per sec) reads @ chr3:145000000-150000000
ForkPoolWorker-47 countReadsInRegions_worker: processing 5000000 (11705548.4 per sec) @ chr3:145000000-150000000
ForkPoolWorker-47,  processing 135 (89030.0 per sec) reads @ chr4:105000000-110000000
ForkPoolWorker-47 countReadsInRegions_worker: processing 5000000 (11672263.0 per sec) @ chr4:105000000-110000000
ForkPoolWorker-47,  processing 134 (87531.0 per sec) reads @ chr2:5000000-10000000
ForkPoolWorker-47 countReadsInRegions_worker: processing 5000000 (11425371.1 per sec) @ chr2:5000000-10000000
ForkPoolWorker-47,  processing 89 (81647.7 per sec) reads @ chr4:140000000-145000000
ForkPoolWorker-47 countReadsInRegions_worker: processing 5000000 (11292678.3 per sec) @ chr4:140000000-145000000
ForkPoolWorker-47,  processing 1 (2581.1 per sec) reads @ chr1_KI270712v1_random:0-176043
ForkPoolWorker-47 countReadsInRegions_worker: processing 176043 (7517515.2 per sec) @ chr1_KI270712v1_random:0-176043
ForkPoolWorker-47,  processing 2 (4161.0 per sec) reads @ chrY:5000000-10000000
ForkPoolWorker-47 countReadsInRegions_worker: processing 5000000 (11153746.7 per sec) @ chrY:5000000-10000000
ForkPoolWorker-47,  processing 4993 (133466.1 per sec) reads @ chr1:0-5000000
ForkPoolWorker-47 countReadsInRegions_worker: processing 5000000 (10216384.6 per sec) @ chr1:0-5000000
ForkPoolWorker-47,  processing 779 (145119.4 per sec) reads @ chrM:0-16569
ForkPoolWorker-47 countReadsInRegions_worker: processing 16569 (1193689.7 per sec) @ chrM:0-16569
ForkPoolWorker-47,  processing 0 (0.0 per sec) reads @ chrUn_KI270384v1:0-1658
ForkPoolWorker-47 countReadsInRegions_worker: processing 1658 (229177.3 per sec) @ chrUn_KI270384v1:0-1658
ForkPoolWorker-47,  processing 143 (93264.7 per sec) reads @ chr7:105000000-110000000
ForkPoolWorker-47 countReadsInRegions_worker: processing 5000000 (11444999.8 per sec) @ chr7:105000000-110000000
ForkPoolWorker-47,  processing 87 (69811.4 per sec) reads @ chr4:35000000-40000000
ForkPoolWorker-47 countReadsInRegions_worker: processing 5000000 (11419634.9 per sec) @ chr4:35000000-40000000
ForkPoolWorker-47,  processing 717 (137943.9 per sec) reads @ chr15:85000000-90000000
ForkPoolWorker-47 countReadsInRegions_worker: processing 5000000 (11492673.3 per sec) @ chr15:85000000-90000000
ForkPoolWorker-47,  processing 3221 (143582.8 per sec) reads @ chr11:0-5000000
ForkPoolWorker-47 countReadsInRegions_worker: processing 5000000 (11477772.4 per sec) @ chr11:0-5000000
ForkPoolWorker-47,  processing 855 (150235.9 per sec) reads @ chr5:180000000-181538259
ForkPoolWorker-47 countReadsInRegions_worker: processing 1538259 (11230076.3 per sec) @ chr5:180000000-181538259
ForkPoolWorker-47,  processing 656 (135326.7 per sec) reads @ chr7:70000000-75000000
ForkPoolWorker-47 countReadsInRegions_worker: processing 5000000 (11932314.5 per sec) @ chr7:70000000-75000000
ForkPoolWorker-36,  processing 25 (20592.6 per sec) reads @ chr4:45000000-50000000
ForkPoolWorker-36 countReadsInRegions_worker: processing 5000000 (9654671.4 per sec) @ chr4:45000000-50000000
ForkPoolWorker-36,  processing 88 (72628.6 per sec) reads @ chr2:225000000-230000000
ForkPoolWorker-36 countReadsInRegions_worker: processing 5000000 (11121763.6 per sec) @ chr2:225000000-230000000
ForkPoolWorker-36,  processing 38 (56259.6 per sec) reads @ chr5:85000000-90000000
ForkPoolWorker-36 countReadsInRegions_worker: processing 5000000 (11454714.3 per sec) @ chr5:85000000-90000000
ForkPoolWorker-36,  processing 266 (108382.1 per sec) reads @ chr18:45000000-50000000
ForkPoolWorker-36 countReadsInRegions_worker: processing 5000000 (11420766.8 per sec) @ chr18:45000000-50000000
ForkPoolWorker-36,  processing 153 (93437.5 per sec) reads @ chr13:45000000-50000000
ForkPoolWorker-36 countReadsInRegions_worker: processing 5000000 (11584145.5 per sec) @ chr13:45000000-50000000
ForkPoolWorker-36,  processing 0 (0.0 per sec) reads @ chrUn_KI270419v1:0-1029
ForkPoolWorker-36 countReadsInRegions_worker: processing 1029 (116530.5 per sec) @ chrUn_KI270419v1:0-1029
ForkPoolWorker-36,  processing 174 (100621.7 per sec) reads @ chr4:70000000-75000000
ForkPoolWorker-36 countReadsInRegions_worker: processing 5000000 (11281355.0 per sec) @ chr4:70000000-75000000
ForkPoolWorker-36,  processing 80 (78179.0 per sec) reads @ chr2:135000000-140000000
ForkPoolWorker-36 countReadsInRegions_worker: processing 5000000 (11706561.2 per sec) @ chr2:135000000-140000000
ForkPoolWorker-36,  processing 94 (84406.9 per sec) reads @ chr12:25000000-30000000
ForkPoolWorker-36 countReadsInRegions_worker: processing 5000000 (11686071.5 per sec) @ chr12:25000000-30000000
ForkPoolWorker-36,  processing 0 (0.0 per sec) reads @ chrUn_KI270422v1:0-1445
ForkPoolWorker-36 countReadsInRegions_worker: processing 1445 (223241.0 per sec) @ chrUn_KI270422v1:0-1445
ForkPoolWorker-36,  processing 415 (124785.7 per sec) reads @ chr17:55000000-60000000
ForkPoolWorker-36 countReadsInRegions_worker: processing 5000000 (11628124.4 per sec) @ chr17:55000000-60000000
ForkPoolWorker-36,  processing 39 (53248.0 per sec) reads @ chr10:50000000-55000000
ForkPoolWorker-36 countReadsInRegions_worker: processing 5000000 (11768675.0 per sec) @ chr10:50000000-55000000
ForkPoolWorker-36,  processing 9 (20627.7 per sec) reads @ chr17_GL000205v2_random:0-185591
ForkPoolWorker-36 countReadsInRegions_worker: processing 185591 (8250835.5 per sec) @ chr17_GL000205v2_random:0-185591
ForkPoolWorker-36,  processing 0 (0.0 per sec) reads @ chrUn_KI270511v1:0-8127
ForkPoolWorker-36 countReadsInRegions_worker: processing 8127 (1107047.8 per sec) @ chrUn_KI270511v1:0-8127
ForkPoolWorker-36,  processing 0 (0.0 per sec) reads @ chr14:0-5000000
ForkPoolWorker-36 countReadsInRegions_worker: processing 5000000 (11779668.2 per sec) @ chr14:0-5000000
ForkPoolWorker-36,  processing 125 (96076.2 per sec) reads @ chr4:10000000-15000000
ForkPoolWorker-36 countReadsInRegions_worker: processing 5000000 (11845813.4 per sec) @ chr4:10000000-15000000
ForkPoolWorker-36,  processing 0 (0.0 per sec) reads @ chrUn_KI270396v1:0-1880
ForkPoolWorker-36 countReadsInRegions_worker: processing 1880 (271906.6 per sec) @ chrUn_KI270396v1:0-1880
ForkPoolWorker-36,  processing 478 (127043.7 per sec) reads @ chr1:180000000-185000000
ForkPoolWorker-36 countReadsInRegions_worker: processing 5000000 (11780846.1 per sec) @ chr1:180000000-185000000
ForkPoolWorker-36,  processing 229 (111529.9 per sec) reads @ chr12:30000000-35000000
ForkPoolWorker-36 countReadsInRegions_worker: processing 5000000 (11988157.9 per sec) @ chr12:30000000-35000000
ForkPoolWorker-36,  processing 48 (62504.4 per sec) reads @ chr4:120000000-125000000
ForkPoolWorker-36 countReadsInRegions_worker: processing 5000000 (11945425.3 per sec) @ chr4:120000000-125000000
ForkPoolWorker-3,  processing 2956 (54018.0 per sec) reads @ chr1:15000000-20000000
ForkPoolWorker-3 countReadsInRegions_worker: processing 5000000 (9351936.0 per sec) @ chr1:15000000-20000000
ForkPoolWorker-3,  processing 0 (0.0 per sec) reads @ chrUn_KI270372v1:0-1650
ForkPoolWorker-3 countReadsInRegions_worker: processing 1650 (247934.7 per sec) @ chrUn_KI270372v1:0-1650
ForkPoolWorker-3,  processing 1625 (131486.7 per sec) reads @ chr7:100000000-105000000
ForkPoolWorker-3 countReadsInRegions_worker: processing 5000000 (11102022.1 per sec) @ chr7:100000000-105000000
ForkPoolWorker-3,  processing 44 (56679.8 per sec) reads @ chr8:85000000-90000000
ForkPoolWorker-3 countReadsInRegions_worker: processing 5000000 (9744731.6 per sec) @ chr8:85000000-90000000
ForkPoolWorker-3,  processing 52 (64072.8 per sec) reads @ chr1:80000000-85000000
ForkPoolWorker-3 countReadsInRegions_worker: processing 5000000 (11697700.2 per sec) @ chr1:80000000-85000000
ForkPoolWorker-3,  processing 585 (130521.2 per sec) reads @ chr2:20000000-25000000
ForkPoolWorker-3 countReadsInRegions_worker: processing 5000000 (11739746.9 per sec) @ chr2:20000000-25000000
ForkPoolWorker-3,  processing 619 (133251.6 per sec) reads @ chr8:20000000-25000000
ForkPoolWorker-3 countReadsInRegions_worker: processing 5000000 (11831231.3 per sec) @ chr8:20000000-25000000
ForkPoolWorker-3,  processing 0 (0.0 per sec) reads @ chrUn_KI270593v1:0-3041
ForkPoolWorker-3 countReadsInRegions_worker: processing 3041 (441574.5 per sec) @ chrUn_KI270593v1:0-3041
ForkPoolWorker-3,  processing 1 (2713.0 per sec) reads @ chr22_KI270731v1_random:0-150754
ForkPoolWorker-3 countReadsInRegions_worker: processing 150754 (7866289.8 per sec) @ chr22_KI270731v1_random:0-150754
ForkPoolWorker-3,  processing 284 (120066.8 per sec) reads @ chr10:15000000-20000000
ForkPoolWorker-3 countReadsInRegions_worker: processing 5000000 (11926139.5 per sec) @ chr10:15000000-20000000
ForkPoolWorker-3,  processing 661 (124090.7 per sec) reads @ chr7:40000000-45000000
ForkPoolWorker-3 countReadsInRegions_worker: processing 5000000 (11672360.5 per sec) @ chr7:40000000-45000000
ForkPoolWorker-3,  processing 1823 (129509.1 per sec) reads @ chr3:125000000-130000000
ForkPoolWorker-3 countReadsInRegions_worker: processing 5000000 (11598798.1 per sec) @ chr3:125000000-130000000
ForkPoolWorker-3,  processing 3515 (139268.6 per sec) reads @ chr3:45000000-50000000
ForkPoolWorker-3 countReadsInRegions_worker: processing 5000000 (11316223.7 per sec) @ chr3:45000000-50000000
ForkPoolWorker-3,  processing 0 (0.0 per sec) reads @ chrUn_KI270448v1:0-7992
ForkPoolWorker-3 countReadsInRegions_worker: processing 7992 (1110330.5 per sec) @ chrUn_KI270448v1:0-7992
ForkPoolWorker-3,  processing 305 (127670.9 per sec) reads @ chr15:95000000-100000000
ForkPoolWorker-3 countReadsInRegions_worker: processing 5000000 (11850853.9 per sec) @ chr15:95000000-100000000
ForkPoolWorker-3,  processing 133 (95997.7 per sec) reads @ chr9:20000000-25000000
ForkPoolWorker-3 countReadsInRegions_worker: processing 5000000 (11786838.4 per sec) @ chr9:20000000-25000000
ForkPoolWorker-3,  processing 22 (37771.1 per sec) reads @ chr4:90000000-95000000
ForkPoolWorker-3 countReadsInRegions_worker: processing 5000000 (11940045.6 per sec) @ chr4:90000000-95000000
ForkPoolWorker-3,  processing 9 (16578.3 per sec) reads @ chr18:40000000-45000000
ForkPoolWorker-3 countReadsInRegions_worker: processing 5000000 (12091805.7 per sec) @ chr18:40000000-45000000
ForkPoolWorker-3,  processing 60 (75054.6 per sec) reads @ chr9:25000000-30000000
ForkPoolWorker-3 countReadsInRegions_worker: processing 5000000 (11744145.2 per sec) @ chr9:25000000-30000000
ForkPoolWorker-3,  processing 0 (0.0 per sec) reads @ chrUn_KI270438v1:0-112505
ForkPoolWorker-3 countReadsInRegions_worker: processing 112505 (6980269.4 per sec) @ chrUn_KI270438v1:0-112505
ForkPoolWorker-1,  processing 72 (10116.9 per sec) reads @ chr3:155000000-160000000
ForkPoolWorker-1 countReadsInRegions_worker: processing 5000000 (11139243.7 per sec) @ chr3:155000000-160000000
ForkPoolWorker-1,  processing 684 (119907.4 per sec) reads @ chr15:65000000-70000000
ForkPoolWorker-1 countReadsInRegions_worker: processing 5000000 (11423833.8 per sec) @ chr15:65000000-70000000
ForkPoolWorker-1,  processing 194 (100929.7 per sec) reads @ chr7:45000000-50000000
ForkPoolWorker-1 countReadsInRegions_worker: processing 5000000 (11587749.2 per sec) @ chr7:45000000-50000000
ForkPoolWorker-1,  processing 76 (71504.5 per sec) reads @ chrX:10000000-15000000
ForkPoolWorker-1 countReadsInRegions_worker: processing 5000000 (11704065.4 per sec) @ chrX:10000000-15000000
ForkPoolWorker-1,  processing 1034 (153529.8 per sec) reads @ chr6:0-5000000
ForkPoolWorker-1 countReadsInRegions_worker: processing 5000000 (11645785.0 per sec) @ chr6:0-5000000
ForkPoolWorker-1,  processing 10805 (148492.5 per sec) reads @ chr16:0-5000000
ForkPoolWorker-1 countReadsInRegions_worker: processing 5000000 (9873201.9 per sec) @ chr16:0-5000000
ForkPoolWorker-1,  processing 30 (42409.5 per sec) reads @ chr7:10000000-15000000
ForkPoolWorker-1 countReadsInRegions_worker: processing 5000000 (11440704.1 per sec) @ chr7:10000000-15000000
ForkPoolWorker-1,  processing 314 (113193.9 per sec) reads @ chr5:145000000-150000000
ForkPoolWorker-1 countReadsInRegions_worker: processing 5000000 (10986428.0 per sec) @ chr5:145000000-150000000
ForkPoolWorker-1,  processing 1445 (139280.0 per sec) reads @ chr6:25000000-30000000
ForkPoolWorker-1 countReadsInRegions_worker: processing 5000000 (10915179.5 per sec) @ chr6:25000000-30000000
ForkPoolWorker-1,  processing 1 (2562.2 per sec) reads @ chr18:15000000-20000000
ForkPoolWorker-1 countReadsInRegions_worker: processing 5000000 (11445624.4 per sec) @ chr18:15000000-20000000
ForkPoolWorker-1,  processing 0 (0.0 per sec) reads @ chrUn_KI270366v1:0-8320
ForkPoolWorker-1 countReadsInRegions_worker: processing 8320 (1064895.0 per sec) @ chrUn_KI270366v1:0-8320
ForkPoolWorker-1,  processing 3541 (139870.7 per sec) reads @ chr16:30000000-35000000
ForkPoolWorker-1 countReadsInRegions_worker: processing 5000000 (10782732.6 per sec) @ chr16:30000000-35000000
ForkPoolWorker-1,  processing 224 (110819.1 per sec) reads @ chrX:15000000-20000000
ForkPoolWorker-1 countReadsInRegions_worker: processing 5000000 (11570078.9 per sec) @ chrX:15000000-20000000
ForkPoolWorker-1,  processing 300 (112337.4 per sec) reads @ chr7:30000000-35000000
ForkPoolWorker-1 countReadsInRegions_worker: processing 5000000 (12038870.6 per sec) @ chr7:30000000-35000000
ForkPoolWorker-1,  processing 44 (59570.5 per sec) reads @ chr3:105000000-110000000
ForkPoolWorker-1 countReadsInRegions_worker: processing 5000000 (12168442.7 per sec) @ chr3:105000000-110000000
ForkPoolWorker-5,  processing 38 (8402.8 per sec) reads @ chr7:80000000-85000000
ForkPoolWorker-5 countReadsInRegions_worker: processing 5000000 (9506724.3 per sec) @ chr7:80000000-85000000
ForkPoolWorker-5,  processing 351 (112691.4 per sec) reads @ chr2:85000000-90000000
ForkPoolWorker-5 countReadsInRegions_worker: processing 5000000 (11164690.4 per sec) @ chr2:85000000-90000000
ForkPoolWorker-5,  processing 712 (128860.6 per sec) reads @ chr2:235000000-240000000
ForkPoolWorker-5 countReadsInRegions_worker: processing 5000000 (11388695.7 per sec) @ chr2:235000000-240000000
ForkPoolWorker-5,  processing 144 (105905.6 per sec) reads @ chr7:35000000-40000000
ForkPoolWorker-5 countReadsInRegions_worker: processing 5000000 (11455396.3 per sec) @ chr7:35000000-40000000
ForkPoolWorker-5,  processing 73 (82573.9 per sec) reads @ chr5:105000000-110000000
ForkPoolWorker-5 countReadsInRegions_worker: processing 5000000 (11663213.9 per sec) @ chr5:105000000-110000000
ForkPoolWorker-5,  processing 0 (0.0 per sec) reads @ chrUn_KI270393v1:0-1308
ForkPoolWorker-5 countReadsInRegions_worker: processing 1308 (191843.5 per sec) @ chrUn_KI270393v1:0-1308
ForkPoolWorker-5,  processing 273 (112160.3 per sec) reads @ chr20:25000000-30000000
ForkPoolWorker-5 countReadsInRegions_worker: processing 5000000 (11679452.6 per sec) @ chr20:25000000-30000000
ForkPoolWorker-5,  processing 1117 (63483.8 per sec) reads @ chr17:45000000-50000000
ForkPoolWorker-5 countReadsInRegions_worker: processing 5000000 (9341954.5 per sec) @ chr17:45000000-50000000
ForkPoolWorker-5,  processing 75 (78505.8 per sec) reads @ chr4:40000000-45000000
ForkPoolWorker-5 countReadsInRegions_worker: processing 5000000 (11623271.5 per sec) @ chr4:40000000-45000000
ForkPoolWorker-5,  processing 36 (49866.2 per sec) reads @ chr7:85000000-90000000
ForkPoolWorker-5 countReadsInRegions_worker: processing 5000000 (11848209.3 per sec) @ chr7:85000000-90000000
ForkPoolWorker-5,  processing 3746 (154460.4 per sec) reads @ chrX:150000000-155000000
ForkPoolWorker-5 countReadsInRegions_worker: processing 5000000 (11207740.2 per sec) @ chrX:150000000-155000000
ForkPoolWorker-5,  processing 144 (93814.8 per sec) reads @ chr6:140000000-145000000
ForkPoolWorker-5 countReadsInRegions_worker: processing 5000000 (11847084.8 per sec) @ chr6:140000000-145000000
ForkPoolWorker-5,  processing 13 (25817.2 per sec) reads @ chrY:10000000-15000000
ForkPoolWorker-5 countReadsInRegions_worker: processing 5000000 (11907071.4 per sec) @ chrY:10000000-15000000
ForkPoolWorker-5,  processing 3023 (149141.1 per sec) reads @ chr17:5000000-10000000
ForkPoolWorker-5 countReadsInRegions_worker: processing 5000000 (11541990.6 per sec) @ chr17:5000000-10000000
ForkPoolWorker-5,  processing 118 (87381.3 per sec) reads @ chr4:180000000-185000000
ForkPoolWorker-5 countReadsInRegions_worker: processing 5000000 (12051420.3 per sec) @ chr4:180000000-185000000
ForkPoolWorker-33,  processing 1012 (51299.7 per sec) reads @ chrX:45000000-50000000
ForkPoolWorker-33 countReadsInRegions_worker: processing 5000000 (9759429.1 per sec) @ chrX:45000000-50000000
ForkPoolWorker-33,  processing 702 (123320.5 per sec) reads @ chr9:110000000-115000000
ForkPoolWorker-33 countReadsInRegions_worker: processing 5000000 (11140403.5 per sec) @ chr9:110000000-115000000
ForkPoolWorker-33,  processing 0 (0.0 per sec) reads @ chr17_KI270730v1_random:0-112551
ForkPoolWorker-33 countReadsInRegions_worker: processing 112551 (7242940.1 per sec) @ chr17_KI270730v1_random:0-112551
ForkPoolWorker-33,  processing 481 (126099.1 per sec) reads @ chr5:170000000-175000000
ForkPoolWorker-33 countReadsInRegions_worker: processing 5000000 (11629697.8 per sec) @ chr5:170000000-175000000
ForkPoolWorker-33,  processing 297 (122392.2 per sec) reads @ chr2:60000000-65000000
ForkPoolWorker-33 countReadsInRegions_worker: processing 5000000 (11597451.1 per sec) @ chr2:60000000-65000000
ForkPoolWorker-33,  processing 286 (131503.1 per sec) reads @ chr6:20000000-25000000
ForkPoolWorker-33 countReadsInRegions_worker: processing 5000000 (11602346.6 per sec) @ chr6:20000000-25000000
ForkPoolWorker-33,  processing 2382 (142222.3 per sec) reads @ chr21:5000000-10000000
ForkPoolWorker-33 countReadsInRegions_worker: processing 5000000 (11439013.0 per sec) @ chr21:5000000-10000000
ForkPoolWorker-33,  processing 7 (16302.1 per sec) reads @ chrY:15000000-20000000
ForkPoolWorker-33 countReadsInRegions_worker: processing 5000000 (11698241.8 per sec) @ chrY:15000000-20000000
ForkPoolWorker-33,  processing 152 (100605.1 per sec) reads @ chr5:30000000-35000000
ForkPoolWorker-33 countReadsInRegions_worker: processing 5000000 (11621905.9 per sec) @ chr5:30000000-35000000
ForkPoolWorker-33,  processing 0 (0.0 per sec) reads @ chrEBV:0-171823
ForkPoolWorker-33 countReadsInRegions_worker: processing 171823 (8538837.6 per sec) @ chrEBV:0-171823
ForkPoolWorker-33,  processing 0 (0.0 per sec) reads @ chrUn_KI270312v1:0-998
ForkPoolWorker-33 countReadsInRegions_worker: processing 998 (143752.0 per sec) @ chrUn_KI270312v1:0-998
ForkPoolWorker-33,  processing 0 (0.0 per sec) reads @ chrUn_GL000226v1:0-15008
ForkPoolWorker-33 countReadsInRegions_worker: processing 15008 (1985181.3 per sec) @ chrUn_GL000226v1:0-15008
ForkPoolWorker-33,  processing 26 (43035.5 per sec) reads @ chr1:195000000-200000000
ForkPoolWorker-33 countReadsInRegions_worker: processing 5000000 (11758664.9 per sec) @ chr1:195000000-200000000
ForkPoolWorker-33,  processing 1932 (132694.6 per sec) reads @ chr1:225000000-230000000
ForkPoolWorker-33 countReadsInRegions_worker: processing 5000000 (11571591.9 per sec) @ chr1:225000000-230000000
ForkPoolWorker-33,  processing 2383 (140802.8 per sec) reads @ chr17:40000000-45000000
ForkPoolWorker-33 countReadsInRegions_worker: processing 5000000 (11430658.2 per sec) @ chr17:40000000-45000000
ForkPoolWorker-33,  processing 1069 (136482.1 per sec) reads @ chr2:70000000-75000000
ForkPoolWorker-33 countReadsInRegions_worker: processing 5000000 (11720719.5 per sec) @ chr2:70000000-75000000
ForkPoolWorker-33,  processing 693 (127742.5 per sec) reads @ chr1:200000000-205000000
ForkPoolWorker-33 countReadsInRegions_worker: processing 5000000 (11759924.3 per sec) @ chr1:200000000-205000000
ForkPoolWorker-33,  processing 308 (125409.7 per sec) reads @ chr1:170000000-175000000
ForkPoolWorker-33 countReadsInRegions_worker: processing 5000000 (11958824.0 per sec) @ chr1:170000000-175000000
ForkPoolWorker-33,  processing 16 (29330.8 per sec) reads @ chr13:65000000-70000000
ForkPoolWorker-33 countReadsInRegions_worker: processing 5000000 (12102824.4 per sec) @ chr13:65000000-70000000
ForkPoolWorker-33,  processing 82 (80433.3 per sec) reads @ chr10:30000000-35000000
ForkPoolWorker-33 countReadsInRegions_worker: processing 5000000 (11858540.2 per sec) @ chr10:30000000-35000000
ForkPoolWorker-28,  processing 124 (24708.7 per sec) reads @ chr12:20000000-25000000
ForkPoolWorker-28 countReadsInRegions_worker: processing 5000000 (7284365.2 per sec) @ chr12:20000000-25000000
ForkPoolWorker-28,  processing 0 (0.0 per sec) reads @ chr9_KI270719v1_random:0-176845
ForkPoolWorker-28 countReadsInRegions_worker: processing 176845 (8153964.5 per sec) @ chr9_KI270719v1_random:0-176845
ForkPoolWorker-28,  processing 241 (90714.1 per sec) reads @ chr1:210000000-215000000
ForkPoolWorker-28 countReadsInRegions_worker: processing 5000000 (11448423.6 per sec) @ chr1:210000000-215000000
ForkPoolWorker-28,  processing 3 (5983.3 per sec) reads @ chr14_GL000225v1_random:0-211173
ForkPoolWorker-28 countReadsInRegions_worker: processing 211173 (7023143.6 per sec) @ chr14_GL000225v1_random:0-211173
ForkPoolWorker-28,  processing 0 (0.0 per sec) reads @ chrUn_KI270539v1:0-993
ForkPoolWorker-28 countReadsInRegions_worker: processing 993 (132696.5 per sec) @ chrUn_KI270539v1:0-993
ForkPoolWorker-28,  processing 0 (0.0 per sec) reads @ chrUn_KI270394v1:0-970
ForkPoolWorker-28 countReadsInRegions_worker: processing 970 (135169.8 per sec) @ chrUn_KI270394v1:0-970
ForkPoolWorker-28,  processing 0 (0.0 per sec) reads @ chr21:0-5000000
ForkPoolWorker-28 countReadsInRegions_worker: processing 5000000 (11931370.9 per sec) @ chr21:0-5000000
ForkPoolWorker-28,  processing 1 (2318.6 per sec) reads @ chrUn_GL000224v1:0-179693
ForkPoolWorker-28 countReadsInRegions_worker: processing 179693 (7567519.1 per sec) @ chrUn_GL000224v1:0-179693
ForkPoolWorker-28,  processing 12 (17108.0 per sec) reads @ chr22:10000000-15000000
ForkPoolWorker-28 countReadsInRegions_worker: processing 5000000 (11942031.0 per sec) @ chr22:10000000-15000000
ForkPoolWorker-28,  processing 350 (117252.9 per sec) reads @ chr6:5000000-10000000
ForkPoolWorker-28 countReadsInRegions_worker: processing 5000000 (11875273.9 per sec) @ chr6:5000000-10000000
ForkPoolWorker-28,  processing 0 (0.0 per sec) reads @ chrUn_KI270322v1:0-21476
ForkPoolWorker-28 countReadsInRegions_worker: processing 21476 (2399234.8 per sec) @ chrUn_KI270322v1:0-21476
ForkPoolWorker-28,  processing 0 (0.0 per sec) reads @ chrUn_GL000216v2:0-176608
ForkPoolWorker-28 countReadsInRegions_worker: processing 176608 (8437049.6 per sec) @ chrUn_GL000216v2:0-176608
ForkPoolWorker-28,  processing 548 (145879.6 per sec) reads @ chr4:20000000-25000000
ForkPoolWorker-28 countReadsInRegions_worker: processing 5000000 (11546795.0 per sec) @ chr4:20000000-25000000
ForkPoolWorker-28,  processing 167 (89847.2 per sec) reads @ chr8:120000000-125000000
ForkPoolWorker-28 countReadsInRegions_worker: processing 5000000 (11539151.9 per sec) @ chr8:120000000-125000000
ForkPoolWorker-28,  processing 1022 (126350.8 per sec) reads @ chr22:15000000-20000000
ForkPoolWorker-28 countReadsInRegions_worker: processing 5000000 (10882893.1 per sec) @ chr22:15000000-20000000
ForkPoolWorker-28,  processing 275 (101427.5 per sec) reads @ chr2:120000000-125000000
ForkPoolWorker-28 countReadsInRegions_worker: processing 5000000 (11192529.0 per sec) @ chr2:120000000-125000000
ForkPoolWorker-28,  processing 197 (101036.7 per sec) reads @ chr10:110000000-115000000
ForkPoolWorker-28 countReadsInRegions_worker: processing 5000000 (10588029.8 per sec) @ chr10:110000000-115000000
ForkPoolWorker-28,  processing 0 (0.0 per sec) reads @ chrUn_KI270414v1:0-2489
ForkPoolWorker-28 countReadsInRegions_worker: processing 2489 (164795.4 per sec) @ chrUn_KI270414v1:0-2489
ForkPoolWorker-28,  processing 0 (0.0 per sec) reads @ chrUn_KI270412v1:0-1179
ForkPoolWorker-28 countReadsInRegions_worker: processing 1179 (160753.0 per sec) @ chrUn_KI270412v1:0-1179
ForkPoolWorker-28,  processing 1359 (134049.6 per sec) reads @ chr19:50000000-55000000
ForkPoolWorker-28 countReadsInRegions_worker: processing 5000000 (11354713.5 per sec) @ chr19:50000000-55000000
ForkPoolWorker-28,  processing 0 (0.0 per sec) reads @ chrUn_KI270544v1:0-1202
ForkPoolWorker-28 countReadsInRegions_worker: processing 1202 (165492.2 per sec) @ chrUn_KI270544v1:0-1202
ForkPoolWorker-28,  processing 72 (68308.0 per sec) reads @ chr11:105000000-110000000
ForkPoolWorker-28 countReadsInRegions_worker: processing 5000000 (11706698.4 per sec) @ chr11:105000000-110000000
ForkPoolWorker-28,  processing 136 (96961.6 per sec) reads @ chr18:0-5000000
ForkPoolWorker-28 countReadsInRegions_worker: processing 5000000 (12186056.0 per sec) @ chr18:0-5000000
ForkPoolWorker-28,  processing 895 (135510.1 per sec) reads @ chr20:35000000-40000000
ForkPoolWorker-28 countReadsInRegions_worker: processing 5000000 (11934711.6 per sec) @ chr20:35000000-40000000
ForkPoolWorker-28,  processing 509 (128453.7 per sec) reads @ chr14:70000000-75000000
ForkPoolWorker-28 countReadsInRegions_worker: processing 5000000 (11990090.7 per sec) @ chr14:70000000-75000000
