# packages in environment at /work/pa-hilario/anaconda3/envs/deeptools:
#
# Name                           Version          Build                 Channel
_openmp_mutex                    4.5              20_gnu                conda-forge
alabaster                        1.0.0            pyhd8ed1ab_1          conda-forge
babel                            2.18.0           pyhcf101f3_0          conda-forge
backports.zstd                   1.3.0            py312h90b7ffd_0       conda-forge
bedops                           2.4.42           hd6d6fdc_1            bioconda
brotli                           1.2.0            hed03a55_1            conda-forge
brotli-bin                       1.2.0            hb03c661_1            conda-forge
brotli-python                    1.2.0            py312hdb49522_1       conda-forge
bzip2                            1.0.8            hda65f42_8            conda-forge
c-ares                           1.34.6           hb03c661_0            conda-forge
ca-certificates                  2026.1.4         hbd8a1cb_0            conda-forge
certifi                          2026.01.04       py312h06a4308_0
charset-normalizer               3.4.4            pyhd8ed1ab_0          conda-forge
click                            8.3.1            pypi_0                pypi
colorama                         0.4.6            pyhd8ed1ab_1          conda-forge
contourpy                        1.3.3            py312h0a2e395_4       conda-forge
cycler                           0.12.1           pyhcf101f3_2          conda-forge
cython                           3.2.4            py312h47b2149_0
deeptools                        3.5.6            pyhdfd78af_0          bioconda
deeptoolsintervals               0.1.9            py312ha9c1134_11      bioconda
docutils                         0.22.4           pyhd8ed1ab_0          conda-forge
fonttools                        4.61.1           py312h8a5da7c_0       conda-forge
freetype                         2.14.1           ha770c72_0            conda-forge
gencode-utr-fix                  1.0.0            pypi_0                pypi
h2                               4.3.0            pyhcf101f3_0          conda-forge
hpack                            4.1.0            pyhd8ed1ab_0          conda-forge
htslib                           1.22.1           h566b1c6_0            bioconda
hyperframe                       6.1.0            pyhd8ed1ab_0          conda-forge
icu                              78.2             h33c6efd_0            conda-forge
idna                             3.11             pyhd8ed1ab_0          conda-forge
imagesize                        1.4.1            pyhd8ed1ab_0          conda-forge
importlib-metadata               8.7.0            pyhe01879c_1          conda-forge
jansson                          2.15.0           h280c20c_0            conda-forge
jinja2                           3.1.6            pyhcf101f3_1          conda-forge
keyutils                         1.6.3            hb9d3cd8_0            conda-forge
kiwisolver                       1.4.9            py312h0a2e395_2       conda-forge
krb5                             1.22.2           ha1258a1_0            conda-forge
lcms2                            2.18             h0c24ade_0            conda-forge
ld_impl_linux-64                 2.45.1           default_hbd61a6d_101  conda-forge
lerc                             4.0.0            h0aef613_1            conda-forge
libblas                          3.11.0           5_h4a7cf45_openblas   conda-forge
libbrotlicommon                  1.2.0            hb03c661_1            conda-forge
libbrotlidec                     1.2.0            hb03c661_1            conda-forge
libbrotlienc                     1.2.0            hb03c661_1            conda-forge
libcblas                         3.11.0           5_h0358290_openblas   conda-forge
libcurl                          8.18.0           hcf29cc6_1            conda-forge
libdeflate                       1.25             h17f619e_0            conda-forge
libedit                          3.1.20250104     pl5321h7949ede_0      conda-forge
libev                            4.33             hd590300_2            conda-forge
libexpat                         2.7.3            hecca717_0            conda-forge
libffi                           3.5.2            h3435931_0            conda-forge
libfreetype                      2.14.1           ha770c72_0            conda-forge
libfreetype6                     2.14.1           h73754d4_0            conda-forge
libgcc                           15.2.0           he0feb66_17           conda-forge
libgcc-ng                        15.2.0           h69a702a_17           conda-forge
libgfortran                      15.2.0           h69a702a_17           conda-forge
libgfortran5                     15.2.0           h68bc16d_17           conda-forge
libgomp                          15.2.0           he0feb66_17           conda-forge
libiconv                         1.18             h3b78370_2            conda-forge
libjpeg-turbo                    3.1.2            hb03c661_0            conda-forge
liblapack                        3.11.0           5_h47877c9_openblas   conda-forge
liblzma                          5.8.2            hb03c661_0            conda-forge
libnghttp2                       1.67.0           had1ee68_0            conda-forge
libnsl                           2.0.1            hb9d3cd8_1            conda-forge
libopenblas                      0.3.30           pthreads_h94d23a6_4   conda-forge
libopenssl-static                3.6.1            hb03c661_1            conda-forge
libpng                           1.6.55           h421ea60_0            conda-forge
libsqlite                        3.51.2           hf4e2dac_0            conda-forge
libssh2                          1.11.1           hcf80075_0            conda-forge
libstdcxx                        15.2.0           h934c35e_17           conda-forge
libstdcxx-ng                     15.2.0           hdf11a46_17           conda-forge
libtiff                          4.7.1            h9d88235_1            conda-forge
libuuid                          2.41.3           h5347b49_0            conda-forge
libwebp-base                     1.6.0            hd42ef1d_0            conda-forge
libxcb                           1.17.0           h8a09558_0            conda-forge
libxcrypt                        4.4.36           hd590300_1            conda-forge
libzlib                          1.3.1            hb9d3cd8_2            conda-forge
markupsafe                       3.0.3            py312h8a5da7c_0       conda-forge
matplotlib-base                  3.10.8           py312he3d6523_0       conda-forge
munkres                          1.1.4            pyhd8ed1ab_1          conda-forge
mysql-connector-c                6.1.11           h659d440_1008         conda-forge
narwhals                         2.16.0           pyhcf101f3_0          conda-forge
natsort                          8.4.0            pypi_0                pypi
ncls                             0.0.70           pypi_0                pypi
ncurses                          6.5              h2d0b736_3            conda-forge
numpy                            2.4.2            py312h33ff503_1       conda-forge
numpydoc                         1.10.0           pyhcf101f3_0          conda-forge
openjpeg                         2.5.4            h55fea9a_0            conda-forge
openssl                          3.6.1            h35e630c_1            conda-forge
packaging                        26.0             pyhcf101f3_0          conda-forge
pandas                           3.0.0            pypi_0                pypi
pillow                           12.1.1           py312h50c33e8_0       conda-forge
pip                              26.0.1           pyh8b19718_0          conda-forge
plotly                           6.5.2            pyhd8ed1ab_0          conda-forge
pthread-stubs                    0.4              hb9d3cd8_1002         conda-forge
py2bit                           0.3.3            py312h0fa9677_1       bioconda
pybigwig                         0.3.25           py312h83fe50f_0       bioconda
pygments                         2.19.2           pyhd8ed1ab_0          conda-forge
pyparsing                        3.3.2            pyhcf101f3_0          conda-forge
pyranges                         0.1.4            pypi_0                pypi
pysam                            0.23.3           py312h8f9e533_2       bioconda
pysocks                          1.7.1            pyha55dd90_7          conda-forge
python                           3.12.12          hd63d673_2_cpython    conda-forge
python-dateutil                  2.9.0.post0      pyhe01879c_2          conda-forge
python_abi                       3.12             8_cp312               conda-forge
pytz                             2025.2           pyhd8ed1ab_0          conda-forge
qhull                            2020.2           h434a139_5            conda-forge
readline                         8.3              h853b02a_0            conda-forge
requests                         2.32.5           pyhcf101f3_1          conda-forge
roman-numerals                   4.1.0            pyhd8ed1ab_0          conda-forge
samtools                         1.22.1           h96c455f_0            bioconda
scipy                            1.17.0           py312h54fa4ab_1       conda-forge
setuptools                       82.0.0           pyh332efcf_0          conda-forge
six                              1.17.0           pyhe01879c_1          conda-forge
snowballstemmer                  3.0.1            pyhd8ed1ab_0          conda-forge
sorted-nearest                   0.0.41           pypi_0                pypi
sphinx                           9.1.0            pyhd8ed1ab_0          conda-forge
sphinxcontrib-applehelp          2.0.0            pyhd8ed1ab_1          conda-forge
sphinxcontrib-devhelp            2.0.0            pyhd8ed1ab_1          conda-forge
sphinxcontrib-htmlhelp           2.1.0            pyhd8ed1ab_1          conda-forge
sphinxcontrib-jsmath             1.0.1            pyhd8ed1ab_1          conda-forge
sphinxcontrib-qthelp             2.0.0            pyhd8ed1ab_1          conda-forge
sphinxcontrib-serializinghtml    1.1.10           pyhd8ed1ab_1          conda-forge
tabulate                         0.9.0            pypi_0                pypi
tk                               8.6.13           noxft_h366c992_103    conda-forge
tomli                            2.4.0            pyhcf101f3_0          conda-forge
tqdm                             4.67.3           pypi_0                pypi
tzdata                           2025c            hc9c84f9_1            conda-forge
ucsc-bigwiginfo                  482              h0b57e2e_0            bioconda
unicodedata2                     17.0.1           py312h4c3975b_0       conda-forge
urllib3                          2.6.3            pyhd8ed1ab_0          conda-forge
wheel                            0.46.3           pyhd8ed1ab_0          conda-forge
xorg-libxau                      1.0.12           hb03c661_1            conda-forge
xorg-libxdmcp                    1.1.5            hb03c661_1            conda-forge
zipp                             3.23.0           pyhcf101f3_1          conda-forge
zlib                             1.3.1            hb9d3cd8_2            conda-forge
zlib-ng                          2.3.3            hceb46e0_1            conda-forge
zstd                             1.5.7            hb78ec9c_6            conda-forge
Specified --scaleFactor: 1.0
normalization: CPM
bamFilesList: ['/work/pa-hilario/clipseq/20260421/OSM/output/mVenus-Sorbitol-rep5_L1_R1.genome.Aligned.sort.dedup.bam']
binLength: 1
numberOfSamples: None
blackListFileName: None
skipZeroOverZero: False
bed_and_bin: False
genomeChunkSize: None
defaultFragmentLength: read length
numberOfProcessors: 48
verbose: True
region: None
bedFile: None
minMappingQuality: None
ignoreDuplicates: False
chrsToSkip: []
stepSize: 1
center_read: False
samFlag_include: None
samFlag_exclude: None
minFragmentLength: 0
maxFragmentLength: 0
zerosToNans: False
smoothLength: None
save_data: False
out_file_for_raw_data: None
maxPairedFragmentLength: 1000
Final scaling factor: 39.69514131470308
ForkPoolWorker-39,  processing 41 (25390.0 per sec) reads @ chr13:95000000-100000000
ForkPoolWorker-39 countReadsInRegions_worker: processing 5000000 (5848228.7 per sec) @ chr13:95000000-100000000
ForkPoolWorker-39,  processing 10 (14538.3 per sec) reads @ chr5:75000000-80000000
ForkPoolWorker-39 countReadsInRegions_worker: processing 5000000 (12054392.0 per sec) @ chr5:75000000-80000000
ForkPoolWorker-39,  processing 55 (53080.2 per sec) reads @ chr20:45000000-50000000
ForkPoolWorker-39 countReadsInRegions_worker: processing 5000000 (12063704.6 per sec) @ chr20:45000000-50000000
ForkPoolWorker-39,  processing 0 (0.0 per sec) reads @ chrUn_KI270755v1:0-36723
ForkPoolWorker-39 countReadsInRegions_worker: processing 36723 (3871786.9 per sec) @ chrUn_KI270755v1:0-36723
ForkPoolWorker-39,  processing 0 (0.0 per sec) reads @ chrUn_KI270544v1:0-1202
ForkPoolWorker-39 countReadsInRegions_worker: processing 1202 (309468.6 per sec) @ chrUn_KI270544v1:0-1202
ForkPoolWorker-39,  processing 20 (34592.2 per sec) reads @ chr1:175000000-180000000
ForkPoolWorker-39 countReadsInRegions_worker: processing 5000000 (11986355.9 per sec) @ chr1:175000000-180000000
ForkPoolWorker-39,  processing 28 (38836.1 per sec) reads @ chr20:40000000-45000000
ForkPoolWorker-39 countReadsInRegions_worker: processing 5000000 (11964732.6 per sec) @ chr20:40000000-45000000
ForkPoolWorker-39,  processing 32 (38140.9 per sec) reads @ chr15:35000000-40000000
ForkPoolWorker-39 countReadsInRegions_worker: processing 5000000 (11978783.6 per sec) @ chr15:35000000-40000000
ForkPoolWorker-39,  processing 13 (23810.5 per sec) reads @ chr4:15000000-20000000
ForkPoolWorker-39 countReadsInRegions_worker: processing 5000000 (11979864.8 per sec) @ chr4:15000000-20000000
ForkPoolWorker-39,  processing 32 (47027.9 per sec) reads @ chr2:135000000-140000000
ForkPoolWorker-39 countReadsInRegions_worker: processing 5000000 (12065453.7 per sec) @ chr2:135000000-140000000
ForkPoolWorker-39,  processing 11 (21000.2 per sec) reads @ chr4:10000000-15000000
ForkPoolWorker-39 countReadsInRegions_worker: processing 5000000 (12044305.1 per sec) @ chr4:10000000-15000000
ForkPoolWorker-39,  processing 0 (0.0 per sec) reads @ chrUn_KI270337v1:0-1121
ForkPoolWorker-39 countReadsInRegions_worker: processing 1121 (284561.8 per sec) @ chrUn_KI270337v1:0-1121
ForkPoolWorker-39,  processing 50 (58826.1 per sec) reads @ chr7:25000000-30000000
ForkPoolWorker-39 countReadsInRegions_worker: processing 5000000 (12122258.9 per sec) @ chr7:25000000-30000000
ForkPoolWorker-39,  processing 62 (65272.8 per sec) reads @ chr14:100000000-105000000
ForkPoolWorker-39 countReadsInRegions_worker: processing 5000000 (12083027.5 per sec) @ chr14:100000000-105000000
ForkPoolWorker-39,  processing 0 (0.0 per sec) reads @ chrUn_GL000220v1:0-161802
ForkPoolWorker-39 countReadsInRegions_worker: processing 161802 (9275819.4 per sec) @ chrUn_GL000220v1:0-161802
ForkPoolWorker-38,  processing 60 (21144.2 per sec) reads @ chr19:35000000-40000000
ForkPoolWorker-38 countReadsInRegions_worker: processing 5000000 (10790577.6 per sec) @ chr19:35000000-40000000
ForkPoolWorker-38,  processing 34 (38500.6 per sec) reads @ chr12:75000000-80000000
ForkPoolWorker-38 countReadsInRegions_worker: processing 5000000 (11721990.4 per sec) @ chr12:75000000-80000000
ForkPoolWorker-38,  processing 27 (38142.9 per sec) reads @ chr3:195000000-198295559
ForkPoolWorker-38 countReadsInRegions_worker: processing 3295559 (11735250.7 per sec) @ chr3:195000000-198295559
ForkPoolWorker-38,  processing 0 (0.0 per sec) reads @ chrUn_KI270468v1:0-4055
ForkPoolWorker-38 countReadsInRegions_worker: processing 4055 (987625.7 per sec) @ chrUn_KI270468v1:0-4055
ForkPoolWorker-38,  processing 21 (38212.7 per sec) reads @ chr4:85000000-90000000
ForkPoolWorker-38 countReadsInRegions_worker: processing 5000000 (12252217.3 per sec) @ chr4:85000000-90000000
ForkPoolWorker-38,  processing 87 (83693.7 per sec) reads @ chr17:80000000-83257441
ForkPoolWorker-38 countReadsInRegions_worker: processing 3257441 (12181424.4 per sec) @ chr17:80000000-83257441
ForkPoolWorker-38,  processing 13 (28517.8 per sec) reads @ chr2:75000000-80000000
ForkPoolWorker-38 countReadsInRegions_worker: processing 5000000 (12029016.7 per sec) @ chr2:75000000-80000000
ForkPoolWorker-38,  processing 6 (13934.6 per sec) reads @ chrX:55000000-60000000
ForkPoolWorker-38 countReadsInRegions_worker: processing 5000000 (11990378.7 per sec) @ chrX:55000000-60000000
ForkPoolWorker-38,  processing 19 (32056.2 per sec) reads @ chr2:5000000-10000000
ForkPoolWorker-38 countReadsInRegions_worker: processing 5000000 (11914174.2 per sec) @ chr2:5000000-10000000
ForkPoolWorker-38,  processing 56 (69697.6 per sec) reads @ chr11:5000000-10000000
ForkPoolWorker-38 countReadsInRegions_worker: processing 5000000 (12073163.7 per sec) @ chr11:5000000-10000000
ForkPoolWorker-38,  processing 16 (28976.2 per sec) reads @ chr3:105000000-110000000
ForkPoolWorker-38 countReadsInRegions_worker: processing 5000000 (12043910.9 per sec) @ chr3:105000000-110000000
ForkPoolWorker-38,  processing 10 (19784.5 per sec) reads @ chr7:35000000-40000000
ForkPoolWorker-38 countReadsInRegions_worker: processing 5000000 (12006201.3 per sec) @ chr7:35000000-40000000
ForkPoolWorker-38,  processing 0 (0.0 per sec) reads @ chrEBV:0-171823
ForkPoolWorker-38 countReadsInRegions_worker: processing 171823 (9636277.2 per sec) @ chrEBV:0-171823
ForkPoolWorker-38,  processing 217 (120759.4 per sec) reads @ chr6:25000000-30000000
ForkPoolWorker-38 countReadsInRegions_worker: processing 5000000 (11798542.5 per sec) @ chr6:25000000-30000000
ForkPoolWorker-38,  processing 0 (0.0 per sec) reads @ chr14_KI270722v1_random:0-194050
ForkPoolWorker-38 countReadsInRegions_worker: processing 194050 (10261544.8 per sec) @ chr14_KI270722v1_random:0-194050
ForkPoolWorker-11,  processing 29 (3156.6 per sec) reads @ chr1:35000000-40000000
ForkPoolWorker-11 countReadsInRegions_worker: processing 5000000 (9964359.9 per sec) @ chr1:35000000-40000000
ForkPoolWorker-11,  processing 21 (38479.9 per sec) reads @ chr9:95000000-100000000
ForkPoolWorker-11 countReadsInRegions_worker: processing 5000000 (10958664.7 per sec) @ chr9:95000000-100000000
ForkPoolWorker-11,  processing 59 (75492.4 per sec) reads @ chr15:80000000-85000000
ForkPoolWorker-11 countReadsInRegions_worker: processing 5000000 (11105290.9 per sec) @ chr15:80000000-85000000
ForkPoolWorker-11,  processing 46 (63299.9 per sec) reads @ chr6:165000000-170000000
ForkPoolWorker-11 countReadsInRegions_worker: processing 5000000 (11162081.7 per sec) @ chr6:165000000-170000000
ForkPoolWorker-11,  processing 16 (30601.4 per sec) reads @ chr5:165000000-170000000
ForkPoolWorker-11 countReadsInRegions_worker: processing 5000000 (11291802.8 per sec) @ chr5:165000000-170000000
ForkPoolWorker-11,  processing 32 (40439.2 per sec) reads @ chr4:180000000-185000000
ForkPoolWorker-11 countReadsInRegions_worker: processing 5000000 (11207009.5 per sec) @ chr4:180000000-185000000
ForkPoolWorker-11,  processing 0 (0.0 per sec) reads @ chrUn_KI270389v1:0-1298
ForkPoolWorker-11 countReadsInRegions_worker: processing 1298 (362415.6 per sec) @ chrUn_KI270389v1:0-1298
ForkPoolWorker-11,  processing 30 (48827.8 per sec) reads @ chr7:155000000-159345973
ForkPoolWorker-11 countReadsInRegions_worker: processing 4345973 (11476724.3 per sec) @ chr7:155000000-159345973
ForkPoolWorker-11,  processing 0 (0.0 per sec) reads @ chrUn_KI270744v1:0-168472
ForkPoolWorker-11 countReadsInRegions_worker: processing 168472 (9314581.5 per sec) @ chrUn_KI270744v1:0-168472
ForkPoolWorker-11,  processing 16 (31760.0 per sec) reads @ chr8:135000000-140000000
ForkPoolWorker-11 countReadsInRegions_worker: processing 5000000 (11829683.0 per sec) @ chr8:135000000-140000000
ForkPoolWorker-11,  processing 77 (79060.3 per sec) reads @ chr1:150000000-155000000
ForkPoolWorker-11 countReadsInRegions_worker: processing 5000000 (12042583.0 per sec) @ chr1:150000000-155000000
ForkPoolWorker-11,  processing 34 (52641.7 per sec) reads @ chr21:45000000-46709983
ForkPoolWorker-11 countReadsInRegions_worker: processing 1709983 (11579102.2 per sec) @ chr21:45000000-46709983
ForkPoolWorker-11,  processing 76 (76608.3 per sec) reads @ chrX:50000000-55000000
ForkPoolWorker-11 countReadsInRegions_worker: processing 5000000 (11879976.2 per sec) @ chrX:50000000-55000000
ForkPoolWorker-11,  processing 0 (0.0 per sec) reads @ chrUn_GL000218v1:0-161147
ForkPoolWorker-11 countReadsInRegions_worker: processing 161147 (9963141.3 per sec) @ chrUn_GL000218v1:0-161147
ForkPoolWorker-11,  processing 9 (18613.8 per sec) reads @ chr6:75000000-80000000
ForkPoolWorker-11 countReadsInRegions_worker: processing 5000000 (11804466.5 per sec) @ chr6:75000000-80000000
ForkPoolWorker-41,  processing 70 (15876.3 per sec) reads @ chr7:135000000-140000000
ForkPoolWorker-41 countReadsInRegions_worker: processing 5000000 (8509701.0 per sec) @ chr7:135000000-140000000
ForkPoolWorker-41,  processing 32 (43548.9 per sec) reads @ chr16:10000000-15000000
ForkPoolWorker-41 countReadsInRegions_worker: processing 5000000 (12019461.3 per sec) @ chr16:10000000-15000000
ForkPoolWorker-41,  processing 0 (0.0 per sec) reads @ chrUn_KI270312v1:0-998
ForkPoolWorker-41 countReadsInRegions_worker: processing 998 (263033.5 per sec) @ chrUn_KI270312v1:0-998
ForkPoolWorker-41,  processing 63 (70766.2 per sec) reads @ chr11:25000000-30000000
ForkPoolWorker-41 countReadsInRegions_worker: processing 5000000 (11957017.2 per sec) @ chr11:25000000-30000000
ForkPoolWorker-41,  processing 0 (0.0 per sec) reads @ chrUn_GL000224v1:0-179693
ForkPoolWorker-41 countReadsInRegions_worker: processing 179693 (9313517.2 per sec) @ chrUn_GL000224v1:0-179693
ForkPoolWorker-41,  processing 0 (0.0 per sec) reads @ chrUn_KI270420v1:0-2321
ForkPoolWorker-41 countReadsInRegions_worker: processing 2321 (547524.2 per sec) @ chrUn_KI270420v1:0-2321
ForkPoolWorker-41,  processing 18 (30890.9 per sec) reads @ chr14:40000000-45000000
ForkPoolWorker-41 countReadsInRegions_worker: processing 5000000 (11914519.4 per sec) @ chr14:40000000-45000000
ForkPoolWorker-41,  processing 2 (4387.3 per sec) reads @ chr11:50000000-55000000
ForkPoolWorker-41 countReadsInRegions_worker: processing 5000000 (11865820.1 per sec) @ chr11:50000000-55000000
ForkPoolWorker-41,  processing 36 (54907.3 per sec) reads @ chr5:125000000-130000000
ForkPoolWorker-41 countReadsInRegions_worker: processing 5000000 (11854659.0 per sec) @ chr5:125000000-130000000
ForkPoolWorker-41,  processing 37 (47779.9 per sec) reads @ chrX:105000000-110000000
ForkPoolWorker-41 countReadsInRegions_worker: processing 5000000 (11819255.7 per sec) @ chrX:105000000-110000000
ForkPoolWorker-41,  processing 0 (0.0 per sec) reads @ chr15:0-5000000
ForkPoolWorker-41 countReadsInRegions_worker: processing 5000000 (11809618.2 per sec) @ chr15:0-5000000
ForkPoolWorker-41,  processing 37 (53476.7 per sec) reads @ chrX:20000000-25000000
ForkPoolWorker-41 countReadsInRegions_worker: processing 5000000 (11818649.6 per sec) @ chrX:20000000-25000000
ForkPoolWorker-41,  processing 3 (7010.0 per sec) reads @ chr5:45000000-50000000
ForkPoolWorker-41 countReadsInRegions_worker: processing 5000000 (11745296.2 per sec) @ chr5:45000000-50000000
ForkPoolWorker-41,  processing 0 (0.0 per sec) reads @ chrY:50000000-55000000
ForkPoolWorker-41 countReadsInRegions_worker: processing 5000000 (11839968.2 per sec) @ chrY:50000000-55000000
ForkPoolWorker-41,  processing 73 (75995.1 per sec) reads @ chr19:55000000-58617616
ForkPoolWorker-41 countReadsInRegions_worker: processing 3617616 (11626149.9 per sec) @ chr19:55000000-58617616
ForkPoolWorker-15,  processing 47 (32028.0 per sec) reads @ chr20:0-5000000
ForkPoolWorker-15 countReadsInRegions_worker: processing 5000000 (10709426.4 per sec) @ chr20:0-5000000
ForkPoolWorker-15,  processing 6 (13052.8 per sec) reads @ chr18:65000000-70000000
ForkPoolWorker-15 countReadsInRegions_worker: processing 5000000 (11976307.2 per sec) @ chr18:65000000-70000000
ForkPoolWorker-15,  processing 0 (0.0 per sec) reads @ chrUn_KI270582v1:0-6504
ForkPoolWorker-15 countReadsInRegions_worker: processing 6504 (1624278.3 per sec) @ chrUn_KI270582v1:0-6504
ForkPoolWorker-15,  processing 28 (53748.5 per sec) reads @ chr6:45000000-50000000
ForkPoolWorker-15 countReadsInRegions_worker: processing 5000000 (12145342.0 per sec) @ chr6:45000000-50000000
ForkPoolWorker-15,  processing 10 (18157.2 per sec) reads @ chr6:65000000-70000000
ForkPoolWorker-15 countReadsInRegions_worker: processing 5000000 (12016086.8 per sec) @ chr6:65000000-70000000
ForkPoolWorker-15,  processing 13 (28369.4 per sec) reads @ chr7:105000000-110000000
ForkPoolWorker-15 countReadsInRegions_worker: processing 5000000 (12063496.4 per sec) @ chr7:105000000-110000000
ForkPoolWorker-15,  processing 13 (28743.3 per sec) reads @ chr13:55000000-60000000
ForkPoolWorker-15 countReadsInRegions_worker: processing 5000000 (12032225.9 per sec) @ chr13:55000000-60000000
ForkPoolWorker-15,  processing 30 (46689.8 per sec) reads @ chr4:105000000-110000000
ForkPoolWorker-15 countReadsInRegions_worker: processing 5000000 (12025754.0 per sec) @ chr4:105000000-110000000
ForkPoolWorker-15,  processing 80 (92258.5 per sec) reads @ chr9:90000000-95000000
ForkPoolWorker-15 countReadsInRegions_worker: processing 5000000 (12012425.1 per sec) @ chr9:90000000-95000000
ForkPoolWorker-15,  processing 47 (57573.7 per sec) reads @ chr14:60000000-65000000
ForkPoolWorker-15 countReadsInRegions_worker: processing 5000000 (11867424.9 per sec) @ chr14:60000000-65000000
ForkPoolWorker-15,  processing 0 (0.0 per sec) reads @ chrUn_KI270521v1:0-7642
ForkPoolWorker-15 countReadsInRegions_worker: processing 7642 (1759310.1 per sec) @ chrUn_KI270521v1:0-7642
ForkPoolWorker-15,  processing 23 (41689.3 per sec) reads @ chr8:55000000-60000000
ForkPoolWorker-15 countReadsInRegions_worker: processing 5000000 (12090076.9 per sec) @ chr8:55000000-60000000
ForkPoolWorker-15,  processing 0 (0.0 per sec) reads @ chr22:5000000-10000000
ForkPoolWorker-15 countReadsInRegions_worker: processing 5000000 (11901787.0 per sec) @ chr22:5000000-10000000
ForkPoolWorker-15,  processing 33 (50774.8 per sec) reads @ chr2:235000000-240000000
ForkPoolWorker-15 countReadsInRegions_worker: processing 5000000 (11911426.8 per sec) @ chr2:235000000-240000000
ForkPoolWorker-15,  processing 0 (0.0 per sec) reads @ chrUn_KI270588v1:0-6158
ForkPoolWorker-15 countReadsInRegions_worker: processing 6158 (1512740.1 per sec) @ chrUn_KI270588v1:0-6158
ForkPoolWorker-30,  processing 28 (22777.4 per sec) reads @ chr17:50000000-55000000
ForkPoolWorker-30 countReadsInRegions_worker: processing 5000000 (8477091.9 per sec) @ chr17:50000000-55000000
ForkPoolWorker-30,  processing 63 (53371.3 per sec) reads @ chrX:150000000-155000000
ForkPoolWorker-30 countReadsInRegions_worker: processing 5000000 (11826194.1 per sec) @ chrX:150000000-155000000
ForkPoolWorker-30,  processing 0 (0.0 per sec) reads @ chr22_KI270735v1_random:0-42811
ForkPoolWorker-30 countReadsInRegions_worker: processing 42811 (6235020.3 per sec) @ chr22_KI270735v1_random:0-42811
ForkPoolWorker-30,  processing 12 (23944.6 per sec) reads @ chr16:15000000-20000000
ForkPoolWorker-30 countReadsInRegions_worker: processing 5000000 (12059854.4 per sec) @ chr16:15000000-20000000
ForkPoolWorker-30,  processing 0 (0.0 per sec) reads @ chrUn_KI270320v1:0-4416
ForkPoolWorker-30 countReadsInRegions_worker: processing 4416 (1130358.0 per sec) @ chrUn_KI270320v1:0-4416
ForkPoolWorker-30,  processing 15 (26806.4 per sec) reads @ chr10:20000000-25000000
ForkPoolWorker-30 countReadsInRegions_worker: processing 5000000 (11972874.9 per sec) @ chr10:20000000-25000000
ForkPoolWorker-30,  processing 14 (26788.4 per sec) reads @ chr5:85000000-90000000
ForkPoolWorker-30 countReadsInRegions_worker: processing 5000000 (12070189.7 per sec) @ chr5:85000000-90000000
ForkPoolWorker-30,  processing 23 (39072.1 per sec) reads @ chr14:70000000-75000000
ForkPoolWorker-30 countReadsInRegions_worker: processing 5000000 (11983130.0 per sec) @ chr14:70000000-75000000
ForkPoolWorker-30,  processing 145 (109758.9 per sec) reads @ chr3:45000000-50000000
ForkPoolWorker-30 countReadsInRegions_worker: processing 5000000 (11823980.4 per sec) @ chr3:45000000-50000000
ForkPoolWorker-30,  processing 32 (47764.3 per sec) reads @ chr10:125000000-130000000
ForkPoolWorker-30 countReadsInRegions_worker: processing 5000000 (11885416.3 per sec) @ chr10:125000000-130000000
ForkPoolWorker-30,  processing 42 (64409.8 per sec) reads @ chr10:60000000-65000000
ForkPoolWorker-30 countReadsInRegions_worker: processing 5000000 (12003809.8 per sec) @ chr10:60000000-65000000
ForkPoolWorker-30,  processing 0 (0.0 per sec) reads @ chr14_KI270723v1_random:0-38115
ForkPoolWorker-30 countReadsInRegions_worker: processing 38115 (6417997.4 per sec) @ chr14_KI270723v1_random:0-38115
ForkPoolWorker-30,  processing 30 (50051.4 per sec) reads @ chr3:140000000-145000000
ForkPoolWorker-30 countReadsInRegions_worker: processing 5000000 (11972751.8 per sec) @ chr3:140000000-145000000
ForkPoolWorker-30,  processing 14 (29611.8 per sec) reads @ chr4:115000000-120000000
ForkPoolWorker-30 countReadsInRegions_worker: processing 5000000 (11862752.8 per sec) @ chr4:115000000-120000000
ForkPoolWorker-30,  processing 53 (72527.9 per sec) reads @ chr15:85000000-90000000
ForkPoolWorker-30 countReadsInRegions_worker: processing 5000000 (11977264.8 per sec) @ chr15:85000000-90000000
ForkPoolWorker-32,  processing 11 (8206.6 per sec) reads @ chr7:90000000-95000000
ForkPoolWorker-32 countReadsInRegions_worker: processing 5000000 (10773775.3 per sec) @ chr7:90000000-95000000
ForkPoolWorker-32,  processing 21 (36366.8 per sec) reads @ chr1:75000000-80000000
ForkPoolWorker-32 countReadsInRegions_worker: processing 5000000 (11970380.5 per sec) @ chr1:75000000-80000000
ForkPoolWorker-32,  processing 37 (42681.3 per sec) reads @ chr6:10000000-15000000
ForkPoolWorker-32 countReadsInRegions_worker: processing 5000000 (11933027.4 per sec) @ chr6:10000000-15000000
ForkPoolWorker-32,  processing 59 (74649.8 per sec) reads @ chr22:45000000-50000000
ForkPoolWorker-32 countReadsInRegions_worker: processing 5000000 (11051072.1 per sec) @ chr22:45000000-50000000
ForkPoolWorker-32,  processing 72 (80854.1 per sec) reads @ chr11:30000000-35000000
ForkPoolWorker-32 countReadsInRegions_worker: processing 5000000 (11913037.2 per sec) @ chr11:30000000-35000000
ForkPoolWorker-32,  processing 0 (0.0 per sec) reads @ chr1_KI270712v1_random:0-176043
ForkPoolWorker-32 countReadsInRegions_worker: processing 176043 (9513952.6 per sec) @ chr1_KI270712v1_random:0-176043
ForkPoolWorker-32,  processing 31 (45993.4 per sec) reads @ chr5:130000000-135000000
ForkPoolWorker-32 countReadsInRegions_worker: processing 5000000 (11890099.7 per sec) @ chr5:130000000-135000000
ForkPoolWorker-32,  processing 64 (76893.6 per sec) reads @ chr15:65000000-70000000
ForkPoolWorker-32 countReadsInRegions_worker: processing 5000000 (11898106.9 per sec) @ chr15:65000000-70000000
ForkPoolWorker-32,  processing 0 (0.0 per sec) reads @ chrUn_KI270511v1:0-8127
ForkPoolWorker-32 countReadsInRegions_worker: processing 8127 (1692423.8 per sec) @ chrUn_KI270511v1:0-8127
ForkPoolWorker-32,  processing 79 (88857.6 per sec) reads @ chr13:110000000-114364328
ForkPoolWorker-32 countReadsInRegions_worker: processing 4364328 (11849636.4 per sec) @ chr13:110000000-114364328
ForkPoolWorker-32,  processing 109 (93569.2 per sec) reads @ chr1:0-5000000
ForkPoolWorker-32 countReadsInRegions_worker: processing 5000000 (12097085.8 per sec) @ chr1:0-5000000
ForkPoolWorker-32,  processing 0 (0.0 per sec) reads @ chr13:5000000-10000000
ForkPoolWorker-32 countReadsInRegions_worker: processing 5000000 (12187954.0 per sec) @ chr13:5000000-10000000
ForkPoolWorker-32,  processing 138 (95545.4 per sec) reads @ chr8:10000000-15000000
ForkPoolWorker-32 countReadsInRegions_worker: processing 5000000 (12155352.3 per sec) @ chr8:10000000-15000000
ForkPoolWorker-32,  processing 0 (0.0 per sec) reads @ chrUn_KI270378v1:0-1048
ForkPoolWorker-32 countReadsInRegions_worker: processing 1048 (260930.2 per sec) @ chrUn_KI270378v1:0-1048
ForkPoolWorker-32,  processing 3 (7458.8 per sec) reads @ chr9:65000000-70000000
ForkPoolWorker-32 countReadsInRegions_worker: processing 5000000 (12183146.4 per sec) @ chr9:65000000-70000000
ForkPoolWorker-25,  processing 14 (5047.7 per sec) reads @ chr6:100000000-105000000
ForkPoolWorker-25 countReadsInRegions_worker: processing 5000000 (10187406.5 per sec) @ chr6:100000000-105000000
ForkPoolWorker-25,  processing 0 (0.0 per sec) reads @ chrUn_KI270362v1:0-3530
ForkPoolWorker-25 countReadsInRegions_worker: processing 3530 (862965.2 per sec) @ chrUn_KI270362v1:0-3530
ForkPoolWorker-25,  processing 47 (60749.5 per sec) reads @ chr12:45000000-50000000
ForkPoolWorker-25 countReadsInRegions_worker: processing 5000000 (12051752.7 per sec) @ chr12:45000000-50000000
ForkPoolWorker-25,  processing 0 (0.0 per sec) reads @ chr1:135000000-140000000
ForkPoolWorker-25 countReadsInRegions_worker: processing 5000000 (12029071.9 per sec) @ chr1:135000000-140000000
ForkPoolWorker-25,  processing 75 (76669.0 per sec) reads @ chr7:125000000-130000000
ForkPoolWorker-25 countReadsInRegions_worker: processing 5000000 (12006971.2 per sec) @ chr7:125000000-130000000
ForkPoolWorker-25,  processing 0 (0.0 per sec) reads @ chr9_KI270717v1_random:0-40062
ForkPoolWorker-25 countReadsInRegions_worker: processing 40062 (6193594.1 per sec) @ chr9_KI270717v1_random:0-40062
ForkPoolWorker-25,  processing 3 (8344.1 per sec) reads @ chrX:25000000-30000000
ForkPoolWorker-25 countReadsInRegions_worker: processing 5000000 (11865753.0 per sec) @ chrX:25000000-30000000
ForkPoolWorker-25,  processing 20 (39457.2 per sec) reads @ chr2:210000000-215000000
ForkPoolWorker-25 countReadsInRegions_worker: processing 5000000 (11775276.4 per sec) @ chr2:210000000-215000000
ForkPoolWorker-25,  processing 19 (32303.1 per sec) reads @ chr3:70000000-75000000
ForkPoolWorker-25 countReadsInRegions_worker: processing 5000000 (11874702.4 per sec) @ chr3:70000000-75000000
ForkPoolWorker-25,  processing 0 (0.0 per sec) reads @ chrUn_KI270465v1:0-1774
ForkPoolWorker-25 countReadsInRegions_worker: processing 1774 (467762.3 per sec) @ chrUn_KI270465v1:0-1774
ForkPoolWorker-25,  processing 11 (24270.0 per sec) reads @ chr4:140000000-145000000
ForkPoolWorker-25 countReadsInRegions_worker: processing 5000000 (12037384.9 per sec) @ chr4:140000000-145000000
ForkPoolWorker-25,  processing 48 (53106.5 per sec) reads @ chr17:40000000-45000000
ForkPoolWorker-25 countReadsInRegions_worker: processing 5000000 (12097518.4 per sec) @ chr17:40000000-45000000
ForkPoolWorker-25,  processing 17 (29884.0 per sec) reads @ chr3:135000000-140000000
ForkPoolWorker-25 countReadsInRegions_worker: processing 5000000 (12128687.8 per sec) @ chr3:135000000-140000000
ForkPoolWorker-25,  processing 19 (33682.1 per sec) reads @ chr21:25000000-30000000
ForkPoolWorker-25 countReadsInRegions_worker: processing 5000000 (12021045.9 per sec) @ chr21:25000000-30000000
ForkPoolWorker-25,  processing 64 (82418.0 per sec) reads @ chr7:140000000-145000000
ForkPoolWorker-25 countReadsInRegions_worker: processing 5000000 (12014723.7 per sec) @ chr7:140000000-145000000
ForkPoolWorker-27,  processing 22 (9246.9 per sec) reads @ chr5:0-5000000
ForkPoolWorker-27 countReadsInRegions_worker: processing 5000000 (5957318.9 per sec) @ chr5:0-5000000
ForkPoolWorker-27,  processing 54 (52734.0 per sec) reads @ chr3:35000000-40000000
ForkPoolWorker-27 countReadsInRegions_worker: processing 5000000 (12176497.1 per sec) @ chr3:35000000-40000000
ForkPoolWorker-27,  processing 0 (0.0 per sec) reads @ chrUn_KI270374v1:0-2656
ForkPoolWorker-27 countReadsInRegions_worker: processing 2656 (409697.0 per sec) @ chrUn_KI270374v1:0-2656
ForkPoolWorker-27,  processing 39 (49270.4 per sec) reads @ chr5:55000000-60000000
ForkPoolWorker-27 countReadsInRegions_worker: processing 5000000 (12075339.6 per sec) @ chr5:55000000-60000000
ForkPoolWorker-27,  processing 21 (31502.3 per sec) reads @ chr2:175000000-180000000
ForkPoolWorker-27 countReadsInRegions_worker: processing 5000000 (11890544.6 per sec) @ chr2:175000000-180000000
ForkPoolWorker-27,  processing 6 (11032.8 per sec) reads @ chr4:160000000-165000000
ForkPoolWorker-27 countReadsInRegions_worker: processing 5000000 (11939732.9 per sec) @ chr4:160000000-165000000
ForkPoolWorker-27,  processing 49 (57698.2 per sec) reads @ chr2:120000000-125000000
ForkPoolWorker-27 countReadsInRegions_worker: processing 5000000 (11835872.0 per sec) @ chr2:120000000-125000000
ForkPoolWorker-27,  processing 0 (0.0 per sec) reads @ chrUn_KI270382v1:0-4215
ForkPoolWorker-27 countReadsInRegions_worker: processing 4215 (1073405.7 per sec) @ chrUn_KI270382v1:0-4215
ForkPoolWorker-27,  processing 0 (0.0 per sec) reads @ chrUn_GL000226v1:0-15008
ForkPoolWorker-27 countReadsInRegions_worker: processing 15008 (2817352.8 per sec) @ chrUn_GL000226v1:0-15008
ForkPoolWorker-27,  processing 59 (62223.8 per sec) reads @ chr20:60000000-64444167
ForkPoolWorker-27 countReadsInRegions_worker: processing 4444167 (11882903.2 per sec) @ chr20:60000000-64444167
ForkPoolWorker-27,  processing 128 (91304.6 per sec) reads @ chr16:85000000-90000000
ForkPoolWorker-27 countReadsInRegions_worker: processing 5000000 (11951293.3 per sec) @ chr16:85000000-90000000
ForkPoolWorker-27,  processing 49 (71188.4 per sec) reads @ chr11:90000000-95000000
ForkPoolWorker-27 countReadsInRegions_worker: processing 5000000 (11946058.1 per sec) @ chr11:90000000-95000000
ForkPoolWorker-27,  processing 53 (74247.9 per sec) reads @ chr10:65000000-70000000
ForkPoolWorker-27 countReadsInRegions_worker: processing 5000000 (11880945.4 per sec) @ chr10:65000000-70000000
ForkPoolWorker-27,  processing 27 (44271.4 per sec) reads @ chr12:115000000-120000000
ForkPoolWorker-27 countReadsInRegions_worker: processing 5000000 (12002312.2 per sec) @ chr12:115000000-120000000
ForkPoolWorker-27,  processing 30 (47807.4 per sec) reads @ chr11:125000000-130000000
ForkPoolWorker-27 countReadsInRegions_worker: processing 5000000 (11955217.6 per sec) @ chr11:125000000-130000000
ForkPoolWorker-34,  processing 27 (8526.9 per sec) reads @ chr11:55000000-60000000
ForkPoolWorker-34 countReadsInRegions_worker: processing 5000000 (10124013.8 per sec) @ chr11:55000000-60000000
ForkPoolWorker-34,  processing 94 (96728.3 per sec) reads @ chr12:95000000-100000000
ForkPoolWorker-34 countReadsInRegions_worker: processing 5000000 (12019564.6 per sec) @ chr12:95000000-100000000
ForkPoolWorker-34,  processing 35 (54552.4 per sec) reads @ chr3:180000000-185000000
ForkPoolWorker-34 countReadsInRegions_worker: processing 5000000 (11940827.4 per sec) @ chr3:180000000-185000000
ForkPoolWorker-34,  processing 49 (49823.2 per sec) reads @ chr9:75000000-80000000
ForkPoolWorker-34 countReadsInRegions_worker: processing 5000000 (11892817.0 per sec) @ chr9:75000000-80000000
ForkPoolWorker-34,  processing 27 (38155.7 per sec) reads @ chrX:100000000-105000000
ForkPoolWorker-34 countReadsInRegions_worker: processing 5000000 (11648120.1 per sec) @ chrX:100000000-105000000
ForkPoolWorker-34,  processing 15 (29831.5 per sec) reads @ chr12:65000000-70000000
ForkPoolWorker-34 countReadsInRegions_worker: processing 5000000 (11841572.7 per sec) @ chr12:65000000-70000000
ForkPoolWorker-34,  processing 53 (74247.9 per sec) reads @ chr9:0-5000000
ForkPoolWorker-34 countReadsInRegions_worker: processing 5000000 (11862142.1 per sec) @ chr9:0-5000000
ForkPoolWorker-34,  processing 492 (158909.4 per sec) reads @ chrM:0-16569
ForkPoolWorker-34 countReadsInRegions_worker: processing 16569 (2144523.3 per sec) @ chrM:0-16569
ForkPoolWorker-34,  processing 28 (51351.3 per sec) reads @ chr21:35000000-40000000
ForkPoolWorker-34 countReadsInRegions_worker: processing 5000000 (11882904.4 per sec) @ chr21:35000000-40000000
ForkPoolWorker-34,  processing 0 (0.0 per sec) reads @ chrUn_KI270750v1:0-148850
ForkPoolWorker-34 countReadsInRegions_worker: processing 148850 (9247573.0 per sec) @ chrUn_KI270750v1:0-148850
ForkPoolWorker-34,  processing 43 (48652.6 per sec) reads @ chr11:105000000-110000000
ForkPoolWorker-34 countReadsInRegions_worker: processing 5000000 (11564764.1 per sec) @ chr11:105000000-110000000
ForkPoolWorker-34,  processing 46 (57627.8 per sec) reads @ chr17:65000000-70000000
ForkPoolWorker-34 countReadsInRegions_worker: processing 5000000 (11725457.4 per sec) @ chr17:65000000-70000000
ForkPoolWorker-34,  processing 17 (31480.4 per sec) reads @ chr4:55000000-60000000
ForkPoolWorker-34 countReadsInRegions_worker: processing 5000000 (11841151.5 per sec) @ chr4:55000000-60000000
ForkPoolWorker-34,  processing 0 (0.0 per sec) reads @ chr11:135000000-135086622
ForkPoolWorker-34 countReadsInRegions_worker: processing 86622 (8895937.9 per sec) @ chr11:135000000-135086622
ForkPoolWorker-34,  processing 39 (48424.5 per sec) reads @ chr4:5000000-10000000
ForkPoolWorker-34 countReadsInRegions_worker: processing 5000000 (11714826.9 per sec) @ chr4:5000000-10000000
ForkPoolWorker-14,  processing 84 (32472.0 per sec) reads @ chr5:175000000-180000000
ForkPoolWorker-14 countReadsInRegions_worker: processing 5000000 (9681105.3 per sec) @ chr5:175000000-180000000
ForkPoolWorker-14,  processing 37 (56617.7 per sec) reads @ chr14:55000000-60000000
ForkPoolWorker-14 countReadsInRegions_worker: processing 5000000 (11081472.2 per sec) @ chr14:55000000-60000000
ForkPoolWorker-14,  processing 0 (0.0 per sec) reads @ chr14:5000000-10000000
ForkPoolWorker-14 countReadsInRegions_worker: processing 5000000 (11218856.2 per sec) @ chr14:5000000-10000000
ForkPoolWorker-14,  processing 81 (76759.7 per sec) reads @ chr12:5000000-10000000
ForkPoolWorker-14 countReadsInRegions_worker: processing 5000000 (11290398.5 per sec) @ chr12:5000000-10000000
ForkPoolWorker-14,  processing 0 (0.0 per sec) reads @ chrUn_KI270589v1:0-44474
ForkPoolWorker-14 countReadsInRegions_worker: processing 44474 (6587473.1 per sec) @ chrUn_KI270589v1:0-44474
ForkPoolWorker-14,  processing 22 (40084.6 per sec) reads @ chr4:110000000-115000000
ForkPoolWorker-14 countReadsInRegions_worker: processing 5000000 (11390675.1 per sec) @ chr4:110000000-115000000
ForkPoolWorker-14,  processing 11 (21855.7 per sec) reads @ chr4:45000000-50000000
ForkPoolWorker-14 countReadsInRegions_worker: processing 5000000 (11217152.0 per sec) @ chr4:45000000-50000000
ForkPoolWorker-14,  processing 0 (0.0 per sec) reads @ chrUn_KI270329v1:0-1040
ForkPoolWorker-14 countReadsInRegions_worker: processing 1040 (260842.9 per sec) @ chrUn_KI270329v1:0-1040
ForkPoolWorker-14,  processing 13 (26417.6 per sec) reads @ chr4:20000000-25000000
ForkPoolWorker-14 countReadsInRegions_worker: processing 5000000 (11378290.1 per sec) @ chr4:20000000-25000000
ForkPoolWorker-14,  processing 30 (49853.1 per sec) reads @ chr1:45000000-50000000
ForkPoolWorker-14 countReadsInRegions_worker: processing 5000000 (11303799.0 per sec) @ chr1:45000000-50000000
ForkPoolWorker-14,  processing 18 (34473.7 per sec) reads @ chr18:50000000-55000000
ForkPoolWorker-14 countReadsInRegions_worker: processing 5000000 (11601242.7 per sec) @ chr18:50000000-55000000
ForkPoolWorker-14,  processing 17 (36379.2 per sec) reads @ chr10:30000000-35000000
ForkPoolWorker-14 countReadsInRegions_worker: processing 5000000 (11695977.9 per sec) @ chr10:30000000-35000000
ForkPoolWorker-14,  processing 17 (36194.5 per sec) reads @ chr3:80000000-85000000
ForkPoolWorker-14 countReadsInRegions_worker: processing 5000000 (11776129.4 per sec) @ chr3:80000000-85000000
ForkPoolWorker-14,  processing 43 (63842.5 per sec) reads @ chr14:95000000-100000000
ForkPoolWorker-14 countReadsInRegions_worker: processing 5000000 (11671392.6 per sec) @ chr14:95000000-100000000
ForkPoolWorker-14,  processing 0 (0.0 per sec) reads @ chrUn_KI270580v1:0-1553
ForkPoolWorker-14 countReadsInRegions_worker: processing 1553 (401389.8 per sec) @ chrUn_KI270580v1:0-1553
ForkPoolWorker-48,  processing 14 (14498.8 per sec) reads @ chr20:15000000-20000000
ForkPoolWorker-48 countReadsInRegions_worker: processing 5000000 (10501181.0 per sec) @ chr20:15000000-20000000
ForkPoolWorker-48,  processing 24 (33757.0 per sec) reads @ chr13:60000000-65000000
ForkPoolWorker-48 countReadsInRegions_worker: processing 5000000 (11515100.6 per sec) @ chr13:60000000-65000000
ForkPoolWorker-48,  processing 0 (0.0 per sec) reads @ chrUn_KI270751v1:0-150742
ForkPoolWorker-48 countReadsInRegions_worker: processing 150742 (9129812.5 per sec) @ chrUn_KI270751v1:0-150742
ForkPoolWorker-48,  processing 13 (29003.2 per sec) reads @ chr1:215000000-220000000
ForkPoolWorker-48 countReadsInRegions_worker: processing 5000000 (11854705.9 per sec) @ chr1:215000000-220000000
ForkPoolWorker-48,  processing 21 (40515.4 per sec) reads @ chr2:195000000-200000000
ForkPoolWorker-48 countReadsInRegions_worker: processing 5000000 (12097881.3 per sec) @ chr2:195000000-200000000
ForkPoolWorker-48,  processing 18 (35544.9 per sec) reads @ chr4:90000000-95000000
ForkPoolWorker-48 countReadsInRegions_worker: processing 5000000 (12036369.4 per sec) @ chr4:90000000-95000000
ForkPoolWorker-48,  processing 21 (36900.0 per sec) reads @ chr10:5000000-10000000
ForkPoolWorker-48 countReadsInRegions_worker: processing 5000000 (11941799.8 per sec) @ chr10:5000000-10000000
ForkPoolWorker-48,  processing 21 (30754.3 per sec) reads @ chr13:70000000-75000000
ForkPoolWorker-48 countReadsInRegions_worker: processing 5000000 (11834729.8 per sec) @ chr13:70000000-75000000
ForkPoolWorker-48,  processing 212 (118987.3 per sec) reads @ chr12:120000000-125000000
ForkPoolWorker-48 countReadsInRegions_worker: processing 5000000 (11780952.0 per sec) @ chr12:120000000-125000000
ForkPoolWorker-48,  processing 2 (5592.4 per sec) reads @ chrX:155000000-156040895
ForkPoolWorker-48 countReadsInRegions_worker: processing 1040895 (11505740.1 per sec) @ chrX:155000000-156040895
ForkPoolWorker-48,  processing 25 (40206.1 per sec) reads @ chr9:110000000-115000000
ForkPoolWorker-48 countReadsInRegions_worker: processing 5000000 (11991544.2 per sec) @ chr9:110000000-115000000
ForkPoolWorker-48,  processing 26 (39800.0 per sec) reads @ chrX:130000000-135000000
ForkPoolWorker-48 countReadsInRegions_worker: processing 5000000 (12078357.9 per sec) @ chrX:130000000-135000000
ForkPoolWorker-48,  processing 17 (29672.6 per sec) reads @ chrX:30000000-35000000
ForkPoolWorker-48 countReadsInRegions_worker: processing 5000000 (11932884.8 per sec) @ chrX:30000000-35000000
ForkPoolWorker-48,  processing 32 (42771.7 per sec) reads @ chr1:50000000-55000000
ForkPoolWorker-48 countReadsInRegions_worker: processing 5000000 (11962364.3 per sec) @ chr1:50000000-55000000
ForkPoolWorker-48,  processing 0 (0.0 per sec) reads @ chrUn_KI270338v1:0-1428
ForkPoolWorker-48 countReadsInRegions_worker: processing 1428 (406948.4 per sec) @ chrUn_KI270338v1:0-1428
ForkPoolWorker-20,  processing 128 (26534.4 per sec) reads @ chr7:115000000-120000000
ForkPoolWorker-20 countReadsInRegions_worker: processing 5000000 (10054232.3 per sec) @ chr7:115000000-120000000
ForkPoolWorker-20,  processing 4 (7817.9 per sec) reads @ chr3:90000000-95000000
ForkPoolWorker-20 countReadsInRegions_worker: processing 5000000 (12224328.4 per sec) @ chr3:90000000-95000000
ForkPoolWorker-20,  processing 0 (0.0 per sec) reads @ chrUn_KI270584v1:0-4513
ForkPoolWorker-20 countReadsInRegions_worker: processing 4513 (1129206.8 per sec) @ chrUn_KI270584v1:0-4513
ForkPoolWorker-20,  processing 29 (51344.4 per sec) reads @ chr3:130000000-135000000
ForkPoolWorker-20 countReadsInRegions_worker: processing 5000000 (12127362.2 per sec) @ chr3:130000000-135000000
ForkPoolWorker-20,  processing 4 (9279.4 per sec) reads @ chr9:70000000-75000000
ForkPoolWorker-20 countReadsInRegions_worker: processing 5000000 (12235076.1 per sec) @ chr9:70000000-75000000
ForkPoolWorker-20,  processing 27 (41090.8 per sec) reads @ chr7:65000000-70000000
ForkPoolWorker-20 countReadsInRegions_worker: processing 5000000 (11978243.1 per sec) @ chr7:65000000-70000000
ForkPoolWorker-20,  processing 72 (64763.0 per sec) reads @ chr1:40000000-45000000
ForkPoolWorker-20 countReadsInRegions_worker: processing 5000000 (12034255.8 per sec) @ chr1:40000000-45000000
ForkPoolWorker-20,  processing 0 (0.0 per sec) reads @ chrUn_KI270422v1:0-1445
ForkPoolWorker-20 countReadsInRegions_worker: processing 1445 (384395.8 per sec) @ chrUn_KI270422v1:0-1445
ForkPoolWorker-20,  processing 27 (43606.5 per sec) reads @ chr6:20000000-25000000
ForkPoolWorker-20 countReadsInRegions_worker: processing 5000000 (11868875.7 per sec) @ chr6:20000000-25000000
ForkPoolWorker-20,  processing 15 (28728.1 per sec) reads @ chr3:75000000-80000000
ForkPoolWorker-20 countReadsInRegions_worker: processing 5000000 (11838270.6 per sec) @ chr3:75000000-80000000
ForkPoolWorker-20,  processing 42 (57269.4 per sec) reads @ chr20:50000000-55000000
ForkPoolWorker-20 countReadsInRegions_worker: processing 5000000 (11960549.6 per sec) @ chr20:50000000-55000000
ForkPoolWorker-20,  processing 0 (0.0 per sec) reads @ chrUn_KI270743v1:0-210658
ForkPoolWorker-20 countReadsInRegions_worker: processing 210658 (9625715.7 per sec) @ chrUn_KI270743v1:0-210658
ForkPoolWorker-20,  processing 16 (32752.0 per sec) reads @ chr4:60000000-65000000
ForkPoolWorker-20 countReadsInRegions_worker: processing 5000000 (11839821.1 per sec) @ chr4:60000000-65000000
ForkPoolWorker-20,  processing 16 (31491.7 per sec) reads @ chr15:30000000-35000000
ForkPoolWorker-20 countReadsInRegions_worker: processing 5000000 (11390854.5 per sec) @ chr15:30000000-35000000
ForkPoolWorker-20,  processing 28 (45947.0 per sec) reads @ chr10:45000000-50000000
ForkPoolWorker-20 countReadsInRegions_worker: processing 5000000 (11846522.7 per sec) @ chr10:45000000-50000000
ForkPoolWorker-44,  processing 26 (27181.4 per sec) reads @ chr2:125000000-130000000
ForkPoolWorker-44 countReadsInRegions_worker: processing 5000000 (9022651.4 per sec) @ chr2:125000000-130000000
ForkPoolWorker-44,  processing 41 (51906.6 per sec) reads @ chr17:15000000-20000000
ForkPoolWorker-44 countReadsInRegions_worker: processing 5000000 (11816345.5 per sec) @ chr17:15000000-20000000
ForkPoolWorker-44,  processing 15 (27473.6 per sec) reads @ chr13:105000000-110000000
ForkPoolWorker-44 countReadsInRegions_worker: processing 5000000 (11648346.5 per sec) @ chr13:105000000-110000000
ForkPoolWorker-44,  processing 31 (46370.7 per sec) reads @ chr1:105000000-110000000
ForkPoolWorker-44 countReadsInRegions_worker: processing 5000000 (11861706.0 per sec) @ chr1:105000000-110000000
ForkPoolWorker-44,  processing 1 (2452.8 per sec) reads @ chr9:40000000-45000000
ForkPoolWorker-44 countReadsInRegions_worker: processing 5000000 (11677111.5 per sec) @ chr9:40000000-45000000
ForkPoolWorker-44,  processing 39 (54308.7 per sec) reads @ chr1:30000000-35000000
ForkPoolWorker-44 countReadsInRegions_worker: processing 5000000 (11401685.9 per sec) @ chr1:30000000-35000000
ForkPoolWorker-44,  processing 42 (55959.6 per sec) reads @ chr2:10000000-15000000
ForkPoolWorker-44 countReadsInRegions_worker: processing 5000000 (11622337.4 per sec) @ chr2:10000000-15000000
ForkPoolWorker-44,  processing 61 (69449.7 per sec) reads @ chr10:105000000-110000000
ForkPoolWorker-44 countReadsInRegions_worker: processing 5000000 (11549949.2 per sec) @ chr10:105000000-110000000
ForkPoolWorker-44,  processing 53 (67691.3 per sec) reads @ chr19:30000000-35000000
ForkPoolWorker-44 countReadsInRegions_worker: processing 5000000 (11595360.6 per sec) @ chr19:30000000-35000000
ForkPoolWorker-44,  processing 9 (20338.8 per sec) reads @ chr22:50000000-50818468
ForkPoolWorker-44 countReadsInRegions_worker: processing 818468 (10787627.7 per sec) @ chr22:50000000-50818468
ForkPoolWorker-44,  processing 41 (49358.9 per sec) reads @ chr14:90000000-95000000
ForkPoolWorker-44 countReadsInRegions_worker: processing 5000000 (11745519.9 per sec) @ chr14:90000000-95000000
ForkPoolWorker-44,  processing 19 (30061.0 per sec) reads @ chr20:5000000-10000000
ForkPoolWorker-44 countReadsInRegions_worker: processing 5000000 (11950632.7 per sec) @ chr20:5000000-10000000
ForkPoolWorker-44,  processing 0 (0.0 per sec) reads @ chrUn_KI270429v1:0-1361
ForkPoolWorker-44 countReadsInRegions_worker: processing 1361 (314740.5 per sec) @ chrUn_KI270429v1:0-1361
ForkPoolWorker-44,  processing 60 (64116.7 per sec) reads @ chr11:45000000-50000000
ForkPoolWorker-44 countReadsInRegions_worker: processing 5000000 (11807297.7 per sec) @ chr11:45000000-50000000
ForkPoolWorker-44,  processing 0 (0.0 per sec) reads @ chrUn_KI270336v1:0-1026
ForkPoolWorker-44 countReadsInRegions_worker: processing 1026 (250195.1 per sec) @ chrUn_KI270336v1:0-1026
ForkPoolWorker-47,  processing 26 (12297.2 per sec) reads @ chr5:140000000-145000000
ForkPoolWorker-47 countReadsInRegions_worker: processing 5000000 (10874366.4 per sec) @ chr5:140000000-145000000
ForkPoolWorker-47,  processing 14 (26898.9 per sec) reads @ chr5:90000000-95000000
ForkPoolWorker-47 countReadsInRegions_worker: processing 5000000 (11718198.0 per sec) @ chr5:90000000-95000000
ForkPoolWorker-47,  processing 59 (68003.3 per sec) reads @ chr1:145000000-150000000
ForkPoolWorker-47 countReadsInRegions_worker: processing 5000000 (11975883.2 per sec) @ chr1:145000000-150000000
ForkPoolWorker-47,  processing 300 (143969.2 per sec) reads @ chr1:205000000-210000000
ForkPoolWorker-47 countReadsInRegions_worker: processing 5000000 (11961368.2 per sec) @ chr1:205000000-210000000
ForkPoolWorker-47,  processing 23 (40550.2 per sec) reads @ chr21:20000000-25000000
ForkPoolWorker-47 countReadsInRegions_worker: processing 5000000 (11835798.5 per sec) @ chr21:20000000-25000000
ForkPoolWorker-47,  processing 212 (111525.5 per sec) reads @ chr16:0-5000000
ForkPoolWorker-47 countReadsInRegions_worker: processing 5000000 (11723294.4 per sec) @ chr16:0-5000000
ForkPoolWorker-47,  processing 18 (33719.3 per sec) reads @ chr13:90000000-95000000
ForkPoolWorker-47 countReadsInRegions_worker: processing 5000000 (11836974.3 per sec) @ chr13:90000000-95000000
ForkPoolWorker-47,  processing 467 (162120.5 per sec) reads @ chr22_KI270733v1_random:0-179772
ForkPoolWorker-47 countReadsInRegions_worker: processing 179772 (8282003.2 per sec) @ chr22_KI270733v1_random:0-179772
ForkPoolWorker-47,  processing 0 (0.0 per sec) reads @ chrUn_KI270757v1:0-71251
ForkPoolWorker-47 countReadsInRegions_worker: processing 71251 (7824894.1 per sec) @ chrUn_KI270757v1:0-71251
ForkPoolWorker-47,  processing 16 (35135.5 per sec) reads @ chr9:10000000-15000000
ForkPoolWorker-47 countReadsInRegions_worker: processing 5000000 (11907909.8 per sec) @ chr9:10000000-15000000
ForkPoolWorker-47,  processing 95 (92708.0 per sec) reads @ chr13:20000000-25000000
ForkPoolWorker-47 countReadsInRegions_worker: processing 5000000 (12018228.3 per sec) @ chr13:20000000-25000000
ForkPoolWorker-47,  processing 13 (30701.5 per sec) reads @ chr22:10000000-15000000
ForkPoolWorker-47 countReadsInRegions_worker: processing 5000000 (11993190.1 per sec) @ chr22:10000000-15000000
ForkPoolWorker-47,  processing 10 (22957.3 per sec) reads @ chr1:100000000-105000000
ForkPoolWorker-47 countReadsInRegions_worker: processing 5000000 (12034276.6 per sec) @ chr1:100000000-105000000
ForkPoolWorker-47,  processing 1 (3084.0 per sec) reads @ chr1_KI270708v1_random:0-127682
ForkPoolWorker-47 countReadsInRegions_worker: processing 127682 (9376142.4 per sec) @ chr1_KI270708v1_random:0-127682
ForkPoolWorker-47,  processing 20 (37183.5 per sec) reads @ chr6:105000000-110000000
ForkPoolWorker-47 countReadsInRegions_worker: processing 5000000 (11826354.1 per sec) @ chr6:105000000-110000000
ForkPoolWorker-31,  processing 149 (26908.6 per sec) reads @ chr17:5000000-10000000
ForkPoolWorker-31 countReadsInRegions_worker: processing 5000000 (10263981.0 per sec) @ chr17:5000000-10000000
ForkPoolWorker-31,  processing 18 (27920.7 per sec) reads @ chr5:180000000-181538259
ForkPoolWorker-31 countReadsInRegions_worker: processing 1538259 (11746108.3 per sec) @ chr5:180000000-181538259
ForkPoolWorker-31,  processing 5 (11459.8 per sec) reads @ chrY:15000000-20000000
ForkPoolWorker-31 countReadsInRegions_worker: processing 5000000 (12253992.8 per sec) @ chrY:15000000-20000000
ForkPoolWorker-31,  processing 36 (56007.0 per sec) reads @ chrY:10000000-15000000
ForkPoolWorker-31 countReadsInRegions_worker: processing 5000000 (12285816.4 per sec) @ chrY:10000000-15000000
ForkPoolWorker-31,  processing 23 (34952.5 per sec) reads @ chr1:85000000-90000000
ForkPoolWorker-31 countReadsInRegions_worker: processing 5000000 (12223865.3 per sec) @ chr1:85000000-90000000
ForkPoolWorker-31,  processing 27 (42815.2 per sec) reads @ chr4:80000000-85000000
ForkPoolWorker-31 countReadsInRegions_worker: processing 5000000 (12177239.4 per sec) @ chr4:80000000-85000000
ForkPoolWorker-31,  processing 0 (0.0 per sec) reads @ chrUn_KI270593v1:0-3041
ForkPoolWorker-31 countReadsInRegions_worker: processing 3041 (483194.2 per sec) @ chrUn_KI270593v1:0-3041
ForkPoolWorker-31,  processing 18 (26772.2 per sec) reads @ chr4:75000000-80000000
ForkPoolWorker-31 countReadsInRegions_worker: processing 5000000 (12028513.0 per sec) @ chr4:75000000-80000000
ForkPoolWorker-31,  processing 43 (55545.1 per sec) reads @ chr1:170000000-175000000
ForkPoolWorker-31 countReadsInRegions_worker: processing 5000000 (12223558.9 per sec) @ chr1:170000000-175000000
ForkPoolWorker-31,  processing 46 (61425.7 per sec) reads @ chr1:230000000-235000000
ForkPoolWorker-31 countReadsInRegions_worker: processing 5000000 (12206611.5 per sec) @ chr1:230000000-235000000
ForkPoolWorker-31,  processing 46 (61464.8 per sec) reads @ chr17:10000000-15000000
ForkPoolWorker-31 countReadsInRegions_worker: processing 5000000 (12174030.2 per sec) @ chr17:10000000-15000000
ForkPoolWorker-31,  processing 0 (0.0 per sec) reads @ chr5_GL000208v1_random:0-92689
ForkPoolWorker-31 countReadsInRegions_worker: processing 92689 (7995348.9 per sec) @ chr5_GL000208v1_random:0-92689
ForkPoolWorker-31,  processing 22 (36414.6 per sec) reads @ chr11:80000000-85000000
ForkPoolWorker-31 countReadsInRegions_worker: processing 5000000 (12214695.1 per sec) @ chr11:80000000-85000000
ForkPoolWorker-31,  processing 23 (36708.1 per sec) reads @ chr5:150000000-155000000
ForkPoolWorker-31 countReadsInRegions_worker: processing 5000000 (12091833.6 per sec) @ chr5:150000000-155000000
ForkPoolWorker-31,  processing 29 (44850.6 per sec) reads @ chr8:95000000-100000000
ForkPoolWorker-31 countReadsInRegions_worker: processing 5000000 (12062261.4 per sec) @ chr8:95000000-100000000
ForkPoolWorker-24,  processing 8 (8287.1 per sec) reads @ chr20:25000000-30000000
ForkPoolWorker-24 countReadsInRegions_worker: processing 5000000 (5906947.9 per sec) @ chr20:25000000-30000000
ForkPoolWorker-24,  processing 21 (23519.5 per sec) reads @ chr10:15000000-20000000
ForkPoolWorker-24 countReadsInRegions_worker: processing 5000000 (11480015.4 per sec) @ chr10:15000000-20000000
ForkPoolWorker-24,  processing 20 (32103.4 per sec) reads @ chr12:10000000-15000000
ForkPoolWorker-24 countReadsInRegions_worker: processing 5000000 (11471663.4 per sec) @ chr12:10000000-15000000
ForkPoolWorker-24,  processing 19 (25616.1 per sec) reads @ chr5:35000000-40000000
ForkPoolWorker-24 countReadsInRegions_worker: processing 5000000 (11377944.4 per sec) @ chr5:35000000-40000000
ForkPoolWorker-24,  processing 0 (0.0 per sec) reads @ chrUn_KI270363v1:0-1803
ForkPoolWorker-24 countReadsInRegions_worker: processing 1803 (426527.4 per sec) @ chrUn_KI270363v1:0-1803
ForkPoolWorker-24,  processing 0 (0.0 per sec) reads @ chrUn_KI270448v1:0-7992
ForkPoolWorker-24 countReadsInRegions_worker: processing 7992 (1806568.4 per sec) @ chrUn_KI270448v1:0-7992
ForkPoolWorker-24,  processing 38 (47365.1 per sec) reads @ chr7:100000000-105000000
ForkPoolWorker-24 countReadsInRegions_worker: processing 5000000 (11333781.9 per sec) @ chr7:100000000-105000000
ForkPoolWorker-24,  processing 26 (39800.0 per sec) reads @ chr16:20000000-25000000
ForkPoolWorker-24 countReadsInRegions_worker: processing 5000000 (11322149.9 per sec) @ chr16:20000000-25000000
ForkPoolWorker-24,  processing 8 (14140.1 per sec) reads @ chr5:100000000-105000000
ForkPoolWorker-24 countReadsInRegions_worker: processing 5000000 (11416234.5 per sec) @ chr5:100000000-105000000
ForkPoolWorker-24,  processing 14 (26862.0 per sec) reads @ chrX:140000000-145000000
ForkPoolWorker-24 countReadsInRegions_worker: processing 5000000 (11363591.8 per sec) @ chrX:140000000-145000000
ForkPoolWorker-24,  processing 108 (91567.6 per sec) reads @ chr6:30000000-35000000
ForkPoolWorker-24 countReadsInRegions_worker: processing 5000000 (11571055.6 per sec) @ chr6:30000000-35000000
ForkPoolWorker-24,  processing 2 (5017.1 per sec) reads @ chr1_KI270713v1_random:0-40745
ForkPoolWorker-24 countReadsInRegions_worker: processing 40745 (5554733.0 per sec) @ chr1_KI270713v1_random:0-40745
ForkPoolWorker-24,  processing 15 (29033.0 per sec) reads @ chr5:115000000-120000000
ForkPoolWorker-24 countReadsInRegions_worker: processing 5000000 (11546152.9 per sec) @ chr5:115000000-120000000
ForkPoolWorker-24,  processing 0 (0.0 per sec) reads @ chr22_KI270736v1_random:0-181920
ForkPoolWorker-24 countReadsInRegions_worker: processing 181920 (9307827.6 per sec) @ chr22_KI270736v1_random:0-181920
ForkPoolWorker-24,  processing 0 (0.0 per sec) reads @ chrUn_KI270424v1:0-2140
ForkPoolWorker-24 countReadsInRegions_worker: processing 2140 (503297.7 per sec) @ chrUn_KI270424v1:0-2140
ForkPoolWorker-24,  processing 0 (0.0 per sec) reads @ chr22_KI270737v1_random:0-103838
ForkPoolWorker-24 countReadsInRegions_worker: processing 103838 (8410152.1 per sec) @ chr22_KI270737v1_random:0-103838
ForkPoolWorker-24,  processing 0 (0.0 per sec) reads @ chrUn_KI270311v1:0-12399
ForkPoolWorker-24 countReadsInRegions_worker: processing 12399 (2659703.1 per sec) @ chrUn_KI270311v1:0-12399
ForkPoolWorker-24,  processing 5 (11841.6 per sec) reads @ chrX:90000000-95000000
ForkPoolWorker-24 countReadsInRegions_worker: processing 5000000 (11918114.8 per sec) @ chrX:90000000-95000000
ForkPoolWorker-24,  processing 0 (0.0 per sec) reads @ chr11_KI270721v1_random:0-100316
ForkPoolWorker-24 countReadsInRegions_worker: processing 100316 (8841450.8 per sec) @ chr11_KI270721v1_random:0-100316
ForkPoolWorker-24,  processing 26 (43120.6 per sec) reads @ chr10:25000000-30000000
ForkPoolWorker-24 countReadsInRegions_worker: processing 5000000 (11890881.7 per sec) @ chr10:25000000-30000000
ForkPoolWorker-12,  processing 0 (0.0 per sec) reads @ chr9:55000000-60000000
ForkPoolWorker-12 countReadsInRegions_worker: processing 5000000 (9686918.6 per sec) @ chr9:55000000-60000000
ForkPoolWorker-12,  processing 18 (24924.9 per sec) reads @ chr7:10000000-15000000
ForkPoolWorker-12 countReadsInRegions_worker: processing 5000000 (10947086.7 per sec) @ chr7:10000000-15000000
ForkPoolWorker-12,  processing 246 (142179.8 per sec) reads @ chr12:90000000-95000000
ForkPoolWorker-12 countReadsInRegions_worker: processing 5000000 (11186940.7 per sec) @ chr12:90000000-95000000
ForkPoolWorker-12,  processing 40 (69413.4 per sec) reads @ chr16:5000000-10000000
ForkPoolWorker-12 countReadsInRegions_worker: processing 5000000 (11338567.7 per sec) @ chr16:5000000-10000000
ForkPoolWorker-12,  processing 14 (25925.1 per sec) reads @ chr1:180000000-185000000
ForkPoolWorker-12 countReadsInRegions_worker: processing 5000000 (11273331.9 per sec) @ chr1:180000000-185000000
ForkPoolWorker-12,  processing 0 (0.0 per sec) reads @ chrUn_KI270538v1:0-91309
ForkPoolWorker-12 countReadsInRegions_worker: processing 91309 (8151757.2 per sec) @ chrUn_KI270538v1:0-91309
ForkPoolWorker-12,  processing 15 (25533.5 per sec) reads @ chr2:200000000-205000000
ForkPoolWorker-12 countReadsInRegions_worker: processing 5000000 (11600870.5 per sec) @ chr2:200000000-205000000
ForkPoolWorker-12,  processing 17 (32118.5 per sec) reads @ chr3:185000000-190000000
ForkPoolWorker-12 countReadsInRegions_worker: processing 5000000 (11490123.2 per sec) @ chr3:185000000-190000000
ForkPoolWorker-12,  processing 14 (28122.7 per sec) reads @ chr7:110000000-115000000
ForkPoolWorker-12 countReadsInRegions_worker: processing 5000000 (11374538.0 per sec) @ chr7:110000000-115000000
ForkPoolWorker-12,  processing 18 (32099.3 per sec) reads @ chr1:245000000-248956422
ForkPoolWorker-12 countReadsInRegions_worker: processing 3956422 (11660143.7 per sec) @ chr1:245000000-248956422
ForkPoolWorker-12,  processing 0 (0.0 per sec) reads @ chrUn_KI270392v1:0-971
ForkPoolWorker-12 countReadsInRegions_worker: processing 971 (130212.9 per sec) @ chrUn_KI270392v1:0-971
ForkPoolWorker-12,  processing 39 (63206.3 per sec) reads @ chr11:40000000-45000000
ForkPoolWorker-12 countReadsInRegions_worker: processing 5000000 (11929477.3 per sec) @ chr11:40000000-45000000
ForkPoolWorker-12,  processing 0 (0.0 per sec) reads @ chrY:55000000-57227415
ForkPoolWorker-12 countReadsInRegions_worker: processing 2227415 (11998011.5 per sec) @ chrY:55000000-57227415
ForkPoolWorker-12,  processing 27 (41075.9 per sec) reads @ chr15:25000000-30000000
ForkPoolWorker-12 countReadsInRegions_worker: processing 5000000 (11926424.4 per sec) @ chr15:25000000-30000000
ForkPoolWorker-12,  processing 23 (36834.3 per sec) reads @ chr3:165000000-170000000
ForkPoolWorker-12 countReadsInRegions_worker: processing 5000000 (12188634.1 per sec) @ chr3:165000000-170000000
ForkPoolWorker-26,  processing 65 (42124.5 per sec) reads @ chr1:210000000-215000000
ForkPoolWorker-26 countReadsInRegions_worker: processing 5000000 (10199897.7 per sec) @ chr1:210000000-215000000
ForkPoolWorker-26,  processing 0 (0.0 per sec) reads @ chrY:20000000-25000000
ForkPoolWorker-26 countReadsInRegions_worker: processing 5000000 (11072444.5 per sec) @ chrY:20000000-25000000
ForkPoolWorker-26,  processing 0 (0.0 per sec) reads @ chr14:0-5000000
ForkPoolWorker-26 countReadsInRegions_worker: processing 5000000 (11228887.8 per sec) @ chr14:0-5000000
ForkPoolWorker-26,  processing 0 (0.0 per sec) reads @ chrUn_KI270371v1:0-2805
ForkPoolWorker-26 countReadsInRegions_worker: processing 2805 (686808.1 per sec) @ chrUn_KI270371v1:0-2805
ForkPoolWorker-26,  processing 0 (0.0 per sec) reads @ chrUn_KI270384v1:0-1658
ForkPoolWorker-26 countReadsInRegions_worker: processing 1658 (450398.7 per sec) @ chrUn_KI270384v1:0-1658
ForkPoolWorker-26,  processing 22 (41286.2 per sec) reads @ chr4:145000000-150000000
ForkPoolWorker-26 countReadsInRegions_worker: processing 5000000 (11260795.5 per sec) @ chr4:145000000-150000000
ForkPoolWorker-26,  processing 25 (39839.5 per sec) reads @ chr3:30000000-35000000
ForkPoolWorker-26 countReadsInRegions_worker: processing 5000000 (11231088.7 per sec) @ chr3:30000000-35000000
ForkPoolWorker-26,  processing 3 (6563.9 per sec) reads @ chr12:35000000-40000000
ForkPoolWorker-26 countReadsInRegions_worker: processing 5000000 (11296236.7 per sec) @ chr12:35000000-40000000
ForkPoolWorker-26,  processing 77 (90414.7 per sec) reads @ chr11:130000000-135000000
ForkPoolWorker-26 countReadsInRegions_worker: processing 5000000 (10951871.7 per sec) @ chr11:130000000-135000000
ForkPoolWorker-26,  processing 0 (0.0 per sec) reads @ chrUn_KI270748v1:0-93321
ForkPoolWorker-26 countReadsInRegions_worker: processing 93321 (8329608.7 per sec) @ chrUn_KI270748v1:0-93321
ForkPoolWorker-26,  processing 29 (47163.6 per sec) reads @ chr16:45000000-50000000
ForkPoolWorker-26 countReadsInRegions_worker: processing 5000000 (11446286.6 per sec) @ chr16:45000000-50000000
ForkPoolWorker-26,  processing 27 (36601.9 per sec) reads @ chr7:150000000-155000000
ForkPoolWorker-26 countReadsInRegions_worker: processing 5000000 (11596938.0 per sec) @ chr7:150000000-155000000
ForkPoolWorker-26,  processing 150 (100182.4 per sec) reads @ chr17:60000000-65000000
ForkPoolWorker-26 countReadsInRegions_worker: processing 5000000 (11788083.9 per sec) @ chr17:60000000-65000000
ForkPoolWorker-26,  processing 0 (0.0 per sec) reads @ chr9:45000000-50000000
ForkPoolWorker-26 countReadsInRegions_worker: processing 5000000 (11831605.1 per sec) @ chr9:45000000-50000000
ForkPoolWorker-26,  processing 87 (81561.1 per sec) reads @ chr9:130000000-135000000
ForkPoolWorker-26 countReadsInRegions_worker: processing 5000000 (11837408.6 per sec) @ chr9:130000000-135000000
ForkPoolWorker-33,  processing 0 (0.0 per sec) reads @ chr4_GL000008v2_random:0-209709
ForkPoolWorker-33 countReadsInRegions_worker: processing 209709 (3191220.3 per sec) @ chr4_GL000008v2_random:0-209709
ForkPoolWorker-33,  processing 6 (8762.5 per sec) reads @ chr6:120000000-125000000
ForkPoolWorker-33 countReadsInRegions_worker: processing 5000000 (11617064.6 per sec) @ chr6:120000000-125000000
ForkPoolWorker-33,  processing 4 (8004.4 per sec) reads @ chr19:25000000-30000000
ForkPoolWorker-33 countReadsInRegions_worker: processing 5000000 (11965230.9 per sec) @ chr19:25000000-30000000
ForkPoolWorker-33,  processing 0 (0.0 per sec) reads @ chrUn_KI270512v1:0-22689
ForkPoolWorker-33 countReadsInRegions_worker: processing 22689 (4609123.0 per sec) @ chrUn_KI270512v1:0-22689
ForkPoolWorker-33,  processing 0 (0.0 per sec) reads @ chrUn_KI270591v1:0-5796
ForkPoolWorker-33 countReadsInRegions_worker: processing 5796 (1430600.0 per sec) @ chrUn_KI270591v1:0-5796
ForkPoolWorker-33,  processing 34 (48804.4 per sec) reads @ chr1:240000000-245000000
ForkPoolWorker-33 countReadsInRegions_worker: processing 5000000 (11877136.9 per sec) @ chr1:240000000-245000000
ForkPoolWorker-33,  processing 0 (0.0 per sec) reads @ chrUn_KI270746v1:0-66486
ForkPoolWorker-33 countReadsInRegions_worker: processing 66486 (8006847.8 per sec) @ chrUn_KI270746v1:0-66486
ForkPoolWorker-33,  processing 27 (36566.4 per sec) reads @ chr4:150000000-155000000
ForkPoolWorker-33 countReadsInRegions_worker: processing 5000000 (11845672.9 per sec) @ chr4:150000000-155000000
ForkPoolWorker-33,  processing 22 (38754.6 per sec) reads @ chr10:95000000-100000000
ForkPoolWorker-33 countReadsInRegions_worker: processing 5000000 (11795357.2 per sec) @ chr10:95000000-100000000
ForkPoolWorker-33,  processing 29 (35711.9 per sec) reads @ chr18:5000000-10000000
ForkPoolWorker-33 countReadsInRegions_worker: processing 5000000 (11584727.8 per sec) @ chr18:5000000-10000000
ForkPoolWorker-33,  processing 6 (13073.2 per sec) reads @ chr4:35000000-40000000
ForkPoolWorker-33 countReadsInRegions_worker: processing 5000000 (11799325.8 per sec) @ chr4:35000000-40000000
ForkPoolWorker-33,  processing 36 (54217.2 per sec) reads @ chr3:15000000-20000000
ForkPoolWorker-33 countReadsInRegions_worker: processing 5000000 (11753840.7 per sec) @ chr3:15000000-20000000
ForkPoolWorker-33,  processing 72 (75762.6 per sec) reads @ chr2:65000000-70000000
ForkPoolWorker-33 countReadsInRegions_worker: processing 5000000 (11638953.3 per sec) @ chr2:65000000-70000000
ForkPoolWorker-33,  processing 3 (7557.3 per sec) reads @ chr1_KI270711v1_random:0-42210
ForkPoolWorker-33 countReadsInRegions_worker: processing 42210 (6219186.1 per sec) @ chr1_KI270711v1_random:0-42210
ForkPoolWorker-33,  processing 41 (59731.3 per sec) reads @ chr13:45000000-50000000
ForkPoolWorker-33 countReadsInRegions_worker: processing 5000000 (11828308.5 per sec) @ chr13:45000000-50000000
ForkPoolWorker-33,  processing 60 (64677.0 per sec) reads @ chr8:140000000-145000000
ForkPoolWorker-33 countReadsInRegions_worker: processing 5000000 (11757010.2 per sec) @ chr8:140000000-145000000
ForkPoolWorker-33,  processing 0 (0.0 per sec) reads @ chr14_GL000194v1_random:0-191469
ForkPoolWorker-33 countReadsInRegions_worker: processing 191469 (10502847.0 per sec) @ chr14_GL000194v1_random:0-191469
ForkPoolWorker-33,  processing 0 (0.0 per sec) reads @ chr17_GL000205v2_random:0-185591
ForkPoolWorker-33 countReadsInRegions_worker: processing 185591 (10457221.0 per sec) @ chr17_GL000205v2_random:0-185591
ForkPoolWorker-33,  processing 5 (11881.9 per sec) reads @ chrX:80000000-85000000
ForkPoolWorker-33 countReadsInRegions_worker: processing 5000000 (11661702.8 per sec) @ chrX:80000000-85000000
ForkPoolWorker-33,  processing 42 (51373.8 per sec) reads @ chr12:130000000-133275309
ForkPoolWorker-33 countReadsInRegions_worker: processing 3275309 (12013069.4 per sec) @ chr12:130000000-133275309
ForkPoolWorker-10,  processing 16 (1988.9 per sec) reads @ chr2:50000000-55000000
ForkPoolWorker-10 countReadsInRegions_worker: processing 5000000 (10011189.6 per sec) @ chr2:50000000-55000000
ForkPoolWorker-10,  processing 29 (44554.9 per sec) reads @ chr1:200000000-205000000
ForkPoolWorker-10 countReadsInRegions_worker: processing 5000000 (10934637.8 per sec) @ chr1:200000000-205000000
ForkPoolWorker-10,  processing 0 (0.0 per sec) reads @ chrUn_KI270390v1:0-2387
ForkPoolWorker-10 countReadsInRegions_worker: processing 2387 (660670.7 per sec) @ chrUn_KI270390v1:0-2387
ForkPoolWorker-10,  processing 33 (49968.2 per sec) reads @ chr14:50000000-55000000
ForkPoolWorker-10 countReadsInRegions_worker: processing 5000000 (11234259.4 per sec) @ chr14:50000000-55000000
ForkPoolWorker-10,  processing 25 (44281.1 per sec) reads @ chr5:120000000-125000000
ForkPoolWorker-10 countReadsInRegions_worker: processing 5000000 (11176334.5 per sec) @ chr5:120000000-125000000
ForkPoolWorker-10,  processing 0 (0.0 per sec) reads @ chrUn_KI270302v1:0-2274
ForkPoolWorker-10 countReadsInRegions_worker: processing 2274 (644797.7 per sec) @ chrUn_KI270302v1:0-2274
ForkPoolWorker-10,  processing 22 (41565.2 per sec) reads @ chrX:10000000-15000000
ForkPoolWorker-10 countReadsInRegions_worker: processing 5000000 (11248709.3 per sec) @ chrX:10000000-15000000
ForkPoolWorker-10,  processing 1 (2918.8 per sec) reads @ chr2:90000000-95000000
ForkPoolWorker-10 countReadsInRegions_worker: processing 5000000 (11255416.6 per sec) @ chr2:90000000-95000000
ForkPoolWorker-10,  processing 34 (52008.1 per sec) reads @ chr13:40000000-45000000
ForkPoolWorker-10 countReadsInRegions_worker: processing 5000000 (11225017.2 per sec) @ chr13:40000000-45000000
ForkPoolWorker-10,  processing 26 (48968.1 per sec) reads @ chr5:170000000-175000000
ForkPoolWorker-10 countReadsInRegions_worker: processing 5000000 (11472918.6 per sec) @ chr5:170000000-175000000
ForkPoolWorker-10,  processing 0 (0.0 per sec) reads @ chrUn_KI270366v1:0-8320
ForkPoolWorker-10 countReadsInRegions_worker: processing 8320 (2084126.2 per sec) @ chrUn_KI270366v1:0-8320
ForkPoolWorker-10,  processing 23 (40963.5 per sec) reads @ chr1:55000000-60000000
ForkPoolWorker-10 countReadsInRegions_worker: processing 5000000 (11596572.5 per sec) @ chr1:55000000-60000000
ForkPoolWorker-10,  processing 32 (43833.4 per sec) reads @ chr15:40000000-45000000
ForkPoolWorker-10 countReadsInRegions_worker: processing 5000000 (11738275.0 per sec) @ chr15:40000000-45000000
ForkPoolWorker-10,  processing 14 (27311.7 per sec) reads @ chr5:25000000-30000000
ForkPoolWorker-10 countReadsInRegions_worker: processing 5000000 (11745098.9 per sec) @ chr5:25000000-30000000
ForkPoolWorker-10,  processing 55 (72863.8 per sec) reads @ chr3:100000000-105000000
ForkPoolWorker-10 countReadsInRegions_worker: processing 5000000 (11771020.0 per sec) @ chr3:100000000-105000000
ForkPoolWorker-37,  processing 14 (12888.6 per sec) reads @ chr7:70000000-75000000
ForkPoolWorker-37 countReadsInRegions_worker: processing 5000000 (5939909.0 per sec) @ chr7:70000000-75000000
ForkPoolWorker-37,  processing 0 (0.0 per sec) reads @ chrUn_KI270379v1:0-1045
ForkPoolWorker-37 countReadsInRegions_worker: processing 1045 (230081.2 per sec) @ chrUn_KI270379v1:0-1045
ForkPoolWorker-37,  processing 10 (15863.5 per sec) reads @ chr12:60000000-65000000
ForkPoolWorker-37 countReadsInRegions_worker: processing 5000000 (12138214.0 per sec) @ chr12:60000000-65000000
ForkPoolWorker-37,  processing 14 (22208.9 per sec) reads @ chr15:50000000-55000000
ForkPoolWorker-37 countReadsInRegions_worker: processing 5000000 (11794673.9 per sec) @ chr15:50000000-55000000
ForkPoolWorker-37,  processing 77 (81741.7 per sec) reads @ chr2:130000000-135000000
ForkPoolWorker-37 countReadsInRegions_worker: processing 5000000 (11949032.6 per sec) @ chr2:130000000-135000000
ForkPoolWorker-37,  processing 19 (27106.0 per sec) reads @ chr6:60000000-65000000
ForkPoolWorker-37 countReadsInRegions_worker: processing 5000000 (11863853.3 per sec) @ chr6:60000000-65000000
ForkPoolWorker-37,  processing 15 (25450.9 per sec) reads @ chr11:85000000-90000000
ForkPoolWorker-37 countReadsInRegions_worker: processing 5000000 (11804752.2 per sec) @ chr11:85000000-90000000
ForkPoolWorker-37,  processing 0 (0.0 per sec) reads @ chr9_KI270720v1_random:0-39050
ForkPoolWorker-37 countReadsInRegions_worker: processing 39050 (5465233.1 per sec) @ chr9_KI270720v1_random:0-39050
ForkPoolWorker-37,  processing 5 (10255.0 per sec) reads @ chr11:100000000-105000000
ForkPoolWorker-37 countReadsInRegions_worker: processing 5000000 (11886628.9 per sec) @ chr11:100000000-105000000
ForkPoolWorker-37,  processing 45 (52327.1 per sec) reads @ chr2:25000000-30000000
ForkPoolWorker-37 countReadsInRegions_worker: processing 5000000 (11735404.6 per sec) @ chr2:25000000-30000000
ForkPoolWorker-37,  processing 5 (10245.0 per sec) reads @ chr1:185000000-190000000
ForkPoolWorker-37 countReadsInRegions_worker: processing 5000000 (11787143.1 per sec) @ chr1:185000000-190000000
ForkPoolWorker-37,  processing 0 (0.0 per sec) reads @ chrUn_KI270418v1:0-2145
ForkPoolWorker-37 countReadsInRegions_worker: processing 2145 (514160.6 per sec) @ chrUn_KI270418v1:0-2145
ForkPoolWorker-37,  processing 31 (45590.3 per sec) reads @ chr11:110000000-115000000
ForkPoolWorker-37 countReadsInRegions_worker: processing 5000000 (11756450.0 per sec) @ chr11:110000000-115000000
ForkPoolWorker-37,  processing 0 (0.0 per sec) reads @ chr14:10000000-15000000
ForkPoolWorker-37 countReadsInRegions_worker: processing 5000000 (11820734.7 per sec) @ chr14:10000000-15000000
ForkPoolWorker-37,  processing 94 (72275.8 per sec) reads @ chr19:45000000-50000000
ForkPoolWorker-37 countReadsInRegions_worker: processing 5000000 (11850217.8 per sec) @ chr19:45000000-50000000
ForkPoolWorker-16,  processing 33 (9946.3 per sec) reads @ chr5:70000000-75000000
ForkPoolWorker-16 countReadsInRegions_worker: processing 5000000 (10145691.6 per sec) @ chr5:70000000-75000000
ForkPoolWorker-16,  processing 0 (0.0 per sec) reads @ chrY:30000000-35000000
ForkPoolWorker-16 countReadsInRegions_worker: processing 5000000 (12107485.0 per sec) @ chrY:30000000-35000000
ForkPoolWorker-16,  processing 4 (9505.5 per sec) reads @ chr9:100000000-105000000
ForkPoolWorker-16 countReadsInRegions_worker: processing 5000000 (12128456.3 per sec) @ chr9:100000000-105000000
ForkPoolWorker-16,  processing 0 (0.0 per sec) reads @ chrUn_KI270393v1:0-1308
ForkPoolWorker-16 countReadsInRegions_worker: processing 1308 (351068.6 per sec) @ chrUn_KI270393v1:0-1308
ForkPoolWorker-16,  processing 17 (27701.3 per sec) reads @ chr14:75000000-80000000
ForkPoolWorker-16 countReadsInRegions_worker: processing 5000000 (11909343.4 per sec) @ chr14:75000000-80000000
ForkPoolWorker-16,  processing 8 (18620.7 per sec) reads @ chr5:80000000-85000000
ForkPoolWorker-16 countReadsInRegions_worker: processing 5000000 (11722003.5 per sec) @ chr5:80000000-85000000
ForkPoolWorker-16,  processing 16 (32720.1 per sec) reads @ chr5:50000000-55000000
ForkPoolWorker-16 countReadsInRegions_worker: processing 5000000 (12040868.2 per sec) @ chr5:50000000-55000000
ForkPoolWorker-16,  processing 30 (51170.8 per sec) reads @ chr15:60000000-65000000
ForkPoolWorker-16 countReadsInRegions_worker: processing 5000000 (12001824.5 per sec) @ chr15:60000000-65000000
ForkPoolWorker-16,  processing 69 (82101.3 per sec) reads @ chr11:75000000-80000000
ForkPoolWorker-16 countReadsInRegions_worker: processing 5000000 (11964978.3 per sec) @ chr11:75000000-80000000
ForkPoolWorker-16,  processing 13 (25034.9 per sec) reads @ chr12:25000000-30000000
ForkPoolWorker-16 countReadsInRegions_worker: processing 5000000 (12051607.3 per sec) @ chr12:25000000-30000000
ForkPoolWorker-16,  processing 16 (28520.6 per sec) reads @ chr8:15000000-20000000
ForkPoolWorker-16 countReadsInRegions_worker: processing 5000000 (11975671.2 per sec) @ chr8:15000000-20000000
ForkPoolWorker-16,  processing 87 (82932.8 per sec) reads @ chr6:115000000-120000000
ForkPoolWorker-16 countReadsInRegions_worker: processing 5000000 (12037744.2 per sec) @ chr6:115000000-120000000
ForkPoolWorker-16,  processing 6 (12898.9 per sec) reads @ chr12:70000000-75000000
ForkPoolWorker-16 countReadsInRegions_worker: processing 5000000 (12098348.9 per sec) @ chr12:70000000-75000000
ForkPoolWorker-16,  processing 1 (2870.8 per sec) reads @ chr14_GL000225v1_random:0-211173
ForkPoolWorker-16 countReadsInRegions_worker: processing 211173 (9611447.9 per sec) @ chr14_GL000225v1_random:0-211173
ForkPoolWorker-16,  processing 7 (16140.8 per sec) reads @ chr17:20000000-25000000
ForkPoolWorker-16 countReadsInRegions_worker: processing 5000000 (12144491.0 per sec) @ chr17:20000000-25000000
ForkPoolWorker-46,  processing 139 (70968.7 per sec) reads @ chr22:40000000-45000000
ForkPoolWorker-46 countReadsInRegions_worker: processing 5000000 (11240075.9 per sec) @ chr22:40000000-45000000
ForkPoolWorker-46,  processing 0 (0.0 per sec) reads @ chrUn_KI270414v1:0-2489
ForkPoolWorker-46 countReadsInRegions_worker: processing 2489 (373216.9 per sec) @ chrUn_KI270414v1:0-2489
ForkPoolWorker-46,  processing 17 (27798.5 per sec) reads @ chr3:110000000-115000000
ForkPoolWorker-46 countReadsInRegions_worker: processing 5000000 (11538904.3 per sec) @ chr3:110000000-115000000
ForkPoolWorker-46,  processing 7 (15550.9 per sec) reads @ chr4:95000000-100000000
ForkPoolWorker-46 countReadsInRegions_worker: processing 5000000 (11875751.4 per sec) @ chr4:95000000-100000000
ForkPoolWorker-46,  processing 36 (52813.9 per sec) reads @ chr9:20000000-25000000
ForkPoolWorker-46 countReadsInRegions_worker: processing 5000000 (11933978.1 per sec) @ chr9:20000000-25000000
ForkPoolWorker-46,  processing 74 (82723.5 per sec) reads @ chr16:70000000-75000000
ForkPoolWorker-46 countReadsInRegions_worker: processing 5000000 (11811600.3 per sec) @ chr16:70000000-75000000
ForkPoolWorker-46,  processing 62 (76439.4 per sec) reads @ chr10:115000000-120000000
ForkPoolWorker-46 countReadsInRegions_worker: processing 5000000 (11833921.8 per sec) @ chr10:115000000-120000000
ForkPoolWorker-46,  processing 0 (0.0 per sec) reads @ chrUn_KI270548v1:0-1599
ForkPoolWorker-46 countReadsInRegions_worker: processing 1599 (404675.8 per sec) @ chrUn_KI270548v1:0-1599
ForkPoolWorker-46,  processing 88 (96648.0 per sec) reads @ chr8:65000000-70000000
ForkPoolWorker-46 countReadsInRegions_worker: processing 5000000 (11798960.7 per sec) @ chr8:65000000-70000000
ForkPoolWorker-46,  processing 15 (30364.2 per sec) reads @ chr8:85000000-90000000
ForkPoolWorker-46 countReadsInRegions_worker: processing 5000000 (11914546.5 per sec) @ chr8:85000000-90000000
ForkPoolWorker-46,  processing 45 (67001.7 per sec) reads @ chr11:35000000-40000000
ForkPoolWorker-46 countReadsInRegions_worker: processing 5000000 (11793062.2 per sec) @ chr11:35000000-40000000
ForkPoolWorker-46,  processing 0 (0.0 per sec) reads @ chr22:0-5000000
ForkPoolWorker-46 countReadsInRegions_worker: processing 5000000 (11909593.6 per sec) @ chr22:0-5000000
ForkPoolWorker-46,  processing 6 (14614.3 per sec) reads @ chr2:80000000-85000000
ForkPoolWorker-46 countReadsInRegions_worker: processing 5000000 (11886682.8 per sec) @ chr2:80000000-85000000
ForkPoolWorker-46,  processing 13 (24561.2 per sec) reads @ chr7:95000000-100000000
ForkPoolWorker-46 countReadsInRegions_worker: processing 5000000 (11892823.8 per sec) @ chr7:95000000-100000000
ForkPoolWorker-46,  processing 37 (50998.8 per sec) reads @ chr19:50000000-55000000
ForkPoolWorker-46 countReadsInRegions_worker: processing 5000000 (12064967.8 per sec) @ chr19:50000000-55000000
ForkPoolWorker-17,  processing 34 (9323.1 per sec) reads @ chr17:45000000-50000000
ForkPoolWorker-17 countReadsInRegions_worker: processing 5000000 (10236701.1 per sec) @ chr17:45000000-50000000
ForkPoolWorker-17,  processing 60 (65281.0 per sec) reads @ chr19:15000000-20000000
ForkPoolWorker-17 countReadsInRegions_worker: processing 5000000 (12054606.8 per sec) @ chr19:15000000-20000000
ForkPoolWorker-17,  processing 12 (27458.6 per sec) reads @ chr2:225000000-230000000
ForkPoolWorker-17 countReadsInRegions_worker: processing 5000000 (11981308.9 per sec) @ chr2:225000000-230000000
ForkPoolWorker-17,  processing 10 (20971.5 per sec) reads @ chr2:160000000-165000000
ForkPoolWorker-17 countReadsInRegions_worker: processing 5000000 (11971473.8 per sec) @ chr2:160000000-165000000
ForkPoolWorker-17,  processing 74 (82328.5 per sec) reads @ chr3:55000000-60000000
ForkPoolWorker-17 countReadsInRegions_worker: processing 5000000 (11908281.6 per sec) @ chr3:55000000-60000000
ForkPoolWorker-17,  processing 49 (64467.0 per sec) reads @ chr11:115000000-120000000
ForkPoolWorker-17 countReadsInRegions_worker: processing 5000000 (12030058.6 per sec) @ chr11:115000000-120000000
ForkPoolWorker-17,  processing 35 (42354.5 per sec) reads @ chr18:55000000-60000000
ForkPoolWorker-17 countReadsInRegions_worker: processing 5000000 (11893997.4 per sec) @ chr18:55000000-60000000
ForkPoolWorker-17,  processing 0 (0.0 per sec) reads @ chr2_KI270715v1_random:0-161471
ForkPoolWorker-17 countReadsInRegions_worker: processing 161471 (9297381.5 per sec) @ chr2_KI270715v1_random:0-161471
ForkPoolWorker-17,  processing 0 (0.0 per sec) reads @ chr9:50000000-55000000
ForkPoolWorker-17 countReadsInRegions_worker: processing 5000000 (11914573.5 per sec) @ chr9:50000000-55000000
ForkPoolWorker-17,  processing 25 (41315.1 per sec) reads @ chr3:120000000-125000000
ForkPoolWorker-17 countReadsInRegions_worker: processing 5000000 (11896622.0 per sec) @ chr3:120000000-125000000
ForkPoolWorker-17,  processing 73 (77105.1 per sec) reads @ chr6:0-5000000
ForkPoolWorker-17 countReadsInRegions_worker: processing 5000000 (11663862.6 per sec) @ chr6:0-5000000
ForkPoolWorker-17,  processing 46 (61819.3 per sec) reads @ chr16:75000000-80000000
ForkPoolWorker-17 countReadsInRegions_worker: processing 5000000 (11956035.5 per sec) @ chr16:75000000-80000000
ForkPoolWorker-17,  processing 0 (0.0 per sec) reads @ chrUn_KI270412v1:0-1179
ForkPoolWorker-17 countReadsInRegions_worker: processing 1179 (264287.6 per sec) @ chrUn_KI270412v1:0-1179
ForkPoolWorker-17,  processing 42 (64315.7 per sec) reads @ chrX:95000000-100000000
ForkPoolWorker-17 countReadsInRegions_worker: processing 5000000 (11960365.4 per sec) @ chrX:95000000-100000000
ForkPoolWorker-17,  processing 16 (29694.2 per sec) reads @ chr14:65000000-70000000
ForkPoolWorker-17 countReadsInRegions_worker: processing 5000000 (11920662.0 per sec) @ chr14:65000000-70000000
ForkPoolWorker-21,  processing 111 (70938.3 per sec) reads @ chr17:55000000-60000000
ForkPoolWorker-21 countReadsInRegions_worker: processing 5000000 (11012273.3 per sec) @ chr17:55000000-60000000
ForkPoolWorker-21,  processing 22 (22229.5 per sec) reads @ chr9:85000000-90000000
ForkPoolWorker-21 countReadsInRegions_worker: processing 5000000 (11829095.8 per sec) @ chr9:85000000-90000000
ForkPoolWorker-21,  processing 0 (0.0 per sec) reads @ chr1:130000000-135000000
ForkPoolWorker-21 countReadsInRegions_worker: processing 5000000 (12079999.9 per sec) @ chr1:130000000-135000000
ForkPoolWorker-21,  processing 84 (84287.4 per sec) reads @ chr2:0-5000000
ForkPoolWorker-21 countReadsInRegions_worker: processing 5000000 (11903111.0 per sec) @ chr2:0-5000000
ForkPoolWorker-21,  processing 0 (0.0 per sec) reads @ chrUn_KI270315v1:0-2276
ForkPoolWorker-21 countReadsInRegions_worker: processing 2276 (591794.4 per sec) @ chrUn_KI270315v1:0-2276
ForkPoolWorker-21,  processing 63 (67963.3 per sec) reads @ chr1:90000000-95000000
ForkPoolWorker-21 countReadsInRegions_worker: processing 5000000 (11795456.7 per sec) @ chr1:90000000-95000000
ForkPoolWorker-21,  processing 0 (0.0 per sec) reads @ chrUn_KI270747v1:0-198735
ForkPoolWorker-21 countReadsInRegions_worker: processing 198735 (9556815.5 per sec) @ chrUn_KI270747v1:0-198735
ForkPoolWorker-21,  processing 3 (7489.8 per sec) reads @ chr15:20000000-25000000
ForkPoolWorker-21 countReadsInRegions_worker: processing 5000000 (11904097.5 per sec) @ chr15:20000000-25000000
ForkPoolWorker-21,  processing 15 (28623.5 per sec) reads @ chr7:130000000-135000000
ForkPoolWorker-21 countReadsInRegions_worker: processing 5000000 (11856830.5 per sec) @ chr7:130000000-135000000
ForkPoolWorker-21,  processing 24 (41596.4 per sec) reads @ chr6:140000000-145000000
ForkPoolWorker-21 countReadsInRegions_worker: processing 5000000 (11894739.5 per sec) @ chr6:140000000-145000000
ForkPoolWorker-21,  processing 31 (48881.0 per sec) reads @ chrX:115000000-120000000
ForkPoolWorker-21 countReadsInRegions_worker: processing 5000000 (11969929.5 per sec) @ chrX:115000000-120000000
ForkPoolWorker-21,  processing 16 (31141.0 per sec) reads @ chr2:105000000-110000000
ForkPoolWorker-21 countReadsInRegions_worker: processing 5000000 (11859666.8 per sec) @ chr2:105000000-110000000
ForkPoolWorker-21,  processing 79 (76701.4 per sec) reads @ chr21:5000000-10000000
ForkPoolWorker-21 countReadsInRegions_worker: processing 5000000 (11988260.7 per sec) @ chr21:5000000-10000000
ForkPoolWorker-21,  processing 42 (56899.5 per sec) reads @ chr10:100000000-105000000
ForkPoolWorker-21 countReadsInRegions_worker: processing 5000000 (11877742.3 per sec) @ chr10:100000000-105000000
ForkPoolWorker-21,  processing 9 (20650.3 per sec) reads @ chr3:85000000-90000000
ForkPoolWorker-21 countReadsInRegions_worker: processing 5000000 (12117488.9 per sec) @ chr3:85000000-90000000
ForkPoolWorker-36,  processing 22 (19776.0 per sec) reads @ chr5:65000000-70000000
ForkPoolWorker-36 countReadsInRegions_worker: processing 5000000 (10008681.2 per sec) @ chr5:65000000-70000000
ForkPoolWorker-36,  processing 84 (70662.2 per sec) reads @ chr7:5000000-10000000
ForkPoolWorker-36 countReadsInRegions_worker: processing 5000000 (11520053.4 per sec) @ chr7:5000000-10000000
ForkPoolWorker-36,  processing 14 (22724.6 per sec) reads @ chr9:5000000-10000000
ForkPoolWorker-36 countReadsInRegions_worker: processing 5000000 (11772962.8 per sec) @ chr9:5000000-10000000
ForkPoolWorker-36,  processing 14 (26426.8 per sec) reads @ chr7:45000000-50000000
ForkPoolWorker-36 countReadsInRegions_worker: processing 5000000 (12038843.0 per sec) @ chr7:45000000-50000000
ForkPoolWorker-36,  processing 22 (32826.3 per sec) reads @ chr7:75000000-80000000
ForkPoolWorker-36 countReadsInRegions_worker: processing 5000000 (11957685.3 per sec) @ chr7:75000000-80000000
ForkPoolWorker-36,  processing 3 (7653.8 per sec) reads @ chr13:75000000-80000000
ForkPoolWorker-36 countReadsInRegions_worker: processing 5000000 (11756911.4 per sec) @ chr13:75000000-80000000
ForkPoolWorker-36,  processing 45 (60650.3 per sec) reads @ chr3:10000000-15000000
ForkPoolWorker-36 countReadsInRegions_worker: processing 5000000 (11835571.4 per sec) @ chr3:10000000-15000000
ForkPoolWorker-36,  processing 0 (0.0 per sec) reads @ chrUn_KI270388v1:0-1216
ForkPoolWorker-36 countReadsInRegions_worker: processing 1216 (351403.7 per sec) @ chrUn_KI270388v1:0-1216
ForkPoolWorker-36,  processing 58 (72617.8 per sec) reads @ chr1:20000000-25000000
ForkPoolWorker-36 countReadsInRegions_worker: processing 5000000 (11925447.8 per sec) @ chr1:20000000-25000000
ForkPoolWorker-36,  processing 22 (36587.9 per sec) reads @ chr2:85000000-90000000
ForkPoolWorker-36 countReadsInRegions_worker: processing 5000000 (11916320.2 per sec) @ chr2:85000000-90000000
ForkPoolWorker-36,  processing 13 (25551.1 per sec) reads @ chr3:115000000-120000000
ForkPoolWorker-36 countReadsInRegions_worker: processing 5000000 (11971569.4 per sec) @ chr3:115000000-120000000
ForkPoolWorker-36,  processing 10 (22333.9 per sec) reads @ chr13:65000000-70000000
ForkPoolWorker-36 countReadsInRegions_worker: processing 5000000 (11991297.4 per sec) @ chr13:65000000-70000000
ForkPoolWorker-36,  processing 0 (0.0 per sec) reads @ chrUn_KI270742v1:0-186739
ForkPoolWorker-36 countReadsInRegions_worker: processing 186739 (9402416.9 per sec) @ chrUn_KI270742v1:0-186739
ForkPoolWorker-36,  processing 91 (102437.4 per sec) reads @ chr18:45000000-50000000
ForkPoolWorker-36 countReadsInRegions_worker: processing 5000000 (11872443.6 per sec) @ chr18:45000000-50000000
ForkPoolWorker-36,  processing 34 (54429.9 per sec) reads @ chr9:115000000-120000000
ForkPoolWorker-36 countReadsInRegions_worker: processing 5000000 (12101155.3 per sec) @ chr9:115000000-120000000
ForkPoolWorker-18,  processing 0 (0.0 per sec) reads @ chrUn_KI270518v1:0-2186
ForkPoolWorker-18 countReadsInRegions_worker: processing 2186 (274603.9 per sec) @ chrUn_KI270518v1:0-2186
ForkPoolWorker-18,  processing 0 (0.0 per sec) reads @ chrUn_KI270581v1:0-7046
ForkPoolWorker-18 countReadsInRegions_worker: processing 7046 (747857.0 per sec) @ chrUn_KI270581v1:0-7046
ForkPoolWorker-18,  processing 20 (5012.6 per sec) reads @ chr8:110000000-115000000
ForkPoolWorker-18 countReadsInRegions_worker: processing 5000000 (7270576.5 per sec) @ chr8:110000000-115000000
ForkPoolWorker-18,  processing 1 (1679.7 per sec) reads @ chr21:10000000-15000000
ForkPoolWorker-18 countReadsInRegions_worker: processing 5000000 (11886750.2 per sec) @ chr21:10000000-15000000
ForkPoolWorker-18,  processing 55 (65313.3 per sec) reads @ chr12:125000000-130000000
ForkPoolWorker-18 countReadsInRegions_worker: processing 5000000 (11955946.9 per sec) @ chr12:125000000-130000000
ForkPoolWorker-18,  processing 0 (0.0 per sec) reads @ chrY_KI270740v1_random:0-37240
ForkPoolWorker-18 countReadsInRegions_worker: processing 37240 (6041926.4 per sec) @ chrY_KI270740v1_random:0-37240
ForkPoolWorker-18,  processing 64 (68269.4 per sec) reads @ chr2:95000000-100000000
ForkPoolWorker-18 countReadsInRegions_worker: processing 5000000 (11920472.3 per sec) @ chr2:95000000-100000000
ForkPoolWorker-18,  processing 24 (39321.6 per sec) reads @ chr10:130000000-133797422
ForkPoolWorker-18 countReadsInRegions_worker: processing 3797422 (11820340.4 per sec) @ chr10:130000000-133797422
ForkPoolWorker-18,  processing 17 (27466.6 per sec) reads @ chr2:20000000-25000000
ForkPoolWorker-18 countReadsInRegions_worker: processing 5000000 (12279399.6 per sec) @ chr2:20000000-25000000
ForkPoolWorker-18,  processing 15 (30189.3 per sec) reads @ chr6:170000000-170805979
ForkPoolWorker-18 countReadsInRegions_worker: processing 805979 (11469579.6 per sec) @ chr6:170000000-170805979
ForkPoolWorker-18,  processing 0 (0.0 per sec) reads @ chr9_KI270719v1_random:0-176845
ForkPoolWorker-18 countReadsInRegions_worker: processing 176845 (9574690.4 per sec) @ chr9_KI270719v1_random:0-176845
ForkPoolWorker-18,  processing 6 (13052.8 per sec) reads @ chr8:40000000-45000000
ForkPoolWorker-18 countReadsInRegions_worker: processing 5000000 (11858721.2 per sec) @ chr8:40000000-45000000
ForkPoolWorker-18,  processing 28 (47393.3 per sec) reads @ chr10:80000000-85000000
ForkPoolWorker-18 countReadsInRegions_worker: processing 5000000 (11993190.1 per sec) @ chr10:80000000-85000000
ForkPoolWorker-18,  processing 4 (9840.0 per sec) reads @ chr4:130000000-135000000
ForkPoolWorker-18 countReadsInRegions_worker: processing 5000000 (11983513.4 per sec) @ chr4:130000000-135000000
ForkPoolWorker-18,  processing 0 (0.0 per sec) reads @ chrUn_KI270316v1:0-1444
ForkPoolWorker-18 countReadsInRegions_worker: processing 1444 (363104.0 per sec) @ chrUn_KI270316v1:0-1444
ForkPoolWorker-18,  processing 39 (63377.7 per sec) reads @ chr2:220000000-225000000
ForkPoolWorker-18 countReadsInRegions_worker: processing 5000000 (12091415.3 per sec) @ chr2:220000000-225000000
ForkPoolWorker-18,  processing 23 (40212.2 per sec) reads @ chr1:195000000-200000000
ForkPoolWorker-18 countReadsInRegions_worker: processing 5000000 (12018627.8 per sec) @ chr1:195000000-200000000
ForkPoolWorker-18,  processing 104 (87945.1 per sec) reads @ chr19:0-5000000
ForkPoolWorker-18 countReadsInRegions_worker: processing 5000000 (11979296.8 per sec) @ chr19:0-5000000
ForkPoolWorker-18,  processing 8 (18011.0 per sec) reads @ chr18:25000000-30000000
ForkPoolWorker-18 countReadsInRegions_worker: processing 5000000 (12043675.7 per sec) @ chr18:25000000-30000000
ForkPoolWorker-18,  processing 0 (0.0 per sec) reads @ chr17_KI270729v1_random:0-280839
ForkPoolWorker-18 countReadsInRegions_worker: processing 280839 (11225381.1 per sec) @ chr17_KI270729v1_random:0-280839
ForkPoolWorker-4,  processing 25 (8254.6 per sec) reads @ chr6:70000000-75000000
ForkPoolWorker-4 countReadsInRegions_worker: processing 5000000 (9547750.8 per sec) @ chr6:70000000-75000000
ForkPoolWorker-4,  processing 25 (43293.8 per sec) reads @ chr4:165000000-170000000
ForkPoolWorker-4 countReadsInRegions_worker: processing 5000000 (11106749.5 per sec) @ chr4:165000000-170000000
ForkPoolWorker-4,  processing 13 (26443.2 per sec) reads @ chr1:140000000-145000000
ForkPoolWorker-4 countReadsInRegions_worker: processing 5000000 (11180666.4 per sec) @ chr1:140000000-145000000
ForkPoolWorker-4,  processing 0 (0.0 per sec) reads @ chrUn_KI270391v1:0-1484
ForkPoolWorker-4 countReadsInRegions_worker: processing 1484 (424783.1 per sec) @ chrUn_KI270391v1:0-1484
ForkPoolWorker-4,  processing 93 (84266.6 per sec) reads @ chr3:50000000-55000000
ForkPoolWorker-4 countReadsInRegions_worker: processing 5000000 (11279577.2 per sec) @ chr3:50000000-55000000
ForkPoolWorker-4,  processing 21 (41063.1 per sec) reads @ chr2:140000000-145000000
ForkPoolWorker-4 countReadsInRegions_worker: processing 5000000 (11301076.1 per sec) @ chr2:140000000-145000000
ForkPoolWorker-4,  processing 96 (109001.9 per sec) reads @ chr2:155000000-160000000
ForkPoolWorker-4 countReadsInRegions_worker: processing 5000000 (11227204.6 per sec) @ chr2:155000000-160000000
ForkPoolWorker-4,  processing 18 (33098.4 per sec) reads @ chrX:45000000-50000000
ForkPoolWorker-4 countReadsInRegions_worker: processing 5000000 (11181661.9 per sec) @ chrX:45000000-50000000
ForkPoolWorker-4,  processing 25 (37691.4 per sec) reads @ chr11:15000000-20000000
ForkPoolWorker-4 countReadsInRegions_worker: processing 5000000 (11434466.2 per sec) @ chr11:15000000-20000000
ForkPoolWorker-4,  processing 27 (45645.4 per sec) reads @ chr18:0-5000000
ForkPoolWorker-4 countReadsInRegions_worker: processing 5000000 (11539424.9 per sec) @ chr18:0-5000000
ForkPoolWorker-4,  processing 15 (4279.0 per sec) reads @ chr3:65000000-70000000
ForkPoolWorker-4 countReadsInRegions_worker: processing 5000000 (11596880.3 per sec) @ chr3:65000000-70000000
ForkPoolWorker-4,  processing 10 (20600.7 per sec) reads @ chr15:55000000-60000000
ForkPoolWorker-4 countReadsInRegions_worker: processing 5000000 (11714650.2 per sec) @ chr15:55000000-60000000
ForkPoolWorker-4,  processing 33 (47482.7 per sec) reads @ chr22:25000000-30000000
ForkPoolWorker-4 countReadsInRegions_worker: processing 5000000 (11756792.7 per sec) @ chr22:25000000-30000000
ForkPoolWorker-4,  processing 0 (0.0 per sec) reads @ chr15:10000000-15000000
ForkPoolWorker-4 countReadsInRegions_worker: processing 5000000 (12008360.0 per sec) @ chr15:10000000-15000000
ForkPoolWorker-4,  processing 0 (0.0 per sec) reads @ chr1_KI270707v1_random:0-32032
ForkPoolWorker-4 countReadsInRegions_worker: processing 32032 (5162815.4 per sec) @ chr1_KI270707v1_random:0-32032
ForkPoolWorker-29,  processing 58 (10930.0 per sec) reads @ chr19:40000000-45000000
ForkPoolWorker-29 countReadsInRegions_worker: processing 5000000 (5811708.2 per sec) @ chr19:40000000-45000000
ForkPoolWorker-29,  processing 14 (23783.0 per sec) reads @ chr6:95000000-100000000
ForkPoolWorker-29 countReadsInRegions_worker: processing 5000000 (12009219.6 per sec) @ chr6:95000000-100000000
ForkPoolWorker-29,  processing 0 (0.0 per sec) reads @ chrUn_KI270530v1:0-2168
ForkPoolWorker-29 countReadsInRegions_worker: processing 2168 (491660.0 per sec) @ chrUn_KI270530v1:0-2168
ForkPoolWorker-29,  processing 84 (71961.1 per sec) reads @ chrX:70000000-75000000
ForkPoolWorker-29 countReadsInRegions_worker: processing 5000000 (11872262.1 per sec) @ chrX:70000000-75000000
ForkPoolWorker-29,  processing 10 (18024.5 per sec) reads @ chr16:60000000-65000000
ForkPoolWorker-29 countReadsInRegions_worker: processing 5000000 (12004105.3 per sec) @ chr16:60000000-65000000
ForkPoolWorker-29,  processing 55 (57313.5 per sec) reads @ chr8:20000000-25000000
ForkPoolWorker-29 countReadsInRegions_worker: processing 5000000 (11946132.9 per sec) @ chr8:20000000-25000000
ForkPoolWorker-29,  processing 14 (25913.6 per sec) reads @ chr2:115000000-120000000
ForkPoolWorker-29 countReadsInRegions_worker: processing 5000000 (11923488.3 per sec) @ chr2:115000000-120000000
ForkPoolWorker-29,  processing 0 (0.0 per sec) reads @ chrUn_KI270395v1:0-1143
ForkPoolWorker-29 countReadsInRegions_worker: processing 1143 (266916.6 per sec) @ chrUn_KI270395v1:0-1143
ForkPoolWorker-29,  processing 63 (55876.8 per sec) reads @ chr22:20000000-25000000
ForkPoolWorker-29 countReadsInRegions_worker: processing 5000000 (11776261.6 per sec) @ chr22:20000000-25000000
ForkPoolWorker-29,  processing 11 (20523.7 per sec) reads @ chr14:85000000-90000000
ForkPoolWorker-29 countReadsInRegions_worker: processing 5000000 (11970851.9 per sec) @ chr14:85000000-90000000
ForkPoolWorker-29,  processing 14 (22982.5 per sec) reads @ chr14:30000000-35000000
ForkPoolWorker-29 countReadsInRegions_worker: processing 5000000 (11907301.3 per sec) @ chr14:30000000-35000000
ForkPoolWorker-29,  processing 18 (31575.7 per sec) reads @ chr4:30000000-35000000
ForkPoolWorker-29 countReadsInRegions_worker: processing 5000000 (11793559.6 per sec) @ chr4:30000000-35000000
ForkPoolWorker-29,  processing 57 (65897.3 per sec) reads @ chr2:70000000-75000000
ForkPoolWorker-29 countReadsInRegions_worker: processing 5000000 (11862826.6 per sec) @ chr2:70000000-75000000
ForkPoolWorker-29,  processing 5 (10883.0 per sec) reads @ chr4:170000000-175000000
ForkPoolWorker-29 countReadsInRegions_worker: processing 5000000 (11791988.0 per sec) @ chr4:170000000-175000000
ForkPoolWorker-29,  processing 42 (62579.3 per sec) reads @ chr2:45000000-50000000
ForkPoolWorker-29 countReadsInRegions_worker: processing 5000000 (12159235.6 per sec) @ chr2:45000000-50000000
ForkPoolWorker-13,  processing 14 (5114.6 per sec) reads @ chr9:80000000-85000000
ForkPoolWorker-13 countReadsInRegions_worker: processing 5000000 (9629787.5 per sec) @ chr9:80000000-85000000
ForkPoolWorker-13,  processing 0 (0.0 per sec) reads @ chr1_KI270706v1_random:0-175055
ForkPoolWorker-13 countReadsInRegions_worker: processing 175055 (9244833.1 per sec) @ chr1_KI270706v1_random:0-175055
ForkPoolWorker-13,  processing 3 (10627.5 per sec) reads @ chrUn_KI270442v1:0-392061
ForkPoolWorker-13 countReadsInRegions_worker: processing 392061 (10867619.8 per sec) @ chrUn_KI270442v1:0-392061
ForkPoolWorker-13,  processing 0 (0.0 per sec) reads @ chrUn_KI270334v1:0-1368
ForkPoolWorker-13 countReadsInRegions_worker: processing 1368 (308335.1 per sec) @ chrUn_KI270334v1:0-1368
ForkPoolWorker-13,  processing 0 (0.0 per sec) reads @ chrUn_KI270756v1:0-79590
ForkPoolWorker-13 countReadsInRegions_worker: processing 79590 (4779370.0 per sec) @ chrUn_KI270756v1:0-79590
ForkPoolWorker-13,  processing 0 (0.0 per sec) reads @ chr22_KI270738v1_random:0-99375
ForkPoolWorker-13 countReadsInRegions_worker: processing 99375 (7547332.1 per sec) @ chr22_KI270738v1_random:0-99375
ForkPoolWorker-13,  processing 41 (57513.9 per sec) reads @ chr18:35000000-40000000
ForkPoolWorker-13 countReadsInRegions_worker: processing 5000000 (12196466.9 per sec) @ chr18:35000000-40000000
ForkPoolWorker-13,  processing 7 (13474.1 per sec) reads @ chr5:160000000-165000000
ForkPoolWorker-13 countReadsInRegions_worker: processing 5000000 (11753610.2 per sec) @ chr5:160000000-165000000
ForkPoolWorker-13,  processing 14 (23394.5 per sec) reads @ chr18:30000000-35000000
ForkPoolWorker-13 countReadsInRegions_worker: processing 5000000 (11788309.2 per sec) @ chr18:30000000-35000000
ForkPoolWorker-13,  processing 0 (0.0 per sec) reads @ chrUn_KI270396v1:0-1880
ForkPoolWorker-13 countReadsInRegions_worker: processing 1880 (422418.8 per sec) @ chrUn_KI270396v1:0-1880
ForkPoolWorker-13,  processing 59 (67318.8 per sec) reads @ chr14:25000000-30000000
ForkPoolWorker-13 countReadsInRegions_worker: processing 5000000 (11683968.5 per sec) @ chr14:25000000-30000000
ForkPoolWorker-13,  processing 10 (16757.1 per sec) reads @ chr5:10000000-15000000
ForkPoolWorker-13 countReadsInRegions_worker: processing 5000000 (11607439.1 per sec) @ chr5:10000000-15000000
ForkPoolWorker-13,  processing 12 (21076.9 per sec) reads @ chr13:35000000-40000000
ForkPoolWorker-13 countReadsInRegions_worker: processing 5000000 (11574561.7 per sec) @ chr13:35000000-40000000
ForkPoolWorker-13,  processing 0 (0.0 per sec) reads @ chrY:25000000-30000000
ForkPoolWorker-13 countReadsInRegions_worker: processing 5000000 (11456435.1 per sec) @ chrY:25000000-30000000
ForkPoolWorker-13,  processing 64 (63131.6 per sec) reads @ chr2:60000000-65000000
ForkPoolWorker-13 countReadsInRegions_worker: processing 5000000 (11725208.3 per sec) @ chr2:60000000-65000000
ForkPoolWorker-13,  processing 20 (30437.6 per sec) reads @ chr3:60000000-65000000
ForkPoolWorker-13 countReadsInRegions_worker: processing 5000000 (11713937.0 per sec) @ chr3:60000000-65000000
ForkPoolWorker-13,  processing 20 (30660.1 per sec) reads @ chr8:50000000-55000000
ForkPoolWorker-13 countReadsInRegions_worker: processing 5000000 (11807776.4 per sec) @ chr8:50000000-55000000
ForkPoolWorker-13,  processing 22 (33999.5 per sec) reads @ chr2:100000000-105000000
ForkPoolWorker-13 countReadsInRegions_worker: processing 5000000 (11780773.3 per sec) @ chr2:100000000-105000000
ForkPoolWorker-13,  processing 0 (0.0 per sec) reads @ chrUn_KI270381v1:0-1930
ForkPoolWorker-13 countReadsInRegions_worker: processing 1930 (480615.5 per sec) @ chrUn_KI270381v1:0-1930
ForkPoolWorker-13,  processing 21 (36366.8 per sec) reads @ chr12:30000000-35000000
ForkPoolWorker-13 countReadsInRegions_worker: processing 5000000 (12109883.0 per sec) @ chr12:30000000-35000000
ForkPoolWorker-19,  processing 0 (0.0 per sec) reads @ chr16_KI270728v1_random:0-1872759
ForkPoolWorker-19 countReadsInRegions_worker: processing 1872759 (8814186.1 per sec) @ chr16_KI270728v1_random:0-1872759
ForkPoolWorker-19,  processing 20 (23275.8 per sec) reads @ chrX:120000000-125000000
ForkPoolWorker-19 countReadsInRegions_worker: processing 5000000 (12343405.5 per sec) @ chrX:120000000-125000000
ForkPoolWorker-19,  processing 72 (67004.6 per sec) reads @ chr22:35000000-40000000
ForkPoolWorker-19 countReadsInRegions_worker: processing 5000000 (12309606.7 per sec) @ chr22:35000000-40000000
ForkPoolWorker-19,  processing 36 (42738.5 per sec) reads @ chr9:135000000-138394717
ForkPoolWorker-19 countReadsInRegions_worker: processing 3394717 (12186176.7 per sec) @ chr9:135000000-138394717
ForkPoolWorker-19,  processing 0 (0.0 per sec) reads @ chrUn_KI270741v1:0-157432
ForkPoolWorker-19 countReadsInRegions_worker: processing 157432 (8836991.3 per sec) @ chrUn_KI270741v1:0-157432
ForkPoolWorker-19,  processing 11 (19033.6 per sec) reads @ chr13:100000000-105000000
ForkPoolWorker-19 countReadsInRegions_worker: processing 5000000 (11917173.4 per sec) @ chr13:100000000-105000000
ForkPoolWorker-19,  processing 16 (23646.5 per sec) reads @ chr3:145000000-150000000
ForkPoolWorker-19 countReadsInRegions_worker: processing 5000000 (12012280.6 per sec) @ chr3:145000000-150000000
ForkPoolWorker-19,  processing 21 (31536.1 per sec) reads @ chr3:5000000-10000000
ForkPoolWorker-19 countReadsInRegions_worker: processing 5000000 (12048747.6 per sec) @ chr3:5000000-10000000
ForkPoolWorker-19,  processing 26 (37997.2 per sec) reads @ chr10:75000000-80000000
ForkPoolWorker-19 countReadsInRegions_worker: processing 5000000 (12087345.3 per sec) @ chr10:75000000-80000000
ForkPoolWorker-19,  processing 12 (19784.5 per sec) reads @ chr10:10000000-15000000
ForkPoolWorker-19 countReadsInRegions_worker: processing 5000000 (11930149.1 per sec) @ chr10:10000000-15000000
ForkPoolWorker-19,  processing 24 (37914.6 per sec) reads @ chr4:135000000-140000000
ForkPoolWorker-19 countReadsInRegions_worker: processing 5000000 (11926994.1 per sec) @ chr4:135000000-140000000
ForkPoolWorker-19,  processing 11 (20289.1 per sec) reads @ chr1:190000000-195000000
ForkPoolWorker-19 countReadsInRegions_worker: processing 5000000 (11972478.4 per sec) @ chr1:190000000-195000000
ForkPoolWorker-19,  processing 124 (87868.5 per sec) reads @ chr11:0-5000000
ForkPoolWorker-19 countReadsInRegions_worker: processing 5000000 (11962807.9 per sec) @ chr11:0-5000000
ForkPoolWorker-19,  processing 14 (25431.0 per sec) reads @ chr7:55000000-60000000
ForkPoolWorker-19 countReadsInRegions_worker: processing 5000000 (11885167.1 per sec) @ chr7:55000000-60000000
ForkPoolWorker-19,  processing 232 (138142.9 per sec) reads @ chr5:145000000-150000000
ForkPoolWorker-19 countReadsInRegions_worker: processing 5000000 (12136809.0 per sec) @ chr5:145000000-150000000
ForkPoolWorker-22,  processing 15 (5303.9 per sec) reads @ chrX:85000000-90000000
ForkPoolWorker-22 countReadsInRegions_worker: processing 5000000 (10310618.7 per sec) @ chrX:85000000-90000000
ForkPoolWorker-22,  processing 0 (0.0 per sec) reads @ chr16:90000000-90338345
ForkPoolWorker-22 countReadsInRegions_worker: processing 338345 (8989293.5 per sec) @ chr16:90000000-90338345
ForkPoolWorker-22,  processing 0 (0.0 per sec) reads @ chrUn_KI270372v1:0-1650
ForkPoolWorker-22 countReadsInRegions_worker: processing 1650 (344634.3 per sec) @ chrUn_KI270372v1:0-1650
ForkPoolWorker-22,  processing 40 (50036.4 per sec) reads @ chr2:170000000-175000000
ForkPoolWorker-22 countReadsInRegions_worker: processing 5000000 (11936606.8 per sec) @ chr2:170000000-175000000
ForkPoolWorker-22,  processing 72 (67258.3 per sec) reads @ chr4:0-5000000
ForkPoolWorker-22 countReadsInRegions_worker: processing 5000000 (11999743.7 per sec) @ chr4:0-5000000
ForkPoolWorker-22,  processing 15 (28137.1 per sec) reads @ chr20:20000000-25000000
ForkPoolWorker-22 countReadsInRegions_worker: processing 5000000 (11941296.6 per sec) @ chr20:20000000-25000000
ForkPoolWorker-22,  processing 36 (60109.5 per sec) reads @ chr5:60000000-65000000
ForkPoolWorker-22 countReadsInRegions_worker: processing 5000000 (11789117.7 per sec) @ chr5:60000000-65000000
ForkPoolWorker-22,  processing 138 (99726.7 per sec) reads @ chr11:60000000-65000000
ForkPoolWorker-22 countReadsInRegions_worker: processing 5000000 (12014599.8 per sec) @ chr11:60000000-65000000
ForkPoolWorker-22,  processing 0 (0.0 per sec) reads @ chr15_KI270727v1_random:0-448248
ForkPoolWorker-22 countReadsInRegions_worker: processing 448248 (10618668.7 per sec) @ chr15_KI270727v1_random:0-448248
ForkPoolWorker-22,  processing 33 (47288.0 per sec) reads @ chr13:25000000-30000000
ForkPoolWorker-22 countReadsInRegions_worker: processing 5000000 (11842234.7 per sec) @ chr13:25000000-30000000
ForkPoolWorker-22,  processing 11 (17351.4 per sec) reads @ chr5:105000000-110000000
ForkPoolWorker-22 countReadsInRegions_worker: processing 5000000 (11791165.9 per sec) @ chr5:105000000-110000000
ForkPoolWorker-22,  processing 12 (21978.9 per sec) reads @ chr13:85000000-90000000
ForkPoolWorker-22 countReadsInRegions_worker: processing 5000000 (11932789.7 per sec) @ chr13:85000000-90000000
ForkPoolWorker-22,  processing 0 (0.0 per sec) reads @ chr14_GL000009v2_random:0-201709
ForkPoolWorker-22 countReadsInRegions_worker: processing 201709 (9353139.3 per sec) @ chr14_GL000009v2_random:0-201709
ForkPoolWorker-22,  processing 8 (16760.5 per sec) reads @ chr6:55000000-60000000
ForkPoolWorker-22 countReadsInRegions_worker: processing 5000000 (12019633.5 per sec) @ chr6:55000000-60000000
ForkPoolWorker-22,  processing 9 (14676.8 per sec) reads @ chr3:160000000-165000000
ForkPoolWorker-22 countReadsInRegions_worker: processing 5000000 (11971125.2 per sec) @ chr3:160000000-165000000
ForkPoolWorker-22,  processing 25 (37745.7 per sec) reads @ chr1:70000000-75000000
ForkPoolWorker-22 countReadsInRegions_worker: processing 5000000 (11863625.2 per sec) @ chr1:70000000-75000000
ForkPoolWorker-22,  processing 0 (0.0 per sec) reads @ chrY:45000000-50000000
ForkPoolWorker-22 countReadsInRegions_worker: processing 5000000 (12063697.7 per sec) @ chrY:45000000-50000000
ForkPoolWorker-45,  processing 44 (9555.2 per sec) reads @ chr9:120000000-125000000
ForkPoolWorker-45 countReadsInRegions_worker: processing 5000000 (7149945.7 per sec) @ chr9:120000000-125000000
ForkPoolWorker-45,  processing 8 (14919.7 per sec) reads @ chr9:30000000-35000000
ForkPoolWorker-45 countReadsInRegions_worker: processing 5000000 (11973449.1 per sec) @ chr9:30000000-35000000
ForkPoolWorker-45,  processing 16 (27915.5 per sec) reads @ chr3:175000000-180000000
ForkPoolWorker-45 countReadsInRegions_worker: processing 5000000 (12037979.2 per sec) @ chr3:175000000-180000000
ForkPoolWorker-45,  processing 0 (0.0 per sec) reads @ chr15:5000000-10000000
ForkPoolWorker-45 countReadsInRegions_worker: processing 5000000 (11990070.2 per sec) @ chr15:5000000-10000000
ForkPoolWorker-45,  processing 39 (56542.6 per sec) reads @ chr9:105000000-110000000
ForkPoolWorker-45 countReadsInRegions_worker: processing 5000000 (11969260.0 per sec) @ chr9:105000000-110000000
ForkPoolWorker-45,  processing 34 (51744.0 per sec) reads @ chr6:5000000-10000000
ForkPoolWorker-45 countReadsInRegions_worker: processing 5000000 (12034463.0 per sec) @ chr6:5000000-10000000
ForkPoolWorker-45,  processing 444 (150510.9 per sec) reads @ chr6:35000000-40000000
ForkPoolWorker-45 countReadsInRegions_worker: processing 5000000 (11935146.3 per sec) @ chr6:35000000-40000000
ForkPoolWorker-45,  processing 0 (0.0 per sec) reads @ chrUn_KI270340v1:0-1428
ForkPoolWorker-45 countReadsInRegions_worker: processing 1428 (385720.4 per sec) @ chrUn_KI270340v1:0-1428
ForkPoolWorker-45,  processing 19 (35075.6 per sec) reads @ chr10:50000000-55000000
ForkPoolWorker-45 countReadsInRegions_worker: processing 5000000 (11934446.7 per sec) @ chr10:50000000-55000000
ForkPoolWorker-45,  processing 11 (22942.5 per sec) reads @ chr2:185000000-190000000
ForkPoolWorker-45 countReadsInRegions_worker: processing 5000000 (11982671.2 per sec) @ chr2:185000000-190000000
ForkPoolWorker-45,  processing 25 (43455.3 per sec) reads @ chr8:35000000-40000000
ForkPoolWorker-45 countReadsInRegions_worker: processing 5000000 (11879855.1 per sec) @ chr8:35000000-40000000
ForkPoolWorker-45,  processing 0 (0.0 per sec) reads @ chr14_KI270726v1_random:0-43739
ForkPoolWorker-45 countReadsInRegions_worker: processing 43739 (5526075.7 per sec) @ chr14_KI270726v1_random:0-43739
ForkPoolWorker-45,  processing 1 (2728.9 per sec) reads @ chr16:35000000-40000000
ForkPoolWorker-45 countReadsInRegions_worker: processing 5000000 (11794746.9 per sec) @ chr16:35000000-40000000
ForkPoolWorker-45,  processing 14 (26985.4 per sec) reads @ chr4:155000000-160000000
ForkPoolWorker-45 countReadsInRegions_worker: processing 5000000 (11800175.7 per sec) @ chr4:155000000-160000000
ForkPoolWorker-45,  processing 51 (64314.3 per sec) reads @ chr20:35000000-40000000
ForkPoolWorker-45 countReadsInRegions_worker: processing 5000000 (12054211.9 per sec) @ chr20:35000000-40000000
ForkPoolWorker-1,  processing 18 (1992.6 per sec) reads @ chr4:185000000-190000000
ForkPoolWorker-1 countReadsInRegions_worker: processing 5000000 (10758399.4 per sec) @ chr4:185000000-190000000
ForkPoolWorker-1,  processing 6 (12945.4 per sec) reads @ chr1:95000000-100000000
ForkPoolWorker-1 countReadsInRegions_worker: processing 5000000 (11925895.3 per sec) @ chr1:95000000-100000000
ForkPoolWorker-1,  processing 39 (53058.0 per sec) reads @ chr3:25000000-30000000
ForkPoolWorker-1 countReadsInRegions_worker: processing 5000000 (12031445.9 per sec) @ chr3:25000000-30000000
ForkPoolWorker-1,  processing 18 (26810.2 per sec) reads @ chrX:15000000-20000000
ForkPoolWorker-1 countReadsInRegions_worker: processing 5000000 (12033019.8 per sec) @ chrX:15000000-20000000
ForkPoolWorker-1,  processing 0 (0.0 per sec) reads @ chr18:15000000-20000000
ForkPoolWorker-1 countReadsInRegions_worker: processing 5000000 (11865491.2 per sec) @ chr18:15000000-20000000
ForkPoolWorker-1,  processing 0 (0.0 per sec) reads @ chr14_KI270724v1_random:0-39555
ForkPoolWorker-1 countReadsInRegions_worker: processing 39555 (6097008.4 per sec) @ chr14_KI270724v1_random:0-39555
ForkPoolWorker-1,  processing 26 (43866.4 per sec) reads @ chr7:20000000-25000000
ForkPoolWorker-1 countReadsInRegions_worker: processing 5000000 (11868392.1 per sec) @ chr7:20000000-25000000
ForkPoolWorker-1,  processing 55 (62789.0 per sec) reads @ chr1:160000000-165000000
ForkPoolWorker-1 countReadsInRegions_worker: processing 5000000 (11897141.7 per sec) @ chr1:160000000-165000000
ForkPoolWorker-1,  processing 7 (15396.0 per sec) reads @ chrX:135000000-140000000
ForkPoolWorker-1 countReadsInRegions_worker: processing 5000000 (11801032.2 per sec) @ chrX:135000000-140000000
ForkPoolWorker-1,  processing 0 (0.0 per sec) reads @ chrUn_KI270387v1:0-1537
ForkPoolWorker-1 countReadsInRegions_worker: processing 1537 (447062.8 per sec) @ chrUn_KI270387v1:0-1537
ForkPoolWorker-1,  processing 19 (33710.6 per sec) reads @ chr12:40000000-45000000
ForkPoolWorker-1 countReadsInRegions_worker: processing 5000000 (11689413.0 per sec) @ chr12:40000000-45000000
ForkPoolWorker-1,  processing 94 (78041.3 per sec) reads @ chr19:5000000-10000000
ForkPoolWorker-1 countReadsInRegions_worker: processing 5000000 (11802612.9 per sec) @ chr19:5000000-10000000
ForkPoolWorker-1,  processing 34 (46016.9 per sec) reads @ chr20:10000000-15000000
ForkPoolWorker-1 countReadsInRegions_worker: processing 5000000 (11738281.6 per sec) @ chr20:10000000-15000000
ForkPoolWorker-1,  processing 59 (72273.3 per sec) reads @ chr22:30000000-35000000
ForkPoolWorker-1 countReadsInRegions_worker: processing 5000000 (11605049.6 per sec) @ chr22:30000000-35000000
ForkPoolWorker-1,  processing 0 (0.0 per sec) reads @ chr21:0-5000000
ForkPoolWorker-1 countReadsInRegions_worker: processing 5000000 (11981124.1 per sec) @ chr21:0-5000000
ForkPoolWorker-9,  processing 36 (11301.2 per sec) reads @ chr2:205000000-210000000
ForkPoolWorker-9 countReadsInRegions_worker: processing 5000000 (9569752.8 per sec) @ chr2:205000000-210000000
ForkPoolWorker-9,  processing 12 (25510.2 per sec) reads @ chrX:145000000-150000000
ForkPoolWorker-9 countReadsInRegions_worker: processing 5000000 (11086516.1 per sec) @ chrX:145000000-150000000
ForkPoolWorker-9,  processing 0 (0.0 per sec) reads @ chrUn_KI270303v1:0-1942
ForkPoolWorker-9 countReadsInRegions_worker: processing 1942 (564237.9 per sec) @ chrUn_KI270303v1:0-1942
ForkPoolWorker-9,  processing 27 (47048.7 per sec) reads @ chr11:120000000-125000000
ForkPoolWorker-9 countReadsInRegions_worker: processing 5000000 (11306212.3 per sec) @ chr11:120000000-125000000
ForkPoolWorker-9,  processing 10 (20805.1 per sec) reads @ chr11:20000000-25000000
ForkPoolWorker-9 countReadsInRegions_worker: processing 5000000 (11355162.3 per sec) @ chr11:20000000-25000000
ForkPoolWorker-9,  processing 22 (42759.4 per sec) reads @ chrX:75000000-80000000
ForkPoolWorker-9 countReadsInRegions_worker: processing 5000000 (11235360.8 per sec) @ chrX:75000000-80000000
ForkPoolWorker-9,  processing 22 (38399.8 per sec) reads @ chr3:155000000-160000000
ForkPoolWorker-9 countReadsInRegions_worker: processing 5000000 (11311658.1 per sec) @ chr3:155000000-160000000
ForkPoolWorker-9,  processing 92 (86752.7 per sec) reads @ chr9:125000000-130000000
ForkPoolWorker-9 countReadsInRegions_worker: processing 5000000 (11346383.2 per sec) @ chr9:125000000-130000000
ForkPoolWorker-9,  processing 6 (14250.2 per sec) reads @ chr7:85000000-90000000
ForkPoolWorker-9 countReadsInRegions_worker: processing 5000000 (11456391.3 per sec) @ chr7:85000000-90000000
ForkPoolWorker-9,  processing 83 (84109.0 per sec) reads @ chr20:30000000-35000000
ForkPoolWorker-9 countReadsInRegions_worker: processing 5000000 (11598939.2 per sec) @ chr20:30000000-35000000
ForkPoolWorker-9,  processing 13 (21299.2 per sec) reads @ chr2:150000000-155000000
ForkPoolWorker-9 countReadsInRegions_worker: processing 5000000 (11754519.3 per sec) @ chr2:150000000-155000000
ForkPoolWorker-9,  processing 38 (54695.8 per sec) reads @ chr2:230000000-235000000
ForkPoolWorker-9 countReadsInRegions_worker: processing 5000000 (11656206.3 per sec) @ chr2:230000000-235000000
ForkPoolWorker-9,  processing 35 (54350.5 per sec) reads @ chr10:90000000-95000000
ForkPoolWorker-9 countReadsInRegions_worker: processing 5000000 (11663681.0 per sec) @ chr10:90000000-95000000
ForkPoolWorker-9,  processing 12 (26214.4 per sec) reads @ chr9:25000000-30000000
ForkPoolWorker-9 countReadsInRegions_worker: processing 5000000 (12091275.9 per sec) @ chr9:25000000-30000000
ForkPoolWorker-9,  processing 67 (88481.9 per sec) reads @ chr6:50000000-55000000
ForkPoolWorker-9 countReadsInRegions_worker: processing 5000000 (11858399.4 per sec) @ chr6:50000000-55000000
ForkPoolWorker-43,  processing 24 (24570.0 per sec) reads @ chr20:55000000-60000000
ForkPoolWorker-43 countReadsInRegions_worker: processing 5000000 (8962934.9 per sec) @ chr20:55000000-60000000
ForkPoolWorker-43,  processing 18 (23251.5 per sec) reads @ chr1:165000000-170000000
ForkPoolWorker-43 countReadsInRegions_worker: processing 5000000 (12008813.8 per sec) @ chr1:165000000-170000000
ForkPoolWorker-43,  processing 38 (45228.0 per sec) reads @ chr6:130000000-135000000
ForkPoolWorker-43 countReadsInRegions_worker: processing 5000000 (11950721.2 per sec) @ chr6:130000000-135000000
ForkPoolWorker-43,  processing 14 (26086.3 per sec) reads @ chr2:145000000-150000000
ForkPoolWorker-43 countReadsInRegions_worker: processing 5000000 (11973537.9 per sec) @ chr2:145000000-150000000
ForkPoolWorker-43,  processing 27 (44921.1 per sec) reads @ chr4:50000000-55000000
ForkPoolWorker-43 countReadsInRegions_worker: processing 5000000 (11966937.8 per sec) @ chr4:50000000-55000000
ForkPoolWorker-43,  processing 0 (0.0 per sec) reads @ chrUn_KI270322v1:0-21476
ForkPoolWorker-43 countReadsInRegions_worker: processing 21476 (3780136.5 per sec) @ chrUn_KI270322v1:0-21476
ForkPoolWorker-43,  processing 0 (0.0 per sec) reads @ chr16:40000000-45000000
ForkPoolWorker-43 countReadsInRegions_worker: processing 5000000 (12045654.1 per sec) @ chr16:40000000-45000000
ForkPoolWorker-43,  processing 0 (0.0 per sec) reads @ chr15:15000000-20000000
ForkPoolWorker-43 countReadsInRegions_worker: processing 5000000 (11972963.7 per sec) @ chr15:15000000-20000000
ForkPoolWorker-43,  processing 20 (28493.9 per sec) reads @ chr16:50000000-55000000
ForkPoolWorker-43 countReadsInRegions_worker: processing 5000000 (11936647.6 per sec) @ chr16:50000000-55000000
ForkPoolWorker-43,  processing 58 (60260.0 per sec) reads @ chr19:20000000-25000000
ForkPoolWorker-43 countReadsInRegions_worker: processing 5000000 (11837695.9 per sec) @ chr19:20000000-25000000
ForkPoolWorker-43,  processing 19 (31775.0 per sec) reads @ chr6:125000000-130000000
ForkPoolWorker-43 countReadsInRegions_worker: processing 5000000 (11911352.3 per sec) @ chr6:125000000-130000000
ForkPoolWorker-43,  processing 0 (0.0 per sec) reads @ chrUn_KI270522v1:0-5674
ForkPoolWorker-43 countReadsInRegions_worker: processing 5674 (1511110.6 per sec) @ chrUn_KI270522v1:0-5674
ForkPoolWorker-43,  processing 31 (44543.8 per sec) reads @ chr5:15000000-20000000
ForkPoolWorker-43 countReadsInRegions_worker: processing 5000000 (11830797.4 per sec) @ chr5:15000000-20000000
ForkPoolWorker-43,  processing 13 (24407.3 per sec) reads @ chr2:165000000-170000000
ForkPoolWorker-43 countReadsInRegions_worker: processing 5000000 (11918602.5 per sec) @ chr2:165000000-170000000
ForkPoolWorker-43,  processing 10 (20145.6 per sec) reads @ chr8:120000000-125000000
ForkPoolWorker-43 countReadsInRegions_worker: processing 5000000 (12125616.2 per sec) @ chr8:120000000-125000000
ForkPoolWorker-42,  processing 28 (25409.0 per sec) reads @ chr16:80000000-85000000
ForkPoolWorker-42 countReadsInRegions_worker: processing 5000000 (5975253.4 per sec) @ chr16:80000000-85000000
ForkPoolWorker-42,  processing 0 (0.0 per sec) reads @ chrUn_GL000219v1:0-179198
ForkPoolWorker-42 countReadsInRegions_worker: processing 179198 (8968782.6 per sec) @ chrUn_GL000219v1:0-179198
ForkPoolWorker-42,  processing 27 (39610.4 per sec) reads @ chrX:40000000-45000000
ForkPoolWorker-42 countReadsInRegions_worker: processing 5000000 (12327160.4 per sec) @ chrX:40000000-45000000
ForkPoolWorker-42,  processing 0 (0.0 per sec) reads @ chrUn_KI270305v1:0-1472
ForkPoolWorker-42 countReadsInRegions_worker: processing 1472 (359079.6 per sec) @ chrUn_KI270305v1:0-1472
ForkPoolWorker-42,  processing 0 (0.0 per sec) reads @ chrUn_KI270752v1:0-27745
ForkPoolWorker-42 countReadsInRegions_worker: processing 27745 (5271617.9 per sec) @ chrUn_KI270752v1:0-27745
ForkPoolWorker-42,  processing 13 (24539.1 per sec) reads @ chr12:15000000-20000000
ForkPoolWorker-42 countReadsInRegions_worker: processing 5000000 (12167623.7 per sec) @ chr12:15000000-20000000
ForkPoolWorker-42,  processing 20 (29736.3 per sec) reads @ chr4:65000000-70000000
ForkPoolWorker-42 countReadsInRegions_worker: processing 5000000 (12138670.6 per sec) @ chr4:65000000-70000000
ForkPoolWorker-42,  processing 0 (0.0 per sec) reads @ chrUn_KI270383v1:0-1750
ForkPoolWorker-42 countReadsInRegions_worker: processing 1750 (412430.9 per sec) @ chrUn_KI270383v1:0-1750
ForkPoolWorker-42,  processing 0 (0.0 per sec) reads @ chrUn_KI270411v1:0-2646
ForkPoolWorker-42 countReadsInRegions_worker: processing 2646 (672369.3 per sec) @ chrUn_KI270411v1:0-2646
ForkPoolWorker-42,  processing 56 (62551.5 per sec) reads @ chr1:15000000-20000000
ForkPoolWorker-42 countReadsInRegions_worker: processing 5000000 (12183217.2 per sec) @ chr1:15000000-20000000
ForkPoolWorker-42,  processing 0 (0.0 per sec) reads @ chr3_GL000221v1_random:0-155397
ForkPoolWorker-42 countReadsInRegions_worker: processing 155397 (9993135.2 per sec) @ chr3_GL000221v1_random:0-155397
ForkPoolWorker-42,  processing 23 (38403.3 per sec) reads @ chrX:65000000-70000000
ForkPoolWorker-42 countReadsInRegions_worker: processing 5000000 (12206220.7 per sec) @ chrX:65000000-70000000
ForkPoolWorker-42,  processing 1 (3035.0 per sec) reads @ chrY:5000000-10000000
ForkPoolWorker-42 countReadsInRegions_worker: processing 5000000 (12253169.4 per sec) @ chrY:5000000-10000000
ForkPoolWorker-42,  processing 29 (37117.7 per sec) reads @ chr17:30000000-35000000
ForkPoolWorker-42 countReadsInRegions_worker: processing 5000000 (12176468.8 per sec) @ chr17:30000000-35000000
ForkPoolWorker-42,  processing 9 (17907.4 per sec) reads @ chr1:80000000-85000000
ForkPoolWorker-42 countReadsInRegions_worker: processing 5000000 (12132547.0 per sec) @ chr1:80000000-85000000
ForkPoolWorker-42,  processing 84 (78942.8 per sec) reads @ chr17:35000000-40000000
ForkPoolWorker-42 countReadsInRegions_worker: processing 5000000 (12260153.6 per sec) @ chr17:35000000-40000000
ForkPoolWorker-42,  processing 58 (62376.8 per sec) reads @ chr10:70000000-75000000
ForkPoolWorker-42 countReadsInRegions_worker: processing 5000000 (12126394.5 per sec) @ chr10:70000000-75000000
ForkPoolWorker-42,  processing 46 (60501.1 per sec) reads @ chr12:110000000-115000000
ForkPoolWorker-42 countReadsInRegions_worker: processing 5000000 (12093123.6 per sec) @ chr12:110000000-115000000
ForkPoolWorker-42,  processing 19 (33882.6 per sec) reads @ chr12:85000000-90000000
ForkPoolWorker-42 countReadsInRegions_worker: processing 5000000 (12297869.5 per sec) @ chr12:85000000-90000000
ForkPoolWorker-42,  processing 10 (20733.1 per sec) reads @ chr4:70000000-75000000
ForkPoolWorker-42 countReadsInRegions_worker: processing 5000000 (12303020.7 per sec) @ chr4:70000000-75000000
ForkPoolWorker-40,  processing 25 (23369.2 per sec) reads @ chr18:70000000-75000000
ForkPoolWorker-40 countReadsInRegions_worker: processing 5000000 (10264669.3 per sec) @ chr18:70000000-75000000
ForkPoolWorker-40,  processing 0 (0.0 per sec) reads @ chrUn_KI270754v1:0-40191
ForkPoolWorker-40 countReadsInRegions_worker: processing 40191 (5879779.3 per sec) @ chrUn_KI270754v1:0-40191
ForkPoolWorker-40,  processing 8 (13091.9 per sec) reads @ chr10:55000000-60000000
ForkPoolWorker-40 countReadsInRegions_worker: processing 5000000 (11318581.2 per sec) @ chr10:55000000-60000000
ForkPoolWorker-40,  processing 1 (3518.7 per sec) reads @ chrUn_KI270467v1:0-3920
ForkPoolWorker-40 countReadsInRegions_worker: processing 3920 (964320.9 per sec) @ chrUn_KI270467v1:0-3920
ForkPoolWorker-40,  processing 27 (36816.1 per sec) reads @ chr21:30000000-35000000
ForkPoolWorker-40 countReadsInRegions_worker: processing 5000000 (11517440.5 per sec) @ chr21:30000000-35000000
ForkPoolWorker-40,  processing 0 (0.0 per sec) reads @ chr14_KI270725v1_random:0-172810
ForkPoolWorker-40 countReadsInRegions_worker: processing 172810 (9454719.1 per sec) @ chr14_KI270725v1_random:0-172810
ForkPoolWorker-40,  processing 8 (17394.7 per sec) reads @ chr7:80000000-85000000
ForkPoolWorker-40 countReadsInRegions_worker: processing 5000000 (11737315.9 per sec) @ chr7:80000000-85000000
ForkPoolWorker-40,  processing 0 (0.0 per sec) reads @ chrUn_KI270745v1:0-41891
ForkPoolWorker-40 countReadsInRegions_worker: processing 41891 (6337141.6 per sec) @ chrUn_KI270745v1:0-41891
ForkPoolWorker-40,  processing 39 (49825.7 per sec) reads @ chr1:220000000-225000000
ForkPoolWorker-40 countReadsInRegions_worker: processing 5000000 (11532755.4 per sec) @ chr1:220000000-225000000
ForkPoolWorker-40,  processing 49 (59193.8 per sec) reads @ chr6:155000000-160000000
ForkPoolWorker-40 countReadsInRegions_worker: processing 5000000 (11626074.4 per sec) @ chr6:155000000-160000000
ForkPoolWorker-40,  processing 42 (57719.8 per sec) reads @ chr15:90000000-95000000
ForkPoolWorker-40 countReadsInRegions_worker: processing 5000000 (11542835.6 per sec) @ chr15:90000000-95000000
ForkPoolWorker-40,  processing 28 (44501.9 per sec) reads @ chr2:215000000-220000000
ForkPoolWorker-40 countReadsInRegions_worker: processing 5000000 (11540567.9 per sec) @ chr2:215000000-220000000
ForkPoolWorker-40,  processing 26 (41702.4 per sec) reads @ chr10:40000000-45000000
ForkPoolWorker-40 countReadsInRegions_worker: processing 5000000 (11560970.7 per sec) @ chr10:40000000-45000000
ForkPoolWorker-40,  processing 0 (0.0 per sec) reads @ chrUn_KI270317v1:0-37690
ForkPoolWorker-40 countReadsInRegions_worker: processing 37690 (6337528.8 per sec) @ chrUn_KI270317v1:0-37690
ForkPoolWorker-40,  processing 4 (8981.4 per sec) reads @ chrX:60000000-65000000
ForkPoolWorker-40 countReadsInRegions_worker: processing 5000000 (11711255.0 per sec) @ chrX:60000000-65000000
ForkPoolWorker-40,  processing 24 (38836.1 per sec) reads @ chr12:100000000-105000000
ForkPoolWorker-40 countReadsInRegions_worker: processing 5000000 (11720391.9 per sec) @ chr12:100000000-105000000
ForkPoolWorker-40,  processing 0 (0.0 per sec) reads @ chrY:40000000-45000000
ForkPoolWorker-40 countReadsInRegions_worker: processing 5000000 (11758704.4 per sec) @ chrY:40000000-45000000
ForkPoolWorker-40,  processing 0 (0.0 per sec) reads @ chrUn_KI270423v1:0-981
ForkPoolWorker-40 countReadsInRegions_worker: processing 981 (243410.6 per sec) @ chrUn_KI270423v1:0-981
ForkPoolWorker-40,  processing 0 (0.0 per sec) reads @ chr2_KI270716v1_random:0-153799
ForkPoolWorker-40 countReadsInRegions_worker: processing 153799 (10166901.9 per sec) @ chr2_KI270716v1_random:0-153799
ForkPoolWorker-40,  processing 16 (28876.4 per sec) reads @ chr6:15000000-20000000
ForkPoolWorker-40 countReadsInRegions_worker: processing 5000000 (12143844.0 per sec) @ chr6:15000000-20000000
ForkPoolWorker-8,  processing 81 (18386.1 per sec) reads @ chr9:35000000-40000000
ForkPoolWorker-8 countReadsInRegions_worker: processing 5000000 (9544183.4 per sec) @ chr9:35000000-40000000
ForkPoolWorker-8,  processing 60 (78988.8 per sec) reads @ chr13:50000000-55000000
ForkPoolWorker-8 countReadsInRegions_worker: processing 5000000 (11164321.9 per sec) @ chr13:50000000-55000000
ForkPoolWorker-8,  processing 0 (0.0 per sec) reads @ chrUn_KI270519v1:0-138126
ForkPoolWorker-8 countReadsInRegions_worker: processing 138126 (9116755.1 per sec) @ chrUn_KI270519v1:0-138126
ForkPoolWorker-8,  processing 0 (0.0 per sec) reads @ chrUn_KI270435v1:0-92983
ForkPoolWorker-8 countReadsInRegions_worker: processing 92983 (8904696.0 per sec) @ chrUn_KI270435v1:0-92983
ForkPoolWorker-8,  processing 28 (45678.9 per sec) reads @ chr21:40000000-45000000
ForkPoolWorker-8 countReadsInRegions_worker: processing 5000000 (11897330.7 per sec) @ chr21:40000000-45000000
ForkPoolWorker-8,  processing 12 (24256.2 per sec) reads @ chr10:35000000-40000000
ForkPoolWorker-8 countReadsInRegions_worker: processing 5000000 (11959697.0 per sec) @ chr10:35000000-40000000
ForkPoolWorker-8,  processing 12 (24745.2 per sec) reads @ chr3:150000000-155000000
ForkPoolWorker-8 countReadsInRegions_worker: processing 5000000 (11890719.9 per sec) @ chr3:150000000-155000000
ForkPoolWorker-8,  processing 0 (0.0 per sec) reads @ chrY:35000000-40000000
ForkPoolWorker-8 countReadsInRegions_worker: processing 5000000 (11595476.0 per sec) @ chrY:35000000-40000000
ForkPoolWorker-8,  processing 26 (37105.1 per sec) reads @ chr9:15000000-20000000
ForkPoolWorker-8 countReadsInRegions_worker: processing 5000000 (11700637.2 per sec) @ chr9:15000000-20000000
ForkPoolWorker-8,  processing 19 (36010.7 per sec) reads @ chr5:95000000-100000000
ForkPoolWorker-8 countReadsInRegions_worker: processing 5000000 (11558950.8 per sec) @ chr5:95000000-100000000
ForkPoolWorker-8,  processing 12 (21536.9 per sec) reads @ chr1:60000000-65000000
ForkPoolWorker-8 countReadsInRegions_worker: processing 5000000 (11742659.0 per sec) @ chr1:60000000-65000000
ForkPoolWorker-8,  processing 0 (0.0 per sec) reads @ chr22_KI270732v1_random:0-41543
ForkPoolWorker-8 countReadsInRegions_worker: processing 41543 (6463055.3 per sec) @ chr22_KI270732v1_random:0-41543
ForkPoolWorker-8,  processing 0 (0.0 per sec) reads @ chrUn_KI270516v1:0-1300
ForkPoolWorker-8 countReadsInRegions_worker: processing 1300 (341043.0 per sec) @ chrUn_KI270516v1:0-1300
ForkPoolWorker-8,  processing 56 (70534.8 per sec) reads @ chr16:55000000-60000000
ForkPoolWorker-8 countReadsInRegions_worker: processing 5000000 (11802845.4 per sec) @ chr16:55000000-60000000
ForkPoolWorker-8,  processing 16 (31715.0 per sec) reads @ chrX:5000000-10000000
ForkPoolWorker-8 countReadsInRegions_worker: processing 5000000 (11932721.9 per sec) @ chrX:5000000-10000000
ForkPoolWorker-8,  processing 27 (43945.0 per sec) reads @ chr8:60000000-65000000
ForkPoolWorker-8 countReadsInRegions_worker: processing 5000000 (11852803.0 per sec) @ chr8:60000000-65000000
ForkPoolWorker-8,  processing 48 (70492.5 per sec) reads @ chr2:35000000-40000000
ForkPoolWorker-8 countReadsInRegions_worker: processing 5000000 (12124950.2 per sec) @ chr2:35000000-40000000
ForkPoolWorker-8,  processing 12 (20435.1 per sec) reads @ chr1:65000000-70000000
ForkPoolWorker-8 countReadsInRegions_worker: processing 5000000 (11948106.7 per sec) @ chr1:65000000-70000000
ForkPoolWorker-8,  processing 2 (5440.1 per sec) reads @ chr12:80000000-85000000
ForkPoolWorker-8 countReadsInRegions_worker: processing 5000000 (12249698.2 per sec) @ chr12:80000000-85000000
ForkPoolWorker-8,  processing 28 (51576.9 per sec) reads @ chr8:80000000-85000000
ForkPoolWorker-8 countReadsInRegions_worker: processing 5000000 (12241782.5 per sec) @ chr8:80000000-85000000
ForkPoolWorker-7,  processing 52 (13800.5 per sec) reads @ chr1:5000000-10000000
ForkPoolWorker-7 countReadsInRegions_worker: processing 5000000 (9627311.9 per sec) @ chr1:5000000-10000000
ForkPoolWorker-7,  processing 44 (65304.1 per sec) reads @ chr17:25000000-30000000
ForkPoolWorker-7 countReadsInRegions_worker: processing 5000000 (11021979.3 per sec) @ chr17:25000000-30000000
ForkPoolWorker-7,  processing 51 (71042.7 per sec) reads @ chr8:75000000-80000000
ForkPoolWorker-7 countReadsInRegions_worker: processing 5000000 (11321239.1 per sec) @ chr8:75000000-80000000
ForkPoolWorker-7,  processing 26 (42235.4 per sec) reads @ chr6:150000000-155000000
ForkPoolWorker-7 countReadsInRegions_worker: processing 5000000 (11403955.2 per sec) @ chr6:150000000-155000000
ForkPoolWorker-7,  processing 0 (0.0 per sec) reads @ chrUn_KI270528v1:0-2983
ForkPoolWorker-7 countReadsInRegions_worker: processing 2983 (745093.4 per sec) @ chrUn_KI270528v1:0-2983
ForkPoolWorker-7,  processing 0 (0.0 per sec) reads @ chrUn_KI270330v1:0-1652
ForkPoolWorker-7 countReadsInRegions_worker: processing 1652 (418720.7 per sec) @ chrUn_KI270330v1:0-1652
ForkPoolWorker-7,  processing 0 (0.0 per sec) reads @ chrUn_KI270335v1:0-1048
ForkPoolWorker-7 countReadsInRegions_worker: processing 1048 (294061.5 per sec) @ chrUn_KI270335v1:0-1048
ForkPoolWorker-7,  processing 33 (54343.2 per sec) reads @ chr5:135000000-140000000
ForkPoolWorker-7 countReadsInRegions_worker: processing 5000000 (11583704.0 per sec) @ chr5:135000000-140000000
ForkPoolWorker-7,  processing 19 (31227.2 per sec) reads @ chr18:75000000-80000000
ForkPoolWorker-7 countReadsInRegions_worker: processing 5000000 (11437522.0 per sec) @ chr18:75000000-80000000
ForkPoolWorker-7,  processing 23 (37132.0 per sec) reads @ chr22:15000000-20000000
ForkPoolWorker-7 countReadsInRegions_worker: processing 5000000 (11639625.1 per sec) @ chr22:15000000-20000000
ForkPoolWorker-7,  processing 0 (0.0 per sec) reads @ chrUn_KI270386v1:0-1788
ForkPoolWorker-7 countReadsInRegions_worker: processing 1788 (512920.8 per sec) @ chrUn_KI270386v1:0-1788
ForkPoolWorker-7,  processing 20 (33487.5 per sec) reads @ chr6:135000000-140000000
ForkPoolWorker-7 countReadsInRegions_worker: processing 5000000 (11618622.1 per sec) @ chr6:135000000-140000000
ForkPoolWorker-7,  processing 0 (0.0 per sec) reads @ chr22_KI270739v1_random:0-73985
ForkPoolWorker-7 countReadsInRegions_worker: processing 73985 (7463635.7 per sec) @ chr22_KI270739v1_random:0-73985
ForkPoolWorker-7,  processing 16 (29852.7 per sec) reads @ chr7:40000000-45000000
ForkPoolWorker-7 countReadsInRegions_worker: processing 5000000 (11884291.5 per sec) @ chr7:40000000-45000000
ForkPoolWorker-7,  processing 53 (68420.5 per sec) reads @ chr16:30000000-35000000
ForkPoolWorker-7 countReadsInRegions_worker: processing 5000000 (11857299.8 per sec) @ chr16:30000000-35000000
ForkPoolWorker-7,  processing 0 (0.0 per sec) reads @ chrUn_KI270466v1:0-1233
ForkPoolWorker-7 countReadsInRegions_worker: processing 1233 (314879.3 per sec) @ chrUn_KI270466v1:0-1233
ForkPoolWorker-7,  processing 201 (118639.9 per sec) reads @ chr1:25000000-30000000
ForkPoolWorker-7 countReadsInRegions_worker: processing 5000000 (11927299.4 per sec) @ chr1:25000000-30000000
ForkPoolWorker-7,  processing 40 (57182.1 per sec) reads @ chr1:110000000-115000000
ForkPoolWorker-7 countReadsInRegions_worker: processing 5000000 (11928934.4 per sec) @ chr1:110000000-115000000
ForkPoolWorker-7,  processing 3 (7672.5 per sec) reads @ chr13:15000000-20000000
ForkPoolWorker-7 countReadsInRegions_worker: processing 5000000 (12153295.4 per sec) @ chr13:15000000-20000000
ForkPoolWorker-7,  processing 2070 (189957.8 per sec) reads @ chr17:75000000-80000000
ForkPoolWorker-7 countReadsInRegions_worker: processing 5000000 (11896379.1 per sec) @ chr17:75000000-80000000
ForkPoolWorker-28,  processing 0 (0.0 per sec) reads @ chrUn_KI270417v1:0-2043
ForkPoolWorker-28 countReadsInRegions_worker: processing 2043 (130608.5 per sec) @ chrUn_KI270417v1:0-2043
ForkPoolWorker-28,  processing 15 (16115.4 per sec) reads @ chr2:15000000-20000000
ForkPoolWorker-28 countReadsInRegions_worker: processing 5000000 (8632482.5 per sec) @ chr2:15000000-20000000
ForkPoolWorker-28,  processing 0 (0.0 per sec) reads @ chrUn_KI270515v1:0-6361
ForkPoolWorker-28 countReadsInRegions_worker: processing 6361 (916176.2 per sec) @ chrUn_KI270515v1:0-6361
ForkPoolWorker-28,  processing 44 (46102.8 per sec) reads @ chr2:110000000-115000000
ForkPoolWorker-28 countReadsInRegions_worker: processing 5000000 (12032861.0 per sec) @ chr2:110000000-115000000
ForkPoolWorker-28,  processing 17 (29439.8 per sec) reads @ chr15:45000000-50000000
ForkPoolWorker-28 countReadsInRegions_worker: processing 5000000 (11824160.4 per sec) @ chr15:45000000-50000000
ForkPoolWorker-28,  processing 0 (0.0 per sec) reads @ chrUn_KI270749v1:0-158759
ForkPoolWorker-28 countReadsInRegions_worker: processing 158759 (8610377.0 per sec) @ chrUn_KI270749v1:0-158759
ForkPoolWorker-28,  processing 19 (36157.8 per sec) reads @ chr8:30000000-35000000
ForkPoolWorker-28 countReadsInRegions_worker: processing 5000000 (11805084.4 per sec) @ chr8:30000000-35000000
ForkPoolWorker-28,  processing 11 (23455.7 per sec) reads @ chr2:190000000-195000000
ForkPoolWorker-28 countReadsInRegions_worker: processing 5000000 (11937673.6 per sec) @ chr2:190000000-195000000
ForkPoolWorker-28,  processing 15 (26726.7 per sec) reads @ chr6:110000000-115000000
ForkPoolWorker-28 countReadsInRegions_worker: processing 5000000 (12019647.3 per sec) @ chr6:110000000-115000000
ForkPoolWorker-28,  processing 12 (23410.1 per sec) reads @ chr4:100000000-105000000
ForkPoolWorker-28 countReadsInRegions_worker: processing 5000000 (11995742.0 per sec) @ chr4:100000000-105000000
ForkPoolWorker-28,  processing 5 (11949.6 per sec) reads @ chr4:175000000-180000000
ForkPoolWorker-28 countReadsInRegions_worker: processing 5000000 (11997697.9 per sec) @ chr4:175000000-180000000
ForkPoolWorker-28,  processing 23 (41332.0 per sec) reads @ chr8:125000000-130000000
ForkPoolWorker-28 countReadsInRegions_worker: processing 5000000 (11878791.9 per sec) @ chr8:125000000-130000000
ForkPoolWorker-28,  processing 110 (94100.2 per sec) reads @ chr14:45000000-50000000
ForkPoolWorker-28 countReadsInRegions_worker: processing 5000000 (12001247.5 per sec) @ chr14:45000000-50000000
ForkPoolWorker-28,  processing 0 (0.0 per sec) reads @ chrUn_KI270385v1:0-990
ForkPoolWorker-28 countReadsInRegions_worker: processing 990 (255955.2 per sec) @ chrUn_KI270385v1:0-990
ForkPoolWorker-28,  processing 0 (0.0 per sec) reads @ chrUn_GL000214v1:0-137718
ForkPoolWorker-28 countReadsInRegions_worker: processing 137718 (10135302.5 per sec) @ chrUn_GL000214v1:0-137718
ForkPoolWorker-28,  processing 66 (83180.3 per sec) reads @ chr8:70000000-75000000
ForkPoolWorker-28 countReadsInRegions_worker: processing 5000000 (11961654.8 per sec) @ chr8:70000000-75000000
ForkPoolWorker-28,  processing 105 (114005.2 per sec) reads @ chrX:35000000-40000000
ForkPoolWorker-28 countReadsInRegions_worker: processing 5000000 (11917505.2 per sec) @ chrX:35000000-40000000
ForkPoolWorker-28,  processing 16 (31373.9 per sec) reads @ chr12:20000000-25000000
ForkPoolWorker-28 countReadsInRegions_worker: processing 5000000 (12113681.3 per sec) @ chr12:20000000-25000000
ForkPoolWorker-28,  processing 22 (39551.9 per sec) reads @ chr3:170000000-175000000
ForkPoolWorker-28 countReadsInRegions_worker: processing 5000000 (11941385.0 per sec) @ chr3:170000000-175000000
ForkPoolWorker-28,  processing 38 (65725.2 per sec) reads @ chr2:55000000-60000000
ForkPoolWorker-28 countReadsInRegions_worker: processing 5000000 (11631955.4 per sec) @ chr2:55000000-60000000
ForkPoolWorker-35,  processing 0 (0.0 per sec) reads @ chrUn_KI270510v1:0-2415
ForkPoolWorker-35 countReadsInRegions_worker: processing 2415 (102653.6 per sec) @ chrUn_KI270510v1:0-2415
ForkPoolWorker-35,  processing 13 (14837.0 per sec) reads @ chr4:25000000-30000000
ForkPoolWorker-35 countReadsInRegions_worker: processing 5000000 (7164197.9 per sec) @ chr4:25000000-30000000
ForkPoolWorker-35,  processing 0 (0.0 per sec) reads @ chrUn_KI270333v1:0-2699
ForkPoolWorker-35 countReadsInRegions_worker: processing 2699 (597510.1 per sec) @ chrUn_KI270333v1:0-2699
ForkPoolWorker-35,  processing 43 (52828.1 per sec) reads @ chr11:70000000-75000000
ForkPoolWorker-35 countReadsInRegions_worker: processing 5000000 (12129354.2 per sec) @ chr11:70000000-75000000
ForkPoolWorker-35,  processing 11 (21222.3 per sec) reads @ chrX:125000000-130000000
ForkPoolWorker-35 countReadsInRegions_worker: processing 5000000 (12020784.1 per sec) @ chrX:125000000-130000000
ForkPoolWorker-35,  processing 20 (26395.9 per sec) reads @ chr3:0-5000000
ForkPoolWorker-35 countReadsInRegions_worker: processing 5000000 (11916929.6 per sec) @ chr3:0-5000000
ForkPoolWorker-35,  processing 12 (22399.5 per sec) reads @ chr7:120000000-125000000
ForkPoolWorker-35 countReadsInRegions_worker: processing 5000000 (11767750.5 per sec) @ chr7:120000000-125000000
ForkPoolWorker-35,  processing 16 (29001.2 per sec) reads @ chr2:180000000-185000000
ForkPoolWorker-35 countReadsInRegions_worker: processing 5000000 (11881524.2 per sec) @ chr2:180000000-185000000
ForkPoolWorker-35,  processing 77 (68540.2 per sec) reads @ chr15:70000000-75000000
ForkPoolWorker-35 countReadsInRegions_worker: processing 5000000 (11738275.0 per sec) @ chr15:70000000-75000000
ForkPoolWorker-35,  processing 5 (12235.4 per sec) reads @ chr7:60000000-65000000
ForkPoolWorker-35 countReadsInRegions_worker: processing 5000000 (11829182.5 per sec) @ chr7:60000000-65000000
ForkPoolWorker-35,  processing 0 (0.0 per sec) reads @ chrUn_GL000213v1:0-164239
ForkPoolWorker-35 countReadsInRegions_worker: processing 164239 (8947271.1 per sec) @ chrUn_GL000213v1:0-164239
ForkPoolWorker-35,  processing 304 (139427.9 per sec) reads @ chr8:100000000-105000000
ForkPoolWorker-35 countReadsInRegions_worker: processing 5000000 (11779324.2 per sec) @ chr8:100000000-105000000
ForkPoolWorker-35,  processing 28 (42320.9 per sec) reads @ chr6:80000000-85000000
ForkPoolWorker-35 countReadsInRegions_worker: processing 5000000 (11834723.2 per sec) @ chr6:80000000-85000000
ForkPoolWorker-35,  processing 0 (0.0 per sec) reads @ chr17_KI270730v1_random:0-112551
ForkPoolWorker-35 countReadsInRegions_worker: processing 112551 (9144981.9 per sec) @ chr17_KI270730v1_random:0-112551
ForkPoolWorker-35,  processing 25 (33705.4 per sec) reads @ chr12:105000000-110000000
ForkPoolWorker-35 countReadsInRegions_worker: processing 5000000 (11856233.9 per sec) @ chr12:105000000-110000000
ForkPoolWorker-35,  processing 57 (65988.2 per sec) reads @ chr2:40000000-45000000
ForkPoolWorker-35 countReadsInRegions_worker: processing 5000000 (11647473.1 per sec) @ chr2:40000000-45000000
ForkPoolWorker-35,  processing 0 (0.0 per sec) reads @ chrUn_KI270583v1:0-1400
ForkPoolWorker-35 countReadsInRegions_worker: processing 1400 (345007.4 per sec) @ chrUn_KI270583v1:0-1400
ForkPoolWorker-35,  processing 0 (0.0 per sec) reads @ chrUn_KI270376v1:0-1136
ForkPoolWorker-35 countReadsInRegions_worker: processing 1136 (311583.1 per sec) @ chrUn_KI270376v1:0-1136
ForkPoolWorker-35,  processing 42 (57909.5 per sec) reads @ chr1:225000000-230000000
ForkPoolWorker-35 countReadsInRegions_worker: processing 5000000 (12137595.7 per sec) @ chr1:225000000-230000000
ForkPoolWorker-35,  processing 20 (37415.7 per sec) reads @ chr4:120000000-125000000
ForkPoolWorker-35 countReadsInRegions_worker: processing 5000000 (12173931.2 per sec) @ chr4:120000000-125000000
ForkPoolWorker-23,  processing 68 (16215.4 per sec) reads @ chr1:235000000-240000000
ForkPoolWorker-23 countReadsInRegions_worker: processing 5000000 (10201014.0 per sec) @ chr1:235000000-240000000
ForkPoolWorker-23,  processing 0 (0.0 per sec) reads @ chrUn_KI270375v1:0-2378
ForkPoolWorker-23 countReadsInRegions_worker: processing 2378 (526141.0 per sec) @ chrUn_KI270375v1:0-2378
ForkPoolWorker-23,  processing 63 (78386.6 per sec) reads @ chr14:35000000-40000000
ForkPoolWorker-23 countReadsInRegions_worker: processing 5000000 (11715664.6 per sec) @ chr14:35000000-40000000
ForkPoolWorker-23,  processing 0 (0.0 per sec) reads @ chrUn_KI270425v1:0-1884
ForkPoolWorker-23 countReadsInRegions_worker: processing 1884 (372528.2 per sec) @ chrUn_KI270425v1:0-1884
ForkPoolWorker-23,  processing 16 (27616.8 per sec) reads @ chr15:100000000-101991189
ForkPoolWorker-23 countReadsInRegions_worker: processing 1991189 (11896635.1 per sec) @ chr15:100000000-101991189
ForkPoolWorker-23,  processing 0 (0.0 per sec) reads @ chrUn_KI270529v1:0-1899
ForkPoolWorker-23 countReadsInRegions_worker: processing 1899 (481821.0 per sec) @ chrUn_KI270529v1:0-1899
ForkPoolWorker-23,  processing 0 (0.0 per sec) reads @ chrUn_KI270753v1:0-62944
ForkPoolWorker-23 countReadsInRegions_worker: processing 62944 (7405713.2 per sec) @ chrUn_KI270753v1:0-62944
ForkPoolWorker-23,  processing 34 (49361.8 per sec) reads @ chr5:40000000-45000000
ForkPoolWorker-23 countReadsInRegions_worker: processing 5000000 (12263795.8 per sec) @ chr5:40000000-45000000
ForkPoolWorker-23,  processing 92 (80761.0 per sec) reads @ chr1:10000000-15000000
ForkPoolWorker-23 countReadsInRegions_worker: processing 5000000 (11971186.8 per sec) @ chr1:10000000-15000000
ForkPoolWorker-23,  processing 71 (72846.3 per sec) reads @ chr17:0-5000000
ForkPoolWorker-23 countReadsInRegions_worker: processing 5000000 (12050540.8 per sec) @ chr17:0-5000000
ForkPoolWorker-23,  processing 10 (21834.0 per sec) reads @ chr5:20000000-25000000
ForkPoolWorker-23 countReadsInRegions_worker: processing 5000000 (12101113.4 per sec) @ chr5:20000000-25000000
ForkPoolWorker-23,  processing 0 (0.0 per sec) reads @ chrUn_KI270394v1:0-970
ForkPoolWorker-23 countReadsInRegions_worker: processing 970 (245918.5 per sec) @ chrUn_KI270394v1:0-970
ForkPoolWorker-23,  processing 0 (0.0 per sec) reads @ chr1_KI270709v1_random:0-66860
ForkPoolWorker-23 countReadsInRegions_worker: processing 66860 (8374579.4 per sec) @ chr1_KI270709v1_random:0-66860
ForkPoolWorker-23,  processing 79 (81014.7 per sec) reads @ chr19:10000000-15000000
ForkPoolWorker-23 countReadsInRegions_worker: processing 5000000 (11848336.5 per sec) @ chr19:10000000-15000000
ForkPoolWorker-23,  processing 0 (0.0 per sec) reads @ chrUn_KI270579v1:0-31033
ForkPoolWorker-23 countReadsInRegions_worker: processing 31033 (4191332.7 per sec) @ chrUn_KI270579v1:0-31033
ForkPoolWorker-23,  processing 26 (41433.1 per sec) reads @ chr10:0-5000000
ForkPoolWorker-23 countReadsInRegions_worker: processing 5000000 (12065766.0 per sec) @ chr10:0-5000000
ForkPoolWorker-23,  processing 0 (0.0 per sec) reads @ chr4:190000000-190214555
ForkPoolWorker-23 countReadsInRegions_worker: processing 214555 (9983790.2 per sec) @ chr4:190000000-190214555
ForkPoolWorker-23,  processing 0 (0.0 per sec) reads @ chr13:10000000-15000000
ForkPoolWorker-23 countReadsInRegions_worker: processing 5000000 (12120997.7 per sec) @ chr13:10000000-15000000
ForkPoolWorker-23,  processing 36 (61230.7 per sec) reads @ chr6:90000000-95000000
ForkPoolWorker-23 countReadsInRegions_worker: processing 5000000 (12109533.4 per sec) @ chr6:90000000-95000000
ForkPoolWorker-23,  processing 0 (0.0 per sec) reads @ chr8:145000000-145138636
ForkPoolWorker-23 countReadsInRegions_worker: processing 138636 (9918492.3 per sec) @ chr8:145000000-145138636
ForkPoolWorker-23,  processing 22 (37848.5 per sec) reads @ chr5:5000000-10000000
ForkPoolWorker-23 countReadsInRegions_worker: processing 5000000 (11886743.5 per sec) @ chr5:5000000-10000000
ForkPoolWorker-23,  processing 25 (40485.6 per sec) reads @ chr17:70000000-75000000
ForkPoolWorker-23 countReadsInRegions_worker: processing 5000000 (12178880.1 per sec) @ chr17:70000000-75000000
ForkPoolWorker-23,  processing 40 (52593.2 per sec) reads @ chr3:125000000-130000000
ForkPoolWorker-23 countReadsInRegions_worker: processing 5000000 (12062087.9 per sec) @ chr3:125000000-130000000
ForkPoolWorker-23,  processing 7 (15742.7 per sec) reads @ chr18:40000000-45000000
ForkPoolWorker-23 countReadsInRegions_worker: processing 5000000 (12192460.6 per sec) @ chr18:40000000-45000000
ForkPoolWorker-23,  processing 43 (61977.7 per sec) reads @ chr1:115000000-120000000
ForkPoolWorker-23 countReadsInRegions_worker: processing 5000000 (12081336.0 per sec) @ chr1:115000000-120000000
ForkPoolWorker-2,  processing 0 (0.0 per sec) reads @ chrUn_KI270590v1:0-4685
ForkPoolWorker-2 countReadsInRegions_worker: processing 4685 (397666.9 per sec) @ chrUn_KI270590v1:0-4685
ForkPoolWorker-2,  processing 0 (0.0 per sec) reads @ chrUn_KI270507v1:0-5353
ForkPoolWorker-2 countReadsInRegions_worker: processing 5353 (612792.6 per sec) @ chrUn_KI270507v1:0-5353
ForkPoolWorker-2,  processing 1 (1445.3 per sec) reads @ chrY:0-5000000
ForkPoolWorker-2 countReadsInRegions_worker: processing 5000000 (8582493.4 per sec) @ chrY:0-5000000
ForkPoolWorker-2,  processing 16 (24113.9 per sec) reads @ chr5:110000000-115000000
ForkPoolWorker-2 countReadsInRegions_worker: processing 5000000 (12046311.5 per sec) @ chr5:110000000-115000000
ForkPoolWorker-2,  processing 19 (35656.3 per sec) reads @ chr13:80000000-85000000
ForkPoolWorker-2 countReadsInRegions_worker: processing 5000000 (11920065.8 per sec) @ chr13:80000000-85000000
ForkPoolWorker-2,  processing 39 (44939.0 per sec) reads @ chr12:50000000-55000000
ForkPoolWorker-2 countReadsInRegions_worker: processing 5000000 (11887868.7 per sec) @ chr12:50000000-55000000
ForkPoolWorker-2,  processing 20 (34521.0 per sec) reads @ chr21:15000000-20000000
ForkPoolWorker-2 countReadsInRegions_worker: processing 5000000 (11914140.3 per sec) @ chr21:15000000-20000000
ForkPoolWorker-2,  processing 0 (0.0 per sec) reads @ chrUn_KI270310v1:0-1201
ForkPoolWorker-2 countReadsInRegions_worker: processing 1201 (300092.9 per sec) @ chrUn_KI270310v1:0-1201
ForkPoolWorker-2,  processing 0 (0.0 per sec) reads @ chrUn_KI270587v1:0-2969
ForkPoolWorker-2 countReadsInRegions_worker: processing 2969 (779718.8 per sec) @ chrUn_KI270587v1:0-2969
ForkPoolWorker-2,  processing 22 (43856.8 per sec) reads @ chr4:125000000-130000000
ForkPoolWorker-2 countReadsInRegions_worker: processing 5000000 (11632220.0 per sec) @ chr4:125000000-130000000
ForkPoolWorker-2,  processing 82 (76976.9 per sec) reads @ chr14:20000000-25000000
ForkPoolWorker-2 countReadsInRegions_worker: processing 5000000 (11642319.7 per sec) @ chr14:20000000-25000000
ForkPoolWorker-2,  processing 24 (40346.0 per sec) reads @ chr10:110000000-115000000
ForkPoolWorker-2 countReadsInRegions_worker: processing 5000000 (11736849.5 per sec) @ chr10:110000000-115000000
ForkPoolWorker-2,  processing 0 (0.0 per sec) reads @ chrUn_KI270508v1:0-1951
ForkPoolWorker-2 countReadsInRegions_worker: processing 1951 (494865.0 per sec) @ chrUn_KI270508v1:0-1951
ForkPoolWorker-2,  processing 38 (53110.1 per sec) reads @ chr8:5000000-10000000
ForkPoolWorker-2 countReadsInRegions_worker: processing 5000000 (11684827.8 per sec) @ chr8:5000000-10000000
ForkPoolWorker-2,  processing 14 (27948.7 per sec) reads @ chr8:0-5000000
ForkPoolWorker-2 countReadsInRegions_worker: processing 5000000 (11703640.9 per sec) @ chr8:0-5000000
ForkPoolWorker-2,  processing 26 (7143.0 per sec) reads @ chr15:95000000-100000000
ForkPoolWorker-2 countReadsInRegions_worker: processing 5000000 (11365414.7 per sec) @ chr15:95000000-100000000
ForkPoolWorker-2,  processing 10 (21421.4 per sec) reads @ chr5:30000000-35000000
ForkPoolWorker-2 countReadsInRegions_worker: processing 5000000 (11762476.9 per sec) @ chr5:30000000-35000000
ForkPoolWorker-2,  processing 7 (14746.4 per sec) reads @ chr8:115000000-120000000
ForkPoolWorker-2 countReadsInRegions_worker: processing 5000000 (11910587.9 per sec) @ chr8:115000000-120000000
ForkPoolWorker-2,  processing 22 (34012.0 per sec) reads @ chr8:25000000-30000000
ForkPoolWorker-2 countReadsInRegions_worker: processing 5000000 (12086983.1 per sec) @ chr8:25000000-30000000
ForkPoolWorker-2,  processing 0 (0.0 per sec) reads @ chr1_KI270710v1_random:0-40176
ForkPoolWorker-2 countReadsInRegions_worker: processing 40176 (6152932.3 per sec) @ chr1_KI270710v1_random:0-40176
ForkPoolWorker-5,  processing 93 (9719.4 per sec) reads @ chr6:40000000-45000000
ForkPoolWorker-5 countReadsInRegions_worker: processing 5000000 (11099830.4 per sec) @ chr6:40000000-45000000
ForkPoolWorker-5,  processing 20 (30045.2 per sec) reads @ chr6:160000000-165000000
ForkPoolWorker-5 countReadsInRegions_worker: processing 5000000 (11934827.0 per sec) @ chr6:160000000-165000000
ForkPoolWorker-5,  processing 0 (0.0 per sec) reads @ chrUn_KI270517v1:0-3253
ForkPoolWorker-5 countReadsInRegions_worker: processing 3253 (808345.9 per sec) @ chrUn_KI270517v1:0-3253
ForkPoolWorker-5,  processing 10 (22250.9 per sec) reads @ chr7:50000000-55000000
ForkPoolWorker-5 countReadsInRegions_worker: processing 5000000 (11870078.2 per sec) @ chr7:50000000-55000000
ForkPoolWorker-5,  processing 373 (158091.7 per sec) reads @ chr8:130000000-135000000
ForkPoolWorker-5 countReadsInRegions_worker: processing 5000000 (11958551.3 per sec) @ chr8:130000000-135000000
ForkPoolWorker-5,  processing 45 (61660.8 per sec) reads @ chr11:10000000-15000000
ForkPoolWorker-5 countReadsInRegions_worker: processing 5000000 (11889958.1 per sec) @ chr11:10000000-15000000
ForkPoolWorker-5,  processing 0 (0.0 per sec) reads @ chr14:15000000-20000000
ForkPoolWorker-5 countReadsInRegions_worker: processing 5000000 (11986979.3 per sec) @ chr14:15000000-20000000
ForkPoolWorker-5,  processing 35 (47849.0 per sec) reads @ chr3:40000000-45000000
ForkPoolWorker-5 countReadsInRegions_worker: processing 5000000 (12024650.8 per sec) @ chr3:40000000-45000000
ForkPoolWorker-5,  processing 0 (0.0 per sec) reads @ chrUn_KI270509v1:0-2318
ForkPoolWorker-5 countReadsInRegions_worker: processing 2318 (621437.9 per sec) @ chrUn_KI270509v1:0-2318
ForkPoolWorker-5,  processing 23 (38618.5 per sec) reads @ chr8:45000000-50000000
ForkPoolWorker-5 countReadsInRegions_worker: processing 5000000 (12008243.1 per sec) @ chr8:45000000-50000000
ForkPoolWorker-5,  processing 15 (30585.6 per sec) reads @ chr3:190000000-195000000
ForkPoolWorker-5 countReadsInRegions_worker: processing 5000000 (12131648.6 per sec) @ chr3:190000000-195000000
ForkPoolWorker-5,  processing 0 (0.0 per sec) reads @ chrUn_KI270364v1:0-2855
ForkPoolWorker-5 countReadsInRegions_worker: processing 2855 (747626.8 per sec) @ chrUn_KI270364v1:0-2855
ForkPoolWorker-5,  processing 28 (50425.3 per sec) reads @ chr7:30000000-35000000
ForkPoolWorker-5 countReadsInRegions_worker: processing 5000000 (11984417.4 per sec) @ chr7:30000000-35000000
ForkPoolWorker-5,  processing 55 (75933.7 per sec) reads @ chr2:240000000-242193529
ForkPoolWorker-5 countReadsInRegions_worker: processing 2193529 (12003537.6 per sec) @ chr2:240000000-242193529
ForkPoolWorker-5,  processing 14 (26764.0 per sec) reads @ chr14:105000000-107043718
ForkPoolWorker-5 countReadsInRegions_worker: processing 2043718 (11823837.2 per sec) @ chr14:105000000-107043718
ForkPoolWorker-5,  processing 2 (5056.4 per sec) reads @ chr9:60000000-65000000
ForkPoolWorker-5 countReadsInRegions_worker: processing 5000000 (11954222.7 per sec) @ chr9:60000000-65000000
ForkPoolWorker-5,  processing 0 (0.0 per sec) reads @ chrUn_KI270304v1:0-2165
ForkPoolWorker-5 countReadsInRegions_worker: processing 2165 (519162.3 per sec) @ chrUn_KI270304v1:0-2165
ForkPoolWorker-5,  processing 8 (17753.7 per sec) reads @ chr7:15000000-20000000
ForkPoolWorker-5 countReadsInRegions_worker: processing 5000000 (12262598.2 per sec) @ chr7:15000000-20000000
ForkPoolWorker-5,  processing 9 (19548.8 per sec) reads @ chr18:60000000-65000000
ForkPoolWorker-5 countReadsInRegions_worker: processing 5000000 (12277099.3 per sec) @ chr18:60000000-65000000
ForkPoolWorker-5,  processing 17 (29909.0 per sec) reads @ chr2:30000000-35000000
ForkPoolWorker-5 countReadsInRegions_worker: processing 5000000 (12394845.0 per sec) @ chr2:30000000-35000000
ForkPoolWorker-3,  processing 2 (710.2 per sec) reads @ chrUn_GL000195v1:0-182896
ForkPoolWorker-3 countReadsInRegions_worker: processing 182896 (3232952.5 per sec) @ chrUn_GL000195v1:0-182896
ForkPoolWorker-3,  processing 0 (0.0 per sec) reads @ chr9_KI270718v1_random:0-38054
ForkPoolWorker-3 countReadsInRegions_worker: processing 38054 (5418775.9 per sec) @ chr9_KI270718v1_random:0-38054
ForkPoolWorker-3,  processing 27 (38220.1 per sec) reads @ chr16:65000000-70000000
ForkPoolWorker-3 countReadsInRegions_worker: processing 5000000 (11582091.9 per sec) @ chr16:65000000-70000000
ForkPoolWorker-3,  processing 101 (73853.7 per sec) reads @ chr7:0-5000000
ForkPoolWorker-3 countReadsInRegions_worker: processing 5000000 (11955463.0 per sec) @ chr7:0-5000000
ForkPoolWorker-3,  processing 15 (22712.8 per sec) reads @ chr15:75000000-80000000
ForkPoolWorker-3 countReadsInRegions_worker: processing 5000000 (11986479.2 per sec) @ chr15:75000000-80000000
ForkPoolWorker-3,  processing 27 (39665.9 per sec) reads @ chr12:0-5000000
ForkPoolWorker-3 countReadsInRegions_worker: processing 5000000 (12048983.0 per sec) @ chr12:0-5000000
ForkPoolWorker-3,  processing 13 (25290.3 per sec) reads @ chr3:95000000-100000000
ForkPoolWorker-3 countReadsInRegions_worker: processing 5000000 (11810895.2 per sec) @ chr3:95000000-100000000
ForkPoolWorker-3,  processing 27 (43606.5 per sec) reads @ chrX:110000000-115000000
ForkPoolWorker-3 countReadsInRegions_worker: processing 5000000 (11925081.6 per sec) @ chrX:110000000-115000000
ForkPoolWorker-3,  processing 25 (43491.3 per sec) reads @ chr13:30000000-35000000
ForkPoolWorker-3 countReadsInRegions_worker: processing 5000000 (11957262.6 per sec) @ chr13:30000000-35000000
ForkPoolWorker-3,  processing 0 (0.0 per sec) reads @ chrUn_KI270438v1:0-112505
ForkPoolWorker-3 countReadsInRegions_worker: processing 112505 (8503417.9 per sec) @ chrUn_KI270438v1:0-112505
ForkPoolWorker-3,  processing 39 (54598.8 per sec) reads @ chr4:40000000-45000000
ForkPoolWorker-3 countReadsInRegions_worker: processing 5000000 (11847653.7 per sec) @ chr4:40000000-45000000
ForkPoolWorker-3,  processing 0 (0.0 per sec) reads @ chrUn_KI270373v1:0-1451
ForkPoolWorker-3 countReadsInRegions_worker: processing 1451 (374219.7 per sec) @ chrUn_KI270373v1:0-1451
ForkPoolWorker-3,  processing 0 (0.0 per sec) reads @ chr13:0-5000000
ForkPoolWorker-3 countReadsInRegions_worker: processing 5000000 (11701786.2 per sec) @ chr13:0-5000000
ForkPoolWorker-3,  processing 4 (9863.1 per sec) reads @ chr1:120000000-125000000
ForkPoolWorker-3 countReadsInRegions_worker: processing 5000000 (11752549.7 per sec) @ chr1:120000000-125000000
ForkPoolWorker-3,  processing 11 (21773.2 per sec) reads @ chr8:105000000-110000000
ForkPoolWorker-3 countReadsInRegions_worker: processing 5000000 (11715998.4 per sec) @ chr8:105000000-110000000
ForkPoolWorker-3,  processing 12 (23887.8 per sec) reads @ chr3:20000000-25000000
ForkPoolWorker-3 countReadsInRegions_worker: processing 5000000 (11746309.3 per sec) @ chr3:20000000-25000000
ForkPoolWorker-3,  processing 0 (0.0 per sec) reads @ chrUn_GL000216v2:0-176608
ForkPoolWorker-3 countReadsInRegions_worker: processing 176608 (10689153.4 per sec) @ chrUn_GL000216v2:0-176608
ForkPoolWorker-3,  processing 130 (110780.1 per sec) reads @ chr16:25000000-30000000
ForkPoolWorker-3 countReadsInRegions_worker: processing 5000000 (12113926.2 per sec) @ chr16:25000000-30000000
ForkPoolWorker-3,  processing 41 (62945.3 per sec) reads @ chr7:145000000-150000000
ForkPoolWorker-3 countReadsInRegions_worker: processing 5000000 (11959396.9 per sec) @ chr7:145000000-150000000
ForkPoolWorker-3,  processing 2 (5415.5 per sec) reads @ chr18:80000000-80373285
ForkPoolWorker-3 countReadsInRegions_worker: processing 373285 (10951273.9 per sec) @ chr18:80000000-80373285
ForkPoolWorker-6,  processing 0 (0.0 per sec) reads @ chrUn_KI270419v1:0-1029
ForkPoolWorker-6 countReadsInRegions_worker: processing 1029 (91660.8 per sec) @ chrUn_KI270419v1:0-1029
ForkPoolWorker-6,  processing 185 (110865.3 per sec) reads @ chr10:85000000-90000000
ForkPoolWorker-6 countReadsInRegions_worker: processing 5000000 (5856204.7 per sec) @ chr10:85000000-90000000
ForkPoolWorker-6,  processing 4 (5213.6 per sec) reads @ chr8:90000000-95000000
ForkPoolWorker-6 countReadsInRegions_worker: processing 5000000 (11850499.0 per sec) @ chr8:90000000-95000000
ForkPoolWorker-6,  processing 5 (10464.8 per sec) reads @ chr14:80000000-85000000
ForkPoolWorker-6 countReadsInRegions_worker: processing 5000000 (11792637.8 per sec) @ chr14:80000000-85000000
ForkPoolWorker-6,  processing 40 (52908.3 per sec) reads @ chr6:85000000-90000000
ForkPoolWorker-6 countReadsInRegions_worker: processing 5000000 (11998803.1 per sec) @ chr6:85000000-90000000
ForkPoolWorker-6,  processing 5 (9584.8 per sec) reads @ chr11:95000000-100000000
ForkPoolWorker-6 countReadsInRegions_worker: processing 5000000 (11810077.1 per sec) @ chr11:95000000-100000000
ForkPoolWorker-6,  processing 27 (36285.2 per sec) reads @ chr10:120000000-125000000
ForkPoolWorker-6 countReadsInRegions_worker: processing 5000000 (11759864.9 per sec) @ chr10:120000000-125000000
ForkPoolWorker-6,  processing 68 (64237.1 per sec) reads @ chr11:65000000-70000000
ForkPoolWorker-6 countReadsInRegions_worker: processing 5000000 (11854766.2 per sec) @ chr11:65000000-70000000
ForkPoolWorker-6,  processing 15 (25880.1 per sec) reads @ chr18:10000000-15000000
ForkPoolWorker-6 countReadsInRegions_worker: processing 5000000 (11818423.1 per sec) @ chr18:10000000-15000000
ForkPoolWorker-6,  processing 24 (39352.3 per sec) reads @ chr6:145000000-150000000
ForkPoolWorker-6 countReadsInRegions_worker: processing 5000000 (11911656.8 per sec) @ chr6:145000000-150000000
ForkPoolWorker-6,  processing 71 (73675.3 per sec) reads @ chr12:55000000-60000000
ForkPoolWorker-6 countReadsInRegions_worker: processing 5000000 (11930882.1 per sec) @ chr12:55000000-60000000
ForkPoolWorker-6,  processing 0 (0.0 per sec) reads @ chrUn_KI270539v1:0-993
ForkPoolWorker-6 countReadsInRegions_worker: processing 993 (253496.3 per sec) @ chrUn_KI270539v1:0-993
ForkPoolWorker-6,  processing 0 (0.0 per sec) reads @ chr1_KI270714v1_random:0-41717
ForkPoolWorker-6 countReadsInRegions_worker: processing 41717 (6254424.5 per sec) @ chr1_KI270714v1_random:0-41717
ForkPoolWorker-6,  processing 0 (0.0 per sec) reads @ chr22_KI270734v1_random:0-165050
ForkPoolWorker-6 countReadsInRegions_worker: processing 165050 (9500979.6 per sec) @ chr22_KI270734v1_random:0-165050
ForkPoolWorker-6,  processing 0 (0.0 per sec) reads @ chr1:125000000-130000000
ForkPoolWorker-6 countReadsInRegions_worker: processing 5000000 (11946738.6 per sec) @ chr1:125000000-130000000
ForkPoolWorker-6,  processing 40 (59158.0 per sec) reads @ chr5:155000000-160000000
ForkPoolWorker-6 countReadsInRegions_worker: processing 5000000 (11728257.5 per sec) @ chr5:155000000-160000000
ForkPoolWorker-6,  processing 0 (0.0 per sec) reads @ chr22_KI270731v1_random:0-150754
ForkPoolWorker-6 countReadsInRegions_worker: processing 150754 (9809309.7 per sec) @ chr22_KI270731v1_random:0-150754
ForkPoolWorker-6,  processing 23 (41120.6 per sec) reads @ chr18:20000000-25000000
ForkPoolWorker-6 countReadsInRegions_worker: processing 5000000 (12060742.2 per sec) @ chr18:20000000-25000000
ForkPoolWorker-6,  processing 81 (79919.7 per sec) reads @ chr1:155000000-160000000
ForkPoolWorker-6 countReadsInRegions_worker: processing 5000000 (12177748.6 per sec) @ chr1:155000000-160000000
ForkPoolWorker-6,  processing 18 (32140.3 per sec) reads @ chrX:0-5000000
ForkPoolWorker-6 countReadsInRegions_worker: processing 5000000 (12180386.8 per sec) @ chrX:0-5000000
