# packages in environment at /work/pa-hilario/anaconda3/envs/deeptools:
#
# Name                           Version          Build                 Channel
_openmp_mutex                    4.5              20_gnu                conda-forge
alabaster                        1.0.0            pyhd8ed1ab_1          conda-forge
babel                            2.18.0           pyhcf101f3_0          conda-forge
backports.zstd                   1.3.0            py312h90b7ffd_0       conda-forge
bedops                           2.4.42           hd6d6fdc_1            bioconda
brotli                           1.2.0            hed03a55_1            conda-forge
brotli-bin                       1.2.0            hb03c661_1            conda-forge
brotli-python                    1.2.0            py312hdb49522_1       conda-forge
bzip2                            1.0.8            hda65f42_8            conda-forge
c-ares                           1.34.6           hb03c661_0            conda-forge
ca-certificates                  2026.1.4         hbd8a1cb_0            conda-forge
certifi                          2026.01.04       py312h06a4308_0
charset-normalizer               3.4.4            pyhd8ed1ab_0          conda-forge
click                            8.3.1            pypi_0                pypi
colorama                         0.4.6            pyhd8ed1ab_1          conda-forge
contourpy                        1.3.3            py312h0a2e395_4       conda-forge
cycler                           0.12.1           pyhcf101f3_2          conda-forge
cython                           3.2.4            py312h47b2149_0
deeptools                        3.5.6            pyhdfd78af_0          bioconda
deeptoolsintervals               0.1.9            py312ha9c1134_11      bioconda
docutils                         0.22.4           pyhd8ed1ab_0          conda-forge
fonttools                        4.61.1           py312h8a5da7c_0       conda-forge
freetype                         2.14.1           ha770c72_0            conda-forge
gencode-utr-fix                  1.0.0            pypi_0                pypi
h2                               4.3.0            pyhcf101f3_0          conda-forge
hpack                            4.1.0            pyhd8ed1ab_0          conda-forge
htslib                           1.22.1           h566b1c6_0            bioconda
hyperframe                       6.1.0            pyhd8ed1ab_0          conda-forge
icu                              78.2             h33c6efd_0            conda-forge
idna                             3.11             pyhd8ed1ab_0          conda-forge
imagesize                        1.4.1            pyhd8ed1ab_0          conda-forge
importlib-metadata               8.7.0            pyhe01879c_1          conda-forge
jansson                          2.15.0           h280c20c_0            conda-forge
jinja2                           3.1.6            pyhcf101f3_1          conda-forge
keyutils                         1.6.3            hb9d3cd8_0            conda-forge
kiwisolver                       1.4.9            py312h0a2e395_2       conda-forge
krb5                             1.22.2           ha1258a1_0            conda-forge
lcms2                            2.18             h0c24ade_0            conda-forge
ld_impl_linux-64                 2.45.1           default_hbd61a6d_101  conda-forge
lerc                             4.0.0            h0aef613_1            conda-forge
libblas                          3.11.0           5_h4a7cf45_openblas   conda-forge
libbrotlicommon                  1.2.0            hb03c661_1            conda-forge
libbrotlidec                     1.2.0            hb03c661_1            conda-forge
libbrotlienc                     1.2.0            hb03c661_1            conda-forge
libcblas                         3.11.0           5_h0358290_openblas   conda-forge
libcurl                          8.18.0           hcf29cc6_1            conda-forge
libdeflate                       1.25             h17f619e_0            conda-forge
libedit                          3.1.20250104     pl5321h7949ede_0      conda-forge
libev                            4.33             hd590300_2            conda-forge
libexpat                         2.7.3            hecca717_0            conda-forge
libffi                           3.5.2            h3435931_0            conda-forge
libfreetype                      2.14.1           ha770c72_0            conda-forge
libfreetype6                     2.14.1           h73754d4_0            conda-forge
libgcc                           15.2.0           he0feb66_17           conda-forge
libgcc-ng                        15.2.0           h69a702a_17           conda-forge
libgfortran                      15.2.0           h69a702a_17           conda-forge
libgfortran5                     15.2.0           h68bc16d_17           conda-forge
libgomp                          15.2.0           he0feb66_17           conda-forge
libiconv                         1.18             h3b78370_2            conda-forge
libjpeg-turbo                    3.1.2            hb03c661_0            conda-forge
liblapack                        3.11.0           5_h47877c9_openblas   conda-forge
liblzma                          5.8.2            hb03c661_0            conda-forge
libnghttp2                       1.67.0           had1ee68_0            conda-forge
libnsl                           2.0.1            hb9d3cd8_1            conda-forge
libopenblas                      0.3.30           pthreads_h94d23a6_4   conda-forge
libopenssl-static                3.6.1            hb03c661_1            conda-forge
libpng                           1.6.55           h421ea60_0            conda-forge
libsqlite                        3.51.2           hf4e2dac_0            conda-forge
libssh2                          1.11.1           hcf80075_0            conda-forge
libstdcxx                        15.2.0           h934c35e_17           conda-forge
libstdcxx-ng                     15.2.0           hdf11a46_17           conda-forge
libtiff                          4.7.1            h9d88235_1            conda-forge
libuuid                          2.41.3           h5347b49_0            conda-forge
libwebp-base                     1.6.0            hd42ef1d_0            conda-forge
libxcb                           1.17.0           h8a09558_0            conda-forge
libxcrypt                        4.4.36           hd590300_1            conda-forge
libzlib                          1.3.1            hb9d3cd8_2            conda-forge
markupsafe                       3.0.3            py312h8a5da7c_0       conda-forge
matplotlib-base                  3.10.8           py312he3d6523_0       conda-forge
munkres                          1.1.4            pyhd8ed1ab_1          conda-forge
mysql-connector-c                6.1.11           h659d440_1008         conda-forge
narwhals                         2.16.0           pyhcf101f3_0          conda-forge
natsort                          8.4.0            pypi_0                pypi
ncls                             0.0.70           pypi_0                pypi
ncurses                          6.5              h2d0b736_3            conda-forge
numpy                            2.4.2            py312h33ff503_1       conda-forge
numpydoc                         1.10.0           pyhcf101f3_0          conda-forge
openjpeg                         2.5.4            h55fea9a_0            conda-forge
openssl                          3.6.1            h35e630c_1            conda-forge
packaging                        26.0             pyhcf101f3_0          conda-forge
pandas                           3.0.0            pypi_0                pypi
pillow                           12.1.1           py312h50c33e8_0       conda-forge
pip                              26.0.1           pyh8b19718_0          conda-forge
plotly                           6.5.2            pyhd8ed1ab_0          conda-forge
pthread-stubs                    0.4              hb9d3cd8_1002         conda-forge
py2bit                           0.3.3            py312h0fa9677_1       bioconda
pybigwig                         0.3.25           py312h83fe50f_0       bioconda
pygments                         2.19.2           pyhd8ed1ab_0          conda-forge
pyparsing                        3.3.2            pyhcf101f3_0          conda-forge
pyranges                         0.1.4            pypi_0                pypi
pysam                            0.23.3           py312h8f9e533_2       bioconda
pysocks                          1.7.1            pyha55dd90_7          conda-forge
python                           3.12.12          hd63d673_2_cpython    conda-forge
python-dateutil                  2.9.0.post0      pyhe01879c_2          conda-forge
python_abi                       3.12             8_cp312               conda-forge
pytz                             2025.2           pyhd8ed1ab_0          conda-forge
qhull                            2020.2           h434a139_5            conda-forge
readline                         8.3              h853b02a_0            conda-forge
requests                         2.32.5           pyhcf101f3_1          conda-forge
roman-numerals                   4.1.0            pyhd8ed1ab_0          conda-forge
samtools                         1.22.1           h96c455f_0            bioconda
scipy                            1.17.0           py312h54fa4ab_1       conda-forge
setuptools                       82.0.0           pyh332efcf_0          conda-forge
six                              1.17.0           pyhe01879c_1          conda-forge
snowballstemmer                  3.0.1            pyhd8ed1ab_0          conda-forge
sorted-nearest                   0.0.41           pypi_0                pypi
sphinx                           9.1.0            pyhd8ed1ab_0          conda-forge
sphinxcontrib-applehelp          2.0.0            pyhd8ed1ab_1          conda-forge
sphinxcontrib-devhelp            2.0.0            pyhd8ed1ab_1          conda-forge
sphinxcontrib-htmlhelp           2.1.0            pyhd8ed1ab_1          conda-forge
sphinxcontrib-jsmath             1.0.1            pyhd8ed1ab_1          conda-forge
sphinxcontrib-qthelp             2.0.0            pyhd8ed1ab_1          conda-forge
sphinxcontrib-serializinghtml    1.1.10           pyhd8ed1ab_1          conda-forge
tabulate                         0.9.0            pypi_0                pypi
tk                               8.6.13           noxft_h366c992_103    conda-forge
tomli                            2.4.0            pyhcf101f3_0          conda-forge
tqdm                             4.67.3           pypi_0                pypi
tzdata                           2025c            hc9c84f9_1            conda-forge
ucsc-bigwiginfo                  482              h0b57e2e_0            bioconda
unicodedata2                     17.0.1           py312h4c3975b_0       conda-forge
urllib3                          2.6.3            pyhd8ed1ab_0          conda-forge
wheel                            0.46.3           pyhd8ed1ab_0          conda-forge
xorg-libxau                      1.0.12           hb03c661_1            conda-forge
xorg-libxdmcp                    1.1.5            hb03c661_1            conda-forge
zipp                             3.23.0           pyhcf101f3_1          conda-forge
zlib                             1.3.1            hb9d3cd8_2            conda-forge
zlib-ng                          2.3.3            hceb46e0_1            conda-forge
zstd                             1.5.7            hb78ec9c_6            conda-forge
Specified --scaleFactor: 1.0
normalization: CPM
bamFilesList: ['/work/pa-hilario/clipseq/20260421/OSM/output/mVenus-Sorbitol-rep6_L2_R1.genome.Aligned.sort.dedup.bam']
binLength: 1
numberOfSamples: None
blackListFileName: None
skipZeroOverZero: False
bed_and_bin: False
genomeChunkSize: None
defaultFragmentLength: read length
numberOfProcessors: 48
verbose: True
region: None
bedFile: None
minMappingQuality: None
ignoreDuplicates: False
chrsToSkip: []
stepSize: 1
center_read: False
samFlag_include: None
samFlag_exclude: None
minFragmentLength: 0
maxFragmentLength: 0
zerosToNans: False
smoothLength: None
save_data: False
out_file_for_raw_data: None
maxPairedFragmentLength: 1000
Final scaling factor: 9.652602824351586
ForkPoolWorker-12,  processing 31 (18231.0 per sec) reads @ chr19:20000000-25000000
ForkPoolWorker-12 countReadsInRegions_worker: processing 5000000 (10915105.7 per sec) @ chr19:20000000-25000000
ForkPoolWorker-12,  processing 0 (0.0 per sec) reads @ chrUn_KI270302v1:0-2274
ForkPoolWorker-12 countReadsInRegions_worker: processing 2274 (312429.5 per sec) @ chrUn_KI270302v1:0-2274
ForkPoolWorker-12,  processing 81 (56136.6 per sec) reads @ chr8:65000000-70000000
ForkPoolWorker-12 countReadsInRegions_worker: processing 5000000 (11487693.7 per sec) @ chr8:65000000-70000000
ForkPoolWorker-12,  processing 160 (57172.3 per sec) reads @ chr1:45000000-50000000
ForkPoolWorker-12 countReadsInRegions_worker: processing 5000000 (11734990.8 per sec) @ chr1:45000000-50000000
ForkPoolWorker-12,  processing 37 (57413.7 per sec) reads @ chr18:80000000-80373285
ForkPoolWorker-12 countReadsInRegions_worker: processing 373285 (9622994.1 per sec) @ chr18:80000000-80373285
ForkPoolWorker-12,  processing 281 (87686.9 per sec) reads @ chr5:150000000-155000000
ForkPoolWorker-12 countReadsInRegions_worker: processing 5000000 (11720634.3 per sec) @ chr5:150000000-155000000
ForkPoolWorker-12,  processing 175 (61613.6 per sec) reads @ chr11:30000000-35000000
ForkPoolWorker-12 countReadsInRegions_worker: processing 5000000 (11743461.2 per sec) @ chr11:30000000-35000000
ForkPoolWorker-12,  processing 0 (0.0 per sec) reads @ chr22_KI270735v1_random:0-42811
ForkPoolWorker-12 countReadsInRegions_worker: processing 42811 (4359261.7 per sec) @ chr22_KI270735v1_random:0-42811
ForkPoolWorker-12,  processing 0 (0.0 per sec) reads @ chrUn_KI270582v1:0-6504
ForkPoolWorker-12 countReadsInRegions_worker: processing 6504 (934654.2 per sec) @ chrUn_KI270582v1:0-6504
ForkPoolWorker-12,  processing 109 (52308.8 per sec) reads @ chr2:30000000-35000000
ForkPoolWorker-12 countReadsInRegions_worker: processing 5000000 (11810163.6 per sec) @ chr2:30000000-35000000
ForkPoolWorker-12,  processing 89 (69826.6 per sec) reads @ chr4:85000000-90000000
ForkPoolWorker-12 countReadsInRegions_worker: processing 5000000 (11604516.6 per sec) @ chr4:85000000-90000000
ForkPoolWorker-12,  processing 7 (14506.0 per sec) reads @ chr21:20000000-25000000
ForkPoolWorker-12 countReadsInRegions_worker: processing 5000000 (11569638.4 per sec) @ chr21:20000000-25000000
ForkPoolWorker-12,  processing 255 (103980.9 per sec) reads @ chr20:30000000-35000000
ForkPoolWorker-12 countReadsInRegions_worker: processing 5000000 (11624424.7 per sec) @ chr20:30000000-35000000
ForkPoolWorker-12,  processing 0 (0.0 per sec) reads @ chr15:0-5000000
ForkPoolWorker-12 countReadsInRegions_worker: processing 5000000 (11869789.3 per sec) @ chr15:0-5000000
ForkPoolWorker-12,  processing 2 (4668.1 per sec) reads @ chr5:45000000-50000000
ForkPoolWorker-12 countReadsInRegions_worker: processing 5000000 (11913111.6 per sec) @ chr5:45000000-50000000
ForkPoolWorker-5,  processing 72 (18582.8 per sec) reads @ chr6:70000000-75000000
ForkPoolWorker-5 countReadsInRegions_worker: processing 5000000 (10321082.0 per sec) @ chr6:70000000-75000000
ForkPoolWorker-5,  processing 86 (16633.3 per sec) reads @ chr9:80000000-85000000
ForkPoolWorker-5 countReadsInRegions_worker: processing 5000000 (11223767.6 per sec) @ chr9:80000000-85000000
ForkPoolWorker-5,  processing 65 (47422.1 per sec) reads @ chr3:150000000-155000000
ForkPoolWorker-5 countReadsInRegions_worker: processing 5000000 (11379173.0 per sec) @ chr3:150000000-155000000
ForkPoolWorker-5,  processing 0 (0.0 per sec) reads @ chr15_KI270727v1_random:0-448248
ForkPoolWorker-5 countReadsInRegions_worker: processing 448248 (9974367.0 per sec) @ chr15_KI270727v1_random:0-448248
ForkPoolWorker-5,  processing 0 (0.0 per sec) reads @ chrUn_KI270448v1:0-7992
ForkPoolWorker-5 countReadsInRegions_worker: processing 7992 (1028027.0 per sec) @ chrUn_KI270448v1:0-7992
ForkPoolWorker-5,  processing 0 (0.0 per sec) reads @ chr9_KI270717v1_random:0-40062
ForkPoolWorker-5 countReadsInRegions_worker: processing 40062 (3975776.2 per sec) @ chr9_KI270717v1_random:0-40062
ForkPoolWorker-5,  processing 114 (79985.1 per sec) reads @ chr5:10000000-15000000
ForkPoolWorker-5 countReadsInRegions_worker: processing 5000000 (11525251.2 per sec) @ chr5:10000000-15000000
ForkPoolWorker-5,  processing 19 (32017.6 per sec) reads @ chr5:25000000-30000000
ForkPoolWorker-5 countReadsInRegions_worker: processing 5000000 (11722304.9 per sec) @ chr5:25000000-30000000
ForkPoolWorker-5,  processing 9 (17780.8 per sec) reads @ chr22:10000000-15000000
ForkPoolWorker-5 countReadsInRegions_worker: processing 5000000 (11694823.5 per sec) @ chr22:10000000-15000000
ForkPoolWorker-5,  processing 363 (151510.8 per sec) reads @ chr12:90000000-95000000
ForkPoolWorker-5 countReadsInRegions_worker: processing 5000000 (11725903.3 per sec) @ chr12:90000000-95000000
ForkPoolWorker-5,  processing 12 (24492.3 per sec) reads @ chr3:90000000-95000000
ForkPoolWorker-5 countReadsInRegions_worker: processing 5000000 (11769586.5 per sec) @ chr3:90000000-95000000
ForkPoolWorker-5,  processing 35 (52279.4 per sec) reads @ chr7:10000000-15000000
ForkPoolWorker-5 countReadsInRegions_worker: processing 5000000 (11915568.7 per sec) @ chr7:10000000-15000000
ForkPoolWorker-5,  processing 33 (38330.7 per sec) reads @ chr8:50000000-55000000
ForkPoolWorker-5 countReadsInRegions_worker: processing 5000000 (11724067.8 per sec) @ chr8:50000000-55000000
ForkPoolWorker-5,  processing 0 (0.0 per sec) reads @ chrUn_KI270435v1:0-92983
ForkPoolWorker-5 countReadsInRegions_worker: processing 92983 (6508443.8 per sec) @ chrUn_KI270435v1:0-92983
ForkPoolWorker-5,  processing 0 (0.0 per sec) reads @ chr1:125000000-130000000
ForkPoolWorker-5 countReadsInRegions_worker: processing 5000000 (11710542.2 per sec) @ chr1:125000000-130000000
ForkPoolWorker-2,  processing 67 (30638.7 per sec) reads @ chr9:15000000-20000000
ForkPoolWorker-2 countReadsInRegions_worker: processing 5000000 (10582313.0 per sec) @ chr9:15000000-20000000
ForkPoolWorker-2,  processing 67 (58606.5 per sec) reads @ chr18:55000000-60000000
ForkPoolWorker-2 countReadsInRegions_worker: processing 5000000 (10690804.3 per sec) @ chr18:55000000-60000000
ForkPoolWorker-2,  processing 0 (0.0 per sec) reads @ chrUn_KI270583v1:0-1400
ForkPoolWorker-2 countReadsInRegions_worker: processing 1400 (216081.9 per sec) @ chrUn_KI270583v1:0-1400
ForkPoolWorker-2,  processing 14 (25083.4 per sec) reads @ chrX:95000000-100000000
ForkPoolWorker-2 countReadsInRegions_worker: processing 5000000 (11068698.5 per sec) @ chrX:95000000-100000000
ForkPoolWorker-2,  processing 174 (65659.8 per sec) reads @ chr14:70000000-75000000
ForkPoolWorker-2 countReadsInRegions_worker: processing 5000000 (11220350.8 per sec) @ chr14:70000000-75000000
ForkPoolWorker-2,  processing 44 (34437.3 per sec) reads @ chr1:215000000-220000000
ForkPoolWorker-2 countReadsInRegions_worker: processing 5000000 (11376407.6 per sec) @ chr1:215000000-220000000
ForkPoolWorker-2,  processing 99 (74030.3 per sec) reads @ chr6:10000000-15000000
ForkPoolWorker-2 countReadsInRegions_worker: processing 5000000 (11352722.0 per sec) @ chr6:10000000-15000000
ForkPoolWorker-2,  processing 125 (59836.6 per sec) reads @ chr3:55000000-60000000
ForkPoolWorker-2 countReadsInRegions_worker: processing 5000000 (11599176.6 per sec) @ chr3:55000000-60000000
ForkPoolWorker-2,  processing 0 (0.0 per sec) reads @ chrUn_KI270422v1:0-1445
ForkPoolWorker-2 countReadsInRegions_worker: processing 1445 (64230.3 per sec) @ chrUn_KI270422v1:0-1445
ForkPoolWorker-2,  processing 0 (0.0 per sec) reads @ chr22_KI270736v1_random:0-181920
ForkPoolWorker-2 countReadsInRegions_worker: processing 181920 (5154200.1 per sec) @ chr22_KI270736v1_random:0-181920
ForkPoolWorker-2,  processing 37 (50451.6 per sec) reads @ chr4:185000000-190000000
ForkPoolWorker-2 countReadsInRegions_worker: processing 5000000 (11846368.8 per sec) @ chr4:185000000-190000000
ForkPoolWorker-2,  processing 152 (76032.7 per sec) reads @ chr5:140000000-145000000
ForkPoolWorker-2 countReadsInRegions_worker: processing 5000000 (11611436.5 per sec) @ chr5:140000000-145000000
ForkPoolWorker-2,  processing 170 (89084.4 per sec) reads @ chr5:170000000-175000000
ForkPoolWorker-2 countReadsInRegions_worker: processing 5000000 (11489632.1 per sec) @ chr5:170000000-175000000
ForkPoolWorker-2,  processing 126 (91101.9 per sec) reads @ chr8:35000000-40000000
ForkPoolWorker-2 countReadsInRegions_worker: processing 5000000 (11777769.5 per sec) @ chr8:35000000-40000000
ForkPoolWorker-2,  processing 0 (0.0 per sec) reads @ chrUn_KI270424v1:0-2140
ForkPoolWorker-2 countReadsInRegions_worker: processing 2140 (307654.2 per sec) @ chrUn_KI270424v1:0-2140
ForkPoolWorker-11,  processing 15 (7367.0 per sec) reads @ chr18:40000000-45000000
ForkPoolWorker-11 countReadsInRegions_worker: processing 5000000 (10808574.3 per sec) @ chr18:40000000-45000000
ForkPoolWorker-11,  processing 71 (43543.7 per sec) reads @ chr6:20000000-25000000
ForkPoolWorker-11 countReadsInRegions_worker: processing 5000000 (11287007.7 per sec) @ chr6:20000000-25000000
ForkPoolWorker-11,  processing 79 (75823.8 per sec) reads @ chr2:50000000-55000000
ForkPoolWorker-11 countReadsInRegions_worker: processing 5000000 (11429792.3 per sec) @ chr2:50000000-55000000
ForkPoolWorker-11,  processing 83 (40023.8 per sec) reads @ chr3:65000000-70000000
ForkPoolWorker-11 countReadsInRegions_worker: processing 5000000 (11484252.6 per sec) @ chr3:65000000-70000000
ForkPoolWorker-11,  processing 1 (3300.0 per sec) reads @ chrUn_KI270750v1:0-148850
ForkPoolWorker-11 countReadsInRegions_worker: processing 148850 (7764428.3 per sec) @ chrUn_KI270750v1:0-148850
ForkPoolWorker-11,  processing 116 (80181.2 per sec) reads @ chr20:50000000-55000000
ForkPoolWorker-11 countReadsInRegions_worker: processing 5000000 (11646308.9 per sec) @ chr20:50000000-55000000
ForkPoolWorker-11,  processing 52 (59591.2 per sec) reads @ chr2:115000000-120000000
ForkPoolWorker-11 countReadsInRegions_worker: processing 5000000 (11617103.2 per sec) @ chr2:115000000-120000000
ForkPoolWorker-11,  processing 85 (76358.1 per sec) reads @ chr18:5000000-10000000
ForkPoolWorker-11 countReadsInRegions_worker: processing 5000000 (11499719.0 per sec) @ chr18:5000000-10000000
ForkPoolWorker-11,  processing 0 (0.0 per sec) reads @ chr9_KI270718v1_random:0-38054
ForkPoolWorker-11 countReadsInRegions_worker: processing 38054 (4113873.0 per sec) @ chr9_KI270718v1_random:0-38054
ForkPoolWorker-11,  processing 0 (0.0 per sec) reads @ chrUn_KI270589v1:0-44474
ForkPoolWorker-11 countReadsInRegions_worker: processing 44474 (4886505.9 per sec) @ chrUn_KI270589v1:0-44474
ForkPoolWorker-11,  processing 174 (54244.8 per sec) reads @ chr10:115000000-120000000
ForkPoolWorker-11 countReadsInRegions_worker: processing 5000000 (11678392.5 per sec) @ chr10:115000000-120000000
ForkPoolWorker-11,  processing 76 (77090.0 per sec) reads @ chr10:40000000-45000000
ForkPoolWorker-11 countReadsInRegions_worker: processing 5000000 (11652113.2 per sec) @ chr10:40000000-45000000
ForkPoolWorker-11,  processing 54 (55134.5 per sec) reads @ chr3:105000000-110000000
ForkPoolWorker-11 countReadsInRegions_worker: processing 5000000 (11546108.4 per sec) @ chr3:105000000-110000000
ForkPoolWorker-11,  processing 0 (0.0 per sec) reads @ chrUn_KI270755v1:0-36723
ForkPoolWorker-11 countReadsInRegions_worker: processing 36723 (4298839.7 per sec) @ chrUn_KI270755v1:0-36723
ForkPoolWorker-11,  processing 73 (65256.6 per sec) reads @ chr13:70000000-75000000
ForkPoolWorker-11 countReadsInRegions_worker: processing 5000000 (11700565.3 per sec) @ chr13:70000000-75000000
ForkPoolWorker-28,  processing 0 (0.0 per sec) reads @ chrUn_KI270364v1:0-2855
ForkPoolWorker-28 countReadsInRegions_worker: processing 2855 (104183.4 per sec) @ chrUn_KI270364v1:0-2855
ForkPoolWorker-28,  processing 214 (37907.8 per sec) reads @ chr5:0-5000000
ForkPoolWorker-28 countReadsInRegions_worker: processing 5000000 (10122152.1 per sec) @ chr5:0-5000000
ForkPoolWorker-28,  processing 91 (53833.8 per sec) reads @ chr8:125000000-130000000
ForkPoolWorker-28 countReadsInRegions_worker: processing 5000000 (10544821.5 per sec) @ chr8:125000000-130000000
ForkPoolWorker-28,  processing 436 (92229.0 per sec) reads @ chr1:150000000-155000000
ForkPoolWorker-28 countReadsInRegions_worker: processing 5000000 (11016259.0 per sec) @ chr1:150000000-155000000
ForkPoolWorker-28,  processing 104 (40993.1 per sec) reads @ chr2:5000000-10000000
ForkPoolWorker-28 countReadsInRegions_worker: processing 5000000 (11164844.9 per sec) @ chr2:5000000-10000000
ForkPoolWorker-28,  processing 17 (29647.9 per sec) reads @ chr1:195000000-200000000
ForkPoolWorker-28 countReadsInRegions_worker: processing 5000000 (11316010.0 per sec) @ chr1:195000000-200000000
ForkPoolWorker-28,  processing 628 (132776.6 per sec) reads @ chr17:15000000-20000000
ForkPoolWorker-28 countReadsInRegions_worker: processing 5000000 (11161570.8 per sec) @ chr17:15000000-20000000
ForkPoolWorker-28,  processing 0 (0.0 per sec) reads @ chrUn_GL000213v1:0-164239
ForkPoolWorker-28 countReadsInRegions_worker: processing 164239 (8077155.6 per sec) @ chrUn_GL000213v1:0-164239
ForkPoolWorker-28,  processing 0 (0.0 per sec) reads @ chrUn_KI270753v1:0-62944
ForkPoolWorker-28 countReadsInRegions_worker: processing 62944 (5375048.8 per sec) @ chrUn_KI270753v1:0-62944
ForkPoolWorker-28,  processing 846 (114412.2 per sec) reads @ chr6:30000000-35000000
ForkPoolWorker-28 countReadsInRegions_worker: processing 5000000 (11501964.3 per sec) @ chr6:30000000-35000000
ForkPoolWorker-28,  processing 679 (120211.6 per sec) reads @ chr17:5000000-10000000
ForkPoolWorker-28 countReadsInRegions_worker: processing 5000000 (11554639.2 per sec) @ chr17:5000000-10000000
ForkPoolWorker-28,  processing 36 (46603.4 per sec) reads @ chr4:15000000-20000000
ForkPoolWorker-28 countReadsInRegions_worker: processing 5000000 (11667308.3 per sec) @ chr4:15000000-20000000
ForkPoolWorker-28,  processing 233 (93162.3 per sec) reads @ chr22:30000000-35000000
ForkPoolWorker-28 countReadsInRegions_worker: processing 5000000 (11565440.1 per sec) @ chr22:30000000-35000000
ForkPoolWorker-28,  processing 167 (103250.1 per sec) reads @ chr14:95000000-100000000
ForkPoolWorker-28 countReadsInRegions_worker: processing 5000000 (11622440.5 per sec) @ chr14:95000000-100000000
ForkPoolWorker-28,  processing 0 (0.0 per sec) reads @ chrUn_KI270363v1:0-1803
ForkPoolWorker-28 countReadsInRegions_worker: processing 1803 (257292.1 per sec) @ chrUn_KI270363v1:0-1803
ForkPoolWorker-39,  processing 61 (7072.0 per sec) reads @ chr15:50000000-55000000
ForkPoolWorker-39 countReadsInRegions_worker: processing 5000000 (9043845.5 per sec) @ chr15:50000000-55000000
ForkPoolWorker-39,  processing 0 (0.0 per sec) reads @ chrUn_KI270752v1:0-27745
ForkPoolWorker-39 countReadsInRegions_worker: processing 27745 (2843100.9 per sec) @ chrUn_KI270752v1:0-27745
ForkPoolWorker-39,  processing 78 (30393.5 per sec) reads @ chr8:30000000-35000000
ForkPoolWorker-39 countReadsInRegions_worker: processing 5000000 (11788746.6 per sec) @ chr8:30000000-35000000
ForkPoolWorker-39,  processing 30 (40239.6 per sec) reads @ chr12:40000000-45000000
ForkPoolWorker-39 countReadsInRegions_worker: processing 5000000 (11717962.3 per sec) @ chr12:40000000-45000000
ForkPoolWorker-39,  processing 34 (49619.5 per sec) reads @ chr10:50000000-55000000
ForkPoolWorker-39 countReadsInRegions_worker: processing 5000000 (11557517.5 per sec) @ chr10:50000000-55000000
ForkPoolWorker-39,  processing 128 (81307.1 per sec) reads @ chr21:35000000-40000000
ForkPoolWorker-39 countReadsInRegions_worker: processing 5000000 (11650223.1 per sec) @ chr21:35000000-40000000
ForkPoolWorker-39,  processing 89 (70579.1 per sec) reads @ chrX:20000000-25000000
ForkPoolWorker-39 countReadsInRegions_worker: processing 5000000 (11791000.1 per sec) @ chrX:20000000-25000000
ForkPoolWorker-39,  processing 329 (61548.9 per sec) reads @ chr1:5000000-10000000
ForkPoolWorker-39 countReadsInRegions_worker: processing 5000000 (11563271.9 per sec) @ chr1:5000000-10000000
ForkPoolWorker-39,  processing 0 (0.0 per sec) reads @ chrUn_KI270425v1:0-1884
ForkPoolWorker-39 countReadsInRegions_worker: processing 1884 (215956.6 per sec) @ chrUn_KI270425v1:0-1884
ForkPoolWorker-39,  processing 22 (39911.2 per sec) reads @ chr1:120000000-125000000
ForkPoolWorker-39 countReadsInRegions_worker: processing 5000000 (11593770.9 per sec) @ chr1:120000000-125000000
ForkPoolWorker-39,  processing 98 (80031.5 per sec) reads @ chrX:15000000-20000000
ForkPoolWorker-39 countReadsInRegions_worker: processing 5000000 (11700369.5 per sec) @ chrX:15000000-20000000
ForkPoolWorker-39,  processing 0 (0.0 per sec) reads @ chrEBV:0-171823
ForkPoolWorker-39 countReadsInRegions_worker: processing 171823 (8177162.9 per sec) @ chrEBV:0-171823
ForkPoolWorker-39,  processing 33 (52369.3 per sec) reads @ chr8:135000000-140000000
ForkPoolWorker-39 countReadsInRegions_worker: processing 5000000 (11824513.7 per sec) @ chr8:135000000-140000000
ForkPoolWorker-39,  processing 0 (0.0 per sec) reads @ chrUn_KI270387v1:0-1537
ForkPoolWorker-39 countReadsInRegions_worker: processing 1537 (173455.4 per sec) @ chrUn_KI270387v1:0-1537
ForkPoolWorker-39,  processing 227 (106108.0 per sec) reads @ chr1:145000000-150000000
ForkPoolWorker-39 countReadsInRegions_worker: processing 5000000 (11645448.7 per sec) @ chr1:145000000-150000000
ForkPoolWorker-21,  processing 295 (37918.5 per sec) reads @ chr12:50000000-55000000
ForkPoolWorker-21 countReadsInRegions_worker: processing 5000000 (9049289.4 per sec) @ chr12:50000000-55000000
ForkPoolWorker-21,  processing 161 (46677.5 per sec) reads @ chrX:40000000-45000000
ForkPoolWorker-21 countReadsInRegions_worker: processing 5000000 (10629756.0 per sec) @ chrX:40000000-45000000
ForkPoolWorker-21,  processing 0 (0.0 per sec) reads @ chrUn_KI270744v1:0-168472
ForkPoolWorker-21 countReadsInRegions_worker: processing 168472 (7988771.1 per sec) @ chrUn_KI270744v1:0-168472
ForkPoolWorker-21,  processing 48 (52980.7 per sec) reads @ chr20:10000000-15000000
ForkPoolWorker-21 countReadsInRegions_worker: processing 5000000 (11684150.8 per sec) @ chr20:10000000-15000000
ForkPoolWorker-21,  processing 20 (31149.7 per sec) reads @ chr1:190000000-195000000
ForkPoolWorker-21 countReadsInRegions_worker: processing 5000000 (11707979.4 per sec) @ chr1:190000000-195000000
ForkPoolWorker-21,  processing 0 (0.0 per sec) reads @ chrUn_KI270516v1:0-1300
ForkPoolWorker-21 countReadsInRegions_worker: processing 1300 (191891.4 per sec) @ chrUn_KI270516v1:0-1300
ForkPoolWorker-21,  processing 48 (60079.6 per sec) reads @ chr13:100000000-105000000
ForkPoolWorker-21 countReadsInRegions_worker: processing 5000000 (11837174.7 per sec) @ chr13:100000000-105000000
ForkPoolWorker-21,  processing 409 (108142.9 per sec) reads @ chr19:40000000-45000000
ForkPoolWorker-21 countReadsInRegions_worker: processing 5000000 (11710738.4 per sec) @ chr19:40000000-45000000
ForkPoolWorker-21,  processing 145 (89661.5 per sec) reads @ chr1:240000000-245000000
ForkPoolWorker-21 countReadsInRegions_worker: processing 5000000 (11706182.2 per sec) @ chr1:240000000-245000000
ForkPoolWorker-21,  processing 178 (44004.8 per sec) reads @ chr1:200000000-205000000
ForkPoolWorker-21 countReadsInRegions_worker: processing 5000000 (11449661.2 per sec) @ chr1:200000000-205000000
ForkPoolWorker-21,  processing 440 (51266.6 per sec) reads @ chr5:175000000-180000000
ForkPoolWorker-21 countReadsInRegions_worker: processing 5000000 (10886610.4 per sec) @ chr5:175000000-180000000
ForkPoolWorker-21,  processing 0 (0.0 per sec) reads @ chr4:190000000-190214555
ForkPoolWorker-21 countReadsInRegions_worker: processing 214555 (8939285.1 per sec) @ chr4:190000000-190214555
ForkPoolWorker-21,  processing 120 (82768.7 per sec) reads @ chr3:60000000-65000000
ForkPoolWorker-21 countReadsInRegions_worker: processing 5000000 (11689315.3 per sec) @ chr3:60000000-65000000
ForkPoolWorker-21,  processing 532 (106580.5 per sec) reads @ chr19:15000000-20000000
ForkPoolWorker-21 countReadsInRegions_worker: processing 5000000 (11670866.5 per sec) @ chr19:15000000-20000000
ForkPoolWorker-21,  processing 0 (0.0 per sec) reads @ chr1_KI270709v1_random:0-66860
ForkPoolWorker-21 countReadsInRegions_worker: processing 66860 (5159442.3 per sec) @ chr1_KI270709v1_random:0-66860
ForkPoolWorker-47,  processing 150 (14577.7 per sec) reads @ chr1:170000000-175000000
ForkPoolWorker-47 countReadsInRegions_worker: processing 5000000 (9569949.3 per sec) @ chr1:170000000-175000000
ForkPoolWorker-47,  processing 408 (92466.4 per sec) reads @ chr19:55000000-58617616
ForkPoolWorker-47 countReadsInRegions_worker: processing 3617616 (11148258.1 per sec) @ chr19:55000000-58617616
ForkPoolWorker-47,  processing 40 (54631.1 per sec) reads @ chr3:190000000-195000000
ForkPoolWorker-47 countReadsInRegions_worker: processing 5000000 (12058224.9 per sec) @ chr3:190000000-195000000
ForkPoolWorker-47,  processing 229 (87111.9 per sec) reads @ chr9:90000000-95000000
ForkPoolWorker-47 countReadsInRegions_worker: processing 5000000 (11959635.6 per sec) @ chr9:90000000-95000000
ForkPoolWorker-47,  processing 0 (0.0 per sec) reads @ chrUn_KI270315v1:0-2276
ForkPoolWorker-47 countReadsInRegions_worker: processing 2276 (318176.0 per sec) @ chrUn_KI270315v1:0-2276
ForkPoolWorker-47,  processing 350 (120023.4 per sec) reads @ chr5:145000000-150000000
ForkPoolWorker-47 countReadsInRegions_worker: processing 5000000 (11895596.3 per sec) @ chr5:145000000-150000000
ForkPoolWorker-47,  processing 193 (99398.4 per sec) reads @ chr22:45000000-50000000
ForkPoolWorker-47 countReadsInRegions_worker: processing 5000000 (11916042.6 per sec) @ chr22:45000000-50000000
ForkPoolWorker-47,  processing 305 (106667.4 per sec) reads @ chr17:60000000-65000000
ForkPoolWorker-47 countReadsInRegions_worker: processing 5000000 (11988493.7 per sec) @ chr17:60000000-65000000
ForkPoolWorker-47,  processing 130 (86261.6 per sec) reads @ chr10:65000000-70000000
ForkPoolWorker-47 countReadsInRegions_worker: processing 5000000 (12022720.5 per sec) @ chr10:65000000-70000000
ForkPoolWorker-47,  processing 0 (0.0 per sec) reads @ chrUn_KI270581v1:0-7046
ForkPoolWorker-47 countReadsInRegions_worker: processing 7046 (984478.7 per sec) @ chrUn_KI270581v1:0-7046
ForkPoolWorker-47,  processing 93 (84193.9 per sec) reads @ chr1:245000000-248956422
ForkPoolWorker-47 countReadsInRegions_worker: processing 3956422 (11951908.9 per sec) @ chr1:245000000-248956422
ForkPoolWorker-47,  processing 36 (41087.1 per sec) reads @ chr3:160000000-165000000
ForkPoolWorker-47 countReadsInRegions_worker: processing 5000000 (11860907.7 per sec) @ chr3:160000000-165000000
ForkPoolWorker-47,  processing 103 (80554.4 per sec) reads @ chr17:20000000-25000000
ForkPoolWorker-47 countReadsInRegions_worker: processing 5000000 (12001055.2 per sec) @ chr17:20000000-25000000
ForkPoolWorker-47,  processing 83 (71322.9 per sec) reads @ chr6:125000000-130000000
ForkPoolWorker-47 countReadsInRegions_worker: processing 5000000 (11969321.5 per sec) @ chr6:125000000-130000000
ForkPoolWorker-47,  processing 0 (0.0 per sec) reads @ chrUn_KI270312v1:0-998
ForkPoolWorker-47 countReadsInRegions_worker: processing 998 (145233.3 per sec) @ chrUn_KI270312v1:0-998
ForkPoolWorker-33,  processing 161 (25681.0 per sec) reads @ chr10:120000000-125000000
ForkPoolWorker-33 countReadsInRegions_worker: processing 5000000 (9799853.6 per sec) @ chr10:120000000-125000000
ForkPoolWorker-33,  processing 288 (52483.5 per sec) reads @ chr10:70000000-75000000
ForkPoolWorker-33 countReadsInRegions_worker: processing 5000000 (10282364.5 per sec) @ chr10:70000000-75000000
ForkPoolWorker-33,  processing 0 (0.0 per sec) reads @ chrUn_KI270468v1:0-4055
ForkPoolWorker-33 countReadsInRegions_worker: processing 4055 (609362.0 per sec) @ chrUn_KI270468v1:0-4055
ForkPoolWorker-33,  processing 14 (23744.5 per sec) reads @ chr4:175000000-180000000
ForkPoolWorker-33 countReadsInRegions_worker: processing 5000000 (10436494.5 per sec) @ chr4:175000000-180000000
ForkPoolWorker-33,  processing 102 (88796.0 per sec) reads @ chr14:25000000-30000000
ForkPoolWorker-33 countReadsInRegions_worker: processing 5000000 (10572486.1 per sec) @ chr14:25000000-30000000
ForkPoolWorker-33,  processing 24 (39214.4 per sec) reads @ chr4:65000000-70000000
ForkPoolWorker-33 countReadsInRegions_worker: processing 5000000 (10557099.6 per sec) @ chr4:65000000-70000000
ForkPoolWorker-33,  processing 0 (0.0 per sec) reads @ chrUn_KI270746v1:0-66486
ForkPoolWorker-33 countReadsInRegions_worker: processing 66486 (4339934.6 per sec) @ chrUn_KI270746v1:0-66486
ForkPoolWorker-33,  processing 30 (48228.9 per sec) reads @ chr8:110000000-115000000
ForkPoolWorker-33 countReadsInRegions_worker: processing 5000000 (10644933.7 per sec) @ chr8:110000000-115000000
ForkPoolWorker-33,  processing 154 (94724.0 per sec) reads @ chr15:60000000-65000000
ForkPoolWorker-33 countReadsInRegions_worker: processing 5000000 (10654987.8 per sec) @ chr15:60000000-65000000
ForkPoolWorker-33,  processing 3 (8559.8 per sec) reads @ chrUn_KI270442v1:0-392061
ForkPoolWorker-33 countReadsInRegions_worker: processing 392061 (8702769.0 per sec) @ chrUn_KI270442v1:0-392061
ForkPoolWorker-33,  processing 155 (85384.4 per sec) reads @ chr17:65000000-70000000
ForkPoolWorker-33 countReadsInRegions_worker: processing 5000000 (10807181.8 per sec) @ chr17:65000000-70000000
ForkPoolWorker-33,  processing 6 (11522.8 per sec) reads @ chr9:60000000-65000000
ForkPoolWorker-33 countReadsInRegions_worker: processing 5000000 (10797066.4 per sec) @ chr9:60000000-65000000
ForkPoolWorker-33,  processing 1 (2513.1 per sec) reads @ chrY:25000000-30000000
ForkPoolWorker-33 countReadsInRegions_worker: processing 5000000 (10814594.0 per sec) @ chrY:25000000-30000000
ForkPoolWorker-33,  processing 66 (67584.0 per sec) reads @ chr4:100000000-105000000
ForkPoolWorker-33 countReadsInRegions_worker: processing 5000000 (10823641.6 per sec) @ chr4:100000000-105000000
ForkPoolWorker-33,  processing 0 (0.0 per sec) reads @ chrY_KI270740v1_random:0-37240
ForkPoolWorker-33 countReadsInRegions_worker: processing 37240 (3717533.3 per sec) @ chrY_KI270740v1_random:0-37240
ForkPoolWorker-6,  processing 0 (0.0 per sec) reads @ chrY:30000000-35000000
ForkPoolWorker-6 countReadsInRegions_worker: processing 5000000 (10930950.3 per sec) @ chrY:30000000-35000000
ForkPoolWorker-6,  processing 80 (64292.8 per sec) reads @ chr2:220000000-225000000
ForkPoolWorker-6 countReadsInRegions_worker: processing 5000000 (11409700.4 per sec) @ chr2:220000000-225000000
ForkPoolWorker-6,  processing 80 (51010.1 per sec) reads @ chr5:60000000-65000000
ForkPoolWorker-6 countReadsInRegions_worker: processing 5000000 (11642280.9 per sec) @ chr5:60000000-65000000
ForkPoolWorker-6,  processing 0 (0.0 per sec) reads @ chrUn_KI270383v1:0-1750
ForkPoolWorker-6 countReadsInRegions_worker: processing 1750 (254077.1 per sec) @ chrUn_KI270383v1:0-1750
ForkPoolWorker-6,  processing 214 (68859.3 per sec) reads @ chr6:165000000-170000000
ForkPoolWorker-6 countReadsInRegions_worker: processing 5000000 (11701459.8 per sec) @ chr6:165000000-170000000
ForkPoolWorker-6,  processing 227 (104638.6 per sec) reads @ chr2:235000000-240000000
ForkPoolWorker-6 countReadsInRegions_worker: processing 5000000 (11808175.3 per sec) @ chr2:235000000-240000000
ForkPoolWorker-6,  processing 31 (50396.7 per sec) reads @ chr3:80000000-85000000
ForkPoolWorker-6 countReadsInRegions_worker: processing 5000000 (11891866.1 per sec) @ chr3:80000000-85000000
ForkPoolWorker-6,  processing 341 (106236.2 per sec) reads @ chr12:45000000-50000000
ForkPoolWorker-6 countReadsInRegions_worker: processing 5000000 (11714637.2 per sec) @ chr12:45000000-50000000
ForkPoolWorker-6,  processing 159 (96385.9 per sec) reads @ chr2:130000000-135000000
ForkPoolWorker-6 countReadsInRegions_worker: processing 5000000 (11804971.5 per sec) @ chr2:130000000-135000000
ForkPoolWorker-6,  processing 0 (0.0 per sec) reads @ chrUn_KI270335v1:0-1048
ForkPoolWorker-6 countReadsInRegions_worker: processing 1048 (153876.3 per sec) @ chrUn_KI270335v1:0-1048
ForkPoolWorker-6,  processing 47 (65710.8 per sec) reads @ chrX:35000000-40000000
ForkPoolWorker-6 countReadsInRegions_worker: processing 5000000 (11852086.3 per sec) @ chrX:35000000-40000000
ForkPoolWorker-6,  processing 42 (58505.7 per sec) reads @ chr11:85000000-90000000
ForkPoolWorker-6 countReadsInRegions_worker: processing 5000000 (11910330.9 per sec) @ chr11:85000000-90000000
ForkPoolWorker-6,  processing 81 (76191.7 per sec) reads @ chr5:80000000-85000000
ForkPoolWorker-6 countReadsInRegions_worker: processing 5000000 (11851141.9 per sec) @ chr5:80000000-85000000
ForkPoolWorker-6,  processing 636 (116952.8 per sec) reads @ chr11:60000000-65000000
ForkPoolWorker-6 countReadsInRegions_worker: processing 5000000 (11838958.9 per sec) @ chr11:60000000-65000000
ForkPoolWorker-6,  processing 0 (0.0 per sec) reads @ chrUn_KI270548v1:0-1599
ForkPoolWorker-6 countReadsInRegions_worker: processing 1599 (229752.1 per sec) @ chrUn_KI270548v1:0-1599
ForkPoolWorker-42,  processing 35 (8538.9 per sec) reads @ chr7:80000000-85000000
ForkPoolWorker-42 countReadsInRegions_worker: processing 5000000 (9779914.2 per sec) @ chr7:80000000-85000000
ForkPoolWorker-42,  processing 170 (60849.3 per sec) reads @ chr3:35000000-40000000
ForkPoolWorker-42 countReadsInRegions_worker: processing 5000000 (10808312.5 per sec) @ chr3:35000000-40000000
ForkPoolWorker-42,  processing 49 (43294.9 per sec) reads @ chr5:15000000-20000000
ForkPoolWorker-42 countReadsInRegions_worker: processing 5000000 (11110580.1 per sec) @ chr5:15000000-20000000
ForkPoolWorker-42,  processing 0 (0.0 per sec) reads @ chr14:10000000-15000000
ForkPoolWorker-42 countReadsInRegions_worker: processing 5000000 (11390662.7 per sec) @ chr14:10000000-15000000
ForkPoolWorker-42,  processing 202 (95777.7 per sec) reads @ chr14:65000000-70000000
ForkPoolWorker-42 countReadsInRegions_worker: processing 5000000 (11620386.1 per sec) @ chr14:65000000-70000000
ForkPoolWorker-42,  processing 456 (112169.5 per sec) reads @ chr19:35000000-40000000
ForkPoolWorker-42 countReadsInRegions_worker: processing 5000000 (11468602.0 per sec) @ chr19:35000000-40000000
ForkPoolWorker-42,  processing 3 (8855.0 per sec) reads @ chrUn_GL000220v1:0-161802
ForkPoolWorker-42 countReadsInRegions_worker: processing 161802 (7958238.8 per sec) @ chrUn_GL000220v1:0-161802
ForkPoolWorker-42,  processing 0 (0.0 per sec) reads @ chrUn_KI270372v1:0-1650
ForkPoolWorker-42 countReadsInRegions_worker: processing 1650 (235683.2 per sec) @ chrUn_KI270372v1:0-1650
ForkPoolWorker-42,  processing 111 (76210.1 per sec) reads @ chr14:50000000-55000000
ForkPoolWorker-42 countReadsInRegions_worker: processing 5000000 (11766469.6 per sec) @ chr14:50000000-55000000
ForkPoolWorker-42,  processing 275 (105538.8 per sec) reads @ chr20:0-5000000
ForkPoolWorker-42 countReadsInRegions_worker: processing 5000000 (11686247.3 per sec) @ chr20:0-5000000
ForkPoolWorker-42,  processing 0 (0.0 per sec) reads @ chr9:50000000-55000000
ForkPoolWorker-42 countReadsInRegions_worker: processing 5000000 (11711235.4 per sec) @ chr9:50000000-55000000
ForkPoolWorker-42,  processing 91 (73897.7 per sec) reads @ chr3:185000000-190000000
ForkPoolWorker-42 countReadsInRegions_worker: processing 5000000 (11826147.4 per sec) @ chr3:185000000-190000000
ForkPoolWorker-42,  processing 0 (0.0 per sec) reads @ chrUn_KI270508v1:0-1951
ForkPoolWorker-42 countReadsInRegions_worker: processing 1951 (301014.8 per sec) @ chrUn_KI270508v1:0-1951
ForkPoolWorker-42,  processing 69 (71866.6 per sec) reads @ chrX:10000000-15000000
ForkPoolWorker-42 countReadsInRegions_worker: processing 5000000 (11747928.0 per sec) @ chrX:10000000-15000000
ForkPoolWorker-42,  processing 150 (97391.0 per sec) reads @ chrX:115000000-120000000
ForkPoolWorker-42 countReadsInRegions_worker: processing 5000000 (11927557.1 per sec) @ chrX:115000000-120000000
ForkPoolWorker-43,  processing 436 (67485.3 per sec) reads @ chr9:130000000-135000000
ForkPoolWorker-43 countReadsInRegions_worker: processing 5000000 (10627892.1 per sec) @ chr9:130000000-135000000
ForkPoolWorker-43,  processing 14 (16315.7 per sec) reads @ chrX:30000000-35000000
ForkPoolWorker-43 countReadsInRegions_worker: processing 5000000 (9169930.1 per sec) @ chrX:30000000-35000000
ForkPoolWorker-43,  processing 57 (65267.6 per sec) reads @ chr12:60000000-65000000
ForkPoolWorker-43 countReadsInRegions_worker: processing 5000000 (11431131.7 per sec) @ chr12:60000000-65000000
ForkPoolWorker-43,  processing 18 (31313.8 per sec) reads @ chrY:10000000-15000000
ForkPoolWorker-43 countReadsInRegions_worker: processing 5000000 (11674511.3 per sec) @ chrY:10000000-15000000
ForkPoolWorker-43,  processing 428 (126633.9 per sec) reads @ chr16:25000000-30000000
ForkPoolWorker-43 countReadsInRegions_worker: processing 5000000 (11652657.1 per sec) @ chr16:25000000-30000000
ForkPoolWorker-43,  processing 0 (0.0 per sec) reads @ chr1_KI270707v1_random:0-32032
ForkPoolWorker-43 countReadsInRegions_worker: processing 32032 (3448724.1 per sec) @ chr1_KI270707v1_random:0-32032
ForkPoolWorker-43,  processing 55 (59363.5 per sec) reads @ chr8:95000000-100000000
ForkPoolWorker-43 countReadsInRegions_worker: processing 5000000 (11751983.3 per sec) @ chr8:95000000-100000000
ForkPoolWorker-43,  processing 0 (0.0 per sec) reads @ chrUn_KI270748v1:0-93321
ForkPoolWorker-43 countReadsInRegions_worker: processing 93321 (6482447.2 per sec) @ chrUn_KI270748v1:0-93321
ForkPoolWorker-43,  processing 9 (16462.6 per sec) reads @ chr16:60000000-65000000
ForkPoolWorker-43 countReadsInRegions_worker: processing 5000000 (11740568.5 per sec) @ chr16:60000000-65000000
ForkPoolWorker-43,  processing 108 (87465.7 per sec) reads @ chr4:80000000-85000000
ForkPoolWorker-43 countReadsInRegions_worker: processing 5000000 (11864631.9 per sec) @ chr4:80000000-85000000
ForkPoolWorker-43,  processing 45 (55924.1 per sec) reads @ chr4:155000000-160000000
ForkPoolWorker-43 countReadsInRegions_worker: processing 5000000 (11898397.2 per sec) @ chr4:155000000-160000000
ForkPoolWorker-43,  processing 108 (81736.7 per sec) reads @ chr10:90000000-95000000
ForkPoolWorker-43 countReadsInRegions_worker: processing 5000000 (11838604.7 per sec) @ chr10:90000000-95000000
ForkPoolWorker-43,  processing 65 (64680.8 per sec) reads @ chr3:155000000-160000000
ForkPoolWorker-43 countReadsInRegions_worker: processing 5000000 (11945779.1 per sec) @ chr3:155000000-160000000
ForkPoolWorker-43,  processing 489 (116468.7 per sec) reads @ chr3:50000000-55000000
ForkPoolWorker-43 countReadsInRegions_worker: processing 5000000 (11860015.6 per sec) @ chr3:50000000-55000000
ForkPoolWorker-43,  processing 0 (0.0 per sec) reads @ chrUn_KI270530v1:0-2168
ForkPoolWorker-43 countReadsInRegions_worker: processing 2168 (309042.0 per sec) @ chrUn_KI270530v1:0-2168
ForkPoolWorker-17,  processing 127 (18056.2 per sec) reads @ chr22:50000000-50818468
ForkPoolWorker-17 countReadsInRegions_worker: processing 818468 (4465867.7 per sec) @ chr22:50000000-50818468
ForkPoolWorker-17,  processing 95 (46647.0 per sec) reads @ chr6:145000000-150000000
ForkPoolWorker-17 countReadsInRegions_worker: processing 5000000 (11881706.0 per sec) @ chr6:145000000-150000000
ForkPoolWorker-17,  processing 68 (37316.8 per sec) reads @ chr2:55000000-60000000
ForkPoolWorker-17 countReadsInRegions_worker: processing 5000000 (12010760.2 per sec) @ chr2:55000000-60000000
ForkPoolWorker-17,  processing 84 (69477.7 per sec) reads @ chr4:20000000-25000000
ForkPoolWorker-17 countReadsInRegions_worker: processing 5000000 (11933686.1 per sec) @ chr4:20000000-25000000
ForkPoolWorker-17,  processing 0 (0.0 per sec) reads @ chr2_KI270716v1_random:0-153799
ForkPoolWorker-17 countReadsInRegions_worker: processing 153799 (7118592.8 per sec) @ chr2_KI270716v1_random:0-153799
ForkPoolWorker-17,  processing 213 (91115.4 per sec) reads @ chr5:70000000-75000000
ForkPoolWorker-17 countReadsInRegions_worker: processing 5000000 (11864081.5 per sec) @ chr5:70000000-75000000
ForkPoolWorker-17,  processing 227 (93015.5 per sec) reads @ chr15:40000000-45000000
ForkPoolWorker-17 countReadsInRegions_worker: processing 5000000 (11831444.9 per sec) @ chr15:40000000-45000000
ForkPoolWorker-17,  processing 72 (66342.2 per sec) reads @ chr3:95000000-100000000
ForkPoolWorker-17 countReadsInRegions_worker: processing 5000000 (11911494.4 per sec) @ chr3:95000000-100000000
ForkPoolWorker-17,  processing 127 (85957.2 per sec) reads @ chr16:15000000-20000000
ForkPoolWorker-17 countReadsInRegions_worker: processing 5000000 (11880696.3 per sec) @ chr16:15000000-20000000
ForkPoolWorker-17,  processing 0 (0.0 per sec) reads @ chrUn_KI270528v1:0-2983
ForkPoolWorker-17 countReadsInRegions_worker: processing 2983 (352926.8 per sec) @ chrUn_KI270528v1:0-2983
ForkPoolWorker-17,  processing 551 (122935.3 per sec) reads @ chr22:40000000-45000000
ForkPoolWorker-17 countReadsInRegions_worker: processing 5000000 (11717772.5 per sec) @ chr22:40000000-45000000
ForkPoolWorker-17,  processing 42 (49001.6 per sec) reads @ chrX:125000000-130000000
ForkPoolWorker-17 countReadsInRegions_worker: processing 5000000 (11947466.9 per sec) @ chrX:125000000-130000000
ForkPoolWorker-17,  processing 0 (0.0 per sec) reads @ chrUn_KI270381v1:0-1930
ForkPoolWorker-17 countReadsInRegions_worker: processing 1930 (262816.4 per sec) @ chrUn_KI270381v1:0-1930
ForkPoolWorker-17,  processing 156 (88852.7 per sec) reads @ chr5:130000000-135000000
ForkPoolWorker-17 countReadsInRegions_worker: processing 5000000 (11802500.0 per sec) @ chr5:130000000-135000000
ForkPoolWorker-17,  processing 37 (50206.8 per sec) reads @ chr11:80000000-85000000
ForkPoolWorker-17 countReadsInRegions_worker: processing 5000000 (11973852.4 per sec) @ chr11:80000000-85000000
ForkPoolWorker-8,  processing 127 (49167.1 per sec) reads @ chrX:0-5000000
ForkPoolWorker-8 countReadsInRegions_worker: processing 5000000 (10345021.2 per sec) @ chrX:0-5000000
ForkPoolWorker-8,  processing 0 (0.0 per sec) reads @ chrUn_KI270340v1:0-1428
ForkPoolWorker-8 countReadsInRegions_worker: processing 1428 (213634.8 per sec) @ chrUn_KI270340v1:0-1428
ForkPoolWorker-8,  processing 219 (69873.2 per sec) reads @ chr1:110000000-115000000
ForkPoolWorker-8 countReadsInRegions_worker: processing 5000000 (11349220.0 per sec) @ chr1:110000000-115000000
ForkPoolWorker-8,  processing 114 (40258.5 per sec) reads @ chr2:35000000-40000000
ForkPoolWorker-8 countReadsInRegions_worker: processing 5000000 (11526949.0 per sec) @ chr2:35000000-40000000
ForkPoolWorker-8,  processing 46 (58236.6 per sec) reads @ chr13:35000000-40000000
ForkPoolWorker-8 countReadsInRegions_worker: processing 5000000 (11517674.5 per sec) @ chr13:35000000-40000000
ForkPoolWorker-8,  processing 19 (33724.8 per sec) reads @ chr13:65000000-70000000
ForkPoolWorker-8 countReadsInRegions_worker: processing 5000000 (11713387.4 per sec) @ chr13:65000000-70000000
ForkPoolWorker-8,  processing 135 (85198.8 per sec) reads @ chr1:165000000-170000000
ForkPoolWorker-8 countReadsInRegions_worker: processing 5000000 (11810309.9 per sec) @ chr1:165000000-170000000
ForkPoolWorker-8,  processing 0 (0.0 per sec) reads @ chrUn_KI270337v1:0-1121
ForkPoolWorker-8 countReadsInRegions_worker: processing 1121 (171205.4 per sec) @ chrUn_KI270337v1:0-1121
ForkPoolWorker-8,  processing 43 (59094.1 per sec) reads @ chr6:95000000-100000000
ForkPoolWorker-8 countReadsInRegions_worker: processing 5000000 (11793904.5 per sec) @ chr6:95000000-100000000
ForkPoolWorker-8,  processing 1071 (166583.8 per sec) reads @ chr6:35000000-40000000
ForkPoolWorker-8 countReadsInRegions_worker: processing 5000000 (11648307.7 per sec) @ chr6:35000000-40000000
ForkPoolWorker-8,  processing 2 (5664.2 per sec) reads @ chrY:15000000-20000000
ForkPoolWorker-8 countReadsInRegions_worker: processing 5000000 (11420629.9 per sec) @ chrY:15000000-20000000
ForkPoolWorker-8,  processing 645 (122296.7 per sec) reads @ chr8:140000000-145000000
ForkPoolWorker-8 countReadsInRegions_worker: processing 5000000 (11839620.6 per sec) @ chr8:140000000-145000000
ForkPoolWorker-8,  processing 0 (0.0 per sec) reads @ chrUn_KI270743v1:0-210658
ForkPoolWorker-8 countReadsInRegions_worker: processing 210658 (8667742.7 per sec) @ chrUn_KI270743v1:0-210658
ForkPoolWorker-8,  processing 153 (99911.0 per sec) reads @ chr7:140000000-145000000
ForkPoolWorker-8 countReadsInRegions_worker: processing 5000000 (11853030.8 per sec) @ chr7:140000000-145000000
ForkPoolWorker-8,  processing 55 (58698.9 per sec) reads @ chrX:75000000-80000000
ForkPoolWorker-8 countReadsInRegions_worker: processing 5000000 (10373077.3 per sec) @ chrX:75000000-80000000
ForkPoolWorker-45,  processing 106 (17793.8 per sec) reads @ chr15:95000000-100000000
ForkPoolWorker-45 countReadsInRegions_worker: processing 5000000 (9799395.6 per sec) @ chr15:95000000-100000000
ForkPoolWorker-45,  processing 21 (32334.9 per sec) reads @ chr2:80000000-85000000
ForkPoolWorker-45 countReadsInRegions_worker: processing 5000000 (11263329.6 per sec) @ chr2:80000000-85000000
ForkPoolWorker-45,  processing 0 (0.0 per sec) reads @ chr16_KI270728v1_random:0-1872759
ForkPoolWorker-45 countReadsInRegions_worker: processing 1872759 (11523510.9 per sec) @ chr16_KI270728v1_random:0-1872759
ForkPoolWorker-45,  processing 29 (46108.7 per sec) reads @ chr6:65000000-70000000
ForkPoolWorker-45 countReadsInRegions_worker: processing 5000000 (11988164.8 per sec) @ chr6:65000000-70000000
ForkPoolWorker-45,  processing 91 (54863.0 per sec) reads @ chr6:110000000-115000000
ForkPoolWorker-45 countReadsInRegions_worker: processing 5000000 (11725529.6 per sec) @ chr6:110000000-115000000
ForkPoolWorker-45,  processing 113 (83281.7 per sec) reads @ chr15:25000000-30000000
ForkPoolWorker-45 countReadsInRegions_worker: processing 5000000 (11778384.7 per sec) @ chr15:25000000-30000000
ForkPoolWorker-45,  processing 201 (96316.1 per sec) reads @ chr19:30000000-35000000
ForkPoolWorker-45 countReadsInRegions_worker: processing 5000000 (11735772.3 per sec) @ chr19:30000000-35000000
ForkPoolWorker-45,  processing 0 (0.0 per sec) reads @ chr13:0-5000000
ForkPoolWorker-45 countReadsInRegions_worker: processing 5000000 (11914011.7 per sec) @ chr13:0-5000000
ForkPoolWorker-45,  processing 180 (108255.6 per sec) reads @ chr8:70000000-75000000
ForkPoolWorker-45 countReadsInRegions_worker: processing 5000000 (11905983.0 per sec) @ chr8:70000000-75000000
ForkPoolWorker-45,  processing 0 (0.0 per sec) reads @ chrUn_KI270584v1:0-4513
ForkPoolWorker-45 countReadsInRegions_worker: processing 4513 (651911.2 per sec) @ chrUn_KI270584v1:0-4513
ForkPoolWorker-45,  processing 68 (72059.8 per sec) reads @ chr3:170000000-175000000
ForkPoolWorker-45 countReadsInRegions_worker: processing 5000000 (11833367.6 per sec) @ chr3:170000000-175000000
ForkPoolWorker-45,  processing 209 (101860.3 per sec) reads @ chr4:5000000-10000000
ForkPoolWorker-45 countReadsInRegions_worker: processing 5000000 (11830790.8 per sec) @ chr4:5000000-10000000
ForkPoolWorker-45,  processing 184 (91202.1 per sec) reads @ chr3:180000000-185000000
ForkPoolWorker-45 countReadsInRegions_worker: processing 5000000 (11953820.7 per sec) @ chr3:180000000-185000000
ForkPoolWorker-45,  processing 1 (2783.2 per sec) reads @ chr14_GL000009v2_random:0-201709
ForkPoolWorker-45 countReadsInRegions_worker: processing 201709 (7859507.9 per sec) @ chr14_GL000009v2_random:0-201709
ForkPoolWorker-45,  processing 385 (144114.9 per sec) reads @ chr1:205000000-210000000
ForkPoolWorker-45 countReadsInRegions_worker: processing 5000000 (11958926.3 per sec) @ chr1:205000000-210000000
ForkPoolWorker-40,  processing 16 (6172.6 per sec) reads @ chr18:65000000-70000000
ForkPoolWorker-40 countReadsInRegions_worker: processing 5000000 (9965193.3 per sec) @ chr18:65000000-70000000
ForkPoolWorker-40,  processing 55 (41363.9 per sec) reads @ chr4:55000000-60000000
ForkPoolWorker-40 countReadsInRegions_worker: processing 5000000 (10674669.6 per sec) @ chr4:55000000-60000000
ForkPoolWorker-40,  processing 89 (52216.1 per sec) reads @ chr4:105000000-110000000
ForkPoolWorker-40 countReadsInRegions_worker: processing 5000000 (11001129.9 per sec) @ chr4:105000000-110000000
ForkPoolWorker-40,  processing 37 (46242.3 per sec) reads @ chr2:210000000-215000000
ForkPoolWorker-40 countReadsInRegions_worker: processing 5000000 (11225443.8 per sec) @ chr2:210000000-215000000
ForkPoolWorker-40,  processing 125 (86430.6 per sec) reads @ chr8:45000000-50000000
ForkPoolWorker-40 countReadsInRegions_worker: processing 5000000 (11430427.7 per sec) @ chr8:45000000-50000000
ForkPoolWorker-40,  processing 2636 (183052.5 per sec) reads @ chrM:0-16569
ForkPoolWorker-40 countReadsInRegions_worker: processing 16569 (761026.6 per sec) @ chrM:0-16569
ForkPoolWorker-40,  processing 240 (101444.4 per sec) reads @ chr12:0-5000000
ForkPoolWorker-40 countReadsInRegions_worker: processing 5000000 (11741008.9 per sec) @ chr12:0-5000000
ForkPoolWorker-40,  processing 25 (40206.1 per sec) reads @ chr11:100000000-105000000
ForkPoolWorker-40 countReadsInRegions_worker: processing 5000000 (11725745.9 per sec) @ chr11:100000000-105000000
ForkPoolWorker-40,  processing 130 (93143.1 per sec) reads @ chr2:170000000-175000000
ForkPoolWorker-40 countReadsInRegions_worker: processing 5000000 (11777035.4 per sec) @ chr2:170000000-175000000
ForkPoolWorker-40,  processing 354 (113437.5 per sec) reads @ chr1:10000000-15000000
ForkPoolWorker-40 countReadsInRegions_worker: processing 5000000 (11620244.5 per sec) @ chr1:10000000-15000000
ForkPoolWorker-40,  processing 25 (43365.4 per sec) reads @ chr1:140000000-145000000
ForkPoolWorker-40 countReadsInRegions_worker: processing 5000000 (11761025.7 per sec) @ chr1:140000000-145000000
ForkPoolWorker-40,  processing 0 (0.0 per sec) reads @ chrY:55000000-57227415
ForkPoolWorker-40 countReadsInRegions_worker: processing 2227415 (11654062.2 per sec) @ chrY:55000000-57227415
ForkPoolWorker-40,  processing 51 (60908.2 per sec) reads @ chr6:75000000-80000000
ForkPoolWorker-40 countReadsInRegions_worker: processing 5000000 (11950401.2 per sec) @ chr6:75000000-80000000
ForkPoolWorker-40,  processing 409 (108471.1 per sec) reads @ chr4:0-5000000
ForkPoolWorker-40 countReadsInRegions_worker: processing 5000000 (11958728.6 per sec) @ chr4:0-5000000
ForkPoolWorker-40,  processing 2 (5745.6 per sec) reads @ chrUn_GL000218v1:0-161147
ForkPoolWorker-40 countReadsInRegions_worker: processing 161147 (7813957.5 per sec) @ chrUn_GL000218v1:0-161147
ForkPoolWorker-9,  processing 101 (36422.0 per sec) reads @ chr6:15000000-20000000
ForkPoolWorker-9 countReadsInRegions_worker: processing 5000000 (10618238.5 per sec) @ chr6:15000000-20000000
ForkPoolWorker-9,  processing 55 (42902.5 per sec) reads @ chr3:20000000-25000000
ForkPoolWorker-9 countReadsInRegions_worker: processing 5000000 (11379247.1 per sec) @ chr3:20000000-25000000
ForkPoolWorker-9,  processing 0 (0.0 per sec) reads @ chr1_KI270714v1_random:0-41717
ForkPoolWorker-9 countReadsInRegions_worker: processing 41717 (3948053.4 per sec) @ chr1_KI270714v1_random:0-41717
ForkPoolWorker-9,  processing 109 (60569.6 per sec) reads @ chr14:105000000-107043718
ForkPoolWorker-9 countReadsInRegions_worker: processing 2043718 (11561018.0 per sec) @ chr14:105000000-107043718
ForkPoolWorker-9,  processing 0 (0.0 per sec) reads @ chr16:40000000-45000000
ForkPoolWorker-9 countReadsInRegions_worker: processing 5000000 (11942099.0 per sec) @ chr16:40000000-45000000
ForkPoolWorker-9,  processing 0 (0.0 per sec) reads @ chr14_KI270722v1_random:0-194050
ForkPoolWorker-9 countReadsInRegions_worker: processing 194050 (8492239.1 per sec) @ chr14_KI270722v1_random:0-194050
ForkPoolWorker-9,  processing 40 (55079.5 per sec) reads @ chr8:55000000-60000000
ForkPoolWorker-9 countReadsInRegions_worker: processing 5000000 (11987493.2 per sec) @ chr8:55000000-60000000
ForkPoolWorker-9,  processing 462 (115929.9 per sec) reads @ chr17:45000000-50000000
ForkPoolWorker-9 countReadsInRegions_worker: processing 5000000 (11921976.7 per sec) @ chr17:45000000-50000000
ForkPoolWorker-9,  processing 158 (91331.3 per sec) reads @ chr15:90000000-95000000
ForkPoolWorker-9 countReadsInRegions_worker: processing 5000000 (11922749.4 per sec) @ chr15:90000000-95000000
ForkPoolWorker-9,  processing 75 (71624.0 per sec) reads @ chr10:25000000-30000000
ForkPoolWorker-9 countReadsInRegions_worker: processing 5000000 (12062941.3 per sec) @ chr10:25000000-30000000
ForkPoolWorker-9,  processing 42 (54454.6 per sec) reads @ chr14:85000000-90000000
ForkPoolWorker-9 countReadsInRegions_worker: processing 5000000 (12075012.8 per sec) @ chr14:85000000-90000000
ForkPoolWorker-9,  processing 84 (67871.6 per sec) reads @ chr7:90000000-95000000
ForkPoolWorker-9 countReadsInRegions_worker: processing 5000000 (11982705.5 per sec) @ chr7:90000000-95000000
ForkPoolWorker-9,  processing 40 (47473.7 per sec) reads @ chr7:120000000-125000000
ForkPoolWorker-9 countReadsInRegions_worker: processing 5000000 (11994342.4 per sec) @ chr7:120000000-125000000
ForkPoolWorker-9,  processing 18 (32346.8 per sec) reads @ chr4:60000000-65000000
ForkPoolWorker-9 countReadsInRegions_worker: processing 5000000 (11967374.9 per sec) @ chr4:60000000-65000000
ForkPoolWorker-9,  processing 235 (102172.8 per sec) reads @ chr6:155000000-160000000
ForkPoolWorker-9 countReadsInRegions_worker: processing 5000000 (11891212.1 per sec) @ chr6:155000000-160000000
ForkPoolWorker-46,  processing 155 (49273.7 per sec) reads @ chr13:75000000-80000000
ForkPoolWorker-46 countReadsInRegions_worker: processing 5000000 (10366206.5 per sec) @ chr13:75000000-80000000
ForkPoolWorker-46,  processing 45 (27173.0 per sec) reads @ chr4:120000000-125000000
ForkPoolWorker-46 countReadsInRegions_worker: processing 5000000 (10883904.1 per sec) @ chr4:120000000-125000000
ForkPoolWorker-46,  processing 90 (51323.9 per sec) reads @ chr5:125000000-130000000
ForkPoolWorker-46 countReadsInRegions_worker: processing 5000000 (11071556.0 per sec) @ chr5:125000000-130000000
ForkPoolWorker-46,  processing 340 (105221.2 per sec) reads @ chrX:45000000-50000000
ForkPoolWorker-46 countReadsInRegions_worker: processing 5000000 (11219780.5 per sec) @ chrX:45000000-50000000
ForkPoolWorker-46,  processing 1 (2799.9 per sec) reads @ chrY:0-5000000
ForkPoolWorker-46 countReadsInRegions_worker: processing 5000000 (11646671.1 per sec) @ chrY:0-5000000
ForkPoolWorker-46,  processing 0 (0.0 per sec) reads @ chrUn_KI270538v1:0-91309
ForkPoolWorker-46 countReadsInRegions_worker: processing 91309 (5433155.6 per sec) @ chrUn_KI270538v1:0-91309
ForkPoolWorker-46,  processing 87 (73539.8 per sec) reads @ chr8:25000000-30000000
ForkPoolWorker-46 countReadsInRegions_worker: processing 5000000 (11431829.6 per sec) @ chr8:25000000-30000000
ForkPoolWorker-46,  processing 249 (123537.0 per sec) reads @ chr6:50000000-55000000
ForkPoolWorker-46 countReadsInRegions_worker: processing 5000000 (11618197.3 per sec) @ chr6:50000000-55000000
ForkPoolWorker-46,  processing 176 (91417.6 per sec) reads @ chr20:45000000-50000000
ForkPoolWorker-46 countReadsInRegions_worker: processing 5000000 (11815646.5 per sec) @ chr20:45000000-50000000
ForkPoolWorker-46,  processing 0 (0.0 per sec) reads @ chrUn_KI270510v1:0-2415
ForkPoolWorker-46 countReadsInRegions_worker: processing 2415 (366007.0 per sec) @ chrUn_KI270510v1:0-2415
ForkPoolWorker-46,  processing 146 (89974.8 per sec) reads @ chr2:175000000-180000000
ForkPoolWorker-46 countReadsInRegions_worker: processing 5000000 (11701263.9 per sec) @ chr2:175000000-180000000
ForkPoolWorker-46,  processing 30 (39983.8 per sec) reads @ chr18:70000000-75000000
ForkPoolWorker-46 countReadsInRegions_worker: processing 5000000 (11830463.7 per sec) @ chr18:70000000-75000000
ForkPoolWorker-46,  processing 178 (98338.5 per sec) reads @ chr10:125000000-130000000
ForkPoolWorker-46 countReadsInRegions_worker: processing 5000000 (11782249.3 per sec) @ chr10:125000000-130000000
ForkPoolWorker-46,  processing 123 (83465.4 per sec) reads @ chr6:160000000-165000000
ForkPoolWorker-46 countReadsInRegions_worker: processing 5000000 (11935757.6 per sec) @ chr6:160000000-165000000
ForkPoolWorker-46,  processing 86 (85274.3 per sec) reads @ chr4:110000000-115000000
ForkPoolWorker-46 countReadsInRegions_worker: processing 5000000 (11838805.2 per sec) @ chr4:110000000-115000000
ForkPoolWorker-44,  processing 52 (11022.0 per sec) reads @ chr8:75000000-80000000
ForkPoolWorker-44 countReadsInRegions_worker: processing 5000000 (10676294.5 per sec) @ chr8:75000000-80000000
ForkPoolWorker-44,  processing 0 (0.0 per sec) reads @ chr1_KI270710v1_random:0-40176
ForkPoolWorker-44 countReadsInRegions_worker: processing 40176 (4133803.3 per sec) @ chr1_KI270710v1_random:0-40176
ForkPoolWorker-44,  processing 0 (0.0 per sec) reads @ chrUn_KI270378v1:0-1048
ForkPoolWorker-44 countReadsInRegions_worker: processing 1048 (159325.5 per sec) @ chrUn_KI270378v1:0-1048
ForkPoolWorker-44,  processing 0 (0.0 per sec) reads @ chrUn_KI270388v1:0-1216
ForkPoolWorker-44 countReadsInRegions_worker: processing 1216 (190957.1 per sec) @ chrUn_KI270388v1:0-1216
ForkPoolWorker-44,  processing 25 (39568.9 per sec) reads @ chr9:10000000-15000000
ForkPoolWorker-44 countReadsInRegions_worker: processing 5000000 (11494260.7 per sec) @ chr9:10000000-15000000
ForkPoolWorker-44,  processing 0 (0.0 per sec) reads @ chrUn_KI270465v1:0-1774
ForkPoolWorker-44 countReadsInRegions_worker: processing 1774 (276236.1 per sec) @ chrUn_KI270465v1:0-1774
ForkPoolWorker-44,  processing 0 (0.0 per sec) reads @ chrUn_KI270580v1:0-1553
ForkPoolWorker-44 countReadsInRegions_worker: processing 1553 (245579.6 per sec) @ chrUn_KI270580v1:0-1553
ForkPoolWorker-44,  processing 741 (115736.2 per sec) reads @ chr19:45000000-50000000
ForkPoolWorker-44 countReadsInRegions_worker: processing 5000000 (11480656.5 per sec) @ chr19:45000000-50000000
ForkPoolWorker-44,  processing 0 (0.0 per sec) reads @ chr2_KI270715v1_random:0-161471
ForkPoolWorker-44 countReadsInRegions_worker: processing 161471 (7990401.7 per sec) @ chr2_KI270715v1_random:0-161471
ForkPoolWorker-44,  processing 28 (26121.1 per sec) reads @ chr3:115000000-120000000
ForkPoolWorker-44 countReadsInRegions_worker: processing 5000000 (11621165.3 per sec) @ chr3:115000000-120000000
ForkPoolWorker-44,  processing 308 (102122.2 per sec) reads @ chr20:60000000-64444167
ForkPoolWorker-44 countReadsInRegions_worker: processing 4444167 (11493000.6 per sec) @ chr20:60000000-64444167
ForkPoolWorker-44,  processing 87 (65348.2 per sec) reads @ chr1:75000000-80000000
ForkPoolWorker-44 countReadsInRegions_worker: processing 5000000 (11933550.2 per sec) @ chr1:75000000-80000000
ForkPoolWorker-44,  processing 58 (57052.0 per sec) reads @ chr18:10000000-15000000
ForkPoolWorker-44 countReadsInRegions_worker: processing 5000000 (11998308.8 per sec) @ chr18:10000000-15000000
ForkPoolWorker-44,  processing 317 (140016.3 per sec) reads @ chr8:10000000-15000000
ForkPoolWorker-44 countReadsInRegions_worker: processing 5000000 (11775666.5 per sec) @ chr8:10000000-15000000
ForkPoolWorker-44,  processing 40 (52184.2 per sec) reads @ chr6:120000000-125000000
ForkPoolWorker-44 countReadsInRegions_worker: processing 5000000 (11998624.6 per sec) @ chr6:120000000-125000000
ForkPoolWorker-44,  processing 119 (78404.4 per sec) reads @ chr11:55000000-60000000
ForkPoolWorker-44 countReadsInRegions_worker: processing 5000000 (11997251.8 per sec) @ chr11:55000000-60000000
ForkPoolWorker-44,  processing 99 (80022.4 per sec) reads @ chr1:65000000-70000000
ForkPoolWorker-44 countReadsInRegions_worker: processing 5000000 (11972423.7 per sec) @ chr1:65000000-70000000
ForkPoolWorker-44,  processing 1 (2772.2 per sec) reads @ chr17_KI270729v1_random:0-280839
ForkPoolWorker-44 countReadsInRegions_worker: processing 280839 (9557969.3 per sec) @ chr17_KI270729v1_random:0-280839
ForkPoolWorker-44,  processing 58 (59859.7 per sec) reads @ chr4:50000000-55000000
ForkPoolWorker-44 countReadsInRegions_worker: processing 5000000 (11956301.4 per sec) @ chr4:50000000-55000000
ForkPoolWorker-44,  processing 476 (109793.7 per sec) reads @ chr19:5000000-10000000
ForkPoolWorker-44 countReadsInRegions_worker: processing 5000000 (11731439.4 per sec) @ chr19:5000000-10000000
ForkPoolWorker-41,  processing 451 (43565.9 per sec) reads @ chr16:30000000-35000000
ForkPoolWorker-41 countReadsInRegions_worker: processing 5000000 (9421587.0 per sec) @ chr16:30000000-35000000
ForkPoolWorker-41,  processing 76 (34506.1 per sec) reads @ chr9:0-5000000
ForkPoolWorker-41 countReadsInRegions_worker: processing 5000000 (11290848.3 per sec) @ chr9:0-5000000
ForkPoolWorker-41,  processing 851 (151855.0 per sec) reads @ chr8:100000000-105000000
ForkPoolWorker-41 countReadsInRegions_worker: processing 5000000 (11474783.0 per sec) @ chr8:100000000-105000000
ForkPoolWorker-41,  processing 909 (118173.2 per sec) reads @ chr17:80000000-83257441
ForkPoolWorker-41 countReadsInRegions_worker: processing 3257441 (11148590.4 per sec) @ chr17:80000000-83257441
ForkPoolWorker-41,  processing 41 (54265.2 per sec) reads @ chr9:5000000-10000000
ForkPoolWorker-41 countReadsInRegions_worker: processing 5000000 (12000080.1 per sec) @ chr9:5000000-10000000
ForkPoolWorker-41,  processing 0 (0.0 per sec) reads @ chrUn_KI270390v1:0-2387
ForkPoolWorker-41 countReadsInRegions_worker: processing 2387 (344308.5 per sec) @ chrUn_KI270390v1:0-2387
ForkPoolWorker-41,  processing 118 (93789.6 per sec) reads @ chr16:75000000-80000000
ForkPoolWorker-41 countReadsInRegions_worker: processing 5000000 (12052576.9 per sec) @ chr16:75000000-80000000
ForkPoolWorker-41,  processing 575 (118262.4 per sec) reads @ chr17:0-5000000
ForkPoolWorker-41 countReadsInRegions_worker: processing 5000000 (11947092.5 per sec) @ chr17:0-5000000
ForkPoolWorker-41,  processing 0 (0.0 per sec) reads @ chr5_GL000208v1_random:0-92689
ForkPoolWorker-41 countReadsInRegions_worker: processing 92689 (6330041.7 per sec) @ chr5_GL000208v1_random:0-92689
ForkPoolWorker-41,  processing 9 (20448.9 per sec) reads @ chr14:15000000-20000000
ForkPoolWorker-41 countReadsInRegions_worker: processing 5000000 (12056616.6 per sec) @ chr14:15000000-20000000
ForkPoolWorker-41,  processing 25 (40548.2 per sec) reads @ chr4:45000000-50000000
ForkPoolWorker-41 countReadsInRegions_worker: processing 5000000 (12048803.0 per sec) @ chr4:45000000-50000000
ForkPoolWorker-41,  processing 141 (84557.7 per sec) reads @ chr10:110000000-115000000
ForkPoolWorker-41 countReadsInRegions_worker: processing 5000000 (11989295.6 per sec) @ chr10:110000000-115000000
ForkPoolWorker-41,  processing 694 (132624.7 per sec) reads @ chr21:5000000-10000000
ForkPoolWorker-41 countReadsInRegions_worker: processing 5000000 (11929341.6 per sec) @ chr21:5000000-10000000
ForkPoolWorker-41,  processing 40 (52725.4 per sec) reads @ chr2:180000000-185000000
ForkPoolWorker-41 countReadsInRegions_worker: processing 5000000 (11987417.8 per sec) @ chr2:180000000-185000000
ForkPoolWorker-41,  processing 117 (76343.1 per sec) reads @ chr6:130000000-135000000
ForkPoolWorker-41 countReadsInRegions_worker: processing 5000000 (11854826.5 per sec) @ chr6:130000000-135000000
ForkPoolWorker-15,  processing 0 (0.0 per sec) reads @ chrY:50000000-55000000
ForkPoolWorker-15 countReadsInRegions_worker: processing 5000000 (10139496.2 per sec) @ chrY:50000000-55000000
ForkPoolWorker-15,  processing 271 (84509.8 per sec) reads @ chr2:230000000-235000000
ForkPoolWorker-15 countReadsInRegions_worker: processing 5000000 (11319460.9 per sec) @ chr2:230000000-235000000
ForkPoolWorker-15,  processing 149 (59287.7 per sec) reads @ chr9:30000000-35000000
ForkPoolWorker-15 countReadsInRegions_worker: processing 5000000 (11503705.7 per sec) @ chr9:30000000-35000000
ForkPoolWorker-15,  processing 0 (0.0 per sec) reads @ chrUn_KI270588v1:0-6158
ForkPoolWorker-15 countReadsInRegions_worker: processing 6158 (881519.6 per sec) @ chrUn_KI270588v1:0-6158
ForkPoolWorker-15,  processing 110 (61639.7 per sec) reads @ chr4:75000000-80000000
ForkPoolWorker-15 countReadsInRegions_worker: processing 5000000 (11621236.1 per sec) @ chr4:75000000-80000000
ForkPoolWorker-15,  processing 0 (0.0 per sec) reads @ chrUn_KI270320v1:0-4416
ForkPoolWorker-15 countReadsInRegions_worker: processing 4416 (624184.4 per sec) @ chrUn_KI270320v1:0-4416
ForkPoolWorker-15,  processing 609 (106617.0 per sec) reads @ chr1:25000000-30000000
ForkPoolWorker-15 countReadsInRegions_worker: processing 5000000 (11465510.8 per sec) @ chr1:25000000-30000000
ForkPoolWorker-15,  processing 47 (55003.4 per sec) reads @ chr7:35000000-40000000
ForkPoolWorker-15 countReadsInRegions_worker: processing 5000000 (11635214.5 per sec) @ chr7:35000000-40000000
ForkPoolWorker-15,  processing 230 (143597.8 per sec) reads @ chr7:115000000-120000000
ForkPoolWorker-15 countReadsInRegions_worker: processing 5000000 (11568872.6 per sec) @ chr7:115000000-120000000
ForkPoolWorker-15,  processing 33 (52508.4 per sec) reads @ chrX:140000000-145000000
ForkPoolWorker-15 countReadsInRegions_worker: processing 5000000 (11560633.0 per sec) @ chrX:140000000-145000000
ForkPoolWorker-15,  processing 0 (0.0 per sec) reads @ chrUn_KI270757v1:0-71251
ForkPoolWorker-15 countReadsInRegions_worker: processing 71251 (5780991.5 per sec) @ chrUn_KI270757v1:0-71251
ForkPoolWorker-15,  processing 31 (44060.8 per sec) reads @ chr14:80000000-85000000
ForkPoolWorker-15 countReadsInRegions_worker: processing 5000000 (11563782.0 per sec) @ chr14:80000000-85000000
ForkPoolWorker-15,  processing 46 (55172.4 per sec) reads @ chr5:95000000-100000000
ForkPoolWorker-15 countReadsInRegions_worker: processing 5000000 (11647149.7 per sec) @ chr5:95000000-100000000
ForkPoolWorker-15,  processing 0 (0.0 per sec) reads @ chrUn_KI270382v1:0-4215
ForkPoolWorker-15 countReadsInRegions_worker: processing 4215 (641333.2 per sec) @ chrUn_KI270382v1:0-4215
ForkPoolWorker-15,  processing 100 (88506.1 per sec) reads @ chr10:60000000-65000000
ForkPoolWorker-15 countReadsInRegions_worker: processing 5000000 (11630523.3 per sec) @ chr10:60000000-65000000
ForkPoolWorker-15,  processing 47 (55577.2 per sec) reads @ chr18:25000000-30000000
ForkPoolWorker-15 countReadsInRegions_worker: processing 5000000 (11604041.5 per sec) @ chr18:25000000-30000000
ForkPoolWorker-15,  processing 127 (82317.5 per sec) reads @ chr10:0-5000000
ForkPoolWorker-15 countReadsInRegions_worker: processing 5000000 (11662292.9 per sec) @ chr10:0-5000000
ForkPoolWorker-1,  processing 52 (23515.2 per sec) reads @ chr6:55000000-60000000
ForkPoolWorker-1 countReadsInRegions_worker: processing 5000000 (9063681.9 per sec) @ chr6:55000000-60000000
ForkPoolWorker-1,  processing 172 (68897.0 per sec) reads @ chr7:95000000-100000000
ForkPoolWorker-1 countReadsInRegions_worker: processing 5000000 (10962892.5 per sec) @ chr7:95000000-100000000
ForkPoolWorker-1,  processing 0 (0.0 per sec) reads @ chrUn_KI270529v1:0-1899
ForkPoolWorker-1 countReadsInRegions_worker: processing 1899 (177019.3 per sec) @ chrUn_KI270529v1:0-1899
ForkPoolWorker-1,  processing 38 (27203.2 per sec) reads @ chr10:55000000-60000000
ForkPoolWorker-1 countReadsInRegions_worker: processing 5000000 (11569823.5 per sec) @ chr10:55000000-60000000
ForkPoolWorker-1,  processing 21 (32658.7 per sec) reads @ chr13:85000000-90000000
ForkPoolWorker-1 countReadsInRegions_worker: processing 5000000 (11566964.7 per sec) @ chr13:85000000-90000000
ForkPoolWorker-1,  processing 0 (0.0 per sec) reads @ chrUn_KI270466v1:0-1233
ForkPoolWorker-1 countReadsInRegions_worker: processing 1233 (176612.8 per sec) @ chrUn_KI270466v1:0-1233
ForkPoolWorker-1,  processing 150 (76988.0 per sec) reads @ chr7:70000000-75000000
ForkPoolWorker-1 countReadsInRegions_worker: processing 5000000 (11605460.6 per sec) @ chr7:70000000-75000000
ForkPoolWorker-1,  processing 14 (27594.1 per sec) reads @ chr12:80000000-85000000
ForkPoolWorker-1 countReadsInRegions_worker: processing 5000000 (11695240.9 per sec) @ chr12:80000000-85000000
ForkPoolWorker-1,  processing 72 (69743.6 per sec) reads @ chr4:40000000-45000000
ForkPoolWorker-1 countReadsInRegions_worker: processing 5000000 (11500538.8 per sec) @ chr4:40000000-45000000
ForkPoolWorker-1,  processing 24 (39600.0 per sec) reads @ chr9:65000000-70000000
ForkPoolWorker-1 countReadsInRegions_worker: processing 5000000 (11623348.8 per sec) @ chr9:65000000-70000000
ForkPoolWorker-1,  processing 0 (0.0 per sec) reads @ chr15:5000000-10000000
ForkPoolWorker-1 countReadsInRegions_worker: processing 5000000 (11710417.9 per sec) @ chr15:5000000-10000000
ForkPoolWorker-1,  processing 45 (46465.7 per sec) reads @ chr5:5000000-10000000
ForkPoolWorker-1 countReadsInRegions_worker: processing 5000000 (11854518.2 per sec) @ chr5:5000000-10000000
ForkPoolWorker-1,  processing 524 (122906.6 per sec) reads @ chrX:70000000-75000000
ForkPoolWorker-1 countReadsInRegions_worker: processing 5000000 (11624669.6 per sec) @ chrX:70000000-75000000
ForkPoolWorker-1,  processing 56 (66576.3 per sec) reads @ chrX:145000000-150000000
ForkPoolWorker-1 countReadsInRegions_worker: processing 5000000 (11829696.3 per sec) @ chrX:145000000-150000000
ForkPoolWorker-1,  processing 14 (26800.7 per sec) reads @ chr2:90000000-95000000
ForkPoolWorker-1 countReadsInRegions_worker: processing 5000000 (11802732.5 per sec) @ chr2:90000000-95000000
ForkPoolWorker-19,  processing 168 (15107.8 per sec) reads @ chr10:85000000-90000000
ForkPoolWorker-19 countReadsInRegions_worker: processing 5000000 (10090558.2 per sec) @ chr10:85000000-90000000
ForkPoolWorker-19,  processing 76 (36364.0 per sec) reads @ chr13:30000000-35000000
ForkPoolWorker-19 countReadsInRegions_worker: processing 5000000 (11469693.4 per sec) @ chr13:30000000-35000000
ForkPoolWorker-19,  processing 68 (37429.5 per sec) reads @ chr8:115000000-120000000
ForkPoolWorker-19 countReadsInRegions_worker: processing 5000000 (11713505.2 per sec) @ chr8:115000000-120000000
ForkPoolWorker-19,  processing 110 (44659.1 per sec) reads @ chr2:120000000-125000000
ForkPoolWorker-19 countReadsInRegions_worker: processing 5000000 (11622453.4 per sec) @ chr2:120000000-125000000
ForkPoolWorker-19,  processing 0 (0.0 per sec) reads @ chrUn_KI270393v1:0-1308
ForkPoolWorker-19 countReadsInRegions_worker: processing 1308 (192334.5 per sec) @ chrUn_KI270393v1:0-1308
ForkPoolWorker-19,  processing 124 (95412.5 per sec) reads @ chr10:15000000-20000000
ForkPoolWorker-19 countReadsInRegions_worker: processing 5000000 (11830443.7 per sec) @ chr10:15000000-20000000
ForkPoolWorker-19,  processing 83 (82066.8 per sec) reads @ chr17:10000000-15000000
ForkPoolWorker-19 countReadsInRegions_worker: processing 5000000 (11634678.7 per sec) @ chr17:10000000-15000000
ForkPoolWorker-19,  processing 0 (0.0 per sec) reads @ chrUn_KI270591v1:0-5796
ForkPoolWorker-19 countReadsInRegions_worker: processing 5796 (821068.2 per sec) @ chrUn_KI270591v1:0-5796
ForkPoolWorker-19,  processing 53 (64026.0 per sec) reads @ chr7:55000000-60000000
ForkPoolWorker-19 countReadsInRegions_worker: processing 5000000 (11578670.7 per sec) @ chr7:55000000-60000000
ForkPoolWorker-19,  processing 659 (125223.0 per sec) reads @ chr12:120000000-125000000
ForkPoolWorker-19 countReadsInRegions_worker: processing 5000000 (11525099.2 per sec) @ chr12:120000000-125000000
ForkPoolWorker-19,  processing 53 (57530.6 per sec) reads @ chr5:65000000-70000000
ForkPoolWorker-19 countReadsInRegions_worker: processing 5000000 (11735496.5 per sec) @ chr5:65000000-70000000
ForkPoolWorker-19,  processing 280 (108560.3 per sec) reads @ chr16:65000000-70000000
ForkPoolWorker-19 countReadsInRegions_worker: processing 5000000 (11723156.8 per sec) @ chr16:65000000-70000000
ForkPoolWorker-19,  processing 310 (110339.0 per sec) reads @ chr3:10000000-15000000
ForkPoolWorker-19 countReadsInRegions_worker: processing 5000000 (11704953.8 per sec) @ chr3:10000000-15000000
ForkPoolWorker-19,  processing 174 (95562.2 per sec) reads @ chr15:85000000-90000000
ForkPoolWorker-19 countReadsInRegions_worker: processing 5000000 (11808647.3 per sec) @ chr15:85000000-90000000
ForkPoolWorker-19,  processing 353 (112259.4 per sec) reads @ chrX:50000000-55000000
ForkPoolWorker-19 countReadsInRegions_worker: processing 5000000 (11906672.5 per sec) @ chrX:50000000-55000000
ForkPoolWorker-4,  processing 416 (40318.7 per sec) reads @ chr1:155000000-160000000
ForkPoolWorker-4 countReadsInRegions_worker: processing 5000000 (10229535.7 per sec) @ chr1:155000000-160000000
ForkPoolWorker-4,  processing 187 (56577.6 per sec) reads @ chr2:65000000-70000000
ForkPoolWorker-4 countReadsInRegions_worker: processing 5000000 (9121300.1 per sec) @ chr2:65000000-70000000
ForkPoolWorker-4,  processing 235 (82814.8 per sec) reads @ chr12:110000000-115000000
ForkPoolWorker-4 countReadsInRegions_worker: processing 5000000 (11509450.8 per sec) @ chr12:110000000-115000000
ForkPoolWorker-4,  processing 56 (43927.6 per sec) reads @ chr11:105000000-110000000
ForkPoolWorker-4 countReadsInRegions_worker: processing 5000000 (11646043.7 per sec) @ chr11:105000000-110000000
ForkPoolWorker-4,  processing 405 (74842.2 per sec) reads @ chr1:15000000-20000000
ForkPoolWorker-4 countReadsInRegions_worker: processing 5000000 (11587192.1 per sec) @ chr1:15000000-20000000
ForkPoolWorker-4,  processing 26 (44474.7 per sec) reads @ chr5:20000000-25000000
ForkPoolWorker-4 countReadsInRegions_worker: processing 5000000 (11619246.5 per sec) @ chr5:20000000-25000000
ForkPoolWorker-4,  processing 63 (77286.1 per sec) reads @ chr16:5000000-10000000
ForkPoolWorker-4 countReadsInRegions_worker: processing 5000000 (11781057.9 per sec) @ chr16:5000000-10000000
ForkPoolWorker-4,  processing 79 (67885.7 per sec) reads @ chr12:25000000-30000000
ForkPoolWorker-4 countReadsInRegions_worker: processing 5000000 (11808820.2 per sec) @ chr12:25000000-30000000
ForkPoolWorker-4,  processing 440 (108872.3 per sec) reads @ chr12:55000000-60000000
ForkPoolWorker-4 countReadsInRegions_worker: processing 5000000 (11614253.1 per sec) @ chr12:55000000-60000000
ForkPoolWorker-4,  processing 158 (98910.5 per sec) reads @ chr20:55000000-60000000
ForkPoolWorker-4 countReadsInRegions_worker: processing 5000000 (11954965.5 per sec) @ chr20:55000000-60000000
ForkPoolWorker-4,  processing 18 (34285.9 per sec) reads @ chr13:15000000-20000000
ForkPoolWorker-4 countReadsInRegions_worker: processing 5000000 (11716954.1 per sec) @ chr13:15000000-20000000
ForkPoolWorker-4,  processing 1 (3281.9 per sec) reads @ chrUn_KI270741v1:0-157432
ForkPoolWorker-4 countReadsInRegions_worker: processing 157432 (7872921.4 per sec) @ chrUn_KI270741v1:0-157432
ForkPoolWorker-4,  processing 66 (74575.4 per sec) reads @ chr20:25000000-30000000
ForkPoolWorker-4 countReadsInRegions_worker: processing 5000000 (11834001.9 per sec) @ chr20:25000000-30000000
ForkPoolWorker-4,  processing 0 (0.0 per sec) reads @ chrUn_GL000214v1:0-137718
ForkPoolWorker-4 countReadsInRegions_worker: processing 137718 (8082714.0 per sec) @ chrUn_GL000214v1:0-137718
ForkPoolWorker-4,  processing 11 (23979.9 per sec) reads @ chr9:40000000-45000000
ForkPoolWorker-4 countReadsInRegions_worker: processing 5000000 (11813875.9 per sec) @ chr9:40000000-45000000
ForkPoolWorker-16,  processing 50 (6274.4 per sec) reads @ chr1:70000000-75000000
ForkPoolWorker-16 countReadsInRegions_worker: processing 5000000 (10038687.1 per sec) @ chr1:70000000-75000000
ForkPoolWorker-16,  processing 108 (59926.6 per sec) reads @ chr18:75000000-80000000
ForkPoolWorker-16 countReadsInRegions_worker: processing 5000000 (11452650.0 per sec) @ chr18:75000000-80000000
ForkPoolWorker-16,  processing 1054 (90441.8 per sec) reads @ chr16:0-5000000
ForkPoolWorker-16 countReadsInRegions_worker: processing 5000000 (11326356.9 per sec) @ chr16:0-5000000
ForkPoolWorker-16,  processing 87 (57429.1 per sec) reads @ chr3:135000000-140000000
ForkPoolWorker-16 countReadsInRegions_worker: processing 5000000 (11618178.0 per sec) @ chr3:135000000-140000000
ForkPoolWorker-16,  processing 0 (0.0 per sec) reads @ chr1:135000000-140000000
ForkPoolWorker-16 countReadsInRegions_worker: processing 5000000 (11776962.6 per sec) @ chr1:135000000-140000000
ForkPoolWorker-16,  processing 331 (116930.4 per sec) reads @ chr15:70000000-75000000
ForkPoolWorker-16 countReadsInRegions_worker: processing 5000000 (11677963.3 per sec) @ chr15:70000000-75000000
ForkPoolWorker-16,  processing 35 (53792.8 per sec) reads @ chr4:170000000-175000000
ForkPoolWorker-16 countReadsInRegions_worker: processing 5000000 (11743619.0 per sec) @ chr4:170000000-175000000
ForkPoolWorker-16,  processing 145 (92554.3 per sec) reads @ chr2:45000000-50000000
ForkPoolWorker-16 countReadsInRegions_worker: processing 5000000 (11719016.6 per sec) @ chr2:45000000-50000000
ForkPoolWorker-16,  processing 87 (82632.3 per sec) reads @ chr11:25000000-30000000
ForkPoolWorker-16 countReadsInRegions_worker: processing 5000000 (11686397.1 per sec) @ chr11:25000000-30000000
ForkPoolWorker-16,  processing 222 (96191.7 per sec) reads @ chr21:45000000-46709983
ForkPoolWorker-16 countReadsInRegions_worker: processing 1709983 (11440302.1 per sec) @ chr21:45000000-46709983
ForkPoolWorker-16,  processing 99 (90151.1 per sec) reads @ chr12:75000000-80000000
ForkPoolWorker-16 countReadsInRegions_worker: processing 5000000 (12068592.1 per sec) @ chr12:75000000-80000000
ForkPoolWorker-16,  processing 526 (114816.8 per sec) reads @ chrX:150000000-155000000
ForkPoolWorker-16 countReadsInRegions_worker: processing 5000000 (11976184.1 per sec) @ chrX:150000000-155000000
ForkPoolWorker-16,  processing 86 (75007.3 per sec) reads @ chr1:55000000-60000000
ForkPoolWorker-16 countReadsInRegions_worker: processing 5000000 (11961804.9 per sec) @ chr1:55000000-60000000
ForkPoolWorker-16,  processing 86 (80122.2 per sec) reads @ chr4:180000000-185000000
ForkPoolWorker-16 countReadsInRegions_worker: processing 5000000 (11917044.7 per sec) @ chr4:180000000-185000000
ForkPoolWorker-16,  processing 0 (0.0 per sec) reads @ chrUn_KI270512v1:0-22689
ForkPoolWorker-16 countReadsInRegions_worker: processing 22689 (2633074.1 per sec) @ chrUn_KI270512v1:0-22689
ForkPoolWorker-31,  processing 60 (25803.2 per sec) reads @ chr13:90000000-95000000
ForkPoolWorker-31 countReadsInRegions_worker: processing 5000000 (9274558.3 per sec) @ chr13:90000000-95000000
ForkPoolWorker-31,  processing 0 (0.0 per sec) reads @ chrUn_KI270509v1:0-2318
ForkPoolWorker-31 countReadsInRegions_worker: processing 2318 (340718.3 per sec) @ chrUn_KI270509v1:0-2318
ForkPoolWorker-31,  processing 27 (22712.8 per sec) reads @ chr5:160000000-165000000
ForkPoolWorker-31 countReadsInRegions_worker: processing 5000000 (11750646.6 per sec) @ chr5:160000000-165000000
ForkPoolWorker-31,  processing 0 (0.0 per sec) reads @ chrUn_KI270751v1:0-150742
ForkPoolWorker-31 countReadsInRegions_worker: processing 150742 (7842443.2 per sec) @ chrUn_KI270751v1:0-150742
ForkPoolWorker-31,  processing 185 (107875.2 per sec) reads @ chr12:95000000-100000000
ForkPoolWorker-31 countReadsInRegions_worker: processing 5000000 (11688878.8 per sec) @ chr12:95000000-100000000
ForkPoolWorker-31,  processing 73 (45027.1 per sec) reads @ chr7:45000000-50000000
ForkPoolWorker-31 countReadsInRegions_worker: processing 5000000 (11571649.4 per sec) @ chr7:45000000-50000000
ForkPoolWorker-31,  processing 92 (54479.2 per sec) reads @ chr3:140000000-145000000
ForkPoolWorker-31 countReadsInRegions_worker: processing 5000000 (11725726.2 per sec) @ chr3:140000000-145000000
ForkPoolWorker-31,  processing 0 (0.0 per sec) reads @ chrUn_KI270511v1:0-8127
ForkPoolWorker-31 countReadsInRegions_worker: processing 8127 (1103607.0 per sec) @ chrUn_KI270511v1:0-8127
ForkPoolWorker-31,  processing 35 (49080.8 per sec) reads @ chr3:145000000-150000000
ForkPoolWorker-31 countReadsInRegions_worker: processing 5000000 (11881564.6 per sec) @ chr3:145000000-150000000
ForkPoolWorker-31,  processing 0 (0.0 per sec) reads @ chr17_GL000205v2_random:0-185591
ForkPoolWorker-31 countReadsInRegions_worker: processing 185591 (8651378.4 per sec) @ chr17_GL000205v2_random:0-185591
ForkPoolWorker-31,  processing 218 (97960.0 per sec) reads @ chr11:15000000-20000000
ForkPoolWorker-31 countReadsInRegions_worker: processing 5000000 (11711019.6 per sec) @ chr11:15000000-20000000
ForkPoolWorker-31,  processing 104 (79512.9 per sec) reads @ chr7:105000000-110000000
ForkPoolWorker-31 countReadsInRegions_worker: processing 5000000 (11735700.1 per sec) @ chr7:105000000-110000000
ForkPoolWorker-31,  processing 306 (100608.1 per sec) reads @ chr7:100000000-105000000
ForkPoolWorker-31 countReadsInRegions_worker: processing 5000000 (11509097.1 per sec) @ chr7:100000000-105000000
ForkPoolWorker-31,  processing 0 (0.0 per sec) reads @ chrUn_KI270522v1:0-5674
ForkPoolWorker-31 countReadsInRegions_worker: processing 5674 (832726.2 per sec) @ chrUn_KI270522v1:0-5674
ForkPoolWorker-31,  processing 0 (0.0 per sec) reads @ chrUn_KI270429v1:0-1361
ForkPoolWorker-31 countReadsInRegions_worker: processing 1361 (201015.8 per sec) @ chrUn_KI270429v1:0-1361
ForkPoolWorker-31,  processing 0 (0.0 per sec) reads @ chrUn_KI270376v1:0-1136
ForkPoolWorker-31 countReadsInRegions_worker: processing 1136 (166517.4 per sec) @ chrUn_KI270376v1:0-1136
ForkPoolWorker-31,  processing 0 (0.0 per sec) reads @ chr15:10000000-15000000
ForkPoolWorker-31 countReadsInRegions_worker: processing 5000000 (11780932.1 per sec) @ chr15:10000000-15000000
ForkPoolWorker-31,  processing 185 (94362.9 per sec) reads @ chr5:135000000-140000000
ForkPoolWorker-31 countReadsInRegions_worker: processing 5000000 (11852776.2 per sec) @ chr5:135000000-140000000
ForkPoolWorker-31,  processing 247 (101508.2 per sec) reads @ chr7:25000000-30000000
ForkPoolWorker-31 countReadsInRegions_worker: processing 5000000 (11691687.4 per sec) @ chr7:25000000-30000000
ForkPoolWorker-31,  processing 78 (76959.7 per sec) reads @ chr4:135000000-140000000
ForkPoolWorker-31 countReadsInRegions_worker: processing 5000000 (11782970.8 per sec) @ chr4:135000000-140000000
ForkPoolWorker-37,  processing 9 (6676.5 per sec) reads @ chr4:130000000-135000000
ForkPoolWorker-37 countReadsInRegions_worker: processing 5000000 (10564300.3 per sec) @ chr4:130000000-135000000
ForkPoolWorker-37,  processing 38 (21330.8 per sec) reads @ chr4:25000000-30000000
ForkPoolWorker-37 countReadsInRegions_worker: processing 5000000 (11387112.6 per sec) @ chr4:25000000-30000000
ForkPoolWorker-37,  processing 197 (78387.0 per sec) reads @ chr9:110000000-115000000
ForkPoolWorker-37 countReadsInRegions_worker: processing 5000000 (11503074.7 per sec) @ chr9:110000000-115000000
ForkPoolWorker-37,  processing 42 (34883.3 per sec) reads @ chr9:70000000-75000000
ForkPoolWorker-37 countReadsInRegions_worker: processing 5000000 (11604092.8 per sec) @ chr9:70000000-75000000
ForkPoolWorker-37,  processing 610 (104596.1 per sec) reads @ chr17:40000000-45000000
ForkPoolWorker-37 countReadsInRegions_worker: processing 5000000 (11622698.1 per sec) @ chr17:40000000-45000000
ForkPoolWorker-37,  processing 19 (33911.4 per sec) reads @ chr12:85000000-90000000
ForkPoolWorker-37 countReadsInRegions_worker: processing 5000000 (11813057.4 per sec) @ chr12:85000000-90000000
ForkPoolWorker-37,  processing 0 (0.0 per sec) reads @ chr22_KI270731v1_random:0-150754
ForkPoolWorker-37 countReadsInRegions_worker: processing 150754 (7668895.5 per sec) @ chr22_KI270731v1_random:0-150754
ForkPoolWorker-37,  processing 113 (80386.1 per sec) reads @ chr7:130000000-135000000
ForkPoolWorker-37 countReadsInRegions_worker: processing 5000000 (11787341.9 per sec) @ chr7:130000000-135000000
ForkPoolWorker-37,  processing 0 (0.0 per sec) reads @ chrUn_KI270521v1:0-7642
ForkPoolWorker-37 countReadsInRegions_worker: processing 7642 (984757.5 per sec) @ chrUn_KI270521v1:0-7642
ForkPoolWorker-37,  processing 0 (0.0 per sec) reads @ chrUn_KI270747v1:0-198735
ForkPoolWorker-37 countReadsInRegions_worker: processing 198735 (8854042.8 per sec) @ chrUn_KI270747v1:0-198735
ForkPoolWorker-37,  processing 0 (0.0 per sec) reads @ chrUn_KI270418v1:0-2145
ForkPoolWorker-37 countReadsInRegions_worker: processing 2145 (282633.3 per sec) @ chrUn_KI270418v1:0-2145
ForkPoolWorker-37,  processing 0 (0.0 per sec) reads @ chrUn_KI270587v1:0-2969
ForkPoolWorker-37 countReadsInRegions_worker: processing 2969 (417391.9 per sec) @ chrUn_KI270587v1:0-2969
ForkPoolWorker-37,  processing 83 (68380.9 per sec) reads @ chr4:10000000-15000000
ForkPoolWorker-37 countReadsInRegions_worker: processing 5000000 (11724985.4 per sec) @ chr4:10000000-15000000
ForkPoolWorker-37,  processing 117 (93030.1 per sec) reads @ chr2:40000000-45000000
ForkPoolWorker-37 countReadsInRegions_worker: processing 5000000 (10833280.8 per sec) @ chr2:40000000-45000000
ForkPoolWorker-37,  processing 82 (74219.4 per sec) reads @ chr16:50000000-55000000
ForkPoolWorker-37 countReadsInRegions_worker: processing 5000000 (11795536.4 per sec) @ chr16:50000000-55000000
ForkPoolWorker-37,  processing 0 (0.0 per sec) reads @ chrUn_KI270417v1:0-2043
ForkPoolWorker-37 countReadsInRegions_worker: processing 2043 (285185.3 per sec) @ chrUn_KI270417v1:0-2043
ForkPoolWorker-37,  processing 51 (50930.8 per sec) reads @ chr15:55000000-60000000
ForkPoolWorker-37 countReadsInRegions_worker: processing 5000000 (11875657.2 per sec) @ chr15:55000000-60000000
ForkPoolWorker-37,  processing 26 (38822.3 per sec) reads @ chr7:85000000-90000000
ForkPoolWorker-37 countReadsInRegions_worker: processing 5000000 (11882419.6 per sec) @ chr7:85000000-90000000
ForkPoolWorker-37,  processing 114 (78591.5 per sec) reads @ chr2:110000000-115000000
ForkPoolWorker-37 countReadsInRegions_worker: processing 5000000 (11943887.7 per sec) @ chr2:110000000-115000000
ForkPoolWorker-37,  processing 0 (0.0 per sec) reads @ chrUn_KI270544v1:0-1202
ForkPoolWorker-37 countReadsInRegions_worker: processing 1202 (180042.6 per sec) @ chrUn_KI270544v1:0-1202
ForkPoolWorker-38,  processing 0 (0.0 per sec) reads @ chrUn_KI270389v1:0-1298
ForkPoolWorker-38 countReadsInRegions_worker: processing 1298 (44386.3 per sec) @ chrUn_KI270389v1:0-1298
ForkPoolWorker-38,  processing 179 (30627.8 per sec) reads @ chr6:150000000-155000000
ForkPoolWorker-38 countReadsInRegions_worker: processing 5000000 (10947338.1 per sec) @ chr6:150000000-155000000
ForkPoolWorker-38,  processing 128 (39153.4 per sec) reads @ chr1:235000000-240000000
ForkPoolWorker-38 countReadsInRegions_worker: processing 5000000 (11575053.6 per sec) @ chr1:235000000-240000000
ForkPoolWorker-38,  processing 78 (57597.8 per sec) reads @ chr8:40000000-45000000
ForkPoolWorker-38 countReadsInRegions_worker: processing 5000000 (11684652.0 per sec) @ chr8:40000000-45000000
ForkPoolWorker-38,  processing 34 (43690.7 per sec) reads @ chr8:90000000-95000000
ForkPoolWorker-38 countReadsInRegions_worker: processing 5000000 (11654224.2 per sec) @ chr8:90000000-95000000
ForkPoolWorker-38,  processing 115 (76794.3 per sec) reads @ chr20:15000000-20000000
ForkPoolWorker-38 countReadsInRegions_worker: processing 5000000 (11689712.7 per sec) @ chr20:15000000-20000000
ForkPoolWorker-38,  processing 52 (56357.6 per sec) reads @ chr2:15000000-20000000
ForkPoolWorker-38 countReadsInRegions_worker: processing 5000000 (11698398.4 per sec) @ chr2:15000000-20000000
ForkPoolWorker-38,  processing 76 (72761.3 per sec) reads @ chr2:100000000-105000000
ForkPoolWorker-38 countReadsInRegions_worker: processing 5000000 (11870689.6 per sec) @ chr2:100000000-105000000
ForkPoolWorker-38,  processing 156 (94924.0 per sec) reads @ chr13:45000000-50000000
ForkPoolWorker-38 countReadsInRegions_worker: processing 5000000 (11825607.2 per sec) @ chr13:45000000-50000000
ForkPoolWorker-38,  processing 47 (57946.0 per sec) reads @ chr10:35000000-40000000
ForkPoolWorker-38 countReadsInRegions_worker: processing 5000000 (11919137.6 per sec) @ chr10:35000000-40000000
ForkPoolWorker-38,  processing 99 (71641.8 per sec) reads @ chr10:10000000-15000000
ForkPoolWorker-38 countReadsInRegions_worker: processing 5000000 (12001900.0 per sec) @ chr10:10000000-15000000
ForkPoolWorker-38,  processing 43 (55238.9 per sec) reads @ chr2:185000000-190000000
ForkPoolWorker-38 countReadsInRegions_worker: processing 5000000 (11976334.6 per sec) @ chr2:185000000-190000000
ForkPoolWorker-38,  processing 37 (50632.7 per sec) reads @ chr6:45000000-50000000
ForkPoolWorker-38 countReadsInRegions_worker: processing 5000000 (11853948.7 per sec) @ chr6:45000000-50000000
ForkPoolWorker-38,  processing 1 (2861.1 per sec) reads @ chr11_KI270721v1_random:0-100316
ForkPoolWorker-38 countReadsInRegions_worker: processing 100316 (6539567.9 per sec) @ chr11_KI270721v1_random:0-100316
ForkPoolWorker-38,  processing 91 (82170.4 per sec) reads @ chr12:30000000-35000000
ForkPoolWorker-38 countReadsInRegions_worker: processing 5000000 (11967839.3 per sec) @ chr12:30000000-35000000
ForkPoolWorker-32,  processing 26 (5897.9 per sec) reads @ chr13:55000000-60000000
ForkPoolWorker-32 countReadsInRegions_worker: processing 5000000 (8285604.7 per sec) @ chr13:55000000-60000000
ForkPoolWorker-32,  processing 0 (0.0 per sec) reads @ chr14_KI270725v1_random:0-172810
ForkPoolWorker-32 countReadsInRegions_worker: processing 172810 (7954889.1 per sec) @ chr14_KI270725v1_random:0-172810
ForkPoolWorker-32,  processing 0 (0.0 per sec) reads @ chrUn_KI270330v1:0-1652
ForkPoolWorker-32 countReadsInRegions_worker: processing 1652 (222418.1 per sec) @ chrUn_KI270330v1:0-1652
ForkPoolWorker-32,  processing 0 (0.0 per sec) reads @ chr9:55000000-60000000
ForkPoolWorker-32 countReadsInRegions_worker: processing 5000000 (11673406.5 per sec) @ chr9:55000000-60000000
ForkPoolWorker-32,  processing 406 (84293.0 per sec) reads @ chr6:40000000-45000000
ForkPoolWorker-32 countReadsInRegions_worker: processing 5000000 (11595732.5 per sec) @ chr6:40000000-45000000
ForkPoolWorker-32,  processing 161 (96814.8 per sec) reads @ chr13:25000000-30000000
ForkPoolWorker-32 countReadsInRegions_worker: processing 5000000 (11719612.5 per sec) @ chr13:25000000-30000000
ForkPoolWorker-32,  processing 99 (84707.5 per sec) reads @ chr8:15000000-20000000
ForkPoolWorker-32 countReadsInRegions_worker: processing 5000000 (11720496.8 per sec) @ chr8:15000000-20000000
ForkPoolWorker-32,  processing 2 (5220.0 per sec) reads @ chr8:145000000-145138636
ForkPoolWorker-32 countReadsInRegions_worker: processing 138636 (7776520.3 per sec) @ chr8:145000000-145138636
ForkPoolWorker-32,  processing 0 (0.0 per sec) reads @ chrUn_KI270371v1:0-2805
ForkPoolWorker-32 countReadsInRegions_worker: processing 2805 (407997.7 per sec) @ chrUn_KI270371v1:0-2805
ForkPoolWorker-32,  processing 0 (0.0 per sec) reads @ chrUn_KI270579v1:0-31033
ForkPoolWorker-32 countReadsInRegions_worker: processing 31033 (3311921.7 per sec) @ chrUn_KI270579v1:0-31033
ForkPoolWorker-32,  processing 92 (70841.9 per sec) reads @ chr11:40000000-45000000
ForkPoolWorker-32 countReadsInRegions_worker: processing 5000000 (11752609.0 per sec) @ chr11:40000000-45000000
ForkPoolWorker-32,  processing 72 (73602.2 per sec) reads @ chr8:60000000-65000000
ForkPoolWorker-32 countReadsInRegions_worker: processing 5000000 (11825507.2 per sec) @ chr8:60000000-65000000
ForkPoolWorker-32,  processing 36 (38986.6 per sec) reads @ chr5:165000000-170000000
ForkPoolWorker-32 countReadsInRegions_worker: processing 5000000 (11754855.3 per sec) @ chr5:165000000-170000000
ForkPoolWorker-32,  processing 646 (119911.5 per sec) reads @ chr22:35000000-40000000
ForkPoolWorker-32 countReadsInRegions_worker: processing 5000000 (11627576.4 per sec) @ chr22:35000000-40000000
ForkPoolWorker-32,  processing 0 (0.0 per sec) reads @ chr1_KI270712v1_random:0-176043
ForkPoolWorker-32 countReadsInRegions_worker: processing 176043 (8723436.8 per sec) @ chr1_KI270712v1_random:0-176043
ForkPoolWorker-32,  processing 78 (62842.0 per sec) reads @ chr15:30000000-35000000
ForkPoolWorker-32 countReadsInRegions_worker: processing 5000000 (11766007.5 per sec) @ chr15:30000000-35000000
ForkPoolWorker-32,  processing 141 (84053.0 per sec) reads @ chr14:60000000-65000000
ForkPoolWorker-32 countReadsInRegions_worker: processing 5000000 (11619903.2 per sec) @ chr14:60000000-65000000
ForkPoolWorker-32,  processing 131 (85425.0 per sec) reads @ chr9:75000000-80000000
ForkPoolWorker-32 countReadsInRegions_worker: processing 5000000 (11828782.2 per sec) @ chr9:75000000-80000000
ForkPoolWorker-32,  processing 0 (0.0 per sec) reads @ chr13:5000000-10000000
ForkPoolWorker-32 countReadsInRegions_worker: processing 5000000 (11771542.0 per sec) @ chr13:5000000-10000000
ForkPoolWorker-32,  processing 0 (0.0 per sec) reads @ chr14_KI270723v1_random:0-38115
ForkPoolWorker-32 countReadsInRegions_worker: processing 38115 (3933224.2 per sec) @ chr14_KI270723v1_random:0-38115
ForkPoolWorker-23,  processing 207 (35850.2 per sec) reads @ chr1:160000000-165000000
ForkPoolWorker-23 countReadsInRegions_worker: processing 5000000 (10377394.1 per sec) @ chr1:160000000-165000000
ForkPoolWorker-23,  processing 26 (22392.6 per sec) reads @ chr2:140000000-145000000
ForkPoolWorker-23 countReadsInRegions_worker: processing 5000000 (11379988.1 per sec) @ chr2:140000000-145000000
ForkPoolWorker-23,  processing 0 (0.0 per sec) reads @ chrUn_KI270317v1:0-37690
ForkPoolWorker-23 countReadsInRegions_worker: processing 37690 (4115038.5 per sec) @ chrUn_KI270317v1:0-37690
ForkPoolWorker-23,  processing 0 (0.0 per sec) reads @ chrUn_KI270303v1:0-1942
ForkPoolWorker-23 countReadsInRegions_worker: processing 1942 (304966.1 per sec) @ chrUn_KI270303v1:0-1942
ForkPoolWorker-23,  processing 263 (102997.4 per sec) reads @ chr22:25000000-30000000
ForkPoolWorker-23 countReadsInRegions_worker: processing 5000000 (11633033.0 per sec) @ chr22:25000000-30000000
ForkPoolWorker-23,  processing 0 (0.0 per sec) reads @ chrY:40000000-45000000
ForkPoolWorker-23 countReadsInRegions_worker: processing 5000000 (11777974.6 per sec) @ chrY:40000000-45000000
ForkPoolWorker-23,  processing 291 (108589.2 per sec) reads @ chr21:40000000-45000000
ForkPoolWorker-23 countReadsInRegions_worker: processing 5000000 (11709391.4 per sec) @ chr21:40000000-45000000
ForkPoolWorker-23,  processing 57 (68818.5 per sec) reads @ chr6:80000000-85000000
ForkPoolWorker-23 countReadsInRegions_worker: processing 5000000 (11789409.3 per sec) @ chr6:80000000-85000000
ForkPoolWorker-23,  processing 0 (0.0 per sec) reads @ chrUn_KI270423v1:0-981
ForkPoolWorker-23 countReadsInRegions_worker: processing 981 (153892.1 per sec) @ chrUn_KI270423v1:0-981
ForkPoolWorker-23,  processing 215 (109015.4 per sec) reads @ chr18:45000000-50000000
ForkPoolWorker-23 countReadsInRegions_worker: processing 5000000 (11742198.8 per sec) @ chr18:45000000-50000000
ForkPoolWorker-23,  processing 199 (99984.0 per sec) reads @ chr18:35000000-40000000
ForkPoolWorker-23 countReadsInRegions_worker: processing 5000000 (11646056.6 per sec) @ chr18:35000000-40000000
ForkPoolWorker-23,  processing 395 (111897.2 per sec) reads @ chr12:5000000-10000000
ForkPoolWorker-23 countReadsInRegions_worker: processing 5000000 (11732246.7 per sec) @ chr12:5000000-10000000
ForkPoolWorker-23,  processing 60 (66418.1 per sec) reads @ chr5:55000000-60000000
ForkPoolWorker-23 countReadsInRegions_worker: processing 5000000 (11901935.6 per sec) @ chr5:55000000-60000000
ForkPoolWorker-23,  processing 1 (2835.9 per sec) reads @ chr1_KI270706v1_random:0-175055
ForkPoolWorker-23 countReadsInRegions_worker: processing 175055 (8166139.0 per sec) @ chr1_KI270706v1_random:0-175055
ForkPoolWorker-23,  processing 0 (0.0 per sec) reads @ chrUn_KI270379v1:0-1045
ForkPoolWorker-23 countReadsInRegions_worker: processing 1045 (162993.1 per sec) @ chrUn_KI270379v1:0-1045
ForkPoolWorker-23,  processing 3 (8793.1 per sec) reads @ chr1_KI270711v1_random:0-42210
ForkPoolWorker-23 countReadsInRegions_worker: processing 42210 (4672761.1 per sec) @ chr1_KI270711v1_random:0-42210
ForkPoolWorker-23,  processing 85 (81601.2 per sec) reads @ chr2:200000000-205000000
ForkPoolWorker-23 countReadsInRegions_worker: processing 5000000 (11807869.4 per sec) @ chr2:200000000-205000000
ForkPoolWorker-23,  processing 87 (78796.0 per sec) reads @ chr11:110000000-115000000
ForkPoolWorker-23 countReadsInRegions_worker: processing 5000000 (11212102.4 per sec) @ chr11:110000000-115000000
ForkPoolWorker-23,  processing 40 (48671.9 per sec) reads @ chr1:100000000-105000000
ForkPoolWorker-23 countReadsInRegions_worker: processing 5000000 (11778847.8 per sec) @ chr1:100000000-105000000
ForkPoolWorker-23,  processing 235 (104757.3 per sec) reads @ chr12:130000000-133275309
ForkPoolWorker-23 countReadsInRegions_worker: processing 3275309 (11814206.2 per sec) @ chr12:130000000-133275309
ForkPoolWorker-35,  processing 53 (13886.7 per sec) reads @ chr8:5000000-10000000
ForkPoolWorker-35 countReadsInRegions_worker: processing 5000000 (10031205.9 per sec) @ chr8:5000000-10000000
ForkPoolWorker-35,  processing 136 (51431.4 per sec) reads @ chr16:80000000-85000000
ForkPoolWorker-35 countReadsInRegions_worker: processing 5000000 (10619803.2 per sec) @ chr16:80000000-85000000
ForkPoolWorker-35,  processing 0 (0.0 per sec) reads @ chrUn_KI270394v1:0-970
ForkPoolWorker-35 countReadsInRegions_worker: processing 970 (148941.1 per sec) @ chrUn_KI270394v1:0-970
ForkPoolWorker-35,  processing 190 (74318.5 per sec) reads @ chr7:155000000-159345973
ForkPoolWorker-35 countReadsInRegions_worker: processing 4345973 (11030460.3 per sec) @ chr7:155000000-159345973
ForkPoolWorker-35,  processing 0 (0.0 per sec) reads @ chrUn_KI270392v1:0-971
ForkPoolWorker-35 countReadsInRegions_worker: processing 971 (134504.7 per sec) @ chrUn_KI270392v1:0-971
ForkPoolWorker-35,  processing 26 (21841.0 per sec) reads @ chr7:15000000-20000000
ForkPoolWorker-35 countReadsInRegions_worker: processing 5000000 (11917085.4 per sec) @ chr7:15000000-20000000
ForkPoolWorker-35,  processing 0 (0.0 per sec) reads @ chrUn_KI270334v1:0-1368
ForkPoolWorker-35 countReadsInRegions_worker: processing 1368 (193851.4 per sec) @ chrUn_KI270334v1:0-1368
ForkPoolWorker-35,  processing 239 (80092.6 per sec) reads @ chr7:145000000-150000000
ForkPoolWorker-35 countReadsInRegions_worker: processing 5000000 (11896406.1 per sec) @ chr7:145000000-150000000
ForkPoolWorker-35,  processing 0 (0.0 per sec) reads @ chrUn_KI270373v1:0-1451
ForkPoolWorker-35 countReadsInRegions_worker: processing 1451 (207987.9 per sec) @ chrUn_KI270373v1:0-1451
ForkPoolWorker-35,  processing 0 (0.0 per sec) reads @ chrUn_KI270384v1:0-1658
ForkPoolWorker-35 countReadsInRegions_worker: processing 1658 (256346.1 per sec) @ chrUn_KI270384v1:0-1658
ForkPoolWorker-35,  processing 0 (0.0 per sec) reads @ chr13:10000000-15000000
ForkPoolWorker-35 countReadsInRegions_worker: processing 5000000 (12095222.9 per sec) @ chr13:10000000-15000000
ForkPoolWorker-35,  processing 42 (58681.1 per sec) reads @ chr6:170000000-170805979
ForkPoolWorker-35 countReadsInRegions_worker: processing 805979 (10812857.5 per sec) @ chr6:170000000-170805979
ForkPoolWorker-35,  processing 25 (39435.0 per sec) reads @ chr13:105000000-110000000
ForkPoolWorker-35 countReadsInRegions_worker: processing 5000000 (11488933.5 per sec) @ chr13:105000000-110000000
ForkPoolWorker-35,  processing 299 (108843.7 per sec) reads @ chr1:50000000-55000000
ForkPoolWorker-35 countReadsInRegions_worker: processing 5000000 (11777147.8 per sec) @ chr1:50000000-55000000
ForkPoolWorker-35,  processing 0 (0.0 per sec) reads @ chr3_GL000221v1_random:0-155397
ForkPoolWorker-35 countReadsInRegions_worker: processing 155397 (7852041.5 per sec) @ chr3_GL000221v1_random:0-155397
ForkPoolWorker-35,  processing 62 (57672.8 per sec) reads @ chrX:120000000-125000000
ForkPoolWorker-35 countReadsInRegions_worker: processing 5000000 (11843525.4 per sec) @ chrX:120000000-125000000
ForkPoolWorker-35,  processing 0 (0.0 per sec) reads @ chr22_KI270737v1_random:0-103838
ForkPoolWorker-35 countReadsInRegions_worker: processing 103838 (7178640.8 per sec) @ chr22_KI270737v1_random:0-103838
ForkPoolWorker-35,  processing 0 (0.0 per sec) reads @ chr22:0-5000000
ForkPoolWorker-35 countReadsInRegions_worker: processing 5000000 (11696069.2 per sec) @ chr22:0-5000000
ForkPoolWorker-35,  processing 0 (0.0 per sec) reads @ chrUn_KI270329v1:0-1040
ForkPoolWorker-35 countReadsInRegions_worker: processing 1040 (152068.2 per sec) @ chrUn_KI270329v1:0-1040
ForkPoolWorker-35,  processing 0 (0.0 per sec) reads @ chrUn_KI270322v1:0-21476
ForkPoolWorker-35 countReadsInRegions_worker: processing 21476 (2720040.8 per sec) @ chrUn_KI270322v1:0-21476
ForkPoolWorker-35,  processing 195 (101136.3 per sec) reads @ chr21:30000000-35000000
ForkPoolWorker-35 countReadsInRegions_worker: processing 5000000 (11752457.5 per sec) @ chr21:30000000-35000000
ForkPoolWorker-35,  processing 701 (114453.9 per sec) reads @ chr19:10000000-15000000
ForkPoolWorker-35 countReadsInRegions_worker: processing 5000000 (11609701.0 per sec) @ chr19:10000000-15000000
ForkPoolWorker-35,  processing 61 (66128.9 per sec) reads @ chr9:100000000-105000000
ForkPoolWorker-35 countReadsInRegions_worker: processing 5000000 (11948487.9 per sec) @ chr9:100000000-105000000
ForkPoolWorker-35,  processing 0 (0.0 per sec) reads @ chrUn_GL000226v1:0-15008
ForkPoolWorker-35 countReadsInRegions_worker: processing 15008 (1911689.6 per sec) @ chrUn_GL000226v1:0-15008
ForkPoolWorker-35,  processing 216 (103150.4 per sec) reads @ chr13:110000000-114364328
ForkPoolWorker-35 countReadsInRegions_worker: processing 4364328 (11959789.1 per sec) @ chr13:110000000-114364328
ForkPoolWorker-34,  processing 0 (0.0 per sec) reads @ chrUn_KI270519v1:0-138126
ForkPoolWorker-34 countReadsInRegions_worker: processing 138126 (2902081.0 per sec) @ chrUn_KI270519v1:0-138126
ForkPoolWorker-34,  processing 101 (66263.8 per sec) reads @ chr9:105000000-110000000
ForkPoolWorker-34 countReadsInRegions_worker: processing 5000000 (11314215.1 per sec) @ chr9:105000000-110000000
ForkPoolWorker-34,  processing 47 (46891.6 per sec) reads @ chr4:115000000-120000000
ForkPoolWorker-34 countReadsInRegions_worker: processing 5000000 (11648404.8 per sec) @ chr4:115000000-120000000
ForkPoolWorker-34,  processing 202 (35553.9 per sec) reads @ chr11:75000000-80000000
ForkPoolWorker-34 countReadsInRegions_worker: processing 5000000 (11587237.0 per sec) @ chr11:75000000-80000000
ForkPoolWorker-34,  processing 60 (63759.4 per sec) reads @ chr8:120000000-125000000
ForkPoolWorker-34 countReadsInRegions_worker: processing 5000000 (11597066.3 per sec) @ chr8:120000000-125000000
ForkPoolWorker-34,  processing 126 (85639.7 per sec) reads @ chr13:40000000-45000000
ForkPoolWorker-34 countReadsInRegions_worker: processing 5000000 (11696310.6 per sec) @ chr13:40000000-45000000
ForkPoolWorker-34,  processing 3 (6891.0 per sec) reads @ chr11:50000000-55000000
ForkPoolWorker-34 countReadsInRegions_worker: processing 5000000 (11806785.8 per sec) @ chr11:50000000-55000000
ForkPoolWorker-34,  processing 16 (27268.9 per sec) reads @ chr2:75000000-80000000
ForkPoolWorker-34 countReadsInRegions_worker: processing 5000000 (11740489.6 per sec) @ chr2:75000000-80000000
ForkPoolWorker-34,  processing 126 (87729.5 per sec) reads @ chr11:120000000-125000000
ForkPoolWorker-34 countReadsInRegions_worker: processing 5000000 (11761480.8 per sec) @ chr11:120000000-125000000
ForkPoolWorker-34,  processing 208 (116555.1 per sec) reads @ chrX:105000000-110000000
ForkPoolWorker-34 countReadsInRegions_worker: processing 5000000 (11633213.7 per sec) @ chrX:105000000-110000000
ForkPoolWorker-34,  processing 1 (2884.7 per sec) reads @ chr9_KI270719v1_random:0-176845
ForkPoolWorker-34 countReadsInRegions_worker: processing 176845 (8540688.2 per sec) @ chr9_KI270719v1_random:0-176845
ForkPoolWorker-34,  processing 24 (38509.3 per sec) reads @ chr4:90000000-95000000
ForkPoolWorker-34 countReadsInRegions_worker: processing 5000000 (11802393.7 per sec) @ chr4:90000000-95000000
ForkPoolWorker-34,  processing 59 (57124.6 per sec) reads @ chr2:150000000-155000000
ForkPoolWorker-34 countReadsInRegions_worker: processing 5000000 (11790529.5 per sec) @ chr2:150000000-155000000
ForkPoolWorker-34,  processing 59 (63193.0 per sec) reads @ chr14:30000000-35000000
ForkPoolWorker-34 countReadsInRegions_worker: processing 5000000 (11805416.7 per sec) @ chr14:30000000-35000000
ForkPoolWorker-34,  processing 2 (4966.6 per sec) reads @ chr16:35000000-40000000
ForkPoolWorker-34 countReadsInRegions_worker: processing 5000000 (11842114.3 per sec) @ chr16:35000000-40000000
ForkPoolWorker-20,  processing 84 (16272.0 per sec) reads @ chr11:130000000-135000000
ForkPoolWorker-20 countReadsInRegions_worker: processing 5000000 (9877275.4 per sec) @ chr11:130000000-135000000
ForkPoolWorker-20,  processing 109 (26927.7 per sec) reads @ chr3:195000000-198295559
ForkPoolWorker-20 countReadsInRegions_worker: processing 3295559 (11549699.4 per sec) @ chr3:195000000-198295559
ForkPoolWorker-20,  processing 109 (57118.8 per sec) reads @ chr7:30000000-35000000
ForkPoolWorker-20 countReadsInRegions_worker: processing 5000000 (11981610.1 per sec) @ chr7:30000000-35000000
ForkPoolWorker-20,  processing 529 (94957.9 per sec) reads @ chr10:100000000-105000000
ForkPoolWorker-20 countReadsInRegions_worker: processing 5000000 (11717346.9 per sec) @ chr10:100000000-105000000
ForkPoolWorker-20,  processing 0 (0.0 per sec) reads @ chrUn_KI270310v1:0-1201
ForkPoolWorker-20 countReadsInRegions_worker: processing 1201 (167187.5 per sec) @ chrUn_KI270310v1:0-1201
ForkPoolWorker-20,  processing 39 (51880.1 per sec) reads @ chr1:185000000-190000000
ForkPoolWorker-20 countReadsInRegions_worker: processing 5000000 (11875697.6 per sec) @ chr1:185000000-190000000
ForkPoolWorker-20,  processing 90 (48745.8 per sec) reads @ chr5:75000000-80000000
ForkPoolWorker-20 countReadsInRegions_worker: processing 5000000 (12079373.6 per sec) @ chr5:75000000-80000000
ForkPoolWorker-20,  processing 0 (0.0 per sec) reads @ chrUn_GL000219v1:0-179198
ForkPoolWorker-20 countReadsInRegions_worker: processing 179198 (8180175.5 per sec) @ chrUn_GL000219v1:0-179198
ForkPoolWorker-20,  processing 0 (0.0 per sec) reads @ chrUn_KI270391v1:0-1484
ForkPoolWorker-20 countReadsInRegions_worker: processing 1484 (220658.9 per sec) @ chrUn_KI270391v1:0-1484
ForkPoolWorker-20,  processing 32 (47696.4 per sec) reads @ chr8:85000000-90000000
ForkPoolWorker-20 countReadsInRegions_worker: processing 5000000 (12115472.8 per sec) @ chr8:85000000-90000000
ForkPoolWorker-20,  processing 16 (26704.7 per sec) reads @ chr16:90000000-90338345
ForkPoolWorker-20 countReadsInRegions_worker: processing 338345 (9422181.0 per sec) @ chr16:90000000-90338345
ForkPoolWorker-20,  processing 0 (0.0 per sec) reads @ chr4_GL000008v2_random:0-209709
ForkPoolWorker-20 countReadsInRegions_worker: processing 209709 (9329479.2 per sec) @ chr4_GL000008v2_random:0-209709
ForkPoolWorker-20,  processing 74 (67415.0 per sec) reads @ chr4:150000000-155000000
ForkPoolWorker-20 countReadsInRegions_worker: processing 5000000 (12070175.8 per sec) @ chr4:150000000-155000000
ForkPoolWorker-20,  processing 22 (38145.8 per sec) reads @ chr13:80000000-85000000
ForkPoolWorker-20 countReadsInRegions_worker: processing 5000000 (11965217.2 per sec) @ chr13:80000000-85000000
ForkPoolWorker-20,  processing 75 (62990.1 per sec) reads @ chr10:45000000-50000000
ForkPoolWorker-20 countReadsInRegions_worker: processing 5000000 (12016892.3 per sec) @ chr10:45000000-50000000
ForkPoolWorker-20,  processing 104 (75730.5 per sec) reads @ chr21:25000000-30000000
ForkPoolWorker-20 countReadsInRegions_worker: processing 5000000 (12050049.2 per sec) @ chr21:25000000-30000000
ForkPoolWorker-20,  processing 206 (106184.9 per sec) reads @ chr1:90000000-95000000
ForkPoolWorker-20 countReadsInRegions_worker: processing 5000000 (11931703.5 per sec) @ chr1:90000000-95000000
ForkPoolWorker-20,  processing 97 (91467.5 per sec) reads @ chr11:90000000-95000000
ForkPoolWorker-20 countReadsInRegions_worker: processing 5000000 (11919578.0 per sec) @ chr11:90000000-95000000
ForkPoolWorker-20,  processing 77 (64411.9 per sec) reads @ chr10:30000000-35000000
ForkPoolWorker-20 countReadsInRegions_worker: processing 5000000 (12034884.3 per sec) @ chr10:30000000-35000000
ForkPoolWorker-20,  processing 0 (0.0 per sec) reads @ chrUn_KI270362v1:0-3530
ForkPoolWorker-20 countReadsInRegions_worker: processing 3530 (496126.2 per sec) @ chrUn_KI270362v1:0-3530
ForkPoolWorker-10,  processing 48 (10995.4 per sec) reads @ chr5:110000000-115000000
ForkPoolWorker-10 countReadsInRegions_worker: processing 5000000 (10180794.3 per sec) @ chr5:110000000-115000000
ForkPoolWorker-10,  processing 110 (47771.1 per sec) reads @ chr14:55000000-60000000
ForkPoolWorker-10 countReadsInRegions_worker: processing 5000000 (11337096.6 per sec) @ chr14:55000000-60000000
ForkPoolWorker-10,  processing 110 (62567.6 per sec) reads @ chrX:130000000-135000000
ForkPoolWorker-10 countReadsInRegions_worker: processing 5000000 (11394190.3 per sec) @ chrX:130000000-135000000
ForkPoolWorker-10,  processing 275 (101036.6 per sec) reads @ chr16:70000000-75000000
ForkPoolWorker-10 countReadsInRegions_worker: processing 5000000 (11414761.8 per sec) @ chr16:70000000-75000000
ForkPoolWorker-10,  processing 0 (0.0 per sec) reads @ chr14:0-5000000
ForkPoolWorker-10 countReadsInRegions_worker: processing 5000000 (11663285.3 per sec) @ chr14:0-5000000
ForkPoolWorker-10,  processing 131 (86541.8 per sec) reads @ chr7:75000000-80000000
ForkPoolWorker-10 countReadsInRegions_worker: processing 5000000 (11665108.3 per sec) @ chr7:75000000-80000000
ForkPoolWorker-10,  processing 61 (49259.2 per sec) reads @ chr5:35000000-40000000
ForkPoolWorker-10 countReadsInRegions_worker: processing 5000000 (11685570.1 per sec) @ chr5:35000000-40000000
ForkPoolWorker-10,  processing 263 (98535.2 per sec) reads @ chr1:20000000-25000000
ForkPoolWorker-10 countReadsInRegions_worker: processing 5000000 (11647123.8 per sec) @ chr1:20000000-25000000
ForkPoolWorker-10,  processing 53 (64584.0 per sec) reads @ chr18:0-5000000
ForkPoolWorker-10 countReadsInRegions_worker: processing 5000000 (11752898.8 per sec) @ chr18:0-5000000
ForkPoolWorker-10,  processing 31 (49893.9 per sec) reads @ chr19:25000000-30000000
ForkPoolWorker-10 countReadsInRegions_worker: processing 5000000 (11792929.6 per sec) @ chr19:25000000-30000000
ForkPoolWorker-10,  processing 90 (76771.9 per sec) reads @ chrX:135000000-140000000
ForkPoolWorker-10 countReadsInRegions_worker: processing 5000000 (11759106.6 per sec) @ chrX:135000000-140000000
ForkPoolWorker-10,  processing 177 (96102.5 per sec) reads @ chr17:50000000-55000000
ForkPoolWorker-10 countReadsInRegions_worker: processing 5000000 (11886979.3 per sec) @ chr17:50000000-55000000
ForkPoolWorker-10,  processing 120 (83399.6 per sec) reads @ chr12:100000000-105000000
ForkPoolWorker-10 countReadsInRegions_worker: processing 5000000 (11815579.9 per sec) @ chr12:100000000-105000000
ForkPoolWorker-10,  processing 110 (91815.6 per sec) reads @ chrX:65000000-70000000
ForkPoolWorker-10 countReadsInRegions_worker: processing 5000000 (12017835.8 per sec) @ chrX:65000000-70000000
ForkPoolWorker-10,  processing 0 (0.0 per sec) reads @ chrUn_KI270304v1:0-2165
ForkPoolWorker-10 countReadsInRegions_worker: processing 2165 (306883.0 per sec) @ chrUn_KI270304v1:0-2165
ForkPoolWorker-3,  processing 57 (21239.8 per sec) reads @ chrX:5000000-10000000
ForkPoolWorker-3 countReadsInRegions_worker: processing 5000000 (10819956.0 per sec) @ chrX:5000000-10000000
ForkPoolWorker-3,  processing 0 (0.0 per sec) reads @ chrUn_KI270396v1:0-1880
ForkPoolWorker-3 countReadsInRegions_worker: processing 1880 (287228.8 per sec) @ chrUn_KI270396v1:0-1880
ForkPoolWorker-3,  processing 432 (91479.7 per sec) reads @ chr9:125000000-130000000
ForkPoolWorker-3 countReadsInRegions_worker: processing 5000000 (10836958.7 per sec) @ chr9:125000000-130000000
ForkPoolWorker-3,  processing 7 (7509.0 per sec) reads @ chr12:35000000-40000000
ForkPoolWorker-3 countReadsInRegions_worker: processing 5000000 (11339174.6 per sec) @ chr12:35000000-40000000
ForkPoolWorker-3,  processing 276 (79523.8 per sec) reads @ chr7:125000000-130000000
ForkPoolWorker-3 countReadsInRegions_worker: processing 5000000 (11548410.0 per sec) @ chr7:125000000-130000000
ForkPoolWorker-3,  processing 198 (97324.8 per sec) reads @ chr8:20000000-25000000
ForkPoolWorker-3 countReadsInRegions_worker: processing 5000000 (11724474.1 per sec) @ chr8:20000000-25000000
ForkPoolWorker-3,  processing 191 (71273.3 per sec) reads @ chr15:80000000-85000000
ForkPoolWorker-3 countReadsInRegions_worker: processing 5000000 (11618635.0 per sec) @ chr15:80000000-85000000
ForkPoolWorker-3,  processing 0 (0.0 per sec) reads @ chr1:130000000-135000000
ForkPoolWorker-3 countReadsInRegions_worker: processing 5000000 (11611513.7 per sec) @ chr1:130000000-135000000
ForkPoolWorker-3,  processing 121 (100957.0 per sec) reads @ chr9:115000000-120000000
ForkPoolWorker-3 countReadsInRegions_worker: processing 5000000 (11710130.2 per sec) @ chr9:115000000-120000000
ForkPoolWorker-3,  processing 135 (86053.3 per sec) reads @ chr2:20000000-25000000
ForkPoolWorker-3 countReadsInRegions_worker: processing 5000000 (11483208.7 per sec) @ chr2:20000000-25000000
ForkPoolWorker-3,  processing 175 (92630.4 per sec) reads @ chr13:95000000-100000000
ForkPoolWorker-3 countReadsInRegions_worker: processing 5000000 (11613937.9 per sec) @ chr13:95000000-100000000
ForkPoolWorker-3,  processing 98 (76715.5 per sec) reads @ chr9:85000000-90000000
ForkPoolWorker-3 countReadsInRegions_worker: processing 5000000 (11691270.3 per sec) @ chr9:85000000-90000000
ForkPoolWorker-3,  processing 637 (122317.1 per sec) reads @ chr3:45000000-50000000
ForkPoolWorker-3 countReadsInRegions_worker: processing 5000000 (11653226.9 per sec) @ chr3:45000000-50000000
ForkPoolWorker-3,  processing 128 (93678.4 per sec) reads @ chr12:115000000-120000000
ForkPoolWorker-3 countReadsInRegions_worker: processing 5000000 (11637965.1 per sec) @ chr12:115000000-120000000
ForkPoolWorker-3,  processing 29 (44685.8 per sec) reads @ chr11:20000000-25000000
ForkPoolWorker-3 countReadsInRegions_worker: processing 5000000 (11796379.0 per sec) @ chr11:20000000-25000000
ForkPoolWorker-22,  processing 0 (0.0 per sec) reads @ chr14_GL000225v1_random:0-211173
ForkPoolWorker-22 countReadsInRegions_worker: processing 211173 (3078625.9 per sec) @ chr14_GL000225v1_random:0-211173
ForkPoolWorker-22,  processing 11 (9067.9 per sec) reads @ chrX:90000000-95000000
ForkPoolWorker-22 countReadsInRegions_worker: processing 5000000 (11726926.1 per sec) @ chrX:90000000-95000000
ForkPoolWorker-22,  processing 122 (55650.4 per sec) reads @ chr1:180000000-185000000
ForkPoolWorker-22 countReadsInRegions_worker: processing 5000000 (11583896.0 per sec) @ chr1:180000000-185000000
ForkPoolWorker-22,  processing 33 (38967.4 per sec) reads @ chr8:80000000-85000000
ForkPoolWorker-22 countReadsInRegions_worker: processing 5000000 (11617791.8 per sec) @ chr8:80000000-85000000
ForkPoolWorker-22,  processing 0 (0.0 per sec) reads @ chrUn_KI270366v1:0-8320
ForkPoolWorker-22 countReadsInRegions_worker: processing 8320 (1181134.2 per sec) @ chrUn_KI270366v1:0-8320
ForkPoolWorker-22,  processing 59 (64866.0 per sec) reads @ chr4:140000000-145000000
ForkPoolWorker-22 countReadsInRegions_worker: processing 5000000 (11647201.5 per sec) @ chr4:140000000-145000000
ForkPoolWorker-22,  processing 159 (87415.7 per sec) reads @ chr16:20000000-25000000
ForkPoolWorker-22 countReadsInRegions_worker: processing 5000000 (11701427.1 per sec) @ chr16:20000000-25000000
ForkPoolWorker-22,  processing 1216 (126831.5 per sec) reads @ chr19:0-5000000
ForkPoolWorker-22 countReadsInRegions_worker: processing 5000000 (11535064.4 per sec) @ chr19:0-5000000
ForkPoolWorker-22,  processing 0 (0.0 per sec) reads @ chr1_KI270713v1_random:0-40745
ForkPoolWorker-22 countReadsInRegions_worker: processing 40745 (4180146.2 per sec) @ chr1_KI270713v1_random:0-40745
ForkPoolWorker-22,  processing 212 (98069.1 per sec) reads @ chr11:45000000-50000000
ForkPoolWorker-22 countReadsInRegions_worker: processing 5000000 (11949298.1 per sec) @ chr11:45000000-50000000
ForkPoolWorker-22,  processing 0 (0.0 per sec) reads @ chr22_KI270732v1_random:0-41543
ForkPoolWorker-22 countReadsInRegions_worker: processing 41543 (4431208.3 per sec) @ chr22_KI270732v1_random:0-41543
ForkPoolWorker-22,  processing 0 (0.0 per sec) reads @ chrUn_KI270385v1:0-990
ForkPoolWorker-22 countReadsInRegions_worker: processing 990 (152168.0 per sec) @ chrUn_KI270385v1:0-990
ForkPoolWorker-22,  processing 104 (75664.8 per sec) reads @ chr6:105000000-110000000
ForkPoolWorker-22 countReadsInRegions_worker: processing 5000000 (11893774.8 per sec) @ chr6:105000000-110000000
ForkPoolWorker-22,  processing 136 (82826.4 per sec) reads @ chr6:85000000-90000000
ForkPoolWorker-22 countReadsInRegions_worker: processing 5000000 (11752984.4 per sec) @ chr6:85000000-90000000
ForkPoolWorker-22,  processing 145 (97667.3 per sec) reads @ chr8:130000000-135000000
ForkPoolWorker-22 countReadsInRegions_worker: processing 5000000 (11810057.1 per sec) @ chr8:130000000-135000000
ForkPoolWorker-22,  processing 174 (110276.4 per sec) reads @ chr2:0-5000000
ForkPoolWorker-22 countReadsInRegions_worker: processing 5000000 (11734872.7 per sec) @ chr2:0-5000000
ForkPoolWorker-22,  processing 166 (102420.5 per sec) reads @ chr6:5000000-10000000
ForkPoolWorker-22 countReadsInRegions_worker: processing 5000000 (11708489.2 per sec) @ chr6:5000000-10000000
ForkPoolWorker-22,  processing 112 (88185.1 per sec) reads @ chr2:10000000-15000000
ForkPoolWorker-22 countReadsInRegions_worker: processing 5000000 (11790814.5 per sec) @ chr2:10000000-15000000
ForkPoolWorker-22,  processing 0 (0.0 per sec) reads @ chrUn_KI270507v1:0-5353
ForkPoolWorker-22 countReadsInRegions_worker: processing 5353 (797163.5 per sec) @ chrUn_KI270507v1:0-5353
ForkPoolWorker-22,  processing 35 (45378.9 per sec) reads @ chrX:55000000-60000000
ForkPoolWorker-22 countReadsInRegions_worker: processing 5000000 (11950081.1 per sec) @ chrX:55000000-60000000
ForkPoolWorker-7,  processing 22 (4575.8 per sec) reads @ chr14:40000000-45000000
ForkPoolWorker-7 countReadsInRegions_worker: processing 5000000 (10907844.5 per sec) @ chr14:40000000-45000000
ForkPoolWorker-7,  processing 0 (0.0 per sec) reads @ chr21:0-5000000
ForkPoolWorker-7 countReadsInRegions_worker: processing 5000000 (11414239.9 per sec) @ chr21:0-5000000
ForkPoolWorker-7,  processing 196 (80889.9 per sec) reads @ chr7:40000000-45000000
ForkPoolWorker-7 countReadsInRegions_worker: processing 5000000 (11411625.1 per sec) @ chr7:40000000-45000000
ForkPoolWorker-7,  processing 211 (66521.2 per sec) reads @ chr11:10000000-15000000
ForkPoolWorker-7 countReadsInRegions_worker: processing 5000000 (11452656.2 per sec) @ chr11:10000000-15000000
ForkPoolWorker-7,  processing 79 (64477.5 per sec) reads @ chr18:30000000-35000000
ForkPoolWorker-7 countReadsInRegions_worker: processing 5000000 (11794601.0 per sec) @ chr18:30000000-35000000
ForkPoolWorker-7,  processing 128 (80141.9 per sec) reads @ chr20:40000000-45000000
ForkPoolWorker-7 countReadsInRegions_worker: processing 5000000 (11576152.5 per sec) @ chr20:40000000-45000000
ForkPoolWorker-7,  processing 62 (60829.7 per sec) reads @ chr20:5000000-10000000
ForkPoolWorker-7 countReadsInRegions_worker: processing 5000000 (11863584.9 per sec) @ chr20:5000000-10000000
ForkPoolWorker-7,  processing 3 (7724.3 per sec) reads @ chrY:5000000-10000000
ForkPoolWorker-7 countReadsInRegions_worker: processing 5000000 (11917234.4 per sec) @ chrY:5000000-10000000
ForkPoolWorker-7,  processing 0 (0.0 per sec) reads @ chrUn_GL000224v1:0-179693
ForkPoolWorker-7 countReadsInRegions_worker: processing 179693 (8124954.9 per sec) @ chrUn_GL000224v1:0-179693
ForkPoolWorker-7,  processing 720 (113962.7 per sec) reads @ chr11:65000000-70000000
ForkPoolWorker-7 countReadsInRegions_worker: processing 5000000 (11401772.7 per sec) @ chr11:65000000-70000000
ForkPoolWorker-7,  processing 129 (83782.2 per sec) reads @ chr6:135000000-140000000
ForkPoolWorker-7 countReadsInRegions_worker: processing 5000000 (11558670.5 per sec) @ chr6:135000000-140000000
ForkPoolWorker-7,  processing 142 (84493.0 per sec) reads @ chr17:70000000-75000000
ForkPoolWorker-7 countReadsInRegions_worker: processing 5000000 (11601358.2 per sec) @ chr17:70000000-75000000
ForkPoolWorker-7,  processing 89 (101410.8 per sec) reads @ chr6:90000000-95000000
ForkPoolWorker-7 countReadsInRegions_worker: processing 5000000 (11677722.7 per sec) @ chr6:90000000-95000000
ForkPoolWorker-7,  processing 494 (108361.8 per sec) reads @ chr1:0-5000000
ForkPoolWorker-7 countReadsInRegions_worker: processing 5000000 (11541291.9 per sec) @ chr1:0-5000000
ForkPoolWorker-7,  processing 1726 (168337.8 per sec) reads @ chr17:75000000-80000000
ForkPoolWorker-7 countReadsInRegions_worker: processing 5000000 (11544023.7 per sec) @ chr17:75000000-80000000
ForkPoolWorker-14,  processing 0 (0.0 per sec) reads @ chrUn_KI270590v1:0-4685
ForkPoolWorker-14 countReadsInRegions_worker: processing 4685 (163177.4 per sec) @ chrUn_KI270590v1:0-4685
ForkPoolWorker-14,  processing 11 (5102.6 per sec) reads @ chr15:20000000-25000000
ForkPoolWorker-14 countReadsInRegions_worker: processing 5000000 (10448266.4 per sec) @ chr15:20000000-25000000
ForkPoolWorker-14,  processing 63 (48148.9 per sec) reads @ chr15:35000000-40000000
ForkPoolWorker-14 countReadsInRegions_worker: processing 5000000 (11411029.0 per sec) @ chr15:35000000-40000000
ForkPoolWorker-14,  processing 226 (94254.0 per sec) reads @ chr22:15000000-20000000
ForkPoolWorker-14 countReadsInRegions_worker: processing 5000000 (11486435.3 per sec) @ chr22:15000000-20000000
ForkPoolWorker-14,  processing 96 (43175.3 per sec) reads @ chr10:20000000-25000000
ForkPoolWorker-14 countReadsInRegions_worker: processing 5000000 (11491445.3 per sec) @ chr10:20000000-25000000
ForkPoolWorker-14,  processing 81 (82621.3 per sec) reads @ chr14:35000000-40000000
ForkPoolWorker-14 countReadsInRegions_worker: processing 5000000 (11688292.4 per sec) @ chr14:35000000-40000000
ForkPoolWorker-14,  processing 459 (131214.9 per sec) reads @ chr9:35000000-40000000
ForkPoolWorker-14 countReadsInRegions_worker: processing 5000000 (11473056.7 per sec) @ chr9:35000000-40000000
ForkPoolWorker-14,  processing 42 (55396.5 per sec) reads @ chr4:35000000-40000000
ForkPoolWorker-14 countReadsInRegions_worker: processing 5000000 (11761071.8 per sec) @ chr4:35000000-40000000
ForkPoolWorker-14,  processing 0 (0.0 per sec) reads @ chrUn_KI270742v1:0-186739
ForkPoolWorker-14 countReadsInRegions_worker: processing 186739 (8399358.0 per sec) @ chrUn_KI270742v1:0-186739
ForkPoolWorker-14,  processing 35 (49695.5 per sec) reads @ chr18:60000000-65000000
ForkPoolWorker-14 countReadsInRegions_worker: processing 5000000 (11710208.7 per sec) @ chr18:60000000-65000000
ForkPoolWorker-14,  processing 83 (90705.4 per sec) reads @ chr5:155000000-160000000
ForkPoolWorker-14 countReadsInRegions_worker: processing 5000000 (11621197.5 per sec) @ chr5:155000000-160000000
ForkPoolWorker-14,  processing 28 (45983.0 per sec) reads @ chrX:85000000-90000000
ForkPoolWorker-14 countReadsInRegions_worker: processing 5000000 (11695795.3 per sec) @ chrX:85000000-90000000
ForkPoolWorker-14,  processing 0 (0.0 per sec) reads @ chrUn_KI270374v1:0-2656
ForkPoolWorker-14 countReadsInRegions_worker: processing 2656 (386754.3 per sec) @ chrUn_KI270374v1:0-2656
ForkPoolWorker-14,  processing 0 (0.0 per sec) reads @ chrUn_KI270419v1:0-1029
ForkPoolWorker-14 countReadsInRegions_worker: processing 1029 (152727.9 per sec) @ chrUn_KI270419v1:0-1029
ForkPoolWorker-14,  processing 61 (71268.1 per sec) reads @ chr4:95000000-100000000
ForkPoolWorker-14 countReadsInRegions_worker: processing 5000000 (11497134.1 per sec) @ chr4:95000000-100000000
ForkPoolWorker-14,  processing 232 (104710.9 per sec) reads @ chr3:40000000-45000000
ForkPoolWorker-14 countReadsInRegions_worker: processing 5000000 (11536022.6 per sec) @ chr3:40000000-45000000
ForkPoolWorker-14,  processing 0 (0.0 per sec) reads @ chrUn_KI270412v1:0-1179
ForkPoolWorker-14 countReadsInRegions_worker: processing 1179 (175016.3 per sec) @ chrUn_KI270412v1:0-1179
ForkPoolWorker-14,  processing 288 (114433.5 per sec) reads @ chr15:65000000-70000000
ForkPoolWorker-14 countReadsInRegions_worker: processing 5000000 (11494386.7 per sec) @ chr15:65000000-70000000
ForkPoolWorker-14,  processing 0 (0.0 per sec) reads @ chrUn_KI270518v1:0-2186
ForkPoolWorker-14 countReadsInRegions_worker: processing 2186 (334259.9 per sec) @ chrUn_KI270518v1:0-2186
ForkPoolWorker-14,  processing 68 (72721.2 per sec) reads @ chr2:135000000-140000000
ForkPoolWorker-14 countReadsInRegions_worker: processing 5000000 (11923996.7 per sec) @ chr2:135000000-140000000
ForkPoolWorker-30,  processing 2 (939.7 per sec) reads @ chrY:20000000-25000000
ForkPoolWorker-30 countReadsInRegions_worker: processing 5000000 (10054054.0 per sec) @ chrY:20000000-25000000
ForkPoolWorker-30,  processing 0 (0.0 per sec) reads @ chrUn_KI270338v1:0-1428
ForkPoolWorker-30 countReadsInRegions_worker: processing 1428 (149393.0 per sec) @ chrUn_KI270338v1:0-1428
ForkPoolWorker-30,  processing 98 (64874.0 per sec) reads @ chr2:155000000-160000000
ForkPoolWorker-30 countReadsInRegions_worker: processing 5000000 (10678632.1 per sec) @ chr2:155000000-160000000
ForkPoolWorker-30,  processing 168 (102553.2 per sec) reads @ chr13:50000000-55000000
ForkPoolWorker-30 countReadsInRegions_worker: processing 5000000 (11041692.7 per sec) @ chr13:50000000-55000000
ForkPoolWorker-30,  processing 519 (104110.4 per sec) reads @ chr14:20000000-25000000
ForkPoolWorker-30 countReadsInRegions_worker: processing 5000000 (10985564.7 per sec) @ chr14:20000000-25000000
ForkPoolWorker-30,  processing 0 (0.0 per sec) reads @ chrUn_KI270754v1:0-40191
ForkPoolWorker-30 countReadsInRegions_worker: processing 40191 (4283401.7 per sec) @ chrUn_KI270754v1:0-40191
ForkPoolWorker-30,  processing 43 (54570.4 per sec) reads @ chr7:50000000-55000000
ForkPoolWorker-30 countReadsInRegions_worker: processing 5000000 (11479104.3 per sec) @ chr7:50000000-55000000
ForkPoolWorker-30,  processing 13 (24683.5 per sec) reads @ chr4:160000000-165000000
ForkPoolWorker-30 countReadsInRegions_worker: processing 5000000 (11439630.7 per sec) @ chr4:160000000-165000000
ForkPoolWorker-30,  processing 35 (47309.3 per sec) reads @ chr5:85000000-90000000
ForkPoolWorker-30 countReadsInRegions_worker: processing 5000000 (11609649.5 per sec) @ chr5:85000000-90000000
ForkPoolWorker-30,  processing 76 (66799.5 per sec) reads @ chr16:45000000-50000000
ForkPoolWorker-30 countReadsInRegions_worker: processing 5000000 (11710398.3 per sec) @ chr16:45000000-50000000
ForkPoolWorker-30,  processing 0 (0.0 per sec) reads @ chr9_KI270720v1_random:0-39050
ForkPoolWorker-30 countReadsInRegions_worker: processing 39050 (4393797.0 per sec) @ chr9_KI270720v1_random:0-39050
ForkPoolWorker-30,  processing 56 (71414.1 per sec) reads @ chr9:25000000-30000000
ForkPoolWorker-30 countReadsInRegions_worker: processing 5000000 (11864262.8 per sec) @ chr9:25000000-30000000
ForkPoolWorker-30,  processing 292 (110306.8 per sec) reads @ chr7:5000000-10000000
ForkPoolWorker-30 countReadsInRegions_worker: processing 5000000 (11707796.4 per sec) @ chr7:5000000-10000000
ForkPoolWorker-30,  processing 0 (0.0 per sec) reads @ chrUn_KI270756v1:0-79590
ForkPoolWorker-30 countReadsInRegions_worker: processing 79590 (5550884.7 per sec) @ chrUn_KI270756v1:0-79590
ForkPoolWorker-30,  processing 0 (0.0 per sec) reads @ chr11:135000000-135086622
ForkPoolWorker-30 countReadsInRegions_worker: processing 86622 (6763827.6 per sec) @ chr11:135000000-135086622
ForkPoolWorker-30,  processing 0 (0.0 per sec) reads @ chrUn_KI270420v1:0-2321
ForkPoolWorker-30 countReadsInRegions_worker: processing 2321 (343034.6 per sec) @ chrUn_KI270420v1:0-2321
ForkPoolWorker-30,  processing 44 (58420.2 per sec) reads @ chr12:15000000-20000000
ForkPoolWorker-30 countReadsInRegions_worker: processing 5000000 (11815972.7 per sec) @ chr12:15000000-20000000
ForkPoolWorker-30,  processing 51 (66308.0 per sec) reads @ chr3:25000000-30000000
ForkPoolWorker-30 countReadsInRegions_worker: processing 5000000 (11911717.7 per sec) @ chr3:25000000-30000000
ForkPoolWorker-30,  processing 43 (56431.5 per sec) reads @ chr15:45000000-50000000
ForkPoolWorker-30 countReadsInRegions_worker: processing 5000000 (11892985.6 per sec) @ chr15:45000000-50000000
ForkPoolWorker-30,  processing 267 (109128.7 per sec) reads @ chr7:135000000-140000000
ForkPoolWorker-30 countReadsInRegions_worker: processing 5000000 (11961020.3 per sec) @ chr7:135000000-140000000
ForkPoolWorker-18,  processing 31 (4426.8 per sec) reads @ chr10:105000000-110000000
ForkPoolWorker-18 countReadsInRegions_worker: processing 5000000 (8084750.7 per sec) @ chr10:105000000-110000000
ForkPoolWorker-18,  processing 15 (17642.9 per sec) reads @ chr13:60000000-65000000
ForkPoolWorker-18 countReadsInRegions_worker: processing 5000000 (11475687.2 per sec) @ chr13:60000000-65000000
ForkPoolWorker-18,  processing 146 (40634.9 per sec) reads @ chr11:125000000-130000000
ForkPoolWorker-18 countReadsInRegions_worker: processing 5000000 (11458325.5 per sec) @ chr11:125000000-130000000
ForkPoolWorker-18,  processing 0 (0.0 per sec) reads @ chr22:5000000-10000000
ForkPoolWorker-18 countReadsInRegions_worker: processing 5000000 (11741758.3 per sec) @ chr22:5000000-10000000
ForkPoolWorker-18,  processing 32 (49618.4 per sec) reads @ chr4:30000000-35000000
ForkPoolWorker-18 countReadsInRegions_worker: processing 5000000 (11660185.5 per sec) @ chr4:30000000-35000000
ForkPoolWorker-18,  processing 77 (66316.5 per sec) reads @ chr4:145000000-150000000
ForkPoolWorker-18 countReadsInRegions_worker: processing 5000000 (11578587.6 per sec) @ chr4:145000000-150000000
ForkPoolWorker-18,  processing 87 (47837.5 per sec) reads @ chr3:130000000-135000000
ForkPoolWorker-18 countReadsInRegions_worker: processing 5000000 (11429069.7 per sec) @ chr3:130000000-135000000
ForkPoolWorker-18,  processing 2 (6447.8 per sec) reads @ chrUn_KI270467v1:0-3920
ForkPoolWorker-18 countReadsInRegions_worker: processing 3920 (556929.5 per sec) @ chrUn_KI270467v1:0-3920
ForkPoolWorker-18,  processing 553 (119178.4 per sec) reads @ chr14:100000000-105000000
ForkPoolWorker-18 countReadsInRegions_worker: processing 5000000 (11426759.3 per sec) @ chr14:100000000-105000000
ForkPoolWorker-18,  processing 81 (69661.4 per sec) reads @ chr9:20000000-25000000
ForkPoolWorker-18 countReadsInRegions_worker: processing 5000000 (11683011.7 per sec) @ chr9:20000000-25000000
ForkPoolWorker-18,  processing 180 (102592.0 per sec) reads @ chr1:210000000-215000000
ForkPoolWorker-18 countReadsInRegions_worker: processing 5000000 (11547583.4 per sec) @ chr1:210000000-215000000
ForkPoolWorker-18,  processing 0 (0.0 per sec) reads @ chr22_KI270738v1_random:0-99375
ForkPoolWorker-18 countReadsInRegions_worker: processing 99375 (6817287.5 per sec) @ chr22_KI270738v1_random:0-99375
ForkPoolWorker-18,  processing 53 (62654.5 per sec) reads @ chr3:165000000-170000000
ForkPoolWorker-18 countReadsInRegions_worker: processing 5000000 (11552099.7 per sec) @ chr3:165000000-170000000
ForkPoolWorker-18,  processing 75 (75148.8 per sec) reads @ chr12:20000000-25000000
ForkPoolWorker-18 countReadsInRegions_worker: processing 5000000 (11643108.2 per sec) @ chr12:20000000-25000000
ForkPoolWorker-18,  processing 30 (47038.9 per sec) reads @ chrX:60000000-65000000
ForkPoolWorker-18 countReadsInRegions_worker: processing 5000000 (11582366.9 per sec) @ chrX:60000000-65000000
ForkPoolWorker-24,  processing 175 (19065.5 per sec) reads @ chr10:130000000-133797422
ForkPoolWorker-24 countReadsInRegions_worker: processing 3797422 (9355879.2 per sec) @ chr10:130000000-133797422
ForkPoolWorker-24,  processing 82 (31130.8 per sec) reads @ chr2:195000000-200000000
ForkPoolWorker-24 countReadsInRegions_worker: processing 5000000 (11926417.6 per sec) @ chr2:195000000-200000000
ForkPoolWorker-24,  processing 0 (0.0 per sec) reads @ chr14:5000000-10000000
ForkPoolWorker-24 countReadsInRegions_worker: processing 5000000 (12116060.8 per sec) @ chr14:5000000-10000000
ForkPoolWorker-24,  processing 95 (77250.7 per sec) reads @ chr12:65000000-70000000
ForkPoolWorker-24 countReadsInRegions_worker: processing 5000000 (12043890.1 per sec) @ chr12:65000000-70000000
ForkPoolWorker-24,  processing 237 (99206.6 per sec) reads @ chr17:25000000-30000000
ForkPoolWorker-24 countReadsInRegions_worker: processing 5000000 (12001069.0 per sec) @ chr17:25000000-30000000
ForkPoolWorker-24,  processing 35 (50085.5 per sec) reads @ chr2:145000000-150000000
ForkPoolWorker-24 countReadsInRegions_worker: processing 5000000 (12086641.7 per sec) @ chr2:145000000-150000000
ForkPoolWorker-24,  processing 0 (0.0 per sec) reads @ chrUn_KI270515v1:0-6361
ForkPoolWorker-24 countReadsInRegions_worker: processing 6361 (876362.1 per sec) @ chrUn_KI270515v1:0-6361
ForkPoolWorker-24,  processing 233 (117305.6 per sec) reads @ chr2:60000000-65000000
ForkPoolWorker-24 countReadsInRegions_worker: processing 5000000 (11965913.6 per sec) @ chr2:60000000-65000000
ForkPoolWorker-24,  processing 75 (76575.7 per sec) reads @ chr1:175000000-180000000
ForkPoolWorker-24 countReadsInRegions_worker: processing 5000000 (12164341.9 per sec) @ chr1:175000000-180000000
ForkPoolWorker-24,  processing 96 (75829.2 per sec) reads @ chr15:100000000-101991189
ForkPoolWorker-24 countReadsInRegions_worker: processing 1991189 (11803654.3 per sec) @ chr15:100000000-101991189
ForkPoolWorker-24,  processing 2 (5566.4 per sec) reads @ chrUn_GL000216v2:0-176608
ForkPoolWorker-24 countReadsInRegions_worker: processing 176608 (7065505.9 per sec) @ chrUn_GL000216v2:0-176608
ForkPoolWorker-24,  processing 106 (80440.8 per sec) reads @ chr2:125000000-130000000
ForkPoolWorker-24 countReadsInRegions_worker: processing 5000000 (11960385.9 per sec) @ chr2:125000000-130000000
ForkPoolWorker-24,  processing 0 (0.0 per sec) reads @ chrUn_KI270316v1:0-1444
ForkPoolWorker-24 countReadsInRegions_worker: processing 1444 (201610.3 per sec) @ chrUn_KI270316v1:0-1444
ForkPoolWorker-24,  processing 88 (80116.9 per sec) reads @ chr2:205000000-210000000
ForkPoolWorker-24 countReadsInRegions_worker: processing 5000000 (12003981.6 per sec) @ chr2:205000000-210000000
ForkPoolWorker-24,  processing 0 (0.0 per sec) reads @ chrUn_KI270311v1:0-12399
ForkPoolWorker-24 countReadsInRegions_worker: processing 12399 (1544738.8 per sec) @ chrUn_KI270311v1:0-12399
ForkPoolWorker-24,  processing 41 (54213.9 per sec) reads @ chr3:175000000-180000000
ForkPoolWorker-24 countReadsInRegions_worker: processing 5000000 (12046851.2 per sec) @ chr3:175000000-180000000
ForkPoolWorker-24,  processing 357 (109177.3 per sec) reads @ chr1:225000000-230000000
ForkPoolWorker-24 countReadsInRegions_worker: processing 5000000 (11949747.5 per sec) @ chr1:225000000-230000000
ForkPoolWorker-24,  processing 20 (33975.7 per sec) reads @ chr6:100000000-105000000
ForkPoolWorker-24 countReadsInRegions_worker: processing 5000000 (11943894.5 per sec) @ chr6:100000000-105000000
ForkPoolWorker-24,  processing 0 (0.0 per sec) reads @ chrUn_KI270375v1:0-2378
ForkPoolWorker-24 countReadsInRegions_worker: processing 2378 (305886.9 per sec) @ chrUn_KI270375v1:0-2378
ForkPoolWorker-24,  processing 56 (63412.8 per sec) reads @ chr5:40000000-45000000
ForkPoolWorker-24 countReadsInRegions_worker: processing 5000000 (12147164.1 per sec) @ chr5:40000000-45000000
ForkPoolWorker-36,  processing 52 (8962.6 per sec) reads @ chr2:225000000-230000000
ForkPoolWorker-36 countReadsInRegions_worker: processing 5000000 (9599658.7 per sec) @ chr2:225000000-230000000
ForkPoolWorker-36,  processing 0 (0.0 per sec) reads @ chrUn_KI270414v1:0-2489
ForkPoolWorker-36 countReadsInRegions_worker: processing 2489 (362650.6 per sec) @ chrUn_KI270414v1:0-2489
ForkPoolWorker-36,  processing 42 (54827.5 per sec) reads @ chr4:125000000-130000000
ForkPoolWorker-36 countReadsInRegions_worker: processing 5000000 (10981986.6 per sec) @ chr4:125000000-130000000
ForkPoolWorker-36,  processing 544 (120916.9 per sec) reads @ chr16:85000000-90000000
ForkPoolWorker-36 countReadsInRegions_worker: processing 5000000 (11129336.1 per sec) @ chr16:85000000-90000000
ForkPoolWorker-36,  processing 66 (74295.2 per sec) reads @ chr3:75000000-80000000
ForkPoolWorker-36 countReadsInRegions_worker: processing 5000000 (11447030.1 per sec) @ chr3:75000000-80000000
ForkPoolWorker-36,  processing 139 (84506.2 per sec) reads @ chr6:140000000-145000000
ForkPoolWorker-36 countReadsInRegions_worker: processing 5000000 (11702243.3 per sec) @ chr6:140000000-145000000
ForkPoolWorker-36,  processing 0 (0.0 per sec) reads @ chrUn_KI270411v1:0-2646
ForkPoolWorker-36 countReadsInRegions_worker: processing 2646 (390147.2 per sec) @ chrUn_KI270411v1:0-2646
ForkPoolWorker-36,  processing 30 (47127.0 per sec) reads @ chr8:105000000-110000000
ForkPoolWorker-36 countReadsInRegions_worker: processing 5000000 (11535686.3 per sec) @ chr8:105000000-110000000
ForkPoolWorker-36,  processing 0 (0.0 per sec) reads @ chr9:45000000-50000000
ForkPoolWorker-36 countReadsInRegions_worker: processing 5000000 (11649821.8 per sec) @ chr9:45000000-50000000
ForkPoolWorker-36,  processing 47 (54172.1 per sec) reads @ chr4:70000000-75000000
ForkPoolWorker-36 countReadsInRegions_worker: processing 5000000 (11854558.4 per sec) @ chr4:70000000-75000000
ForkPoolWorker-36,  processing 224 (105647.6 per sec) reads @ chr17:55000000-60000000
ForkPoolWorker-36 countReadsInRegions_worker: processing 5000000 (11721040.5 per sec) @ chr17:55000000-60000000
ForkPoolWorker-36,  processing 129 (82216.3 per sec) reads @ chr16:10000000-15000000
ForkPoolWorker-36 countReadsInRegions_worker: processing 5000000 (11709770.6 per sec) @ chr16:10000000-15000000
ForkPoolWorker-36,  processing 81 (75800.7 per sec) reads @ chr3:110000000-115000000
ForkPoolWorker-36 countReadsInRegions_worker: processing 5000000 (11859492.4 per sec) @ chr3:110000000-115000000
ForkPoolWorker-36,  processing 112 (80480.0 per sec) reads @ chr3:15000000-20000000
ForkPoolWorker-36 countReadsInRegions_worker: processing 5000000 (11855677.6 per sec) @ chr3:15000000-20000000
ForkPoolWorker-36,  processing 60 (70989.6 per sec) reads @ chr8:0-5000000
ForkPoolWorker-36 countReadsInRegions_worker: processing 5000000 (11802945.1 per sec) @ chr8:0-5000000
ForkPoolWorker-27,  processing 216 (47552.5 per sec) reads @ chr2:95000000-100000000
ForkPoolWorker-27 countReadsInRegions_worker: processing 5000000 (10304007.6 per sec) @ chr2:95000000-100000000
ForkPoolWorker-27,  processing 100 (56771.8 per sec) reads @ chr18:20000000-25000000
ForkPoolWorker-27 countReadsInRegions_worker: processing 5000000 (11354098.8 per sec) @ chr18:20000000-25000000
ForkPoolWorker-27,  processing 118 (88301.1 per sec) reads @ chr2:85000000-90000000
ForkPoolWorker-27 countReadsInRegions_worker: processing 5000000 (11476434.5 per sec) @ chr2:85000000-90000000
ForkPoolWorker-27,  processing 33 (48651.0 per sec) reads @ chr2:190000000-195000000
ForkPoolWorker-27 countReadsInRegions_worker: processing 5000000 (11596790.5 per sec) @ chr2:190000000-195000000
ForkPoolWorker-27,  processing 0 (0.0 per sec) reads @ chrY:35000000-40000000
ForkPoolWorker-27 countReadsInRegions_worker: processing 5000000 (11681898.8 per sec) @ chrY:35000000-40000000
ForkPoolWorker-27,  processing 734 (103765.5 per sec) reads @ chr6:25000000-30000000
ForkPoolWorker-27 countReadsInRegions_worker: processing 5000000 (11350792.5 per sec) @ chr6:25000000-30000000
ForkPoolWorker-27,  processing 108 (60934.2 per sec) reads @ chr1:60000000-65000000
ForkPoolWorker-27 countReadsInRegions_worker: processing 5000000 (11544773.6 per sec) @ chr1:60000000-65000000
ForkPoolWorker-27,  processing 70 (61564.5 per sec) reads @ chr5:30000000-35000000
ForkPoolWorker-27 countReadsInRegions_worker: processing 5000000 (11471519.1 per sec) @ chr5:30000000-35000000
ForkPoolWorker-27,  processing 0 (0.0 per sec) reads @ chrUn_KI270438v1:0-112505
ForkPoolWorker-27 countReadsInRegions_worker: processing 112505 (7010967.4 per sec) @ chrUn_KI270438v1:0-112505
ForkPoolWorker-27,  processing 442 (120758.4 per sec) reads @ chr1:40000000-45000000
ForkPoolWorker-27 countReadsInRegions_worker: processing 5000000 (11649640.6 per sec) @ chr1:40000000-45000000
ForkPoolWorker-27,  processing 85 (80805.9 per sec) reads @ chr2:105000000-110000000
ForkPoolWorker-27 countReadsInRegions_worker: processing 5000000 (11744342.5 per sec) @ chr2:105000000-110000000
ForkPoolWorker-27,  processing 68 (65460.8 per sec) reads @ chr5:50000000-55000000
ForkPoolWorker-27 countReadsInRegions_worker: processing 5000000 (11658616.9 per sec) @ chr5:50000000-55000000
ForkPoolWorker-27,  processing 45 (57212.4 per sec) reads @ chr1:80000000-85000000
ForkPoolWorker-27 countReadsInRegions_worker: processing 5000000 (11733132.8 per sec) @ chr1:80000000-85000000
ForkPoolWorker-27,  processing 352 (111510.2 per sec) reads @ chr7:0-5000000
ForkPoolWorker-27 countReadsInRegions_worker: processing 5000000 (11768490.1 per sec) @ chr7:0-5000000
ForkPoolWorker-27,  processing 59 (66594.2 per sec) reads @ chr7:20000000-25000000
ForkPoolWorker-27 countReadsInRegions_worker: processing 5000000 (11990481.5 per sec) @ chr7:20000000-25000000
ForkPoolWorker-29,  processing 0 (0.0 per sec) reads @ chrUn_KI270539v1:0-993
ForkPoolWorker-29 countReadsInRegions_worker: processing 993 (34859.8 per sec) @ chrUn_KI270539v1:0-993
ForkPoolWorker-29,  processing 166 (27662.1 per sec) reads @ chr9:95000000-100000000
ForkPoolWorker-29 countReadsInRegions_worker: processing 5000000 (10190797.6 per sec) @ chr9:95000000-100000000
ForkPoolWorker-29,  processing 139 (58365.0 per sec) reads @ chrX:100000000-105000000
ForkPoolWorker-29 countReadsInRegions_worker: processing 5000000 (10724728.4 per sec) @ chrX:100000000-105000000
ForkPoolWorker-29,  processing 14 (26074.7 per sec) reads @ chr7:60000000-65000000
ForkPoolWorker-29 countReadsInRegions_worker: processing 5000000 (11134139.9 per sec) @ chr7:60000000-65000000
ForkPoolWorker-29,  processing 0 (0.0 per sec) reads @ chrUn_KI270593v1:0-3041
ForkPoolWorker-29 countReadsInRegions_worker: processing 3041 (432324.8 per sec) @ chrUn_KI270593v1:0-3041
ForkPoolWorker-29,  processing 189 (94136.5 per sec) reads @ chr1:115000000-120000000
ForkPoolWorker-29 countReadsInRegions_worker: processing 5000000 (11274192.5 per sec) @ chr1:115000000-120000000
ForkPoolWorker-29,  processing 70 (72173.4 per sec) reads @ chr20:20000000-25000000
ForkPoolWorker-29 countReadsInRegions_worker: processing 5000000 (11458857.7 per sec) @ chr20:20000000-25000000
ForkPoolWorker-29,  processing 68 (71481.9 per sec) reads @ chr5:115000000-120000000
ForkPoolWorker-29 countReadsInRegions_worker: processing 5000000 (11551278.8 per sec) @ chr5:115000000-120000000
ForkPoolWorker-29,  processing 22 (33987.0 per sec) reads @ chr11:95000000-100000000
ForkPoolWorker-29 countReadsInRegions_worker: processing 5000000 (11742586.7 per sec) @ chr11:95000000-100000000
ForkPoolWorker-29,  processing 384 (114284.6 per sec) reads @ chr9:135000000-138394717
ForkPoolWorker-29 countReadsInRegions_worker: processing 3394717 (11666912.6 per sec) @ chr9:135000000-138394717
ForkPoolWorker-29,  processing 0 (0.0 per sec) reads @ chrUn_KI270749v1:0-158759
ForkPoolWorker-29 countReadsInRegions_worker: processing 158759 (7641010.6 per sec) @ chrUn_KI270749v1:0-158759
ForkPoolWorker-29,  processing 0 (0.0 per sec) reads @ chrUn_KI270395v1:0-1143
ForkPoolWorker-29 countReadsInRegions_worker: processing 1143 (130076.2 per sec) @ chrUn_KI270395v1:0-1143
ForkPoolWorker-29,  processing 149 (90350.1 per sec) reads @ chr14:90000000-95000000
ForkPoolWorker-29 countReadsInRegions_worker: processing 5000000 (11803782.1 per sec) @ chr14:90000000-95000000
ForkPoolWorker-29,  processing 0 (0.0 per sec) reads @ chrUn_KI270336v1:0-1026
ForkPoolWorker-29 countReadsInRegions_worker: processing 1026 (147572.3 per sec) @ chrUn_KI270336v1:0-1026
ForkPoolWorker-29,  processing 271 (103154.2 per sec) reads @ chr11:115000000-120000000
ForkPoolWorker-29 countReadsInRegions_worker: processing 5000000 (11955871.9 per sec) @ chr11:115000000-120000000
ForkPoolWorker-29,  processing 69 (72478.6 per sec) reads @ chr5:105000000-110000000
ForkPoolWorker-29 countReadsInRegions_worker: processing 5000000 (11993409.5 per sec) @ chr5:105000000-110000000
ForkPoolWorker-29,  processing 90 (86858.6 per sec) reads @ chr3:100000000-105000000
ForkPoolWorker-29 countReadsInRegions_worker: processing 5000000 (11849561.6 per sec) @ chr3:100000000-105000000
ForkPoolWorker-29,  processing 53 (54605.3 per sec) reads @ chr4:165000000-170000000
ForkPoolWorker-29 countReadsInRegions_worker: processing 5000000 (11937116.4 per sec) @ chr4:165000000-170000000
ForkPoolWorker-29,  processing 246 (99661.8 per sec) reads @ chr19:50000000-55000000
ForkPoolWorker-29 countReadsInRegions_worker: processing 5000000 (11978530.5 per sec) @ chr19:50000000-55000000
ForkPoolWorker-29,  processing 99 (88273.0 per sec) reads @ chr12:125000000-130000000
ForkPoolWorker-29 countReadsInRegions_worker: processing 5000000 (11986931.4 per sec) @ chr12:125000000-130000000
ForkPoolWorker-48,  processing 34 (5316.6 per sec) reads @ chr21:15000000-20000000
ForkPoolWorker-48 countReadsInRegions_worker: processing 5000000 (8562956.6 per sec) @ chr21:15000000-20000000
ForkPoolWorker-48,  processing 349 (82306.0 per sec) reads @ chr1:30000000-35000000
ForkPoolWorker-48 countReadsInRegions_worker: processing 5000000 (11389406.9 per sec) @ chr1:30000000-35000000
ForkPoolWorker-48,  processing 225 (98355.2 per sec) reads @ chr20:35000000-40000000
ForkPoolWorker-48 countReadsInRegions_worker: processing 5000000 (11652391.6 per sec) @ chr20:35000000-40000000
ForkPoolWorker-48,  processing 20 (34620.8 per sec) reads @ chr3:0-5000000
ForkPoolWorker-48 countReadsInRegions_worker: processing 5000000 (11640529.6 per sec) @ chr3:0-5000000
ForkPoolWorker-48,  processing 29 (37117.7 per sec) reads @ chr1:95000000-100000000
ForkPoolWorker-48 countReadsInRegions_worker: processing 5000000 (11714853.1 per sec) @ chr1:95000000-100000000
ForkPoolWorker-48,  processing 132 (54130.6 per sec) reads @ chr3:5000000-10000000
ForkPoolWorker-48 countReadsInRegions_worker: processing 5000000 (11624063.9 per sec) @ chr3:5000000-10000000
ForkPoolWorker-48,  processing 46 (50759.8 per sec) reads @ chr7:110000000-115000000
ForkPoolWorker-48 countReadsInRegions_worker: processing 5000000 (11618673.6 per sec) @ chr7:110000000-115000000
ForkPoolWorker-48,  processing 32 (49164.0 per sec) reads @ chrX:155000000-156040895
ForkPoolWorker-48 countReadsInRegions_worker: processing 1040895 (10963637.4 per sec) @ chrX:155000000-156040895
ForkPoolWorker-48,  processing 209 (112285.1 per sec) reads @ chr6:115000000-120000000
ForkPoolWorker-48 countReadsInRegions_worker: processing 5000000 (12025878.1 per sec) @ chr6:115000000-120000000
ForkPoolWorker-48,  processing 1442 (179338.4 per sec) reads @ chr14:45000000-50000000
ForkPoolWorker-48 countReadsInRegions_worker: processing 5000000 (11780958.6 per sec) @ chr14:45000000-50000000
ForkPoolWorker-48,  processing 77 (64450.5 per sec) reads @ chr2:165000000-170000000
ForkPoolWorker-48 countReadsInRegions_worker: processing 5000000 (11848048.6 per sec) @ chr2:165000000-170000000
ForkPoolWorker-48,  processing 165 (94401.9 per sec) reads @ chr10:5000000-10000000
ForkPoolWorker-48 countReadsInRegions_worker: processing 5000000 (11954447.6 per sec) @ chr10:5000000-10000000
ForkPoolWorker-48,  processing 213 (95233.6 per sec) reads @ chr10:95000000-100000000
ForkPoolWorker-48 countReadsInRegions_worker: processing 5000000 (11932423.1 per sec) @ chr10:95000000-100000000
ForkPoolWorker-48,  processing 321 (104007.1 per sec) reads @ chr7:150000000-155000000
ForkPoolWorker-48 countReadsInRegions_worker: processing 5000000 (11884143.4 per sec) @ chr7:150000000-155000000
ForkPoolWorker-48,  processing 123 (79247.2 per sec) reads @ chr3:120000000-125000000
ForkPoolWorker-48 countReadsInRegions_worker: processing 5000000 (11829302.6 per sec) @ chr3:120000000-125000000
ForkPoolWorker-26,  processing 1 (189.0 per sec) reads @ chr14_GL000194v1_random:0-191469
ForkPoolWorker-26 countReadsInRegions_worker: processing 191469 (3243008.6 per sec) @ chr14_GL000194v1_random:0-191469
ForkPoolWorker-26,  processing 465 (32108.8 per sec) reads @ chr22:20000000-25000000
ForkPoolWorker-26 countReadsInRegions_worker: processing 5000000 (9980369.1 per sec) @ chr22:20000000-25000000
ForkPoolWorker-26,  processing 0 (0.0 per sec) reads @ chr14_KI270726v1_random:0-43739
ForkPoolWorker-26 countReadsInRegions_worker: processing 43739 (2941864.4 per sec) @ chr14_KI270726v1_random:0-43739
ForkPoolWorker-26,  processing 116 (37698.7 per sec) reads @ chr17:30000000-35000000
ForkPoolWorker-26 countReadsInRegions_worker: processing 5000000 (11586379.1 per sec) @ chr17:30000000-35000000
ForkPoolWorker-26,  processing 286 (94543.7 per sec) reads @ chr2:215000000-220000000
ForkPoolWorker-26 countReadsInRegions_worker: processing 5000000 (11365137.5 per sec) @ chr2:215000000-220000000
ForkPoolWorker-26,  processing 0 (0.0 per sec) reads @ chrUn_KI270305v1:0-1472
ForkPoolWorker-26 countReadsInRegions_worker: processing 1472 (213301.6 per sec) @ chrUn_KI270305v1:0-1472
ForkPoolWorker-26,  processing 0 (0.0 per sec) reads @ chr22_KI270734v1_random:0-165050
ForkPoolWorker-26 countReadsInRegions_worker: processing 165050 (8365799.1 per sec) @ chr22_KI270734v1_random:0-165050
ForkPoolWorker-26,  processing 206 (84484.9 per sec) reads @ chr5:180000000-181538259
ForkPoolWorker-26 countReadsInRegions_worker: processing 1538259 (9941548.6 per sec) @ chr5:180000000-181538259
ForkPoolWorker-26,  processing 226 (102322.2 per sec) reads @ chr10:75000000-80000000
ForkPoolWorker-26 countReadsInRegions_worker: processing 5000000 (11734222.6 per sec) @ chr10:75000000-80000000
ForkPoolWorker-26,  processing 301 (99150.7 per sec) reads @ chr2:70000000-75000000
ForkPoolWorker-26 countReadsInRegions_worker: processing 5000000 (11826834.3 per sec) @ chr2:70000000-75000000
ForkPoolWorker-26,  processing 54 (65955.9 per sec) reads @ chr11:35000000-40000000
ForkPoolWorker-26 countReadsInRegions_worker: processing 5000000 (11955238.1 per sec) @ chr11:35000000-40000000
ForkPoolWorker-26,  processing 33 (51665.6 per sec) reads @ chr6:60000000-65000000
ForkPoolWorker-26 countReadsInRegions_worker: processing 5000000 (11996936.1 per sec) @ chr6:60000000-65000000
ForkPoolWorker-26,  processing 155 (87569.7 per sec) reads @ chr14:75000000-80000000
ForkPoolWorker-26 countReadsInRegions_worker: processing 5000000 (11934888.2 per sec) @ chr14:75000000-80000000
ForkPoolWorker-26,  processing 284 (99588.9 per sec) reads @ chr1:35000000-40000000
ForkPoolWorker-26 countReadsInRegions_worker: processing 5000000 (11946173.8 per sec) @ chr1:35000000-40000000
ForkPoolWorker-26,  processing 165 (107847.9 per sec) reads @ chr13:20000000-25000000
ForkPoolWorker-26 countReadsInRegions_worker: processing 5000000 (11950482.9 per sec) @ chr13:20000000-25000000
ForkPoolWorker-26,  processing 85 (70892.0 per sec) reads @ chr1:85000000-90000000
ForkPoolWorker-26 countReadsInRegions_worker: processing 5000000 (11786639.6 per sec) @ chr1:85000000-90000000
ForkPoolWorker-26,  processing 356 (113834.9 per sec) reads @ chr3:125000000-130000000
ForkPoolWorker-26 countReadsInRegions_worker: processing 5000000 (11931404.8 per sec) @ chr3:125000000-130000000
ForkPoolWorker-26,  processing 34 (52313.4 per sec) reads @ chr21:10000000-15000000
ForkPoolWorker-26 countReadsInRegions_worker: processing 5000000 (12066182.6 per sec) @ chr21:10000000-15000000
ForkPoolWorker-26,  processing 0 (0.0 per sec) reads @ chr15:15000000-20000000
ForkPoolWorker-26 countReadsInRegions_worker: processing 5000000 (11912820.6 per sec) @ chr15:15000000-20000000
ForkPoolWorker-26,  processing 44 (56749.5 per sec) reads @ chr5:100000000-105000000
ForkPoolWorker-26 countReadsInRegions_worker: processing 5000000 (12058384.3 per sec) @ chr5:100000000-105000000
ForkPoolWorker-13,  processing 90 (17310.4 per sec) reads @ chr7:65000000-70000000
ForkPoolWorker-13 countReadsInRegions_worker: processing 5000000 (10771384.8 per sec) @ chr7:65000000-70000000
ForkPoolWorker-13,  processing 31 (18339.0 per sec) reads @ chr12:70000000-75000000
ForkPoolWorker-13 countReadsInRegions_worker: processing 5000000 (11469461.3 per sec) @ chr12:70000000-75000000
ForkPoolWorker-13,  processing 6498 (166359.0 per sec) reads @ chr22_KI270733v1_random:0-179772
ForkPoolWorker-13 countReadsInRegions_worker: processing 179772 (2976180.9 per sec) @ chr22_KI270733v1_random:0-179772
ForkPoolWorker-13,  processing 0 (0.0 per sec) reads @ chr14_KI270724v1_random:0-39555
ForkPoolWorker-13 countReadsInRegions_worker: processing 39555 (4302422.0 per sec) @ chr14_KI270724v1_random:0-39555
ForkPoolWorker-13,  processing 283 (78587.7 per sec) reads @ chr6:0-5000000
ForkPoolWorker-13 countReadsInRegions_worker: processing 5000000 (11615063.6 per sec) @ chr6:0-5000000
ForkPoolWorker-13,  processing 0 (0.0 per sec) reads @ chrUn_KI270386v1:0-1788
ForkPoolWorker-13 countReadsInRegions_worker: processing 1788 (250724.3 per sec) @ chrUn_KI270386v1:0-1788
ForkPoolWorker-13,  processing 28 (22658.8 per sec) reads @ chr3:85000000-90000000
ForkPoolWorker-13 countReadsInRegions_worker: processing 5000000 (11680565.0 per sec) @ chr3:85000000-90000000
ForkPoolWorker-13,  processing 199 (73480.6 per sec) reads @ chr1:230000000-235000000
ForkPoolWorker-13 countReadsInRegions_worker: processing 5000000 (11719285.1 per sec) @ chr1:230000000-235000000
ForkPoolWorker-13,  processing 425 (114819.9 per sec) reads @ chr17:35000000-40000000
ForkPoolWorker-13 countReadsInRegions_worker: processing 5000000 (11758091.3 per sec) @ chr17:35000000-40000000
ForkPoolWorker-13,  processing 134 (64210.8 per sec) reads @ chr1:220000000-225000000
ForkPoolWorker-13 countReadsInRegions_worker: processing 5000000 (11890942.4 per sec) @ chr1:220000000-225000000
ForkPoolWorker-13,  processing 96 (79371.8 per sec) reads @ chrX:110000000-115000000
ForkPoolWorker-13 countReadsInRegions_worker: processing 5000000 (11957037.6 per sec) @ chrX:110000000-115000000
ForkPoolWorker-13,  processing 225 (102289.0 per sec) reads @ chr9:120000000-125000000
ForkPoolWorker-13 countReadsInRegions_worker: processing 5000000 (11688768.0 per sec) @ chr9:120000000-125000000
ForkPoolWorker-13,  processing 187 (105294.0 per sec) reads @ chr1:105000000-110000000
ForkPoolWorker-13 countReadsInRegions_worker: processing 5000000 (11861947.6 per sec) @ chr1:105000000-110000000
ForkPoolWorker-13,  processing 29 (48229.5 per sec) reads @ chr2:160000000-165000000
ForkPoolWorker-13 countReadsInRegions_worker: processing 5000000 (11828708.8 per sec) @ chr2:160000000-165000000
ForkPoolWorker-13,  processing 0 (0.0 per sec) reads @ chr22_KI270739v1_random:0-73985
ForkPoolWorker-13 countReadsInRegions_worker: processing 73985 (6429279.0 per sec) @ chr22_KI270739v1_random:0-73985
ForkPoolWorker-13,  processing 595 (116846.7 per sec) reads @ chr11:0-5000000
ForkPoolWorker-13 countReadsInRegions_worker: processing 5000000 (11689035.1 per sec) @ chr11:0-5000000
ForkPoolWorker-13,  processing 95 (78159.8 per sec) reads @ chr10:80000000-85000000
ForkPoolWorker-13 countReadsInRegions_worker: processing 5000000 (11860330.8 per sec) @ chr10:80000000-85000000
ForkPoolWorker-13,  processing 61 (70814.4 per sec) reads @ chr5:120000000-125000000
ForkPoolWorker-13 countReadsInRegions_worker: processing 5000000 (11913862.8 per sec) @ chr5:120000000-125000000
ForkPoolWorker-13,  processing 18 (30504.0 per sec) reads @ chrX:25000000-30000000
ForkPoolWorker-13 countReadsInRegions_worker: processing 5000000 (12078775.3 per sec) @ chrX:25000000-30000000
ForkPoolWorker-13,  processing 0 (0.0 per sec) reads @ chr1_KI270708v1_random:0-127682
ForkPoolWorker-13 countReadsInRegions_worker: processing 127682 (7904723.7 per sec) @ chr1_KI270708v1_random:0-127682
ForkPoolWorker-25,  processing 0 (0.0 per sec) reads @ chrY:45000000-50000000
ForkPoolWorker-25 countReadsInRegions_worker: processing 5000000 (9929508.9 per sec) @ chrY:45000000-50000000
ForkPoolWorker-25,  processing 234 (67436.2 per sec) reads @ chr2:240000000-242193529
ForkPoolWorker-25 countReadsInRegions_worker: processing 2193529 (11051550.6 per sec) @ chr2:240000000-242193529
ForkPoolWorker-25,  processing 173 (59741.0 per sec) reads @ chr12:105000000-110000000
ForkPoolWorker-25 countReadsInRegions_worker: processing 5000000 (11884554.2 per sec) @ chr12:105000000-110000000
ForkPoolWorker-25,  processing 4 (9748.5 per sec) reads @ chrUn_GL000195v1:0-182896
ForkPoolWorker-25 countReadsInRegions_worker: processing 182896 (8167121.9 per sec) @ chrUn_GL000195v1:0-182896
ForkPoolWorker-25,  processing 0 (0.0 per sec) reads @ chrUn_KI270333v1:0-2699
ForkPoolWorker-25 countReadsInRegions_worker: processing 2699 (383029.1 per sec) @ chrUn_KI270333v1:0-2699
ForkPoolWorker-25,  processing 27 (41943.0 per sec) reads @ chrX:80000000-85000000
ForkPoolWorker-25 countReadsInRegions_worker: processing 5000000 (11880043.5 per sec) @ chrX:80000000-85000000
ForkPoolWorker-25,  processing 0 (0.0 per sec) reads @ chr18:15000000-20000000
ForkPoolWorker-25 countReadsInRegions_worker: processing 5000000 (12045384.3 per sec) @ chr18:15000000-20000000
ForkPoolWorker-25,  processing 104 (44271.6 per sec) reads @ chr12:10000000-15000000
ForkPoolWorker-25 countReadsInRegions_worker: processing 5000000 (11940419.5 per sec) @ chr12:10000000-15000000
ForkPoolWorker-25,  processing 0 (0.0 per sec) reads @ chr17_KI270730v1_random:0-112551
ForkPoolWorker-25 countReadsInRegions_worker: processing 112551 (7320211.3 per sec) @ chr17_KI270730v1_random:0-112551
ForkPoolWorker-25,  processing 56 (64866.3 per sec) reads @ chr18:50000000-55000000
ForkPoolWorker-25 countReadsInRegions_worker: processing 5000000 (11955769.7 per sec) @ chr18:50000000-55000000
ForkPoolWorker-25,  processing 282 (103409.1 per sec) reads @ chr2:25000000-30000000
ForkPoolWorker-25 countReadsInRegions_worker: processing 5000000 (11877802.9 per sec) @ chr2:25000000-30000000
ForkPoolWorker-25,  processing 2 (5962.1 per sec) reads @ chrUn_KI270745v1:0-41891
ForkPoolWorker-25 countReadsInRegions_worker: processing 41891 (4267965.1 per sec) @ chrUn_KI270745v1:0-41891
ForkPoolWorker-25,  processing 55 (59440.0 per sec) reads @ chr5:90000000-95000000
ForkPoolWorker-25 countReadsInRegions_worker: processing 5000000 (12030493.4 per sec) @ chr5:90000000-95000000
ForkPoolWorker-25,  processing 0 (0.0 per sec) reads @ chrUn_KI270517v1:0-3253
ForkPoolWorker-25 countReadsInRegions_worker: processing 3253 (461275.6 per sec) @ chrUn_KI270517v1:0-3253
ForkPoolWorker-25,  processing 216 (101851.6 per sec) reads @ chr15:75000000-80000000
ForkPoolWorker-25 countReadsInRegions_worker: processing 5000000 (12008476.9 per sec) @ chr15:75000000-80000000
ForkPoolWorker-25,  processing 51 (59601.4 per sec) reads @ chr3:70000000-75000000
ForkPoolWorker-25 countReadsInRegions_worker: processing 5000000 (12004758.1 per sec) @ chr3:70000000-75000000
ForkPoolWorker-25,  processing 105 (73608.9 per sec) reads @ chr3:30000000-35000000
ForkPoolWorker-25 countReadsInRegions_worker: processing 5000000 (12023947.5 per sec) @ chr3:30000000-35000000
ForkPoolWorker-25,  processing 242 (98079.2 per sec) reads @ chr11:70000000-75000000
ForkPoolWorker-25 countReadsInRegions_worker: processing 5000000 (12002422.1 per sec) @ chr11:70000000-75000000
ForkPoolWorker-25,  processing 265 (103049.4 per sec) reads @ chr11:5000000-10000000
ForkPoolWorker-25 countReadsInRegions_worker: processing 5000000 (11878045.1 per sec) @ chr11:5000000-10000000
ForkPoolWorker-25,  processing 222 (102990.3 per sec) reads @ chr16:55000000-60000000
ForkPoolWorker-25 countReadsInRegions_worker: processing 5000000 (11878166.1 per sec) @ chr16:55000000-60000000
