# packages in environment at /work/pa-hilario/anaconda3/envs/deeptools:
#
# Name                           Version          Build                 Channel
_openmp_mutex                    4.5              20_gnu                conda-forge
alabaster                        1.0.0            pyhd8ed1ab_1          conda-forge
babel                            2.18.0           pyhcf101f3_0          conda-forge
backports.zstd                   1.3.0            py312h90b7ffd_0       conda-forge
bedops                           2.4.42           hd6d6fdc_1            bioconda
brotli                           1.2.0            hed03a55_1            conda-forge
brotli-bin                       1.2.0            hb03c661_1            conda-forge
brotli-python                    1.2.0            py312hdb49522_1       conda-forge
bzip2                            1.0.8            hda65f42_8            conda-forge
c-ares                           1.34.6           hb03c661_0            conda-forge
ca-certificates                  2026.1.4         hbd8a1cb_0            conda-forge
certifi                          2026.01.04       py312h06a4308_0
charset-normalizer               3.4.4            pyhd8ed1ab_0          conda-forge
click                            8.3.1            pypi_0                pypi
colorama                         0.4.6            pyhd8ed1ab_1          conda-forge
contourpy                        1.3.3            py312h0a2e395_4       conda-forge
cycler                           0.12.1           pyhcf101f3_2          conda-forge
cython                           3.2.4            py312h47b2149_0
deeptools                        3.5.6            pyhdfd78af_0          bioconda
deeptoolsintervals               0.1.9            py312ha9c1134_11      bioconda
docutils                         0.22.4           pyhd8ed1ab_0          conda-forge
fonttools                        4.61.1           py312h8a5da7c_0       conda-forge
freetype                         2.14.1           ha770c72_0            conda-forge
gencode-utr-fix                  1.0.0            pypi_0                pypi
h2                               4.3.0            pyhcf101f3_0          conda-forge
hpack                            4.1.0            pyhd8ed1ab_0          conda-forge
htslib                           1.22.1           h566b1c6_0            bioconda
hyperframe                       6.1.0            pyhd8ed1ab_0          conda-forge
icu                              78.2             h33c6efd_0            conda-forge
idna                             3.11             pyhd8ed1ab_0          conda-forge
imagesize                        1.4.1            pyhd8ed1ab_0          conda-forge
importlib-metadata               8.7.0            pyhe01879c_1          conda-forge
jansson                          2.15.0           h280c20c_0            conda-forge
jinja2                           3.1.6            pyhcf101f3_1          conda-forge
keyutils                         1.6.3            hb9d3cd8_0            conda-forge
kiwisolver                       1.4.9            py312h0a2e395_2       conda-forge
krb5                             1.22.2           ha1258a1_0            conda-forge
lcms2                            2.18             h0c24ade_0            conda-forge
ld_impl_linux-64                 2.45.1           default_hbd61a6d_101  conda-forge
lerc                             4.0.0            h0aef613_1            conda-forge
libblas                          3.11.0           5_h4a7cf45_openblas   conda-forge
libbrotlicommon                  1.2.0            hb03c661_1            conda-forge
libbrotlidec                     1.2.0            hb03c661_1            conda-forge
libbrotlienc                     1.2.0            hb03c661_1            conda-forge
libcblas                         3.11.0           5_h0358290_openblas   conda-forge
libcurl                          8.18.0           hcf29cc6_1            conda-forge
libdeflate                       1.25             h17f619e_0            conda-forge
libedit                          3.1.20250104     pl5321h7949ede_0      conda-forge
libev                            4.33             hd590300_2            conda-forge
libexpat                         2.7.3            hecca717_0            conda-forge
libffi                           3.5.2            h3435931_0            conda-forge
libfreetype                      2.14.1           ha770c72_0            conda-forge
libfreetype6                     2.14.1           h73754d4_0            conda-forge
libgcc                           15.2.0           he0feb66_17           conda-forge
libgcc-ng                        15.2.0           h69a702a_17           conda-forge
libgfortran                      15.2.0           h69a702a_17           conda-forge
libgfortran5                     15.2.0           h68bc16d_17           conda-forge
libgomp                          15.2.0           he0feb66_17           conda-forge
libiconv                         1.18             h3b78370_2            conda-forge
libjpeg-turbo                    3.1.2            hb03c661_0            conda-forge
liblapack                        3.11.0           5_h47877c9_openblas   conda-forge
liblzma                          5.8.2            hb03c661_0            conda-forge
libnghttp2                       1.67.0           had1ee68_0            conda-forge
libnsl                           2.0.1            hb9d3cd8_1            conda-forge
libopenblas                      0.3.30           pthreads_h94d23a6_4   conda-forge
libopenssl-static                3.6.1            hb03c661_1            conda-forge
libpng                           1.6.55           h421ea60_0            conda-forge
libsqlite                        3.51.2           hf4e2dac_0            conda-forge
libssh2                          1.11.1           hcf80075_0            conda-forge
libstdcxx                        15.2.0           h934c35e_17           conda-forge
libstdcxx-ng                     15.2.0           hdf11a46_17           conda-forge
libtiff                          4.7.1            h9d88235_1            conda-forge
libuuid                          2.41.3           h5347b49_0            conda-forge
libwebp-base                     1.6.0            hd42ef1d_0            conda-forge
libxcb                           1.17.0           h8a09558_0            conda-forge
libxcrypt                        4.4.36           hd590300_1            conda-forge
libzlib                          1.3.1            hb9d3cd8_2            conda-forge
markupsafe                       3.0.3            py312h8a5da7c_0       conda-forge
matplotlib-base                  3.10.8           py312he3d6523_0       conda-forge
munkres                          1.1.4            pyhd8ed1ab_1          conda-forge
mysql-connector-c                6.1.11           h659d440_1008         conda-forge
narwhals                         2.16.0           pyhcf101f3_0          conda-forge
natsort                          8.4.0            pypi_0                pypi
ncls                             0.0.70           pypi_0                pypi
ncurses                          6.5              h2d0b736_3            conda-forge
numpy                            2.4.2            py312h33ff503_1       conda-forge
numpydoc                         1.10.0           pyhcf101f3_0          conda-forge
openjpeg                         2.5.4            h55fea9a_0            conda-forge
openssl                          3.6.1            h35e630c_1            conda-forge
packaging                        26.0             pyhcf101f3_0          conda-forge
pandas                           3.0.0            pypi_0                pypi
pillow                           12.1.1           py312h50c33e8_0       conda-forge
pip                              26.0.1           pyh8b19718_0          conda-forge
plotly                           6.5.2            pyhd8ed1ab_0          conda-forge
pthread-stubs                    0.4              hb9d3cd8_1002         conda-forge
py2bit                           0.3.3            py312h0fa9677_1       bioconda
pybigwig                         0.3.25           py312h83fe50f_0       bioconda
pygments                         2.19.2           pyhd8ed1ab_0          conda-forge
pyparsing                        3.3.2            pyhcf101f3_0          conda-forge
pyranges                         0.1.4            pypi_0                pypi
pysam                            0.23.3           py312h8f9e533_2       bioconda
pysocks                          1.7.1            pyha55dd90_7          conda-forge
python                           3.12.12          hd63d673_2_cpython    conda-forge
python-dateutil                  2.9.0.post0      pyhe01879c_2          conda-forge
python_abi                       3.12             8_cp312               conda-forge
pytz                             2025.2           pyhd8ed1ab_0          conda-forge
qhull                            2020.2           h434a139_5            conda-forge
readline                         8.3              h853b02a_0            conda-forge
requests                         2.32.5           pyhcf101f3_1          conda-forge
roman-numerals                   4.1.0            pyhd8ed1ab_0          conda-forge
samtools                         1.22.1           h96c455f_0            bioconda
scipy                            1.17.0           py312h54fa4ab_1       conda-forge
setuptools                       82.0.0           pyh332efcf_0          conda-forge
six                              1.17.0           pyhe01879c_1          conda-forge
snowballstemmer                  3.0.1            pyhd8ed1ab_0          conda-forge
sorted-nearest                   0.0.41           pypi_0                pypi
sphinx                           9.1.0            pyhd8ed1ab_0          conda-forge
sphinxcontrib-applehelp          2.0.0            pyhd8ed1ab_1          conda-forge
sphinxcontrib-devhelp            2.0.0            pyhd8ed1ab_1          conda-forge
sphinxcontrib-htmlhelp           2.1.0            pyhd8ed1ab_1          conda-forge
sphinxcontrib-jsmath             1.0.1            pyhd8ed1ab_1          conda-forge
sphinxcontrib-qthelp             2.0.0            pyhd8ed1ab_1          conda-forge
sphinxcontrib-serializinghtml    1.1.10           pyhd8ed1ab_1          conda-forge
tabulate                         0.9.0            pypi_0                pypi
tk                               8.6.13           noxft_h366c992_103    conda-forge
tomli                            2.4.0            pyhcf101f3_0          conda-forge
tqdm                             4.67.3           pypi_0                pypi
tzdata                           2025c            hc9c84f9_1            conda-forge
ucsc-bigwiginfo                  482              h0b57e2e_0            bioconda
unicodedata2                     17.0.1           py312h4c3975b_0       conda-forge
urllib3                          2.6.3            pyhd8ed1ab_0          conda-forge
wheel                            0.46.3           pyhd8ed1ab_0          conda-forge
xorg-libxau                      1.0.12           hb03c661_1            conda-forge
xorg-libxdmcp                    1.1.5            hb03c661_1            conda-forge
zipp                             3.23.0           pyhcf101f3_1          conda-forge
zlib                             1.3.1            hb9d3cd8_2            conda-forge
zlib-ng                          2.3.3            hceb46e0_1            conda-forge
zstd                             1.5.7            hb78ec9c_6            conda-forge
Specified --scaleFactor: 1.0
normalization: CPM
bamFilesList: ['/work/pa-hilario/clipseq/20260421/OSM/output/SNRNP70-Sorbitol-rep2_L2_R1.genome.Aligned.sort.dedup.bam']
binLength: 1
numberOfSamples: None
blackListFileName: None
skipZeroOverZero: False
bed_and_bin: False
genomeChunkSize: None
defaultFragmentLength: read length
numberOfProcessors: 48
verbose: True
region: None
bedFile: None
minMappingQuality: None
ignoreDuplicates: False
chrsToSkip: []
stepSize: 1
center_read: False
samFlag_include: None
samFlag_exclude: None
minFragmentLength: 0
maxFragmentLength: 0
zerosToNans: False
smoothLength: None
save_data: False
out_file_for_raw_data: None
maxPairedFragmentLength: 1000
Final scaling factor: 14.010311589329747
ForkPoolWorker-47,  processing 66 (16091.6 per sec) reads @ chr10:120000000-125000000
ForkPoolWorker-47 countReadsInRegions_worker: processing 5000000 (10041508.6 per sec) @ chr10:120000000-125000000
ForkPoolWorker-47,  processing 83 (75795.2 per sec) reads @ chrX:40000000-45000000
ForkPoolWorker-47 countReadsInRegions_worker: processing 5000000 (11583915.2 per sec) @ chrX:40000000-45000000
ForkPoolWorker-47,  processing 18 (35115.1 per sec) reads @ chr2:205000000-210000000
ForkPoolWorker-47 countReadsInRegions_worker: processing 5000000 (11567385.8 per sec) @ chr2:205000000-210000000
ForkPoolWorker-47,  processing 5 (10798.9 per sec) reads @ chr18:80000000-80373285
ForkPoolWorker-47 countReadsInRegions_worker: processing 373285 (10236286.8 per sec) @ chr18:80000000-80373285
ForkPoolWorker-47,  processing 16 (28888.9 per sec) reads @ chr4:55000000-60000000
ForkPoolWorker-47 countReadsInRegions_worker: processing 5000000 (11798270.4 per sec) @ chr4:55000000-60000000
ForkPoolWorker-47,  processing 73 (78168.0 per sec) reads @ chr12:105000000-110000000
ForkPoolWorker-47 countReadsInRegions_worker: processing 5000000 (11759172.6 per sec) @ chr12:105000000-110000000
ForkPoolWorker-47,  processing 0 (0.0 per sec) reads @ chrUn_KI270515v1:0-6361
ForkPoolWorker-47 countReadsInRegions_worker: processing 6361 (1320790.5 per sec) @ chrUn_KI270515v1:0-6361
ForkPoolWorker-47,  processing 0 (0.0 per sec) reads @ chrUn_KI270548v1:0-1599
ForkPoolWorker-47 countReadsInRegions_worker: processing 1599 (234475.1 per sec) @ chrUn_KI270548v1:0-1599
ForkPoolWorker-47,  processing 5 (12150.4 per sec) reads @ chr4:90000000-95000000
ForkPoolWorker-47 countReadsInRegions_worker: processing 5000000 (11795503.2 per sec) @ chr4:90000000-95000000
ForkPoolWorker-47,  processing 18 (32458.1 per sec) reads @ chr3:170000000-175000000
ForkPoolWorker-47 countReadsInRegions_worker: processing 5000000 (11843712.7 per sec) @ chr3:170000000-175000000
ForkPoolWorker-47,  processing 0 (0.0 per sec) reads @ chrUn_KI270591v1:0-5796
ForkPoolWorker-47 countReadsInRegions_worker: processing 5796 (983939.2 per sec) @ chrUn_KI270591v1:0-5796
ForkPoolWorker-47,  processing 0 (0.0 per sec) reads @ chrY:0-5000000
ForkPoolWorker-47 countReadsInRegions_worker: processing 5000000 (11761573.1 per sec) @ chrY:0-5000000
ForkPoolWorker-47,  processing 19 (35513.3 per sec) reads @ chr7:35000000-40000000
ForkPoolWorker-47 countReadsInRegions_worker: processing 5000000 (11845552.4 per sec) @ chr7:35000000-40000000
ForkPoolWorker-47,  processing 23 (41243.7 per sec) reads @ chr8:10000000-15000000
ForkPoolWorker-47 countReadsInRegions_worker: processing 5000000 (11770346.2 per sec) @ chr8:10000000-15000000
ForkPoolWorker-47,  processing 7 (15633.7 per sec) reads @ chrX:120000000-125000000
ForkPoolWorker-47 countReadsInRegions_worker: processing 5000000 (11677430.1 per sec) @ chrX:120000000-125000000
ForkPoolWorker-13,  processing 153 (23669.5 per sec) reads @ chrX:105000000-110000000
ForkPoolWorker-13 countReadsInRegions_worker: processing 5000000 (9539039.0 per sec) @ chrX:105000000-110000000
ForkPoolWorker-13,  processing 486 (135913.6 per sec) reads @ chr11:60000000-65000000
ForkPoolWorker-13 countReadsInRegions_worker: processing 5000000 (11085332.4 per sec) @ chr11:60000000-65000000
ForkPoolWorker-13,  processing 19 (30533.2 per sec) reads @ chr5:80000000-85000000
ForkPoolWorker-13 countReadsInRegions_worker: processing 5000000 (11129938.6 per sec) @ chr5:80000000-85000000
ForkPoolWorker-13,  processing 19 (34409.2 per sec) reads @ chrX:100000000-105000000
ForkPoolWorker-13 countReadsInRegions_worker: processing 5000000 (11342394.3 per sec) @ chrX:100000000-105000000
ForkPoolWorker-13,  processing 10 (20530.1 per sec) reads @ chr3:60000000-65000000
ForkPoolWorker-13 countReadsInRegions_worker: processing 5000000 (11431555.5 per sec) @ chr3:60000000-65000000
ForkPoolWorker-13,  processing 94 (77276.5 per sec) reads @ chr5:130000000-135000000
ForkPoolWorker-13 countReadsInRegions_worker: processing 5000000 (11277757.4 per sec) @ chr5:130000000-135000000
ForkPoolWorker-13,  processing 0 (0.0 per sec) reads @ chrUn_KI270396v1:0-1880
ForkPoolWorker-13 countReadsInRegions_worker: processing 1880 (434786.7 per sec) @ chrUn_KI270396v1:0-1880
ForkPoolWorker-13,  processing 10 (24049.9 per sec) reads @ chrUn_GL000220v1:0-161802
ForkPoolWorker-13 countReadsInRegions_worker: processing 161802 (8970876.1 per sec) @ chrUn_GL000220v1:0-161802
ForkPoolWorker-13,  processing 184 (107997.8 per sec) reads @ chrX:50000000-55000000
ForkPoolWorker-13 countReadsInRegions_worker: processing 5000000 (11655338.2 per sec) @ chrX:50000000-55000000
ForkPoolWorker-13,  processing 23 (32459.3 per sec) reads @ chr14:35000000-40000000
ForkPoolWorker-13 countReadsInRegions_worker: processing 5000000 (11544398.7 per sec) @ chr14:35000000-40000000
ForkPoolWorker-13,  processing 18 (35511.5 per sec) reads @ chr8:30000000-35000000
ForkPoolWorker-13 countReadsInRegions_worker: processing 5000000 (11506886.9 per sec) @ chr8:30000000-35000000
ForkPoolWorker-13,  processing 0 (0.0 per sec) reads @ chrUn_KI270743v1:0-210658
ForkPoolWorker-13 countReadsInRegions_worker: processing 210658 (10347269.5 per sec) @ chrUn_KI270743v1:0-210658
ForkPoolWorker-13,  processing 0 (0.0 per sec) reads @ chr5:45000000-50000000
ForkPoolWorker-13 countReadsInRegions_worker: processing 5000000 (11970626.4 per sec) @ chr5:45000000-50000000
ForkPoolWorker-13,  processing 0 (0.0 per sec) reads @ chrUn_KI270334v1:0-1368
ForkPoolWorker-13 countReadsInRegions_worker: processing 1368 (313815.8 per sec) @ chrUn_KI270334v1:0-1368
ForkPoolWorker-13,  processing 280 (118351.8 per sec) reads @ chr1:155000000-160000000
ForkPoolWorker-13 countReadsInRegions_worker: processing 5000000 (11877493.4 per sec) @ chr1:155000000-160000000
ForkPoolWorker-7,  processing 56 (6342.1 per sec) reads @ chrX:110000000-115000000
ForkPoolWorker-7 countReadsInRegions_worker: processing 5000000 (10176140.7 per sec) @ chrX:110000000-115000000
ForkPoolWorker-7,  processing 5 (9141.9 per sec) reads @ chrUn_KI270442v1:0-392061
ForkPoolWorker-7 countReadsInRegions_worker: processing 392061 (9750911.8 per sec) @ chrUn_KI270442v1:0-392061
ForkPoolWorker-7,  processing 82 (74525.0 per sec) reads @ chr18:75000000-80000000
ForkPoolWorker-7 countReadsInRegions_worker: processing 5000000 (11762272.4 per sec) @ chr18:75000000-80000000
ForkPoolWorker-7,  processing 22 (32230.1 per sec) reads @ chr4:145000000-150000000
ForkPoolWorker-7 countReadsInRegions_worker: processing 5000000 (11957133.1 per sec) @ chr4:145000000-150000000
ForkPoolWorker-7,  processing 0 (0.0 per sec) reads @ chr9_KI270719v1_random:0-176845
ForkPoolWorker-7 countReadsInRegions_worker: processing 176845 (9070408.1 per sec) @ chr9_KI270719v1_random:0-176845
ForkPoolWorker-7,  processing 0 (0.0 per sec) reads @ chrUn_KI270510v1:0-2415
ForkPoolWorker-7 countReadsInRegions_worker: processing 2415 (520195.4 per sec) @ chrUn_KI270510v1:0-2415
ForkPoolWorker-7,  processing 0 (0.0 per sec) reads @ chrUn_KI270466v1:0-1233
ForkPoolWorker-7 countReadsInRegions_worker: processing 1233 (271716.3 per sec) @ chrUn_KI270466v1:0-1233
ForkPoolWorker-7,  processing 0 (0.0 per sec) reads @ chr11:50000000-55000000
ForkPoolWorker-7 countReadsInRegions_worker: processing 5000000 (11754967.3 per sec) @ chr11:50000000-55000000
ForkPoolWorker-7,  processing 11 (20351.7 per sec) reads @ chr2:75000000-80000000
ForkPoolWorker-7 countReadsInRegions_worker: processing 5000000 (11734498.4 per sec) @ chr2:75000000-80000000
ForkPoolWorker-7,  processing 17 (24939.9 per sec) reads @ chr8:75000000-80000000
ForkPoolWorker-7 countReadsInRegions_worker: processing 5000000 (11841759.9 per sec) @ chr8:75000000-80000000
ForkPoolWorker-7,  processing 63 (62944.5 per sec) reads @ chr16:20000000-25000000
ForkPoolWorker-7 countReadsInRegions_worker: processing 5000000 (11948678.5 per sec) @ chr16:20000000-25000000
ForkPoolWorker-7,  processing 3 (6994.4 per sec) reads @ chr2:90000000-95000000
ForkPoolWorker-7 countReadsInRegions_worker: processing 5000000 (11787182.9 per sec) @ chr2:90000000-95000000
ForkPoolWorker-7,  processing 3 (7223.3 per sec) reads @ chr4:130000000-135000000
ForkPoolWorker-7 countReadsInRegions_worker: processing 5000000 (11735857.7 per sec) @ chr4:130000000-135000000
ForkPoolWorker-7,  processing 7 (16248.0 per sec) reads @ chrX:30000000-35000000
ForkPoolWorker-7 countReadsInRegions_worker: processing 5000000 (11833067.1 per sec) @ chrX:30000000-35000000
ForkPoolWorker-7,  processing 31 (53862.2 per sec) reads @ chr3:100000000-105000000
ForkPoolWorker-7 countReadsInRegions_worker: processing 5000000 (11911386.2 per sec) @ chr3:100000000-105000000
ForkPoolWorker-45,  processing 306 (29691.1 per sec) reads @ chr6:25000000-30000000
ForkPoolWorker-45 countReadsInRegions_worker: processing 5000000 (9920645.3 per sec) @ chr6:25000000-30000000
ForkPoolWorker-45,  processing 94 (102699.8 per sec) reads @ chr6:120000000-125000000
ForkPoolWorker-45 countReadsInRegions_worker: processing 5000000 (11561040.8 per sec) @ chr6:120000000-125000000
ForkPoolWorker-45,  processing 361 (130585.9 per sec) reads @ chr3:50000000-55000000
ForkPoolWorker-45 countReadsInRegions_worker: processing 5000000 (11610478.7 per sec) @ chr3:50000000-55000000
ForkPoolWorker-45,  processing 26 (46563.6 per sec) reads @ chr12:20000000-25000000
ForkPoolWorker-45 countReadsInRegions_worker: processing 5000000 (11799870.3 per sec) @ chr12:20000000-25000000
ForkPoolWorker-45,  processing 43 (63819.9 per sec) reads @ chr1:165000000-170000000
ForkPoolWorker-45 countReadsInRegions_worker: processing 5000000 (11807390.8 per sec) @ chr1:165000000-170000000
ForkPoolWorker-45,  processing 0 (0.0 per sec) reads @ chrUn_KI270516v1:0-1300
ForkPoolWorker-45 countReadsInRegions_worker: processing 1300 (323001.9 per sec) @ chrUn_KI270516v1:0-1300
ForkPoolWorker-45,  processing 131 (98186.9 per sec) reads @ chr10:95000000-100000000
ForkPoolWorker-45 countReadsInRegions_worker: processing 5000000 (11822500.6 per sec) @ chr10:95000000-100000000
ForkPoolWorker-45,  processing 53 (70999.1 per sec) reads @ chr16:5000000-10000000
ForkPoolWorker-45 countReadsInRegions_worker: processing 5000000 (11953956.9 per sec) @ chr16:5000000-10000000
ForkPoolWorker-45,  processing 0 (0.0 per sec) reads @ chrUn_KI270538v1:0-91309
ForkPoolWorker-45 countReadsInRegions_worker: processing 91309 (7753840.8 per sec) @ chrUn_KI270538v1:0-91309
ForkPoolWorker-45,  processing 0 (0.0 per sec) reads @ chrUn_KI270529v1:0-1899
ForkPoolWorker-45 countReadsInRegions_worker: processing 1899 (420759.8 per sec) @ chrUn_KI270529v1:0-1899
ForkPoolWorker-45,  processing 0 (0.0 per sec) reads @ chrUn_KI270587v1:0-2969
ForkPoolWorker-45 countReadsInRegions_worker: processing 2969 (685543.0 per sec) @ chrUn_KI270587v1:0-2969
ForkPoolWorker-45,  processing 15 (26944.1 per sec) reads @ chr2:135000000-140000000
ForkPoolWorker-45 countReadsInRegions_worker: processing 5000000 (11759020.9 per sec) @ chr2:135000000-140000000
ForkPoolWorker-45,  processing 277 (115283.0 per sec) reads @ chr7:100000000-105000000
ForkPoolWorker-45 countReadsInRegions_worker: processing 5000000 (11881914.7 per sec) @ chr7:100000000-105000000
ForkPoolWorker-45,  processing 30 (46951.2 per sec) reads @ chr13:45000000-50000000
ForkPoolWorker-45 countReadsInRegions_worker: processing 5000000 (11877883.6 per sec) @ chr13:45000000-50000000
ForkPoolWorker-45,  processing 341 (122129.4 per sec) reads @ chr16:25000000-30000000
ForkPoolWorker-45 countReadsInRegions_worker: processing 5000000 (11936403.0 per sec) @ chr16:25000000-30000000
ForkPoolWorker-42,  processing 510 (34975.4 per sec) reads @ chr11:0-5000000
ForkPoolWorker-42 countReadsInRegions_worker: processing 5000000 (9879350.6 per sec) @ chr11:0-5000000
ForkPoolWorker-42,  processing 3 (7269.2 per sec) reads @ chrX:155000000-156040895
ForkPoolWorker-42 countReadsInRegions_worker: processing 1040895 (11233898.7 per sec) @ chrX:155000000-156040895
ForkPoolWorker-42,  processing 0 (0.0 per sec) reads @ chr1:130000000-135000000
ForkPoolWorker-42 countReadsInRegions_worker: processing 5000000 (12167623.7 per sec) @ chr1:130000000-135000000
ForkPoolWorker-42,  processing 8 (17207.4 per sec) reads @ chrX:95000000-100000000
ForkPoolWorker-42 countReadsInRegions_worker: processing 5000000 (12138993.9 per sec) @ chrX:95000000-100000000
ForkPoolWorker-42,  processing 0 (0.0 per sec) reads @ chr22_KI270737v1_random:0-103838
ForkPoolWorker-42 countReadsInRegions_worker: processing 103838 (7950930.8 per sec) @ chr22_KI270737v1_random:0-103838
ForkPoolWorker-42,  processing 0 (0.0 per sec) reads @ chr1_KI270706v1_random:0-175055
ForkPoolWorker-42 countReadsInRegions_worker: processing 175055 (9683141.5 per sec) @ chr1_KI270706v1_random:0-175055
ForkPoolWorker-42,  processing 45 (54065.8 per sec) reads @ chr18:45000000-50000000
ForkPoolWorker-42 countReadsInRegions_worker: processing 5000000 (12272953.6 per sec) @ chr18:45000000-50000000
ForkPoolWorker-42,  processing 0 (0.0 per sec) reads @ chrUn_KI270311v1:0-12399
ForkPoolWorker-42 countReadsInRegions_worker: processing 12399 (1744496.2 per sec) @ chrUn_KI270311v1:0-12399
ForkPoolWorker-42,  processing 7 (17538.9 per sec) reads @ chr15:20000000-25000000
ForkPoolWorker-42 countReadsInRegions_worker: processing 5000000 (12130939.9 per sec) @ chr15:20000000-25000000
ForkPoolWorker-42,  processing 31 (46189.5 per sec) reads @ chr7:105000000-110000000
ForkPoolWorker-42 countReadsInRegions_worker: processing 5000000 (12137244.5 per sec) @ chr7:105000000-110000000
ForkPoolWorker-42,  processing 499 (132768.2 per sec) reads @ chr5:175000000-180000000
ForkPoolWorker-42 countReadsInRegions_worker: processing 5000000 (12063073.2 per sec) @ chr5:175000000-180000000
ForkPoolWorker-42,  processing 305 (117752.5 per sec) reads @ chr12:5000000-10000000
ForkPoolWorker-42 countReadsInRegions_worker: processing 5000000 (11975343.0 per sec) @ chr12:5000000-10000000
ForkPoolWorker-42,  processing 23 (43356.9 per sec) reads @ chr6:80000000-85000000
ForkPoolWorker-42 countReadsInRegions_worker: processing 5000000 (12146713.8 per sec) @ chr6:80000000-85000000
ForkPoolWorker-42,  processing 52 (62458.1 per sec) reads @ chr2:100000000-105000000
ForkPoolWorker-42 countReadsInRegions_worker: processing 5000000 (12085506.4 per sec) @ chr2:100000000-105000000
ForkPoolWorker-42,  processing 242 (116615.5 per sec) reads @ chr3:180000000-185000000
ForkPoolWorker-42 countReadsInRegions_worker: processing 5000000 (11939508.6 per sec) @ chr3:180000000-185000000
ForkPoolWorker-43,  processing 0 (0.0 per sec) reads @ chrUn_KI270418v1:0-2145
ForkPoolWorker-43 countReadsInRegions_worker: processing 2145 (59162.1 per sec) @ chrUn_KI270418v1:0-2145
ForkPoolWorker-43,  processing 0 (0.0 per sec) reads @ chr16_KI270728v1_random:0-1872759
ForkPoolWorker-43 countReadsInRegions_worker: processing 1872759 (9293267.4 per sec) @ chr16_KI270728v1_random:0-1872759
ForkPoolWorker-43,  processing 111 (47289.8 per sec) reads @ chr6:165000000-170000000
ForkPoolWorker-43 countReadsInRegions_worker: processing 5000000 (12220524.6 per sec) @ chr6:165000000-170000000
ForkPoolWorker-43,  processing 300 (141683.5 per sec) reads @ chrX:115000000-120000000
ForkPoolWorker-43 countReadsInRegions_worker: processing 5000000 (12098418.7 per sec) @ chrX:115000000-120000000
ForkPoolWorker-43,  processing 55 (63690.4 per sec) reads @ chr2:85000000-90000000
ForkPoolWorker-43 countReadsInRegions_worker: processing 5000000 (12253326.9 per sec) @ chr2:85000000-90000000
ForkPoolWorker-43,  processing 77 (85146.7 per sec) reads @ chr2:175000000-180000000
ForkPoolWorker-43 countReadsInRegions_worker: processing 5000000 (12127902.2 per sec) @ chr2:175000000-180000000
ForkPoolWorker-43,  processing 1167 (173788.5 per sec) reads @ chr1:140000000-145000000
ForkPoolWorker-43 countReadsInRegions_worker: processing 5000000 (12007225.6 per sec) @ chr1:140000000-145000000
ForkPoolWorker-43,  processing 0 (0.0 per sec) reads @ chr9_KI270718v1_random:0-38054
ForkPoolWorker-43 countReadsInRegions_worker: processing 38054 (5441313.3 per sec) @ chr9_KI270718v1_random:0-38054
ForkPoolWorker-43,  processing 238 (113734.1 per sec) reads @ chr12:50000000-55000000
ForkPoolWorker-43 countReadsInRegions_worker: processing 5000000 (12131676.7 per sec) @ chr12:50000000-55000000
ForkPoolWorker-43,  processing 17 (31466.5 per sec) reads @ chrX:135000000-140000000
ForkPoolWorker-43 countReadsInRegions_worker: processing 5000000 (12088056.0 per sec) @ chrX:135000000-140000000
ForkPoolWorker-43,  processing 0 (0.0 per sec) reads @ chr14_KI270723v1_random:0-38115
ForkPoolWorker-43 countReadsInRegions_worker: processing 38115 (5635232.0 per sec) @ chr14_KI270723v1_random:0-38115
ForkPoolWorker-43,  processing 110 (92145.7 per sec) reads @ chr9:30000000-35000000
ForkPoolWorker-43 countReadsInRegions_worker: processing 5000000 (12140575.0 per sec) @ chr9:30000000-35000000
ForkPoolWorker-43,  processing 139 (110334.6 per sec) reads @ chr1:10000000-15000000
ForkPoolWorker-43 countReadsInRegions_worker: processing 5000000 (12170850.8 per sec) @ chr1:10000000-15000000
ForkPoolWorker-43,  processing 10 (22145.2 per sec) reads @ chr1:185000000-190000000
ForkPoolWorker-43 countReadsInRegions_worker: processing 5000000 (12092691.2 per sec) @ chr1:185000000-190000000
ForkPoolWorker-43,  processing 114 (90955.0 per sec) reads @ chr7:95000000-100000000
ForkPoolWorker-43 countReadsInRegions_worker: processing 5000000 (12100910.9 per sec) @ chr7:95000000-100000000
ForkPoolWorker-15,  processing 0 (0.0 per sec) reads @ chrUn_KI270371v1:0-2805
ForkPoolWorker-15 countReadsInRegions_worker: processing 2805 (433845.5 per sec) @ chrUn_KI270371v1:0-2805
ForkPoolWorker-15,  processing 192 (81253.8 per sec) reads @ chrX:0-5000000
ForkPoolWorker-15 countReadsInRegions_worker: processing 5000000 (10808039.5 per sec) @ chrX:0-5000000
ForkPoolWorker-15,  processing 0 (0.0 per sec) reads @ chrUn_KI270448v1:0-7992
ForkPoolWorker-15 countReadsInRegions_worker: processing 7992 (1018314.5 per sec) @ chrUn_KI270448v1:0-7992
ForkPoolWorker-15,  processing 922 (99142.4 per sec) reads @ chr1:0-5000000
ForkPoolWorker-15 countReadsInRegions_worker: processing 5000000 (11277830.2 per sec) @ chr1:0-5000000
ForkPoolWorker-15,  processing 78 (86963.2 per sec) reads @ chr3:40000000-45000000
ForkPoolWorker-15 countReadsInRegions_worker: processing 5000000 (11650035.4 per sec) @ chr3:40000000-45000000
ForkPoolWorker-15,  processing 0 (0.0 per sec) reads @ chr22_KI270734v1_random:0-165050
ForkPoolWorker-15 countReadsInRegions_worker: processing 165050 (9302577.0 per sec) @ chr22_KI270734v1_random:0-165050
ForkPoolWorker-15,  processing 0 (0.0 per sec) reads @ chrY:40000000-45000000
ForkPoolWorker-15 countReadsInRegions_worker: processing 5000000 (11947827.6 per sec) @ chrY:40000000-45000000
ForkPoolWorker-15,  processing 9 (18333.5 per sec) reads @ chr8:105000000-110000000
ForkPoolWorker-15 countReadsInRegions_worker: processing 5000000 (11895724.5 per sec) @ chr8:105000000-110000000
ForkPoolWorker-15,  processing 5 (11287.1 per sec) reads @ chr14:80000000-85000000
ForkPoolWorker-15 countReadsInRegions_worker: processing 5000000 (11853345.7 per sec) @ chr14:80000000-85000000
ForkPoolWorker-15,  processing 42 (62847.2 per sec) reads @ chr9:85000000-90000000
ForkPoolWorker-15 countReadsInRegions_worker: processing 5000000 (11926980.5 per sec) @ chr9:85000000-90000000
ForkPoolWorker-15,  processing 25 (41544.2 per sec) reads @ chr4:110000000-115000000
ForkPoolWorker-15 countReadsInRegions_worker: processing 5000000 (11910919.4 per sec) @ chr4:110000000-115000000
ForkPoolWorker-15,  processing 21 (37721.8 per sec) reads @ chr12:15000000-20000000
ForkPoolWorker-15 countReadsInRegions_worker: processing 5000000 (11913456.7 per sec) @ chr12:15000000-20000000
ForkPoolWorker-15,  processing 0 (0.0 per sec) reads @ chr14_KI270722v1_random:0-194050
ForkPoolWorker-15 countReadsInRegions_worker: processing 194050 (10308462.9 per sec) @ chr14_KI270722v1_random:0-194050
ForkPoolWorker-15,  processing 149 (96294.5 per sec) reads @ chr22:25000000-30000000
ForkPoolWorker-15 countReadsInRegions_worker: processing 5000000 (11750942.9 per sec) @ chr22:25000000-30000000
ForkPoolWorker-15,  processing 2 (5118.1 per sec) reads @ chr13:80000000-85000000
ForkPoolWorker-15 countReadsInRegions_worker: processing 5000000 (11686325.4 per sec) @ chr13:80000000-85000000
ForkPoolWorker-22,  processing 2 (305.3 per sec) reads @ chr5:20000000-25000000
ForkPoolWorker-22 countReadsInRegions_worker: processing 5000000 (10800675.3 per sec) @ chr5:20000000-25000000
ForkPoolWorker-22,  processing 93 (54456.3 per sec) reads @ chr10:75000000-80000000
ForkPoolWorker-22 countReadsInRegions_worker: processing 5000000 (11730514.2 per sec) @ chr10:75000000-80000000
ForkPoolWorker-22,  processing 36 (51817.1 per sec) reads @ chr3:130000000-135000000
ForkPoolWorker-22 countReadsInRegions_worker: processing 5000000 (11984828.3 per sec) @ chr3:130000000-135000000
ForkPoolWorker-22,  processing 0 (0.0 per sec) reads @ chrUn_KI270414v1:0-2489
ForkPoolWorker-22 countReadsInRegions_worker: processing 2489 (552010.5 per sec) @ chrUn_KI270414v1:0-2489
ForkPoolWorker-22,  processing 10 (21890.9 per sec) reads @ chr4:120000000-125000000
ForkPoolWorker-22 countReadsInRegions_worker: processing 5000000 (12076201.8 per sec) @ chr4:120000000-125000000
ForkPoolWorker-22,  processing 0 (0.0 per sec) reads @ chr9_KI270717v1_random:0-40062
ForkPoolWorker-22 countReadsInRegions_worker: processing 40062 (5565454.7 per sec) @ chr9_KI270717v1_random:0-40062
ForkPoolWorker-22,  processing 21 (41294.1 per sec) reads @ chr8:95000000-100000000
ForkPoolWorker-22 countReadsInRegions_worker: processing 5000000 (11990488.3 per sec) @ chr8:95000000-100000000
ForkPoolWorker-22,  processing 20 (37003.1 per sec) reads @ chr17:10000000-15000000
ForkPoolWorker-22 countReadsInRegions_worker: processing 5000000 (12041621.8 per sec) @ chr17:10000000-15000000
ForkPoolWorker-22,  processing 10 (22562.2 per sec) reads @ chr18:70000000-75000000
ForkPoolWorker-22 countReadsInRegions_worker: processing 5000000 (11895184.8 per sec) @ chr18:70000000-75000000
ForkPoolWorker-22,  processing 0 (0.0 per sec) reads @ chr17_KI270730v1_random:0-112551
ForkPoolWorker-22 countReadsInRegions_worker: processing 112551 (8540290.7 per sec) @ chr17_KI270730v1_random:0-112551
ForkPoolWorker-22,  processing 33 (50149.3 per sec) reads @ chr1:235000000-240000000
ForkPoolWorker-22 countReadsInRegions_worker: processing 5000000 (11939454.2 per sec) @ chr1:235000000-240000000
ForkPoolWorker-22,  processing 25 (46644.8 per sec) reads @ chr3:95000000-100000000
ForkPoolWorker-22 countReadsInRegions_worker: processing 5000000 (12077655.4 per sec) @ chr3:95000000-100000000
ForkPoolWorker-22,  processing 1237 (148872.5 per sec) reads @ chr8:140000000-145000000
ForkPoolWorker-22 countReadsInRegions_worker: processing 5000000 (11710359.1 per sec) @ chr8:140000000-145000000
ForkPoolWorker-22,  processing 157 (99112.8 per sec) reads @ chr12:110000000-115000000
ForkPoolWorker-22 countReadsInRegions_worker: processing 5000000 (11980699.7 per sec) @ chr12:110000000-115000000
ForkPoolWorker-22,  processing 38 (58339.5 per sec) reads @ chr3:110000000-115000000
ForkPoolWorker-22 countReadsInRegions_worker: processing 5000000 (12123429.2 per sec) @ chr3:110000000-115000000
ForkPoolWorker-44,  processing 0 (0.0 per sec) reads @ chr21:0-5000000
ForkPoolWorker-44 countReadsInRegions_worker: processing 5000000 (9981889.2 per sec) @ chr21:0-5000000
ForkPoolWorker-44,  processing 0 (0.0 per sec) reads @ chrY:20000000-25000000
ForkPoolWorker-44 countReadsInRegions_worker: processing 5000000 (11648126.5 per sec) @ chrY:20000000-25000000
ForkPoolWorker-44,  processing 69 (54175.8 per sec) reads @ chr14:70000000-75000000
ForkPoolWorker-44 countReadsInRegions_worker: processing 5000000 (11849046.1 per sec) @ chr14:70000000-75000000
ForkPoolWorker-44,  processing 0 (0.0 per sec) reads @ chrUn_KI270372v1:0-1650
ForkPoolWorker-44 countReadsInRegions_worker: processing 1650 (220233.0 per sec) @ chrUn_KI270372v1:0-1650
ForkPoolWorker-44,  processing 305 (124091.8 per sec) reads @ chr10:100000000-105000000
ForkPoolWorker-44 countReadsInRegions_worker: processing 5000000 (11895778.5 per sec) @ chr10:100000000-105000000
ForkPoolWorker-44,  processing 15 (26258.2 per sec) reads @ chr4:165000000-170000000
ForkPoolWorker-44 countReadsInRegions_worker: processing 5000000 (11757458.5 per sec) @ chr4:165000000-170000000
ForkPoolWorker-44,  processing 0 (0.0 per sec) reads @ chr11_KI270721v1_random:0-100316
ForkPoolWorker-44 countReadsInRegions_worker: processing 100316 (7907011.4 per sec) @ chr11_KI270721v1_random:0-100316
ForkPoolWorker-44,  processing 0 (0.0 per sec) reads @ chr22_KI270736v1_random:0-181920
ForkPoolWorker-44 countReadsInRegions_worker: processing 181920 (9524513.0 per sec) @ chr22_KI270736v1_random:0-181920
ForkPoolWorker-44,  processing 15 (24653.0 per sec) reads @ chr3:145000000-150000000
ForkPoolWorker-44 countReadsInRegions_worker: processing 5000000 (11876565.2 per sec) @ chr3:145000000-150000000
ForkPoolWorker-44,  processing 386 (107055.6 per sec) reads @ chr21:5000000-10000000
ForkPoolWorker-44 countReadsInRegions_worker: processing 5000000 (11829382.7 per sec) @ chr21:5000000-10000000
ForkPoolWorker-44,  processing 108 (88456.3 per sec) reads @ chr20:45000000-50000000
ForkPoolWorker-44 countReadsInRegions_worker: processing 5000000 (12019358.0 per sec) @ chr20:45000000-50000000
ForkPoolWorker-44,  processing 175 (114224.0 per sec) reads @ chr1:240000000-245000000
ForkPoolWorker-44 countReadsInRegions_worker: processing 5000000 (12026602.3 per sec) @ chr1:240000000-245000000
ForkPoolWorker-44,  processing 58 (62617.7 per sec) reads @ chr13:25000000-30000000
ForkPoolWorker-44 countReadsInRegions_worker: processing 5000000 (12161738.8 per sec) @ chr13:25000000-30000000
ForkPoolWorker-44,  processing 0 (0.0 per sec) reads @ chrUn_KI270582v1:0-6504
ForkPoolWorker-44 countReadsInRegions_worker: processing 6504 (1304065.8 per sec) @ chrUn_KI270582v1:0-6504
ForkPoolWorker-44,  processing 6 (11893.1 per sec) reads @ chr20:10000000-15000000
ForkPoolWorker-44 countReadsInRegions_worker: processing 5000000 (12155239.6 per sec) @ chr20:10000000-15000000
ForkPoolWorker-35,  processing 68 (7647.5 per sec) reads @ chr2:105000000-110000000
ForkPoolWorker-35 countReadsInRegions_worker: processing 5000000 (8955402.6 per sec) @ chr2:105000000-110000000
ForkPoolWorker-35,  processing 155 (97542.0 per sec) reads @ chr19:30000000-35000000
ForkPoolWorker-35 countReadsInRegions_worker: processing 5000000 (11583262.5 per sec) @ chr19:30000000-35000000
ForkPoolWorker-35,  processing 66 (73272.6 per sec) reads @ chr11:125000000-130000000
ForkPoolWorker-35 countReadsInRegions_worker: processing 5000000 (11485655.2 per sec) @ chr11:125000000-130000000
ForkPoolWorker-35,  processing 3 (7938.7 per sec) reads @ chrY:15000000-20000000
ForkPoolWorker-35 countReadsInRegions_worker: processing 5000000 (11337629.8 per sec) @ chrY:15000000-20000000
ForkPoolWorker-35,  processing 46 (68931.0 per sec) reads @ chr18:60000000-65000000
ForkPoolWorker-35 countReadsInRegions_worker: processing 5000000 (11399349.5 per sec) @ chr18:60000000-65000000
ForkPoolWorker-35,  processing 0 (0.0 per sec) reads @ chr1_KI270707v1_random:0-32032
ForkPoolWorker-35 countReadsInRegions_worker: processing 32032 (4984120.3 per sec) @ chr1_KI270707v1_random:0-32032
ForkPoolWorker-35,  processing 64 (63340.1 per sec) reads @ chr14:60000000-65000000
ForkPoolWorker-35 countReadsInRegions_worker: processing 5000000 (11428334.8 per sec) @ chr14:60000000-65000000
ForkPoolWorker-35,  processing 0 (0.0 per sec) reads @ chrUn_KI270364v1:0-2855
ForkPoolWorker-35 countReadsInRegions_worker: processing 2855 (711257.9 per sec) @ chrUn_KI270364v1:0-2855
ForkPoolWorker-35,  processing 111 (94589.1 per sec) reads @ chr2:95000000-100000000
ForkPoolWorker-35 countReadsInRegions_worker: processing 5000000 (11607766.7 per sec) @ chr2:95000000-100000000
ForkPoolWorker-35,  processing 348 (127022.7 per sec) reads @ chr11:70000000-75000000
ForkPoolWorker-35 countReadsInRegions_worker: processing 5000000 (11436867.0 per sec) @ chr11:70000000-75000000
ForkPoolWorker-35,  processing 27 (45700.6 per sec) reads @ chr5:60000000-65000000
ForkPoolWorker-35 countReadsInRegions_worker: processing 5000000 (11429250.3 per sec) @ chr5:60000000-65000000
ForkPoolWorker-35,  processing 0 (0.0 per sec) reads @ chrY:55000000-57227415
ForkPoolWorker-35 countReadsInRegions_worker: processing 2227415 (11797370.5 per sec) @ chrY:55000000-57227415
ForkPoolWorker-35,  processing 437 (125310.1 per sec) reads @ chr19:35000000-40000000
ForkPoolWorker-35 countReadsInRegions_worker: processing 5000000 (11982212.5 per sec) @ chr19:35000000-40000000
ForkPoolWorker-35,  processing 0 (0.0 per sec) reads @ chrUn_KI270742v1:0-186739
ForkPoolWorker-35 countReadsInRegions_worker: processing 186739 (8481673.4 per sec) @ chrUn_KI270742v1:0-186739
ForkPoolWorker-35,  processing 25 (45970.0 per sec) reads @ chr9:5000000-10000000
ForkPoolWorker-35 countReadsInRegions_worker: processing 5000000 (12163488.2 per sec) @ chr9:5000000-10000000
ForkPoolWorker-39,  processing 393 (27574.7 per sec) reads @ chr19:55000000-58617616
ForkPoolWorker-39 countReadsInRegions_worker: processing 3617616 (10320911.7 per sec) @ chr19:55000000-58617616
ForkPoolWorker-39,  processing 0 (0.0 per sec) reads @ chrUn_GL000226v1:0-15008
ForkPoolWorker-39 countReadsInRegions_worker: processing 15008 (2236167.5 per sec) @ chrUn_GL000226v1:0-15008
ForkPoolWorker-39,  processing 0 (0.0 per sec) reads @ chrY:45000000-50000000
ForkPoolWorker-39 countReadsInRegions_worker: processing 5000000 (12130687.3 per sec) @ chrY:45000000-50000000
ForkPoolWorker-39,  processing 69 (71265.0 per sec) reads @ chr12:115000000-120000000
ForkPoolWorker-39 countReadsInRegions_worker: processing 5000000 (12241046.5 per sec) @ chr12:115000000-120000000
ForkPoolWorker-39,  processing 0 (0.0 per sec) reads @ chr9:55000000-60000000
ForkPoolWorker-39 countReadsInRegions_worker: processing 5000000 (12266686.6 per sec) @ chr9:55000000-60000000
ForkPoolWorker-39,  processing 33 (47613.4 per sec) reads @ chr16:50000000-55000000
ForkPoolWorker-39 countReadsInRegions_worker: processing 5000000 (12184066.6 per sec) @ chr16:50000000-55000000
ForkPoolWorker-39,  processing 0 (0.0 per sec) reads @ chrUn_KI270588v1:0-6158
ForkPoolWorker-39 countReadsInRegions_worker: processing 6158 (1259068.2 per sec) @ chrUn_KI270588v1:0-6158
ForkPoolWorker-39,  processing 45 (55957.2 per sec) reads @ chrX:5000000-10000000
ForkPoolWorker-39 countReadsInRegions_worker: processing 5000000 (12057399.9 per sec) @ chrX:5000000-10000000
ForkPoolWorker-39,  processing 60 (75256.7 per sec) reads @ chr5:145000000-150000000
ForkPoolWorker-39 countReadsInRegions_worker: processing 5000000 (12070280.0 per sec) @ chr5:145000000-150000000
ForkPoolWorker-39,  processing 80 (68227.8 per sec) reads @ chr7:125000000-130000000
ForkPoolWorker-39 countReadsInRegions_worker: processing 5000000 (12114304.1 per sec) @ chr7:125000000-130000000
ForkPoolWorker-39,  processing 84 (93034.5 per sec) reads @ chr1:60000000-65000000
ForkPoolWorker-39 countReadsInRegions_worker: processing 5000000 (12103229.5 per sec) @ chr1:60000000-65000000
ForkPoolWorker-39,  processing 73 (78408.2 per sec) reads @ chr1:55000000-60000000
ForkPoolWorker-39 countReadsInRegions_worker: processing 5000000 (12168386.2 per sec) @ chr1:55000000-60000000
ForkPoolWorker-39,  processing 0 (0.0 per sec) reads @ chr16:40000000-45000000
ForkPoolWorker-39 countReadsInRegions_worker: processing 5000000 (12162761.6 per sec) @ chr16:40000000-45000000
ForkPoolWorker-39,  processing 3 (7879.1 per sec) reads @ chr4:190000000-190214555
ForkPoolWorker-39 countReadsInRegions_worker: processing 214555 (9585429.7 per sec) @ chr4:190000000-190214555
ForkPoolWorker-39,  processing 57 (74017.1 per sec) reads @ chr1:90000000-95000000
ForkPoolWorker-39 countReadsInRegions_worker: processing 5000000 (12130596.0 per sec) @ chr1:90000000-95000000
ForkPoolWorker-48,  processing 166 (14420.6 per sec) reads @ chr15:40000000-45000000
ForkPoolWorker-48 countReadsInRegions_worker: processing 5000000 (9886928.5 per sec) @ chr15:40000000-45000000
ForkPoolWorker-48,  processing 88 (85085.0 per sec) reads @ chr14:75000000-80000000
ForkPoolWorker-48 countReadsInRegions_worker: processing 5000000 (11680610.5 per sec) @ chr14:75000000-80000000
ForkPoolWorker-48,  processing 0 (0.0 per sec) reads @ chrUn_KI270363v1:0-1803
ForkPoolWorker-48 countReadsInRegions_worker: processing 1803 (477178.8 per sec) @ chrUn_KI270363v1:0-1803
ForkPoolWorker-48,  processing 0 (0.0 per sec) reads @ chr14:0-5000000
ForkPoolWorker-48 countReadsInRegions_worker: processing 5000000 (11661352.6 per sec) @ chr14:0-5000000
ForkPoolWorker-48,  processing 53 (72221.6 per sec) reads @ chr15:30000000-35000000
ForkPoolWorker-48 countReadsInRegions_worker: processing 5000000 (11790324.0 per sec) @ chr15:30000000-35000000
ForkPoolWorker-48,  processing 6 (15015.4 per sec) reads @ chr4:155000000-160000000
ForkPoolWorker-48 countReadsInRegions_worker: processing 5000000 (11799511.7 per sec) @ chr4:155000000-160000000
ForkPoolWorker-48,  processing 0 (0.0 per sec) reads @ chrUn_KI270465v1:0-1774
ForkPoolWorker-48 countReadsInRegions_worker: processing 1774 (436891.3 per sec) @ chrUn_KI270465v1:0-1774
ForkPoolWorker-48,  processing 24 (45693.7 per sec) reads @ chr2:150000000-155000000
ForkPoolWorker-48 countReadsInRegions_worker: processing 5000000 (11773240.4 per sec) @ chr2:150000000-155000000
ForkPoolWorker-48,  processing 27 (46990.1 per sec) reads @ chr13:105000000-110000000
ForkPoolWorker-48 countReadsInRegions_worker: processing 5000000 (11885753.1 per sec) @ chr13:105000000-110000000
ForkPoolWorker-48,  processing 16 (33740.0 per sec) reads @ chr11:105000000-110000000
ForkPoolWorker-48 countReadsInRegions_worker: processing 5000000 (11935384.0 per sec) @ chr11:105000000-110000000
ForkPoolWorker-48,  processing 0 (0.0 per sec) reads @ chrUn_KI270583v1:0-1400
ForkPoolWorker-48 countReadsInRegions_worker: processing 1400 (339875.3 per sec) @ chrUn_KI270583v1:0-1400
ForkPoolWorker-48,  processing 151 (105275.9 per sec) reads @ chr10:70000000-75000000
ForkPoolWorker-48 countReadsInRegions_worker: processing 5000000 (11856629.4 per sec) @ chr10:70000000-75000000
ForkPoolWorker-48,  processing 29 (51583.9 per sec) reads @ chr4:150000000-155000000
ForkPoolWorker-48 countReadsInRegions_worker: processing 5000000 (11995790.1 per sec) @ chr4:150000000-155000000
ForkPoolWorker-48,  processing 0 (0.0 per sec) reads @ chr15:5000000-10000000
ForkPoolWorker-48 countReadsInRegions_worker: processing 5000000 (12015529.1 per sec) @ chr15:5000000-10000000
ForkPoolWorker-48,  processing 39 (60764.4 per sec) reads @ chr18:10000000-15000000
ForkPoolWorker-48 countReadsInRegions_worker: processing 5000000 (12112023.2 per sec) @ chr18:10000000-15000000
ForkPoolWorker-33,  processing 56 (22742.2 per sec) reads @ chr11:5000000-10000000
ForkPoolWorker-33 countReadsInRegions_worker: processing 5000000 (10032530.4 per sec) @ chr11:5000000-10000000
ForkPoolWorker-33,  processing 39 (59612.9 per sec) reads @ chr3:85000000-90000000
ForkPoolWorker-33 countReadsInRegions_worker: processing 5000000 (10947423.8 per sec) @ chr3:85000000-90000000
ForkPoolWorker-33,  processing 30 (49364.1 per sec) reads @ chr10:10000000-15000000
ForkPoolWorker-33 countReadsInRegions_worker: processing 5000000 (11177436.5 per sec) @ chr10:10000000-15000000
ForkPoolWorker-33,  processing 92 (91766.0 per sec) reads @ chr4:80000000-85000000
ForkPoolWorker-33 countReadsInRegions_worker: processing 5000000 (11290745.0 per sec) @ chr4:80000000-85000000
ForkPoolWorker-33,  processing 86 (96086.9 per sec) reads @ chr14:45000000-50000000
ForkPoolWorker-33 countReadsInRegions_worker: processing 5000000 (11424238.3 per sec) @ chr14:45000000-50000000
ForkPoolWorker-33,  processing 29 (39237.0 per sec) reads @ chr20:5000000-10000000
ForkPoolWorker-33 countReadsInRegions_worker: processing 5000000 (11381803.9 per sec) @ chr20:5000000-10000000
ForkPoolWorker-33,  processing 42 (62937.0 per sec) reads @ chr6:160000000-165000000
ForkPoolWorker-33 countReadsInRegions_worker: processing 5000000 (11570078.9 per sec) @ chr6:160000000-165000000
ForkPoolWorker-33,  processing 0 (0.0 per sec) reads @ chrUn_KI270753v1:0-62944
ForkPoolWorker-33 countReadsInRegions_worker: processing 62944 (6700836.8 per sec) @ chrUn_KI270753v1:0-62944
ForkPoolWorker-33,  processing 0 (0.0 per sec) reads @ chrUn_KI270340v1:0-1428
ForkPoolWorker-33 countReadsInRegions_worker: processing 1428 (213406.5 per sec) @ chrUn_KI270340v1:0-1428
ForkPoolWorker-33,  processing 96 (94764.2 per sec) reads @ chr4:135000000-140000000
ForkPoolWorker-33 countReadsInRegions_worker: processing 5000000 (11468859.1 per sec) @ chr4:135000000-140000000
ForkPoolWorker-33,  processing 380 (121407.3 per sec) reads @ chr14:100000000-105000000
ForkPoolWorker-33 countReadsInRegions_worker: processing 5000000 (11475379.5 per sec) @ chr14:100000000-105000000
ForkPoolWorker-33,  processing 4 (9658.7 per sec) reads @ chr22:10000000-15000000
ForkPoolWorker-33 countReadsInRegions_worker: processing 5000000 (11711248.5 per sec) @ chr22:10000000-15000000
ForkPoolWorker-33,  processing 47 (60064.7 per sec) reads @ chr1:210000000-215000000
ForkPoolWorker-33 countReadsInRegions_worker: processing 5000000 (11876982.2 per sec) @ chr1:210000000-215000000
ForkPoolWorker-33,  processing 743 (141319.1 per sec) reads @ chr20:60000000-64444167
ForkPoolWorker-33 countReadsInRegions_worker: processing 4444167 (11825129.1 per sec) @ chr20:60000000-64444167
ForkPoolWorker-33,  processing 0 (0.0 per sec) reads @ chrUn_GL000213v1:0-164239
ForkPoolWorker-33 countReadsInRegions_worker: processing 164239 (9446904.8 per sec) @ chrUn_GL000213v1:0-164239
ForkPoolWorker-34,  processing 16 (5634.7 per sec) reads @ chr6:55000000-60000000
ForkPoolWorker-34 countReadsInRegions_worker: processing 5000000 (9288150.5 per sec) @ chr6:55000000-60000000
ForkPoolWorker-34,  processing 70 (57422.5 per sec) reads @ chr10:45000000-50000000
ForkPoolWorker-34 countReadsInRegions_worker: processing 5000000 (11391999.2 per sec) @ chr10:45000000-50000000
ForkPoolWorker-34,  processing 11 (24489.0 per sec) reads @ chr2:80000000-85000000
ForkPoolWorker-34 countReadsInRegions_worker: processing 5000000 (11443856.9 per sec) @ chr2:80000000-85000000
ForkPoolWorker-34,  processing 167 (102121.1 per sec) reads @ chr11:115000000-120000000
ForkPoolWorker-34 countReadsInRegions_worker: processing 5000000 (11554550.1 per sec) @ chr11:115000000-120000000
ForkPoolWorker-34,  processing 85 (84223.0 per sec) reads @ chrX:70000000-75000000
ForkPoolWorker-34 countReadsInRegions_worker: processing 5000000 (11436916.9 per sec) @ chrX:70000000-75000000
ForkPoolWorker-34,  processing 2 (5246.2 per sec) reads @ chr6:65000000-70000000
ForkPoolWorker-34 countReadsInRegions_worker: processing 5000000 (11616183.0 per sec) @ chr6:65000000-70000000
ForkPoolWorker-34,  processing 0 (0.0 per sec) reads @ chrUn_GL000219v1:0-179198
ForkPoolWorker-34 countReadsInRegions_worker: processing 179198 (9278344.9 per sec) @ chrUn_GL000219v1:0-179198
ForkPoolWorker-34,  processing 0 (0.0 per sec) reads @ chrUn_KI270751v1:0-150742
ForkPoolWorker-34 countReadsInRegions_worker: processing 150742 (9838750.3 per sec) @ chrUn_KI270751v1:0-150742
ForkPoolWorker-34,  processing 0 (0.0 per sec) reads @ chr22:5000000-10000000
ForkPoolWorker-34 countReadsInRegions_worker: processing 5000000 (11968454.0 per sec) @ chr22:5000000-10000000
ForkPoolWorker-34,  processing 0 (0.0 per sec) reads @ chr4:25000000-30000000
ForkPoolWorker-34 countReadsInRegions_worker: processing 5000000 (12057815.8 per sec) @ chr4:25000000-30000000
ForkPoolWorker-34,  processing 0 (0.0 per sec) reads @ chrUn_KI270338v1:0-1428
ForkPoolWorker-34 countReadsInRegions_worker: processing 1428 (358736.6 per sec) @ chrUn_KI270338v1:0-1428
ForkPoolWorker-34,  processing 23 (39863.2 per sec) reads @ chr8:90000000-95000000
ForkPoolWorker-34 countReadsInRegions_worker: processing 5000000 (12025292.0 per sec) @ chr8:90000000-95000000
ForkPoolWorker-34,  processing 8 (16537.4 per sec) reads @ chr7:10000000-15000000
ForkPoolWorker-34 countReadsInRegions_worker: processing 5000000 (11940283.6 per sec) @ chr7:10000000-15000000
ForkPoolWorker-34,  processing 9 (17460.1 per sec) reads @ chr8:55000000-60000000
ForkPoolWorker-34 countReadsInRegions_worker: processing 5000000 (12064405.6 per sec) @ chr8:55000000-60000000
ForkPoolWorker-34,  processing 2 (4940.3 per sec) reads @ chr13:55000000-60000000
ForkPoolWorker-34 countReadsInRegions_worker: processing 5000000 (11856991.4 per sec) @ chr13:55000000-60000000
ForkPoolWorker-9,  processing 646 (35816.5 per sec) reads @ chrX:150000000-155000000
ForkPoolWorker-9 countReadsInRegions_worker: processing 5000000 (10515703.5 per sec) @ chrX:150000000-155000000
ForkPoolWorker-9,  processing 13 (9662.6 per sec) reads @ chr7:80000000-85000000
ForkPoolWorker-9 countReadsInRegions_worker: processing 5000000 (11273325.8 per sec) @ chr7:80000000-85000000
ForkPoolWorker-9,  processing 398 (124530.6 per sec) reads @ chr9:125000000-130000000
ForkPoolWorker-9 countReadsInRegions_worker: processing 5000000 (11507947.7 per sec) @ chr9:125000000-130000000
ForkPoolWorker-9,  processing 0 (0.0 per sec) reads @ chr14_KI270726v1_random:0-43739
ForkPoolWorker-9 countReadsInRegions_worker: processing 43739 (6120051.5 per sec) @ chr14_KI270726v1_random:0-43739
ForkPoolWorker-9,  processing 82 (80754.4 per sec) reads @ chr2:10000000-15000000
ForkPoolWorker-9 countReadsInRegions_worker: processing 5000000 (11588299.8 per sec) @ chr2:10000000-15000000
ForkPoolWorker-9,  processing 131 (107693.8 per sec) reads @ chr1:50000000-55000000
ForkPoolWorker-9 countReadsInRegions_worker: processing 5000000 (11479292.8 per sec) @ chr1:50000000-55000000
ForkPoolWorker-9,  processing 22 (39116.0 per sec) reads @ chr4:75000000-80000000
ForkPoolWorker-9 countReadsInRegions_worker: processing 5000000 (11448329.8 per sec) @ chr4:75000000-80000000
ForkPoolWorker-9,  processing 5 (11599.3 per sec) reads @ chrX:55000000-60000000
ForkPoolWorker-9 countReadsInRegions_worker: processing 5000000 (8133688.4 per sec) @ chrX:55000000-60000000
ForkPoolWorker-9,  processing 356 (128059.4 per sec) reads @ chr22:40000000-45000000
ForkPoolWorker-9 countReadsInRegions_worker: processing 5000000 (11592213.6 per sec) @ chr22:40000000-45000000
ForkPoolWorker-9,  processing 0 (0.0 per sec) reads @ chrUn_KI270589v1:0-44474
ForkPoolWorker-9 countReadsInRegions_worker: processing 44474 (6294711.3 per sec) @ chrUn_KI270589v1:0-44474
ForkPoolWorker-9,  processing 24 (43823.8 per sec) reads @ chr4:140000000-145000000
ForkPoolWorker-9 countReadsInRegions_worker: processing 5000000 (11577948.4 per sec) @ chr4:140000000-145000000
ForkPoolWorker-9,  processing 0 (0.0 per sec) reads @ chrUn_KI270305v1:0-1472
ForkPoolWorker-9 countReadsInRegions_worker: processing 1472 (343573.5 per sec) @ chrUn_KI270305v1:0-1472
ForkPoolWorker-9,  processing 549 (138415.1 per sec) reads @ chr16:30000000-35000000
ForkPoolWorker-9 countReadsInRegions_worker: processing 5000000 (11527703.0 per sec) @ chr16:30000000-35000000
ForkPoolWorker-9,  processing 410 (119562.3 per sec) reads @ chr1:15000000-20000000
ForkPoolWorker-9 countReadsInRegions_worker: processing 5000000 (11538847.1 per sec) @ chr1:15000000-20000000
ForkPoolWorker-9,  processing 27 (44761.3 per sec) reads @ chr2:200000000-205000000
ForkPoolWorker-9 countReadsInRegions_worker: processing 5000000 (11924891.7 per sec) @ chr2:200000000-205000000
ForkPoolWorker-26,  processing 0 (0.0 per sec) reads @ chrUn_KI270310v1:0-1201
ForkPoolWorker-26 countReadsInRegions_worker: processing 1201 (131706.0 per sec) @ chrUn_KI270310v1:0-1201
ForkPoolWorker-26,  processing 0 (0.0 per sec) reads @ chrUn_KI270507v1:0-5353
ForkPoolWorker-26 countReadsInRegions_worker: processing 5353 (641507.2 per sec) @ chrUn_KI270507v1:0-5353
ForkPoolWorker-26,  processing 29 (17052.4 per sec) reads @ chr4:35000000-40000000
ForkPoolWorker-26 countReadsInRegions_worker: processing 5000000 (10658811.1 per sec) @ chr4:35000000-40000000
ForkPoolWorker-26,  processing 286 (113552.7 per sec) reads @ chr17:35000000-40000000
ForkPoolWorker-26 countReadsInRegions_worker: processing 5000000 (11460348.0 per sec) @ chr17:35000000-40000000
ForkPoolWorker-26,  processing 0 (0.0 per sec) reads @ chr13:0-5000000
ForkPoolWorker-26 countReadsInRegions_worker: processing 5000000 (11926051.3 per sec) @ chr13:0-5000000
ForkPoolWorker-26,  processing 40 (58335.2 per sec) reads @ chr4:100000000-105000000
ForkPoolWorker-26 countReadsInRegions_worker: processing 5000000 (11977531.6 per sec) @ chr4:100000000-105000000
ForkPoolWorker-26,  processing 0 (0.0 per sec) reads @ chrUn_KI270376v1:0-1136
ForkPoolWorker-26 countReadsInRegions_worker: processing 1136 (261381.8 per sec) @ chrUn_KI270376v1:0-1136
ForkPoolWorker-26,  processing 19 (29298.4 per sec) reads @ chr9:70000000-75000000
ForkPoolWorker-26 countReadsInRegions_worker: processing 5000000 (12020508.5 per sec) @ chr9:70000000-75000000
ForkPoolWorker-26,  processing 38 (53110.1 per sec) reads @ chr6:150000000-155000000
ForkPoolWorker-26 countReadsInRegions_worker: processing 5000000 (11777617.4 per sec) @ chr6:150000000-155000000
ForkPoolWorker-26,  processing 124 (86394.3 per sec) reads @ chr22:15000000-20000000
ForkPoolWorker-26 countReadsInRegions_worker: processing 5000000 (11788209.8 per sec) @ chr22:15000000-20000000
ForkPoolWorker-26,  processing 73 (83111.9 per sec) reads @ chr5:10000000-15000000
ForkPoolWorker-26 countReadsInRegions_worker: processing 5000000 (11777247.0 per sec) @ chr5:10000000-15000000
ForkPoolWorker-26,  processing 0 (0.0 per sec) reads @ chr15:10000000-15000000
ForkPoolWorker-26 countReadsInRegions_worker: processing 5000000 (11883826.9 per sec) @ chr15:10000000-15000000
ForkPoolWorker-26,  processing 1 (2633.0 per sec) reads @ chr3:90000000-95000000
ForkPoolWorker-26 countReadsInRegions_worker: processing 5000000 (11777696.8 per sec) @ chr3:90000000-95000000
ForkPoolWorker-26,  processing 15 (29662.7 per sec) reads @ chr5:105000000-110000000
ForkPoolWorker-26 countReadsInRegions_worker: processing 5000000 (11794780.1 per sec) @ chr5:105000000-110000000
ForkPoolWorker-26,  processing 1520 (148817.5 per sec) reads @ chr19:0-5000000
ForkPoolWorker-26 countReadsInRegions_worker: processing 5000000 (11871858.9 per sec) @ chr19:0-5000000
ForkPoolWorker-31,  processing 1 (1232.9 per sec) reads @ chrUn_KI270467v1:0-3920
ForkPoolWorker-31 countReadsInRegions_worker: processing 3920 (461287.5 per sec) @ chrUn_KI270467v1:0-3920
ForkPoolWorker-31,  processing 11 (11310.9 per sec) reads @ chr5:110000000-115000000
ForkPoolWorker-31 countReadsInRegions_worker: processing 5000000 (10564630.2 per sec) @ chr5:110000000-115000000
ForkPoolWorker-31,  processing 0 (0.0 per sec) reads @ chr22_KI270738v1_random:0-99375
ForkPoolWorker-31 countReadsInRegions_worker: processing 99375 (8226925.6 per sec) @ chr22_KI270738v1_random:0-99375
ForkPoolWorker-31,  processing 0 (0.0 per sec) reads @ chrY:35000000-40000000
ForkPoolWorker-31 countReadsInRegions_worker: processing 5000000 (11409632.1 per sec) @ chrY:35000000-40000000
ForkPoolWorker-31,  processing 229 (111232.8 per sec) reads @ chr19:50000000-55000000
ForkPoolWorker-31 countReadsInRegions_worker: processing 5000000 (11219414.3 per sec) @ chr19:50000000-55000000
ForkPoolWorker-31,  processing 149 (95983.9 per sec) reads @ chr17:60000000-65000000
ForkPoolWorker-31 countReadsInRegions_worker: processing 5000000 (11304408.3 per sec) @ chr17:60000000-65000000
ForkPoolWorker-31,  processing 27 (42509.8 per sec) reads @ chr8:130000000-135000000
ForkPoolWorker-31 countReadsInRegions_worker: processing 5000000 (11347930.4 per sec) @ chr8:130000000-135000000
ForkPoolWorker-31,  processing 27 (44585.1 per sec) reads @ chr18:50000000-55000000
ForkPoolWorker-31 countReadsInRegions_worker: processing 5000000 (11257561.5 per sec) @ chr18:50000000-55000000
ForkPoolWorker-31,  processing 0 (0.0 per sec) reads @ chrUn_KI270315v1:0-2276
ForkPoolWorker-31 countReadsInRegions_worker: processing 2276 (452299.6 per sec) @ chrUn_KI270315v1:0-2276
ForkPoolWorker-31,  processing 84 (78960.5 per sec) reads @ chr3:35000000-40000000
ForkPoolWorker-31 countReadsInRegions_worker: processing 5000000 (10673686.3 per sec) @ chr3:35000000-40000000
ForkPoolWorker-31,  processing 427 (140954.5 per sec) reads @ chr1:5000000-10000000
ForkPoolWorker-31 countReadsInRegions_worker: processing 5000000 (11402653.0 per sec) @ chr1:5000000-10000000
ForkPoolWorker-31,  processing 30 (44731.3 per sec) reads @ chr3:120000000-125000000
ForkPoolWorker-31 countReadsInRegions_worker: processing 5000000 (11515549.5 per sec) @ chr3:120000000-125000000
ForkPoolWorker-31,  processing 161 (116187.7 per sec) reads @ chr12:0-5000000
ForkPoolWorker-31 countReadsInRegions_worker: processing 5000000 (11805788.9 per sec) @ chr12:0-5000000
ForkPoolWorker-31,  processing 83 (85012.8 per sec) reads @ chr1:205000000-210000000
ForkPoolWorker-31 countReadsInRegions_worker: processing 5000000 (11900814.4 per sec) @ chr1:205000000-210000000
ForkPoolWorker-31,  processing 347 (122242.9 per sec) reads @ chr17:40000000-45000000
ForkPoolWorker-31 countReadsInRegions_worker: processing 5000000 (11987342.5 per sec) @ chr17:40000000-45000000
ForkPoolWorker-21,  processing 67 (8181.5 per sec) reads @ chr5:170000000-175000000
ForkPoolWorker-21 countReadsInRegions_worker: processing 5000000 (10250601.0 per sec) @ chr5:170000000-175000000
ForkPoolWorker-21,  processing 26 (25086.7 per sec) reads @ chr7:55000000-60000000
ForkPoolWorker-21 countReadsInRegions_worker: processing 5000000 (10845993.4 per sec) @ chr7:55000000-60000000
ForkPoolWorker-21,  processing 113 (95421.0 per sec) reads @ chr17:70000000-75000000
ForkPoolWorker-21 countReadsInRegions_worker: processing 5000000 (11292289.2 per sec) @ chr17:70000000-75000000
ForkPoolWorker-21,  processing 210 (114792.6 per sec) reads @ chr2:240000000-242193529
ForkPoolWorker-21 countReadsInRegions_worker: processing 2193529 (11716192.3 per sec) @ chr2:240000000-242193529
ForkPoolWorker-21,  processing 67 (74147.3 per sec) reads @ chr10:115000000-120000000
ForkPoolWorker-21 countReadsInRegions_worker: processing 5000000 (12111589.5 per sec) @ chr10:115000000-120000000
ForkPoolWorker-21,  processing 556 (155107.0 per sec) reads @ chr12:60000000-65000000
ForkPoolWorker-21 countReadsInRegions_worker: processing 5000000 (12193977.8 per sec) @ chr12:60000000-65000000
ForkPoolWorker-21,  processing 271 (124962.2 per sec) reads @ chr1:30000000-35000000
ForkPoolWorker-21 countReadsInRegions_worker: processing 5000000 (12232549.8 per sec) @ chr1:30000000-35000000
ForkPoolWorker-21,  processing 40 (57065.4 per sec) reads @ chr8:45000000-50000000
ForkPoolWorker-21 countReadsInRegions_worker: processing 5000000 (12247015.6 per sec) @ chr8:45000000-50000000
ForkPoolWorker-21,  processing 0 (0.0 per sec) reads @ chr17_GL000205v2_random:0-185591
ForkPoolWorker-21 countReadsInRegions_worker: processing 185591 (9382119.5 per sec) @ chr17_GL000205v2_random:0-185591
ForkPoolWorker-21,  processing 0 (0.0 per sec) reads @ chr22_KI270735v1_random:0-42811
ForkPoolWorker-21 countReadsInRegions_worker: processing 42811 (5887290.1 per sec) @ chr22_KI270735v1_random:0-42811
ForkPoolWorker-21,  processing 235 (120144.0 per sec) reads @ chr14:20000000-25000000
ForkPoolWorker-21 countReadsInRegions_worker: processing 5000000 (12225155.1 per sec) @ chr14:20000000-25000000
ForkPoolWorker-21,  processing 12 (25432.9 per sec) reads @ chr3:185000000-190000000
ForkPoolWorker-21 countReadsInRegions_worker: processing 5000000 (12282635.9 per sec) @ chr3:185000000-190000000
ForkPoolWorker-21,  processing 235 (126529.1 per sec) reads @ chr6:0-5000000
ForkPoolWorker-21 countReadsInRegions_worker: processing 5000000 (12227514.4 per sec) @ chr6:0-5000000
ForkPoolWorker-21,  processing 51 (61984.8 per sec) reads @ chr21:35000000-40000000
ForkPoolWorker-21 countReadsInRegions_worker: processing 5000000 (12239424.8 per sec) @ chr21:35000000-40000000
ForkPoolWorker-21,  processing 12 (24966.1 per sec) reads @ chrX:125000000-130000000
ForkPoolWorker-21 countReadsInRegions_worker: processing 5000000 (12318565.4 per sec) @ chrX:125000000-130000000
ForkPoolWorker-5,  processing 12 (4364.9 per sec) reads @ chr7:115000000-120000000
ForkPoolWorker-5 countReadsInRegions_worker: processing 5000000 (9649247.4 per sec) @ chr7:115000000-120000000
ForkPoolWorker-5,  processing 47 (64910.2 per sec) reads @ chr5:5000000-10000000
ForkPoolWorker-5 countReadsInRegions_worker: processing 5000000 (10848585.5 per sec) @ chr5:5000000-10000000
ForkPoolWorker-5,  processing 76 (86857.5 per sec) reads @ chr2:125000000-130000000
ForkPoolWorker-5 countReadsInRegions_worker: processing 5000000 (11166123.0 per sec) @ chr2:125000000-130000000
ForkPoolWorker-5,  processing 19 (36639.9 per sec) reads @ chr15:35000000-40000000
ForkPoolWorker-5 countReadsInRegions_worker: processing 5000000 (11610703.7 per sec) @ chr15:35000000-40000000
ForkPoolWorker-5,  processing 19 (35864.9 per sec) reads @ chr10:90000000-95000000
ForkPoolWorker-5 countReadsInRegions_worker: processing 5000000 (11657366.1 per sec) @ chr10:90000000-95000000
ForkPoolWorker-5,  processing 25 (41876.0 per sec) reads @ chr12:75000000-80000000
ForkPoolWorker-5 countReadsInRegions_worker: processing 5000000 (11651174.6 per sec) @ chr12:75000000-80000000
ForkPoolWorker-5,  processing 0 (0.0 per sec) reads @ chr13:10000000-15000000
ForkPoolWorker-5 countReadsInRegions_worker: processing 5000000 (11804220.6 per sec) @ chr13:10000000-15000000
ForkPoolWorker-5,  processing 74 (73462.4 per sec) reads @ chr1:220000000-225000000
ForkPoolWorker-5 countReadsInRegions_worker: processing 5000000 (11770524.5 per sec) @ chr1:220000000-225000000
ForkPoolWorker-5,  processing 139 (99370.8 per sec) reads @ chr7:145000000-150000000
ForkPoolWorker-5 countReadsInRegions_worker: processing 5000000 (11586475.1 per sec) @ chr7:145000000-150000000
ForkPoolWorker-5,  processing 7 (17612.6 per sec) reads @ chr6:95000000-100000000
ForkPoolWorker-5 countReadsInRegions_worker: processing 5000000 (11673029.7 per sec) @ chr6:95000000-100000000
ForkPoolWorker-5,  processing 27 (50064.6 per sec) reads @ chr10:35000000-40000000
ForkPoolWorker-5 countReadsInRegions_worker: processing 5000000 (11824547.0 per sec) @ chr10:35000000-40000000
ForkPoolWorker-5,  processing 0 (0.0 per sec) reads @ chrY:50000000-55000000
ForkPoolWorker-5 countReadsInRegions_worker: processing 5000000 (11939087.2 per sec) @ chrY:50000000-55000000
ForkPoolWorker-5,  processing 0 (0.0 per sec) reads @ chrUn_KI270375v1:0-2378
ForkPoolWorker-5 countReadsInRegions_worker: processing 2378 (572464.8 per sec) @ chrUn_KI270375v1:0-2378
ForkPoolWorker-5,  processing 0 (0.0 per sec) reads @ chrUn_KI270395v1:0-1143
ForkPoolWorker-5 countReadsInRegions_worker: processing 1143 (276619.3 per sec) @ chrUn_KI270395v1:0-1143
ForkPoolWorker-5,  processing 28 (51105.5 per sec) reads @ chr1:245000000-248956422
ForkPoolWorker-5 countReadsInRegions_worker: processing 3956422 (12185824.6 per sec) @ chr1:245000000-248956422
ForkPoolWorker-2,  processing 1 (107.4 per sec) reads @ chr4:160000000-165000000
ForkPoolWorker-2 countReadsInRegions_worker: processing 5000000 (10686359.0 per sec) @ chr4:160000000-165000000
ForkPoolWorker-2,  processing 12 (20116.6 per sec) reads @ chr4:50000000-55000000
ForkPoolWorker-2 countReadsInRegions_worker: processing 5000000 (11722855.3 per sec) @ chr4:50000000-55000000
ForkPoolWorker-2,  processing 75 (74561.0 per sec) reads @ chr9:95000000-100000000
ForkPoolWorker-2 countReadsInRegions_worker: processing 5000000 (11872215.1 per sec) @ chr9:95000000-100000000
ForkPoolWorker-2,  processing 7 (15658.7 per sec) reads @ chr9:10000000-15000000
ForkPoolWorker-2 countReadsInRegions_worker: processing 5000000 (12030596.9 per sec) @ chr9:10000000-15000000
ForkPoolWorker-2,  processing 22 (39535.0 per sec) reads @ chr8:15000000-20000000
ForkPoolWorker-2 countReadsInRegions_worker: processing 5000000 (12067217.1 per sec) @ chr8:15000000-20000000
ForkPoolWorker-2,  processing 218 (106955.0 per sec) reads @ chr1:40000000-45000000
ForkPoolWorker-2 countReadsInRegions_worker: processing 5000000 (12043274.5 per sec) @ chr1:40000000-45000000
ForkPoolWorker-2,  processing 34 (50587.6 per sec) reads @ chr9:105000000-110000000
ForkPoolWorker-2 countReadsInRegions_worker: processing 5000000 (12081071.5 per sec) @ chr9:105000000-110000000
ForkPoolWorker-2,  processing 10 (22574.3 per sec) reads @ chr6:45000000-50000000
ForkPoolWorker-2 countReadsInRegions_worker: processing 5000000 (12065932.6 per sec) @ chr6:45000000-50000000
ForkPoolWorker-2,  processing 3 (8542.4 per sec) reads @ chrUn_GL000218v1:0-161147
ForkPoolWorker-2 countReadsInRegions_worker: processing 161147 (8829286.1 per sec) @ chrUn_GL000218v1:0-161147
ForkPoolWorker-2,  processing 7 (15896.1 per sec) reads @ chr5:155000000-160000000
ForkPoolWorker-2 countReadsInRegions_worker: processing 5000000 (11946309.9 per sec) @ chr5:155000000-160000000
ForkPoolWorker-2,  processing 177 (116362.4 per sec) reads @ chr1:230000000-235000000
ForkPoolWorker-2 countReadsInRegions_worker: processing 5000000 (11761302.7 per sec) @ chr1:230000000-235000000
ForkPoolWorker-2,  processing 7 (17342.1 per sec) reads @ chr3:105000000-110000000
ForkPoolWorker-2 countReadsInRegions_worker: processing 5000000 (11974255.8 per sec) @ chr3:105000000-110000000
ForkPoolWorker-2,  processing 14 (27763.7 per sec) reads @ chr4:40000000-45000000
ForkPoolWorker-2 countReadsInRegions_worker: processing 5000000 (12018896.4 per sec) @ chr4:40000000-45000000
ForkPoolWorker-2,  processing 873 (141146.7 per sec) reads @ chr16:85000000-90000000
ForkPoolWorker-2 countReadsInRegions_worker: processing 5000000 (11942303.0 per sec) @ chr16:85000000-90000000
ForkPoolWorker-2,  processing 0 (0.0 per sec) reads @ chrEBV:0-171823
ForkPoolWorker-2 countReadsInRegions_worker: processing 171823 (10083924.2 per sec) @ chrEBV:0-171823
ForkPoolWorker-10,  processing 54 (5848.0 per sec) reads @ chr6:15000000-20000000
ForkPoolWorker-10 countReadsInRegions_worker: processing 5000000 (10286404.3 per sec) @ chr6:15000000-20000000
ForkPoolWorker-10,  processing 14 (19925.4 per sec) reads @ chr5:55000000-60000000
ForkPoolWorker-10 countReadsInRegions_worker: processing 5000000 (11342431.1 per sec) @ chr5:55000000-60000000
ForkPoolWorker-10,  processing 0 (0.0 per sec) reads @ chrUn_KI270420v1:0-2321
ForkPoolWorker-10 countReadsInRegions_worker: processing 2321 (530863.8 per sec) @ chrUn_KI270420v1:0-2321
ForkPoolWorker-10,  processing 0 (0.0 per sec) reads @ chr1_KI270712v1_random:0-176043
ForkPoolWorker-10 countReadsInRegions_worker: processing 176043 (9356859.6 per sec) @ chr1_KI270712v1_random:0-176043
ForkPoolWorker-10,  processing 38 (54101.7 per sec) reads @ chr18:20000000-25000000
ForkPoolWorker-10 countReadsInRegions_worker: processing 5000000 (11745651.4 per sec) @ chr18:20000000-25000000
ForkPoolWorker-10,  processing 23 (38836.1 per sec) reads @ chr9:80000000-85000000
ForkPoolWorker-10 countReadsInRegions_worker: processing 5000000 (11654185.3 per sec) @ chr9:80000000-85000000
ForkPoolWorker-10,  processing 24 (35645.6 per sec) reads @ chr4:85000000-90000000
ForkPoolWorker-10 countReadsInRegions_worker: processing 5000000 (11575040.8 per sec) @ chr4:85000000-90000000
ForkPoolWorker-10,  processing 7 (16131.9 per sec) reads @ chr11:95000000-100000000
ForkPoolWorker-10 countReadsInRegions_worker: processing 5000000 (11646936.3 per sec) @ chr11:95000000-100000000
ForkPoolWorker-10,  processing 129 (95696.0 per sec) reads @ chr3:195000000-198295559
ForkPoolWorker-10 countReadsInRegions_worker: processing 3295559 (11957018.4 per sec) @ chr3:195000000-198295559
ForkPoolWorker-10,  processing 57 (72866.6 per sec) reads @ chr11:40000000-45000000
ForkPoolWorker-10 countReadsInRegions_worker: processing 5000000 (12185418.8 per sec) @ chr11:40000000-45000000
ForkPoolWorker-10,  processing 24 (40508.4 per sec) reads @ chr5:100000000-105000000
ForkPoolWorker-10 countReadsInRegions_worker: processing 5000000 (12087422.0 per sec) @ chr5:100000000-105000000
ForkPoolWorker-10,  processing 0 (0.0 per sec) reads @ chrUn_KI270509v1:0-2318
ForkPoolWorker-10 countReadsInRegions_worker: processing 2318 (511624.3 per sec) @ chrUn_KI270509v1:0-2318
ForkPoolWorker-10,  processing 27 (49409.3 per sec) reads @ chr8:60000000-65000000
ForkPoolWorker-10 countReadsInRegions_worker: processing 5000000 (12247187.2 per sec) @ chr8:60000000-65000000
ForkPoolWorker-10,  processing 0 (0.0 per sec) reads @ chrUn_KI270744v1:0-168472
ForkPoolWorker-10 countReadsInRegions_worker: processing 168472 (10027285.1 per sec) @ chrUn_KI270744v1:0-168472
ForkPoolWorker-10,  processing 47 (64128.9 per sec) reads @ chr11:10000000-15000000
ForkPoolWorker-10 countReadsInRegions_worker: processing 5000000 (12238660.5 per sec) @ chr11:10000000-15000000
ForkPoolWorker-10,  processing 0 (0.0 per sec) reads @ chrUn_KI270424v1:0-2140
ForkPoolWorker-10 countReadsInRegions_worker: processing 2140 (471715.9 per sec) @ chrUn_KI270424v1:0-2140
ForkPoolWorker-10,  processing 0 (0.0 per sec) reads @ chrUn_KI270383v1:0-1750
ForkPoolWorker-10 countReadsInRegions_worker: processing 1750 (422253.5 per sec) @ chrUn_KI270383v1:0-1750
ForkPoolWorker-10,  processing 304 (124275.7 per sec) reads @ chr1:150000000-155000000
ForkPoolWorker-10 countReadsInRegions_worker: processing 5000000 (12197162.1 per sec) @ chr1:150000000-155000000
ForkPoolWorker-10,  processing 14 (27147.6 per sec) reads @ chr5:120000000-125000000
ForkPoolWorker-10 countReadsInRegions_worker: processing 5000000 (12232692.5 per sec) @ chr5:120000000-125000000
ForkPoolWorker-10,  processing 499 (148142.5 per sec) reads @ chr22:50000000-50818468
ForkPoolWorker-10 countReadsInRegions_worker: processing 818468 (11070632.8 per sec) @ chr22:50000000-50818468
ForkPoolWorker-30,  processing 1 (253.2 per sec) reads @ chr5:160000000-165000000
ForkPoolWorker-30 countReadsInRegions_worker: processing 5000000 (10292406.8 per sec) @ chr5:160000000-165000000
ForkPoolWorker-30,  processing 15 (14125.4 per sec) reads @ chr18:25000000-30000000
ForkPoolWorker-30 countReadsInRegions_worker: processing 5000000 (10810379.5 per sec) @ chr18:25000000-30000000
ForkPoolWorker-30,  processing 70 (78251.9 per sec) reads @ chr20:15000000-20000000
ForkPoolWorker-30 countReadsInRegions_worker: processing 5000000 (11244415.1 per sec) @ chr20:15000000-20000000
ForkPoolWorker-30,  processing 13 (28895.6 per sec) reads @ chr2:115000000-120000000
ForkPoolWorker-30 countReadsInRegions_worker: processing 5000000 (11554575.6 per sec) @ chr2:115000000-120000000
ForkPoolWorker-30,  processing 54 (70143.2 per sec) reads @ chr11:30000000-35000000
ForkPoolWorker-30 countReadsInRegions_worker: processing 5000000 (11585931.0 per sec) @ chr11:30000000-35000000
ForkPoolWorker-30,  processing 46 (67912.0 per sec) reads @ chr2:155000000-160000000
ForkPoolWorker-30 countReadsInRegions_worker: processing 5000000 (11499063.2 per sec) @ chr2:155000000-160000000
ForkPoolWorker-30,  processing 206 (112959.4 per sec) reads @ chr10:130000000-133797422
ForkPoolWorker-30 countReadsInRegions_worker: processing 3797422 (12008488.1 per sec) @ chr10:130000000-133797422
ForkPoolWorker-30,  processing 291 (115647.4 per sec) reads @ chr12:55000000-60000000
ForkPoolWorker-30 countReadsInRegions_worker: processing 5000000 (12186679.2 per sec) @ chr12:55000000-60000000
ForkPoolWorker-30,  processing 58 (69327.3 per sec) reads @ chr6:5000000-10000000
ForkPoolWorker-30 countReadsInRegions_worker: processing 5000000 (12085847.7 per sec) @ chr6:5000000-10000000
ForkPoolWorker-30,  processing 87 (81397.4 per sec) reads @ chr13:75000000-80000000
ForkPoolWorker-30 countReadsInRegions_worker: processing 5000000 (12252553.7 per sec) @ chr13:75000000-80000000
ForkPoolWorker-30,  processing 32 (49362.9 per sec) reads @ chr6:130000000-135000000
ForkPoolWorker-30 countReadsInRegions_worker: processing 5000000 (12295677.6 per sec) @ chr6:130000000-135000000
ForkPoolWorker-30,  processing 0 (0.0 per sec) reads @ chrUn_KI270522v1:0-5674
ForkPoolWorker-30 countReadsInRegions_worker: processing 5674 (1168367.7 per sec) @ chrUn_KI270522v1:0-5674
ForkPoolWorker-30,  processing 545 (130302.4 per sec) reads @ chr19:5000000-10000000
ForkPoolWorker-30 countReadsInRegions_worker: processing 5000000 (12198098.6 per sec) @ chr19:5000000-10000000
ForkPoolWorker-30,  processing 76 (91705.2 per sec) reads @ chr9:75000000-80000000
ForkPoolWorker-30 countReadsInRegions_worker: processing 5000000 (12319593.0 per sec) @ chr9:75000000-80000000
ForkPoolWorker-30,  processing 0 (0.0 per sec) reads @ chrUn_KI270316v1:0-1444
ForkPoolWorker-30 countReadsInRegions_worker: processing 1444 (324453.6 per sec) @ chrUn_KI270316v1:0-1444
ForkPoolWorker-41,  processing 0 (0.0 per sec) reads @ chrUn_KI270517v1:0-3253
ForkPoolWorker-41 countReadsInRegions_worker: processing 3253 (135513.8 per sec) @ chrUn_KI270517v1:0-3253
ForkPoolWorker-41,  processing 3 (811.4 per sec) reads @ chr13:85000000-90000000
ForkPoolWorker-41 countReadsInRegions_worker: processing 5000000 (10877852.2 per sec) @ chr13:85000000-90000000
ForkPoolWorker-41,  processing 29 (36082.7 per sec) reads @ chr2:180000000-185000000
ForkPoolWorker-41 countReadsInRegions_worker: processing 5000000 (11627453.9 per sec) @ chr2:180000000-185000000
ForkPoolWorker-41,  processing 62 (73542.7 per sec) reads @ chr6:145000000-150000000
ForkPoolWorker-41 countReadsInRegions_worker: processing 5000000 (11861001.6 per sec) @ chr6:145000000-150000000
ForkPoolWorker-41,  processing 0 (0.0 per sec) reads @ chrUn_KI270387v1:0-1537
ForkPoolWorker-41 countReadsInRegions_worker: processing 1537 (395548.2 per sec) @ chrUn_KI270387v1:0-1537
ForkPoolWorker-41,  processing 77 (68063.5 per sec) reads @ chr2:45000000-50000000
ForkPoolWorker-41 countReadsInRegions_worker: processing 5000000 (11717772.5 per sec) @ chr2:45000000-50000000
ForkPoolWorker-41,  processing 0 (0.0 per sec) reads @ chr14_GL000194v1_random:0-191469
ForkPoolWorker-41 countReadsInRegions_worker: processing 191469 (9152629.8 per sec) @ chr14_GL000194v1_random:0-191469
ForkPoolWorker-41,  processing 0 (0.0 per sec) reads @ chrUn_KI270530v1:0-2168
ForkPoolWorker-41 countReadsInRegions_worker: processing 2168 (424442.3 per sec) @ chrUn_KI270530v1:0-2168
ForkPoolWorker-41,  processing 0 (0.0 per sec) reads @ chr1:135000000-140000000
ForkPoolWorker-41 countReadsInRegions_worker: processing 5000000 (11638888.7 per sec) @ chr1:135000000-140000000
ForkPoolWorker-41,  processing 68 (74918.0 per sec) reads @ chr4:20000000-25000000
ForkPoolWorker-41 countReadsInRegions_worker: processing 5000000 (11850304.8 per sec) @ chr4:20000000-25000000
ForkPoolWorker-41,  processing 25 (38437.5 per sec) reads @ chr9:20000000-25000000
ForkPoolWorker-41 countReadsInRegions_worker: processing 5000000 (11983328.6 per sec) @ chr9:20000000-25000000
ForkPoolWorker-41,  processing 0 (0.0 per sec) reads @ chr15_KI270727v1_random:0-448248
ForkPoolWorker-41 countReadsInRegions_worker: processing 448248 (10238069.6 per sec) @ chr15_KI270727v1_random:0-448248
ForkPoolWorker-41,  processing 36 (45032.8 per sec) reads @ chrX:65000000-70000000
ForkPoolWorker-41 countReadsInRegions_worker: processing 5000000 (12124964.2 per sec) @ chrX:65000000-70000000
ForkPoolWorker-41,  processing 12 (24745.2 per sec) reads @ chr5:40000000-45000000
ForkPoolWorker-41 countReadsInRegions_worker: processing 5000000 (12139921.4 per sec) @ chr5:40000000-45000000
ForkPoolWorker-41,  processing 167 (109530.7 per sec) reads @ chr2:230000000-235000000
ForkPoolWorker-41 countReadsInRegions_worker: processing 5000000 (12164955.7 per sec) @ chr2:230000000-235000000
ForkPoolWorker-41,  processing 0 (0.0 per sec) reads @ chrUn_KI270752v1:0-27745
ForkPoolWorker-41 countReadsInRegions_worker: processing 27745 (4353897.2 per sec) @ chrUn_KI270752v1:0-27745
ForkPoolWorker-41,  processing 0 (0.0 per sec) reads @ chrUn_KI270320v1:0-4416
ForkPoolWorker-41 countReadsInRegions_worker: processing 4416 (986474.6 per sec) @ chrUn_KI270320v1:0-4416
ForkPoolWorker-41,  processing 15 (30452.4 per sec) reads @ chr6:90000000-95000000
ForkPoolWorker-41 countReadsInRegions_worker: processing 5000000 (12196736.5 per sec) @ chr6:90000000-95000000
ForkPoolWorker-41,  processing 290 (122172.4 per sec) reads @ chr16:65000000-70000000
ForkPoolWorker-41 countReadsInRegions_worker: processing 5000000 (12167355.4 per sec) @ chr16:65000000-70000000
ForkPoolWorker-41,  processing 1009 (144636.1 per sec) reads @ chr17:80000000-83257441
ForkPoolWorker-41 countReadsInRegions_worker: processing 3257441 (11760830.4 per sec) @ chr17:80000000-83257441
ForkPoolWorker-32,  processing 3 (931.9 per sec) reads @ chr13:15000000-20000000
ForkPoolWorker-32 countReadsInRegions_worker: processing 5000000 (10360102.3 per sec) @ chr13:15000000-20000000
ForkPoolWorker-32,  processing 113 (98412.9 per sec) reads @ chr1:105000000-110000000
ForkPoolWorker-32 countReadsInRegions_worker: processing 5000000 (10810953.5 per sec) @ chr1:105000000-110000000
ForkPoolWorker-32,  processing 98 (84855.9 per sec) reads @ chr1:45000000-50000000
ForkPoolWorker-32 countReadsInRegions_worker: processing 5000000 (11185985.9 per sec) @ chr1:45000000-50000000
ForkPoolWorker-32,  processing 63 (77603.9 per sec) reads @ chr8:40000000-45000000
ForkPoolWorker-32 countReadsInRegions_worker: processing 5000000 (11500633.4 per sec) @ chr8:40000000-45000000
ForkPoolWorker-32,  processing 127 (99640.2 per sec) reads @ chr6:155000000-160000000
ForkPoolWorker-32 countReadsInRegions_worker: processing 5000000 (11531854.9 per sec) @ chr6:155000000-160000000
ForkPoolWorker-32,  processing 13 (26126.5 per sec) reads @ chr8:65000000-70000000
ForkPoolWorker-32 countReadsInRegions_worker: processing 5000000 (11569319.3 per sec) @ chr8:65000000-70000000
ForkPoolWorker-32,  processing 28 (49741.9 per sec) reads @ chr1:70000000-75000000
ForkPoolWorker-32 countReadsInRegions_worker: processing 5000000 (11574670.3 per sec) @ chr1:70000000-75000000
ForkPoolWorker-32,  processing 269 (120425.6 per sec) reads @ chr1:225000000-230000000
ForkPoolWorker-32 countReadsInRegions_worker: processing 5000000 (11602102.7 per sec) @ chr1:225000000-230000000
ForkPoolWorker-32,  processing 0 (0.0 per sec) reads @ chrUn_KI270362v1:0-3530
ForkPoolWorker-32 countReadsInRegions_worker: processing 3530 (815976.5 per sec) @ chrUn_KI270362v1:0-3530
ForkPoolWorker-32,  processing 6 (15187.6 per sec) reads @ chr8:50000000-55000000
ForkPoolWorker-32 countReadsInRegions_worker: processing 5000000 (11703438.4 per sec) @ chr8:50000000-55000000
ForkPoolWorker-32,  processing 0 (0.0 per sec) reads @ chrY:30000000-35000000
ForkPoolWorker-32 countReadsInRegions_worker: processing 5000000 (11767605.2 per sec) @ chrY:30000000-35000000
ForkPoolWorker-32,  processing 18 (38226.6 per sec) reads @ chr3:70000000-75000000
ForkPoolWorker-32 countReadsInRegions_worker: processing 5000000 (11644090.9 per sec) @ chr3:70000000-75000000
ForkPoolWorker-32,  processing 408 (151978.3 per sec) reads @ chr6:10000000-15000000
ForkPoolWorker-32 countReadsInRegions_worker: processing 5000000 (11928988.7 per sec) @ chr6:10000000-15000000
ForkPoolWorker-32,  processing 33 (55676.6 per sec) reads @ chr11:90000000-95000000
ForkPoolWorker-32 countReadsInRegions_worker: processing 5000000 (11969301.0 per sec) @ chr11:90000000-95000000
ForkPoolWorker-32,  processing 0 (0.0 per sec) reads @ chrUn_KI270330v1:0-1652
ForkPoolWorker-32 countReadsInRegions_worker: processing 1652 (405298.9 per sec) @ chrUn_KI270330v1:0-1652
ForkPoolWorker-12,  processing 35 (7364.0 per sec) reads @ chr19:25000000-30000000
ForkPoolWorker-12 countReadsInRegions_worker: processing 5000000 (10056869.7 per sec) @ chr19:25000000-30000000
ForkPoolWorker-12,  processing 21 (5380.6 per sec) reads @ chr10:40000000-45000000
ForkPoolWorker-12 countReadsInRegions_worker: processing 5000000 (11229753.6 per sec) @ chr10:40000000-45000000
ForkPoolWorker-12,  processing 233 (114797.7 per sec) reads @ chr5:150000000-155000000
ForkPoolWorker-12 countReadsInRegions_worker: processing 5000000 (11690696.7 per sec) @ chr5:150000000-155000000
ForkPoolWorker-12,  processing 20 (38164.7 per sec) reads @ chr14:85000000-90000000
ForkPoolWorker-12 countReadsInRegions_worker: processing 5000000 (11485497.9 per sec) @ chr14:85000000-90000000
ForkPoolWorker-12,  processing 29 (48712.4 per sec) reads @ chr15:55000000-60000000
ForkPoolWorker-12 countReadsInRegions_worker: processing 5000000 (11360538.5 per sec) @ chr15:55000000-60000000
ForkPoolWorker-12,  processing 0 (0.0 per sec) reads @ chr14_KI270725v1_random:0-172810
ForkPoolWorker-12 countReadsInRegions_worker: processing 172810 (9316542.3 per sec) @ chr14_KI270725v1_random:0-172810
ForkPoolWorker-12,  processing 1 (2807.4 per sec) reads @ chr1_KI270708v1_random:0-127682
ForkPoolWorker-12 countReadsInRegions_worker: processing 127682 (9314661.1 per sec) @ chr1_KI270708v1_random:0-127682
ForkPoolWorker-12,  processing 1837 (148228.9 per sec) reads @ chr16:0-5000000
ForkPoolWorker-12 countReadsInRegions_worker: processing 5000000 (11667892.5 per sec) @ chr16:0-5000000
ForkPoolWorker-12,  processing 184 (111043.4 per sec) reads @ chr13:110000000-114364328
ForkPoolWorker-12 countReadsInRegions_worker: processing 4364328 (11920396.4 per sec) @ chr13:110000000-114364328
ForkPoolWorker-12,  processing 27 (45190.0 per sec) reads @ chr1:175000000-180000000
ForkPoolWorker-12 countReadsInRegions_worker: processing 5000000 (12123576.4 per sec) @ chr1:175000000-180000000
ForkPoolWorker-12,  processing 62 (72095.1 per sec) reads @ chr14:65000000-70000000
ForkPoolWorker-12 countReadsInRegions_worker: processing 5000000 (12131803.0 per sec) @ chr14:65000000-70000000
ForkPoolWorker-12,  processing 47 (56243.2 per sec) reads @ chrX:130000000-135000000
ForkPoolWorker-12 countReadsInRegions_worker: processing 5000000 (12163516.4 per sec) @ chrX:130000000-135000000
ForkPoolWorker-12,  processing 57 (79638.7 per sec) reads @ chr6:75000000-80000000
ForkPoolWorker-12 countReadsInRegions_worker: processing 5000000 (12128933.3 per sec) @ chr6:75000000-80000000
ForkPoolWorker-12,  processing 35 (55064.0 per sec) reads @ chr3:65000000-70000000
ForkPoolWorker-12 countReadsInRegions_worker: processing 5000000 (11978297.8 per sec) @ chr3:65000000-70000000
ForkPoolWorker-12,  processing 51 (69518.9 per sec) reads @ chr16:80000000-85000000
ForkPoolWorker-12 countReadsInRegions_worker: processing 5000000 (11961204.5 per sec) @ chr16:80000000-85000000
ForkPoolWorker-11,  processing 42 (9046.4 per sec) reads @ chr17:20000000-25000000
ForkPoolWorker-11 countReadsInRegions_worker: processing 5000000 (9650091.1 per sec) @ chr17:20000000-25000000
ForkPoolWorker-11,  processing 93 (83976.4 per sec) reads @ chr22:30000000-35000000
ForkPoolWorker-11 countReadsInRegions_worker: processing 5000000 (10825099.8 per sec) @ chr22:30000000-35000000
ForkPoolWorker-11,  processing 619 (131483.5 per sec) reads @ chr19:15000000-20000000
ForkPoolWorker-11 countReadsInRegions_worker: processing 5000000 (11135156.8 per sec) @ chr19:15000000-20000000
ForkPoolWorker-11,  processing 33 (54600.4 per sec) reads @ chrX:35000000-40000000
ForkPoolWorker-11 countReadsInRegions_worker: processing 5000000 (11586347.1 per sec) @ chrX:35000000-40000000
ForkPoolWorker-11,  processing 0 (0.0 per sec) reads @ chr4_GL000008v2_random:0-209709
ForkPoolWorker-11 countReadsInRegions_worker: processing 209709 (9580786.8 per sec) @ chr4_GL000008v2_random:0-209709
ForkPoolWorker-11,  processing 7 (16105.4 per sec) reads @ chr12:40000000-45000000
ForkPoolWorker-11 countReadsInRegions_worker: processing 5000000 (12100764.3 per sec) @ chr12:40000000-45000000
ForkPoolWorker-11,  processing 24 (40622.8 per sec) reads @ chr2:55000000-60000000
ForkPoolWorker-11 countReadsInRegions_worker: processing 5000000 (11975035.3 per sec) @ chr2:55000000-60000000
ForkPoolWorker-11,  processing 48 (17750.5 per sec) reads @ chr13:20000000-25000000
ForkPoolWorker-11 countReadsInRegions_worker: processing 5000000 (10790100.2 per sec) @ chr13:20000000-25000000
ForkPoolWorker-11,  processing 40 (65255.6 per sec) reads @ chr13:30000000-35000000
ForkPoolWorker-11 countReadsInRegions_worker: processing 5000000 (12097860.4 per sec) @ chr13:30000000-35000000
ForkPoolWorker-11,  processing 32 (54560.1 per sec) reads @ chr4:10000000-15000000
ForkPoolWorker-11 countReadsInRegions_worker: processing 5000000 (12080883.6 per sec) @ chr4:10000000-15000000
ForkPoolWorker-11,  processing 17 (32904.1 per sec) reads @ chr1:190000000-195000000
ForkPoolWorker-11 countReadsInRegions_worker: processing 5000000 (12040895.9 per sec) @ chr1:190000000-195000000
ForkPoolWorker-11,  processing 0 (0.0 per sec) reads @ chrUn_KI270521v1:0-7642
ForkPoolWorker-11 countReadsInRegions_worker: processing 7642 (1669333.4 per sec) @ chrUn_KI270521v1:0-7642
ForkPoolWorker-11,  processing 18 (36037.0 per sec) reads @ chr5:95000000-100000000
ForkPoolWorker-11 countReadsInRegions_worker: processing 5000000 (11967456.8 per sec) @ chr5:95000000-100000000
ForkPoolWorker-11,  processing 0 (0.0 per sec) reads @ chrUn_KI270382v1:0-4215
ForkPoolWorker-11 countReadsInRegions_worker: processing 4215 (929837.0 per sec) @ chrUn_KI270382v1:0-4215
ForkPoolWorker-11,  processing 0 (0.0 per sec) reads @ chrUn_KI270748v1:0-93321
ForkPoolWorker-11 countReadsInRegions_worker: processing 93321 (8479563.3 per sec) @ chrUn_KI270748v1:0-93321
ForkPoolWorker-11,  processing 3 (7686.6 per sec) reads @ chr5:25000000-30000000
ForkPoolWorker-11 countReadsInRegions_worker: processing 5000000 (12244970.4 per sec) @ chr5:25000000-30000000
ForkPoolWorker-11,  processing 3 (8139.0 per sec) reads @ chr14:15000000-20000000
ForkPoolWorker-11 countReadsInRegions_worker: processing 5000000 (12049273.8 per sec) @ chr14:15000000-20000000
ForkPoolWorker-38,  processing 138 (28662.7 per sec) reads @ chr7:25000000-30000000
ForkPoolWorker-38 countReadsInRegions_worker: processing 5000000 (9272225.1 per sec) @ chr7:25000000-30000000
ForkPoolWorker-38,  processing 6 (10810.1 per sec) reads @ chr8:115000000-120000000
ForkPoolWorker-38 countReadsInRegions_worker: processing 5000000 (11545231.2 per sec) @ chr8:115000000-120000000
ForkPoolWorker-38,  processing 2 (5062.5 per sec) reads @ chr6:100000000-105000000
ForkPoolWorker-38 countReadsInRegions_worker: processing 5000000 (11312414.7 per sec) @ chr6:100000000-105000000
ForkPoolWorker-38,  processing 71 (80922.7 per sec) reads @ chr2:50000000-55000000
ForkPoolWorker-38 countReadsInRegions_worker: processing 5000000 (11656310.0 per sec) @ chr2:50000000-55000000
ForkPoolWorker-38,  processing 23 (35676.4 per sec) reads @ chrX:145000000-150000000
ForkPoolWorker-38 countReadsInRegions_worker: processing 5000000 (11883826.9 per sec) @ chrX:145000000-150000000
ForkPoolWorker-38,  processing 141 (91917.4 per sec) reads @ chr9:90000000-95000000
ForkPoolWorker-38 countReadsInRegions_worker: processing 5000000 (11791676.4 per sec) @ chr9:90000000-95000000
ForkPoolWorker-38,  processing 55 (67809.1 per sec) reads @ chr14:50000000-55000000
ForkPoolWorker-38 countReadsInRegions_worker: processing 5000000 (11596303.2 per sec) @ chr14:50000000-55000000
ForkPoolWorker-38,  processing 20 (37600.2 per sec) reads @ chr16:90000000-90338345
ForkPoolWorker-38 countReadsInRegions_worker: processing 338345 (9867072.2 per sec) @ chr16:90000000-90338345
ForkPoolWorker-38,  processing 364 (126029.9 per sec) reads @ chr7:5000000-10000000
ForkPoolWorker-38 countReadsInRegions_worker: processing 5000000 (11738058.2 per sec) @ chr7:5000000-10000000
ForkPoolWorker-38,  processing 0 (0.0 per sec) reads @ chrUn_KI270335v1:0-1048
ForkPoolWorker-38 countReadsInRegions_worker: processing 1048 (219572.9 per sec) @ chrUn_KI270335v1:0-1048
ForkPoolWorker-38,  processing 452 (117424.9 per sec) reads @ chr17:0-5000000
ForkPoolWorker-38 countReadsInRegions_worker: processing 5000000 (11786546.9 per sec) @ chr17:0-5000000
ForkPoolWorker-38,  processing 2 (4175.5 per sec) reads @ chr3:0-5000000
ForkPoolWorker-38 countReadsInRegions_worker: processing 5000000 (11917200.5 per sec) @ chr3:0-5000000
ForkPoolWorker-38,  processing 20 (33288.1 per sec) reads @ chr18:55000000-60000000
ForkPoolWorker-38 countReadsInRegions_worker: processing 5000000 (12033758.6 per sec) @ chr18:55000000-60000000
ForkPoolWorker-38,  processing 35 (49015.2 per sec) reads @ chr15:60000000-65000000
ForkPoolWorker-38 countReadsInRegions_worker: processing 5000000 (12071259.6 per sec) @ chr15:60000000-65000000
ForkPoolWorker-38,  processing 166 (107796.0 per sec) reads @ chr7:155000000-159345973
ForkPoolWorker-38 countReadsInRegions_worker: processing 4345973 (12126892.3 per sec) @ chr7:155000000-159345973
ForkPoolWorker-1,  processing 5 (500.2 per sec) reads @ chr9:65000000-70000000
ForkPoolWorker-1 countReadsInRegions_worker: processing 5000000 (9945901.4 per sec) @ chr9:65000000-70000000
ForkPoolWorker-1,  processing 0 (0.0 per sec) reads @ chrUn_KI270519v1:0-138126
ForkPoolWorker-1 countReadsInRegions_worker: processing 138126 (8835345.4 per sec) @ chrUn_KI270519v1:0-138126
ForkPoolWorker-1,  processing 457 (128368.4 per sec) reads @ chr6:35000000-40000000
ForkPoolWorker-1 countReadsInRegions_worker: processing 5000000 (11405915.1 per sec) @ chr6:35000000-40000000
ForkPoolWorker-1,  processing 25 (37157.2 per sec) reads @ chr10:25000000-30000000
ForkPoolWorker-1 countReadsInRegions_worker: processing 5000000 (11705123.7 per sec) @ chr10:25000000-30000000
ForkPoolWorker-1,  processing 3 (7375.7 per sec) reads @ chr13:60000000-65000000
ForkPoolWorker-1 countReadsInRegions_worker: processing 5000000 (11546445.3 per sec) @ chr13:60000000-65000000
ForkPoolWorker-1,  processing 85 (85742.1 per sec) reads @ chr5:70000000-75000000
ForkPoolWorker-1 countReadsInRegions_worker: processing 5000000 (11422720.0 per sec) @ chr5:70000000-75000000
ForkPoolWorker-1,  processing 0 (0.0 per sec) reads @ chr14:5000000-10000000
ForkPoolWorker-1 countReadsInRegions_worker: processing 5000000 (11299066.8 per sec) @ chr14:5000000-10000000
ForkPoolWorker-1,  processing 1 (2805.6 per sec) reads @ chr21:10000000-15000000
ForkPoolWorker-1 countReadsInRegions_worker: processing 5000000 (11626325.8 per sec) @ chr21:10000000-15000000
ForkPoolWorker-1,  processing 25 (43311.7 per sec) reads @ chr3:25000000-30000000
ForkPoolWorker-1 countReadsInRegions_worker: processing 5000000 (11497833.8 per sec) @ chr3:25000000-30000000
ForkPoolWorker-1,  processing 103 (87187.3 per sec) reads @ chr17:55000000-60000000
ForkPoolWorker-1 countReadsInRegions_worker: processing 5000000 (11531702.7 per sec) @ chr17:55000000-60000000
ForkPoolWorker-1,  processing 96 (86928.6 per sec) reads @ chr2:170000000-175000000
ForkPoolWorker-1 countReadsInRegions_worker: processing 5000000 (11842074.2 per sec) @ chr2:170000000-175000000
ForkPoolWorker-1,  processing 0 (0.0 per sec) reads @ chrUn_KI270750v1:0-148850
ForkPoolWorker-1 countReadsInRegions_worker: processing 148850 (9539063.2 per sec) @ chrUn_KI270750v1:0-148850
ForkPoolWorker-1,  processing 11 (20933.5 per sec) reads @ chr12:80000000-85000000
ForkPoolWorker-1 countReadsInRegions_worker: processing 5000000 (11976013.2 per sec) @ chr12:80000000-85000000
ForkPoolWorker-1,  processing 14 (24828.9 per sec) reads @ chr4:170000000-175000000
ForkPoolWorker-1 countReadsInRegions_worker: processing 5000000 (12036238.1 per sec) @ chr4:170000000-175000000
ForkPoolWorker-1,  processing 1 (2347.1 per sec) reads @ chr21:20000000-25000000
ForkPoolWorker-1 countReadsInRegions_worker: processing 5000000 (12042479.3 per sec) @ chr21:20000000-25000000
ForkPoolWorker-28,  processing 3 (3795.8 per sec) reads @ chr11:20000000-25000000
ForkPoolWorker-28 countReadsInRegions_worker: processing 5000000 (10534259.7 per sec) @ chr11:20000000-25000000
ForkPoolWorker-28,  processing 0 (0.0 per sec) reads @ chr22_KI270739v1_random:0-73985
ForkPoolWorker-28 countReadsInRegions_worker: processing 73985 (5726119.3 per sec) @ chr22_KI270739v1_random:0-73985
ForkPoolWorker-28,  processing 0 (0.0 per sec) reads @ chrUn_KI270512v1:0-22689
ForkPoolWorker-28 countReadsInRegions_worker: processing 22689 (4390116.9 per sec) @ chrUn_KI270512v1:0-22689
ForkPoolWorker-28,  processing 1 (2557.5 per sec) reads @ chrY:5000000-10000000
ForkPoolWorker-28 countReadsInRegions_worker: processing 5000000 (11569153.4 per sec) @ chrY:5000000-10000000
ForkPoolWorker-28,  processing 95 (90128.7 per sec) reads @ chr17:50000000-55000000
ForkPoolWorker-28 countReadsInRegions_worker: processing 5000000 (11470785.0 per sec) @ chr17:50000000-55000000
ForkPoolWorker-28,  processing 0 (0.0 per sec) reads @ chrUn_KI270379v1:0-1045
ForkPoolWorker-28 countReadsInRegions_worker: processing 1045 (261175.5 per sec) @ chrUn_KI270379v1:0-1045
ForkPoolWorker-28,  processing 0 (0.0 per sec) reads @ chrUn_KI270747v1:0-198735
ForkPoolWorker-28 countReadsInRegions_worker: processing 198735 (9978870.4 per sec) @ chrUn_KI270747v1:0-198735
ForkPoolWorker-28,  processing 0 (0.0 per sec) reads @ chr3_GL000221v1_random:0-155397
ForkPoolWorker-28 countReadsInRegions_worker: processing 155397 (9773313.2 per sec) @ chr3_GL000221v1_random:0-155397
ForkPoolWorker-28,  processing 20 (36567.6 per sec) reads @ chr3:175000000-180000000
ForkPoolWorker-28 countReadsInRegions_worker: processing 5000000 (11760471.6 per sec) @ chr3:175000000-180000000
ForkPoolWorker-28,  processing 0 (0.0 per sec) reads @ chrUn_KI270337v1:0-1121
ForkPoolWorker-28 countReadsInRegions_worker: processing 1121 (260922.0 per sec) @ chrUn_KI270337v1:0-1121
ForkPoolWorker-28,  processing 7 (14753.8 per sec) reads @ chr7:60000000-65000000
ForkPoolWorker-28 countReadsInRegions_worker: processing 5000000 (11810835.3 per sec) @ chr7:60000000-65000000
ForkPoolWorker-28,  processing 64 (69941.5 per sec) reads @ chr1:160000000-165000000
ForkPoolWorker-28 countReadsInRegions_worker: processing 5000000 (11735838.0 per sec) @ chr1:160000000-165000000
ForkPoolWorker-28,  processing 9 (17932.9 per sec) reads @ chr15:50000000-55000000
ForkPoolWorker-28 countReadsInRegions_worker: processing 5000000 (6285573.3 per sec) @ chr15:50000000-55000000
ForkPoolWorker-28,  processing 119 (84353.9 per sec) reads @ chr4:5000000-10000000
ForkPoolWorker-28 countReadsInRegions_worker: processing 5000000 (12039036.5 per sec) @ chr4:5000000-10000000
ForkPoolWorker-28,  processing 0 (0.0 per sec) reads @ chrUn_KI270336v1:0-1026
ForkPoolWorker-28 countReadsInRegions_worker: processing 1026 (134952.2 per sec) @ chrUn_KI270336v1:0-1026
ForkPoolWorker-28,  processing 425 (122733.4 per sec) reads @ chr9:130000000-135000000
ForkPoolWorker-28 countReadsInRegions_worker: processing 5000000 (12000217.4 per sec) @ chr9:130000000-135000000
ForkPoolWorker-28,  processing 0 (0.0 per sec) reads @ chrUn_KI270581v1:0-7046
ForkPoolWorker-28 countReadsInRegions_worker: processing 7046 (1114663.2 per sec) @ chrUn_KI270581v1:0-7046
ForkPoolWorker-28,  processing 81 (78770.8 per sec) reads @ chr2:20000000-25000000
ForkPoolWorker-28 countReadsInRegions_worker: processing 5000000 (12013553.7 per sec) @ chr2:20000000-25000000
ForkPoolWorker-28,  processing 23 (37117.7 per sec) reads @ chr20:20000000-25000000
ForkPoolWorker-28 countReadsInRegions_worker: processing 5000000 (11998384.3 per sec) @ chr20:20000000-25000000
ForkPoolWorker-28,  processing 193 (109377.2 per sec) reads @ chr20:40000000-45000000
ForkPoolWorker-28 countReadsInRegions_worker: processing 5000000 (12104312.3 per sec) @ chr20:40000000-45000000
ForkPoolWorker-23,  processing 131 (6544.1 per sec) reads @ chr10:125000000-130000000
ForkPoolWorker-23 countReadsInRegions_worker: processing 5000000 (9874075.8 per sec) @ chr10:125000000-130000000
ForkPoolWorker-23,  processing 34 (36537.6 per sec) reads @ chr7:65000000-70000000
ForkPoolWorker-23 countReadsInRegions_worker: processing 5000000 (11193640.2 per sec) @ chr7:65000000-70000000
ForkPoolWorker-23,  processing 8 (17503.6 per sec) reads @ chr4:125000000-130000000
ForkPoolWorker-23 countReadsInRegions_worker: processing 5000000 (11530054.3 per sec) @ chr4:125000000-130000000
ForkPoolWorker-23,  processing 15 (33626.2 per sec) reads @ chr2:190000000-195000000
ForkPoolWorker-23 countReadsInRegions_worker: processing 5000000 (11462997.8 per sec) @ chr2:190000000-195000000
ForkPoolWorker-23,  processing 1 (2816.9 per sec) reads @ chr10:55000000-60000000
ForkPoolWorker-23 countReadsInRegions_worker: processing 5000000 (11521907.9 per sec) @ chr10:55000000-60000000
ForkPoolWorker-23,  processing 25 (48210.4 per sec) reads @ chr11:25000000-30000000
ForkPoolWorker-23 countReadsInRegions_worker: processing 5000000 (11640122.6 per sec) @ chr11:25000000-30000000
ForkPoolWorker-23,  processing 66 (83987.9 per sec) reads @ chr21:25000000-30000000
ForkPoolWorker-23 countReadsInRegions_worker: processing 5000000 (11947330.7 per sec) @ chr21:25000000-30000000
ForkPoolWorker-23,  processing 0 (0.0 per sec) reads @ chrUn_KI270544v1:0-1202
ForkPoolWorker-23 countReadsInRegions_worker: processing 1202 (297068.7 per sec) @ chrUn_KI270544v1:0-1202
ForkPoolWorker-23,  processing 19 (36488.9 per sec) reads @ chr6:140000000-145000000
ForkPoolWorker-23 countReadsInRegions_worker: processing 5000000 (12054482.1 per sec) @ chr6:140000000-145000000
ForkPoolWorker-23,  processing 10 (22215.6 per sec) reads @ chr4:180000000-185000000
ForkPoolWorker-23 countReadsInRegions_worker: processing 5000000 (11832452.9 per sec) @ chr4:180000000-185000000
ForkPoolWorker-23,  processing 115 (88829.6 per sec) reads @ chr15:65000000-70000000
ForkPoolWorker-23 countReadsInRegions_worker: processing 5000000 (11877036.0 per sec) @ chr15:65000000-70000000
ForkPoolWorker-23,  processing 1 (2562.2 per sec) reads @ chrX:90000000-95000000
ForkPoolWorker-23 countReadsInRegions_worker: processing 5000000 (11859888.2 per sec) @ chrX:90000000-95000000
ForkPoolWorker-23,  processing 718 (138111.0 per sec) reads @ chr11:65000000-70000000
ForkPoolWorker-23 countReadsInRegions_worker: processing 5000000 (11872336.1 per sec) @ chr11:65000000-70000000
ForkPoolWorker-23,  processing 3 (8097.1 per sec) reads @ chr7:85000000-90000000
ForkPoolWorker-23 countReadsInRegions_worker: processing 5000000 (12059792.0 per sec) @ chr7:85000000-90000000
ForkPoolWorker-23,  processing 19 (36339.2 per sec) reads @ chr2:40000000-45000000
ForkPoolWorker-23 countReadsInRegions_worker: processing 5000000 (12067835.1 per sec) @ chr2:40000000-45000000
ForkPoolWorker-4,  processing 11 (3451.6 per sec) reads @ chr11:35000000-40000000
ForkPoolWorker-4 countReadsInRegions_worker: processing 5000000 (9635477.3 per sec) @ chr11:35000000-40000000
ForkPoolWorker-4,  processing 0 (0.0 per sec) reads @ chrUn_KI270429v1:0-1361
ForkPoolWorker-4 countReadsInRegions_worker: processing 1361 (332214.8 per sec) @ chrUn_KI270429v1:0-1361
ForkPoolWorker-4,  processing 0 (0.0 per sec) reads @ chr1:125000000-130000000
ForkPoolWorker-4 countReadsInRegions_worker: processing 5000000 (10926451.1 per sec) @ chr1:125000000-130000000
ForkPoolWorker-4,  processing 0 (0.0 per sec) reads @ chrUn_KI270374v1:0-2656
ForkPoolWorker-4 countReadsInRegions_worker: processing 2656 (652725.8 per sec) @ chrUn_KI270374v1:0-2656
ForkPoolWorker-4,  processing 1 (2603.5 per sec) reads @ chr18:40000000-45000000
ForkPoolWorker-4 countReadsInRegions_worker: processing 5000000 (11311542.2 per sec) @ chr18:40000000-45000000
ForkPoolWorker-4,  processing 0 (0.0 per sec) reads @ chrUn_KI270579v1:0-31033
ForkPoolWorker-4 countReadsInRegions_worker: processing 31033 (5207723.3 per sec) @ chrUn_KI270579v1:0-31033
ForkPoolWorker-4,  processing 60 (66365.6 per sec) reads @ chr3:55000000-60000000
ForkPoolWorker-4 countReadsInRegions_worker: processing 5000000 (11591752.3 per sec) @ chr3:55000000-60000000
ForkPoolWorker-4,  processing 28 (50840.0 per sec) reads @ chr8:5000000-10000000
ForkPoolWorker-4 countReadsInRegions_worker: processing 5000000 (11567545.3 per sec) @ chr8:5000000-10000000
ForkPoolWorker-4,  processing 3 (8583.2 per sec) reads @ chr12:85000000-90000000
ForkPoolWorker-4 countReadsInRegions_worker: processing 5000000 (11637287.0 per sec) @ chr12:85000000-90000000
ForkPoolWorker-4,  processing 604 (133489.3 per sec) reads @ chr19:10000000-15000000
ForkPoolWorker-4 countReadsInRegions_worker: processing 5000000 (11683532.4 per sec) @ chr19:10000000-15000000
ForkPoolWorker-4,  processing 0 (0.0 per sec) reads @ chrUn_KI270329v1:0-1040
ForkPoolWorker-4 countReadsInRegions_worker: processing 1040 (274430.7 per sec) @ chrUn_KI270329v1:0-1040
ForkPoolWorker-4,  processing 255 (122809.5 per sec) reads @ chr7:150000000-155000000
ForkPoolWorker-4 countReadsInRegions_worker: processing 5000000 (11732102.3 per sec) @ chr7:150000000-155000000
ForkPoolWorker-4,  processing 0 (0.0 per sec) reads @ chr18:15000000-20000000
ForkPoolWorker-4 countReadsInRegions_worker: processing 5000000 (11744697.6 per sec) @ chr18:15000000-20000000
ForkPoolWorker-4,  processing 101 (100935.1 per sec) reads @ chr8:100000000-105000000
ForkPoolWorker-4 countReadsInRegions_worker: processing 5000000 (11774906.2 per sec) @ chr8:100000000-105000000
ForkPoolWorker-4,  processing 21 (41823.5 per sec) reads @ chr13:90000000-95000000
ForkPoolWorker-4 countReadsInRegions_worker: processing 5000000 (11704960.4 per sec) @ chr13:90000000-95000000
ForkPoolWorker-4,  processing 90 (93809.0 per sec) reads @ chr15:90000000-95000000
ForkPoolWorker-4 countReadsInRegions_worker: processing 5000000 (12023278.9 per sec) @ chr15:90000000-95000000
ForkPoolWorker-4,  processing 0 (0.0 per sec) reads @ chrUn_KI270312v1:0-998
ForkPoolWorker-4 countReadsInRegions_worker: processing 998 (239770.6 per sec) @ chrUn_KI270312v1:0-998
ForkPoolWorker-4,  processing 9 (21399.5 per sec) reads @ chr10:105000000-110000000
ForkPoolWorker-4 countReadsInRegions_worker: processing 5000000 (12166804.8 per sec) @ chr10:105000000-110000000
ForkPoolWorker-4,  processing 0 (0.0 per sec) reads @ chrUn_KI270303v1:0-1942
ForkPoolWorker-4 countReadsInRegions_worker: processing 1942 (458918.2 per sec) @ chrUn_KI270303v1:0-1942
ForkPoolWorker-4,  processing 155 (126016.1 per sec) reads @ chr1:120000000-125000000
ForkPoolWorker-4 countReadsInRegions_worker: processing 5000000 (12203741.7 per sec) @ chr1:120000000-125000000
ForkPoolWorker-36,  processing 220 (38468.6 per sec) reads @ chr21:40000000-45000000
ForkPoolWorker-36 countReadsInRegions_worker: processing 5000000 (8952000.4 per sec) @ chr21:40000000-45000000
ForkPoolWorker-36,  processing 26 (31664.3 per sec) reads @ chr15:100000000-101991189
ForkPoolWorker-36 countReadsInRegions_worker: processing 1991189 (11608416.4 per sec) @ chr15:100000000-101991189
ForkPoolWorker-36,  processing 218 (103492.7 per sec) reads @ chrX:45000000-50000000
ForkPoolWorker-36 countReadsInRegions_worker: processing 5000000 (12251129.4 per sec) @ chrX:45000000-50000000
ForkPoolWorker-36,  processing 710 (134785.7 per sec) reads @ chr7:0-5000000
ForkPoolWorker-36 countReadsInRegions_worker: processing 5000000 (12008972.0 per sec) @ chr7:0-5000000
ForkPoolWorker-36,  processing 0 (0.0 per sec) reads @ chr15:0-5000000
ForkPoolWorker-36 countReadsInRegions_worker: processing 5000000 (12282125.2 per sec) @ chr15:0-5000000
ForkPoolWorker-36,  processing 53 (65305.0 per sec) reads @ chr2:110000000-115000000
ForkPoolWorker-36 countReadsInRegions_worker: processing 5000000 (12092684.3 per sec) @ chr2:110000000-115000000
ForkPoolWorker-36,  processing 14 (27388.2 per sec) reads @ chr19:20000000-25000000
ForkPoolWorker-36 countReadsInRegions_worker: processing 5000000 (12236461.1 per sec) @ chr19:20000000-25000000
ForkPoolWorker-36,  processing 23 (43337.4 per sec) reads @ chr2:225000000-230000000
ForkPoolWorker-36 countReadsInRegions_worker: processing 5000000 (12048913.8 per sec) @ chr2:225000000-230000000
ForkPoolWorker-36,  processing 0 (0.0 per sec) reads @ chrUn_KI270756v1:0-79590
ForkPoolWorker-36 countReadsInRegions_worker: processing 79590 (7300383.9 per sec) @ chrUn_KI270756v1:0-79590
ForkPoolWorker-36,  processing 55 (69442.1 per sec) reads @ chr7:45000000-50000000
ForkPoolWorker-36 countReadsInRegions_worker: processing 5000000 (12138698.7 per sec) @ chr7:45000000-50000000
ForkPoolWorker-36,  processing 3 (7566.4 per sec) reads @ chr13:65000000-70000000
ForkPoolWorker-36 countReadsInRegions_worker: processing 5000000 (11997430.2 per sec) @ chr13:65000000-70000000
ForkPoolWorker-36,  processing 2 (4954.9 per sec) reads @ chr2:140000000-145000000
ForkPoolWorker-36 countReadsInRegions_worker: processing 5000000 (12118000.1 per sec) @ chr2:140000000-145000000
ForkPoolWorker-36,  processing 3 (5844.4 per sec) reads @ chr2:210000000-215000000
ForkPoolWorker-36 countReadsInRegions_worker: processing 5000000 (12119197.6 per sec) @ chr2:210000000-215000000
ForkPoolWorker-36,  processing 415 (128669.1 per sec) reads @ chr17:5000000-10000000
ForkPoolWorker-36 countReadsInRegions_worker: processing 5000000 (12157099.9 per sec) @ chr17:5000000-10000000
ForkPoolWorker-36,  processing 27 (42945.1 per sec) reads @ chr18:35000000-40000000
ForkPoolWorker-36 countReadsInRegions_worker: processing 5000000 (12104326.3 per sec) @ chr18:35000000-40000000
ForkPoolWorker-37,  processing 755 (125972.6 per sec) reads @ chr10:85000000-90000000
ForkPoolWorker-37 countReadsInRegions_worker: processing 5000000 (10265443.1 per sec) @ chr10:85000000-90000000
ForkPoolWorker-37,  processing 22 (38479.9 per sec) reads @ chr13:70000000-75000000
ForkPoolWorker-37 countReadsInRegions_worker: processing 5000000 (10897647.5 per sec) @ chr13:70000000-75000000
ForkPoolWorker-37,  processing 434 (127796.1 per sec) reads @ chr19:40000000-45000000
ForkPoolWorker-37 countReadsInRegions_worker: processing 5000000 (10974710.8 per sec) @ chr19:40000000-45000000
ForkPoolWorker-37,  processing 19 (37858.3 per sec) reads @ chrX:10000000-15000000
ForkPoolWorker-37 countReadsInRegions_worker: processing 5000000 (11116982.3 per sec) @ chrX:10000000-15000000
ForkPoolWorker-37,  processing 27 (35803.4 per sec) reads @ chr10:30000000-35000000
ForkPoolWorker-37 countReadsInRegions_worker: processing 5000000 (11232526.4 per sec) @ chr10:30000000-35000000
ForkPoolWorker-37,  processing 23 (39119.6 per sec) reads @ chr2:5000000-10000000
ForkPoolWorker-37 countReadsInRegions_worker: processing 5000000 (11179075.1 per sec) @ chr2:5000000-10000000
ForkPoolWorker-37,  processing 234 (118078.3 per sec) reads @ chr1:35000000-40000000
ForkPoolWorker-37 countReadsInRegions_worker: processing 5000000 (11554257.3 per sec) @ chr1:35000000-40000000
ForkPoolWorker-37,  processing 0 (0.0 per sec) reads @ chrUn_KI270539v1:0-993
ForkPoolWorker-37 countReadsInRegions_worker: processing 993 (234988.9 per sec) @ chrUn_KI270539v1:0-993
ForkPoolWorker-37,  processing 4 (10545.1 per sec) reads @ chrX:85000000-90000000
ForkPoolWorker-37 countReadsInRegions_worker: processing 5000000 (11598240.0 per sec) @ chrX:85000000-90000000
ForkPoolWorker-37,  processing 76 (83120.5 per sec) reads @ chr4:65000000-70000000
ForkPoolWorker-37 countReadsInRegions_worker: processing 5000000 (11537399.8 per sec) @ chr4:65000000-70000000
ForkPoolWorker-37,  processing 34 (56770.0 per sec) reads @ chr10:15000000-20000000
ForkPoolWorker-37 countReadsInRegions_worker: processing 5000000 (11814701.2 per sec) @ chr10:15000000-20000000
ForkPoolWorker-37,  processing 20 (35157.6 per sec) reads @ chr5:15000000-20000000
ForkPoolWorker-37 countReadsInRegions_worker: processing 5000000 (11890564.8 per sec) @ chr5:15000000-20000000
ForkPoolWorker-37,  processing 0 (0.0 per sec) reads @ chrUn_KI270322v1:0-21476
ForkPoolWorker-37 countReadsInRegions_worker: processing 21476 (3724185.4 per sec) @ chrUn_KI270322v1:0-21476
ForkPoolWorker-37,  processing 84 (90945.2 per sec) reads @ chr14:90000000-95000000
ForkPoolWorker-37 countReadsInRegions_worker: processing 5000000 (11926641.4 per sec) @ chr14:90000000-95000000
ForkPoolWorker-37,  processing 73 (79281.3 per sec) reads @ chr11:75000000-80000000
ForkPoolWorker-37 countReadsInRegions_worker: processing 5000000 (12038518.2 per sec) @ chr11:75000000-80000000
ForkPoolWorker-24,  processing 41 (5802.2 per sec) reads @ chr12:70000000-75000000
ForkPoolWorker-24 countReadsInRegions_worker: processing 5000000 (10001812.3 per sec) @ chr12:70000000-75000000
ForkPoolWorker-24,  processing 0 (0.0 per sec) reads @ chrUn_KI270518v1:0-2186
ForkPoolWorker-24 countReadsInRegions_worker: processing 2186 (539878.0 per sec) @ chrUn_KI270518v1:0-2186
ForkPoolWorker-24,  processing 6 (14020.0 per sec) reads @ chr5:85000000-90000000
ForkPoolWorker-24 countReadsInRegions_worker: processing 5000000 (10897262.4 per sec) @ chr5:85000000-90000000
ForkPoolWorker-24,  processing 832 (142755.6 per sec) reads @ chr9:135000000-138394717
ForkPoolWorker-24 countReadsInRegions_worker: processing 3394717 (11805766.9 per sec) @ chr9:135000000-138394717
ForkPoolWorker-24,  processing 0 (0.0 per sec) reads @ chrUn_KI270435v1:0-92983
ForkPoolWorker-24 countReadsInRegions_worker: processing 92983 (7609290.6 per sec) @ chrUn_KI270435v1:0-92983
ForkPoolWorker-24,  processing 0 (0.0 per sec) reads @ chrUn_KI270508v1:0-1951
ForkPoolWorker-24 countReadsInRegions_worker: processing 1951 (468408.0 per sec) @ chrUn_KI270508v1:0-1951
ForkPoolWorker-24,  processing 62 (66559.2 per sec) reads @ chr16:55000000-60000000
ForkPoolWorker-24 countReadsInRegions_worker: processing 5000000 (12300776.5 per sec) @ chr16:55000000-60000000
ForkPoolWorker-24,  processing 1238 (153853.3 per sec) reads @ chr22_KI270733v1_random:0-179772
ForkPoolWorker-24 countReadsInRegions_worker: processing 179772 (6853716.0 per sec) @ chr22_KI270733v1_random:0-179772
ForkPoolWorker-24,  processing 0 (0.0 per sec) reads @ chrUn_KI270741v1:0-157432
ForkPoolWorker-24 countReadsInRegions_worker: processing 157432 (10460312.2 per sec) @ chrUn_KI270741v1:0-157432
ForkPoolWorker-24,  processing 0 (0.0 per sec) reads @ chrUn_KI270378v1:0-1048
ForkPoolWorker-24 countReadsInRegions_worker: processing 1048 (254465.1 per sec) @ chrUn_KI270378v1:0-1048
ForkPoolWorker-24,  processing 57 (64475.5 per sec) reads @ chr11:130000000-135000000
ForkPoolWorker-24 countReadsInRegions_worker: processing 5000000 (12220966.1 per sec) @ chr11:130000000-135000000
ForkPoolWorker-24,  processing 376 (132525.9 per sec) reads @ chr5:0-5000000
ForkPoolWorker-24 countReadsInRegions_worker: processing 5000000 (12211899.8 per sec) @ chr5:0-5000000
ForkPoolWorker-24,  processing 12 (23183.6 per sec) reads @ chr13:35000000-40000000
ForkPoolWorker-24 countReadsInRegions_worker: processing 5000000 (12280435.1 per sec) @ chr13:35000000-40000000
ForkPoolWorker-24,  processing 0 (0.0 per sec) reads @ chrUn_KI270366v1:0-8320
ForkPoolWorker-24 countReadsInRegions_worker: processing 8320 (1657796.2 per sec) @ chrUn_KI270366v1:0-8320
ForkPoolWorker-24,  processing 0 (0.0 per sec) reads @ chrUn_KI270580v1:0-1553
ForkPoolWorker-24 countReadsInRegions_worker: processing 1553 (388904.1 per sec) @ chrUn_KI270580v1:0-1553
ForkPoolWorker-24,  processing 0 (0.0 per sec) reads @ chr14_GL000225v1_random:0-211173
ForkPoolWorker-24 countReadsInRegions_worker: processing 211173 (10498711.1 per sec) @ chr14_GL000225v1_random:0-211173
ForkPoolWorker-24,  processing 0 (0.0 per sec) reads @ chrUn_GL000214v1:0-137718
ForkPoolWorker-24 countReadsInRegions_worker: processing 137718 (9840059.3 per sec) @ chrUn_GL000214v1:0-137718
ForkPoolWorker-24,  processing 2 (5718.2 per sec) reads @ chr1_KI270711v1_random:0-42210
ForkPoolWorker-24 countReadsInRegions_worker: processing 42210 (6124734.4 per sec) @ chr1_KI270711v1_random:0-42210
ForkPoolWorker-24,  processing 43 (58216.6 per sec) reads @ chr3:150000000-155000000
ForkPoolWorker-24 countReadsInRegions_worker: processing 5000000 (12072531.3 per sec) @ chr3:150000000-155000000
ForkPoolWorker-24,  processing 15 (27259.3 per sec) reads @ chr4:105000000-110000000
ForkPoolWorker-24 countReadsInRegions_worker: processing 5000000 (12230837.6 per sec) @ chr4:105000000-110000000
ForkPoolWorker-24,  processing 9 (20571.5 per sec) reads @ chr15:45000000-50000000
ForkPoolWorker-24 countReadsInRegions_worker: processing 5000000 (12195374.7 per sec) @ chr15:45000000-50000000
ForkPoolWorker-24,  processing 53 (74025.3 per sec) reads @ chr18:30000000-35000000
ForkPoolWorker-24 countReadsInRegions_worker: processing 5000000 (12174510.7 per sec) @ chr18:30000000-35000000
ForkPoolWorker-24,  processing 72 (75328.0 per sec) reads @ chr5:140000000-145000000
ForkPoolWorker-24 countReadsInRegions_worker: processing 5000000 (11990241.6 per sec) @ chr5:140000000-145000000
ForkPoolWorker-24,  processing 5 (11232.7 per sec) reads @ chr4:175000000-180000000
ForkPoolWorker-24 countReadsInRegions_worker: processing 5000000 (12273671.9 per sec) @ chr4:175000000-180000000
ForkPoolWorker-24,  processing 24 (40953.3 per sec) reads @ chr3:135000000-140000000
ForkPoolWorker-24 countReadsInRegions_worker: processing 5000000 (12324023.7 per sec) @ chr3:135000000-140000000
ForkPoolWorker-8,  processing 76 (19899.3 per sec) reads @ chr11:15000000-20000000
ForkPoolWorker-8 countReadsInRegions_worker: processing 5000000 (10029272.6 per sec) @ chr11:15000000-20000000
ForkPoolWorker-8,  processing 41 (23457.4 per sec) reads @ chr1:85000000-90000000
ForkPoolWorker-8 countReadsInRegions_worker: processing 5000000 (10988989.8 per sec) @ chr1:85000000-90000000
ForkPoolWorker-8,  processing 24 (46474.3 per sec) reads @ chr8:0-5000000
ForkPoolWorker-8 countReadsInRegions_worker: processing 5000000 (11151030.5 per sec) @ chr8:0-5000000
ForkPoolWorker-8,  processing 495 (137915.5 per sec) reads @ chr17:75000000-80000000
ForkPoolWorker-8 countReadsInRegions_worker: processing 5000000 (11255603.9 per sec) @ chr17:75000000-80000000
ForkPoolWorker-8,  processing 4 (10064.3 per sec) reads @ chr4:95000000-100000000
ForkPoolWorker-8 countReadsInRegions_worker: processing 5000000 (11481058.7 per sec) @ chr4:95000000-100000000
ForkPoolWorker-8,  processing 0 (0.0 per sec) reads @ chr9:50000000-55000000
ForkPoolWorker-8 countReadsInRegions_worker: processing 5000000 (11561308.5 per sec) @ chr9:50000000-55000000
ForkPoolWorker-8,  processing 18 (27255.4 per sec) reads @ chr5:35000000-40000000
ForkPoolWorker-8 countReadsInRegions_worker: processing 5000000 (11806520.0 per sec) @ chr5:35000000-40000000
ForkPoolWorker-8,  processing 34 (53450.7 per sec) reads @ chr6:110000000-115000000
ForkPoolWorker-8 countReadsInRegions_worker: processing 5000000 (11883456.5 per sec) @ chr6:110000000-115000000
ForkPoolWorker-8,  processing 136 (94849.6 per sec) reads @ chr11:45000000-50000000
ForkPoolWorker-8 countReadsInRegions_worker: processing 5000000 (11883705.7 per sec) @ chr11:45000000-50000000
ForkPoolWorker-8,  processing 12 (26504.3 per sec) reads @ chr10:60000000-65000000
ForkPoolWorker-8 countReadsInRegions_worker: processing 5000000 (11845512.3 per sec) @ chr10:60000000-65000000
ForkPoolWorker-8,  processing 0 (0.0 per sec) reads @ chrUn_KI270394v1:0-970
ForkPoolWorker-8 countReadsInRegions_worker: processing 970 (223015.7 per sec) @ chrUn_KI270394v1:0-970
ForkPoolWorker-8,  processing 0 (0.0 per sec) reads @ chr9:45000000-50000000
ForkPoolWorker-8 countReadsInRegions_worker: processing 5000000 (11935221.0 per sec) @ chr9:45000000-50000000
ForkPoolWorker-8,  processing 15 (29662.7 per sec) reads @ chr9:25000000-30000000
ForkPoolWorker-8 countReadsInRegions_worker: processing 5000000 (11902394.9 per sec) @ chr9:25000000-30000000
ForkPoolWorker-8,  processing 866 (141702.8 per sec) reads @ chr19:45000000-50000000
ForkPoolWorker-8 countReadsInRegions_worker: processing 5000000 (11806991.9 per sec) @ chr19:45000000-50000000
ForkPoolWorker-8,  processing 30 (50191.1 per sec) reads @ chr8:80000000-85000000
ForkPoolWorker-8 countReadsInRegions_worker: processing 5000000 (11886460.5 per sec) @ chr8:80000000-85000000
ForkPoolWorker-18,  processing 28 (5907.5 per sec) reads @ chr12:100000000-105000000
ForkPoolWorker-18 countReadsInRegions_worker: processing 5000000 (10040811.5 per sec) @ chr12:100000000-105000000
ForkPoolWorker-18,  processing 16 (28244.5 per sec) reads @ chr5:30000000-35000000
ForkPoolWorker-18 countReadsInRegions_worker: processing 5000000 (10811533.1 per sec) @ chr5:30000000-35000000
ForkPoolWorker-18,  processing 11 (19524.9 per sec) reads @ chr11:80000000-85000000
ForkPoolWorker-18 countReadsInRegions_worker: processing 5000000 (11224170.1 per sec) @ chr11:80000000-85000000
ForkPoolWorker-18,  processing 34 (58373.4 per sec) reads @ chr5:165000000-170000000
ForkPoolWorker-18 countReadsInRegions_worker: processing 5000000 (11541749.3 per sec) @ chr5:165000000-170000000
ForkPoolWorker-18,  processing 52 (64757.7 per sec) reads @ chr5:75000000-80000000
ForkPoolWorker-18 countReadsInRegions_worker: processing 5000000 (11662695.0 per sec) @ chr5:75000000-80000000
ForkPoolWorker-18,  processing 56 (71435.8 per sec) reads @ chr6:85000000-90000000
ForkPoolWorker-18 countReadsInRegions_worker: processing 5000000 (11665270.5 per sec) @ chr6:85000000-90000000
ForkPoolWorker-18,  processing 27 (46931.7 per sec) reads @ chrX:20000000-25000000
ForkPoolWorker-18 countReadsInRegions_worker: processing 5000000 (11695195.2 per sec) @ chrX:20000000-25000000
ForkPoolWorker-18,  processing 0 (0.0 per sec) reads @ chrUn_KI270392v1:0-971
ForkPoolWorker-18 countReadsInRegions_worker: processing 971 (228416.7 per sec) @ chrUn_KI270392v1:0-971
ForkPoolWorker-18,  processing 85 (74243.2 per sec) reads @ chr16:15000000-20000000
ForkPoolWorker-18 countReadsInRegions_worker: processing 5000000 (11654437.9 per sec) @ chr16:15000000-20000000
ForkPoolWorker-18,  processing 89 (89091.4 per sec) reads @ chr14:95000000-100000000
ForkPoolWorker-18 countReadsInRegions_worker: processing 5000000 (11767162.8 per sec) @ chr14:95000000-100000000
ForkPoolWorker-18,  processing 15 (31254.1 per sec) reads @ chr10:20000000-25000000
ForkPoolWorker-18 countReadsInRegions_worker: processing 5000000 (11846462.4 per sec) @ chr10:20000000-25000000
ForkPoolWorker-18,  processing 170 (105853.9 per sec) reads @ chr7:70000000-75000000
ForkPoolWorker-18 countReadsInRegions_worker: processing 5000000 (11745736.9 per sec) @ chr7:70000000-75000000
ForkPoolWorker-18,  processing 87 (86143.6 per sec) reads @ chr1:180000000-185000000
ForkPoolWorker-18 countReadsInRegions_worker: processing 5000000 (11820308.3 per sec) @ chr1:180000000-185000000
ForkPoolWorker-18,  processing 152 (110837.0 per sec) reads @ chr5:135000000-140000000
ForkPoolWorker-18 countReadsInRegions_worker: processing 5000000 (12064926.1 per sec) @ chr5:135000000-140000000
ForkPoolWorker-18,  processing 106 (98144.9 per sec) reads @ chr21:30000000-35000000
ForkPoolWorker-18 countReadsInRegions_worker: processing 5000000 (12180443.4 per sec) @ chr21:30000000-35000000
ForkPoolWorker-6,  processing 9 (889.5 per sec) reads @ chr7:110000000-115000000
ForkPoolWorker-6 countReadsInRegions_worker: processing 5000000 (9747612.3 per sec) @ chr7:110000000-115000000
ForkPoolWorker-6,  processing 1 (1890.2 per sec) reads @ chr9:100000000-105000000
ForkPoolWorker-6 countReadsInRegions_worker: processing 5000000 (11177263.8 per sec) @ chr9:100000000-105000000
ForkPoolWorker-6,  processing 419 (153485.9 per sec) reads @ chr15:80000000-85000000
ForkPoolWorker-6 countReadsInRegions_worker: processing 5000000 (11356066.2 per sec) @ chr15:80000000-85000000
ForkPoolWorker-6,  processing 0 (0.0 per sec) reads @ chrUn_KI270425v1:0-1884
ForkPoolWorker-6 countReadsInRegions_worker: processing 1884 (461920.2 per sec) @ chrUn_KI270425v1:0-1884
ForkPoolWorker-6,  processing 5 (12423.9 per sec) reads @ chrX:80000000-85000000
ForkPoolWorker-6 countReadsInRegions_worker: processing 5000000 (11562895.8 per sec) @ chrX:80000000-85000000
ForkPoolWorker-6,  processing 0 (0.0 per sec) reads @ chrUn_KI270317v1:0-37690
ForkPoolWorker-6 countReadsInRegions_worker: processing 37690 (5664241.6 per sec) @ chrUn_KI270317v1:0-37690
ForkPoolWorker-6,  processing 4 (13127.7 per sec) reads @ chrUn_GL000195v1:0-182896
ForkPoolWorker-6 countReadsInRegions_worker: processing 182896 (9629582.4 per sec) @ chrUn_GL000195v1:0-182896
ForkPoolWorker-6,  processing 0 (0.0 per sec) reads @ chrUn_GL000216v2:0-176608
ForkPoolWorker-6 countReadsInRegions_worker: processing 176608 (10209041.6 per sec) @ chrUn_GL000216v2:0-176608
ForkPoolWorker-6,  processing 10 (18624.8 per sec) reads @ chr6:70000000-75000000
ForkPoolWorker-6 countReadsInRegions_worker: processing 5000000 (11892749.6 per sec) @ chr6:70000000-75000000
ForkPoolWorker-6,  processing 709 (137521.3 per sec) reads @ chr6:30000000-35000000
ForkPoolWorker-6 countReadsInRegions_worker: processing 5000000 (11687575.9 per sec) @ chr6:30000000-35000000
ForkPoolWorker-6,  processing 28 (46733.2 per sec) reads @ chr5:115000000-120000000
ForkPoolWorker-6 countReadsInRegions_worker: processing 5000000 (11895832.5 per sec) @ chr5:115000000-120000000
ForkPoolWorker-6,  processing 11 (21163.9 per sec) reads @ chrX:75000000-80000000
ForkPoolWorker-6 countReadsInRegions_worker: processing 5000000 (11709345.6 per sec) @ chrX:75000000-80000000
ForkPoolWorker-6,  processing 27 (44515.0 per sec) reads @ chr7:20000000-25000000
ForkPoolWorker-6 countReadsInRegions_worker: processing 5000000 (11547888.6 per sec) @ chr7:20000000-25000000
ForkPoolWorker-6,  processing 0 (0.0 per sec) reads @ chr8:145000000-145138636
ForkPoolWorker-6 countReadsInRegions_worker: processing 138636 (9647622.9 per sec) @ chr8:145000000-145138636
ForkPoolWorker-6,  processing 9 (18477.1 per sec) reads @ chr4:60000000-65000000
ForkPoolWorker-6 countReadsInRegions_worker: processing 5000000 (11927204.4 per sec) @ chr4:60000000-65000000
ForkPoolWorker-6,  processing 33 (59429.8 per sec) reads @ chr1_KI270713v1_random:0-40745
ForkPoolWorker-6 countReadsInRegions_worker: processing 40745 (5537274.9 per sec) @ chr1_KI270713v1_random:0-40745
ForkPoolWorker-6,  processing 0 (0.0 per sec) reads @ chr5_GL000208v1_random:0-92689
ForkPoolWorker-6 countReadsInRegions_worker: processing 92689 (8361814.5 per sec) @ chr5_GL000208v1_random:0-92689
ForkPoolWorker-6,  processing 27 (43439.3 per sec) reads @ chr13:100000000-105000000
ForkPoolWorker-6 countReadsInRegions_worker: processing 5000000 (12011076.7 per sec) @ chr13:100000000-105000000
ForkPoolWorker-6,  processing 10 (19293.0 per sec) reads @ chr11:85000000-90000000
ForkPoolWorker-6 countReadsInRegions_worker: processing 5000000 (11939236.7 per sec) @ chr11:85000000-90000000
ForkPoolWorker-6,  processing 20 (32363.5 per sec) reads @ chr3:20000000-25000000
ForkPoolWorker-6 countReadsInRegions_worker: processing 5000000 (12032619.4 per sec) @ chr3:20000000-25000000
ForkPoolWorker-19,  processing 516 (104756.1 per sec) reads @ chr1:25000000-30000000
ForkPoolWorker-19 countReadsInRegions_worker: processing 5000000 (10716902.1 per sec) @ chr1:25000000-30000000
ForkPoolWorker-19,  processing 5 (10517.3 per sec) reads @ chr6:60000000-65000000
ForkPoolWorker-19 countReadsInRegions_worker: processing 5000000 (11178926.1 per sec) @ chr6:60000000-65000000
ForkPoolWorker-19,  processing 243 (121479.8 per sec) reads @ chr16:70000000-75000000
ForkPoolWorker-19 countReadsInRegions_worker: processing 5000000 (11361529.4 per sec) @ chr16:70000000-75000000
ForkPoolWorker-19,  processing 112 (97521.7 per sec) reads @ chr6:105000000-110000000
ForkPoolWorker-19 countReadsInRegions_worker: processing 5000000 (11703105.3 per sec) @ chr6:105000000-110000000
ForkPoolWorker-19,  processing 204 (113902.8 per sec) reads @ chr6:40000000-45000000
ForkPoolWorker-19 countReadsInRegions_worker: processing 5000000 (11892459.6 per sec) @ chr6:40000000-45000000
ForkPoolWorker-19,  processing 0 (0.0 per sec) reads @ chrUn_KI270391v1:0-1484
ForkPoolWorker-19 countReadsInRegions_worker: processing 1484 (350726.7 per sec) @ chrUn_KI270391v1:0-1484
ForkPoolWorker-19,  processing 0 (0.0 per sec) reads @ chrUn_KI270590v1:0-4685
ForkPoolWorker-19 countReadsInRegions_worker: processing 4685 (1153390.5 per sec) @ chrUn_KI270590v1:0-4685
ForkPoolWorker-19,  processing 0 (0.0 per sec) reads @ chr1_KI270714v1_random:0-41717
ForkPoolWorker-19 countReadsInRegions_worker: processing 41717 (6079066.8 per sec) @ chr1_KI270714v1_random:0-41717
ForkPoolWorker-19,  processing 0 (0.0 per sec) reads @ chrUn_KI270385v1:0-990
ForkPoolWorker-19 countReadsInRegions_worker: processing 990 (260663.0 per sec) @ chrUn_KI270385v1:0-990
ForkPoolWorker-19,  processing 60 (64726.9 per sec) reads @ chr7:30000000-35000000
ForkPoolWorker-19 countReadsInRegions_worker: processing 5000000 (11726657.3 per sec) @ chr7:30000000-35000000
ForkPoolWorker-19,  processing 51 (64295.0 per sec) reads @ chrX:15000000-20000000
ForkPoolWorker-19 countReadsInRegions_worker: processing 5000000 (11947582.6 per sec) @ chrX:15000000-20000000
ForkPoolWorker-19,  processing 60 (75482.4 per sec) reads @ chr17:65000000-70000000
ForkPoolWorker-19 countReadsInRegions_worker: processing 5000000 (12026747.1 per sec) @ chr17:65000000-70000000
ForkPoolWorker-19,  processing 0 (0.0 per sec) reads @ chrUn_KI270757v1:0-71251
ForkPoolWorker-19 countReadsInRegions_worker: processing 71251 (7696128.2 per sec) @ chrUn_KI270757v1:0-71251
ForkPoolWorker-19,  processing 44 (67011.4 per sec) reads @ chr4:115000000-120000000
ForkPoolWorker-19 countReadsInRegions_worker: processing 5000000 (12015219.3 per sec) @ chr4:115000000-120000000
ForkPoolWorker-19,  processing 3 (7979.0 per sec) reads @ chr3:155000000-160000000
ForkPoolWorker-19 countReadsInRegions_worker: processing 5000000 (12037398.8 per sec) @ chr3:155000000-160000000
ForkPoolWorker-19,  processing 56 (61487.2 per sec) reads @ chr1:110000000-115000000
ForkPoolWorker-19 countReadsInRegions_worker: processing 5000000 (11932083.7 per sec) @ chr1:110000000-115000000
ForkPoolWorker-19,  processing 108 (104110.5 per sec) reads @ chr21:15000000-20000000
ForkPoolWorker-19 countReadsInRegions_worker: processing 5000000 (12074331.5 per sec) @ chr21:15000000-20000000
ForkPoolWorker-19,  processing 0 (0.0 per sec) reads @ chr14_GL000009v2_random:0-201709
ForkPoolWorker-19 countReadsInRegions_worker: processing 201709 (9787243.1 per sec) @ chr14_GL000009v2_random:0-201709
ForkPoolWorker-19,  processing 6 (14529.9 per sec) reads @ chr18:65000000-70000000
ForkPoolWorker-19 countReadsInRegions_worker: processing 5000000 (11968283.2 per sec) @ chr18:65000000-70000000
ForkPoolWorker-19,  processing 91 (92038.0 per sec) reads @ chr12:125000000-130000000
ForkPoolWorker-19 countReadsInRegions_worker: processing 5000000 (12169932.6 per sec) @ chr12:125000000-130000000
ForkPoolWorker-17,  processing 9 (4212.1 per sec) reads @ chr9:115000000-120000000
ForkPoolWorker-17 countReadsInRegions_worker: processing 5000000 (9975408.1 per sec) @ chr9:115000000-120000000
ForkPoolWorker-17,  processing 515 (132853.6 per sec) reads @ chr4:0-5000000
ForkPoolWorker-17 countReadsInRegions_worker: processing 5000000 (10707326.7 per sec) @ chr4:0-5000000
ForkPoolWorker-17,  processing 72 (78357.5 per sec) reads @ chr17:30000000-35000000
ForkPoolWorker-17 countReadsInRegions_worker: processing 5000000 (11314917.1 per sec) @ chr17:30000000-35000000
ForkPoolWorker-17,  processing 216 (117384.0 per sec) reads @ chr2:215000000-220000000
ForkPoolWorker-17 countReadsInRegions_worker: processing 5000000 (11694667.0 per sec) @ chr2:215000000-220000000
ForkPoolWorker-17,  processing 130 (90559.6 per sec) reads @ chr1:200000000-205000000
ForkPoolWorker-17 countReadsInRegions_worker: processing 5000000 (11956976.3 per sec) @ chr1:200000000-205000000
ForkPoolWorker-17,  processing 34 (56567.4 per sec) reads @ chr7:130000000-135000000
ForkPoolWorker-17 countReadsInRegions_worker: processing 5000000 (11846094.4 per sec) @ chr7:130000000-135000000
ForkPoolWorker-17,  processing 150 (107015.8 per sec) reads @ chr8:20000000-25000000
ForkPoolWorker-17 countReadsInRegions_worker: processing 5000000 (11847593.5 per sec) @ chr8:20000000-25000000
ForkPoolWorker-17,  processing 0 (0.0 per sec) reads @ chrUn_KI270304v1:0-2165
ForkPoolWorker-17 countReadsInRegions_worker: processing 2165 (505886.8 per sec) @ chrUn_KI270304v1:0-2165
ForkPoolWorker-17,  processing 14 (30872.9 per sec) reads @ chr2:160000000-165000000
ForkPoolWorker-17 countReadsInRegions_worker: processing 5000000 (11868324.9 per sec) @ chr2:160000000-165000000
ForkPoolWorker-17,  processing 39 (53248.0 per sec) reads @ chr14:30000000-35000000
ForkPoolWorker-17 countReadsInRegions_worker: processing 5000000 (11784811.6 per sec) @ chr14:30000000-35000000
ForkPoolWorker-17,  processing 6 (14673.9 per sec) reads @ chr9:40000000-45000000
ForkPoolWorker-17 countReadsInRegions_worker: processing 5000000 (11902259.8 per sec) @ chr9:40000000-45000000
ForkPoolWorker-17,  processing 357 (125491.7 per sec) reads @ chr22:20000000-25000000
ForkPoolWorker-17 countReadsInRegions_worker: processing 5000000 (11826474.2 per sec) @ chr22:20000000-25000000
ForkPoolWorker-17,  processing 63 (78830.9 per sec) reads @ chr2:120000000-125000000
ForkPoolWorker-17 countReadsInRegions_worker: processing 5000000 (12032294.9 per sec) @ chr2:120000000-125000000
ForkPoolWorker-17,  processing 114 (107304.9 per sec) reads @ chr7:75000000-80000000
ForkPoolWorker-17 countReadsInRegions_worker: processing 5000000 (12186452.6 per sec) @ chr7:75000000-80000000
ForkPoolWorker-17,  processing 177 (100527.0 per sec) reads @ chr20:35000000-40000000
ForkPoolWorker-17 countReadsInRegions_worker: processing 5000000 (12262074.8 per sec) @ chr20:35000000-40000000
ForkPoolWorker-40,  processing 0 (0.0 per sec) reads @ chrUn_KI270423v1:0-981
ForkPoolWorker-40 countReadsInRegions_worker: processing 981 (89588.3 per sec) @ chrUn_KI270423v1:0-981
ForkPoolWorker-40,  processing 55 (32847.3 per sec) reads @ chr2:60000000-65000000
ForkPoolWorker-40 countReadsInRegions_worker: processing 5000000 (10561443.3 per sec) @ chr2:60000000-65000000
ForkPoolWorker-40,  processing 55 (63253.8 per sec) reads @ chr12:10000000-15000000
ForkPoolWorker-40 countReadsInRegions_worker: processing 5000000 (11511055.5 per sec) @ chr12:10000000-15000000
ForkPoolWorker-40,  processing 84 (89786.3 per sec) reads @ chr13:95000000-100000000
ForkPoolWorker-40 countReadsInRegions_worker: processing 5000000 (11835010.4 per sec) @ chr13:95000000-100000000
ForkPoolWorker-40,  processing 14 (27790.0 per sec) reads @ chr6:170000000-170805979
ForkPoolWorker-40 countReadsInRegions_worker: processing 805979 (10917232.2 per sec) @ chr6:170000000-170805979
ForkPoolWorker-40,  processing 221 (109244.7 per sec) reads @ chr17:45000000-50000000
ForkPoolWorker-40 countReadsInRegions_worker: processing 5000000 (12304702.7 per sec) @ chr17:45000000-50000000
ForkPoolWorker-40,  processing 9 (18780.5 per sec) reads @ chr2:185000000-190000000
ForkPoolWorker-40 countReadsInRegions_worker: processing 5000000 (12370075.0 per sec) @ chr2:185000000-190000000
ForkPoolWorker-40,  processing 0 (0.0 per sec) reads @ chrUn_KI270468v1:0-4055
ForkPoolWorker-40 countReadsInRegions_worker: processing 4055 (828441.4 per sec) @ chrUn_KI270468v1:0-4055
ForkPoolWorker-40,  processing 0 (0.0 per sec) reads @ chr9_KI270720v1_random:0-39050
ForkPoolWorker-40 countReadsInRegions_worker: processing 39050 (5352185.2 per sec) @ chr9_KI270720v1_random:0-39050
ForkPoolWorker-40,  processing 12 (18524.7 per sec) reads @ chr9:0-5000000
ForkPoolWorker-40 countReadsInRegions_worker: processing 5000000 (12387984.6 per sec) @ chr9:0-5000000
ForkPoolWorker-40,  processing 4 (7076.0 per sec) reads @ chr12:35000000-40000000
ForkPoolWorker-40 countReadsInRegions_worker: processing 5000000 (12322061.4 per sec) @ chr12:35000000-40000000
ForkPoolWorker-40,  processing 210 (109280.9 per sec) reads @ chr9:35000000-40000000
ForkPoolWorker-40 countReadsInRegions_worker: processing 5000000 (12163304.7 per sec) @ chr9:35000000-40000000
ForkPoolWorker-40,  processing 33 (49610.0 per sec) reads @ chr10:5000000-10000000
ForkPoolWorker-40 countReadsInRegions_worker: processing 5000000 (12127481.4 per sec) @ chr10:5000000-10000000
ForkPoolWorker-40,  processing 0 (0.0 per sec) reads @ chrUn_KI270386v1:0-1788
ForkPoolWorker-40 countReadsInRegions_worker: processing 1788 (382174.8 per sec) @ chrUn_KI270386v1:0-1788
ForkPoolWorker-40,  processing 51 (65818.3 per sec) reads @ chr20:25000000-30000000
ForkPoolWorker-40 countReadsInRegions_worker: processing 5000000 (12237810.6 per sec) @ chr20:25000000-30000000
ForkPoolWorker-40,  processing 218 (109333.8 per sec) reads @ chr22:45000000-50000000
ForkPoolWorker-40 countReadsInRegions_worker: processing 5000000 (12155768.0 per sec) @ chr22:45000000-50000000
ForkPoolWorker-40,  processing 18 (37081.3 per sec) reads @ chr9:15000000-20000000
ForkPoolWorker-40 countReadsInRegions_worker: processing 5000000 (12295353.2 per sec) @ chr9:15000000-20000000
ForkPoolWorker-40,  processing 0 (0.0 per sec) reads @ chr22_KI270732v1_random:0-41543
ForkPoolWorker-40 countReadsInRegions_worker: processing 41543 (5804456.2 per sec) @ chr22_KI270732v1_random:0-41543
ForkPoolWorker-40,  processing 5 (12527.8 per sec) reads @ chr14:40000000-45000000
ForkPoolWorker-40 countReadsInRegions_worker: processing 5000000 (12360276.2 per sec) @ chr14:40000000-45000000
ForkPoolWorker-40,  processing 72 (90578.9 per sec) reads @ chr2:30000000-35000000
ForkPoolWorker-40 countReadsInRegions_worker: processing 5000000 (12361376.4 per sec) @ chr2:30000000-35000000
ForkPoolWorker-14,  processing 0 (0.0 per sec) reads @ chrUn_KI270411v1:0-2646
ForkPoolWorker-14 countReadsInRegions_worker: processing 2646 (155062.4 per sec) @ chrUn_KI270411v1:0-2646
ForkPoolWorker-14,  processing 2 (2020.4 per sec) reads @ chrX:25000000-30000000
ForkPoolWorker-14 countReadsInRegions_worker: processing 5000000 (10221682.8 per sec) @ chrX:25000000-30000000
ForkPoolWorker-14,  processing 7 (15363.8 per sec) reads @ chr7:120000000-125000000
ForkPoolWorker-14 countReadsInRegions_worker: processing 5000000 (10836477.2 per sec) @ chr7:120000000-125000000
ForkPoolWorker-14,  processing 19 (38610.4 per sec) reads @ chr1:80000000-85000000
ForkPoolWorker-14 countReadsInRegions_worker: processing 5000000 (11225756.2 per sec) @ chr1:80000000-85000000
ForkPoolWorker-14,  processing 105 (95552.6 per sec) reads @ chr7:135000000-140000000
ForkPoolWorker-14 countReadsInRegions_worker: processing 5000000 (11491867.2 per sec) @ chr7:135000000-140000000
ForkPoolWorker-14,  processing 87 (90930.6 per sec) reads @ chr11:55000000-60000000
ForkPoolWorker-14 countReadsInRegions_worker: processing 5000000 (11752108.4 per sec) @ chr11:55000000-60000000
ForkPoolWorker-14,  processing 0 (0.0 per sec) reads @ chrUn_KI270584v1:0-4513
ForkPoolWorker-14 countReadsInRegions_worker: processing 4513 (637637.1 per sec) @ chrUn_KI270584v1:0-4513
ForkPoolWorker-14,  processing 157 (114244.6 per sec) reads @ chr8:35000000-40000000
ForkPoolWorker-14 countReadsInRegions_worker: processing 5000000 (11619671.4 per sec) @ chr8:35000000-40000000
ForkPoolWorker-14,  processing 0 (0.0 per sec) reads @ chrUn_KI270593v1:0-3041
ForkPoolWorker-14 countReadsInRegions_worker: processing 3041 (718463.3 per sec) @ chrUn_KI270593v1:0-3041
ForkPoolWorker-14,  processing 170 (98308.5 per sec) reads @ chr17:25000000-30000000
ForkPoolWorker-14 countReadsInRegions_worker: processing 5000000 (11721499.0 per sec) @ chr17:25000000-30000000
ForkPoolWorker-14,  processing 81 (92270.1 per sec) reads @ chr16:10000000-15000000
ForkPoolWorker-14 countReadsInRegions_worker: processing 5000000 (11740377.9 per sec) @ chr16:10000000-15000000
ForkPoolWorker-14,  processing 17 (33665.3 per sec) reads @ chr2:65000000-70000000
ForkPoolWorker-14 countReadsInRegions_worker: processing 5000000 (11779754.2 per sec) @ chr2:65000000-70000000
ForkPoolWorker-14,  processing 64 (79418.8 per sec) reads @ chr6:135000000-140000000
ForkPoolWorker-14 countReadsInRegions_worker: processing 5000000 (11826294.1 per sec) @ chr6:135000000-140000000
ForkPoolWorker-14,  processing 84 (81954.3 per sec) reads @ chr15:95000000-100000000
ForkPoolWorker-14 countReadsInRegions_worker: processing 5000000 (11842970.3 per sec) @ chr15:95000000-100000000
ForkPoolWorker-14,  processing 0 (0.0 per sec) reads @ chrY_KI270740v1_random:0-37240
ForkPoolWorker-14 countReadsInRegions_worker: processing 37240 (5563918.4 per sec) @ chrY_KI270740v1_random:0-37240
ForkPoolWorker-14,  processing 0 (0.0 per sec) reads @ chrUn_KI270438v1:0-112505
ForkPoolWorker-14 countReadsInRegions_worker: processing 112505 (8720757.2 per sec) @ chrUn_KI270438v1:0-112505
ForkPoolWorker-14,  processing 474 (130727.3 per sec) reads @ chr21:45000000-46709983
ForkPoolWorker-14 countReadsInRegions_worker: processing 1709983 (11734659.3 per sec) @ chr21:45000000-46709983
ForkPoolWorker-14,  processing 22 (41120.6 per sec) reads @ chr7:90000000-95000000
ForkPoolWorker-14 countReadsInRegions_worker: processing 5000000 (12271136.8 per sec) @ chr7:90000000-95000000
ForkPoolWorker-14,  processing 25 (40423.1 per sec) reads @ chr3:15000000-20000000
ForkPoolWorker-14 countReadsInRegions_worker: processing 5000000 (11990111.3 per sec) @ chr3:15000000-20000000
ForkPoolWorker-14,  processing 11 (23955.0 per sec) reads @ chr12:25000000-30000000
ForkPoolWorker-14 countReadsInRegions_worker: processing 5000000 (12226601.9 per sec) @ chr12:25000000-30000000
ForkPoolWorker-3,  processing 43 (4835.5 per sec) reads @ chr20:50000000-55000000
ForkPoolWorker-3 countReadsInRegions_worker: processing 5000000 (10057106.0 per sec) @ chr20:50000000-55000000
ForkPoolWorker-3,  processing 34 (33546.5 per sec) reads @ chr10:80000000-85000000
ForkPoolWorker-3 countReadsInRegions_worker: processing 5000000 (11185162.6 per sec) @ chr10:80000000-85000000
ForkPoolWorker-3,  processing 166 (100166.1 per sec) reads @ chr3:10000000-15000000
ForkPoolWorker-3 countReadsInRegions_worker: processing 5000000 (11501308.3 per sec) @ chr3:10000000-15000000
ForkPoolWorker-3,  processing 11 (26607.5 per sec) reads @ chr4:30000000-35000000
ForkPoolWorker-3 countReadsInRegions_worker: processing 5000000 (11410588.2 per sec) @ chr4:30000000-35000000
ForkPoolWorker-3,  processing 48 (68408.6 per sec) reads @ chr18:5000000-10000000
ForkPoolWorker-3 countReadsInRegions_worker: processing 5000000 (11524351.9 per sec) @ chr18:5000000-10000000
ForkPoolWorker-3,  processing 33 (55721.4 per sec) reads @ chr7:50000000-55000000
ForkPoolWorker-3 countReadsInRegions_worker: processing 5000000 (11681957.4 per sec) @ chr7:50000000-55000000
ForkPoolWorker-3,  processing 39 (47787.9 per sec) reads @ chr2:130000000-135000000
ForkPoolWorker-3 countReadsInRegions_worker: processing 5000000 (11938958.0 per sec) @ chr2:130000000-135000000
ForkPoolWorker-3,  processing 30 (49075.3 per sec) reads @ chr8:120000000-125000000
ForkPoolWorker-3 countReadsInRegions_worker: processing 5000000 (11975671.2 per sec) @ chr8:120000000-125000000
ForkPoolWorker-3,  processing 0 (0.0 per sec) reads @ chrY:25000000-30000000
ForkPoolWorker-3 countReadsInRegions_worker: processing 5000000 (11844448.5 per sec) @ chrY:25000000-30000000
ForkPoolWorker-3,  processing 11 (24502.0 per sec) reads @ chr7:15000000-20000000
ForkPoolWorker-3 countReadsInRegions_worker: processing 5000000 (11800281.9 per sec) @ chr7:15000000-20000000
ForkPoolWorker-3,  processing 3 (7626.0 per sec) reads @ chr9:60000000-65000000
ForkPoolWorker-3 countReadsInRegions_worker: processing 5000000 (12011489.4 per sec) @ chr9:60000000-65000000
ForkPoolWorker-3,  processing 105 (104459.7 per sec) reads @ chr1:115000000-120000000
ForkPoolWorker-3 countReadsInRegions_worker: processing 5000000 (12010161.8 per sec) @ chr1:115000000-120000000
ForkPoolWorker-3,  processing 57 (69680.9 per sec) reads @ chr2:0-5000000
ForkPoolWorker-3 countReadsInRegions_worker: processing 5000000 (12075868.0 per sec) @ chr2:0-5000000
ForkPoolWorker-3,  processing 49 (68920.5 per sec) reads @ chr3:140000000-145000000
ForkPoolWorker-3 countReadsInRegions_worker: processing 5000000 (12102202.8 per sec) @ chr3:140000000-145000000
ForkPoolWorker-3,  processing 372 (131193.2 per sec) reads @ chr12:130000000-133275309
ForkPoolWorker-3 countReadsInRegions_worker: processing 3275309 (12059798.1 per sec) @ chr12:130000000-133275309
ForkPoolWorker-29,  processing 178 (21285.4 per sec) reads @ chr20:30000000-35000000
ForkPoolWorker-29 countReadsInRegions_worker: processing 5000000 (10148986.2 per sec) @ chr20:30000000-35000000
ForkPoolWorker-29,  processing 36 (57565.7 per sec) reads @ chr3:190000000-195000000
ForkPoolWorker-29 countReadsInRegions_worker: processing 5000000 (10996561.3 per sec) @ chr3:190000000-195000000
ForkPoolWorker-29,  processing 0 (0.0 per sec) reads @ chrUn_KI270749v1:0-158759
ForkPoolWorker-29 countReadsInRegions_worker: processing 158759 (9030765.7 per sec) @ chrUn_KI270749v1:0-158759
ForkPoolWorker-29,  processing 0 (0.0 per sec) reads @ chrUn_KI270511v1:0-8127
ForkPoolWorker-29 countReadsInRegions_worker: processing 8127 (1690493.4 per sec) @ chrUn_KI270511v1:0-8127
ForkPoolWorker-29,  processing 595 (130319.1 per sec) reads @ chr3:45000000-50000000
ForkPoolWorker-29 countReadsInRegions_worker: processing 5000000 (11925705.5 per sec) @ chr3:45000000-50000000
ForkPoolWorker-29,  processing 133 (111101.9 per sec) reads @ chr5:180000000-181538259
ForkPoolWorker-29 countReadsInRegions_worker: processing 1538259 (11652343.5 per sec) @ chr5:180000000-181538259
ForkPoolWorker-29,  processing 48 (66466.4 per sec) reads @ chr16:75000000-80000000
ForkPoolWorker-29 countReadsInRegions_worker: processing 5000000 (12182778.4 per sec) @ chr16:75000000-80000000
ForkPoolWorker-29,  processing 0 (0.0 per sec) reads @ chrUn_KI270389v1:0-1298
ForkPoolWorker-29 countReadsInRegions_worker: processing 1298 (291883.3 per sec) @ chrUn_KI270389v1:0-1298
ForkPoolWorker-29,  processing 0 (0.0 per sec) reads @ chrUn_KI270422v1:0-1445
ForkPoolWorker-29 countReadsInRegions_worker: processing 1445 (376796.3 per sec) @ chrUn_KI270422v1:0-1445
ForkPoolWorker-29,  processing 21 (40366.8 per sec) reads @ chr8:25000000-30000000
ForkPoolWorker-29 countReadsInRegions_worker: processing 5000000 (12223580.3 per sec) @ chr8:25000000-30000000
ForkPoolWorker-29,  processing 2 (5044.3 per sec) reads @ chr16:35000000-40000000
ForkPoolWorker-29 countReadsInRegions_worker: processing 5000000 (12096995.1 per sec) @ chr16:35000000-40000000
ForkPoolWorker-29,  processing 16 (31300.8 per sec) reads @ chr1:215000000-220000000
ForkPoolWorker-29 countReadsInRegions_worker: processing 5000000 (12144427.7 per sec) @ chr1:215000000-220000000
ForkPoolWorker-29,  processing 51 (62785.3 per sec) reads @ chr10:65000000-70000000
ForkPoolWorker-29 countReadsInRegions_worker: processing 5000000 (12237103.7 per sec) @ chr10:65000000-70000000
ForkPoolWorker-29,  processing 101 (93618.7 per sec) reads @ chr12:95000000-100000000
ForkPoolWorker-29 countReadsInRegions_worker: processing 5000000 (12200206.2 per sec) @ chr12:95000000-100000000
ForkPoolWorker-29,  processing 7 (15734.3 per sec) reads @ chr4:45000000-50000000
ForkPoolWorker-29 countReadsInRegions_worker: processing 5000000 (12077919.7 per sec) @ chr4:45000000-50000000
ForkPoolWorker-29,  processing 27 (46641.8 per sec) reads @ chr3:75000000-80000000
ForkPoolWorker-29 countReadsInRegions_worker: processing 5000000 (12236632.4 per sec) @ chr3:75000000-80000000
ForkPoolWorker-29,  processing 0 (0.0 per sec) reads @ chr15:15000000-20000000
ForkPoolWorker-29 countReadsInRegions_worker: processing 5000000 (12291274.5 per sec) @ chr15:15000000-20000000
ForkPoolWorker-29,  processing 23 (44765.2 per sec) reads @ chr5:90000000-95000000
ForkPoolWorker-29 countReadsInRegions_worker: processing 5000000 (11965469.8 per sec) @ chr5:90000000-95000000
ForkPoolWorker-29,  processing 425 (127976.1 per sec) reads @ chr22:35000000-40000000
ForkPoolWorker-29 countReadsInRegions_worker: processing 5000000 (12020267.3 per sec) @ chr22:35000000-40000000
ForkPoolWorker-29,  processing 0 (0.0 per sec) reads @ chr2_KI270716v1_random:0-153799
ForkPoolWorker-29 countReadsInRegions_worker: processing 153799 (9653558.8 per sec) @ chr2_KI270716v1_random:0-153799
ForkPoolWorker-25,  processing 133 (8583.0 per sec) reads @ chr20:55000000-60000000
ForkPoolWorker-25 countReadsInRegions_worker: processing 5000000 (9958038.7 per sec) @ chr20:55000000-60000000
ForkPoolWorker-25,  processing 34 (36754.2 per sec) reads @ chr13:50000000-55000000
ForkPoolWorker-25 countReadsInRegions_worker: processing 5000000 (10994947.0 per sec) @ chr13:50000000-55000000
ForkPoolWorker-25,  processing 0 (0.0 per sec) reads @ chrUn_KI270417v1:0-2043
ForkPoolWorker-25 countReadsInRegions_worker: processing 2043 (503168.7 per sec) @ chrUn_KI270417v1:0-2043
ForkPoolWorker-25,  processing 4585 (181088.6 per sec) reads @ chr1:145000000-150000000
ForkPoolWorker-25 countReadsInRegions_worker: processing 5000000 (10656709.6 per sec) @ chr1:145000000-150000000
ForkPoolWorker-25,  processing 0 (0.0 per sec) reads @ chrUn_KI270746v1:0-66486
ForkPoolWorker-25 countReadsInRegions_worker: processing 66486 (7133675.2 per sec) @ chrUn_KI270746v1:0-66486
ForkPoolWorker-25,  processing 0 (0.0 per sec) reads @ chrUn_KI270388v1:0-1216
ForkPoolWorker-25 countReadsInRegions_worker: processing 1216 (281239.2 per sec) @ chrUn_KI270388v1:0-1216
ForkPoolWorker-25,  processing 10 (19030.4 per sec) reads @ chr1:195000000-200000000
ForkPoolWorker-25 countReadsInRegions_worker: processing 5000000 (11532197.4 per sec) @ chr1:195000000-200000000
ForkPoolWorker-25,  processing 0 (0.0 per sec) reads @ chrUn_KI270333v1:0-2699
ForkPoolWorker-25 countReadsInRegions_worker: processing 2699 (630067.7 per sec) @ chrUn_KI270333v1:0-2699
ForkPoolWorker-25,  processing 22 (41304.7 per sec) reads @ chr14:25000000-30000000
ForkPoolWorker-25 countReadsInRegions_worker: processing 5000000 (11453212.9 per sec) @ chr14:25000000-30000000
ForkPoolWorker-25,  processing 34 (52954.5 per sec) reads @ chr12:65000000-70000000
ForkPoolWorker-25 countReadsInRegions_worker: processing 5000000 (11320786.9 per sec) @ chr12:65000000-70000000
ForkPoolWorker-25,  processing 16 (31521.3 per sec) reads @ chr3:165000000-170000000
ForkPoolWorker-25 countReadsInRegions_worker: processing 5000000 (11388887.4 per sec) @ chr3:165000000-170000000
ForkPoolWorker-25,  processing 31 (49913.0 per sec) reads @ chr14:55000000-60000000
ForkPoolWorker-25 countReadsInRegions_worker: processing 5000000 (11416737.9 per sec) @ chr14:55000000-60000000
ForkPoolWorker-25,  processing 74 (75115.8 per sec) reads @ chr1:170000000-175000000
ForkPoolWorker-25 countReadsInRegions_worker: processing 5000000 (11695482.2 per sec) @ chr1:170000000-175000000
ForkPoolWorker-25,  processing 0 (0.0 per sec) reads @ chrUn_KI270384v1:0-1658
ForkPoolWorker-25 countReadsInRegions_worker: processing 1658 (379842.5 per sec) @ chrUn_KI270384v1:0-1658
ForkPoolWorker-25,  processing 196 (102889.1 per sec) reads @ chr1:20000000-25000000
ForkPoolWorker-25 countReadsInRegions_worker: processing 5000000 (11769348.7 per sec) @ chr1:20000000-25000000
ForkPoolWorker-25,  processing 10 (20877.6 per sec) reads @ chr1:95000000-100000000
ForkPoolWorker-25 countReadsInRegions_worker: processing 5000000 (11820801.3 per sec) @ chr1:95000000-100000000
ForkPoolWorker-25,  processing 45 (65264.1 per sec) reads @ chr2:165000000-170000000
ForkPoolWorker-25 countReadsInRegions_worker: processing 5000000 (12055888.8 per sec) @ chr2:165000000-170000000
ForkPoolWorker-25,  processing 45 (58092.9 per sec) reads @ chr10:110000000-115000000
ForkPoolWorker-25 countReadsInRegions_worker: processing 5000000 (11978208.9 per sec) @ chr10:110000000-115000000
ForkPoolWorker-25,  processing 0 (0.0 per sec) reads @ chrUn_KI270745v1:0-41891
ForkPoolWorker-25 countReadsInRegions_worker: processing 41891 (6191106.0 per sec) @ chrUn_KI270745v1:0-41891
ForkPoolWorker-25,  processing 343 (148651.2 per sec) reads @ chr6:50000000-55000000
ForkPoolWorker-25 countReadsInRegions_worker: processing 5000000 (12086161.1 per sec) @ chr6:50000000-55000000
ForkPoolWorker-20,  processing 316 (45246.3 per sec) reads @ chrM:0-16569
ForkPoolWorker-20 countReadsInRegions_worker: processing 16569 (802043.0 per sec) @ chrM:0-16569
ForkPoolWorker-20,  processing 171 (50573.0 per sec) reads @ chr15:75000000-80000000
ForkPoolWorker-20 countReadsInRegions_worker: processing 5000000 (10548566.2 per sec) @ chr15:75000000-80000000
ForkPoolWorker-20,  processing 7 (5367.5 per sec) reads @ chr3:160000000-165000000
ForkPoolWorker-20 countReadsInRegions_worker: processing 5000000 (11329257.2 per sec) @ chr3:160000000-165000000
ForkPoolWorker-20,  processing 0 (0.0 per sec) reads @ chrUn_KI270373v1:0-1451
ForkPoolWorker-20 countReadsInRegions_worker: processing 1451 (364318.2 per sec) @ chrUn_KI270373v1:0-1451
ForkPoolWorker-20,  processing 36 (47707.7 per sec) reads @ chr6:125000000-130000000
ForkPoolWorker-20 countReadsInRegions_worker: processing 5000000 (11561474.2 per sec) @ chr6:125000000-130000000
ForkPoolWorker-20,  processing 367 (131722.5 per sec) reads @ chr12:45000000-50000000
ForkPoolWorker-20 countReadsInRegions_worker: processing 5000000 (11425912.7 per sec) @ chr12:45000000-50000000
ForkPoolWorker-20,  processing 0 (0.0 per sec) reads @ chrUn_KI270528v1:0-2983
ForkPoolWorker-20 countReadsInRegions_worker: processing 2983 (752713.8 per sec) @ chrUn_KI270528v1:0-2983
ForkPoolWorker-20,  processing 0 (0.0 per sec) reads @ chr3:80000000-85000000
ForkPoolWorker-20 countReadsInRegions_worker: processing 5000000 (11513596.0 per sec) @ chr3:80000000-85000000
ForkPoolWorker-20,  processing 143 (93804.4 per sec) reads @ chr2:235000000-240000000
ForkPoolWorker-20 countReadsInRegions_worker: processing 5000000 (11432278.3 per sec) @ chr2:235000000-240000000
ForkPoolWorker-20,  processing 164 (106977.6 per sec) reads @ chr14:105000000-107043718
ForkPoolWorker-20 countReadsInRegions_worker: processing 2043718 (11818783.5 per sec) @ chr14:105000000-107043718
ForkPoolWorker-20,  processing 49 (63767.0 per sec) reads @ chr12:30000000-35000000
ForkPoolWorker-20 countReadsInRegions_worker: processing 5000000 (12112184.1 per sec) @ chr12:30000000-35000000
ForkPoolWorker-20,  processing 33 (52389.1 per sec) reads @ chr8:70000000-75000000
ForkPoolWorker-20 countReadsInRegions_worker: processing 5000000 (12123968.9 per sec) @ chr8:70000000-75000000
ForkPoolWorker-20,  processing 0 (0.0 per sec) reads @ chr22:0-5000000
ForkPoolWorker-20 countReadsInRegions_worker: processing 5000000 (12223915.2 per sec) @ chr22:0-5000000
ForkPoolWorker-20,  processing 2 (4576.4 per sec) reads @ chr8:110000000-115000000
ForkPoolWorker-20 countReadsInRegions_worker: processing 5000000 (12052154.4 per sec) @ chr8:110000000-115000000
ForkPoolWorker-20,  processing 0 (0.0 per sec) reads @ chrUn_KI270412v1:0-1179
ForkPoolWorker-20 countReadsInRegions_worker: processing 1179 (247576.1 per sec) @ chrUn_KI270412v1:0-1179
ForkPoolWorker-20,  processing 104 (100531.8 per sec) reads @ chr7:40000000-45000000
ForkPoolWorker-20 countReadsInRegions_worker: processing 5000000 (12038386.9 per sec) @ chr7:40000000-45000000
ForkPoolWorker-20,  processing 40 (56054.8 per sec) reads @ chr3:30000000-35000000
ForkPoolWorker-20 countReadsInRegions_worker: processing 5000000 (12172927.8 per sec) @ chr3:30000000-35000000
ForkPoolWorker-20,  processing 25 (37596.8 per sec) reads @ chr18:0-5000000
ForkPoolWorker-20 countReadsInRegions_worker: processing 5000000 (12144491.0 per sec) @ chr18:0-5000000
ForkPoolWorker-20,  processing 130 (92558.1 per sec) reads @ chr9:110000000-115000000
ForkPoolWorker-20 countReadsInRegions_worker: processing 5000000 (12150387.4 per sec) @ chr9:110000000-115000000
ForkPoolWorker-20,  processing 288 (117016.3 per sec) reads @ chr17:15000000-20000000
ForkPoolWorker-20 countReadsInRegions_worker: processing 5000000 (12182849.2 per sec) @ chr17:15000000-20000000
ForkPoolWorker-27,  processing 0 (0.0 per sec) reads @ chrUn_KI270302v1:0-2274
ForkPoolWorker-27 countReadsInRegions_worker: processing 2274 (90218.9 per sec) @ chrUn_KI270302v1:0-2274
ForkPoolWorker-27,  processing 0 (0.0 per sec) reads @ chr22_KI270731v1_random:0-150754
ForkPoolWorker-27 countReadsInRegions_worker: processing 150754 (3817363.6 per sec) @ chr22_KI270731v1_random:0-150754
ForkPoolWorker-27,  processing 67 (42056.0 per sec) reads @ chr3:5000000-10000000
ForkPoolWorker-27 countReadsInRegions_worker: processing 5000000 (11863282.9 per sec) @ chr3:5000000-10000000
ForkPoolWorker-27,  processing 0 (0.0 per sec) reads @ chrUn_KI270755v1:0-36723
ForkPoolWorker-27 countReadsInRegions_worker: processing 36723 (3952461.5 per sec) @ chrUn_KI270755v1:0-36723
ForkPoolWorker-27,  processing 116 (89256.9 per sec) reads @ chr15:85000000-90000000
ForkPoolWorker-27 countReadsInRegions_worker: processing 5000000 (12015074.8 per sec) @ chr15:85000000-90000000
ForkPoolWorker-27,  processing 8 (12875.8 per sec) reads @ chr3:115000000-120000000
ForkPoolWorker-27 countReadsInRegions_worker: processing 5000000 (11854866.7 per sec) @ chr3:115000000-120000000
ForkPoolWorker-27,  processing 12 (25407.2 per sec) reads @ chr4:185000000-190000000
ForkPoolWorker-27 countReadsInRegions_worker: processing 5000000 (11837428.6 per sec) @ chr4:185000000-190000000
ForkPoolWorker-27,  processing 0 (0.0 per sec) reads @ chrUn_KI270393v1:0-1308
ForkPoolWorker-27 countReadsInRegions_worker: processing 1308 (328217.1 per sec) @ chrUn_KI270393v1:0-1308
ForkPoolWorker-27,  processing 10 (24357.2 per sec) reads @ chr1:100000000-105000000
ForkPoolWorker-27 countReadsInRegions_worker: processing 5000000 (11806466.8 per sec) @ chr1:100000000-105000000
ForkPoolWorker-27,  processing 19 (38075.4 per sec) reads @ chr1:75000000-80000000
ForkPoolWorker-27 countReadsInRegions_worker: processing 5000000 (11803768.8 per sec) @ chr1:75000000-80000000
ForkPoolWorker-27,  processing 181 (105763.3 per sec) reads @ chr2:25000000-30000000
ForkPoolWorker-27 countReadsInRegions_worker: processing 5000000 (11882237.8 per sec) @ chr2:25000000-30000000
ForkPoolWorker-27,  processing 66 (78464.9 per sec) reads @ chr7:140000000-145000000
ForkPoolWorker-27 countReadsInRegions_worker: processing 5000000 (11846850.6 per sec) @ chr7:140000000-145000000
ForkPoolWorker-27,  processing 0 (0.0 per sec) reads @ chr1_KI270710v1_random:0-40176
ForkPoolWorker-27 countReadsInRegions_worker: processing 40176 (5966235.6 per sec) @ chr1_KI270710v1_random:0-40176
ForkPoolWorker-27,  processing 0 (0.0 per sec) reads @ chr17_KI270729v1_random:0-280839
ForkPoolWorker-27 countReadsInRegions_worker: processing 280839 (10588177.3 per sec) @ chr17_KI270729v1_random:0-280839
ForkPoolWorker-27,  processing 3 (7700.7 per sec) reads @ chr16:60000000-65000000
ForkPoolWorker-27 countReadsInRegions_worker: processing 5000000 (11901699.2 per sec) @ chr16:60000000-65000000
ForkPoolWorker-27,  processing 29 (50999.9 per sec) reads @ chr16:45000000-50000000
ForkPoolWorker-27 countReadsInRegions_worker: processing 5000000 (11856287.6 per sec) @ chr16:45000000-50000000
ForkPoolWorker-27,  processing 10 (21664.8 per sec) reads @ chr2:15000000-20000000
ForkPoolWorker-27 countReadsInRegions_worker: processing 5000000 (11683460.8 per sec) @ chr2:15000000-20000000
ForkPoolWorker-27,  processing 290 (120359.0 per sec) reads @ chr3:125000000-130000000
ForkPoolWorker-27 countReadsInRegions_worker: processing 5000000 (12020439.6 per sec) @ chr3:125000000-130000000
ForkPoolWorker-27,  processing 221 (114493.7 per sec) reads @ chr20:0-5000000
ForkPoolWorker-27 countReadsInRegions_worker: processing 5000000 (12132883.9 per sec) @ chr20:0-5000000
ForkPoolWorker-27,  processing 17 (33133.4 per sec) reads @ chr8:135000000-140000000
ForkPoolWorker-27 countReadsInRegions_worker: processing 5000000 (12131936.4 per sec) @ chr8:135000000-140000000
ForkPoolWorker-46,  processing 40 (11990.6 per sec) reads @ chr5:125000000-130000000
ForkPoolWorker-46 countReadsInRegions_worker: processing 5000000 (10021719.3 per sec) @ chr5:125000000-130000000
ForkPoolWorker-46,  processing 36 (46531.6 per sec) reads @ chr2:35000000-40000000
ForkPoolWorker-46 countReadsInRegions_worker: processing 5000000 (11355857.1 per sec) @ chr2:35000000-40000000
ForkPoolWorker-46,  processing 73 (82241.3 per sec) reads @ chr11:120000000-125000000
ForkPoolWorker-46 countReadsInRegions_worker: processing 5000000 (11491212.4 per sec) @ chr11:120000000-125000000
ForkPoolWorker-46,  processing 500 (132362.5 per sec) reads @ chr12:120000000-125000000
ForkPoolWorker-46 countReadsInRegions_worker: processing 5000000 (11403521.1 per sec) @ chr12:120000000-125000000
ForkPoolWorker-46,  processing 9 (21497.0 per sec) reads @ chr5:50000000-55000000
ForkPoolWorker-46 countReadsInRegions_worker: processing 5000000 (11479028.9 per sec) @ chr5:50000000-55000000
ForkPoolWorker-46,  processing 0 (0.0 per sec) reads @ chr11:135000000-135086622
ForkPoolWorker-46 countReadsInRegions_worker: processing 86622 (7941919.7 per sec) @ chr11:135000000-135086622
ForkPoolWorker-46,  processing 0 (0.0 per sec) reads @ chr2_KI270715v1_random:0-161471
ForkPoolWorker-46 countReadsInRegions_worker: processing 161471 (9298785.7 per sec) @ chr2_KI270715v1_random:0-161471
ForkPoolWorker-46,  processing 13 (23831.3 per sec) reads @ chr5:65000000-70000000
ForkPoolWorker-46 countReadsInRegions_worker: processing 5000000 (12019206.4 per sec) @ chr5:65000000-70000000
ForkPoolWorker-46,  processing 0 (0.0 per sec) reads @ chrUn_KI270754v1:0-40191
ForkPoolWorker-46 countReadsInRegions_worker: processing 40191 (5890874.8 per sec) @ chrUn_KI270754v1:0-40191
ForkPoolWorker-46,  processing 68 (69042.0 per sec) reads @ chr8:125000000-130000000
ForkPoolWorker-46 countReadsInRegions_worker: processing 5000000 (11993190.1 per sec) @ chr8:125000000-130000000
ForkPoolWorker-46,  processing 21 (39199.1 per sec) reads @ chr4:15000000-20000000
ForkPoolWorker-46 countReadsInRegions_worker: processing 5000000 (12003851.0 per sec) @ chr4:15000000-20000000
ForkPoolWorker-46,  processing 0 (0.0 per sec) reads @ chrUn_KI270419v1:0-1029
ForkPoolWorker-46 countReadsInRegions_worker: processing 1029 (236243.8 per sec) @ chrUn_KI270419v1:0-1029
ForkPoolWorker-46,  processing 10 (21982.7 per sec) reads @ chrX:60000000-65000000
ForkPoolWorker-46 countReadsInRegions_worker: processing 5000000 (11994616.8 per sec) @ chrX:60000000-65000000
ForkPoolWorker-46,  processing 60 (68627.8 per sec) reads @ chr6:20000000-25000000
ForkPoolWorker-46 countReadsInRegions_worker: processing 5000000 (12059944.6 per sec) @ chr6:20000000-25000000
ForkPoolWorker-46,  processing 2 (4821.0 per sec) reads @ chrX:140000000-145000000
ForkPoolWorker-46 countReadsInRegions_worker: processing 5000000 (12072357.5 per sec) @ chrX:140000000-145000000
ForkPoolWorker-46,  processing 30 (43675.5 per sec) reads @ chr13:40000000-45000000
ForkPoolWorker-46 countReadsInRegions_worker: processing 5000000 (11962657.8 per sec) @ chr13:40000000-45000000
ForkPoolWorker-46,  processing 17 (28039.0 per sec) reads @ chr2:220000000-225000000
ForkPoolWorker-46 countReadsInRegions_worker: processing 5000000 (12191376.2 per sec) @ chr2:220000000-225000000
ForkPoolWorker-46,  processing 23 (40212.2 per sec) reads @ chr6:115000000-120000000
ForkPoolWorker-46 countReadsInRegions_worker: processing 5000000 (12122364.0 per sec) @ chr6:115000000-120000000
ForkPoolWorker-46,  processing 35 (50051.4 per sec) reads @ chr11:110000000-115000000
ForkPoolWorker-46 countReadsInRegions_worker: processing 5000000 (12226780.1 per sec) @ chr11:110000000-115000000
ForkPoolWorker-46,  processing 52 (64508.7 per sec) reads @ chr10:0-5000000
ForkPoolWorker-46 countReadsInRegions_worker: processing 5000000 (12198872.0 per sec) @ chr10:0-5000000
ForkPoolWorker-16,  processing 13 (3162.0 per sec) reads @ chr8:85000000-90000000
ForkPoolWorker-16 countReadsInRegions_worker: processing 5000000 (9989073.3 per sec) @ chr8:85000000-90000000
ForkPoolWorker-16,  processing 29 (35722.4 per sec) reads @ chr1:65000000-70000000
ForkPoolWorker-16 countReadsInRegions_worker: processing 5000000 (11188199.9 per sec) @ chr1:65000000-70000000
ForkPoolWorker-16,  processing 0 (0.0 per sec) reads @ chr14:10000000-15000000
ForkPoolWorker-16 countReadsInRegions_worker: processing 5000000 (11607959.5 per sec) @ chr14:10000000-15000000
ForkPoolWorker-16,  processing 25 (43293.8 per sec) reads @ chr2:195000000-200000000
ForkPoolWorker-16 countReadsInRegions_worker: processing 5000000 (11559798.2 per sec) @ chr2:195000000-200000000
ForkPoolWorker-16,  processing 11 (23431.9 per sec) reads @ chr10:50000000-55000000
ForkPoolWorker-16 countReadsInRegions_worker: processing 5000000 (11397206.0 per sec) @ chr10:50000000-55000000
ForkPoolWorker-16,  processing 0 (0.0 per sec) reads @ chr14_KI270724v1_random:0-39555
ForkPoolWorker-16 countReadsInRegions_worker: processing 39555 (5877553.2 per sec) @ chr14_KI270724v1_random:0-39555
ForkPoolWorker-16,  processing 3 (8267.4 per sec) reads @ chr1_KI270709v1_random:0-66860
ForkPoolWorker-16 countReadsInRegions_worker: processing 66860 (7541918.8 per sec) @ chr1_KI270709v1_random:0-66860
ForkPoolWorker-16,  processing 116 (91575.2 per sec) reads @ chr9:120000000-125000000
ForkPoolWorker-16 countReadsInRegions_worker: processing 5000000 (11593245.3 per sec) @ chr9:120000000-125000000
ForkPoolWorker-16,  processing 42 (49497.3 per sec) reads @ chr15:25000000-30000000
ForkPoolWorker-16 countReadsInRegions_worker: processing 5000000 (11879989.6 per sec) @ chr15:25000000-30000000
ForkPoolWorker-16,  processing 0 (0.0 per sec) reads @ chr13:5000000-10000000
ForkPoolWorker-16 countReadsInRegions_worker: processing 5000000 (11994795.2 per sec) @ chr13:5000000-10000000
ForkPoolWorker-16,  processing 201 (107258.9 per sec) reads @ chr2:70000000-75000000
ForkPoolWorker-16 countReadsInRegions_worker: processing 5000000 (11819515.5 per sec) @ chr2:70000000-75000000
ForkPoolWorker-16,  processing 0 (0.0 per sec) reads @ chrUn_KI270381v1:0-1930
ForkPoolWorker-16 countReadsInRegions_worker: processing 1930 (486888.4 per sec) @ chrUn_KI270381v1:0-1930
ForkPoolWorker-16,  processing 0 (0.0 per sec) reads @ chrUn_KI270390v1:0-2387
ForkPoolWorker-16 countReadsInRegions_worker: processing 2387 (612492.6 per sec) @ chrUn_KI270390v1:0-2387
ForkPoolWorker-16,  processing 188 (108523.1 per sec) reads @ chr15:70000000-75000000
ForkPoolWorker-16 countReadsInRegions_worker: processing 5000000 (11860317.4 per sec) @ chr15:70000000-75000000
ForkPoolWorker-16,  processing 11 (24966.1 per sec) reads @ chrY:10000000-15000000
ForkPoolWorker-16 countReadsInRegions_worker: processing 5000000 (12009563.4 per sec) @ chrY:10000000-15000000
ForkPoolWorker-16,  processing 0 (0.0 per sec) reads @ chrUn_GL000224v1:0-179693
ForkPoolWorker-16 countReadsInRegions_worker: processing 179693 (9605636.7 per sec) @ chrUn_GL000224v1:0-179693
ForkPoolWorker-16,  processing 27 (43657.0 per sec) reads @ chr11:100000000-105000000
ForkPoolWorker-16 countReadsInRegions_worker: processing 5000000 (11852635.6 per sec) @ chr11:100000000-105000000
ForkPoolWorker-16,  processing 45 (63125.0 per sec) reads @ chr4:70000000-75000000
ForkPoolWorker-16 countReadsInRegions_worker: processing 5000000 (12042506.9 per sec) @ chr4:70000000-75000000
ForkPoolWorker-16,  processing 8 (16070.1 per sec) reads @ chr12:90000000-95000000
ForkPoolWorker-16 countReadsInRegions_worker: processing 5000000 (12172447.3 per sec) @ chr12:90000000-95000000
ForkPoolWorker-16,  processing 5 (11101.9 per sec) reads @ chr2:145000000-150000000
ForkPoolWorker-16 countReadsInRegions_worker: processing 5000000 (12206774.9 per sec) @ chr2:145000000-150000000
