# packages in environment at /work/pa-hilario/anaconda3/envs/deeptools:
#
# Name                    Version                   Build  Channel
_openmp_mutex             4.5                      20_gnu    conda-forge
alabaster                 1.0.0              pyhd8ed1ab_1    conda-forge
babel                     2.18.0             pyhcf101f3_0    conda-forge
backports.zstd            1.3.0           py312h90b7ffd_0    conda-forge
bedops                    2.4.42               hd6d6fdc_1    bioconda
brotli                    1.2.0                hed03a55_1    conda-forge
brotli-bin                1.2.0                hb03c661_1    conda-forge
brotli-python             1.2.0           py312hdb49522_1    conda-forge
bzip2                     1.0.8                hda65f42_8    conda-forge
c-ares                    1.34.6               hb03c661_0    conda-forge
ca-certificates           2026.1.4             hbd8a1cb_0    conda-forge
certifi                   2026.01.04      py312h06a4308_0  
charset-normalizer        3.4.4              pyhd8ed1ab_0    conda-forge
click                     8.3.1                    pypi_0    pypi
colorama                  0.4.6              pyhd8ed1ab_1    conda-forge
contourpy                 1.3.3           py312h0a2e395_4    conda-forge
cycler                    0.12.1             pyhcf101f3_2    conda-forge
cython                    3.2.4           py312h47b2149_0  
deeptools                 3.5.6              pyhdfd78af_0    bioconda
deeptoolsintervals        0.1.9           py312ha9c1134_11    bioconda
docutils                  0.22.4             pyhd8ed1ab_0    conda-forge
fonttools                 4.61.1          py312h8a5da7c_0    conda-forge
freetype                  2.14.1               ha770c72_0    conda-forge
gencode-utr-fix           1.0.0                    pypi_0    pypi
h2                        4.3.0              pyhcf101f3_0    conda-forge
hpack                     4.1.0              pyhd8ed1ab_0    conda-forge
htslib                    1.22.1               h566b1c6_0    bioconda
hyperframe                6.1.0              pyhd8ed1ab_0    conda-forge
icu                       78.2                 h33c6efd_0    conda-forge
idna                      3.11               pyhd8ed1ab_0    conda-forge
imagesize                 1.4.1              pyhd8ed1ab_0    conda-forge
importlib-metadata        8.7.0              pyhe01879c_1    conda-forge
jansson                   2.15.0               h280c20c_0    conda-forge
jinja2                    3.1.6              pyhcf101f3_1    conda-forge
keyutils                  1.6.3                hb9d3cd8_0    conda-forge
kiwisolver                1.4.9           py312h0a2e395_2    conda-forge
krb5                      1.22.2               ha1258a1_0    conda-forge
lcms2                     2.18                 h0c24ade_0    conda-forge
ld_impl_linux-64          2.45.1          default_hbd61a6d_101    conda-forge
lerc                      4.0.0                h0aef613_1    conda-forge
libblas                   3.11.0          5_h4a7cf45_openblas    conda-forge
libbrotlicommon           1.2.0                hb03c661_1    conda-forge
libbrotlidec              1.2.0                hb03c661_1    conda-forge
libbrotlienc              1.2.0                hb03c661_1    conda-forge
libcblas                  3.11.0          5_h0358290_openblas    conda-forge
libcurl                   8.18.0               hcf29cc6_1    conda-forge
libdeflate                1.25                 h17f619e_0    conda-forge
libedit                   3.1.20250104    pl5321h7949ede_0    conda-forge
libev                     4.33                 hd590300_2    conda-forge
libexpat                  2.7.3                hecca717_0    conda-forge
libffi                    3.5.2                h3435931_0    conda-forge
libfreetype               2.14.1               ha770c72_0    conda-forge
libfreetype6              2.14.1               h73754d4_0    conda-forge
libgcc                    15.2.0              he0feb66_17    conda-forge
libgcc-ng                 15.2.0              h69a702a_17    conda-forge
libgfortran               15.2.0              h69a702a_17    conda-forge
libgfortran5              15.2.0              h68bc16d_17    conda-forge
libgomp                   15.2.0              he0feb66_17    conda-forge
libiconv                  1.18                 h3b78370_2    conda-forge
libjpeg-turbo             3.1.2                hb03c661_0    conda-forge
liblapack                 3.11.0          5_h47877c9_openblas    conda-forge
liblzma                   5.8.2                hb03c661_0    conda-forge
libnghttp2                1.67.0               had1ee68_0    conda-forge
libnsl                    2.0.1                hb9d3cd8_1    conda-forge
libopenblas               0.3.30          pthreads_h94d23a6_4    conda-forge
libopenssl-static         3.6.1                hb03c661_1    conda-forge
libpng                    1.6.55               h421ea60_0    conda-forge
libsqlite                 3.51.2               hf4e2dac_0    conda-forge
libssh2                   1.11.1               hcf80075_0    conda-forge
libstdcxx                 15.2.0              h934c35e_17    conda-forge
libstdcxx-ng              15.2.0              hdf11a46_17    conda-forge
libtiff                   4.7.1                h9d88235_1    conda-forge
libuuid                   2.41.3               h5347b49_0    conda-forge
libwebp-base              1.6.0                hd42ef1d_0    conda-forge
libxcb                    1.17.0               h8a09558_0    conda-forge
libxcrypt                 4.4.36               hd590300_1    conda-forge
libzlib                   1.3.1                hb9d3cd8_2    conda-forge
markupsafe                3.0.3           py312h8a5da7c_0    conda-forge
matplotlib-base           3.10.8          py312he3d6523_0    conda-forge
munkres                   1.1.4              pyhd8ed1ab_1    conda-forge
mysql-connector-c         6.1.11            h659d440_1008    conda-forge
narwhals                  2.16.0             pyhcf101f3_0    conda-forge
natsort                   8.4.0                    pypi_0    pypi
ncls                      0.0.70                   pypi_0    pypi
ncurses                   6.5                  h2d0b736_3    conda-forge
numpy                     2.4.2           py312h33ff503_1    conda-forge
numpydoc                  1.10.0             pyhcf101f3_0    conda-forge
openjpeg                  2.5.4                h55fea9a_0    conda-forge
openssl                   3.6.1                h35e630c_1    conda-forge
packaging                 26.0               pyhcf101f3_0    conda-forge
pandas                    3.0.0                    pypi_0    pypi
pillow                    12.1.1          py312h50c33e8_0    conda-forge
pip                       26.0.1             pyh8b19718_0    conda-forge
plotly                    6.5.2              pyhd8ed1ab_0    conda-forge
pthread-stubs             0.4               hb9d3cd8_1002    conda-forge
py2bit                    0.3.3           py312h0fa9677_1    bioconda
pybigwig                  0.3.25          py312h83fe50f_0    bioconda
pygments                  2.19.2             pyhd8ed1ab_0    conda-forge
pyparsing                 3.3.2              pyhcf101f3_0    conda-forge
pyranges                  0.1.4                    pypi_0    pypi
pysam                     0.23.3          py312h8f9e533_2    bioconda
pysocks                   1.7.1              pyha55dd90_7    conda-forge
python                    3.12.12         hd63d673_2_cpython    conda-forge
python-dateutil           2.9.0.post0        pyhe01879c_2    conda-forge
python_abi                3.12                    8_cp312    conda-forge
pytz                      2025.2             pyhd8ed1ab_0    conda-forge
qhull                     2020.2               h434a139_5    conda-forge
readline                  8.3                  h853b02a_0    conda-forge
requests                  2.32.5             pyhcf101f3_1    conda-forge
roman-numerals            4.1.0              pyhd8ed1ab_0    conda-forge
samtools                  1.22.1               h96c455f_0    bioconda
scipy                     1.17.0          py312h54fa4ab_1    conda-forge
setuptools                82.0.0             pyh332efcf_0    conda-forge
six                       1.17.0             pyhe01879c_1    conda-forge
snowballstemmer           3.0.1              pyhd8ed1ab_0    conda-forge
sorted-nearest            0.0.41                   pypi_0    pypi
sphinx                    9.1.0              pyhd8ed1ab_0    conda-forge
sphinxcontrib-applehelp   2.0.0              pyhd8ed1ab_1    conda-forge
sphinxcontrib-devhelp     2.0.0              pyhd8ed1ab_1    conda-forge
sphinxcontrib-htmlhelp    2.1.0              pyhd8ed1ab_1    conda-forge
sphinxcontrib-jsmath      1.0.1              pyhd8ed1ab_1    conda-forge
sphinxcontrib-qthelp      2.0.0              pyhd8ed1ab_1    conda-forge
sphinxcontrib-serializinghtml 1.1.10             pyhd8ed1ab_1    conda-forge
tabulate                  0.9.0                    pypi_0    pypi
tk                        8.6.13          noxft_h366c992_103    conda-forge
tomli                     2.4.0              pyhcf101f3_0    conda-forge
tqdm                      4.67.3                   pypi_0    pypi
tzdata                    2025c                hc9c84f9_1    conda-forge
ucsc-bigwiginfo           482                  h0b57e2e_0    bioconda
unicodedata2              17.0.1          py312h4c3975b_0    conda-forge
urllib3                   2.6.3              pyhd8ed1ab_0    conda-forge
wheel                     0.46.3             pyhd8ed1ab_0    conda-forge
xorg-libxau               1.0.12               hb03c661_1    conda-forge
xorg-libxdmcp             1.1.5                hb03c661_1    conda-forge
zipp                      3.23.0             pyhcf101f3_1    conda-forge
zlib                      1.3.1                hb9d3cd8_2    conda-forge
zlib-ng                   2.3.3                hceb46e0_1    conda-forge
zstd                      1.5.7                hb78ec9c_6    conda-forge
Specified --scaleFactor: 1.0
normalization: CPM
bamFilesList: ['output/SNRNP70-SA-rep2_L2_R1.genome.Aligned.sort.dedup.bam']
binLength: 1
numberOfSamples: None
blackListFileName: None
skipZeroOverZero: False
bed_and_bin: False
genomeChunkSize: None
defaultFragmentLength: read length
numberOfProcessors: 52
verbose: True
region: None
bedFile: None
minMappingQuality: None
ignoreDuplicates: False
chrsToSkip: []
stepSize: 1
center_read: False
samFlag_include: None
samFlag_exclude: None
minFragmentLength: 0
maxFragmentLength: 0
zerosToNans: False
smoothLength: None
save_data: False
out_file_for_raw_data: None
maxPairedFragmentLength: 1000
Final scaling factor: 0.6770201095283134
ForkPoolWorker-29,  processing 51 (3954.8 per sec) reads @ chrX:135000000-140000000
ForkPoolWorker-29 countReadsInRegions_worker: processing 5000000 (6424344.2 per sec) @ chrX:135000000-140000000
ForkPoolWorker-29,  processing 14 (17291.0 per sec) reads @ chr4:130000000-135000000
ForkPoolWorker-29 countReadsInRegions_worker: processing 5000000 (6870551.4 per sec) @ chr4:130000000-135000000
ForkPoolWorker-29,  processing 583 (95176.7 per sec) reads @ chr14:45000000-50000000
ForkPoolWorker-29 countReadsInRegions_worker: processing 5000000 (6877628.7 per sec) @ chr14:45000000-50000000
ForkPoolWorker-29,  processing 885 (98764.3 per sec) reads @ chr7:50000000-55000000
ForkPoolWorker-29 countReadsInRegions_worker: processing 5000000 (6870819.3 per sec) @ chr7:50000000-55000000
ForkPoolWorker-29,  processing 232 (63837.7 per sec) reads @ chr2:235000000-240000000
ForkPoolWorker-29 countReadsInRegions_worker: processing 5000000 (6797368.5 per sec) @ chr2:235000000-240000000
ForkPoolWorker-29,  processing 203391 (103949.7 per sec) reads @ chr21:5000000-10000000
ForkPoolWorker-29 countReadsInRegions_worker: processing 5000000 (1869193.4 per sec) @ chr21:5000000-10000000
ForkPoolWorker-29,  processing 85 (51579.3 per sec) reads @ chr2:120000000-125000000
ForkPoolWorker-29 countReadsInRegions_worker: processing 5000000 (6915163.7 per sec) @ chr2:120000000-125000000
ForkPoolWorker-29,  processing 1 (2345.8 per sec) reads @ chrUn_KI270741v1:0-157432
ForkPoolWorker-29 countReadsInRegions_worker: processing 157432 (4830167.2 per sec) @ chrUn_KI270741v1:0-157432
ForkPoolWorker-29,  processing 53 (46273.5 per sec) reads @ chr2:180000000-185000000
ForkPoolWorker-29 countReadsInRegions_worker: processing 5000000 (6938355.7 per sec) @ chr2:180000000-185000000
ForkPoolWorker-29,  processing 392 (73064.4 per sec) reads @ chr20:30000000-35000000
ForkPoolWorker-29 countReadsInRegions_worker: processing 5000000 (6885731.1 per sec) @ chr20:30000000-35000000
ForkPoolWorker-29,  processing 0 (0.0 per sec) reads @ chrUn_KI270303v1:0-1942
ForkPoolWorker-29 countReadsInRegions_worker: processing 1942 (184087.9 per sec) @ chrUn_KI270303v1:0-1942
ForkPoolWorker-29,  processing 157 (58357.5 per sec) reads @ chr14:65000000-70000000
ForkPoolWorker-29 countReadsInRegions_worker: processing 5000000 (6914842.2 per sec) @ chr14:65000000-70000000
ForkPoolWorker-34,  processing 114780 (106936.3 per sec) reads @ chrUn_GL000220v1:0-161802
ForkPoolWorker-34 countReadsInRegions_worker: processing 161802 (145695.1 per sec) @ chrUn_GL000220v1:0-161802
ForkPoolWorker-34,  processing 1 (2278.3 per sec) reads @ chr8:145000000-145138636
ForkPoolWorker-34 countReadsInRegions_worker: processing 138636 (5416184.1 per sec) @ chr8:145000000-145138636
ForkPoolWorker-34,  processing 18 (24802.1 per sec) reads @ chrX:25000000-30000000
ForkPoolWorker-34 countReadsInRegions_worker: processing 5000000 (7416778.6 per sec) @ chrX:25000000-30000000
ForkPoolWorker-34,  processing 42 (28770.3 per sec) reads @ chrX:120000000-125000000
ForkPoolWorker-34 countReadsInRegions_worker: processing 5000000 (6984932.7 per sec) @ chrX:120000000-125000000
ForkPoolWorker-34,  processing 18 (22257.5 per sec) reads @ chrX:30000000-35000000
ForkPoolWorker-34 countReadsInRegions_worker: processing 5000000 (6972399.3 per sec) @ chrX:30000000-35000000
ForkPoolWorker-34,  processing 60 (42431.0 per sec) reads @ chr14:55000000-60000000
ForkPoolWorker-34 countReadsInRegions_worker: processing 5000000 (6971982.1 per sec) @ chr14:55000000-60000000
ForkPoolWorker-34,  processing 264 (65327.2 per sec) reads @ chr2:230000000-235000000
ForkPoolWorker-34 countReadsInRegions_worker: processing 5000000 (6937451.4 per sec) @ chr2:230000000-235000000
ForkPoolWorker-34,  processing 516 (72048.4 per sec) reads @ chr12:45000000-50000000
ForkPoolWorker-34 countReadsInRegions_worker: processing 5000000 (6898308.5 per sec) @ chr12:45000000-50000000
ForkPoolWorker-34,  processing 48 (40033.1 per sec) reads @ chr4:150000000-155000000
ForkPoolWorker-34 countReadsInRegions_worker: processing 5000000 (6941233.2 per sec) @ chr4:150000000-155000000
ForkPoolWorker-34,  processing 0 (0.0 per sec) reads @ chrUn_KI270373v1:0-1451
ForkPoolWorker-34 countReadsInRegions_worker: processing 1451 (137903.0 per sec) @ chrUn_KI270373v1:0-1451
ForkPoolWorker-34,  processing 24 (27147.6 per sec) reads @ chr2:140000000-145000000
ForkPoolWorker-34 countReadsInRegions_worker: processing 5000000 (6938112.4 per sec) @ chr2:140000000-145000000
ForkPoolWorker-34,  processing 35 (32593.4 per sec) reads @ chr5:95000000-100000000
ForkPoolWorker-34 countReadsInRegions_worker: processing 5000000 (6894002.1 per sec) @ chr5:95000000-100000000
ForkPoolWorker-34,  processing 785 (76327.3 per sec) reads @ chr9:130000000-135000000
ForkPoolWorker-34 countReadsInRegions_worker: processing 5000000 (6808006.7 per sec) @ chr9:130000000-135000000
ForkPoolWorker-34,  processing 0 (0.0 per sec) reads @ chrUn_KI270591v1:0-5796
ForkPoolWorker-34 countReadsInRegions_worker: processing 5796 (521901.8 per sec) @ chrUn_KI270591v1:0-5796
ForkPoolWorker-34,  processing 466 (76555.8 per sec) reads @ chr14:105000000-107043718
ForkPoolWorker-34 countReadsInRegions_worker: processing 2043718 (6613830.9 per sec) @ chr14:105000000-107043718
ForkPoolWorker-34,  processing 0 (0.0 per sec) reads @ chrUn_KI270322v1:0-21476
ForkPoolWorker-34 countReadsInRegions_worker: processing 21476 (1716829.1 per sec) @ chrUn_KI270322v1:0-21476
ForkPoolWorker-31,  processing 343 (14659.0 per sec) reads @ chr15:40000000-45000000
ForkPoolWorker-31 countReadsInRegions_worker: processing 5000000 (6680332.2 per sec) @ chr15:40000000-45000000
ForkPoolWorker-31,  processing 521 (75605.7 per sec) reads @ chr6:40000000-45000000
ForkPoolWorker-31 countReadsInRegions_worker: processing 5000000 (6675987.5 per sec) @ chr6:40000000-45000000
ForkPoolWorker-31,  processing 2 (3267.9 per sec) reads @ chrUn_GL000219v1:0-179198
ForkPoolWorker-31 countReadsInRegions_worker: processing 179198 (5191866.2 per sec) @ chrUn_GL000219v1:0-179198
ForkPoolWorker-31,  processing 3 (6725.2 per sec) reads @ chr3_GL000221v1_random:0-155397
ForkPoolWorker-31 countReadsInRegions_worker: processing 155397 (5155852.6 per sec) @ chr3_GL000221v1_random:0-155397
ForkPoolWorker-31,  processing 88 (52856.8 per sec) reads @ chr4:10000000-15000000
ForkPoolWorker-31 countReadsInRegions_worker: processing 5000000 (6910401.3 per sec) @ chr4:10000000-15000000
ForkPoolWorker-31,  processing 1132 (79457.0 per sec) reads @ chr17:0-5000000
ForkPoolWorker-31 countReadsInRegions_worker: processing 5000000 (6806495.3 per sec) @ chr17:0-5000000
ForkPoolWorker-31,  processing 83 (50394.8 per sec) reads @ chr15:100000000-101991189
ForkPoolWorker-31 countReadsInRegions_worker: processing 1991189 (6675601.9 per sec) @ chr15:100000000-101991189
ForkPoolWorker-31,  processing 280 (65649.6 per sec) reads @ chr1:200000000-205000000
ForkPoolWorker-31 countReadsInRegions_worker: processing 5000000 (6942389.0 per sec) @ chr1:200000000-205000000
ForkPoolWorker-31,  processing 590 (78022.5 per sec) reads @ chr7:5000000-10000000
ForkPoolWorker-31 countReadsInRegions_worker: processing 5000000 (6885251.8 per sec) @ chr7:5000000-10000000
ForkPoolWorker-31,  processing 190 (63621.1 per sec) reads @ chr1:220000000-225000000
ForkPoolWorker-31 countReadsInRegions_worker: processing 5000000 (6918462.4 per sec) @ chr1:220000000-225000000
ForkPoolWorker-31,  processing 0 (0.0 per sec) reads @ chrUn_KI270753v1:0-62944
ForkPoolWorker-31 countReadsInRegions_worker: processing 62944 (3505640.4 per sec) @ chrUn_KI270753v1:0-62944
ForkPoolWorker-31,  processing 205984 (105122.9 per sec) reads @ chr1:145000000-150000000
ForkPoolWorker-31 countReadsInRegions_worker: processing 5000000 (1864913.2 per sec) @ chr1:145000000-150000000
ForkPoolWorker-31,  processing 0 (0.0 per sec) reads @ chrUn_KI270422v1:0-1445
ForkPoolWorker-31 countReadsInRegions_worker: processing 1445 (138957.5 per sec) @ chrUn_KI270422v1:0-1445
ForkPoolWorker-31,  processing 52 (42573.5 per sec) reads @ chr1:215000000-220000000
ForkPoolWorker-31 countReadsInRegions_worker: processing 5000000 (6907401.4 per sec) @ chr1:215000000-220000000
ForkPoolWorker-31,  processing 0 (0.0 per sec) reads @ chrUn_KI270385v1:0-990
ForkPoolWorker-31 countReadsInRegions_worker: processing 990 (95692.0 per sec) @ chrUn_KI270385v1:0-990
ForkPoolWorker-31,  processing 557 (75367.0 per sec) reads @ chr3:125000000-130000000
ForkPoolWorker-31 countReadsInRegions_worker: processing 5000000 (6839434.9 per sec) @ chr3:125000000-130000000
ForkPoolWorker-1,  processing 153 (6224.6 per sec) reads @ chr13:95000000-100000000
ForkPoolWorker-1 countReadsInRegions_worker: processing 5000000 (6648566.5 per sec) @ chr13:95000000-100000000
ForkPoolWorker-1,  processing 69 (39262.9 per sec) reads @ chr6:135000000-140000000
ForkPoolWorker-1 countReadsInRegions_worker: processing 5000000 (6982407.1 per sec) @ chr6:135000000-140000000
ForkPoolWorker-1,  processing 41 (37836.4 per sec) reads @ chr1:185000000-190000000
ForkPoolWorker-1 countReadsInRegions_worker: processing 5000000 (6989518.8 per sec) @ chr1:185000000-190000000
ForkPoolWorker-1,  processing 0 (0.0 per sec) reads @ chrUn_KI270544v1:0-1202
ForkPoolWorker-1 countReadsInRegions_worker: processing 1202 (118530.0 per sec) @ chrUn_KI270544v1:0-1202
ForkPoolWorker-1,  processing 226 (64996.8 per sec) reads @ chr3:195000000-198295559
ForkPoolWorker-1 countReadsInRegions_worker: processing 3295559 (6751276.2 per sec) @ chr3:195000000-198295559
ForkPoolWorker-1,  processing 251 (66910.5 per sec) reads @ chr9:90000000-95000000
ForkPoolWorker-1 countReadsInRegions_worker: processing 5000000 (6903140.5 per sec) @ chr9:90000000-95000000
ForkPoolWorker-1,  processing 325 (67953.6 per sec) reads @ chr2:215000000-220000000
ForkPoolWorker-1 countReadsInRegions_worker: processing 5000000 (6907367.3 per sec) @ chr2:215000000-220000000
ForkPoolWorker-1,  processing 54 (38162.2 per sec) reads @ chr8:50000000-55000000
ForkPoolWorker-1 countReadsInRegions_worker: processing 5000000 (6922422.3 per sec) @ chr8:50000000-55000000
ForkPoolWorker-1,  processing 656 (77270.9 per sec) reads @ chr16:65000000-70000000
ForkPoolWorker-1 countReadsInRegions_worker: processing 5000000 (6849095.7 per sec) @ chr16:65000000-70000000
ForkPoolWorker-1,  processing 154240 (104415.8 per sec) reads @ chr14:30000000-35000000
ForkPoolWorker-1 countReadsInRegions_worker: processing 5000000 (2268262.2 per sec) @ chr14:30000000-35000000
ForkPoolWorker-1,  processing 175 (71262.4 per sec) reads @ chr11:120000000-125000000
ForkPoolWorker-1 countReadsInRegions_worker: processing 5000000 (6846667.3 per sec) @ chr11:120000000-125000000
ForkPoolWorker-1,  processing 417 (73113.7 per sec) reads @ chr20:0-5000000
ForkPoolWorker-1 countReadsInRegions_worker: processing 5000000 (6808174.7 per sec) @ chr20:0-5000000
ForkPoolWorker-45,  processing 62 (5601.1 per sec) reads @ chr1:165000000-170000000
ForkPoolWorker-45 countReadsInRegions_worker: processing 5000000 (6570123.9 per sec) @ chr1:165000000-170000000
ForkPoolWorker-45,  processing 120 (59620.5 per sec) reads @ chr8:70000000-75000000
ForkPoolWorker-45 countReadsInRegions_worker: processing 5000000 (6792575.5 per sec) @ chr8:70000000-75000000
ForkPoolWorker-45,  processing 0 (0.0 per sec) reads @ chr16:40000000-45000000
ForkPoolWorker-45 countReadsInRegions_worker: processing 5000000 (6942398.2 per sec) @ chr16:40000000-45000000
ForkPoolWorker-45,  processing 19 (23774.4 per sec) reads @ chr13:65000000-70000000
ForkPoolWorker-45 countReadsInRegions_worker: processing 5000000 (6941846.6 per sec) @ chr13:65000000-70000000
ForkPoolWorker-45,  processing 5 (10888.6 per sec) reads @ chrUn_GL000224v1:0-179693
ForkPoolWorker-45 countReadsInRegions_worker: processing 179693 (4628276.6 per sec) @ chrUn_GL000224v1:0-179693
ForkPoolWorker-45,  processing 45 (37367.6 per sec) reads @ chr15:50000000-55000000
ForkPoolWorker-45 countReadsInRegions_worker: processing 5000000 (6871589.2 per sec) @ chr15:50000000-55000000
ForkPoolWorker-45,  processing 57 (45958.3 per sec) reads @ chrX:110000000-115000000
ForkPoolWorker-45 countReadsInRegions_worker: processing 5000000 (6880661.5 per sec) @ chrX:110000000-115000000
ForkPoolWorker-45,  processing 25 (27442.4 per sec) reads @ chr3:115000000-120000000
ForkPoolWorker-45 countReadsInRegions_worker: processing 5000000 (6887040.4 per sec) @ chr3:115000000-120000000
ForkPoolWorker-45,  processing 1525 (83104.6 per sec) reads @ chr6:30000000-35000000
ForkPoolWorker-45 countReadsInRegions_worker: processing 5000000 (6711751.9 per sec) @ chr6:30000000-35000000
ForkPoolWorker-45,  processing 39 (33986.7 per sec) reads @ chr5:100000000-105000000
ForkPoolWorker-45 countReadsInRegions_worker: processing 5000000 (6866888.9 per sec) @ chr5:100000000-105000000
ForkPoolWorker-45,  processing 2383 (94700.1 per sec) reads @ chr5:175000000-180000000
ForkPoolWorker-45 countReadsInRegions_worker: processing 5000000 (6636970.7 per sec) @ chr5:175000000-180000000
ForkPoolWorker-45,  processing 23 (27744.9 per sec) reads @ chr2:90000000-95000000
ForkPoolWorker-45 countReadsInRegions_worker: processing 5000000 (6854472.8 per sec) @ chr2:90000000-95000000
ForkPoolWorker-18,  processing 205 (13121.6 per sec) reads @ chr14:75000000-80000000
ForkPoolWorker-18 countReadsInRegions_worker: processing 5000000 (6691588.9 per sec) @ chr14:75000000-80000000
ForkPoolWorker-18,  processing 109 (45864.7 per sec) reads @ chr2:45000000-50000000
ForkPoolWorker-18 countReadsInRegions_worker: processing 5000000 (6841989.9 per sec) @ chr2:45000000-50000000
ForkPoolWorker-18,  processing 122 (54535.3 per sec) reads @ chr14:50000000-55000000
ForkPoolWorker-18 countReadsInRegions_worker: processing 5000000 (6804830.1 per sec) @ chr14:50000000-55000000
ForkPoolWorker-18,  processing 1043 (94897.0 per sec) reads @ chr6:120000000-125000000
ForkPoolWorker-18 countReadsInRegions_worker: processing 5000000 (6877134.8 per sec) @ chr6:120000000-125000000
ForkPoolWorker-18,  processing 89 (48918.0 per sec) reads @ chr13:75000000-80000000
ForkPoolWorker-18 countReadsInRegions_worker: processing 5000000 (6862195.1 per sec) @ chr13:75000000-80000000
ForkPoolWorker-18,  processing 1009 (79841.0 per sec) reads @ chr22:35000000-40000000
ForkPoolWorker-18 countReadsInRegions_worker: processing 5000000 (6764548.2 per sec) @ chr22:35000000-40000000
ForkPoolWorker-18,  processing 79 (52164.7 per sec) reads @ chr5:5000000-10000000
ForkPoolWorker-18 countReadsInRegions_worker: processing 5000000 (6882772.9 per sec) @ chr5:5000000-10000000
ForkPoolWorker-18,  processing 283 (66914.0 per sec) reads @ chr22:30000000-35000000
ForkPoolWorker-18 countReadsInRegions_worker: processing 5000000 (6852168.2 per sec) @ chr22:30000000-35000000
ForkPoolWorker-18,  processing 1 (2380.4 per sec) reads @ chrUn_KI270751v1:0-150742
ForkPoolWorker-18 countReadsInRegions_worker: processing 150742 (4766792.1 per sec) @ chrUn_KI270751v1:0-150742
ForkPoolWorker-18,  processing 109 (60123.5 per sec) reads @ chr12:15000000-20000000
ForkPoolWorker-18 countReadsInRegions_worker: processing 5000000 (6868818.7 per sec) @ chr12:15000000-20000000
ForkPoolWorker-18,  processing 108 (56503.0 per sec) reads @ chr8:90000000-95000000
ForkPoolWorker-18 countReadsInRegions_worker: processing 5000000 (6846441.6 per sec) @ chr8:90000000-95000000
ForkPoolWorker-18,  processing 138 (71335.2 per sec) reads @ chrX:10000000-15000000
ForkPoolWorker-18 countReadsInRegions_worker: processing 5000000 (6817875.8 per sec) @ chrX:10000000-15000000
ForkPoolWorker-17,  processing 152 (6791.5 per sec) reads @ chr12:10000000-15000000
ForkPoolWorker-17 countReadsInRegions_worker: processing 5000000 (6680747.1 per sec) @ chr12:10000000-15000000
ForkPoolWorker-17,  processing 103 (40428.0 per sec) reads @ chr14:60000000-65000000
ForkPoolWorker-17 countReadsInRegions_worker: processing 5000000 (6829752.5 per sec) @ chr14:60000000-65000000
ForkPoolWorker-17,  processing 0 (0.0 per sec) reads @ chr14:5000000-10000000
ForkPoolWorker-17 countReadsInRegions_worker: processing 5000000 (6963749.6 per sec) @ chr14:5000000-10000000
ForkPoolWorker-17,  processing 1238 (85903.9 per sec) reads @ chr16:30000000-35000000
ForkPoolWorker-17 countReadsInRegions_worker: processing 5000000 (6825946.7 per sec) @ chr16:30000000-35000000
ForkPoolWorker-17,  processing 192 (61054.3 per sec) reads @ chr9:95000000-100000000
ForkPoolWorker-17 countReadsInRegions_worker: processing 5000000 (6856207.3 per sec) @ chr9:95000000-100000000
ForkPoolWorker-17,  processing 29 (31967.1 per sec) reads @ chr1:100000000-105000000
ForkPoolWorker-17 countReadsInRegions_worker: processing 5000000 (6883534.2 per sec) @ chr1:100000000-105000000
ForkPoolWorker-17,  processing 57 (41789.1 per sec) reads @ chr10:15000000-20000000
ForkPoolWorker-17 countReadsInRegions_worker: processing 5000000 (6903615.5 per sec) @ chr10:15000000-20000000
ForkPoolWorker-17,  processing 44 (37297.8 per sec) reads @ chr15:35000000-40000000
ForkPoolWorker-17 countReadsInRegions_worker: processing 5000000 (6888626.2 per sec) @ chr15:35000000-40000000
ForkPoolWorker-17,  processing 1503 (81562.4 per sec) reads @ chr7:0-5000000
ForkPoolWorker-17 countReadsInRegions_worker: processing 5000000 (6737526.0 per sec) @ chr7:0-5000000
ForkPoolWorker-17,  processing 54 (43547.9 per sec) reads @ chr8:45000000-50000000
ForkPoolWorker-17 countReadsInRegions_worker: processing 5000000 (6892282.5 per sec) @ chr8:45000000-50000000
ForkPoolWorker-17,  processing 186 (63919.7 per sec) reads @ chr16:55000000-60000000
ForkPoolWorker-17 countReadsInRegions_worker: processing 5000000 (6874715.8 per sec) @ chr16:55000000-60000000
ForkPoolWorker-17,  processing 0 (0.0 per sec) reads @ chrY_KI270740v1_random:0-37240
ForkPoolWorker-17 countReadsInRegions_worker: processing 37240 (2520752.1 per sec) @ chrY_KI270740v1_random:0-37240
ForkPoolWorker-35,  processing 23 (1822.4 per sec) reads @ chr9:10000000-15000000
ForkPoolWorker-35 countReadsInRegions_worker: processing 5000000 (6731876.9 per sec) @ chr9:10000000-15000000
ForkPoolWorker-35,  processing 60 (36562.3 per sec) reads @ chr10:30000000-35000000
ForkPoolWorker-35 countReadsInRegions_worker: processing 5000000 (6872249.0 per sec) @ chr10:30000000-35000000
ForkPoolWorker-35,  processing 17 (21329.1 per sec) reads @ chr4:160000000-165000000
ForkPoolWorker-35 countReadsInRegions_worker: processing 5000000 (6919558.1 per sec) @ chr4:160000000-165000000
ForkPoolWorker-35,  processing 212 (61638.2 per sec) reads @ chr19:30000000-35000000
ForkPoolWorker-35 countReadsInRegions_worker: processing 5000000 (6938045.8 per sec) @ chr19:30000000-35000000
ForkPoolWorker-35,  processing 14 (20510.0 per sec) reads @ chrY:5000000-10000000
ForkPoolWorker-35 countReadsInRegions_worker: processing 5000000 (6900603.3 per sec) @ chrY:5000000-10000000
ForkPoolWorker-35,  processing 84 (56725.4 per sec) reads @ chr8:135000000-140000000
ForkPoolWorker-35 countReadsInRegions_worker: processing 5000000 (6897714.0 per sec) @ chr8:135000000-140000000
ForkPoolWorker-35,  processing 360 (76979.3 per sec) reads @ chr15:85000000-90000000
ForkPoolWorker-35 countReadsInRegions_worker: processing 5000000 (6876618.4 per sec) @ chr15:85000000-90000000
ForkPoolWorker-35,  processing 0 (0.0 per sec) reads @ chrUn_KI270384v1:0-1658
ForkPoolWorker-35 countReadsInRegions_worker: processing 1658 (158531.8 per sec) @ chrUn_KI270384v1:0-1658
ForkPoolWorker-35,  processing 60 (46209.7 per sec) reads @ chr11:110000000-115000000
ForkPoolWorker-35 countReadsInRegions_worker: processing 5000000 (6885552.5 per sec) @ chr11:110000000-115000000
ForkPoolWorker-35,  processing 42 (40000.2 per sec) reads @ chr4:155000000-160000000
ForkPoolWorker-35 countReadsInRegions_worker: processing 5000000 (6893283.8 per sec) @ chr4:155000000-160000000
ForkPoolWorker-35,  processing 434 (72705.5 per sec) reads @ chr22:15000000-20000000
ForkPoolWorker-35 countReadsInRegions_worker: processing 5000000 (6845418.0 per sec) @ chr22:15000000-20000000
ForkPoolWorker-35,  processing 189 (62989.5 per sec) reads @ chr7:155000000-159345973
ForkPoolWorker-35 countReadsInRegions_worker: processing 4345973 (6877102.9 per sec) @ chr7:155000000-159345973
ForkPoolWorker-21,  processing 127 (5671.3 per sec) reads @ chr17:65000000-70000000
ForkPoolWorker-21 countReadsInRegions_worker: processing 5000000 (6407172.1 per sec) @ chr17:65000000-70000000
ForkPoolWorker-21,  processing 71 (48210.4 per sec) reads @ chr3:100000000-105000000
ForkPoolWorker-21 countReadsInRegions_worker: processing 5000000 (6785911.4 per sec) @ chr3:100000000-105000000
ForkPoolWorker-21,  processing 68 (50046.1 per sec) reads @ chr6:80000000-85000000
ForkPoolWorker-21 countReadsInRegions_worker: processing 5000000 (6880352.2 per sec) @ chr6:80000000-85000000
ForkPoolWorker-21,  processing 172 (65871.1 per sec) reads @ chr14:95000000-100000000
ForkPoolWorker-21 countReadsInRegions_worker: processing 5000000 (6884433.6 per sec) @ chr14:95000000-100000000
ForkPoolWorker-21,  processing 453 (78299.7 per sec) reads @ chr15:70000000-75000000
ForkPoolWorker-21 countReadsInRegions_worker: processing 5000000 (6809881.4 per sec) @ chr15:70000000-75000000
ForkPoolWorker-21,  processing 13 (18756.8 per sec) reads @ chrX:85000000-90000000
ForkPoolWorker-21 countReadsInRegions_worker: processing 5000000 (6870495.1 per sec) @ chrX:85000000-90000000
ForkPoolWorker-21,  processing 1 (2373.7 per sec) reads @ chrUn_KI270749v1:0-158759
ForkPoolWorker-21 countReadsInRegions_worker: processing 158759 (4869847.8 per sec) @ chrUn_KI270749v1:0-158759
ForkPoolWorker-21,  processing 90 (56106.9 per sec) reads @ chr4:40000000-45000000
ForkPoolWorker-21 countReadsInRegions_worker: processing 5000000 (6905777.4 per sec) @ chr4:40000000-45000000
ForkPoolWorker-21,  processing 175 (75174.4 per sec) reads @ chr7:115000000-120000000
ForkPoolWorker-21 countReadsInRegions_worker: processing 5000000 (6826806.7 per sec) @ chr7:115000000-120000000
ForkPoolWorker-21,  processing 86 (54168.8 per sec) reads @ chr2:105000000-110000000
ForkPoolWorker-21 countReadsInRegions_worker: processing 5000000 (6857429.1 per sec) @ chr2:105000000-110000000
ForkPoolWorker-21,  processing 54 (38956.4 per sec) reads @ chr4:35000000-40000000
ForkPoolWorker-21 countReadsInRegions_worker: processing 5000000 (6828929.6 per sec) @ chr4:35000000-40000000
ForkPoolWorker-21,  processing 135 (61486.7 per sec) reads @ chr2:85000000-90000000
ForkPoolWorker-21 countReadsInRegions_worker: processing 5000000 (6847613.0 per sec) @ chr2:85000000-90000000
ForkPoolWorker-13,  processing 2 (91.8 per sec) reads @ chr22_KI270731v1_random:0-150754
ForkPoolWorker-13 countReadsInRegions_worker: processing 150754 (2916388.9 per sec) @ chr22_KI270731v1_random:0-150754
ForkPoolWorker-13,  processing 148 (63226.4 per sec) reads @ chrX:100000000-105000000
ForkPoolWorker-13 countReadsInRegions_worker: processing 5000000 (7358619.1 per sec) @ chrX:100000000-105000000
ForkPoolWorker-13,  processing 0 (0.0 per sec) reads @ chrUn_KI270424v1:0-2140
ForkPoolWorker-13 countReadsInRegions_worker: processing 2140 (117125.7 per sec) @ chrUn_KI270424v1:0-2140
ForkPoolWorker-13,  processing 102 (44333.6 per sec) reads @ chr18:45000000-50000000
ForkPoolWorker-13 countReadsInRegions_worker: processing 5000000 (6946882.6 per sec) @ chr18:45000000-50000000
ForkPoolWorker-13,  processing 887 (79895.8 per sec) reads @ chr19:55000000-58617616
ForkPoolWorker-13 countReadsInRegions_worker: processing 3617616 (6701262.8 per sec) @ chr19:55000000-58617616
ForkPoolWorker-13,  processing 678 (75048.5 per sec) reads @ chr22:20000000-25000000
ForkPoolWorker-13 countReadsInRegions_worker: processing 5000000 (6937295.3 per sec) @ chr22:20000000-25000000
ForkPoolWorker-13,  processing 0 (0.0 per sec) reads @ chr1:125000000-130000000
ForkPoolWorker-13 countReadsInRegions_worker: processing 5000000 (7021835.8 per sec) @ chr1:125000000-130000000
ForkPoolWorker-13,  processing 9223 (107288.8 per sec) reads @ chr6:10000000-15000000
ForkPoolWorker-13 countReadsInRegions_worker: processing 5000000 (6263133.5 per sec) @ chr6:10000000-15000000
ForkPoolWorker-13,  processing 1013 (90059.6 per sec) reads @ chr6:25000000-30000000
ForkPoolWorker-13 countReadsInRegions_worker: processing 5000000 (6891030.1 per sec) @ chr6:25000000-30000000
ForkPoolWorker-13,  processing 53 (41181.6 per sec) reads @ chr2:115000000-120000000
ForkPoolWorker-13 countReadsInRegions_worker: processing 5000000 (6973660.6 per sec) @ chr2:115000000-120000000
ForkPoolWorker-13,  processing 0 (0.0 per sec) reads @ chrUn_KI270412v1:0-1179
ForkPoolWorker-13 countReadsInRegions_worker: processing 1179 (117298.8 per sec) @ chrUn_KI270412v1:0-1179
ForkPoolWorker-13,  processing 121 (62393.8 per sec) reads @ chr14:35000000-40000000
ForkPoolWorker-13 countReadsInRegions_worker: processing 5000000 (6960040.3 per sec) @ chr14:35000000-40000000
ForkPoolWorker-13,  processing 136 (59050.2 per sec) reads @ chr3:140000000-145000000
ForkPoolWorker-13 countReadsInRegions_worker: processing 5000000 (6950683.9 per sec) @ chr3:140000000-145000000
ForkPoolWorker-13,  processing 3 (6135.0 per sec) reads @ chrUn_KI270744v1:0-168472
ForkPoolWorker-13 countReadsInRegions_worker: processing 168472 (4877061.3 per sec) @ chrUn_KI270744v1:0-168472
ForkPoolWorker-13,  processing 0 (0.0 per sec) reads @ chr9_KI270718v1_random:0-38054
ForkPoolWorker-13 countReadsInRegions_worker: processing 38054 (2622620.2 per sec) @ chr9_KI270718v1_random:0-38054
ForkPoolWorker-13,  processing 853 (84126.7 per sec) reads @ chr16:25000000-30000000
ForkPoolWorker-13 countReadsInRegions_worker: processing 5000000 (6870929.6 per sec) @ chr16:25000000-30000000
ForkPoolWorker-9,  processing 190 (7885.5 per sec) reads @ chr11:10000000-15000000
ForkPoolWorker-9 countReadsInRegions_worker: processing 5000000 (6681873.2 per sec) @ chr11:10000000-15000000
ForkPoolWorker-9,  processing 17 (15480.5 per sec) reads @ chr11:95000000-100000000
ForkPoolWorker-9 countReadsInRegions_worker: processing 5000000 (6844325.6 per sec) @ chr11:95000000-100000000
ForkPoolWorker-9,  processing 521 (86093.8 per sec) reads @ chr1:90000000-95000000
ForkPoolWorker-9 countReadsInRegions_worker: processing 5000000 (6876142.7 per sec) @ chr1:90000000-95000000
ForkPoolWorker-9,  processing 61 (45476.8 per sec) reads @ chr3:170000000-175000000
ForkPoolWorker-9 countReadsInRegions_worker: processing 5000000 (6949624.3 per sec) @ chr3:170000000-175000000
ForkPoolWorker-9,  processing 46 (38836.1 per sec) reads @ chr4:125000000-130000000
ForkPoolWorker-9 countReadsInRegions_worker: processing 5000000 (6887553.8 per sec) @ chr4:125000000-130000000
ForkPoolWorker-9,  processing 29 (31172.4 per sec) reads @ chr7:10000000-15000000
ForkPoolWorker-9 countReadsInRegions_worker: processing 5000000 (6917873.6 per sec) @ chr7:10000000-15000000
ForkPoolWorker-9,  processing 15 (19275.3 per sec) reads @ chr6:100000000-105000000
ForkPoolWorker-9 countReadsInRegions_worker: processing 5000000 (6916712.3 per sec) @ chr6:100000000-105000000
ForkPoolWorker-9,  processing 1 (2082.6 per sec) reads @ chr14_GL000009v2_random:0-201709
ForkPoolWorker-9 countReadsInRegions_worker: processing 201709 (5259738.1 per sec) @ chr14_GL000009v2_random:0-201709
ForkPoolWorker-9,  processing 87 (49505.4 per sec) reads @ chr1:65000000-70000000
ForkPoolWorker-9 countReadsInRegions_worker: processing 5000000 (6876032.2 per sec) @ chr1:65000000-70000000
ForkPoolWorker-9,  processing 14 (19905.2 per sec) reads @ chr21:20000000-25000000
ForkPoolWorker-9 countReadsInRegions_worker: processing 5000000 (6920528.6 per sec) @ chr21:20000000-25000000
ForkPoolWorker-9,  processing 255 (67787.3 per sec) reads @ chr5:150000000-155000000
ForkPoolWorker-9 countReadsInRegions_worker: processing 5000000 (6856003.3 per sec) @ chr5:150000000-155000000
ForkPoolWorker-9,  processing 180 (64362.7 per sec) reads @ chr9:120000000-125000000
ForkPoolWorker-9 countReadsInRegions_worker: processing 5000000 (6864634.4 per sec) @ chr9:120000000-125000000
ForkPoolWorker-6,  processing 0 (0.0 per sec) reads @ chrY:45000000-50000000
ForkPoolWorker-6 countReadsInRegions_worker: processing 5000000 (6874172.7 per sec) @ chrY:45000000-50000000
ForkPoolWorker-6,  processing 38 (25711.2 per sec) reads @ chr2:190000000-195000000
ForkPoolWorker-6 countReadsInRegions_worker: processing 5000000 (6821364.1 per sec) @ chr2:190000000-195000000
ForkPoolWorker-6,  processing 936 (95283.4 per sec) reads @ chrM:0-16569
ForkPoolWorker-6 countReadsInRegions_worker: processing 16569 (755532.9 per sec) @ chrM:0-16569
ForkPoolWorker-6,  processing 119 (49077.9 per sec) reads @ chr18:20000000-25000000
ForkPoolWorker-6 countReadsInRegions_worker: processing 5000000 (6896974.5 per sec) @ chr18:20000000-25000000
ForkPoolWorker-6,  processing 38 (34209.8 per sec) reads @ chr3:105000000-110000000
ForkPoolWorker-6 countReadsInRegions_worker: processing 5000000 (6835036.9 per sec) @ chr3:105000000-110000000
ForkPoolWorker-6,  processing 11 (15231.9 per sec) reads @ chrX:95000000-100000000
ForkPoolWorker-6 countReadsInRegions_worker: processing 5000000 (6816269.2 per sec) @ chrX:95000000-100000000
ForkPoolWorker-6,  processing 1192 (77847.7 per sec) reads @ chr19:5000000-10000000
ForkPoolWorker-6 countReadsInRegions_worker: processing 5000000 (6715356.1 per sec) @ chr19:5000000-10000000
ForkPoolWorker-6,  processing 175 (56679.8 per sec) reads @ chr7:65000000-70000000
ForkPoolWorker-6 countReadsInRegions_worker: processing 5000000 (6822185.2 per sec) @ chr7:65000000-70000000
ForkPoolWorker-6,  processing 91 (52959.9 per sec) reads @ chr3:60000000-65000000
ForkPoolWorker-6 countReadsInRegions_worker: processing 5000000 (6857155.6 per sec) @ chr3:60000000-65000000
ForkPoolWorker-6,  processing 83 (49832.1 per sec) reads @ chr5:10000000-15000000
ForkPoolWorker-6 countReadsInRegions_worker: processing 5000000 (6860506.9 per sec) @ chr5:10000000-15000000
ForkPoolWorker-6,  processing 27 (31659.5 per sec) reads @ chr12:35000000-40000000
ForkPoolWorker-6 countReadsInRegions_worker: processing 5000000 (6885276.7 per sec) @ chr12:35000000-40000000
ForkPoolWorker-6,  processing 92 (53750.7 per sec) reads @ chr3:190000000-195000000
ForkPoolWorker-6 countReadsInRegions_worker: processing 5000000 (6899220.8 per sec) @ chr3:190000000-195000000
ForkPoolWorker-15,  processing 0 (0.0 per sec) reads @ chr14_KI270722v1_random:0-194050
ForkPoolWorker-15 countReadsInRegions_worker: processing 194050 (4597292.7 per sec) @ chr14_KI270722v1_random:0-194050
ForkPoolWorker-15,  processing 84 (45123.1 per sec) reads @ chr4:180000000-185000000
ForkPoolWorker-15 countReadsInRegions_worker: processing 5000000 (7479973.7 per sec) @ chr4:180000000-185000000
ForkPoolWorker-15,  processing 33 (30854.2 per sec) reads @ chr7:85000000-90000000
ForkPoolWorker-15 countReadsInRegions_worker: processing 5000000 (6818414.4 per sec) @ chr7:85000000-90000000
ForkPoolWorker-15,  processing 1185 (80989.6 per sec) reads @ chr14:100000000-105000000
ForkPoolWorker-15 countReadsInRegions_worker: processing 5000000 (6761922.1 per sec) @ chr14:100000000-105000000
ForkPoolWorker-15,  processing 31 (37181.4 per sec) reads @ chr11_KI270721v1_random:0-100316
ForkPoolWorker-15 countReadsInRegions_worker: processing 100316 (4319342.6 per sec) @ chr11_KI270721v1_random:0-100316
ForkPoolWorker-15,  processing 0 (0.0 per sec) reads @ chrUn_KI270515v1:0-6361
ForkPoolWorker-15 countReadsInRegions_worker: processing 6361 (603414.4 per sec) @ chrUn_KI270515v1:0-6361
ForkPoolWorker-15,  processing 0 (0.0 per sec) reads @ chr9:45000000-50000000
ForkPoolWorker-15 countReadsInRegions_worker: processing 5000000 (6925922.4 per sec) @ chr9:45000000-50000000
ForkPoolWorker-15,  processing 0 (0.0 per sec) reads @ chr1_KI270710v1_random:0-40176
ForkPoolWorker-15 countReadsInRegions_worker: processing 40176 (2827592.2 per sec) @ chr1_KI270710v1_random:0-40176
ForkPoolWorker-15,  processing 0 (0.0 per sec) reads @ chr1_KI270707v1_random:0-32032
ForkPoolWorker-15 countReadsInRegions_worker: processing 32032 (2329264.0 per sec) @ chr1_KI270707v1_random:0-32032
ForkPoolWorker-15,  processing 29 (29197.0 per sec) reads @ chr4:185000000-190000000
ForkPoolWorker-15 countReadsInRegions_worker: processing 5000000 (6957281.0 per sec) @ chr4:185000000-190000000
ForkPoolWorker-15,  processing 631 (76240.3 per sec) reads @ chr12:55000000-60000000
ForkPoolWorker-15 countReadsInRegions_worker: processing 5000000 (6861629.3 per sec) @ chr12:55000000-60000000
ForkPoolWorker-15,  processing 173 (63577.9 per sec) reads @ chr5:145000000-150000000
ForkPoolWorker-15 countReadsInRegions_worker: processing 5000000 (6897677.7 per sec) @ chr5:145000000-150000000
ForkPoolWorker-15,  processing 31 (31536.1 per sec) reads @ chr1:190000000-195000000
ForkPoolWorker-15 countReadsInRegions_worker: processing 5000000 (6889689.8 per sec) @ chr1:190000000-195000000
ForkPoolWorker-15,  processing 64 (48046.4 per sec) reads @ chr3:25000000-30000000
ForkPoolWorker-15 countReadsInRegions_worker: processing 5000000 (6892733.2 per sec) @ chr3:25000000-30000000
ForkPoolWorker-15,  processing 1670 (95604.8 per sec) reads @ chr1:160000000-165000000
ForkPoolWorker-15 countReadsInRegions_worker: processing 5000000 (6740105.0 per sec) @ chr1:160000000-165000000
ForkPoolWorker-15,  processing 133 (57753.6 per sec) reads @ chr15:25000000-30000000
ForkPoolWorker-15 countReadsInRegions_worker: processing 5000000 (6885303.8 per sec) @ chr15:25000000-30000000
ForkPoolWorker-50,  processing 0 (0.0 per sec) reads @ chrUn_KI270311v1:0-12399
ForkPoolWorker-50 countReadsInRegions_worker: processing 12399 (974025.6 per sec) @ chrUn_KI270311v1:0-12399
ForkPoolWorker-50,  processing 0 (0.0 per sec) reads @ chrUn_KI270511v1:0-8127
ForkPoolWorker-50 countReadsInRegions_worker: processing 8127 (612669.8 per sec) @ chrUn_KI270511v1:0-8127
ForkPoolWorker-50,  processing 0 (0.0 per sec) reads @ chr9:55000000-60000000
ForkPoolWorker-50 countReadsInRegions_worker: processing 5000000 (6940068.6 per sec) @ chr9:55000000-60000000
ForkPoolWorker-50,  processing 4 (3766.8 per sec) reads @ chr16:35000000-40000000
ForkPoolWorker-50 countReadsInRegions_worker: processing 5000000 (6886597.1 per sec) @ chr16:35000000-40000000
ForkPoolWorker-50,  processing 1 (2395.4 per sec) reads @ chrUn_KI270743v1:0-210658
ForkPoolWorker-50 countReadsInRegions_worker: processing 210658 (5159164.6 per sec) @ chrUn_KI270743v1:0-210658
ForkPoolWorker-50,  processing 46 (36369.1 per sec) reads @ chr5:155000000-160000000
ForkPoolWorker-50 countReadsInRegions_worker: processing 5000000 (6974555.9 per sec) @ chr5:155000000-160000000
ForkPoolWorker-50,  processing 55 (43329.6 per sec) reads @ chr2:225000000-230000000
ForkPoolWorker-50 countReadsInRegions_worker: processing 5000000 (6947315.2 per sec) @ chr2:225000000-230000000
ForkPoolWorker-50,  processing 26 (27947.7 per sec) reads @ chr9:25000000-30000000
ForkPoolWorker-50 countReadsInRegions_worker: processing 5000000 (6946751.4 per sec) @ chr9:25000000-30000000
ForkPoolWorker-50,  processing 372 (71677.7 per sec) reads @ chr7:150000000-155000000
ForkPoolWorker-50 countReadsInRegions_worker: processing 5000000 (6873825.8 per sec) @ chr7:150000000-155000000
ForkPoolWorker-50,  processing 55 (44680.8 per sec) reads @ chr5:40000000-45000000
ForkPoolWorker-50 countReadsInRegions_worker: processing 5000000 (6918097.2 per sec) @ chr5:40000000-45000000
ForkPoolWorker-50,  processing 83 (49810.7 per sec) reads @ chr5:75000000-80000000
ForkPoolWorker-50 countReadsInRegions_worker: processing 5000000 (6871753.6 per sec) @ chr5:75000000-80000000
ForkPoolWorker-50,  processing 274 (64329.1 per sec) reads @ chr10:70000000-75000000
ForkPoolWorker-50 countReadsInRegions_worker: processing 5000000 (6888458.7 per sec) @ chr10:70000000-75000000
ForkPoolWorker-50,  processing 0 (0.0 per sec) reads @ chrUn_KI270362v1:0-3530
ForkPoolWorker-50 countReadsInRegions_worker: processing 3530 (330289.6 per sec) @ chrUn_KI270362v1:0-3530
ForkPoolWorker-50,  processing 0 (0.0 per sec) reads @ chrUn_KI270429v1:0-1361
ForkPoolWorker-50 countReadsInRegions_worker: processing 1361 (136272.3 per sec) @ chrUn_KI270429v1:0-1361
ForkPoolWorker-50,  processing 25 (24049.9 per sec) reads @ chr4:175000000-180000000
ForkPoolWorker-50 countReadsInRegions_worker: processing 5000000 (6914089.8 per sec) @ chr4:175000000-180000000
ForkPoolWorker-50,  processing 62 (45774.8 per sec) reads @ chr6:145000000-150000000
ForkPoolWorker-50 countReadsInRegions_worker: processing 5000000 (6897521.2 per sec) @ chr6:145000000-150000000
ForkPoolWorker-12,  processing 87 (3758.8 per sec) reads @ chr3:120000000-125000000
ForkPoolWorker-12 countReadsInRegions_worker: processing 5000000 (6398291.5 per sec) @ chr3:120000000-125000000
ForkPoolWorker-12,  processing 1157 (79128.8 per sec) reads @ chr17:75000000-80000000
ForkPoolWorker-12 countReadsInRegions_worker: processing 5000000 (6734782.5 per sec) @ chr17:75000000-80000000
ForkPoolWorker-12,  processing 38 (37378.9 per sec) reads @ chr20:10000000-15000000
ForkPoolWorker-12 countReadsInRegions_worker: processing 5000000 (6935588.4 per sec) @ chr20:10000000-15000000
ForkPoolWorker-12,  processing 0 (0.0 per sec) reads @ chr11:135000000-135086622
ForkPoolWorker-12 countReadsInRegions_worker: processing 86622 (4069524.4 per sec) @ chr11:135000000-135086622
ForkPoolWorker-12,  processing 98 (67538.9 per sec) reads @ chr3:85000000-90000000
ForkPoolWorker-12 countReadsInRegions_worker: processing 5000000 (6837535.1 per sec) @ chr3:85000000-90000000
ForkPoolWorker-12,  processing 54 (41543.0 per sec) reads @ chr9:20000000-25000000
ForkPoolWorker-12 countReadsInRegions_worker: processing 5000000 (6885548.0 per sec) @ chr9:20000000-25000000
ForkPoolWorker-12,  processing 0 (0.0 per sec) reads @ chr1_KI270709v1_random:0-66860
ForkPoolWorker-12 countReadsInRegions_worker: processing 66860 (3711861.9 per sec) @ chr1_KI270709v1_random:0-66860
ForkPoolWorker-12,  processing 87 (47606.6 per sec) reads @ chr2:195000000-200000000
ForkPoolWorker-12 countReadsInRegions_worker: processing 5000000 (6864185.1 per sec) @ chr2:195000000-200000000
ForkPoolWorker-12,  processing 52 (42799.0 per sec) reads @ chr18:60000000-65000000
ForkPoolWorker-12 countReadsInRegions_worker: processing 5000000 (6724425.6 per sec) @ chr18:60000000-65000000
ForkPoolWorker-12,  processing 0 (0.0 per sec) reads @ chrUn_KI270389v1:0-1298
ForkPoolWorker-12 countReadsInRegions_worker: processing 1298 (132035.2 per sec) @ chrUn_KI270389v1:0-1298
ForkPoolWorker-12,  processing 1097 (90271.8 per sec) reads @ chr1:5000000-10000000
ForkPoolWorker-12 countReadsInRegions_worker: processing 5000000 (6760160.9 per sec) @ chr1:5000000-10000000
ForkPoolWorker-12,  processing 0 (0.0 per sec) reads @ chrUn_KI270329v1:0-1040
ForkPoolWorker-12 countReadsInRegions_worker: processing 1040 (103770.0 per sec) @ chrUn_KI270329v1:0-1040
ForkPoolWorker-12,  processing 24 (27060.0 per sec) reads @ chr4:25000000-30000000
ForkPoolWorker-12 countReadsInRegions_worker: processing 5000000 (6885957.2 per sec) @ chr4:25000000-30000000
ForkPoolWorker-12,  processing 38 (36472.2 per sec) reads @ chr4:45000000-50000000
ForkPoolWorker-12 countReadsInRegions_worker: processing 5000000 (6871276.3 per sec) @ chr4:45000000-50000000
ForkPoolWorker-12,  processing 54 (38181.5 per sec) reads @ chr2:135000000-140000000
ForkPoolWorker-12 countReadsInRegions_worker: processing 5000000 (6857424.6 per sec) @ chr2:135000000-140000000
ForkPoolWorker-12,  processing 0 (0.0 per sec) reads @ chr2_KI270715v1_random:0-161471
ForkPoolWorker-12 countReadsInRegions_worker: processing 161471 (5376518.0 per sec) @ chr2_KI270715v1_random:0-161471
ForkPoolWorker-38,  processing 80 (6036.4 per sec) reads @ chr15:60000000-65000000
ForkPoolWorker-38 countReadsInRegions_worker: processing 5000000 (6463979.0 per sec) @ chr15:60000000-65000000
ForkPoolWorker-38,  processing 78 (35603.0 per sec) reads @ chr10:25000000-30000000
ForkPoolWorker-38 countReadsInRegions_worker: processing 5000000 (6819183.8 per sec) @ chr10:25000000-30000000
ForkPoolWorker-38,  processing 2927 (87682.1 per sec) reads @ chr17:80000000-83257441
ForkPoolWorker-38 countReadsInRegions_worker: processing 3257441 (6467598.2 per sec) @ chr17:80000000-83257441
ForkPoolWorker-38,  processing 134 (50561.1 per sec) reads @ chr12:105000000-110000000
ForkPoolWorker-38 countReadsInRegions_worker: processing 5000000 (6960620.1 per sec) @ chr12:105000000-110000000
ForkPoolWorker-38,  processing 164 (65287.2 per sec) reads @ chr10:75000000-80000000
ForkPoolWorker-38 countReadsInRegions_worker: processing 5000000 (6946157.8 per sec) @ chr10:75000000-80000000
ForkPoolWorker-38,  processing 97 (55512.0 per sec) reads @ chr3:130000000-135000000
ForkPoolWorker-38 countReadsInRegions_worker: processing 5000000 (6951091.7 per sec) @ chr3:130000000-135000000
ForkPoolWorker-38,  processing 176 (60877.2 per sec) reads @ chr3:5000000-10000000
ForkPoolWorker-38 countReadsInRegions_worker: processing 5000000 (6919140.3 per sec) @ chr3:5000000-10000000
ForkPoolWorker-38,  processing 12 (19823.4 per sec) reads @ chrUn_GL000218v1:0-161147
ForkPoolWorker-38 countReadsInRegions_worker: processing 161147 (4833619.4 per sec) @ chrUn_GL000218v1:0-161147
ForkPoolWorker-38,  processing 2376 (85999.9 per sec) reads @ chr9:135000000-138394717
ForkPoolWorker-38 countReadsInRegions_worker: processing 3394717 (6547120.7 per sec) @ chr9:135000000-138394717
ForkPoolWorker-38,  processing 4 (8276.9 per sec) reads @ chr1_KI270712v1_random:0-176043
ForkPoolWorker-38 countReadsInRegions_worker: processing 176043 (5179054.9 per sec) @ chr1_KI270712v1_random:0-176043
ForkPoolWorker-38,  processing 0 (0.0 per sec) reads @ chrUn_KI270593v1:0-3041
ForkPoolWorker-38 countReadsInRegions_worker: processing 3041 (283341.0 per sec) @ chrUn_KI270593v1:0-3041
ForkPoolWorker-38,  processing 50 (43115.8 per sec) reads @ chr7:90000000-95000000
ForkPoolWorker-38 countReadsInRegions_worker: processing 5000000 (6931246.8 per sec) @ chr7:90000000-95000000
ForkPoolWorker-38,  processing 52 (39504.4 per sec) reads @ chr9:65000000-70000000
ForkPoolWorker-38 countReadsInRegions_worker: processing 5000000 (6907563.0 per sec) @ chr9:65000000-70000000
ForkPoolWorker-38,  processing 0 (0.0 per sec) reads @ chrUn_KI270755v1:0-36723
ForkPoolWorker-38 countReadsInRegions_worker: processing 36723 (2462429.5 per sec) @ chrUn_KI270755v1:0-36723
ForkPoolWorker-38,  processing 47 (42901.5 per sec) reads @ chr7:55000000-60000000
ForkPoolWorker-38 countReadsInRegions_worker: processing 5000000 (6931521.7 per sec) @ chr7:55000000-60000000
ForkPoolWorker-38,  processing 516 (70327.6 per sec) reads @ chr1:40000000-45000000
ForkPoolWorker-38 countReadsInRegions_worker: processing 5000000 (6995366.1 per sec) @ chr1:40000000-45000000
ForkPoolWorker-7,  processing 92 (3944.2 per sec) reads @ chr16:45000000-50000000
ForkPoolWorker-7 countReadsInRegions_worker: processing 5000000 (6474895.6 per sec) @ chr16:45000000-50000000
ForkPoolWorker-7,  processing 3 (3387.1 per sec) reads @ chrEBV:0-171823
ForkPoolWorker-7 countReadsInRegions_worker: processing 171823 (4039878.1 per sec) @ chrEBV:0-171823
ForkPoolWorker-7,  processing 0 (0.0 per sec) reads @ chrUn_KI270530v1:0-2168
ForkPoolWorker-7 countReadsInRegions_worker: processing 2168 (204264.7 per sec) @ chrUn_KI270530v1:0-2168
ForkPoolWorker-7,  processing 15 (16012.9 per sec) reads @ chr11:20000000-25000000
ForkPoolWorker-7 countReadsInRegions_worker: processing 5000000 (7009350.1 per sec) @ chr11:20000000-25000000
ForkPoolWorker-7,  processing 335 (84313.9 per sec) reads @ chr6:105000000-110000000
ForkPoolWorker-7 countReadsInRegions_worker: processing 5000000 (6908557.4 per sec) @ chr6:105000000-110000000
ForkPoolWorker-7,  processing 0 (0.0 per sec) reads @ chr13:5000000-10000000
ForkPoolWorker-7 countReadsInRegions_worker: processing 5000000 (6914060.2 per sec) @ chr13:5000000-10000000
ForkPoolWorker-7,  processing 302 (81280.8 per sec) reads @ chr12:95000000-100000000
ForkPoolWorker-7 countReadsInRegions_worker: processing 5000000 (6893653.1 per sec) @ chr12:95000000-100000000
ForkPoolWorker-7,  processing 28 (29656.7 per sec) reads @ chr5:85000000-90000000
ForkPoolWorker-7 countReadsInRegions_worker: processing 5000000 (6894981.3 per sec) @ chr5:85000000-90000000
ForkPoolWorker-7,  processing 58 (43125.3 per sec) reads @ chr20:20000000-25000000
ForkPoolWorker-7 countReadsInRegions_worker: processing 5000000 (6887533.4 per sec) @ chr20:20000000-25000000
ForkPoolWorker-7,  processing 0 (0.0 per sec) reads @ chr14_KI270726v1_random:0-43739
ForkPoolWorker-7 countReadsInRegions_worker: processing 43739 (2925725.0 per sec) @ chr14_KI270726v1_random:0-43739
ForkPoolWorker-7,  processing 1211 (83033.1 per sec) reads @ chr17:5000000-10000000
ForkPoolWorker-7 countReadsInRegions_worker: processing 5000000 (6760925.9 per sec) @ chr17:5000000-10000000
ForkPoolWorker-7,  processing 0 (0.0 per sec) reads @ chrUn_KI270375v1:0-2378
ForkPoolWorker-7 countReadsInRegions_worker: processing 2378 (240884.3 per sec) @ chrUn_KI270375v1:0-2378
ForkPoolWorker-7,  processing 3 (4858.3 per sec) reads @ chrUn_KI270742v1:0-186739
ForkPoolWorker-7 countReadsInRegions_worker: processing 186739 (5443628.4 per sec) @ chrUn_KI270742v1:0-186739
ForkPoolWorker-7,  processing 36 (32277.7 per sec) reads @ chr8:75000000-80000000
ForkPoolWorker-7 countReadsInRegions_worker: processing 5000000 (6935707.6 per sec) @ chr8:75000000-80000000
ForkPoolWorker-7,  processing 46 (36968.4 per sec) reads @ chr3:155000000-160000000
ForkPoolWorker-7 countReadsInRegions_worker: processing 5000000 (6909952.7 per sec) @ chr3:155000000-160000000
ForkPoolWorker-7,  processing 134 (53902.1 per sec) reads @ chr10:120000000-125000000
ForkPoolWorker-7 countReadsInRegions_worker: processing 5000000 (6915124.9 per sec) @ chr10:120000000-125000000
ForkPoolWorker-24,  processing 0 (0.0 per sec) reads @ chrUn_KI270371v1:0-2805
ForkPoolWorker-24 countReadsInRegions_worker: processing 2805 (163407.6 per sec) @ chrUn_KI270371v1:0-2805
ForkPoolWorker-24,  processing 71 (39621.6 per sec) reads @ chr12:65000000-70000000
ForkPoolWorker-24 countReadsInRegions_worker: processing 5000000 (6876638.7 per sec) @ chr12:65000000-70000000
ForkPoolWorker-24,  processing 250 (53357.2 per sec) reads @ chr11:45000000-50000000
ForkPoolWorker-24 countReadsInRegions_worker: processing 5000000 (6799398.2 per sec) @ chr11:45000000-50000000
ForkPoolWorker-24,  processing 29 (24793.1 per sec) reads @ chr14:80000000-85000000
ForkPoolWorker-24 countReadsInRegions_worker: processing 5000000 (6892198.6 per sec) @ chr14:80000000-85000000
ForkPoolWorker-24,  processing 0 (0.0 per sec) reads @ chrUn_KI270379v1:0-1045
ForkPoolWorker-24 countReadsInRegions_worker: processing 1045 (98969.2 per sec) @ chrUn_KI270379v1:0-1045
ForkPoolWorker-24,  processing 0 (0.0 per sec) reads @ chrUn_KI270363v1:0-1803
ForkPoolWorker-24 countReadsInRegions_worker: processing 1803 (169878.9 per sec) @ chrUn_KI270363v1:0-1803
ForkPoolWorker-24,  processing 42 (34663.7 per sec) reads @ chr6:70000000-75000000
ForkPoolWorker-24 countReadsInRegions_worker: processing 5000000 (6827115.6 per sec) @ chr6:70000000-75000000
ForkPoolWorker-24,  processing 0 (0.0 per sec) reads @ chrUn_KI270448v1:0-7992
ForkPoolWorker-24 countReadsInRegions_worker: processing 7992 (705955.3 per sec) @ chrUn_KI270448v1:0-7992
ForkPoolWorker-24,  processing 332 (77228.6 per sec) reads @ chr8:100000000-105000000
ForkPoolWorker-24 countReadsInRegions_worker: processing 5000000 (6794131.4 per sec) @ chr8:100000000-105000000
ForkPoolWorker-24,  processing 0 (0.0 per sec) reads @ chrUn_KI270390v1:0-2387
ForkPoolWorker-24 countReadsInRegions_worker: processing 2387 (225663.9 per sec) @ chrUn_KI270390v1:0-2387
ForkPoolWorker-24,  processing 174 (61478.3 per sec) reads @ chr9:30000000-35000000
ForkPoolWorker-24 countReadsInRegions_worker: processing 5000000 (6813202.2 per sec) @ chr9:30000000-35000000
ForkPoolWorker-24,  processing 20 (22525.8 per sec) reads @ chr4:90000000-95000000
ForkPoolWorker-24 countReadsInRegions_worker: processing 5000000 (6843327.2 per sec) @ chr4:90000000-95000000
ForkPoolWorker-24,  processing 38 (35122.0 per sec) reads @ chr5:15000000-20000000
ForkPoolWorker-24 countReadsInRegions_worker: processing 5000000 (6833177.3 per sec) @ chr5:15000000-20000000
ForkPoolWorker-24,  processing 201 (74785.3 per sec) reads @ chr1:60000000-65000000
ForkPoolWorker-24 countReadsInRegions_worker: processing 5000000 (6893444.7 per sec) @ chr1:60000000-65000000
ForkPoolWorker-24,  processing 187 (76565.3 per sec) reads @ chr18:50000000-55000000
ForkPoolWorker-24 countReadsInRegions_worker: processing 5000000 (6851438.5 per sec) @ chr18:50000000-55000000
ForkPoolWorker-24,  processing 93 (49426.0 per sec) reads @ chr7:20000000-25000000
ForkPoolWorker-24 countReadsInRegions_worker: processing 5000000 (6863061.9 per sec) @ chr7:20000000-25000000
ForkPoolWorker-37,  processing 0 (0.0 per sec) reads @ chrY:30000000-35000000
ForkPoolWorker-37 countReadsInRegions_worker: processing 5000000 (6977196.5 per sec) @ chrY:30000000-35000000
ForkPoolWorker-37,  processing 191 (49898.0 per sec) reads @ chr20:25000000-30000000
ForkPoolWorker-37 countReadsInRegions_worker: processing 5000000 (6833273.1 per sec) @ chr20:25000000-30000000
ForkPoolWorker-37,  processing 0 (0.0 per sec) reads @ chrUn_KI270754v1:0-40191
ForkPoolWorker-37 countReadsInRegions_worker: processing 40191 (2554024.4 per sec) @ chrUn_KI270754v1:0-40191
ForkPoolWorker-37,  processing 2797 (105939.9 per sec) reads @ chr4:65000000-70000000
ForkPoolWorker-37 countReadsInRegions_worker: processing 5000000 (6628154.3 per sec) @ chr4:65000000-70000000
ForkPoolWorker-37,  processing 151 (57466.6 per sec) reads @ chr13:25000000-30000000
ForkPoolWorker-37 countReadsInRegions_worker: processing 5000000 (6803479.0 per sec) @ chr13:25000000-30000000
ForkPoolWorker-37,  processing 310 (77556.5 per sec) reads @ chr6:75000000-80000000
ForkPoolWorker-37 countReadsInRegions_worker: processing 5000000 (6788938.6 per sec) @ chr6:75000000-80000000
ForkPoolWorker-37,  processing 47 (37499.0 per sec) reads @ chr4:170000000-175000000
ForkPoolWorker-37 countReadsInRegions_worker: processing 5000000 (6812261.6 per sec) @ chr4:170000000-175000000
ForkPoolWorker-37,  processing 250 (63026.7 per sec) reads @ chr7:125000000-130000000
ForkPoolWorker-37 countReadsInRegions_worker: processing 5000000 (6790633.4 per sec) @ chr7:125000000-130000000
ForkPoolWorker-37,  processing 483 (70953.0 per sec) reads @ chr1:150000000-155000000
ForkPoolWorker-37 countReadsInRegions_worker: processing 5000000 (6749345.8 per sec) @ chr1:150000000-155000000
ForkPoolWorker-37,  processing 0 (0.0 per sec) reads @ chr21:0-5000000
ForkPoolWorker-37 countReadsInRegions_worker: processing 5000000 (6847932.7 per sec) @ chr21:0-5000000
ForkPoolWorker-37,  processing 547 (71914.4 per sec) reads @ chr22:45000000-50000000
ForkPoolWorker-37 countReadsInRegions_worker: processing 5000000 (6765637.2 per sec) @ chr22:45000000-50000000
ForkPoolWorker-37,  processing 54 (40215.3 per sec) reads @ chr7:80000000-85000000
ForkPoolWorker-37 countReadsInRegions_worker: processing 5000000 (6839285.5 per sec) @ chr7:80000000-85000000
ForkPoolWorker-19,  processing 50 (2380.2 per sec) reads @ chr21:25000000-30000000
ForkPoolWorker-19 countReadsInRegions_worker: processing 5000000 (6392247.7 per sec) @ chr21:25000000-30000000
ForkPoolWorker-19,  processing 55 (25783.7 per sec) reads @ chr5:60000000-65000000
ForkPoolWorker-19 countReadsInRegions_worker: processing 5000000 (6741340.0 per sec) @ chr5:60000000-65000000
ForkPoolWorker-19,  processing 210 (62208.1 per sec) reads @ chr6:155000000-160000000
ForkPoolWorker-19 countReadsInRegions_worker: processing 5000000 (6845771.1 per sec) @ chr6:155000000-160000000
ForkPoolWorker-19,  processing 67 (46129.1 per sec) reads @ chr2:55000000-60000000
ForkPoolWorker-19 countReadsInRegions_worker: processing 5000000 (6861478.8 per sec) @ chr2:55000000-60000000
ForkPoolWorker-19,  processing 0 (0.0 per sec) reads @ chr15:0-5000000
ForkPoolWorker-19 countReadsInRegions_worker: processing 5000000 (6797758.5 per sec) @ chr15:0-5000000
ForkPoolWorker-19,  processing 36 (33726.8 per sec) reads @ chr13:35000000-40000000
ForkPoolWorker-19 countReadsInRegions_worker: processing 5000000 (6856283.5 per sec) @ chr13:35000000-40000000
ForkPoolWorker-19,  processing 49 (37689.5 per sec) reads @ chr11:105000000-110000000
ForkPoolWorker-19 countReadsInRegions_worker: processing 5000000 (6823084.1 per sec) @ chr11:105000000-110000000
ForkPoolWorker-19,  processing 346 (69948.9 per sec) reads @ chr1:35000000-40000000
ForkPoolWorker-19 countReadsInRegions_worker: processing 5000000 (6848418.0 per sec) @ chr1:35000000-40000000
ForkPoolWorker-19,  processing 0 (0.0 per sec) reads @ chrY:40000000-45000000
ForkPoolWorker-19 countReadsInRegions_worker: processing 5000000 (6899620.3 per sec) @ chrY:40000000-45000000
ForkPoolWorker-19,  processing 37 (31288.2 per sec) reads @ chr9:0-5000000
ForkPoolWorker-19 countReadsInRegions_worker: processing 5000000 (6878720.6 per sec) @ chr9:0-5000000
ForkPoolWorker-19,  processing 0 (0.0 per sec) reads @ chrUn_KI270438v1:0-112505
ForkPoolWorker-19 countReadsInRegions_worker: processing 112505 (4259961.3 per sec) @ chrUn_KI270438v1:0-112505
ForkPoolWorker-19,  processing 127 (64629.5 per sec) reads @ chr2:75000000-80000000
ForkPoolWorker-19 countReadsInRegions_worker: processing 5000000 (6825789.0 per sec) @ chr2:75000000-80000000
ForkPoolWorker-16,  processing 37 (1912.7 per sec) reads @ chr11:100000000-105000000
ForkPoolWorker-16 countReadsInRegions_worker: processing 5000000 (6412702.9 per sec) @ chr11:100000000-105000000
ForkPoolWorker-16,  processing 133 (58819.3 per sec) reads @ chr13:50000000-55000000
ForkPoolWorker-16 countReadsInRegions_worker: processing 5000000 (6781595.1 per sec) @ chr13:50000000-55000000
ForkPoolWorker-16,  processing 187 (64570.3 per sec) reads @ chr17:30000000-35000000
ForkPoolWorker-16 countReadsInRegions_worker: processing 5000000 (6896985.8 per sec) @ chr17:30000000-35000000
ForkPoolWorker-16,  processing 96 (49441.7 per sec) reads @ chr3:15000000-20000000
ForkPoolWorker-16 countReadsInRegions_worker: processing 5000000 (6909069.5 per sec) @ chr3:15000000-20000000
ForkPoolWorker-16,  processing 248 (69933.3 per sec) reads @ chr7:145000000-150000000
ForkPoolWorker-16 countReadsInRegions_worker: processing 5000000 (6851299.7 per sec) @ chr7:145000000-150000000
ForkPoolWorker-16,  processing 0 (0.0 per sec) reads @ chr9_KI270719v1_random:0-176845
ForkPoolWorker-16 countReadsInRegions_worker: processing 176845 (5177229.6 per sec) @ chr9_KI270719v1_random:0-176845
ForkPoolWorker-16,  processing 87 (53061.6 per sec) reads @ chr2:35000000-40000000
ForkPoolWorker-16 countReadsInRegions_worker: processing 5000000 (6882623.8 per sec) @ chr2:35000000-40000000
ForkPoolWorker-16,  processing 3168 (104050.5 per sec) reads @ chr12:60000000-65000000
ForkPoolWorker-16 countReadsInRegions_worker: processing 5000000 (6622812.5 per sec) @ chr12:60000000-65000000
ForkPoolWorker-16,  processing 176 (70391.7 per sec) reads @ chr1:115000000-120000000
ForkPoolWorker-16 countReadsInRegions_worker: processing 5000000 (6817244.1 per sec) @ chr1:115000000-120000000
ForkPoolWorker-16,  processing 60 (44995.2 per sec) reads @ chr17:20000000-25000000
ForkPoolWorker-16 countReadsInRegions_worker: processing 5000000 (6859266.0 per sec) @ chr17:20000000-25000000
ForkPoolWorker-16,  processing 0 (0.0 per sec) reads @ chrUn_KI270423v1:0-981
ForkPoolWorker-16 countReadsInRegions_worker: processing 981 (94586.6 per sec) @ chrUn_KI270423v1:0-981
ForkPoolWorker-16,  processing 0 (0.0 per sec) reads @ chr13:10000000-15000000
ForkPoolWorker-16 countReadsInRegions_worker: processing 5000000 (6834261.8 per sec) @ chr13:10000000-15000000
ForkPoolWorker-16,  processing 89 (53213.6 per sec) reads @ chr5:80000000-85000000
ForkPoolWorker-16 countReadsInRegions_worker: processing 5000000 (6835433.5 per sec) @ chr5:80000000-85000000
ForkPoolWorker-16,  processing 0 (0.0 per sec) reads @ chrUn_KI270584v1:0-4513
ForkPoolWorker-16 countReadsInRegions_worker: processing 4513 (483607.8 per sec) @ chrUn_KI270584v1:0-4513
ForkPoolWorker-16,  processing 1 (2573.2 per sec) reads @ chr1_KI270708v1_random:0-127682
ForkPoolWorker-16 countReadsInRegions_worker: processing 127682 (5187654.4 per sec) @ chr1_KI270708v1_random:0-127682
ForkPoolWorker-16,  processing 45 (39502.7 per sec) reads @ chr9:115000000-120000000
ForkPoolWorker-16 countReadsInRegions_worker: processing 5000000 (7804706.7 per sec) @ chr9:115000000-120000000
ForkPoolWorker-3,  processing 47 (2001.0 per sec) reads @ chr4:165000000-170000000
ForkPoolWorker-3 countReadsInRegions_worker: processing 5000000 (6683125.2 per sec) @ chr4:165000000-170000000
ForkPoolWorker-3,  processing 32 (28310.0 per sec) reads @ chr8:105000000-110000000
ForkPoolWorker-3 countReadsInRegions_worker: processing 5000000 (6783510.1 per sec) @ chr8:105000000-110000000
ForkPoolWorker-3,  processing 14 (19638.9 per sec) reads @ chrX:90000000-95000000
ForkPoolWorker-3 countReadsInRegions_worker: processing 5000000 (6870936.3 per sec) @ chrX:90000000-95000000
ForkPoolWorker-3,  processing 30 (29371.9 per sec) reads @ chr1:95000000-100000000
ForkPoolWorker-3 countReadsInRegions_worker: processing 5000000 (6871904.5 per sec) @ chr1:95000000-100000000
ForkPoolWorker-3,  processing 0 (0.0 per sec) reads @ chrUn_KI270539v1:0-993
ForkPoolWorker-3 countReadsInRegions_worker: processing 993 (48090.7 per sec) @ chrUn_KI270539v1:0-993
ForkPoolWorker-3,  processing 0 (0.0 per sec) reads @ chrUn_KI270366v1:0-8320
ForkPoolWorker-3 countReadsInRegions_worker: processing 8320 (797072.0 per sec) @ chrUn_KI270366v1:0-8320
ForkPoolWorker-3,  processing 86 (51818.7 per sec) reads @ chr2:200000000-205000000
ForkPoolWorker-3 countReadsInRegions_worker: processing 5000000 (6852045.1 per sec) @ chr2:200000000-205000000
ForkPoolWorker-3,  processing 289 (70066.7 per sec) reads @ chr5:135000000-140000000
ForkPoolWorker-3 countReadsInRegions_worker: processing 5000000 (6832471.6 per sec) @ chr5:135000000-140000000
ForkPoolWorker-3,  processing 85 (57866.6 per sec) reads @ chr14:85000000-90000000
ForkPoolWorker-3 countReadsInRegions_worker: processing 5000000 (6867032.8 per sec) @ chr14:85000000-90000000
ForkPoolWorker-3,  processing 27 (31240.3 per sec) reads @ chr13:15000000-20000000
ForkPoolWorker-3 countReadsInRegions_worker: processing 5000000 (6850001.7 per sec) @ chr13:15000000-20000000
ForkPoolWorker-3,  processing 0 (0.0 per sec) reads @ chrUn_KI270752v1:0-27745
ForkPoolWorker-3 countReadsInRegions_worker: processing 27745 (2057914.8 per sec) @ chrUn_KI270752v1:0-27745
ForkPoolWorker-3,  processing 73 (51150.0 per sec) reads @ chrX:20000000-25000000
ForkPoolWorker-3 countReadsInRegions_worker: processing 5000000 (6859544.2 per sec) @ chrX:20000000-25000000
ForkPoolWorker-3,  processing 32 (31506.5 per sec) reads @ chr6:95000000-100000000
ForkPoolWorker-3 countReadsInRegions_worker: processing 5000000 (6847767.2 per sec) @ chr6:95000000-100000000
ForkPoolWorker-3,  processing 427 (76471.7 per sec) reads @ chr16:10000000-15000000
ForkPoolWorker-3 countReadsInRegions_worker: processing 5000000 (6754835.0 per sec) @ chr16:10000000-15000000
ForkPoolWorker-3,  processing 63 (46244.5 per sec) reads @ chr7:35000000-40000000
ForkPoolWorker-3 countReadsInRegions_worker: processing 5000000 (7759854.9 per sec) @ chr7:35000000-40000000
ForkPoolWorker-3,  processing 0 (0.0 per sec) reads @ chrUn_KI270302v1:0-2274
ForkPoolWorker-3 countReadsInRegions_worker: processing 2274 (253416.8 per sec) @ chrUn_KI270302v1:0-2274
ForkPoolWorker-20,  processing 0 (0.0 per sec) reads @ chrUn_KI270388v1:0-1216
ForkPoolWorker-20 countReadsInRegions_worker: processing 1216 (64431.6 per sec) @ chrUn_KI270388v1:0-1216
ForkPoolWorker-20,  processing 412 (71990.2 per sec) reads @ chr16:70000000-75000000
ForkPoolWorker-20 countReadsInRegions_worker: processing 5000000 (6571027.6 per sec) @ chr16:70000000-75000000
ForkPoolWorker-20,  processing 0 (0.0 per sec) reads @ chr15:10000000-15000000
ForkPoolWorker-20 countReadsInRegions_worker: processing 5000000 (6461537.2 per sec) @ chr15:10000000-15000000
ForkPoolWorker-20,  processing 2 (2371.0 per sec) reads @ chr1_KI270714v1_random:0-41717
ForkPoolWorker-20 countReadsInRegions_worker: processing 41717 (2289633.3 per sec) @ chr1_KI270714v1_random:0-41717
ForkPoolWorker-20,  processing 0 (0.0 per sec) reads @ chrUn_KI270529v1:0-1899
ForkPoolWorker-20 countReadsInRegions_worker: processing 1899 (183212.6 per sec) @ chrUn_KI270529v1:0-1899
ForkPoolWorker-20,  processing 29 (29022.9 per sec) reads @ chr2:15000000-20000000
ForkPoolWorker-20 countReadsInRegions_worker: processing 5000000 (6866275.2 per sec) @ chr2:15000000-20000000
ForkPoolWorker-20,  processing 104 (52059.6 per sec) reads @ chr10:80000000-85000000
ForkPoolWorker-20 countReadsInRegions_worker: processing 5000000 (6865580.6 per sec) @ chr10:80000000-85000000
ForkPoolWorker-20,  processing 470 (72238.7 per sec) reads @ chr11:70000000-75000000
ForkPoolWorker-20 countReadsInRegions_worker: processing 5000000 (6812478.4 per sec) @ chr11:70000000-75000000
ForkPoolWorker-20,  processing 71 (44633.6 per sec) reads @ chr5:65000000-70000000
ForkPoolWorker-20 countReadsInRegions_worker: processing 5000000 (6826133.4 per sec) @ chr5:65000000-70000000
ForkPoolWorker-20,  processing 0 (0.0 per sec) reads @ chr14:0-5000000
ForkPoolWorker-20 countReadsInRegions_worker: processing 5000000 (6831338.8 per sec) @ chr14:0-5000000
ForkPoolWorker-20,  processing 44 (32247.0 per sec) reads @ chr15:45000000-50000000
ForkPoolWorker-20 countReadsInRegions_worker: processing 5000000 (6800315.4 per sec) @ chr15:45000000-50000000
ForkPoolWorker-20,  processing 74422 (103570.5 per sec) reads @ chr1_KI270713v1_random:0-40745
ForkPoolWorker-20 countReadsInRegions_worker: processing 40745 (55503.9 per sec) @ chr1_KI270713v1_random:0-40745
ForkPoolWorker-20,  processing 0 (0.0 per sec) reads @ chrUn_KI270582v1:0-6504
ForkPoolWorker-20 countReadsInRegions_worker: processing 6504 (578046.6 per sec) @ chrUn_KI270582v1:0-6504
ForkPoolWorker-20,  processing 351 (71162.1 per sec) reads @ chr11:115000000-120000000
ForkPoolWorker-20 countReadsInRegions_worker: processing 5000000 (6890805.9 per sec) @ chr11:115000000-120000000
ForkPoolWorker-20,  processing 41 (35167.0 per sec) reads @ chr5:125000000-130000000
ForkPoolWorker-20 countReadsInRegions_worker: processing 5000000 (6910289.7 per sec) @ chr5:125000000-130000000
ForkPoolWorker-20,  processing 23 (26264.4 per sec) reads @ chrX:60000000-65000000
ForkPoolWorker-20 countReadsInRegions_worker: processing 5000000 (6938332.7 per sec) @ chrX:60000000-65000000
ForkPoolWorker-5,  processing 0 (0.0 per sec) reads @ chr5_GL000208v1_random:0-92689
ForkPoolWorker-5 countReadsInRegions_worker: processing 92689 (2983896.0 per sec) @ chr5_GL000208v1_random:0-92689
ForkPoolWorker-5,  processing 218 (60521.5 per sec) reads @ chr7:75000000-80000000
ForkPoolWorker-5 countReadsInRegions_worker: processing 5000000 (7085803.6 per sec) @ chr7:75000000-80000000
ForkPoolWorker-5,  processing 98 (52509.2 per sec) reads @ chr10:20000000-25000000
ForkPoolWorker-5 countReadsInRegions_worker: processing 5000000 (6868730.9 per sec) @ chr10:20000000-25000000
ForkPoolWorker-5,  processing 2 (2928.0 per sec) reads @ chr5:45000000-50000000
ForkPoolWorker-5 countReadsInRegions_worker: processing 5000000 (6958236.7 per sec) @ chr5:45000000-50000000
ForkPoolWorker-5,  processing 0 (0.0 per sec) reads @ chrUn_KI270414v1:0-2489
ForkPoolWorker-5 countReadsInRegions_worker: processing 2489 (231164.6 per sec) @ chrUn_KI270414v1:0-2489
ForkPoolWorker-5,  processing 6395 (103971.9 per sec) reads @ chr6:35000000-40000000
ForkPoolWorker-5 countReadsInRegions_worker: processing 5000000 (6386567.3 per sec) @ chr6:35000000-40000000
ForkPoolWorker-5,  processing 65 (40312.0 per sec) reads @ chr3:65000000-70000000
ForkPoolWorker-5 countReadsInRegions_worker: processing 5000000 (6928979.6 per sec) @ chr3:65000000-70000000
ForkPoolWorker-5,  processing 15 (20874.1 per sec) reads @ chr16:60000000-65000000
ForkPoolWorker-5 countReadsInRegions_worker: processing 5000000 (6922623.4 per sec) @ chr16:60000000-65000000
ForkPoolWorker-5,  processing 353 (85901.0 per sec) reads @ chr12:125000000-130000000
ForkPoolWorker-5 countReadsInRegions_worker: processing 5000000 (6855362.3 per sec) @ chr12:125000000-130000000
ForkPoolWorker-5,  processing 84 (51972.5 per sec) reads @ chr1:70000000-75000000
ForkPoolWorker-5 countReadsInRegions_worker: processing 5000000 (6856837.2 per sec) @ chr1:70000000-75000000
ForkPoolWorker-5,  processing 26 (32187.7 per sec) reads @ chr19:25000000-30000000
ForkPoolWorker-5 countReadsInRegions_worker: processing 5000000 (6880444.8 per sec) @ chr19:25000000-30000000
ForkPoolWorker-5,  processing 3411 (102217.5 per sec) reads @ chr10:85000000-90000000
ForkPoolWorker-5 countReadsInRegions_worker: processing 5000000 (6582404.2 per sec) @ chr10:85000000-90000000
ForkPoolWorker-5,  processing 0 (0.0 per sec) reads @ chrUn_KI270337v1:0-1121
ForkPoolWorker-5 countReadsInRegions_worker: processing 1121 (106174.1 per sec) @ chrUn_KI270337v1:0-1121
ForkPoolWorker-5,  processing 403 (70476.3 per sec) reads @ chr9:35000000-40000000
ForkPoolWorker-5 countReadsInRegions_worker: processing 5000000 (6835981.6 per sec) @ chr9:35000000-40000000
ForkPoolWorker-5,  processing 122 (57263.3 per sec) reads @ chr11:15000000-20000000
ForkPoolWorker-5 countReadsInRegions_worker: processing 5000000 (7927362.3 per sec) @ chr11:15000000-20000000
ForkPoolWorker-5,  processing 509 (95155.1 per sec) reads @ chr9:75000000-80000000
ForkPoolWorker-5 countReadsInRegions_worker: processing 5000000 (8076496.6 per sec) @ chr9:75000000-80000000
ForkPoolWorker-47,  processing 152 (12640.0 per sec) reads @ chr16:80000000-85000000
ForkPoolWorker-47 countReadsInRegions_worker: processing 5000000 (6462811.6 per sec) @ chr16:80000000-85000000
ForkPoolWorker-47,  processing 32 (30331.7 per sec) reads @ chr2:145000000-150000000
ForkPoolWorker-47 countReadsInRegions_worker: processing 5000000 (6773020.5 per sec) @ chr2:145000000-150000000
ForkPoolWorker-47,  processing 74 (46091.3 per sec) reads @ chrX:15000000-20000000
ForkPoolWorker-47 countReadsInRegions_worker: processing 5000000 (6918617.6 per sec) @ chrX:15000000-20000000
ForkPoolWorker-47,  processing 17 (23951.3 per sec) reads @ chr3:80000000-85000000
ForkPoolWorker-47 countReadsInRegions_worker: processing 5000000 (6934872.8 per sec) @ chr3:80000000-85000000
ForkPoolWorker-47,  processing 343 (67899.1 per sec) reads @ chr20:35000000-40000000
ForkPoolWorker-47 countReadsInRegions_worker: processing 5000000 (6831543.5 per sec) @ chr20:35000000-40000000
ForkPoolWorker-47,  processing 80 (53201.9 per sec) reads @ chr4:145000000-150000000
ForkPoolWorker-47 countReadsInRegions_worker: processing 5000000 (6906259.5 per sec) @ chr4:145000000-150000000
ForkPoolWorker-47,  processing 41 (37844.7 per sec) reads @ chr8:30000000-35000000
ForkPoolWorker-47 countReadsInRegions_worker: processing 5000000 (6881874.0 per sec) @ chr8:30000000-35000000
ForkPoolWorker-47,  processing 12 (19373.2 per sec) reads @ chr16_KI270728v1_random:0-1872759
ForkPoolWorker-47 countReadsInRegions_worker: processing 1872759 (6700264.1 per sec) @ chr16_KI270728v1_random:0-1872759
ForkPoolWorker-47,  processing 66 (58574.7 per sec) reads @ chr18:80000000-80373285
ForkPoolWorker-47 countReadsInRegions_worker: processing 373285 (5820164.3 per sec) @ chr18:80000000-80373285
ForkPoolWorker-47,  processing 64 (48366.7 per sec) reads @ chr11:40000000-45000000
ForkPoolWorker-47 countReadsInRegions_worker: processing 5000000 (6925140.3 per sec) @ chr11:40000000-45000000
ForkPoolWorker-47,  processing 904 (76755.6 per sec) reads @ chr19:40000000-45000000
ForkPoolWorker-47 countReadsInRegions_worker: processing 5000000 (6820113.0 per sec) @ chr19:40000000-45000000
ForkPoolWorker-47,  processing 53 (43664.9 per sec) reads @ chrX:125000000-130000000
ForkPoolWorker-47 countReadsInRegions_worker: processing 5000000 (6897886.4 per sec) @ chrX:125000000-130000000
ForkPoolWorker-47,  processing 984 (78706.2 per sec) reads @ chr19:35000000-40000000
ForkPoolWorker-47 countReadsInRegions_worker: processing 5000000 (6900339.9 per sec) @ chr19:35000000-40000000
ForkPoolWorker-47,  processing 393 (76543.4 per sec) reads @ chr3:180000000-185000000
ForkPoolWorker-47 countReadsInRegions_worker: processing 5000000 (8058957.9 per sec) @ chr3:180000000-185000000
ForkPoolWorker-36,  processing 66 (4698.4 per sec) reads @ chr8:0-5000000
ForkPoolWorker-36 countReadsInRegions_worker: processing 5000000 (6461157.0 per sec) @ chr8:0-5000000
ForkPoolWorker-36,  processing 1048 (86026.9 per sec) reads @ chr16:15000000-20000000
ForkPoolWorker-36 countReadsInRegions_worker: processing 5000000 (6680834.4 per sec) @ chr16:15000000-20000000
ForkPoolWorker-36,  processing 200 (64647.1 per sec) reads @ chr7:135000000-140000000
ForkPoolWorker-36 countReadsInRegions_worker: processing 5000000 (6914035.1 per sec) @ chr7:135000000-140000000
ForkPoolWorker-36,  processing 343 (74012.1 per sec) reads @ chrX:50000000-55000000
ForkPoolWorker-36 countReadsInRegions_worker: processing 5000000 (6885774.0 per sec) @ chrX:50000000-55000000
ForkPoolWorker-36,  processing 341 (69064.5 per sec) reads @ chr17:60000000-65000000
ForkPoolWorker-36 countReadsInRegions_worker: processing 5000000 (6734689.5 per sec) @ chr17:60000000-65000000
ForkPoolWorker-36,  processing 72 (45728.3 per sec) reads @ chr7:105000000-110000000
ForkPoolWorker-36 countReadsInRegions_worker: processing 5000000 (6906182.2 per sec) @ chr7:105000000-110000000
ForkPoolWorker-36,  processing 249 (68011.3 per sec) reads @ chr12:0-5000000
ForkPoolWorker-36 countReadsInRegions_worker: processing 5000000 (6878916.9 per sec) @ chr12:0-5000000
ForkPoolWorker-36,  processing 84 (53068.5 per sec) reads @ chr9:85000000-90000000
ForkPoolWorker-36 countReadsInRegions_worker: processing 5000000 (6907137.5 per sec) @ chr9:85000000-90000000
ForkPoolWorker-36,  processing 163 (64110.2 per sec) reads @ chr6:150000000-155000000
ForkPoolWorker-36 countReadsInRegions_worker: processing 5000000 (6903454.1 per sec) @ chr6:150000000-155000000
ForkPoolWorker-36,  processing 0 (0.0 per sec) reads @ chrUn_KI270394v1:0-970
ForkPoolWorker-36 countReadsInRegions_worker: processing 970 (96629.2 per sec) @ chrUn_KI270394v1:0-970
ForkPoolWorker-36,  processing 96 (56433.5 per sec) reads @ chr2:40000000-45000000
ForkPoolWorker-36 countReadsInRegions_worker: processing 5000000 (6900664.6 per sec) @ chr2:40000000-45000000
ForkPoolWorker-36,  processing 0 (0.0 per sec) reads @ chrUn_KI270538v1:0-91309
ForkPoolWorker-36 countReadsInRegions_worker: processing 91309 (4003697.7 per sec) @ chrUn_KI270538v1:0-91309
ForkPoolWorker-36,  processing 19 (24054.3 per sec) reads @ chr7:60000000-65000000
ForkPoolWorker-36 countReadsInRegions_worker: processing 5000000 (6819248.1 per sec) @ chr7:60000000-65000000
ForkPoolWorker-36,  processing 351 (76889.4 per sec) reads @ chrX:0-5000000
ForkPoolWorker-36 countReadsInRegions_worker: processing 5000000 (7678286.6 per sec) @ chrX:0-5000000
ForkPoolWorker-36,  processing 201 (68764.7 per sec) reads @ chr11:5000000-10000000
ForkPoolWorker-36 countReadsInRegions_worker: processing 5000000 (8052181.4 per sec) @ chr11:5000000-10000000
ForkPoolWorker-36,  processing 0 (0.0 per sec) reads @ chrUn_KI270419v1:0-1029
ForkPoolWorker-36 countReadsInRegions_worker: processing 1029 (115288.5 per sec) @ chrUn_KI270419v1:0-1029
ForkPoolWorker-25,  processing 37 (1855.3 per sec) reads @ chr4:15000000-20000000
ForkPoolWorker-25 countReadsInRegions_worker: processing 5000000 (6687054.8 per sec) @ chr4:15000000-20000000
ForkPoolWorker-25,  processing 137 (58929.3 per sec) reads @ chr2:30000000-35000000
ForkPoolWorker-25 countReadsInRegions_worker: processing 5000000 (6977939.4 per sec) @ chr2:30000000-35000000
ForkPoolWorker-25,  processing 0 (0.0 per sec) reads @ chr1:135000000-140000000
ForkPoolWorker-25 countReadsInRegions_worker: processing 5000000 (7048942.4 per sec) @ chr1:135000000-140000000
ForkPoolWorker-25,  processing 45 (35279.2 per sec) reads @ chr8:60000000-65000000
ForkPoolWorker-25 countReadsInRegions_worker: processing 5000000 (7035838.6 per sec) @ chr8:60000000-65000000
ForkPoolWorker-25,  processing 0 (0.0 per sec) reads @ chrUn_KI270333v1:0-2699
ForkPoolWorker-25 countReadsInRegions_worker: processing 2699 (267085.7 per sec) @ chrUn_KI270333v1:0-2699
ForkPoolWorker-25,  processing 58 (42337.2 per sec) reads @ chr2:155000000-160000000
ForkPoolWorker-25 countReadsInRegions_worker: processing 5000000 (6922662.3 per sec) @ chr2:155000000-160000000
ForkPoolWorker-25,  processing 53 (40713.9 per sec) reads @ chr8:115000000-120000000
ForkPoolWorker-25 countReadsInRegions_worker: processing 5000000 (6947029.8 per sec) @ chr8:115000000-120000000
ForkPoolWorker-25,  processing 71 (47127.0 per sec) reads @ chr4:75000000-80000000
ForkPoolWorker-25 countReadsInRegions_worker: processing 5000000 (6918791.1 per sec) @ chr4:75000000-80000000
ForkPoolWorker-25,  processing 114 (56794.2 per sec) reads @ chr2:170000000-175000000
ForkPoolWorker-25 countReadsInRegions_worker: processing 5000000 (6880388.3 per sec) @ chr2:170000000-175000000
ForkPoolWorker-25,  processing 60 (43299.8 per sec) reads @ chr8:25000000-30000000
ForkPoolWorker-25 countReadsInRegions_worker: processing 5000000 (6887180.6 per sec) @ chr8:25000000-30000000
ForkPoolWorker-25,  processing 0 (0.0 per sec) reads @ chrUn_KI270507v1:0-5353
ForkPoolWorker-25 countReadsInRegions_worker: processing 5353 (516069.3 per sec) @ chrUn_KI270507v1:0-5353
ForkPoolWorker-25,  processing 309 (75351.2 per sec) reads @ chr17:55000000-60000000
ForkPoolWorker-25 countReadsInRegions_worker: processing 5000000 (6830081.7 per sec) @ chr17:55000000-60000000
ForkPoolWorker-25,  processing 124 (54221.6 per sec) reads @ chr11:30000000-35000000
ForkPoolWorker-25 countReadsInRegions_worker: processing 5000000 (6847867.9 per sec) @ chr11:30000000-35000000
ForkPoolWorker-25,  processing 27 (31094.5 per sec) reads @ chr1:195000000-200000000
ForkPoolWorker-25 countReadsInRegions_worker: processing 5000000 (7799133.9 per sec) @ chr1:195000000-200000000
ForkPoolWorker-25,  processing 129 (65927.3 per sec) reads @ chr12:100000000-105000000
ForkPoolWorker-25 countReadsInRegions_worker: processing 5000000 (8110549.2 per sec) @ chr12:100000000-105000000
ForkPoolWorker-25,  processing 1940 (88815.8 per sec) reads @ chr11:0-5000000
ForkPoolWorker-25 countReadsInRegions_worker: processing 5000000 (7892587.3 per sec) @ chr11:0-5000000
ForkPoolWorker-11,  processing 511 (18077.7 per sec) reads @ chr10:100000000-105000000
ForkPoolWorker-11 countReadsInRegions_worker: processing 5000000 (6348269.2 per sec) @ chr10:100000000-105000000
ForkPoolWorker-11,  processing 61 (43167.3 per sec) reads @ chr5:50000000-55000000
ForkPoolWorker-11 countReadsInRegions_worker: processing 5000000 (6960252.8 per sec) @ chr5:50000000-55000000
ForkPoolWorker-11,  processing 516 (73561.8 per sec) reads @ chr2:240000000-242193529
ForkPoolWorker-11 countReadsInRegions_worker: processing 2193529 (6809332.5 per sec) @ chr2:240000000-242193529
ForkPoolWorker-11,  processing 4 (5915.8 per sec) reads @ chr18:15000000-20000000
ForkPoolWorker-11 countReadsInRegions_worker: processing 5000000 (7088517.2 per sec) @ chr18:15000000-20000000
ForkPoolWorker-11,  processing 0 (0.0 per sec) reads @ chr17_KI270729v1_random:0-280839
ForkPoolWorker-11 countReadsInRegions_worker: processing 280839 (5724163.8 per sec) @ chr17_KI270729v1_random:0-280839
ForkPoolWorker-11,  processing 176 (67761.8 per sec) reads @ chr15:95000000-100000000
ForkPoolWorker-11 countReadsInRegions_worker: processing 5000000 (6996698.7 per sec) @ chr15:95000000-100000000
ForkPoolWorker-11,  processing 38 (34364.7 per sec) reads @ chr4:120000000-125000000
ForkPoolWorker-11 countReadsInRegions_worker: processing 5000000 (6984374.4 per sec) @ chr4:120000000-125000000
ForkPoolWorker-11,  processing 1 (2293.2 per sec) reads @ chr22_KI270736v1_random:0-181920
ForkPoolWorker-11 countReadsInRegions_worker: processing 181920 (5274665.1 per sec) @ chr22_KI270736v1_random:0-181920
ForkPoolWorker-11,  processing 0 (0.0 per sec) reads @ chr22_KI270739v1_random:0-73985
ForkPoolWorker-11 countReadsInRegions_worker: processing 73985 (3778990.5 per sec) @ chr22_KI270739v1_random:0-73985
ForkPoolWorker-11,  processing 277 (69787.5 per sec) reads @ chr1:10000000-15000000
ForkPoolWorker-11 countReadsInRegions_worker: processing 5000000 (6899243.5 per sec) @ chr1:10000000-15000000
ForkPoolWorker-11,  processing 85 (45695.4 per sec) reads @ chr2:110000000-115000000
ForkPoolWorker-11 countReadsInRegions_worker: processing 5000000 (6922824.5 per sec) @ chr2:110000000-115000000
ForkPoolWorker-11,  processing 0 (0.0 per sec) reads @ chr1_KI270706v1_random:0-175055
ForkPoolWorker-11 countReadsInRegions_worker: processing 175055 (5241382.9 per sec) @ chr1_KI270706v1_random:0-175055
ForkPoolWorker-11,  processing 872 (99527.4 per sec) reads @ chr4:135000000-140000000
ForkPoolWorker-11 countReadsInRegions_worker: processing 5000000 (6924998.5 per sec) @ chr4:135000000-140000000
ForkPoolWorker-11,  processing 0 (0.0 per sec) reads @ chrUn_KI270528v1:0-2983
ForkPoolWorker-11 countReadsInRegions_worker: processing 2983 (276732.0 per sec) @ chrUn_KI270528v1:0-2983
ForkPoolWorker-11,  processing 0 (0.0 per sec) reads @ chrUn_KI270304v1:0-2165
ForkPoolWorker-11 countReadsInRegions_worker: processing 2165 (216794.8 per sec) @ chrUn_KI270304v1:0-2165
ForkPoolWorker-11,  processing 189 (66975.6 per sec) reads @ chr1:230000000-235000000
ForkPoolWorker-11 countReadsInRegions_worker: processing 5000000 (6927947.3 per sec) @ chr1:230000000-235000000
ForkPoolWorker-11,  processing 0 (0.0 per sec) reads @ chrUn_KI270583v1:0-1400
ForkPoolWorker-11 countReadsInRegions_worker: processing 1400 (134781.5 per sec) @ chrUn_KI270583v1:0-1400
ForkPoolWorker-11,  processing 1593 (79658.6 per sec) reads @ chr19:10000000-15000000
ForkPoolWorker-11 countReadsInRegions_worker: processing 5000000 (6767045.3 per sec) @ chr19:10000000-15000000
ForkPoolWorker-11,  processing 160 (71210.6 per sec) reads @ chr8:10000000-15000000
ForkPoolWorker-11 countReadsInRegions_worker: processing 5000000 (7078282.1 per sec) @ chr8:10000000-15000000
ForkPoolWorker-11,  processing 0 (0.0 per sec) reads @ chr1:130000000-135000000
ForkPoolWorker-11 countReadsInRegions_worker: processing 5000000 (8161385.2 per sec) @ chr1:130000000-135000000
ForkPoolWorker-27,  processing 0 (0.0 per sec) reads @ chrUn_KI270521v1:0-7642
ForkPoolWorker-27 countReadsInRegions_worker: processing 7642 (411071.3 per sec) @ chrUn_KI270521v1:0-7642
ForkPoolWorker-27,  processing 14 (17306.3 per sec) reads @ chr14_GL000194v1_random:0-191469
ForkPoolWorker-27 countReadsInRegions_worker: processing 191469 (4825153.2 per sec) @ chr14_GL000194v1_random:0-191469
ForkPoolWorker-27,  processing 66 (43498.4 per sec) reads @ chr2:205000000-210000000
ForkPoolWorker-27 countReadsInRegions_worker: processing 5000000 (7559622.8 per sec) @ chr2:205000000-210000000
ForkPoolWorker-27,  processing 0 (0.0 per sec) reads @ chr22:5000000-10000000
ForkPoolWorker-27 countReadsInRegions_worker: processing 5000000 (6965433.4 per sec) @ chr22:5000000-10000000
ForkPoolWorker-27,  processing 0 (0.0 per sec) reads @ chrUn_KI270381v1:0-1930
ForkPoolWorker-27 countReadsInRegions_worker: processing 1930 (119720.3 per sec) @ chrUn_KI270381v1:0-1930
ForkPoolWorker-27,  processing 4543 (100128.3 per sec) reads @ chr1:225000000-230000000
ForkPoolWorker-27 countReadsInRegions_worker: processing 5000000 (6520451.7 per sec) @ chr1:225000000-230000000
ForkPoolWorker-27,  processing 1 (2039.0 per sec) reads @ chr22_KI270738v1_random:0-99375
ForkPoolWorker-27 countReadsInRegions_worker: processing 99375 (3832162.3 per sec) @ chr22_KI270738v1_random:0-99375
ForkPoolWorker-27,  processing 0 (0.0 per sec) reads @ chrUn_KI270376v1:0-1136
ForkPoolWorker-27 countReadsInRegions_worker: processing 1136 (108647.3 per sec) @ chrUn_KI270376v1:0-1136
ForkPoolWorker-27,  processing 43 (37240.4 per sec) reads @ chr8:80000000-85000000
ForkPoolWorker-27 countReadsInRegions_worker: processing 5000000 (6980868.4 per sec) @ chr8:80000000-85000000
ForkPoolWorker-27,  processing 0 (0.0 per sec) reads @ chrUn_KI270386v1:0-1788
ForkPoolWorker-27 countReadsInRegions_worker: processing 1788 (169839.1 per sec) @ chrUn_KI270386v1:0-1788
ForkPoolWorker-27,  processing 95 (57307.5 per sec) reads @ chr4:100000000-105000000
ForkPoolWorker-27 countReadsInRegions_worker: processing 5000000 (6967060.2 per sec) @ chr4:100000000-105000000
ForkPoolWorker-27,  processing 149 (57230.0 per sec) reads @ chr3:40000000-45000000
ForkPoolWorker-27 countReadsInRegions_worker: processing 5000000 (6932596.4 per sec) @ chr3:40000000-45000000
ForkPoolWorker-27,  processing 0 (0.0 per sec) reads @ chrUn_KI270338v1:0-1428
ForkPoolWorker-27 countReadsInRegions_worker: processing 1428 (137442.4 per sec) @ chrUn_KI270338v1:0-1428
ForkPoolWorker-27,  processing 75 (45802.7 per sec) reads @ chr10:110000000-115000000
ForkPoolWorker-27 countReadsInRegions_worker: processing 5000000 (6933288.5 per sec) @ chr10:110000000-115000000
ForkPoolWorker-27,  processing 0 (0.0 per sec) reads @ chrUn_KI270517v1:0-3253
ForkPoolWorker-27 countReadsInRegions_worker: processing 3253 (306677.3 per sec) @ chrUn_KI270517v1:0-3253
ForkPoolWorker-27,  processing 19 (23322.1 per sec) reads @ chrY:20000000-25000000
ForkPoolWorker-27 countReadsInRegions_worker: processing 5000000 (6911483.1 per sec) @ chrY:20000000-25000000
ForkPoolWorker-27,  processing 124715 (101331.0 per sec) reads @ chr22_KI270733v1_random:0-179772
ForkPoolWorker-27 countReadsInRegions_worker: processing 179772 (142086.9 per sec) @ chr22_KI270733v1_random:0-179772
ForkPoolWorker-27,  processing 0 (0.0 per sec) reads @ chr17_KI270730v1_random:0-112551
ForkPoolWorker-27 countReadsInRegions_worker: processing 112551 (4685124.2 per sec) @ chr17_KI270730v1_random:0-112551
ForkPoolWorker-27,  processing 23 (26685.8 per sec) reads @ chr13:60000000-65000000
ForkPoolWorker-27 countReadsInRegions_worker: processing 5000000 (6992324.7 per sec) @ chr13:60000000-65000000
ForkPoolWorker-27,  processing 260 (75203.0 per sec) reads @ chr2:60000000-65000000
ForkPoolWorker-27 countReadsInRegions_worker: processing 5000000 (6936671.2 per sec) @ chr2:60000000-65000000
ForkPoolWorker-27,  processing 62 (41767.9 per sec) reads @ chr18:55000000-60000000
ForkPoolWorker-27 countReadsInRegions_worker: processing 5000000 (6939561.0 per sec) @ chr18:55000000-60000000
ForkPoolWorker-27,  processing 3332 (121096.8 per sec) reads @ chr1:120000000-125000000
ForkPoolWorker-27 countReadsInRegions_worker: processing 5000000 (7788683.1 per sec) @ chr1:120000000-125000000
ForkPoolWorker-27,  processing 201 (69513.1 per sec) reads @ chr20:55000000-60000000
ForkPoolWorker-27 countReadsInRegions_worker: processing 5000000 (8112560.3 per sec) @ chr20:55000000-60000000
ForkPoolWorker-27,  processing 40 (37390.7 per sec) reads @ chr5:115000000-120000000
ForkPoolWorker-27 countReadsInRegions_worker: processing 5000000 (8143343.5 per sec) @ chr5:115000000-120000000
ForkPoolWorker-49,  processing 699 (39224.3 per sec) reads @ chr19:50000000-55000000
ForkPoolWorker-49 countReadsInRegions_worker: processing 5000000 (6437383.1 per sec) @ chr19:50000000-55000000
ForkPoolWorker-49,  processing 19 (13425.2 per sec) reads @ chr10:55000000-60000000
ForkPoolWorker-49 countReadsInRegions_worker: processing 5000000 (6382534.1 per sec) @ chr10:55000000-60000000
ForkPoolWorker-49,  processing 604 (75516.7 per sec) reads @ chr17:35000000-40000000
ForkPoolWorker-49 countReadsInRegions_worker: processing 5000000 (6855006.0 per sec) @ chr17:35000000-40000000
ForkPoolWorker-49,  processing 18 (15817.6 per sec) reads @ chr13:85000000-90000000
ForkPoolWorker-49 countReadsInRegions_worker: processing 5000000 (6921031.0 per sec) @ chr13:85000000-90000000
ForkPoolWorker-49,  processing 44 (40911.0 per sec) reads @ chrX:75000000-80000000
ForkPoolWorker-49 countReadsInRegions_worker: processing 5000000 (6829103.1 per sec) @ chrX:75000000-80000000
ForkPoolWorker-49,  processing 0 (0.0 per sec) reads @ chrUn_KI270393v1:0-1308
ForkPoolWorker-49 countReadsInRegions_worker: processing 1308 (134583.2 per sec) @ chrUn_KI270393v1:0-1308
ForkPoolWorker-49,  processing 311 (70251.4 per sec) reads @ chr2:70000000-75000000
ForkPoolWorker-49 countReadsInRegions_worker: processing 5000000 (6813250.9 per sec) @ chr2:70000000-75000000
ForkPoolWorker-49,  processing 170 (65087.3 per sec) reads @ chr8:35000000-40000000
ForkPoolWorker-49 countReadsInRegions_worker: processing 5000000 (6877847.5 per sec) @ chr8:35000000-40000000
ForkPoolWorker-49,  processing 139 (70454.2 per sec) reads @ chr6:115000000-120000000
ForkPoolWorker-49 countReadsInRegions_worker: processing 5000000 (6866632.6 per sec) @ chr6:115000000-120000000
ForkPoolWorker-49,  processing 225 (65313.8 per sec) reads @ chr9:110000000-115000000
ForkPoolWorker-49 countReadsInRegions_worker: processing 5000000 (6858157.9 per sec) @ chr9:110000000-115000000
ForkPoolWorker-49,  processing 0 (0.0 per sec) reads @ chrUn_KI270581v1:0-7046
ForkPoolWorker-49 countReadsInRegions_worker: processing 7046 (668455.0 per sec) @ chrUn_KI270581v1:0-7046
ForkPoolWorker-49,  processing 24 (26407.0 per sec) reads @ chr2:160000000-165000000
ForkPoolWorker-49 countReadsInRegions_worker: processing 5000000 (6877421.2 per sec) @ chr2:160000000-165000000
ForkPoolWorker-49,  processing 156 (59542.4 per sec) reads @ chr2:20000000-25000000
ForkPoolWorker-49 countReadsInRegions_worker: processing 5000000 (6862278.1 per sec) @ chr2:20000000-25000000
ForkPoolWorker-49,  processing 7 (13836.1 per sec) reads @ chr1_KI270711v1_random:0-42210
ForkPoolWorker-49 countReadsInRegions_worker: processing 42210 (2784723.4 per sec) @ chr1_KI270711v1_random:0-42210
ForkPoolWorker-49,  processing 12 (22631.1 per sec) reads @ chr17_GL000205v2_random:0-185591
ForkPoolWorker-49 countReadsInRegions_worker: processing 185591 (5619261.6 per sec) @ chr17_GL000205v2_random:0-185591
ForkPoolWorker-49,  processing 84 (55800.1 per sec) reads @ chr8:120000000-125000000
ForkPoolWorker-49 countReadsInRegions_worker: processing 5000000 (7851743.5 per sec) @ chr8:120000000-125000000
ForkPoolWorker-26,  processing 57 (37870.3 per sec) reads @ chrY:10000000-15000000
ForkPoolWorker-26 countReadsInRegions_worker: processing 5000000 (6695652.5 per sec) @ chrY:10000000-15000000
ForkPoolWorker-26,  processing 473 (73951.8 per sec) reads @ chr5:70000000-75000000
ForkPoolWorker-26 countReadsInRegions_worker: processing 5000000 (6783505.7 per sec) @ chr5:70000000-75000000
ForkPoolWorker-26,  processing 15 (19790.7 per sec) reads @ chrY:25000000-30000000
ForkPoolWorker-26 countReadsInRegions_worker: processing 5000000 (6864569.3 per sec) @ chrY:25000000-30000000
ForkPoolWorker-26,  processing 17 (19323.4 per sec) reads @ chr6:65000000-70000000
ForkPoolWorker-26 countReadsInRegions_worker: processing 5000000 (6877854.3 per sec) @ chr6:65000000-70000000
ForkPoolWorker-26,  processing 0 (0.0 per sec) reads @ chrUn_KI270315v1:0-2276
ForkPoolWorker-26 countReadsInRegions_worker: processing 2276 (205986.4 per sec) @ chrUn_KI270315v1:0-2276
ForkPoolWorker-26,  processing 29 (23953.3 per sec) reads @ chr9:60000000-65000000
ForkPoolWorker-26 countReadsInRegions_worker: processing 5000000 (6806795.8 per sec) @ chr9:60000000-65000000
ForkPoolWorker-26,  processing 2 (3059.3 per sec) reads @ chr4_GL000008v2_random:0-209709
ForkPoolWorker-26 countReadsInRegions_worker: processing 209709 (5081623.5 per sec) @ chr4_GL000008v2_random:0-209709
ForkPoolWorker-26,  processing 31 (30818.5 per sec) reads @ chr1:80000000-85000000
ForkPoolWorker-26 countReadsInRegions_worker: processing 5000000 (6860789.7 per sec) @ chr1:80000000-85000000
ForkPoolWorker-26,  processing 166 (55664.7 per sec) reads @ chr17:70000000-75000000
ForkPoolWorker-26 countReadsInRegions_worker: processing 5000000 (6833649.4 per sec) @ chr17:70000000-75000000
ForkPoolWorker-26,  processing 0 (0.0 per sec) reads @ chrUn_KI270587v1:0-2969
ForkPoolWorker-26 countReadsInRegions_worker: processing 2969 (265017.1 per sec) @ chrUn_KI270587v1:0-2969
ForkPoolWorker-26,  processing 74 (46877.9 per sec) reads @ chr1:75000000-80000000
ForkPoolWorker-26 countReadsInRegions_worker: processing 5000000 (6818698.2 per sec) @ chr1:75000000-80000000
ForkPoolWorker-26,  processing 82 (49330.6 per sec) reads @ chr18:10000000-15000000
ForkPoolWorker-26 countReadsInRegions_worker: processing 5000000 (6839943.5 per sec) @ chr18:10000000-15000000
ForkPoolWorker-26,  processing 71 (41597.4 per sec) reads @ chr16:75000000-80000000
ForkPoolWorker-26 countReadsInRegions_worker: processing 5000000 (6826742.2 per sec) @ chr16:75000000-80000000
ForkPoolWorker-26,  processing 38 (35552.9 per sec) reads @ chr11:80000000-85000000
ForkPoolWorker-26 countReadsInRegions_worker: processing 5000000 (6830842.6 per sec) @ chr11:80000000-85000000
ForkPoolWorker-26,  processing 124 (56822.2 per sec) reads @ chr1:180000000-185000000
ForkPoolWorker-26 countReadsInRegions_worker: processing 5000000 (8052258.7 per sec) @ chr1:180000000-185000000
ForkPoolWorker-26,  processing 0 (0.0 per sec) reads @ chrY:35000000-40000000
ForkPoolWorker-26 countReadsInRegions_worker: processing 5000000 (8137459.9 per sec) @ chrY:35000000-40000000
ForkPoolWorker-51,  processing 101 (9535.3 per sec) reads @ chr3:30000000-35000000
ForkPoolWorker-51 countReadsInRegions_worker: processing 5000000 (6496630.6 per sec) @ chr3:30000000-35000000
ForkPoolWorker-51,  processing 260 (69164.7 per sec) reads @ chr1:240000000-245000000
ForkPoolWorker-51 countReadsInRegions_worker: processing 5000000 (6826086.7 per sec) @ chr1:240000000-245000000
ForkPoolWorker-51,  processing 60 (50799.0 per sec) reads @ chr6:90000000-95000000
ForkPoolWorker-51 countReadsInRegions_worker: processing 5000000 (6883830.2 per sec) @ chr6:90000000-95000000
ForkPoolWorker-51,  processing 238 (71481.9 per sec) reads @ chr1:245000000-248956422
ForkPoolWorker-51 countReadsInRegions_worker: processing 3956422 (6787679.2 per sec) @ chr1:245000000-248956422
ForkPoolWorker-51,  processing 0 (0.0 per sec) reads @ chrUn_KI270317v1:0-37690
ForkPoolWorker-51 countReadsInRegions_worker: processing 37690 (2564331.1 per sec) @ chrUn_KI270317v1:0-37690
ForkPoolWorker-51,  processing 118 (52501.1 per sec) reads @ chr18:5000000-10000000
ForkPoolWorker-51 countReadsInRegions_worker: processing 5000000 (6983876.6 per sec) @ chr18:5000000-10000000
ForkPoolWorker-51,  processing 114 (55605.4 per sec) reads @ chr13:40000000-45000000
ForkPoolWorker-51 countReadsInRegions_worker: processing 5000000 (6965782.8 per sec) @ chr13:40000000-45000000
ForkPoolWorker-51,  processing 774 (82393.6 per sec) reads @ chr17:15000000-20000000
ForkPoolWorker-51 countReadsInRegions_worker: processing 5000000 (6890905.5 per sec) @ chr17:15000000-20000000
ForkPoolWorker-51,  processing 66 (46345.9 per sec) reads @ chr4:85000000-90000000
ForkPoolWorker-51 countReadsInRegions_worker: processing 5000000 (6925444.4 per sec) @ chr4:85000000-90000000
ForkPoolWorker-51,  processing 43 (43690.7 per sec) reads @ chr21:10000000-15000000
ForkPoolWorker-51 countReadsInRegions_worker: processing 5000000 (6925240.9 per sec) @ chr21:10000000-15000000
ForkPoolWorker-51,  processing 276 (70214.6 per sec) reads @ chrX:70000000-75000000
ForkPoolWorker-51 countReadsInRegions_worker: processing 5000000 (6885783.1 per sec) @ chrX:70000000-75000000
ForkPoolWorker-51,  processing 0 (0.0 per sec) reads @ chrUn_KI270590v1:0-4685
ForkPoolWorker-51 countReadsInRegions_worker: processing 4685 (440787.7 per sec) @ chrUn_KI270590v1:0-4685
ForkPoolWorker-51,  processing 84 (47869.8 per sec) reads @ chr11:125000000-130000000
ForkPoolWorker-51 countReadsInRegions_worker: processing 5000000 (6913294.4 per sec) @ chr11:125000000-130000000
ForkPoolWorker-51,  processing 60 (49656.3 per sec) reads @ chrX:65000000-70000000
ForkPoolWorker-51 countReadsInRegions_worker: processing 5000000 (7464874.6 per sec) @ chrX:65000000-70000000
ForkPoolWorker-51,  processing 0 (0.0 per sec) reads @ chrUn_KI270516v1:0-1300
ForkPoolWorker-51 countReadsInRegions_worker: processing 1300 (92598.9 per sec) @ chrUn_KI270516v1:0-1300
ForkPoolWorker-51,  processing 0 (0.0 per sec) reads @ chrUn_KI270310v1:0-1201
ForkPoolWorker-51 countReadsInRegions_worker: processing 1201 (144407.3 per sec) @ chrUn_KI270310v1:0-1201
ForkPoolWorker-30,  processing 1 (54.1 per sec) reads @ chr14_KI270724v1_random:0-39555
ForkPoolWorker-30 countReadsInRegions_worker: processing 39555 (1148716.6 per sec) @ chr14_KI270724v1_random:0-39555
ForkPoolWorker-30,  processing 6 (11565.2 per sec) reads @ chrUn_KI270745v1:0-41891
ForkPoolWorker-30 countReadsInRegions_worker: processing 41891 (2912375.1 per sec) @ chrUn_KI270745v1:0-41891
ForkPoolWorker-30,  processing 2 (3964.4 per sec) reads @ chrUn_KI270467v1:0-3920
ForkPoolWorker-30 countReadsInRegions_worker: processing 3920 (382961.2 per sec) @ chrUn_KI270467v1:0-3920
ForkPoolWorker-30,  processing 28 (31757.8 per sec) reads @ chr2:80000000-85000000
ForkPoolWorker-30 countReadsInRegions_worker: processing 5000000 (7219377.8 per sec) @ chr2:80000000-85000000
ForkPoolWorker-30,  processing 50 (33251.2 per sec) reads @ chr13:70000000-75000000
ForkPoolWorker-30 countReadsInRegions_worker: processing 5000000 (6853207.2 per sec) @ chr13:70000000-75000000
ForkPoolWorker-30,  processing 116 (59254.6 per sec) reads @ chr1:170000000-175000000
ForkPoolWorker-30 countReadsInRegions_worker: processing 5000000 (6875552.0 per sec) @ chr1:170000000-175000000
ForkPoolWorker-30,  processing 625 (72194.1 per sec) reads @ chr3:50000000-55000000
ForkPoolWorker-30 countReadsInRegions_worker: processing 5000000 (6796086.5 per sec) @ chr3:50000000-55000000
ForkPoolWorker-30,  processing 29 (31446.4 per sec) reads @ chr8:55000000-60000000
ForkPoolWorker-30 countReadsInRegions_worker: processing 5000000 (6918236.5 per sec) @ chr8:55000000-60000000
ForkPoolWorker-30,  processing 0 (0.0 per sec) reads @ chrUn_KI270425v1:0-1884
ForkPoolWorker-30 countReadsInRegions_worker: processing 1884 (187925.2 per sec) @ chrUn_KI270425v1:0-1884
ForkPoolWorker-30,  processing 246 (67944.1 per sec) reads @ chr15:65000000-70000000
ForkPoolWorker-30 countReadsInRegions_worker: processing 5000000 (6865119.8 per sec) @ chr15:65000000-70000000
ForkPoolWorker-30,  processing 1 (2343.2 per sec) reads @ chrUn_KI270750v1:0-148850
ForkPoolWorker-30 countReadsInRegions_worker: processing 148850 (4705863.1 per sec) @ chrUn_KI270750v1:0-148850
ForkPoolWorker-30,  processing 0 (0.0 per sec) reads @ chrUn_KI270518v1:0-2186
ForkPoolWorker-30 countReadsInRegions_worker: processing 2186 (208111.1 per sec) @ chrUn_KI270518v1:0-2186
ForkPoolWorker-30,  processing 34 (31592.0 per sec) reads @ chr5:110000000-115000000
ForkPoolWorker-30 countReadsInRegions_worker: processing 5000000 (6957112.5 per sec) @ chr5:110000000-115000000
ForkPoolWorker-30,  processing 185 (63456.5 per sec) reads @ chr20:45000000-50000000
ForkPoolWorker-30 countReadsInRegions_worker: processing 5000000 (6926279.3 per sec) @ chr20:45000000-50000000
ForkPoolWorker-30,  processing 225 (63036.4 per sec) reads @ chr4:5000000-10000000
ForkPoolWorker-30 countReadsInRegions_worker: processing 5000000 (6933501.7 per sec) @ chr4:5000000-10000000
ForkPoolWorker-30,  processing 44 (42250.3 per sec) reads @ chr22:10000000-15000000
ForkPoolWorker-30 countReadsInRegions_worker: processing 5000000 (6931723.3 per sec) @ chr22:10000000-15000000
ForkPoolWorker-30,  processing 1616 (82412.2 per sec) reads @ chr11:65000000-70000000
ForkPoolWorker-30 countReadsInRegions_worker: processing 5000000 (6748008.0 per sec) @ chr11:65000000-70000000
ForkPoolWorker-30,  processing 59 (49932.2 per sec) reads @ chr13:105000000-110000000
ForkPoolWorker-30 countReadsInRegions_worker: processing 5000000 (7942133.0 per sec) @ chr13:105000000-110000000
ForkPoolWorker-30,  processing 106 (65778.4 per sec) reads @ chr8:125000000-130000000
ForkPoolWorker-30 countReadsInRegions_worker: processing 5000000 (8097143.2 per sec) @ chr8:125000000-130000000
ForkPoolWorker-30,  processing 0 (0.0 per sec) reads @ chrUn_GL000213v1:0-164239
ForkPoolWorker-30 countReadsInRegions_worker: processing 164239 (6067934.2 per sec) @ chrUn_GL000213v1:0-164239
ForkPoolWorker-42,  processing 5 (358.2 per sec) reads @ chrUn_GL000214v1:0-137718
ForkPoolWorker-42 countReadsInRegions_worker: processing 137718 (3232190.1 per sec) @ chrUn_GL000214v1:0-137718
ForkPoolWorker-42,  processing 0 (0.0 per sec) reads @ chrUn_KI270383v1:0-1750
ForkPoolWorker-42 countReadsInRegions_worker: processing 1750 (127382.5 per sec) @ chrUn_KI270383v1:0-1750
ForkPoolWorker-42,  processing 52 (35632.1 per sec) reads @ chr4:105000000-110000000
ForkPoolWorker-42 countReadsInRegions_worker: processing 5000000 (7306577.0 per sec) @ chr4:105000000-110000000
ForkPoolWorker-42,  processing 640 (68053.1 per sec) reads @ chr12:5000000-10000000
ForkPoolWorker-42 countReadsInRegions_worker: processing 5000000 (6718839.4 per sec) @ chr12:5000000-10000000
ForkPoolWorker-42,  processing 138 (55891.7 per sec) reads @ chr5:130000000-135000000
ForkPoolWorker-42 countReadsInRegions_worker: processing 5000000 (6806373.8 per sec) @ chr5:130000000-135000000
ForkPoolWorker-42,  processing 1133 (77493.7 per sec) reads @ chr11:60000000-65000000
ForkPoolWorker-42 countReadsInRegions_worker: processing 5000000 (6682558.8 per sec) @ chr11:60000000-65000000
ForkPoolWorker-42,  processing 968 (76114.2 per sec) reads @ chr7:100000000-105000000
ForkPoolWorker-42 countReadsInRegions_worker: processing 5000000 (6699693.1 per sec) @ chr7:100000000-105000000
ForkPoolWorker-42,  processing 5722 (87755.8 per sec) reads @ chr16:0-5000000
ForkPoolWorker-42 countReadsInRegions_worker: processing 5000000 (6273051.5 per sec) @ chr16:0-5000000
ForkPoolWorker-42,  processing 0 (0.0 per sec) reads @ chrUn_KI270316v1:0-1444
ForkPoolWorker-42 countReadsInRegions_worker: processing 1444 (133867.7 per sec) @ chrUn_KI270316v1:0-1444
ForkPoolWorker-42,  processing 269 (62435.3 per sec) reads @ chr16:20000000-25000000
ForkPoolWorker-42 countReadsInRegions_worker: processing 5000000 (6829229.9 per sec) @ chr16:20000000-25000000
ForkPoolWorker-42,  processing 183 (64354.6 per sec) reads @ chr5:140000000-145000000
ForkPoolWorker-42 countReadsInRegions_worker: processing 5000000 (6811799.1 per sec) @ chr5:140000000-145000000
ForkPoolWorker-42,  processing 83 (46510.0 per sec) reads @ chr10:90000000-95000000
ForkPoolWorker-42 countReadsInRegions_worker: processing 5000000 (6846376.7 per sec) @ chr10:90000000-95000000
ForkPoolWorker-42,  processing 60 (58798.7 per sec) reads @ chrUn_KI270442v1:0-392061
ForkPoolWorker-42 countReadsInRegions_worker: processing 392061 (5607714.5 per sec) @ chrUn_KI270442v1:0-392061
ForkPoolWorker-42,  processing 193 (54959.6 per sec) reads @ chr7:95000000-100000000
ForkPoolWorker-42 countReadsInRegions_worker: processing 5000000 (6883683.4 per sec) @ chr7:95000000-100000000
ForkPoolWorker-42,  processing 0 (0.0 per sec) reads @ chrUn_KI270748v1:0-93321
ForkPoolWorker-42 countReadsInRegions_worker: processing 93321 (3927007.8 per sec) @ chrUn_KI270748v1:0-93321
ForkPoolWorker-42,  processing 1006 (78802.3 per sec) reads @ chr22:40000000-45000000
ForkPoolWorker-42 countReadsInRegions_worker: processing 5000000 (6794545.2 per sec) @ chr22:40000000-45000000
ForkPoolWorker-4,  processing 11 (469.0 per sec) reads @ chr5:25000000-30000000
ForkPoolWorker-4 countReadsInRegions_worker: processing 5000000 (6617878.2 per sec) @ chr5:25000000-30000000
ForkPoolWorker-4,  processing 93 (41286.0 per sec) reads @ chr14:15000000-20000000
ForkPoolWorker-4 countReadsInRegions_worker: processing 5000000 (6754982.9 per sec) @ chr14:15000000-20000000
ForkPoolWorker-4,  processing 0 (0.0 per sec) reads @ chrUn_KI270580v1:0-1553
ForkPoolWorker-4 countReadsInRegions_worker: processing 1553 (136883.8 per sec) @ chrUn_KI270580v1:0-1553
ForkPoolWorker-4,  processing 57 (37343.9 per sec) reads @ chr12:25000000-30000000
ForkPoolWorker-4 countReadsInRegions_worker: processing 5000000 (6868038.1 per sec) @ chr12:25000000-30000000
ForkPoolWorker-4,  processing 0 (0.0 per sec) reads @ chrUn_KI270382v1:0-4215
ForkPoolWorker-4 countReadsInRegions_worker: processing 4215 (363630.6 per sec) @ chrUn_KI270382v1:0-4215
ForkPoolWorker-4,  processing 25 (26465.8 per sec) reads @ chr8:85000000-90000000
ForkPoolWorker-4 countReadsInRegions_worker: processing 5000000 (6808842.2 per sec) @ chr8:85000000-90000000
ForkPoolWorker-4,  processing 9 (11329.2 per sec) reads @ chr4:60000000-65000000
ForkPoolWorker-4 countReadsInRegions_worker: processing 5000000 (6813609.5 per sec) @ chr4:60000000-65000000
ForkPoolWorker-4,  processing 221 (55984.9 per sec) reads @ chr1:50000000-55000000
ForkPoolWorker-4 countReadsInRegions_worker: processing 5000000 (6790270.6 per sec) @ chr1:50000000-55000000
ForkPoolWorker-4,  processing 34 (30009.8 per sec) reads @ chr7:110000000-115000000
ForkPoolWorker-4 countReadsInRegions_worker: processing 5000000 (6805477.1 per sec) @ chr7:110000000-115000000
ForkPoolWorker-4,  processing 55 (38888.5 per sec) reads @ chr19:20000000-25000000
ForkPoolWorker-4 countReadsInRegions_worker: processing 5000000 (6800853.5 per sec) @ chr19:20000000-25000000
ForkPoolWorker-4,  processing 0 (0.0 per sec) reads @ chr22:0-5000000
ForkPoolWorker-4 countReadsInRegions_worker: processing 5000000 (6844017.3 per sec) @ chr22:0-5000000
ForkPoolWorker-4,  processing 95 (52079.3 per sec) reads @ chr6:15000000-20000000
ForkPoolWorker-4 countReadsInRegions_worker: processing 5000000 (6813264.1 per sec) @ chr6:15000000-20000000
ForkPoolWorker-4,  processing 27 (23771.2 per sec) reads @ chrX:55000000-60000000
ForkPoolWorker-4 countReadsInRegions_worker: processing 5000000 (6811885.4 per sec) @ chrX:55000000-60000000
ForkPoolWorker-4,  processing 0 (0.0 per sec) reads @ chrUn_KI270411v1:0-2646
ForkPoolWorker-4 countReadsInRegions_worker: processing 2646 (282438.2 per sec) @ chrUn_KI270411v1:0-2646
ForkPoolWorker-4,  processing 141 (63886.4 per sec) reads @ chr2:65000000-70000000
ForkPoolWorker-4 countReadsInRegions_worker: processing 5000000 (8036641.7 per sec) @ chr2:65000000-70000000
ForkPoolWorker-4,  processing 94 (56950.0 per sec) reads @ chr1:55000000-60000000
ForkPoolWorker-4 countReadsInRegions_worker: processing 5000000 (8089553.4 per sec) @ chr1:55000000-60000000
ForkPoolWorker-43,  processing 0 (0.0 per sec) reads @ chrUn_KI270395v1:0-1143
ForkPoolWorker-43 countReadsInRegions_worker: processing 1143 (88118.5 per sec) @ chrUn_KI270395v1:0-1143
ForkPoolWorker-43,  processing 64 (45489.8 per sec) reads @ chr13:80000000-85000000
ForkPoolWorker-43 countReadsInRegions_worker: processing 5000000 (6609710.2 per sec) @ chr13:80000000-85000000
ForkPoolWorker-43,  processing 144 (55345.0 per sec) reads @ chr21:30000000-35000000
ForkPoolWorker-43 countReadsInRegions_worker: processing 5000000 (6757270.5 per sec) @ chr21:30000000-35000000
ForkPoolWorker-43,  processing 0 (0.0 per sec) reads @ chrUn_KI270510v1:0-2415
ForkPoolWorker-43 countReadsInRegions_worker: processing 2415 (239898.7 per sec) @ chrUn_KI270510v1:0-2415
ForkPoolWorker-43,  processing 92 (65748.2 per sec) reads @ chr12:85000000-90000000
ForkPoolWorker-43 countReadsInRegions_worker: processing 5000000 (6844468.5 per sec) @ chr12:85000000-90000000
ForkPoolWorker-43,  processing 51 (37156.4 per sec) reads @ chr3:95000000-100000000
ForkPoolWorker-43 countReadsInRegions_worker: processing 5000000 (6845699.6 per sec) @ chr3:95000000-100000000
ForkPoolWorker-43,  processing 52 (38870.8 per sec) reads @ chr6:140000000-145000000
ForkPoolWorker-43 countReadsInRegions_worker: processing 5000000 (6862255.7 per sec) @ chr6:140000000-145000000
ForkPoolWorker-43,  processing 70 (47747.8 per sec) reads @ chr13:90000000-95000000
ForkPoolWorker-43 countReadsInRegions_worker: processing 5000000 (6876898.0 per sec) @ chr13:90000000-95000000
ForkPoolWorker-43,  processing 941 (101680.8 per sec) reads @ chr21:15000000-20000000
ForkPoolWorker-43 countReadsInRegions_worker: processing 5000000 (6773694.3 per sec) @ chr21:15000000-20000000
ForkPoolWorker-43,  processing 0 (0.0 per sec) reads @ chrUn_KI270468v1:0-4055
ForkPoolWorker-43 countReadsInRegions_worker: processing 4055 (400544.1 per sec) @ chrUn_KI270468v1:0-4055
ForkPoolWorker-43,  processing 44 (41981.2 per sec) reads @ chr5:120000000-125000000
ForkPoolWorker-43 countReadsInRegions_worker: processing 5000000 (6879144.8 per sec) @ chr5:120000000-125000000
ForkPoolWorker-43,  processing 37 (34632.7 per sec) reads @ chr6:55000000-60000000
ForkPoolWorker-43 countReadsInRegions_worker: processing 5000000 (6880013.6 per sec) @ chr6:55000000-60000000
ForkPoolWorker-43,  processing 27 (29437.5 per sec) reads @ chr11:35000000-40000000
ForkPoolWorker-43 countReadsInRegions_worker: processing 5000000 (6884924.1 per sec) @ chr11:35000000-40000000
ForkPoolWorker-43,  processing 1 (2361.7 per sec) reads @ chrUn_KI270747v1:0-198735
ForkPoolWorker-43 countReadsInRegions_worker: processing 198735 (5173311.6 per sec) @ chrUn_KI270747v1:0-198735
ForkPoolWorker-43,  processing 404 (81193.0 per sec) reads @ chr6:0-5000000
ForkPoolWorker-43 countReadsInRegions_worker: processing 5000000 (6779269.2 per sec) @ chr6:0-5000000
ForkPoolWorker-43,  processing 58 (41899.7 per sec) reads @ chr9:105000000-110000000
ForkPoolWorker-43 countReadsInRegions_worker: processing 5000000 (7738716.8 per sec) @ chr9:105000000-110000000
ForkPoolWorker-41,  processing 250 (18637.4 per sec) reads @ chr1:105000000-110000000
ForkPoolWorker-41 countReadsInRegions_worker: processing 5000000 (6477945.7 per sec) @ chr1:105000000-110000000
ForkPoolWorker-41,  processing 0 (0.0 per sec) reads @ chrUn_GL000216v2:0-176608
ForkPoolWorker-41 countReadsInRegions_worker: processing 176608 (4154478.3 per sec) @ chrUn_GL000216v2:0-176608
ForkPoolWorker-41,  processing 0 (0.0 per sec) reads @ chr13:0-5000000
ForkPoolWorker-41 countReadsInRegions_worker: processing 5000000 (7012786.3 per sec) @ chr13:0-5000000
ForkPoolWorker-41,  processing 0 (0.0 per sec) reads @ chrUn_KI270757v1:0-71251
ForkPoolWorker-41 countReadsInRegions_worker: processing 71251 (3616180.1 per sec) @ chrUn_KI270757v1:0-71251
ForkPoolWorker-41,  processing 0 (0.0 per sec) reads @ chrUn_KI270340v1:0-1428
ForkPoolWorker-41 countReadsInRegions_worker: processing 1428 (138709.3 per sec) @ chrUn_KI270340v1:0-1428
ForkPoolWorker-41,  processing 0 (0.0 per sec) reads @ chrUn_KI270391v1:0-1484
ForkPoolWorker-41 countReadsInRegions_worker: processing 1484 (144483.5 per sec) @ chrUn_KI270391v1:0-1484
ForkPoolWorker-41,  processing 77 (40015.0 per sec) reads @ chr20:5000000-10000000
ForkPoolWorker-41 countReadsInRegions_worker: processing 5000000 (6971949.7 per sec) @ chr20:5000000-10000000
ForkPoolWorker-41,  processing 0 (0.0 per sec) reads @ chrUn_KI270466v1:0-1233
ForkPoolWorker-41 countReadsInRegions_worker: processing 1233 (116774.2 per sec) @ chrUn_KI270466v1:0-1233
ForkPoolWorker-41,  processing 101 (50437.5 per sec) reads @ chr6:85000000-90000000
ForkPoolWorker-41 countReadsInRegions_worker: processing 5000000 (6944637.3 per sec) @ chr6:85000000-90000000
ForkPoolWorker-41,  processing 0 (0.0 per sec) reads @ chr9_KI270720v1_random:0-39050
ForkPoolWorker-41 countReadsInRegions_worker: processing 39050 (2634257.1 per sec) @ chr9_KI270720v1_random:0-39050
ForkPoolWorker-41,  processing 139 (61969.4 per sec) reads @ chr16:5000000-10000000
ForkPoolWorker-41 countReadsInRegions_worker: processing 5000000 (6926606.4 per sec) @ chr16:5000000-10000000
ForkPoolWorker-41,  processing 93 (46793.5 per sec) reads @ chr10:45000000-50000000
ForkPoolWorker-41 countReadsInRegions_worker: processing 5000000 (6902184.0 per sec) @ chr10:45000000-50000000
ForkPoolWorker-41,  processing 123 (51589.9 per sec) reads @ chrX:40000000-45000000
ForkPoolWorker-41 countReadsInRegions_worker: processing 5000000 (6852385.4 per sec) @ chrX:40000000-45000000
ForkPoolWorker-41,  processing 36 (28436.0 per sec) reads @ chr8:15000000-20000000
ForkPoolWorker-41 countReadsInRegions_worker: processing 5000000 (6901132.4 per sec) @ chr8:15000000-20000000
ForkPoolWorker-41,  processing 66 (46967.1 per sec) reads @ chr6:130000000-135000000
ForkPoolWorker-41 countReadsInRegions_worker: processing 5000000 (6913804.9 per sec) @ chr6:130000000-135000000
ForkPoolWorker-41,  processing 91 (49389.4 per sec) reads @ chr4:80000000-85000000
ForkPoolWorker-41 countReadsInRegions_worker: processing 5000000 (6871719.8 per sec) @ chr4:80000000-85000000
ForkPoolWorker-41,  processing 208 (66207.4 per sec) reads @ chr20:15000000-20000000
ForkPoolWorker-41 countReadsInRegions_worker: processing 5000000 (6851895.1 per sec) @ chr20:15000000-20000000
ForkPoolWorker-41,  processing 1216 (81665.8 per sec) reads @ chr3:45000000-50000000
ForkPoolWorker-41 countReadsInRegions_worker: processing 5000000 (7831362.7 per sec) @ chr3:45000000-50000000
ForkPoolWorker-41,  processing 62 (41415.3 per sec) reads @ chr1:85000000-90000000
ForkPoolWorker-41 countReadsInRegions_worker: processing 5000000 (8071690.8 per sec) @ chr1:85000000-90000000
ForkPoolWorker-41,  processing 0 (0.0 per sec) reads @ chrUn_KI270588v1:0-6158
ForkPoolWorker-41 countReadsInRegions_worker: processing 6158 (662388.7 per sec) @ chrUn_KI270588v1:0-6158
ForkPoolWorker-40,  processing 625 (34418.4 per sec) reads @ chr10:130000000-133797422
ForkPoolWorker-40 countReadsInRegions_worker: processing 3797422 (6875906.5 per sec) @ chr10:130000000-133797422
ForkPoolWorker-40,  processing 0 (0.0 per sec) reads @ chrUn_KI270312v1:0-998
ForkPoolWorker-40 countReadsInRegions_worker: processing 998 (86039.7 per sec) @ chrUn_KI270312v1:0-998
ForkPoolWorker-40,  processing 1316 (85737.6 per sec) reads @ chr17:40000000-45000000
ForkPoolWorker-40 countReadsInRegions_worker: processing 5000000 (6947515.4 per sec) @ chr17:40000000-45000000
ForkPoolWorker-40,  processing 282 (73138.4 per sec) reads @ chr10:125000000-130000000
ForkPoolWorker-40 countReadsInRegions_worker: processing 5000000 (7033040.1 per sec) @ chr10:125000000-130000000
ForkPoolWorker-40,  processing 44 (34456.6 per sec) reads @ chr12:40000000-45000000
ForkPoolWorker-40 countReadsInRegions_worker: processing 5000000 (6990129.2 per sec) @ chr12:40000000-45000000
ForkPoolWorker-40,  processing 126 (63261.0 per sec) reads @ chr2:0-5000000
ForkPoolWorker-40 countReadsInRegions_worker: processing 5000000 (6956934.8 per sec) @ chr2:0-5000000
ForkPoolWorker-40,  processing 44 (40418.2 per sec) reads @ chr10:35000000-40000000
ForkPoolWorker-40 countReadsInRegions_worker: processing 5000000 (6966733.8 per sec) @ chr10:35000000-40000000
ForkPoolWorker-40,  processing 117 (55600.9 per sec) reads @ chr2:175000000-180000000
ForkPoolWorker-40 countReadsInRegions_worker: processing 5000000 (6940054.8 per sec) @ chr2:175000000-180000000
ForkPoolWorker-40,  processing 22 (25639.0 per sec) reads @ chrX:80000000-85000000
ForkPoolWorker-40 countReadsInRegions_worker: processing 5000000 (6954233.4 per sec) @ chrX:80000000-85000000
ForkPoolWorker-40,  processing 0 (0.0 per sec) reads @ chrUn_KI270334v1:0-1368
ForkPoolWorker-40 countReadsInRegions_worker: processing 1368 (132094.9 per sec) @ chrUn_KI270334v1:0-1368
ForkPoolWorker-40,  processing 52 (46464.4 per sec) reads @ chr3:165000000-170000000
ForkPoolWorker-40 countReadsInRegions_worker: processing 5000000 (6979811.3 per sec) @ chr3:165000000-170000000
ForkPoolWorker-40,  processing 99 (52488.4 per sec) reads @ chr6:20000000-25000000
ForkPoolWorker-40 countReadsInRegions_worker: processing 5000000 (6941858.1 per sec) @ chr6:20000000-25000000
ForkPoolWorker-40,  processing 133 (66425.6 per sec) reads @ chr4:20000000-25000000
ForkPoolWorker-40 countReadsInRegions_worker: processing 5000000 (6937758.9 per sec) @ chr4:20000000-25000000
ForkPoolWorker-40,  processing 1491 (83187.6 per sec) reads @ chr4:0-5000000
ForkPoolWorker-40 countReadsInRegions_worker: processing 5000000 (6974862.1 per sec) @ chr4:0-5000000
ForkPoolWorker-40,  processing 30 (36054.2 per sec) reads @ chr13:55000000-60000000
ForkPoolWorker-40 countReadsInRegions_worker: processing 5000000 (8143609.1 per sec) @ chr13:55000000-60000000
ForkPoolWorker-40,  processing 0 (0.0 per sec) reads @ chr9:50000000-55000000
ForkPoolWorker-40 countReadsInRegions_worker: processing 5000000 (8166953.6 per sec) @ chr9:50000000-55000000
ForkPoolWorker-44,  processing 1513 (53424.1 per sec) reads @ chr19:15000000-20000000
ForkPoolWorker-44 countReadsInRegions_worker: processing 5000000 (6384446.1 per sec) @ chr19:15000000-20000000
ForkPoolWorker-44,  processing 42 (27231.5 per sec) reads @ chr8:130000000-135000000
ForkPoolWorker-44 countReadsInRegions_worker: processing 5000000 (6761869.8 per sec) @ chr8:130000000-135000000
ForkPoolWorker-44,  processing 107 (45992.1 per sec) reads @ chr13:45000000-50000000
ForkPoolWorker-44 countReadsInRegions_worker: processing 5000000 (6887176.1 per sec) @ chr13:45000000-50000000
ForkPoolWorker-44,  processing 911 (59898.9 per sec) reads @ chr21:40000000-45000000
ForkPoolWorker-44 countReadsInRegions_worker: processing 5000000 (6774523.6 per sec) @ chr21:40000000-45000000
ForkPoolWorker-44,  processing 31 (29890.4 per sec) reads @ chr3:175000000-180000000
ForkPoolWorker-44 countReadsInRegions_worker: processing 5000000 (6817895.7 per sec) @ chr3:175000000-180000000
ForkPoolWorker-44,  processing 196 (48855.0 per sec) reads @ chr15:30000000-35000000
ForkPoolWorker-44 countReadsInRegions_worker: processing 5000000 (6833208.5 per sec) @ chr15:30000000-35000000
ForkPoolWorker-44,  processing 0 (0.0 per sec) reads @ chrUn_KI270387v1:0-1537
ForkPoolWorker-44 countReadsInRegions_worker: processing 1537 (155584.5 per sec) @ chrUn_KI270387v1:0-1537
ForkPoolWorker-44,  processing 1544 (61189.6 per sec) reads @ chr20:60000000-64444167
ForkPoolWorker-44 countReadsInRegions_worker: processing 4444167 (6626460.7 per sec) @ chr20:60000000-64444167
ForkPoolWorker-44,  processing 804 (56176.5 per sec) reads @ chr9:125000000-130000000
ForkPoolWorker-44 countReadsInRegions_worker: processing 5000000 (6771727.9 per sec) @ chr9:125000000-130000000
ForkPoolWorker-44,  processing 3673 (64335.1 per sec) reads @ chr8:140000000-145000000
ForkPoolWorker-44 countReadsInRegions_worker: processing 5000000 (6383550.2 per sec) @ chr8:140000000-145000000
ForkPoolWorker-44,  processing 55 (37028.4 per sec) reads @ chr3:70000000-75000000
ForkPoolWorker-44 countReadsInRegions_worker: processing 5000000 (6875540.7 per sec) @ chr3:70000000-75000000
ForkPoolWorker-44,  processing 0 (0.0 per sec) reads @ chrUn_KI270508v1:0-1951
ForkPoolWorker-44 countReadsInRegions_worker: processing 1951 (189471.6 per sec) @ chrUn_KI270508v1:0-1951
ForkPoolWorker-44,  processing 0 (0.0 per sec) reads @ chrUn_KI270396v1:0-1880
ForkPoolWorker-44 countReadsInRegions_worker: processing 1880 (192554.3 per sec) @ chrUn_KI270396v1:0-1880
ForkPoolWorker-44,  processing 48 (34621.9 per sec) reads @ chr8:95000000-100000000
ForkPoolWorker-44 countReadsInRegions_worker: processing 5000000 (6883968.1 per sec) @ chr8:95000000-100000000
ForkPoolWorker-44,  processing 336 (53168.6 per sec) reads @ chr12:50000000-55000000
ForkPoolWorker-44 countReadsInRegions_worker: processing 5000000 (7310249.7 per sec) @ chr12:50000000-55000000
ForkPoolWorker-44,  processing 165 (66048.9 per sec) reads @ chr11:75000000-80000000
ForkPoolWorker-44 countReadsInRegions_worker: processing 5000000 (8068364.9 per sec) @ chr11:75000000-80000000
ForkPoolWorker-32,  processing 2884 (64498.5 per sec) reads @ chr1:0-5000000
ForkPoolWorker-32 countReadsInRegions_worker: processing 5000000 (6486685.8 per sec) @ chr1:0-5000000
ForkPoolWorker-32,  processing 0 (0.0 per sec) reads @ chrUn_KI270336v1:0-1026
ForkPoolWorker-32 countReadsInRegions_worker: processing 1026 (81760.0 per sec) @ chrUn_KI270336v1:0-1026
ForkPoolWorker-32,  processing 45 (38448.5 per sec) reads @ chr7:120000000-125000000
ForkPoolWorker-32 countReadsInRegions_worker: processing 5000000 (6894188.0 per sec) @ chr7:120000000-125000000
ForkPoolWorker-32,  processing 0 (0.0 per sec) reads @ chrUn_KI270417v1:0-2043
ForkPoolWorker-32 countReadsInRegions_worker: processing 2043 (200008.5 per sec) @ chrUn_KI270417v1:0-2043
ForkPoolWorker-32,  processing 1 (2323.7 per sec) reads @ chr15_KI270727v1_random:0-448248
ForkPoolWorker-32 countReadsInRegions_worker: processing 448248 (6075776.8 per sec) @ chr15_KI270727v1_random:0-448248
ForkPoolWorker-32,  processing 307 (76929.8 per sec) reads @ chr12:20000000-25000000
ForkPoolWorker-32 countReadsInRegions_worker: processing 5000000 (6824618.4 per sec) @ chr12:20000000-25000000
ForkPoolWorker-32,  processing 85 (44586.8 per sec) reads @ chr10:10000000-15000000
ForkPoolWorker-32 countReadsInRegions_worker: processing 5000000 (6860358.8 per sec) @ chr10:10000000-15000000
ForkPoolWorker-32,  processing 0 (0.0 per sec) reads @ chrUn_KI270589v1:0-44474
ForkPoolWorker-32 countReadsInRegions_worker: processing 44474 (2694226.6 per sec) @ chrUn_KI270589v1:0-44474
ForkPoolWorker-32,  processing 27 (29452.8 per sec) reads @ chrY:15000000-20000000
ForkPoolWorker-32 countReadsInRegions_worker: processing 5000000 (6821244.3 per sec) @ chrY:15000000-20000000
ForkPoolWorker-32,  processing 0 (0.0 per sec) reads @ chrUn_KI270364v1:0-2855
ForkPoolWorker-32 countReadsInRegions_worker: processing 2855 (264069.0 per sec) @ chrUn_KI270364v1:0-2855
ForkPoolWorker-32,  processing 15 (19617.9 per sec) reads @ chr6:170000000-170805979
ForkPoolWorker-32 countReadsInRegions_worker: processing 805979 (6352607.4 per sec) @ chr6:170000000-170805979
ForkPoolWorker-32,  processing 61 (43945.8 per sec) reads @ chr3:75000000-80000000
ForkPoolWorker-32 countReadsInRegions_worker: processing 5000000 (6924019.9 per sec) @ chr3:75000000-80000000
ForkPoolWorker-32,  processing 54 (41904.2 per sec) reads @ chr3:160000000-165000000
ForkPoolWorker-32 countReadsInRegions_worker: processing 5000000 (6903665.5 per sec) @ chr3:160000000-165000000
ForkPoolWorker-32,  processing 0 (0.0 per sec) reads @ chr9_KI270717v1_random:0-40062
ForkPoolWorker-32 countReadsInRegions_worker: processing 40062 (2556206.1 per sec) @ chr9_KI270717v1_random:0-40062
ForkPoolWorker-32,  processing 30 (30825.4 per sec) reads @ chr14:40000000-45000000
ForkPoolWorker-32 countReadsInRegions_worker: processing 5000000 (6894169.8 per sec) @ chr14:40000000-45000000
ForkPoolWorker-32,  processing 2 (4098.0 per sec) reads @ chr14_KI270723v1_random:0-38115
ForkPoolWorker-32 countReadsInRegions_worker: processing 38115 (2497007.3 per sec) @ chr14_KI270723v1_random:0-38115
ForkPoolWorker-32,  processing 965 (76612.3 per sec) reads @ chr21:45000000-46709983
ForkPoolWorker-32 countReadsInRegions_worker: processing 1709983 (6365699.0 per sec) @ chr21:45000000-46709983
ForkPoolWorker-32,  processing 95 (46570.7 per sec) reads @ chr7:30000000-35000000
ForkPoolWorker-32 countReadsInRegions_worker: processing 5000000 (6936237.5 per sec) @ chr7:30000000-35000000
ForkPoolWorker-32,  processing 156 (55417.2 per sec) reads @ chr3:35000000-40000000
ForkPoolWorker-32 countReadsInRegions_worker: processing 5000000 (6892681.1 per sec) @ chr3:35000000-40000000
ForkPoolWorker-32,  processing 109 (55678.9 per sec) reads @ chr21:35000000-40000000
ForkPoolWorker-32 countReadsInRegions_worker: processing 5000000 (6940378.6 per sec) @ chr21:35000000-40000000
ForkPoolWorker-22,  processing 3944 (61221.7 per sec) reads @ chr19:0-5000000
ForkPoolWorker-22 countReadsInRegions_worker: processing 5000000 (6393658.6 per sec) @ chr19:0-5000000
ForkPoolWorker-22,  processing 0 (0.0 per sec) reads @ chrUn_KI270320v1:0-4416
ForkPoolWorker-22 countReadsInRegions_worker: processing 4416 (372744.5 per sec) @ chrUn_KI270320v1:0-4416
ForkPoolWorker-22,  processing 22 (26095.8 per sec) reads @ chr10:105000000-110000000
ForkPoolWorker-22 countReadsInRegions_worker: processing 5000000 (6880049.8 per sec) @ chr10:105000000-110000000
ForkPoolWorker-22,  processing 37 (29380.8 per sec) reads @ chr10:40000000-45000000
ForkPoolWorker-22 countReadsInRegions_worker: processing 5000000 (6961683.0 per sec) @ chr10:40000000-45000000
ForkPoolWorker-22,  processing 125 (61284.4 per sec) reads @ chr3:150000000-155000000
ForkPoolWorker-22 countReadsInRegions_worker: processing 5000000 (6904958.8 per sec) @ chr3:150000000-155000000
ForkPoolWorker-22,  processing 251 (78017.7 per sec) reads @ chr3:110000000-115000000
ForkPoolWorker-22 countReadsInRegions_worker: processing 5000000 (6847505.6 per sec) @ chr3:110000000-115000000
ForkPoolWorker-22,  processing 437 (72176.1 per sec) reads @ chr1:30000000-35000000
ForkPoolWorker-22 countReadsInRegions_worker: processing 5000000 (6849283.6 per sec) @ chr1:30000000-35000000
ForkPoolWorker-22,  processing 0 (0.0 per sec) reads @ chrUn_KI270519v1:0-138126
ForkPoolWorker-22 countReadsInRegions_worker: processing 138126 (4729634.9 per sec) @ chrUn_KI270519v1:0-138126
ForkPoolWorker-22,  processing 173 (61017.0 per sec) reads @ chr10:115000000-120000000
ForkPoolWorker-22 countReadsInRegions_worker: processing 5000000 (6806563.8 per sec) @ chr10:115000000-120000000
ForkPoolWorker-22,  processing 98 (56345.7 per sec) reads @ chr3:185000000-190000000
ForkPoolWorker-22 countReadsInRegions_worker: processing 5000000 (6894092.8 per sec) @ chr3:185000000-190000000
ForkPoolWorker-22,  processing 299 (67486.2 per sec) reads @ chr3:10000000-15000000
ForkPoolWorker-22 countReadsInRegions_worker: processing 5000000 (6878219.7 per sec) @ chr3:10000000-15000000
ForkPoolWorker-22,  processing 29 (33656.6 per sec) reads @ chr8:110000000-115000000
ForkPoolWorker-22 countReadsInRegions_worker: processing 5000000 (6899849.5 per sec) @ chr8:110000000-115000000
ForkPoolWorker-22,  processing 766 (76298.1 per sec) reads @ chr1:155000000-160000000
ForkPoolWorker-22 countReadsInRegions_worker: processing 5000000 (6818347.9 per sec) @ chr1:155000000-160000000
ForkPoolWorker-22,  processing 38 (38855.1 per sec) reads @ chrX:5000000-10000000
ForkPoolWorker-22 countReadsInRegions_worker: processing 5000000 (7808437.9 per sec) @ chrX:5000000-10000000
ForkPoolWorker-22,  processing 0 (0.0 per sec) reads @ chrUn_KI270512v1:0-22689
ForkPoolWorker-22 countReadsInRegions_worker: processing 22689 (2051667.9 per sec) @ chrUn_KI270512v1:0-22689
ForkPoolWorker-22,  processing 248 (68142.0 per sec) reads @ chr2:95000000-100000000
ForkPoolWorker-22 countReadsInRegions_worker: processing 5000000 (8104136.6 per sec) @ chr2:95000000-100000000
ForkPoolWorker-48,  processing 46 (4469.3 per sec) reads @ chr4:70000000-75000000
ForkPoolWorker-48 countReadsInRegions_worker: processing 5000000 (6600149.6 per sec) @ chr4:70000000-75000000
ForkPoolWorker-48,  processing 186 (50468.4 per sec) reads @ chr10:95000000-100000000
ForkPoolWorker-48 countReadsInRegions_worker: processing 5000000 (6847850.0 per sec) @ chr10:95000000-100000000
ForkPoolWorker-48,  processing 98 (55143.8 per sec) reads @ chr12:75000000-80000000
ForkPoolWorker-48 countReadsInRegions_worker: processing 5000000 (6930410.8 per sec) @ chr12:75000000-80000000
ForkPoolWorker-48,  processing 45 (40166.8 per sec) reads @ chr18:70000000-75000000
ForkPoolWorker-48 countReadsInRegions_worker: processing 5000000 (6958324.4 per sec) @ chr18:70000000-75000000
ForkPoolWorker-48,  processing 86 (49739.4 per sec) reads @ chr11:130000000-135000000
ForkPoolWorker-48 countReadsInRegions_worker: processing 5000000 (6940401.6 per sec) @ chr11:130000000-135000000
ForkPoolWorker-48,  processing 751 (85770.5 per sec) reads @ chr13:110000000-114364328
ForkPoolWorker-48 countReadsInRegions_worker: processing 4364328 (6876549.0 per sec) @ chr13:110000000-114364328
ForkPoolWorker-48,  processing 229 (64740.9 per sec) reads @ chr22:25000000-30000000
ForkPoolWorker-48 countReadsInRegions_worker: processing 5000000 (6943313.0 per sec) @ chr22:25000000-30000000
ForkPoolWorker-48,  processing 28 (30283.8 per sec) reads @ chr6:45000000-50000000
ForkPoolWorker-48 countReadsInRegions_worker: processing 5000000 (6955557.3 per sec) @ chr6:45000000-50000000
ForkPoolWorker-48,  processing 52 (45081.4 per sec) reads @ chr10:60000000-65000000
ForkPoolWorker-48 countReadsInRegions_worker: processing 5000000 (6960548.5 per sec) @ chr10:60000000-65000000
ForkPoolWorker-48,  processing 86 (53069.0 per sec) reads @ chr2:100000000-105000000
ForkPoolWorker-48 countReadsInRegions_worker: processing 5000000 (6961844.8 per sec) @ chr2:100000000-105000000
ForkPoolWorker-48,  processing 160 (60453.0 per sec) reads @ chr10:0-5000000
ForkPoolWorker-48 countReadsInRegions_worker: processing 5000000 (6945552.7 per sec) @ chr10:0-5000000
ForkPoolWorker-48,  processing 167 (58693.5 per sec) reads @ chr1:45000000-50000000
ForkPoolWorker-48 countReadsInRegions_worker: processing 5000000 (7100954.9 per sec) @ chr1:45000000-50000000
ForkPoolWorker-14,  processing 131 (5388.7 per sec) reads @ chr1:210000000-215000000
ForkPoolWorker-14 countReadsInRegions_worker: processing 5000000 (6389587.3 per sec) @ chr1:210000000-215000000
ForkPoolWorker-14,  processing 345 (67580.6 per sec) reads @ chr7:70000000-75000000
ForkPoolWorker-14 countReadsInRegions_worker: processing 5000000 (6881641.4 per sec) @ chr7:70000000-75000000
ForkPoolWorker-14,  processing 384 (65739.3 per sec) reads @ chr17:25000000-30000000
ForkPoolWorker-14 countReadsInRegions_worker: processing 5000000 (6822489.2 per sec) @ chr17:25000000-30000000
ForkPoolWorker-14,  processing 74 (48307.9 per sec) reads @ chr3:135000000-140000000
ForkPoolWorker-14 countReadsInRegions_worker: processing 5000000 (6955070.6 per sec) @ chr3:135000000-140000000
ForkPoolWorker-14,  processing 39 (37552.3 per sec) reads @ chr12:70000000-75000000
ForkPoolWorker-14 countReadsInRegions_worker: processing 5000000 (6920722.7 per sec) @ chr12:70000000-75000000
ForkPoolWorker-14,  processing 118 (67530.1 per sec) reads @ chr11:85000000-90000000
ForkPoolWorker-14 countReadsInRegions_worker: processing 5000000 (6891883.8 per sec) @ chr11:85000000-90000000
ForkPoolWorker-14,  processing 53 (38032.2 per sec) reads @ chr10:50000000-55000000
ForkPoolWorker-14 countReadsInRegions_worker: processing 5000000 (6913873.3 per sec) @ chr10:50000000-55000000
ForkPoolWorker-14,  processing 67 (50415.9 per sec) reads @ chr5:90000000-95000000
ForkPoolWorker-14 countReadsInRegions_worker: processing 5000000 (6894274.1 per sec) @ chr5:90000000-95000000
ForkPoolWorker-14,  processing 84 (52405.4 per sec) reads @ chr17:10000000-15000000
ForkPoolWorker-14 countReadsInRegions_worker: processing 5000000 (6898408.3 per sec) @ chr17:10000000-15000000
ForkPoolWorker-14,  processing 37 (34243.0 per sec) reads @ chr2:185000000-190000000
ForkPoolWorker-14 countReadsInRegions_worker: processing 5000000 (6907788.2 per sec) @ chr2:185000000-190000000
ForkPoolWorker-14,  processing 69 (47694.0 per sec) reads @ chr2:50000000-55000000
ForkPoolWorker-14 countReadsInRegions_worker: processing 5000000 (6868557.7 per sec) @ chr2:50000000-55000000
ForkPoolWorker-14,  processing 336 (68411.9 per sec) reads @ chr1:20000000-25000000
ForkPoolWorker-14 countReadsInRegions_worker: processing 5000000 (7776870.1 per sec) @ chr1:20000000-25000000
ForkPoolWorker-39,  processing 97 (7645.2 per sec) reads @ chr7:45000000-50000000
ForkPoolWorker-39 countReadsInRegions_worker: processing 5000000 (6472649.4 per sec) @ chr7:45000000-50000000
ForkPoolWorker-39,  processing 70 (44729.0 per sec) reads @ chr11:90000000-95000000
ForkPoolWorker-39 countReadsInRegions_worker: processing 5000000 (6755679.3 per sec) @ chr11:90000000-95000000
ForkPoolWorker-39,  processing 0 (0.0 per sec) reads @ chrUn_KI270372v1:0-1650
ForkPoolWorker-39 countReadsInRegions_worker: processing 1650 (167115.9 per sec) @ chrUn_KI270372v1:0-1650
ForkPoolWorker-39,  processing 282913 (105688.8 per sec) reads @ chr1:15000000-20000000
ForkPoolWorker-39 countReadsInRegions_worker: processing 5000000 (1476445.1 per sec) @ chr1:15000000-20000000
ForkPoolWorker-39,  processing 0 (0.0 per sec) reads @ chrUn_KI270548v1:0-1599
ForkPoolWorker-39 countReadsInRegions_worker: processing 1599 (154443.1 per sec) @ chrUn_KI270548v1:0-1599
ForkPoolWorker-39,  processing 538 (90420.6 per sec) reads @ chrX:105000000-110000000
ForkPoolWorker-39 countReadsInRegions_worker: processing 5000000 (6919720.2 per sec) @ chrX:105000000-110000000
ForkPoolWorker-39,  processing 159 (70825.7 per sec) reads @ chr8:40000000-45000000
ForkPoolWorker-39 countReadsInRegions_worker: processing 5000000 (6934276.6 per sec) @ chr8:40000000-45000000
ForkPoolWorker-39,  processing 66 (45991.7 per sec) reads @ chr2:150000000-155000000
ForkPoolWorker-39 countReadsInRegions_worker: processing 5000000 (6914787.4 per sec) @ chr2:150000000-155000000
ForkPoolWorker-39,  processing 2 (3901.7 per sec) reads @ chr11:50000000-55000000
ForkPoolWorker-39 countReadsInRegions_worker: processing 5000000 (6913319.5 per sec) @ chr11:50000000-55000000
ForkPoolWorker-39,  processing 151 (56027.9 per sec) reads @ chr18:75000000-80000000
ForkPoolWorker-39 countReadsInRegions_worker: processing 5000000 (6878966.5 per sec) @ chr18:75000000-80000000
ForkPoolWorker-39,  processing 148 (55109.8 per sec) reads @ chr14:90000000-95000000
ForkPoolWorker-39 countReadsInRegions_worker: processing 5000000 (6886502.1 per sec) @ chr14:90000000-95000000
ForkPoolWorker-39,  processing 868 (78623.4 per sec) reads @ chr12:130000000-133275309
ForkPoolWorker-39 countReadsInRegions_worker: processing 3275309 (6707551.2 per sec) @ chr12:130000000-133275309
ForkPoolWorker-39,  processing 122 (55850.8 per sec) reads @ chr2:125000000-130000000
ForkPoolWorker-39 countReadsInRegions_worker: processing 5000000 (6877493.4 per sec) @ chr2:125000000-130000000
ForkPoolWorker-39,  processing 25 (33383.5 per sec) reads @ chrX:155000000-156040895
ForkPoolWorker-39 countReadsInRegions_worker: processing 1040895 (7616830.4 per sec) @ chrX:155000000-156040895
ForkPoolWorker-39,  processing 45 (46306.1 per sec) reads @ chr11:25000000-30000000
ForkPoolWorker-39 countReadsInRegions_worker: processing 5000000 (8127894.4 per sec) @ chr11:25000000-30000000
ForkPoolWorker-39,  processing 82 (53714.3 per sec) reads @ chr2:165000000-170000000
ForkPoolWorker-39 countReadsInRegions_worker: processing 5000000 (8118844.8 per sec) @ chr2:165000000-170000000
ForkPoolWorker-8,  processing 1976 (44169.4 per sec) reads @ chr16:85000000-90000000
ForkPoolWorker-8 countReadsInRegions_worker: processing 5000000 (6509061.7 per sec) @ chr16:85000000-90000000
ForkPoolWorker-8,  processing 33 (22292.2 per sec) reads @ chrX:140000000-145000000
ForkPoolWorker-8 countReadsInRegions_worker: processing 5000000 (6928247.1 per sec) @ chrX:140000000-145000000
ForkPoolWorker-8,  processing 222 (58739.3 per sec) reads @ chr7:40000000-45000000
ForkPoolWorker-8 countReadsInRegions_worker: processing 5000000 (6971092.2 per sec) @ chr7:40000000-45000000
ForkPoolWorker-8,  processing 45 (42500.3 per sec) reads @ chr2:210000000-215000000
ForkPoolWorker-8 countReadsInRegions_worker: processing 5000000 (6968620.6 per sec) @ chr2:210000000-215000000
ForkPoolWorker-8,  processing 2040 (81554.6 per sec) reads @ chr19:45000000-50000000
ForkPoolWorker-8 countReadsInRegions_worker: processing 5000000 (6730237.2 per sec) @ chr19:45000000-50000000
ForkPoolWorker-8,  processing 118 (62317.8 per sec) reads @ chr4:190000000-190214555
ForkPoolWorker-8 countReadsInRegions_worker: processing 214555 (5117247.4 per sec) @ chr4:190000000-190214555
ForkPoolWorker-8,  processing 0 (0.0 per sec) reads @ chrY:55000000-57227415
ForkPoolWorker-8 countReadsInRegions_worker: processing 2227415 (6655332.1 per sec) @ chrY:55000000-57227415
ForkPoolWorker-8,  processing 87 (45853.8 per sec) reads @ chr20:50000000-55000000
ForkPoolWorker-8 countReadsInRegions_worker: processing 5000000 (6965280.7 per sec) @ chr20:50000000-55000000
ForkPoolWorker-8,  processing 0 (0.0 per sec) reads @ chrUn_KI270378v1:0-1048
ForkPoolWorker-8 countReadsInRegions_worker: processing 1048 (101239.8 per sec) @ chrUn_KI270378v1:0-1048
ForkPoolWorker-8,  processing 372 (71366.3 per sec) reads @ chr15:75000000-80000000
ForkPoolWorker-8 countReadsInRegions_worker: processing 5000000 (6922372.1 per sec) @ chr15:75000000-80000000
ForkPoolWorker-8,  processing 19 (22594.8 per sec) reads @ chr12:80000000-85000000
ForkPoolWorker-8 countReadsInRegions_worker: processing 5000000 (6956198.7 per sec) @ chr12:80000000-85000000
ForkPoolWorker-8,  processing 0 (0.0 per sec) reads @ chrUn_KI270418v1:0-2145
ForkPoolWorker-8 countReadsInRegions_worker: processing 2145 (202858.7 per sec) @ chrUn_KI270418v1:0-2145
ForkPoolWorker-8,  processing 100 (62396.7 per sec) reads @ chr9:5000000-10000000
ForkPoolWorker-8 countReadsInRegions_worker: processing 5000000 (6933875.4 per sec) @ chr9:5000000-10000000
ForkPoolWorker-8,  processing 28 (30978.8 per sec) reads @ chr5:160000000-165000000
ForkPoolWorker-8 countReadsInRegions_worker: processing 5000000 (6939772.3 per sec) @ chr5:160000000-165000000
ForkPoolWorker-8,  processing 33 (35372.4 per sec) reads @ chr4:30000000-35000000
ForkPoolWorker-8 countReadsInRegions_worker: processing 5000000 (6947582.2 per sec) @ chr4:30000000-35000000
ForkPoolWorker-8,  processing 534 (96632.9 per sec) reads @ chr7:140000000-145000000
ForkPoolWorker-8 countReadsInRegions_worker: processing 5000000 (8060516.0 per sec) @ chr7:140000000-145000000
ForkPoolWorker-46,  processing 115 (9952.8 per sec) reads @ chr16:50000000-55000000
ForkPoolWorker-46 countReadsInRegions_worker: processing 5000000 (6587534.0 per sec) @ chr16:50000000-55000000
ForkPoolWorker-46,  processing 21 (14984.8 per sec) reads @ chr3:145000000-150000000
ForkPoolWorker-46 countReadsInRegions_worker: processing 5000000 (6830544.4 per sec) @ chr3:145000000-150000000
ForkPoolWorker-46,  processing 0 (0.0 per sec) reads @ chr22_KI270732v1_random:0-41543
ForkPoolWorker-46 countReadsInRegions_worker: processing 41543 (2408114.9 per sec) @ chr22_KI270732v1_random:0-41543
ForkPoolWorker-46,  processing 46 (35466.5 per sec) reads @ chr4:140000000-145000000
ForkPoolWorker-46 countReadsInRegions_worker: processing 5000000 (6929043.7 per sec) @ chr4:140000000-145000000
ForkPoolWorker-46,  processing 51 (40178.3 per sec) reads @ chr3:20000000-25000000
ForkPoolWorker-46 countReadsInRegions_worker: processing 5000000 (6880261.9 per sec) @ chr3:20000000-25000000
ForkPoolWorker-46,  processing 99 (56564.0 per sec) reads @ chr10:65000000-70000000
ForkPoolWorker-46 countReadsInRegions_worker: processing 5000000 (6878199.4 per sec) @ chr10:65000000-70000000
ForkPoolWorker-46,  processing 0 (0.0 per sec) reads @ chrUn_KI270756v1:0-79590
ForkPoolWorker-46 countReadsInRegions_worker: processing 79590 (3878660.3 per sec) @ chrUn_KI270756v1:0-79590
ForkPoolWorker-46,  processing 91 (53270.3 per sec) reads @ chr6:5000000-10000000
ForkPoolWorker-46 countReadsInRegions_worker: processing 5000000 (6848659.5 per sec) @ chr6:5000000-10000000
ForkPoolWorker-46,  processing 243 (65662.7 per sec) reads @ chr17:50000000-55000000
ForkPoolWorker-46 countReadsInRegions_worker: processing 5000000 (6859001.3 per sec) @ chr17:50000000-55000000
ForkPoolWorker-46,  processing 78 (48189.1 per sec) reads @ chrX:145000000-150000000
ForkPoolWorker-46 countReadsInRegions_worker: processing 5000000 (6868413.7 per sec) @ chrX:145000000-150000000
ForkPoolWorker-46,  processing 0 (0.0 per sec) reads @ chrUn_KI270335v1:0-1048
ForkPoolWorker-46 countReadsInRegions_worker: processing 1048 (108864.7 per sec) @ chrUn_KI270335v1:0-1048
ForkPoolWorker-46,  processing 173 (60649.8 per sec) reads @ chr6:125000000-130000000
ForkPoolWorker-46 countReadsInRegions_worker: processing 5000000 (6871496.9 per sec) @ chr6:125000000-130000000
ForkPoolWorker-46,  processing 57 (41913.6 per sec) reads @ chr7:130000000-135000000
ForkPoolWorker-46 countReadsInRegions_worker: processing 5000000 (6872532.8 per sec) @ chr7:130000000-135000000
ForkPoolWorker-46,  processing 541 (87543.2 per sec) reads @ chr5:180000000-181538259
ForkPoolWorker-46 countReadsInRegions_worker: processing 1538259 (6546948.3 per sec) @ chr5:180000000-181538259
ForkPoolWorker-46,  processing 57 (43162.2 per sec) reads @ chr18:30000000-35000000
ForkPoolWorker-46 countReadsInRegions_worker: processing 5000000 (6925549.6 per sec) @ chr18:30000000-35000000
ForkPoolWorker-46,  processing 40 (41425.2 per sec) reads @ chr14:25000000-30000000
ForkPoolWorker-46 countReadsInRegions_worker: processing 5000000 (8068603.9 per sec) @ chr14:25000000-30000000
ForkPoolWorker-52,  processing 158 (14095.8 per sec) reads @ chr12:115000000-120000000
ForkPoolWorker-52 countReadsInRegions_worker: processing 5000000 (6512629.5 per sec) @ chr12:115000000-120000000
ForkPoolWorker-52,  processing 23 (25260.3 per sec) reads @ chr3:0-5000000
ForkPoolWorker-52 countReadsInRegions_worker: processing 5000000 (6818254.8 per sec) @ chr3:0-5000000
ForkPoolWorker-52,  processing 24 (33554.4 per sec) reads @ chr16:90000000-90338345
ForkPoolWorker-52 countReadsInRegions_worker: processing 338345 (5814214.3 per sec) @ chr16:90000000-90338345
ForkPoolWorker-52,  processing 0 (0.0 per sec) reads @ chrUn_KI270330v1:0-1652
ForkPoolWorker-52 countReadsInRegions_worker: processing 1652 (160408.1 per sec) @ chrUn_KI270330v1:0-1652
ForkPoolWorker-52,  processing 49 (41327.3 per sec) reads @ chr15:20000000-25000000
ForkPoolWorker-52 countReadsInRegions_worker: processing 5000000 (6966882.0 per sec) @ chr15:20000000-25000000
ForkPoolWorker-52,  processing 26 (28964.6 per sec) reads @ chr13:100000000-105000000
ForkPoolWorker-52 countReadsInRegions_worker: processing 5000000 (6943232.5 per sec) @ chr13:100000000-105000000
ForkPoolWorker-52,  processing 73 (50153.0 per sec) reads @ chr8:5000000-10000000
ForkPoolWorker-52 countReadsInRegions_worker: processing 5000000 (6944451.1 per sec) @ chr8:5000000-10000000
ForkPoolWorker-52,  processing 54 (39520.6 per sec) reads @ chr5:35000000-40000000
ForkPoolWorker-52 countReadsInRegions_worker: processing 5000000 (6956660.2 per sec) @ chr5:35000000-40000000
ForkPoolWorker-52,  processing 155 (56214.2 per sec) reads @ chr14:70000000-75000000
ForkPoolWorker-52 countReadsInRegions_worker: processing 5000000 (6575150.1 per sec) @ chr14:70000000-75000000
ForkPoolWorker-52,  processing 35 (33003.7 per sec) reads @ chr9:40000000-45000000
ForkPoolWorker-52 countReadsInRegions_worker: processing 5000000 (6903751.8 per sec) @ chr9:40000000-45000000
ForkPoolWorker-52,  processing 1633 (84875.7 per sec) reads @ chr22:50000000-50818468
ForkPoolWorker-52 countReadsInRegions_worker: processing 818468 (5607542.1 per sec) @ chr22:50000000-50818468
ForkPoolWorker-52,  processing 19 (23425.0 per sec) reads @ chr18:65000000-70000000
ForkPoolWorker-52 countReadsInRegions_worker: processing 5000000 (6923128.5 per sec) @ chr18:65000000-70000000
ForkPoolWorker-52,  processing 0 (0.0 per sec) reads @ chrUn_KI270305v1:0-1472
ForkPoolWorker-52 countReadsInRegions_worker: processing 1472 (140168.8 per sec) @ chrUn_KI270305v1:0-1472
ForkPoolWorker-52,  processing 157 (60775.8 per sec) reads @ chr11:55000000-60000000
ForkPoolWorker-52 countReadsInRegions_worker: processing 5000000 (6903065.5 per sec) @ chr11:55000000-60000000
ForkPoolWorker-52,  processing 167 (58327.0 per sec) reads @ chr1:110000000-115000000
ForkPoolWorker-52 countReadsInRegions_worker: processing 5000000 (6890224.0 per sec) @ chr1:110000000-115000000
ForkPoolWorker-52,  processing 55 (49867.4 per sec) reads @ chr4:55000000-60000000
ForkPoolWorker-52 countReadsInRegions_worker: processing 5000000 (8022561.0 per sec) @ chr4:55000000-60000000
ForkPoolWorker-33,  processing 236 (11329.3 per sec) reads @ chr2:130000000-135000000
ForkPoolWorker-33 countReadsInRegions_worker: processing 5000000 (6438972.2 per sec) @ chr2:130000000-135000000
ForkPoolWorker-33,  processing 46 (23784.3 per sec) reads @ chr9:15000000-20000000
ForkPoolWorker-33 countReadsInRegions_worker: processing 5000000 (6833197.4 per sec) @ chr9:15000000-20000000
ForkPoolWorker-33,  processing 7 (11930.2 per sec) reads @ chrY:0-5000000
ForkPoolWorker-33 countReadsInRegions_worker: processing 5000000 (6927281.4 per sec) @ chrY:0-5000000
ForkPoolWorker-33,  processing 223 (63296.3 per sec) reads @ chr6:165000000-170000000
ForkPoolWorker-33 countReadsInRegions_worker: processing 5000000 (6954673.9 per sec) @ chr6:165000000-170000000
ForkPoolWorker-33,  processing 1083 (95765.2 per sec) reads @ chr15:80000000-85000000
ForkPoolWorker-33 countReadsInRegions_worker: processing 5000000 (6820037.6 per sec) @ chr15:80000000-85000000
ForkPoolWorker-33,  processing 37 (34936.8 per sec) reads @ chr2:220000000-225000000
ForkPoolWorker-33 countReadsInRegions_worker: processing 5000000 (6925769.2 per sec) @ chr2:220000000-225000000
ForkPoolWorker-33,  processing 49 (39289.0 per sec) reads @ chr5:30000000-35000000
ForkPoolWorker-33 countReadsInRegions_worker: processing 5000000 (6928242.6 per sec) @ chr5:30000000-35000000
ForkPoolWorker-33,  processing 117 (52869.4 per sec) reads @ chr3:55000000-60000000
ForkPoolWorker-33 countReadsInRegions_worker: processing 5000000 (6939386.5 per sec) @ chr3:55000000-60000000
ForkPoolWorker-33,  processing 178 (73766.0 per sec) reads @ chr4:110000000-115000000
ForkPoolWorker-33 countReadsInRegions_worker: processing 5000000 (6939083.4 per sec) @ chr4:110000000-115000000
ForkPoolWorker-33,  processing 223 (65845.1 per sec) reads @ chr7:25000000-30000000
ForkPoolWorker-33 countReadsInRegions_worker: processing 5000000 (6915774.8 per sec) @ chr7:25000000-30000000
ForkPoolWorker-33,  processing 1408 (98658.2 per sec) reads @ chr8:20000000-25000000
ForkPoolWorker-33 countReadsInRegions_worker: processing 5000000 (6771078.6 per sec) @ chr8:20000000-25000000
ForkPoolWorker-33,  processing 39 (41464.6 per sec) reads @ chr6:60000000-65000000
ForkPoolWorker-33 countReadsInRegions_worker: processing 5000000 (7547176.3 per sec) @ chr6:60000000-65000000
ForkPoolWorker-23,  processing 164 (10574.6 per sec) reads @ chr1:235000000-240000000
ForkPoolWorker-23 countReadsInRegions_worker: processing 5000000 (6673695.2 per sec) @ chr1:235000000-240000000
ForkPoolWorker-23,  processing 73 (39548.5 per sec) reads @ chr1:175000000-180000000
ForkPoolWorker-23 countReadsInRegions_worker: processing 5000000 (6934109.2 per sec) @ chr1:175000000-180000000
ForkPoolWorker-23,  processing 153 (56154.1 per sec) reads @ chr12:30000000-35000000
ForkPoolWorker-23 countReadsInRegions_worker: processing 5000000 (6988908.5 per sec) @ chr12:30000000-35000000
ForkPoolWorker-23,  processing 5 (8727.2 per sec) reads @ chr22_KI270734v1_random:0-165050
ForkPoolWorker-23 countReadsInRegions_worker: processing 165050 (4819075.8 per sec) @ chr22_KI270734v1_random:0-165050
ForkPoolWorker-23,  processing 415 (75414.2 per sec) reads @ chr12:110000000-115000000
ForkPoolWorker-23 countReadsInRegions_worker: processing 5000000 (6920297.9 per sec) @ chr12:110000000-115000000
ForkPoolWorker-23,  processing 131 (55924.1 per sec) reads @ chr5:170000000-175000000
ForkPoolWorker-23 countReadsInRegions_worker: processing 5000000 (6939443.9 per sec) @ chr5:170000000-175000000
ForkPoolWorker-23,  processing 15 (25471.5 per sec) reads @ chrUn_GL000195v1:0-182896
ForkPoolWorker-23 countReadsInRegions_worker: processing 182896 (5164340.2 per sec) @ chrUn_GL000195v1:0-182896
ForkPoolWorker-23,  processing 45 (40355.7 per sec) reads @ chr9:70000000-75000000
ForkPoolWorker-23 countReadsInRegions_worker: processing 5000000 (6930012.3 per sec) @ chr9:70000000-75000000
ForkPoolWorker-23,  processing 60 (40009.3 per sec) reads @ chr2:5000000-10000000
ForkPoolWorker-23 countReadsInRegions_worker: processing 5000000 (6911790.6 per sec) @ chr2:5000000-10000000
ForkPoolWorker-23,  processing 3 (5758.8 per sec) reads @ chr15:15000000-20000000
ForkPoolWorker-23 countReadsInRegions_worker: processing 5000000 (6918158.9 per sec) @ chr15:15000000-20000000
ForkPoolWorker-23,  processing 0 (0.0 per sec) reads @ chrY:50000000-55000000
ForkPoolWorker-23 countReadsInRegions_worker: processing 5000000 (6907324.1 per sec) @ chrY:50000000-55000000
ForkPoolWorker-23,  processing 185 (67839.3 per sec) reads @ chr1:205000000-210000000
ForkPoolWorker-23 countReadsInRegions_worker: processing 5000000 (6903267.8 per sec) @ chr1:205000000-210000000
ForkPoolWorker-23,  processing 383 (86552.7 per sec) reads @ chr8:65000000-70000000
ForkPoolWorker-23 countReadsInRegions_worker: processing 5000000 (6877777.6 per sec) @ chr8:65000000-70000000
ForkPoolWorker-23,  processing 119 (61665.7 per sec) reads @ chr6:110000000-115000000
ForkPoolWorker-23 countReadsInRegions_worker: processing 5000000 (8055029.9 per sec) @ chr6:110000000-115000000
ForkPoolWorker-23,  processing 2046 (94304.8 per sec) reads @ chrX:150000000-155000000
ForkPoolWorker-23 countReadsInRegions_worker: processing 5000000 (7841139.6 per sec) @ chrX:150000000-155000000
ForkPoolWorker-23,  processing 3080 (110975.7 per sec) reads @ chrX:115000000-120000000
ForkPoolWorker-23 countReadsInRegions_worker: processing 5000000 (7801330.1 per sec) @ chrX:115000000-120000000
ForkPoolWorker-28,  processing 0 (0.0 per sec) reads @ chr2_KI270716v1_random:0-153799
ForkPoolWorker-28 countReadsInRegions_worker: processing 153799 (4387730.6 per sec) @ chr2_KI270716v1_random:0-153799
ForkPoolWorker-28,  processing 157 (56427.2 per sec) reads @ chr15:90000000-95000000
ForkPoolWorker-28 countReadsInRegions_worker: processing 5000000 (7306047.6 per sec) @ chr15:90000000-95000000
ForkPoolWorker-28,  processing 49 (31319.9 per sec) reads @ chr5:105000000-110000000
ForkPoolWorker-28 countReadsInRegions_worker: processing 5000000 (6908860.1 per sec) @ chr5:105000000-110000000
ForkPoolWorker-28,  processing 89 (44529.8 per sec) reads @ chr10:5000000-10000000
ForkPoolWorker-28 countReadsInRegions_worker: processing 5000000 (6945578.0 per sec) @ chr10:5000000-10000000
ForkPoolWorker-28,  processing 0 (0.0 per sec) reads @ chr14_KI270725v1_random:0-172810
ForkPoolWorker-28 countReadsInRegions_worker: processing 172810 (4998122.1 per sec) @ chr14_KI270725v1_random:0-172810
ForkPoolWorker-28,  processing 78 (47005.1 per sec) reads @ chr13:30000000-35000000
ForkPoolWorker-28 countReadsInRegions_worker: processing 5000000 (6899209.4 per sec) @ chr13:30000000-35000000
ForkPoolWorker-28,  processing 35 (32143.8 per sec) reads @ chr4:95000000-100000000
ForkPoolWorker-28 countReadsInRegions_worker: processing 5000000 (6919439.4 per sec) @ chr4:95000000-100000000
ForkPoolWorker-28,  processing 48 (41129.0 per sec) reads @ chr9:80000000-85000000
ForkPoolWorker-28 countReadsInRegions_worker: processing 5000000 (6912918.4 per sec) @ chr9:80000000-85000000
ForkPoolWorker-28,  processing 0 (0.0 per sec) reads @ chr15:5000000-10000000
ForkPoolWorker-28 countReadsInRegions_worker: processing 5000000 (6910645.0 per sec) @ chr15:5000000-10000000
ForkPoolWorker-28,  processing 0 (0.0 per sec) reads @ chrUn_KI270374v1:0-2656
ForkPoolWorker-28 countReadsInRegions_worker: processing 2656 (249040.3 per sec) @ chrUn_KI270374v1:0-2656
ForkPoolWorker-28,  processing 85 (50412.3 per sec) reads @ chr4:115000000-120000000
ForkPoolWorker-28 countReadsInRegions_worker: processing 5000000 (6885297.0 per sec) @ chr4:115000000-120000000
ForkPoolWorker-28,  processing 89 (47699.1 per sec) reads @ chr6:160000000-165000000
ForkPoolWorker-28 countReadsInRegions_worker: processing 5000000 (6852271.2 per sec) @ chr6:160000000-165000000
ForkPoolWorker-28,  processing 0 (0.0 per sec) reads @ chr22_KI270735v1_random:0-42811
ForkPoolWorker-28 countReadsInRegions_worker: processing 42811 (2823440.5 per sec) @ chr22_KI270735v1_random:0-42811
ForkPoolWorker-28,  processing 23 (28298.3 per sec) reads @ chr3:90000000-95000000
ForkPoolWorker-28 countReadsInRegions_worker: processing 5000000 (6883882.2 per sec) @ chr3:90000000-95000000
ForkPoolWorker-28,  processing 662 (77533.5 per sec) reads @ chr14:20000000-25000000
ForkPoolWorker-28 countReadsInRegions_worker: processing 5000000 (6803028.8 per sec) @ chr14:20000000-25000000
ForkPoolWorker-28,  processing 340 (74839.3 per sec) reads @ chr2:25000000-30000000
ForkPoolWorker-28 countReadsInRegions_worker: processing 5000000 (8046561.5 per sec) @ chr2:25000000-30000000
ForkPoolWorker-2,  processing 0 (0.0 per sec) reads @ chrUn_KI270522v1:0-5674
ForkPoolWorker-2 countReadsInRegions_worker: processing 5674 (276376.2 per sec) @ chrUn_KI270522v1:0-5674
ForkPoolWorker-2,  processing 0 (0.0 per sec) reads @ chrUn_KI270420v1:0-2321
ForkPoolWorker-2 countReadsInRegions_worker: processing 2321 (181531.3 per sec) @ chrUn_KI270420v1:0-2321
ForkPoolWorker-2,  processing 54 (37767.6 per sec) reads @ chr4:50000000-55000000
ForkPoolWorker-2 countReadsInRegions_worker: processing 5000000 (6941230.9 per sec) @ chr4:50000000-55000000
ForkPoolWorker-2,  processing 0 (0.0 per sec) reads @ chr22_KI270737v1_random:0-103838
ForkPoolWorker-2 countReadsInRegions_worker: processing 103838 (2970313.4 per sec) @ chr22_KI270737v1_random:0-103838
ForkPoolWorker-2,  processing 3859 (107385.0 per sec) reads @ chr6:50000000-55000000
ForkPoolWorker-2 countReadsInRegions_worker: processing 5000000 (6560903.1 per sec) @ chr6:50000000-55000000
ForkPoolWorker-2,  processing 0 (0.0 per sec) reads @ chrUn_KI270465v1:0-1774
ForkPoolWorker-2 countReadsInRegions_worker: processing 1774 (166869.1 per sec) @ chrUn_KI270465v1:0-1774
ForkPoolWorker-2,  processing 81 (48631.4 per sec) reads @ chr18:35000000-40000000
ForkPoolWorker-2 countReadsInRegions_worker: processing 5000000 (6843997.2 per sec) @ chr18:35000000-40000000
ForkPoolWorker-2,  processing 568 (75525.1 per sec) reads @ chr17:45000000-50000000
ForkPoolWorker-2 countReadsInRegions_worker: processing 5000000 (6771686.4 per sec) @ chr17:45000000-50000000
ForkPoolWorker-2,  processing 34 (29771.7 per sec) reads @ chr18:25000000-30000000
ForkPoolWorker-2 countReadsInRegions_worker: processing 5000000 (6855008.3 per sec) @ chr18:25000000-30000000
ForkPoolWorker-2,  processing 223 (64076.9 per sec) reads @ chrX:130000000-135000000
ForkPoolWorker-2 countReadsInRegions_worker: processing 5000000 (6785059.6 per sec) @ chrX:130000000-135000000
ForkPoolWorker-2,  processing 44 (32838.0 per sec) reads @ chr5:55000000-60000000
ForkPoolWorker-2 countReadsInRegions_worker: processing 5000000 (6818132.9 per sec) @ chr5:55000000-60000000
ForkPoolWorker-2,  processing 0 (0.0 per sec) reads @ chrUn_KI270746v1:0-66486
ForkPoolWorker-2 countReadsInRegions_worker: processing 66486 (3356917.5 per sec) @ chrUn_KI270746v1:0-66486
ForkPoolWorker-2,  processing 33 (30393.5 per sec) reads @ chr7:15000000-20000000
ForkPoolWorker-2 countReadsInRegions_worker: processing 5000000 (6812250.5 per sec) @ chr7:15000000-20000000
ForkPoolWorker-2,  processing 109 (59412.5 per sec) reads @ chr13:20000000-25000000
ForkPoolWorker-2 countReadsInRegions_worker: processing 5000000 (6849187.4 per sec) @ chr13:20000000-25000000
ForkPoolWorker-2,  processing 23 (22741.4 per sec) reads @ chr5:20000000-25000000
ForkPoolWorker-2 countReadsInRegions_worker: processing 5000000 (6816481.9 per sec) @ chr5:20000000-25000000
ForkPoolWorker-2,  processing 48 (36242.4 per sec) reads @ chr5:165000000-170000000
ForkPoolWorker-2 countReadsInRegions_worker: processing 5000000 (6829977.2 per sec) @ chr5:165000000-170000000
ForkPoolWorker-10,  processing 223 (8754.9 per sec) reads @ chr20:40000000-45000000
ForkPoolWorker-10 countReadsInRegions_worker: processing 5000000 (6375403.5 per sec) @ chr20:40000000-45000000
ForkPoolWorker-10,  processing 75 (47975.1 per sec) reads @ chr15:55000000-60000000
ForkPoolWorker-10 countReadsInRegions_worker: processing 5000000 (6791488.9 per sec) @ chr15:55000000-60000000
ForkPoolWorker-10,  processing 0 (0.0 per sec) reads @ chrUn_KI270392v1:0-971
ForkPoolWorker-10 countReadsInRegions_worker: processing 971 (94427.8 per sec) @ chrUn_KI270392v1:0-971
ForkPoolWorker-10,  processing 103 (57926.2 per sec) reads @ chr2:10000000-15000000
ForkPoolWorker-10 countReadsInRegions_worker: processing 5000000 (6943336.0 per sec) @ chr2:10000000-15000000
ForkPoolWorker-10,  processing 86 (56194.1 per sec) reads @ chr18:0-5000000
ForkPoolWorker-10 countReadsInRegions_worker: processing 5000000 (6863398.8 per sec) @ chr18:0-5000000
ForkPoolWorker-10,  processing 47 (43174.0 per sec) reads @ chr12:90000000-95000000
ForkPoolWorker-10 countReadsInRegions_worker: processing 5000000 (6909429.1 per sec) @ chr12:90000000-95000000
ForkPoolWorker-10,  processing 0 (0.0 per sec) reads @ chrUn_KI270509v1:0-2318
ForkPoolWorker-10 countReadsInRegions_worker: processing 2318 (230143.1 per sec) @ chrUn_KI270509v1:0-2318
ForkPoolWorker-10,  processing 11 (16728.6 per sec) reads @ chr18:40000000-45000000
ForkPoolWorker-10 countReadsInRegions_worker: processing 5000000 (6951070.9 per sec) @ chr18:40000000-45000000
ForkPoolWorker-10,  processing 1561 (92000.5 per sec) reads @ chr1:25000000-30000000
ForkPoolWorker-10 countReadsInRegions_worker: processing 5000000 (6780371.6 per sec) @ chr1:25000000-30000000
ForkPoolWorker-10,  processing 2 (4321.8 per sec) reads @ chr14_GL000225v1_random:0-211173
ForkPoolWorker-10 countReadsInRegions_worker: processing 211173 (5331959.3 per sec) @ chr14_GL000225v1_random:0-211173
ForkPoolWorker-10,  processing 509 (72015.5 per sec) reads @ chr5:0-5000000
ForkPoolWorker-10 countReadsInRegions_worker: processing 5000000 (6817851.4 per sec) @ chr5:0-5000000
ForkPoolWorker-10,  processing 120767 (105970.4 per sec) reads @ chr1:140000000-145000000
ForkPoolWorker-10 countReadsInRegions_worker: processing 5000000 (2686794.3 per sec) @ chr1:140000000-145000000
ForkPoolWorker-10,  processing 0 (0.0 per sec) reads @ chrUn_GL000226v1:0-15008
ForkPoolWorker-10 countReadsInRegions_worker: processing 15008 (1246546.7 per sec) @ chrUn_GL000226v1:0-15008
ForkPoolWorker-10,  processing 0 (0.0 per sec) reads @ chrUn_KI270579v1:0-31033
ForkPoolWorker-10 countReadsInRegions_worker: processing 31033 (2305054.8 per sec) @ chrUn_KI270579v1:0-31033
ForkPoolWorker-10,  processing 0 (0.0 per sec) reads @ chrUn_KI270435v1:0-92983
ForkPoolWorker-10 countReadsInRegions_worker: processing 92983 (4341715.9 per sec) @ chrUn_KI270435v1:0-92983
ForkPoolWorker-10,  processing 1275 (84668.3 per sec) reads @ chr12:120000000-125000000
ForkPoolWorker-10 countReadsInRegions_worker: processing 5000000 (6785426.2 per sec) @ chr12:120000000-125000000
ForkPoolWorker-10,  processing 36 (35645.6 per sec) reads @ chrX:35000000-40000000
ForkPoolWorker-10 countReadsInRegions_worker: processing 5000000 (6919434.8 per sec) @ chrX:35000000-40000000
ForkPoolWorker-10,  processing 0 (0.0 per sec) reads @ chr14:10000000-15000000
ForkPoolWorker-10 countReadsInRegions_worker: processing 5000000 (8099366.7 per sec) @ chr14:10000000-15000000
ForkPoolWorker-10,  processing 345 (74378.6 per sec) reads @ chrX:45000000-50000000
ForkPoolWorker-10 countReadsInRegions_worker: processing 5000000 (8109354.3 per sec) @ chrX:45000000-50000000
ForkPoolWorker-10,  processing 31 (34153.8 per sec) reads @ chr9:100000000-105000000
ForkPoolWorker-10 countReadsInRegions_worker: processing 5000000 (8143852.7 per sec) @ chr9:100000000-105000000
