# packages in environment at /work/pa-hilario/anaconda3/envs/deeptools:
#
# Name                    Version                   Build  Channel
_openmp_mutex             4.5                      20_gnu    conda-forge
alabaster                 1.0.0              pyhd8ed1ab_1    conda-forge
babel                     2.18.0             pyhcf101f3_0    conda-forge
backports.zstd            1.3.0           py312h90b7ffd_0    conda-forge
bedops                    2.4.42               hd6d6fdc_1    bioconda
brotli                    1.2.0                hed03a55_1    conda-forge
brotli-bin                1.2.0                hb03c661_1    conda-forge
brotli-python             1.2.0           py312hdb49522_1    conda-forge
bzip2                     1.0.8                hda65f42_8    conda-forge
c-ares                    1.34.6               hb03c661_0    conda-forge
ca-certificates           2026.1.4             hbd8a1cb_0    conda-forge
certifi                   2026.01.04      py312h06a4308_0  
charset-normalizer        3.4.4              pyhd8ed1ab_0    conda-forge
click                     8.3.1                    pypi_0    pypi
colorama                  0.4.6              pyhd8ed1ab_1    conda-forge
contourpy                 1.3.3           py312h0a2e395_4    conda-forge
cycler                    0.12.1             pyhcf101f3_2    conda-forge
cython                    3.2.4           py312h47b2149_0  
deeptools                 3.5.6              pyhdfd78af_0    bioconda
deeptoolsintervals        0.1.9           py312ha9c1134_11    bioconda
docutils                  0.22.4             pyhd8ed1ab_0    conda-forge
fonttools                 4.61.1          py312h8a5da7c_0    conda-forge
freetype                  2.14.1               ha770c72_0    conda-forge
gencode-utr-fix           1.0.0                    pypi_0    pypi
h2                        4.3.0              pyhcf101f3_0    conda-forge
hpack                     4.1.0              pyhd8ed1ab_0    conda-forge
htslib                    1.22.1               h566b1c6_0    bioconda
hyperframe                6.1.0              pyhd8ed1ab_0    conda-forge
icu                       78.2                 h33c6efd_0    conda-forge
idna                      3.11               pyhd8ed1ab_0    conda-forge
imagesize                 1.4.1              pyhd8ed1ab_0    conda-forge
importlib-metadata        8.7.0              pyhe01879c_1    conda-forge
jansson                   2.15.0               h280c20c_0    conda-forge
jinja2                    3.1.6              pyhcf101f3_1    conda-forge
keyutils                  1.6.3                hb9d3cd8_0    conda-forge
kiwisolver                1.4.9           py312h0a2e395_2    conda-forge
krb5                      1.22.2               ha1258a1_0    conda-forge
lcms2                     2.18                 h0c24ade_0    conda-forge
ld_impl_linux-64          2.45.1          default_hbd61a6d_101    conda-forge
lerc                      4.0.0                h0aef613_1    conda-forge
libblas                   3.11.0          5_h4a7cf45_openblas    conda-forge
libbrotlicommon           1.2.0                hb03c661_1    conda-forge
libbrotlidec              1.2.0                hb03c661_1    conda-forge
libbrotlienc              1.2.0                hb03c661_1    conda-forge
libcblas                  3.11.0          5_h0358290_openblas    conda-forge
libcurl                   8.18.0               hcf29cc6_1    conda-forge
libdeflate                1.25                 h17f619e_0    conda-forge
libedit                   3.1.20250104    pl5321h7949ede_0    conda-forge
libev                     4.33                 hd590300_2    conda-forge
libexpat                  2.7.3                hecca717_0    conda-forge
libffi                    3.5.2                h3435931_0    conda-forge
libfreetype               2.14.1               ha770c72_0    conda-forge
libfreetype6              2.14.1               h73754d4_0    conda-forge
libgcc                    15.2.0              he0feb66_17    conda-forge
libgcc-ng                 15.2.0              h69a702a_17    conda-forge
libgfortran               15.2.0              h69a702a_17    conda-forge
libgfortran5              15.2.0              h68bc16d_17    conda-forge
libgomp                   15.2.0              he0feb66_17    conda-forge
libiconv                  1.18                 h3b78370_2    conda-forge
libjpeg-turbo             3.1.2                hb03c661_0    conda-forge
liblapack                 3.11.0          5_h47877c9_openblas    conda-forge
liblzma                   5.8.2                hb03c661_0    conda-forge
libnghttp2                1.67.0               had1ee68_0    conda-forge
libnsl                    2.0.1                hb9d3cd8_1    conda-forge
libopenblas               0.3.30          pthreads_h94d23a6_4    conda-forge
libopenssl-static         3.6.1                hb03c661_1    conda-forge
libpng                    1.6.55               h421ea60_0    conda-forge
libsqlite                 3.51.2               hf4e2dac_0    conda-forge
libssh2                   1.11.1               hcf80075_0    conda-forge
libstdcxx                 15.2.0              h934c35e_17    conda-forge
libstdcxx-ng              15.2.0              hdf11a46_17    conda-forge
libtiff                   4.7.1                h9d88235_1    conda-forge
libuuid                   2.41.3               h5347b49_0    conda-forge
libwebp-base              1.6.0                hd42ef1d_0    conda-forge
libxcb                    1.17.0               h8a09558_0    conda-forge
libxcrypt                 4.4.36               hd590300_1    conda-forge
libzlib                   1.3.1                hb9d3cd8_2    conda-forge
markupsafe                3.0.3           py312h8a5da7c_0    conda-forge
matplotlib-base           3.10.8          py312he3d6523_0    conda-forge
munkres                   1.1.4              pyhd8ed1ab_1    conda-forge
mysql-connector-c         6.1.11            h659d440_1008    conda-forge
narwhals                  2.16.0             pyhcf101f3_0    conda-forge
natsort                   8.4.0                    pypi_0    pypi
ncls                      0.0.70                   pypi_0    pypi
ncurses                   6.5                  h2d0b736_3    conda-forge
numpy                     2.4.2           py312h33ff503_1    conda-forge
numpydoc                  1.10.0             pyhcf101f3_0    conda-forge
openjpeg                  2.5.4                h55fea9a_0    conda-forge
openssl                   3.6.1                h35e630c_1    conda-forge
packaging                 26.0               pyhcf101f3_0    conda-forge
pandas                    3.0.0                    pypi_0    pypi
pillow                    12.1.1          py312h50c33e8_0    conda-forge
pip                       26.0.1             pyh8b19718_0    conda-forge
plotly                    6.5.2              pyhd8ed1ab_0    conda-forge
pthread-stubs             0.4               hb9d3cd8_1002    conda-forge
py2bit                    0.3.3           py312h0fa9677_1    bioconda
pybigwig                  0.3.25          py312h83fe50f_0    bioconda
pygments                  2.19.2             pyhd8ed1ab_0    conda-forge
pyparsing                 3.3.2              pyhcf101f3_0    conda-forge
pyranges                  0.1.4                    pypi_0    pypi
pysam                     0.23.3          py312h8f9e533_2    bioconda
pysocks                   1.7.1              pyha55dd90_7    conda-forge
python                    3.12.12         hd63d673_2_cpython    conda-forge
python-dateutil           2.9.0.post0        pyhe01879c_2    conda-forge
python_abi                3.12                    8_cp312    conda-forge
pytz                      2025.2             pyhd8ed1ab_0    conda-forge
qhull                     2020.2               h434a139_5    conda-forge
readline                  8.3                  h853b02a_0    conda-forge
requests                  2.32.5             pyhcf101f3_1    conda-forge
roman-numerals            4.1.0              pyhd8ed1ab_0    conda-forge
samtools                  1.22.1               h96c455f_0    bioconda
scipy                     1.17.0          py312h54fa4ab_1    conda-forge
setuptools                82.0.0             pyh332efcf_0    conda-forge
six                       1.17.0             pyhe01879c_1    conda-forge
snowballstemmer           3.0.1              pyhd8ed1ab_0    conda-forge
sorted-nearest            0.0.41                   pypi_0    pypi
sphinx                    9.1.0              pyhd8ed1ab_0    conda-forge
sphinxcontrib-applehelp   2.0.0              pyhd8ed1ab_1    conda-forge
sphinxcontrib-devhelp     2.0.0              pyhd8ed1ab_1    conda-forge
sphinxcontrib-htmlhelp    2.1.0              pyhd8ed1ab_1    conda-forge
sphinxcontrib-jsmath      1.0.1              pyhd8ed1ab_1    conda-forge
sphinxcontrib-qthelp      2.0.0              pyhd8ed1ab_1    conda-forge
sphinxcontrib-serializinghtml 1.1.10             pyhd8ed1ab_1    conda-forge
tabulate                  0.9.0                    pypi_0    pypi
tk                        8.6.13          noxft_h366c992_103    conda-forge
tomli                     2.4.0              pyhcf101f3_0    conda-forge
tqdm                      4.67.3                   pypi_0    pypi
tzdata                    2025c                hc9c84f9_1    conda-forge
ucsc-bigwiginfo           482                  h0b57e2e_0    bioconda
unicodedata2              17.0.1          py312h4c3975b_0    conda-forge
urllib3                   2.6.3              pyhd8ed1ab_0    conda-forge
wheel                     0.46.3             pyhd8ed1ab_0    conda-forge
xorg-libxau               1.0.12               hb03c661_1    conda-forge
xorg-libxdmcp             1.1.5                hb03c661_1    conda-forge
zipp                      3.23.0             pyhcf101f3_1    conda-forge
zlib                      1.3.1                hb9d3cd8_2    conda-forge
zlib-ng                   2.3.3                hceb46e0_1    conda-forge
zstd                      1.5.7                hb78ec9c_6    conda-forge
Specified --scaleFactor: 1.0
normalization: CPM
bamFilesList: ['output/SNRNP70-Con-rep1_L1_R1.genome.Aligned.sort.dedup.bam']
binLength: 1
numberOfSamples: None
blackListFileName: None
skipZeroOverZero: False
bed_and_bin: False
genomeChunkSize: None
defaultFragmentLength: read length
numberOfProcessors: 52
verbose: True
region: None
bedFile: None
minMappingQuality: None
ignoreDuplicates: False
chrsToSkip: []
stepSize: 1
center_read: False
samFlag_include: None
samFlag_exclude: None
minFragmentLength: 0
maxFragmentLength: 0
zerosToNans: False
smoothLength: None
save_data: False
out_file_for_raw_data: None
maxPairedFragmentLength: 1000
Final scaling factor: 0.6303425470503436
ForkPoolWorker-12,  processing 136 (1237.0 per sec) reads @ chr5:135000000-140000000
ForkPoolWorker-12 countReadsInRegions_worker: processing 5000000 (5785053.8 per sec) @ chr5:135000000-140000000
ForkPoolWorker-12,  processing 0 (0.0 per sec) reads @ chrUn_KI270419v1:0-1029
ForkPoolWorker-12 countReadsInRegions_worker: processing 1029 (57382.9 per sec) @ chrUn_KI270419v1:0-1029
ForkPoolWorker-12,  processing 11 (13838.4 per sec) reads @ chr16_KI270728v1_random:0-1872759
ForkPoolWorker-12 countReadsInRegions_worker: processing 1872759 (6948988.0 per sec) @ chr16_KI270728v1_random:0-1872759
ForkPoolWorker-12,  processing 0 (0.0 per sec) reads @ chrUn_KI270425v1:0-1884
ForkPoolWorker-12 countReadsInRegions_worker: processing 1884 (198131.3 per sec) @ chrUn_KI270425v1:0-1884
ForkPoolWorker-12,  processing 1 (2480.4 per sec) reads @ chr1_KI270708v1_random:0-127682
ForkPoolWorker-12 countReadsInRegions_worker: processing 127682 (5047570.4 per sec) @ chr1_KI270708v1_random:0-127682
ForkPoolWorker-12,  processing 60 (48423.8 per sec) reads @ chr4:85000000-90000000
ForkPoolWorker-12 countReadsInRegions_worker: processing 5000000 (7361072.9 per sec) @ chr4:85000000-90000000
ForkPoolWorker-12,  processing 0 (0.0 per sec) reads @ chr2_KI270716v1_random:0-153799
ForkPoolWorker-12 countReadsInRegions_worker: processing 153799 (5343160.4 per sec) @ chr2_KI270716v1_random:0-153799
ForkPoolWorker-12,  processing 24 (30057.7 per sec) reads @ chr2:210000000-215000000
ForkPoolWorker-12 countReadsInRegions_worker: processing 5000000 (7337004.0 per sec) @ chr2:210000000-215000000
ForkPoolWorker-12,  processing 225 (67403.6 per sec) reads @ chrX:50000000-55000000
ForkPoolWorker-12 countReadsInRegions_worker: processing 5000000 (7281646.3 per sec) @ chrX:50000000-55000000
ForkPoolWorker-12,  processing 1 (2458.6 per sec) reads @ chrUn_GL000213v1:0-164239
ForkPoolWorker-12 countReadsInRegions_worker: processing 164239 (5493455.2 per sec) @ chrUn_GL000213v1:0-164239
ForkPoolWorker-12,  processing 54 (48645.3 per sec) reads @ chr5:125000000-130000000
ForkPoolWorker-12 countReadsInRegions_worker: processing 5000000 (7284233.7 per sec) @ chr5:125000000-130000000
ForkPoolWorker-12,  processing 24 (27685.2 per sec) reads @ chr6:60000000-65000000
ForkPoolWorker-12 countReadsInRegions_worker: processing 5000000 (7239954.5 per sec) @ chr6:60000000-65000000
ForkPoolWorker-12,  processing 48 (42322.2 per sec) reads @ chr11:90000000-95000000
ForkPoolWorker-12 countReadsInRegions_worker: processing 5000000 (7255050.0 per sec) @ chr11:90000000-95000000
ForkPoolWorker-12,  processing 181 (67898.1 per sec) reads @ chr1:230000000-235000000
ForkPoolWorker-12 countReadsInRegions_worker: processing 5000000 (7227401.6 per sec) @ chr1:230000000-235000000
ForkPoolWorker-12,  processing 71 (49698.9 per sec) reads @ chr7:45000000-50000000
ForkPoolWorker-12 countReadsInRegions_worker: processing 5000000 (7227272.1 per sec) @ chr7:45000000-50000000
ForkPoolWorker-12,  processing 85 (56598.8 per sec) reads @ chr2:100000000-105000000
ForkPoolWorker-12 countReadsInRegions_worker: processing 5000000 (7222863.8 per sec) @ chr2:100000000-105000000
ForkPoolWorker-1,  processing 10002 (53604.0 per sec) reads @ chr10:85000000-90000000
ForkPoolWorker-1 countReadsInRegions_worker: processing 5000000 (5745574.7 per sec) @ chr10:85000000-90000000
ForkPoolWorker-1,  processing 90 (55139.8 per sec) reads @ chr3:130000000-135000000
ForkPoolWorker-1 countReadsInRegions_worker: processing 5000000 (5900932.9 per sec) @ chr3:130000000-135000000
ForkPoolWorker-1,  processing 790 (82663.9 per sec) reads @ chr17:0-5000000
ForkPoolWorker-1 countReadsInRegions_worker: processing 5000000 (7144024.6 per sec) @ chr17:0-5000000
ForkPoolWorker-1,  processing 66 (46800.3 per sec) reads @ chr3:120000000-125000000
ForkPoolWorker-1 countReadsInRegions_worker: processing 5000000 (7222829.0 per sec) @ chr3:120000000-125000000
ForkPoolWorker-1,  processing 302 (81421.9 per sec) reads @ chr2:230000000-235000000
ForkPoolWorker-1 countReadsInRegions_worker: processing 5000000 (7006226.3 per sec) @ chr2:230000000-235000000
ForkPoolWorker-1,  processing 8 (14218.0 per sec) reads @ chr3:90000000-95000000
ForkPoolWorker-1 countReadsInRegions_worker: processing 5000000 (7173679.4 per sec) @ chr3:90000000-95000000
ForkPoolWorker-1,  processing 295 (75612.3 per sec) reads @ chr15:75000000-80000000
ForkPoolWorker-1 countReadsInRegions_worker: processing 5000000 (7130007.6 per sec) @ chr15:75000000-80000000
ForkPoolWorker-1,  processing 45 (42789.3 per sec) reads @ chr4:95000000-100000000
ForkPoolWorker-1 countReadsInRegions_worker: processing 5000000 (7168581.4 per sec) @ chr4:95000000-100000000
ForkPoolWorker-1,  processing 47 (44590.0 per sec) reads @ chr19:20000000-25000000
ForkPoolWorker-1 countReadsInRegions_worker: processing 5000000 (7168826.4 per sec) @ chr19:20000000-25000000
ForkPoolWorker-1,  processing 240 (77113.0 per sec) reads @ chr1:245000000-248956422
ForkPoolWorker-1 countReadsInRegions_worker: processing 3956422 (7124338.5 per sec) @ chr1:245000000-248956422
ForkPoolWorker-1,  processing 826 (81997.9 per sec) reads @ chr7:0-5000000
ForkPoolWorker-1 countReadsInRegions_worker: processing 5000000 (7111984.1 per sec) @ chr7:0-5000000
ForkPoolWorker-1,  processing 0 (0.0 per sec) reads @ chrUn_KI270749v1:0-158759
ForkPoolWorker-1 countReadsInRegions_worker: processing 158759 (5219259.1 per sec) @ chrUn_KI270749v1:0-158759
ForkPoolWorker-9,  processing 115 (1035.2 per sec) reads @ chr6:15000000-20000000
ForkPoolWorker-9 countReadsInRegions_worker: processing 5000000 (5780412.1 per sec) @ chr6:15000000-20000000
ForkPoolWorker-9,  processing 70 (45554.9 per sec) reads @ chr4:155000000-160000000
ForkPoolWorker-9 countReadsInRegions_worker: processing 5000000 (7124020.3 per sec) @ chr4:155000000-160000000
ForkPoolWorker-9,  processing 0 (0.0 per sec) reads @ chrUn_KI270334v1:0-1368
ForkPoolWorker-9 countReadsInRegions_worker: processing 1368 (147093.1 per sec) @ chrUn_KI270334v1:0-1368
ForkPoolWorker-9,  processing 0 (0.0 per sec) reads @ chr14:10000000-15000000
ForkPoolWorker-9 countReadsInRegions_worker: processing 5000000 (7209061.4 per sec) @ chr14:10000000-15000000
ForkPoolWorker-9,  processing 39 (36496.6 per sec) reads @ chr1:55000000-60000000
ForkPoolWorker-9 countReadsInRegions_worker: processing 5000000 (6950407.4 per sec) @ chr1:55000000-60000000
ForkPoolWorker-9,  processing 302 (69134.4 per sec) reads @ chr22:15000000-20000000
ForkPoolWorker-9 countReadsInRegions_worker: processing 5000000 (6604683.1 per sec) @ chr22:15000000-20000000
ForkPoolWorker-9,  processing 95 (56543.1 per sec) reads @ chr3:40000000-45000000
ForkPoolWorker-9 countReadsInRegions_worker: processing 5000000 (7194390.9 per sec) @ chr3:40000000-45000000
ForkPoolWorker-9,  processing 47 (41353.5 per sec) reads @ chr9:105000000-110000000
ForkPoolWorker-9 countReadsInRegions_worker: processing 5000000 (7198668.2 per sec) @ chr9:105000000-110000000
ForkPoolWorker-9,  processing 39 (39549.8 per sec) reads @ chr1:95000000-100000000
ForkPoolWorker-9 countReadsInRegions_worker: processing 5000000 (7187792.4 per sec) @ chr1:95000000-100000000
ForkPoolWorker-9,  processing 144 (65578.7 per sec) reads @ chr11:10000000-15000000
ForkPoolWorker-9 countReadsInRegions_worker: processing 5000000 (7117098.5 per sec) @ chr11:10000000-15000000
ForkPoolWorker-9,  processing 124 (64946.8 per sec) reads @ chr14:95000000-100000000
ForkPoolWorker-9 countReadsInRegions_worker: processing 5000000 (7176367.4 per sec) @ chr14:95000000-100000000
ForkPoolWorker-9,  processing 46 (42190.7 per sec) reads @ chr11:110000000-115000000
ForkPoolWorker-9 countReadsInRegions_worker: processing 5000000 (7145526.5 per sec) @ chr11:110000000-115000000
ForkPoolWorker-22,  processing 2 (18.6 per sec) reads @ chr18:15000000-20000000
ForkPoolWorker-22 countReadsInRegions_worker: processing 5000000 (6081578.3 per sec) @ chr18:15000000-20000000
ForkPoolWorker-22,  processing 169 (61648.8 per sec) reads @ chr1:10000000-15000000
ForkPoolWorker-22 countReadsInRegions_worker: processing 5000000 (7230334.5 per sec) @ chr1:10000000-15000000
ForkPoolWorker-22,  processing 219 (81489.8 per sec) reads @ chr18:50000000-55000000
ForkPoolWorker-22 countReadsInRegions_worker: processing 5000000 (7222398.6 per sec) @ chr18:50000000-55000000
ForkPoolWorker-22,  processing 139 (64321.3 per sec) reads @ chr7:95000000-100000000
ForkPoolWorker-22 countReadsInRegions_worker: processing 5000000 (7229347.4 per sec) @ chr7:95000000-100000000
ForkPoolWorker-22,  processing 180 (77322.3 per sec) reads @ chr1:170000000-175000000
ForkPoolWorker-22 countReadsInRegions_worker: processing 5000000 (6288217.6 per sec) @ chr1:170000000-175000000
ForkPoolWorker-22,  processing 38 (37626.0 per sec) reads @ chr2:15000000-20000000
ForkPoolWorker-22 countReadsInRegions_worker: processing 5000000 (7152128.1 per sec) @ chr2:15000000-20000000
ForkPoolWorker-22,  processing 0 (0.0 per sec) reads @ chr13:10000000-15000000
ForkPoolWorker-22 countReadsInRegions_worker: processing 5000000 (7103047.3 per sec) @ chr13:10000000-15000000
ForkPoolWorker-22,  processing 96 (58721.5 per sec) reads @ chr9:5000000-10000000
ForkPoolWorker-22 countReadsInRegions_worker: processing 5000000 (7139248.1 per sec) @ chr9:5000000-10000000
ForkPoolWorker-22,  processing 0 (0.0 per sec) reads @ chr14:0-5000000
ForkPoolWorker-22 countReadsInRegions_worker: processing 5000000 (7120974.8 per sec) @ chr14:0-5000000
ForkPoolWorker-22,  processing 47 (40907.3 per sec) reads @ chr6:70000000-75000000
ForkPoolWorker-22 countReadsInRegions_worker: processing 5000000 (7171876.2 per sec) @ chr6:70000000-75000000
ForkPoolWorker-22,  processing 4 (8397.0 per sec) reads @ chrUn_KI270743v1:0-210658
ForkPoolWorker-22 countReadsInRegions_worker: processing 210658 (5477698.3 per sec) @ chrUn_KI270743v1:0-210658
ForkPoolWorker-22,  processing 710 (99096.7 per sec) reads @ chr4:135000000-140000000
ForkPoolWorker-22 countReadsInRegions_worker: processing 5000000 (7061526.8 per sec) @ chr4:135000000-140000000
ForkPoolWorker-34,  processing 112 (1064.4 per sec) reads @ chr3:35000000-40000000
ForkPoolWorker-34 countReadsInRegions_worker: processing 5000000 (5849551.6 per sec) @ chr3:35000000-40000000
ForkPoolWorker-34,  processing 26 (21827.8 per sec) reads @ chr4:45000000-50000000
ForkPoolWorker-34 countReadsInRegions_worker: processing 5000000 (7163150.5 per sec) @ chr4:45000000-50000000
ForkPoolWorker-34,  processing 158 (67997.1 per sec) reads @ chr7:125000000-130000000
ForkPoolWorker-34 countReadsInRegions_worker: processing 5000000 (7203326.5 per sec) @ chr7:125000000-130000000
ForkPoolWorker-34,  processing 16 (21372.2 per sec) reads @ chrX:90000000-95000000
ForkPoolWorker-34 countReadsInRegions_worker: processing 5000000 (7223120.0 per sec) @ chrX:90000000-95000000
ForkPoolWorker-34,  processing 9 (14418.9 per sec) reads @ chr3:80000000-85000000
ForkPoolWorker-34 countReadsInRegions_worker: processing 5000000 (7003619.8 per sec) @ chr3:80000000-85000000
ForkPoolWorker-34,  processing 33 (36714.1 per sec) reads @ chr12:80000000-85000000
ForkPoolWorker-34 countReadsInRegions_worker: processing 5000000 (7176696.5 per sec) @ chr12:80000000-85000000
ForkPoolWorker-34,  processing 134 (57822.7 per sec) reads @ chr1:220000000-225000000
ForkPoolWorker-34 countReadsInRegions_worker: processing 5000000 (7152320.8 per sec) @ chr1:220000000-225000000
ForkPoolWorker-34,  processing 0 (0.0 per sec) reads @ chr22_KI270731v1_random:0-150754
ForkPoolWorker-34 countReadsInRegions_worker: processing 150754 (5127543.1 per sec) @ chr22_KI270731v1_random:0-150754
ForkPoolWorker-34,  processing 0 (0.0 per sec) reads @ chr13:0-5000000
ForkPoolWorker-34 countReadsInRegions_worker: processing 5000000 (7177902.6 per sec) @ chr13:0-5000000
ForkPoolWorker-34,  processing 140 (59301.4 per sec) reads @ chr9:120000000-125000000
ForkPoolWorker-34 countReadsInRegions_worker: processing 5000000 (7135194.1 per sec) @ chr9:120000000-125000000
ForkPoolWorker-34,  processing 25 (31968.8 per sec) reads @ chr2:90000000-95000000
ForkPoolWorker-34 countReadsInRegions_worker: processing 5000000 (7139919.0 per sec) @ chr2:90000000-95000000
ForkPoolWorker-34,  processing 495 (83879.3 per sec) reads @ chr14:20000000-25000000
ForkPoolWorker-34 countReadsInRegions_worker: processing 5000000 (7097765.7 per sec) @ chr14:20000000-25000000
ForkPoolWorker-28,  processing 29 (274.4 per sec) reads @ chr6:55000000-60000000
ForkPoolWorker-28 countReadsInRegions_worker: processing 5000000 (6181218.3 per sec) @ chr6:55000000-60000000
ForkPoolWorker-28,  processing 47 (42294.0 per sec) reads @ chr2:115000000-120000000
ForkPoolWorker-28 countReadsInRegions_worker: processing 5000000 (7223018.0 per sec) @ chr2:115000000-120000000
ForkPoolWorker-28,  processing 98 (55946.9 per sec) reads @ chr13:75000000-80000000
ForkPoolWorker-28 countReadsInRegions_worker: processing 5000000 (7196274.5 per sec) @ chr13:75000000-80000000
ForkPoolWorker-28,  processing 66 (47352.7 per sec) reads @ chr2:65000000-70000000
ForkPoolWorker-28 countReadsInRegions_worker: processing 5000000 (7209153.1 per sec) @ chr2:65000000-70000000
ForkPoolWorker-28,  processing 158 (60355.2 per sec) reads @ chr5:150000000-155000000
ForkPoolWorker-28 countReadsInRegions_worker: processing 5000000 (7141973.6 per sec) @ chr5:150000000-155000000
ForkPoolWorker-28,  processing 0 (0.0 per sec) reads @ chr22:5000000-10000000
ForkPoolWorker-28 countReadsInRegions_worker: processing 5000000 (7090647.9 per sec) @ chr22:5000000-10000000
ForkPoolWorker-28,  processing 11789 (111752.9 per sec) reads @ chr6:35000000-40000000
ForkPoolWorker-28 countReadsInRegions_worker: processing 5000000 (6208189.9 per sec) @ chr6:35000000-40000000
ForkPoolWorker-28,  processing 513 (77787.4 per sec) reads @ chr9:130000000-135000000
ForkPoolWorker-28 countReadsInRegions_worker: processing 5000000 (7063022.7 per sec) @ chr9:130000000-135000000
ForkPoolWorker-28,  processing 41 (32768.0 per sec) reads @ chr9:60000000-65000000
ForkPoolWorker-28 countReadsInRegions_worker: processing 5000000 (7061339.0 per sec) @ chr9:60000000-65000000
ForkPoolWorker-28,  processing 231 (66704.6 per sec) reads @ chr20:35000000-40000000
ForkPoolWorker-28 countReadsInRegions_worker: processing 5000000 (7090053.4 per sec) @ chr20:35000000-40000000
ForkPoolWorker-28,  processing 21 (22961.5 per sec) reads @ chr5:20000000-25000000
ForkPoolWorker-28 countReadsInRegions_worker: processing 5000000 (7114744.3 per sec) @ chr5:20000000-25000000
ForkPoolWorker-28,  processing 0 (0.0 per sec) reads @ chrUn_KI270381v1:0-1930
ForkPoolWorker-28 countReadsInRegions_worker: processing 1930 (205019.9 per sec) @ chrUn_KI270381v1:0-1930
ForkPoolWorker-4,  processing 285 (2506.5 per sec) reads @ chr2:215000000-220000000
ForkPoolWorker-4 countReadsInRegions_worker: processing 5000000 (6136006.4 per sec) @ chr2:215000000-220000000
ForkPoolWorker-4,  processing 690 (91065.8 per sec) reads @ chr6:105000000-110000000
ForkPoolWorker-4 countReadsInRegions_worker: processing 5000000 (6877617.5 per sec) @ chr6:105000000-110000000
ForkPoolWorker-4,  processing 2485 (108239.8 per sec) reads @ chr21:15000000-20000000
ForkPoolWorker-4 countReadsInRegions_worker: processing 5000000 (6859503.9 per sec) @ chr21:15000000-20000000
ForkPoolWorker-4,  processing 12 (16941.0 per sec) reads @ chrX:60000000-65000000
ForkPoolWorker-4 countReadsInRegions_worker: processing 5000000 (7054870.6 per sec) @ chrX:60000000-65000000
ForkPoolWorker-4,  processing 436 (86366.1 per sec) reads @ chr8:65000000-70000000
ForkPoolWorker-4 countReadsInRegions_worker: processing 5000000 (6987718.6 per sec) @ chr8:65000000-70000000
ForkPoolWorker-4,  processing 43 (37802.4 per sec) reads @ chr8:130000000-135000000
ForkPoolWorker-4 countReadsInRegions_worker: processing 5000000 (7050214.9 per sec) @ chr8:130000000-135000000
ForkPoolWorker-4,  processing 38 (35222.9 per sec) reads @ chr14:80000000-85000000
ForkPoolWorker-4 countReadsInRegions_worker: processing 5000000 (7039435.4 per sec) @ chr14:80000000-85000000
ForkPoolWorker-4,  processing 32 (30720.5 per sec) reads @ chr8:80000000-85000000
ForkPoolWorker-4 countReadsInRegions_worker: processing 5000000 (7011384.2 per sec) @ chr8:80000000-85000000
ForkPoolWorker-4,  processing 215 (79297.9 per sec) reads @ chr4:115000000-120000000
ForkPoolWorker-4 countReadsInRegions_worker: processing 5000000 (7026046.8 per sec) @ chr4:115000000-120000000
ForkPoolWorker-4,  processing 35 (35527.7 per sec) reads @ chr9:115000000-120000000
ForkPoolWorker-4 countReadsInRegions_worker: processing 5000000 (7055715.6 per sec) @ chr9:115000000-120000000
ForkPoolWorker-4,  processing 0 (0.0 per sec) reads @ chrUn_KI270548v1:0-1599
ForkPoolWorker-4 countReadsInRegions_worker: processing 1599 (162056.1 per sec) @ chrUn_KI270548v1:0-1599
ForkPoolWorker-4,  processing 85494 (108649.4 per sec) reads @ chr1_KI270713v1_random:0-40745
ForkPoolWorker-4 countReadsInRegions_worker: processing 40745 (50858.8 per sec) @ chr1_KI270713v1_random:0-40745
ForkPoolWorker-45,  processing 0 (0.0 per sec) reads @ chrUn_KI270512v1:0-22689
ForkPoolWorker-45 countReadsInRegions_worker: processing 22689 (337708.5 per sec) @ chrUn_KI270512v1:0-22689
ForkPoolWorker-45,  processing 53 (3032.9 per sec) reads @ chr5:105000000-110000000
ForkPoolWorker-45 countReadsInRegions_worker: processing 5000000 (7001101.7 per sec) @ chr5:105000000-110000000
ForkPoolWorker-45,  processing 92 (53923.4 per sec) reads @ chr2:175000000-180000000
ForkPoolWorker-45 countReadsInRegions_worker: processing 5000000 (6418516.3 per sec) @ chr2:175000000-180000000
ForkPoolWorker-45,  processing 37 (28262.5 per sec) reads @ chr1:195000000-200000000
ForkPoolWorker-45 countReadsInRegions_worker: processing 5000000 (7051025.6 per sec) @ chr1:195000000-200000000
ForkPoolWorker-45,  processing 0 (0.0 per sec) reads @ chr2_KI270715v1_random:0-161471
ForkPoolWorker-45 countReadsInRegions_worker: processing 161471 (5074503.5 per sec) @ chr2_KI270715v1_random:0-161471
ForkPoolWorker-45,  processing 51 (46992.4 per sec) reads @ chrY:15000000-20000000
ForkPoolWorker-45 countReadsInRegions_worker: processing 5000000 (7128129.5 per sec) @ chrY:15000000-20000000
ForkPoolWorker-45,  processing 0 (0.0 per sec) reads @ chrUn_KI270510v1:0-2415
ForkPoolWorker-45 countReadsInRegions_worker: processing 2415 (254561.2 per sec) @ chrUn_KI270510v1:0-2415
ForkPoolWorker-45,  processing 886 (84882.4 per sec) reads @ chrX:150000000-155000000
ForkPoolWorker-45 countReadsInRegions_worker: processing 5000000 (6992117.2 per sec) @ chrX:150000000-155000000
ForkPoolWorker-45,  processing 1 (2339.3 per sec) reads @ chrUn_KI270521v1:0-7642
ForkPoolWorker-45 countReadsInRegions_worker: processing 7642 (780254.9 per sec) @ chrUn_KI270521v1:0-7642
ForkPoolWorker-45,  processing 5 (10260.0 per sec) reads @ chrUn_KI270750v1:0-148850
ForkPoolWorker-45 countReadsInRegions_worker: processing 148850 (5251523.8 per sec) @ chrUn_KI270750v1:0-148850
ForkPoolWorker-45,  processing 237256 (107514.6 per sec) reads @ chr1:145000000-150000000
ForkPoolWorker-45 countReadsInRegions_worker: processing 5000000 (1722003.7 per sec) @ chr1:145000000-150000000
ForkPoolWorker-45,  processing 48 (40483.9 per sec) reads @ chr20:10000000-15000000
ForkPoolWorker-45 countReadsInRegions_worker: processing 5000000 (7152691.6 per sec) @ chr20:10000000-15000000
ForkPoolWorker-45,  processing 0 (0.0 per sec) reads @ chrUn_KI270418v1:0-2145
ForkPoolWorker-45 countReadsInRegions_worker: processing 2145 (219321.4 per sec) @ chrUn_KI270418v1:0-2145
ForkPoolWorker-45,  processing 114 (59679.3 per sec) reads @ chr5:170000000-175000000
ForkPoolWorker-45 countReadsInRegions_worker: processing 5000000 (7144818.1 per sec) @ chr5:170000000-175000000
ForkPoolWorker-45,  processing 98 (58519.6 per sec) reads @ chrX:145000000-150000000
ForkPoolWorker-45 countReadsInRegions_worker: processing 5000000 (7136974.0 per sec) @ chrX:145000000-150000000
ForkPoolWorker-45,  processing 277 (77038.8 per sec) reads @ chr17:55000000-60000000
ForkPoolWorker-45 countReadsInRegions_worker: processing 5000000 (7111468.0 per sec) @ chr17:55000000-60000000
ForkPoolWorker-16,  processing 4 (36.9 per sec) reads @ chr9_KI270719v1_random:0-176845
ForkPoolWorker-16 countReadsInRegions_worker: processing 176845 (1248681.3 per sec) @ chr9_KI270719v1_random:0-176845
ForkPoolWorker-16,  processing 0 (0.0 per sec) reads @ chrUn_KI270591v1:0-5796
ForkPoolWorker-16 countReadsInRegions_worker: processing 5796 (596203.2 per sec) @ chrUn_KI270591v1:0-5796
ForkPoolWorker-16,  processing 0 (0.0 per sec) reads @ chrUn_KI270317v1:0-37690
ForkPoolWorker-16 countReadsInRegions_worker: processing 37690 (2964692.2 per sec) @ chrUn_KI270317v1:0-37690
ForkPoolWorker-16,  processing 21 (21152.8 per sec) reads @ chr4:185000000-190000000
ForkPoolWorker-16 countReadsInRegions_worker: processing 5000000 (7638726.4 per sec) @ chr4:185000000-190000000
ForkPoolWorker-16,  processing 129 (60664.3 per sec) reads @ chr2:35000000-40000000
ForkPoolWorker-16 countReadsInRegions_worker: processing 5000000 (7102330.5 per sec) @ chr2:35000000-40000000
ForkPoolWorker-16,  processing 4182 (102568.7 per sec) reads @ chr1:160000000-165000000
ForkPoolWorker-16 countReadsInRegions_worker: processing 5000000 (6780334.4 per sec) @ chr1:160000000-165000000
ForkPoolWorker-16,  processing 53 (49999.6 per sec) reads @ chrX:95000000-100000000
ForkPoolWorker-16 countReadsInRegions_worker: processing 5000000 (7173586.1 per sec) @ chrX:95000000-100000000
ForkPoolWorker-16,  processing 55 (49695.5 per sec) reads @ chr5:95000000-100000000
ForkPoolWorker-16 countReadsInRegions_worker: processing 5000000 (7211528.0 per sec) @ chr5:95000000-100000000
ForkPoolWorker-16,  processing 0 (0.0 per sec) reads @ chrY:35000000-40000000
ForkPoolWorker-16 countReadsInRegions_worker: processing 5000000 (7174589.9 per sec) @ chrY:35000000-40000000
ForkPoolWorker-16,  processing 0 (0.0 per sec) reads @ chrUn_KI270337v1:0-1121
ForkPoolWorker-16 countReadsInRegions_worker: processing 1121 (122299.8 per sec) @ chrUn_KI270337v1:0-1121
ForkPoolWorker-16,  processing 37 (38252.2 per sec) reads @ chr12:35000000-40000000
ForkPoolWorker-16 countReadsInRegions_worker: processing 5000000 (7164707.0 per sec) @ chr12:35000000-40000000
ForkPoolWorker-16,  processing 30 (33341.0 per sec) reads @ chr5:160000000-165000000
ForkPoolWorker-16 countReadsInRegions_worker: processing 5000000 (7144280.2 per sec) @ chr5:160000000-165000000
ForkPoolWorker-16,  processing 71 (46134.1 per sec) reads @ chr3:70000000-75000000
ForkPoolWorker-16 countReadsInRegions_worker: processing 5000000 (7123531.5 per sec) @ chr3:70000000-75000000
ForkPoolWorker-16,  processing 5014 (105920.2 per sec) reads @ chr1:225000000-230000000
ForkPoolWorker-16 countReadsInRegions_worker: processing 5000000 (6714081.2 per sec) @ chr1:225000000-230000000
ForkPoolWorker-16,  processing 0 (0.0 per sec) reads @ chrUn_KI270508v1:0-1951
ForkPoolWorker-16 countReadsInRegions_worker: processing 1951 (203564.4 per sec) @ chrUn_KI270508v1:0-1951
ForkPoolWorker-16,  processing 324 (92534.0 per sec) reads @ chrX:10000000-15000000
ForkPoolWorker-16 countReadsInRegions_worker: processing 5000000 (7134354.3 per sec) @ chrX:10000000-15000000
ForkPoolWorker-37,  processing 0 (0.0 per sec) reads @ chrUn_KI270518v1:0-2186
ForkPoolWorker-37 countReadsInRegions_worker: processing 2186 (32285.3 per sec) @ chrUn_KI270518v1:0-2186
ForkPoolWorker-37,  processing 257 (11898.5 per sec) reads @ chr11:70000000-75000000
ForkPoolWorker-37 countReadsInRegions_worker: processing 5000000 (6882027.6 per sec) @ chr11:70000000-75000000
ForkPoolWorker-37,  processing 0 (0.0 per sec) reads @ chrUn_KI270338v1:0-1428
ForkPoolWorker-37 countReadsInRegions_worker: processing 1428 (164068.0 per sec) @ chrUn_KI270338v1:0-1428
ForkPoolWorker-37,  processing 27 (32654.6 per sec) reads @ chr11:80000000-85000000
ForkPoolWorker-37 countReadsInRegions_worker: processing 5000000 (7099983.7 per sec) @ chr11:80000000-85000000
ForkPoolWorker-37,  processing 67 (50716.2 per sec) reads @ chr3:170000000-175000000
ForkPoolWorker-37 countReadsInRegions_worker: processing 5000000 (7199889.0 per sec) @ chr3:170000000-175000000
ForkPoolWorker-37,  processing 0 (0.0 per sec) reads @ chrUn_KI270754v1:0-40191
ForkPoolWorker-37 countReadsInRegions_worker: processing 40191 (2922813.6 per sec) @ chrUn_KI270754v1:0-40191
ForkPoolWorker-37,  processing 208 (68905.7 per sec) reads @ chr7:25000000-30000000
ForkPoolWorker-37 countReadsInRegions_worker: processing 5000000 (7176775.1 per sec) @ chr7:25000000-30000000
ForkPoolWorker-37,  processing 0 (0.0 per sec) reads @ chrUn_KI270366v1:0-8320
ForkPoolWorker-37 countReadsInRegions_worker: processing 8320 (809046.7 per sec) @ chrUn_KI270366v1:0-8320
ForkPoolWorker-37,  processing 57 (47341.6 per sec) reads @ chrX:20000000-25000000
ForkPoolWorker-37 countReadsInRegions_worker: processing 5000000 (7195217.8 per sec) @ chrX:20000000-25000000
ForkPoolWorker-37,  processing 0 (0.0 per sec) reads @ chrUn_KI270387v1:0-1537
ForkPoolWorker-37 countReadsInRegions_worker: processing 1537 (167719.8 per sec) @ chrUn_KI270387v1:0-1537
ForkPoolWorker-37,  processing 105 (62574.9 per sec) reads @ chr18:10000000-15000000
ForkPoolWorker-37 countReadsInRegions_worker: processing 5000000 (7182391.4 per sec) @ chr18:10000000-15000000
ForkPoolWorker-37,  processing 25 (32155.0 per sec) reads @ chr14:40000000-45000000
ForkPoolWorker-37 countReadsInRegions_worker: processing 5000000 (7184692.1 per sec) @ chr14:40000000-45000000
ForkPoolWorker-37,  processing 0 (0.0 per sec) reads @ chrUn_GL000224v1:0-179693
ForkPoolWorker-37 countReadsInRegions_worker: processing 179693 (5298476.4 per sec) @ chrUn_GL000224v1:0-179693
ForkPoolWorker-37,  processing 30 (29406.2 per sec) reads @ chrX:80000000-85000000
ForkPoolWorker-37 countReadsInRegions_worker: processing 5000000 (7190587.2 per sec) @ chrX:80000000-85000000
ForkPoolWorker-37,  processing 0 (0.0 per sec) reads @ chrUn_KI270304v1:0-2165
ForkPoolWorker-37 countReadsInRegions_worker: processing 2165 (229176.7 per sec) @ chrUn_KI270304v1:0-2165
ForkPoolWorker-37,  processing 86 (56002.2 per sec) reads @ chr14:15000000-20000000
ForkPoolWorker-37 countReadsInRegions_worker: processing 5000000 (7186257.9 per sec) @ chr14:15000000-20000000
ForkPoolWorker-37,  processing 0 (0.0 per sec) reads @ chrUn_KI270528v1:0-2983
ForkPoolWorker-37 countReadsInRegions_worker: processing 2983 (308905.7 per sec) @ chrUn_KI270528v1:0-2983
ForkPoolWorker-37,  processing 859 (93628.2 per sec) reads @ chr17:45000000-50000000
ForkPoolWorker-37 countReadsInRegions_worker: processing 5000000 (7106267.8 per sec) @ chr17:45000000-50000000
ForkPoolWorker-37,  processing 65 (46531.8 per sec) reads @ chr4:150000000-155000000
ForkPoolWorker-37 countReadsInRegions_worker: processing 5000000 (7209068.8 per sec) @ chr4:150000000-155000000
ForkPoolWorker-37,  processing 28 (35674.5 per sec) reads @ chr6:170000000-170805979
ForkPoolWorker-37 countReadsInRegions_worker: processing 805979 (7064342.4 per sec) @ chr6:170000000-170805979
ForkPoolWorker-21,  processing 0 (0.0 per sec) reads @ chrY_KI270740v1_random:0-37240
ForkPoolWorker-21 countReadsInRegions_worker: processing 37240 (494991.0 per sec) @ chrY_KI270740v1_random:0-37240
ForkPoolWorker-21,  processing 27 (4487.8 per sec) reads @ chr13:105000000-110000000
ForkPoolWorker-21 countReadsInRegions_worker: processing 5000000 (6698084.0 per sec) @ chr13:105000000-110000000
ForkPoolWorker-21,  processing 2 (2792.5 per sec) reads @ chr1_KI270706v1_random:0-175055
ForkPoolWorker-21 countReadsInRegions_worker: processing 175055 (4339956.8 per sec) @ chr1_KI270706v1_random:0-175055
ForkPoolWorker-21,  processing 148 (62063.3 per sec) reads @ chr21:30000000-35000000
ForkPoolWorker-21 countReadsInRegions_worker: processing 5000000 (7184290.9 per sec) @ chr21:30000000-35000000
ForkPoolWorker-21,  processing 99 (60849.4 per sec) reads @ chr18:30000000-35000000
ForkPoolWorker-21 countReadsInRegions_worker: processing 5000000 (7265981.8 per sec) @ chr18:30000000-35000000
ForkPoolWorker-21,  processing 123 (66930.4 per sec) reads @ chr17:65000000-70000000
ForkPoolWorker-21 countReadsInRegions_worker: processing 5000000 (7189470.5 per sec) @ chr17:65000000-70000000
ForkPoolWorker-21,  processing 0 (0.0 per sec) reads @ chrUn_KI270466v1:0-1233
ForkPoolWorker-21 countReadsInRegions_worker: processing 1233 (47936.9 per sec) @ chrUn_KI270466v1:0-1233
ForkPoolWorker-21,  processing 183 (63618.5 per sec) reads @ chr14:75000000-80000000
ForkPoolWorker-21 countReadsInRegions_worker: processing 5000000 (6106454.8 per sec) @ chr14:75000000-80000000
ForkPoolWorker-21,  processing 10 (16545.6 per sec) reads @ chrY:0-5000000
ForkPoolWorker-21 countReadsInRegions_worker: processing 5000000 (7209745.4 per sec) @ chrY:0-5000000
ForkPoolWorker-21,  processing 0 (0.0 per sec) reads @ chrUn_KI270312v1:0-998
ForkPoolWorker-21 countReadsInRegions_worker: processing 998 (102898.6 per sec) @ chrUn_KI270312v1:0-998
ForkPoolWorker-21,  processing 214 (71327.2 per sec) reads @ chr15:65000000-70000000
ForkPoolWorker-21 countReadsInRegions_worker: processing 5000000 (7181451.9 per sec) @ chr15:65000000-70000000
ForkPoolWorker-21,  processing 621 (99395.6 per sec) reads @ chr11:120000000-125000000
ForkPoolWorker-21 countReadsInRegions_worker: processing 5000000 (7150986.7 per sec) @ chr11:120000000-125000000
ForkPoolWorker-21,  processing 280 (73755.3 per sec) reads @ chr1:35000000-40000000
ForkPoolWorker-21 countReadsInRegions_worker: processing 5000000 (7118014.0 per sec) @ chr1:35000000-40000000
ForkPoolWorker-21,  processing 98 (53808.3 per sec) reads @ chr2:45000000-50000000
ForkPoolWorker-21 countReadsInRegions_worker: processing 5000000 (7158355.8 per sec) @ chr2:45000000-50000000
ForkPoolWorker-21,  processing 0 (0.0 per sec) reads @ chr1_KI270711v1_random:0-42210
ForkPoolWorker-21 countReadsInRegions_worker: processing 42210 (2881160.8 per sec) @ chr1_KI270711v1_random:0-42210
ForkPoolWorker-21,  processing 433 (84314.5 per sec) reads @ chr2:25000000-30000000
ForkPoolWorker-21 countReadsInRegions_worker: processing 5000000 (7110653.0 per sec) @ chr2:25000000-30000000
ForkPoolWorker-5,  processing 121 (1086.9 per sec) reads @ chr3:55000000-60000000
ForkPoolWorker-5 countReadsInRegions_worker: processing 5000000 (5781502.1 per sec) @ chr3:55000000-60000000
ForkPoolWorker-5,  processing 53 (43915.1 per sec) reads @ chrX:35000000-40000000
ForkPoolWorker-5 countReadsInRegions_worker: processing 5000000 (7129651.3 per sec) @ chrX:35000000-40000000
ForkPoolWorker-5,  processing 1 (2256.2 per sec) reads @ chrUn_KI270467v1:0-3920
ForkPoolWorker-5 countReadsInRegions_worker: processing 3920 (422719.4 per sec) @ chrUn_KI270467v1:0-3920
ForkPoolWorker-5,  processing 2086 (96839.1 per sec) reads @ chr1:0-5000000
ForkPoolWorker-5 countReadsInRegions_worker: processing 5000000 (6994684.8 per sec) @ chr1:0-5000000
ForkPoolWorker-5,  processing 108 (55827.6 per sec) reads @ chr18:75000000-80000000
ForkPoolWorker-5 countReadsInRegions_worker: processing 5000000 (7206249.8 per sec) @ chr18:75000000-80000000
ForkPoolWorker-5,  processing 132173 (105655.4 per sec) reads @ chr1:140000000-145000000
ForkPoolWorker-5 countReadsInRegions_worker: processing 5000000 (2571485.0 per sec) @ chr1:140000000-145000000
ForkPoolWorker-5,  processing 976 (89580.3 per sec) reads @ chr17:40000000-45000000
ForkPoolWorker-5 countReadsInRegions_worker: processing 5000000 (7078019.3 per sec) @ chr17:40000000-45000000
ForkPoolWorker-5,  processing 5051 (109686.1 per sec) reads @ chr5:175000000-180000000
ForkPoolWorker-5 countReadsInRegions_worker: processing 5000000 (6754523.9 per sec) @ chr5:175000000-180000000
ForkPoolWorker-5,  processing 36 (35511.5 per sec) reads @ chr12:40000000-45000000
ForkPoolWorker-5 countReadsInRegions_worker: processing 5000000 (7197880.0 per sec) @ chr12:40000000-45000000
ForkPoolWorker-5,  processing 0 (0.0 per sec) reads @ chrUn_KI270539v1:0-993
ForkPoolWorker-5 countReadsInRegions_worker: processing 993 (104702.1 per sec) @ chrUn_KI270539v1:0-993
ForkPoolWorker-5,  processing 0 (0.0 per sec) reads @ chrUn_KI270579v1:0-31033
ForkPoolWorker-5 countReadsInRegions_worker: processing 31033 (2386407.7 per sec) @ chrUn_KI270579v1:0-31033
ForkPoolWorker-5,  processing 24 (29598.1 per sec) reads @ chr2:185000000-190000000
ForkPoolWorker-5 countReadsInRegions_worker: processing 5000000 (7193904.7 per sec) @ chr2:185000000-190000000
ForkPoolWorker-5,  processing 49 (41832.1 per sec) reads @ chr3:155000000-160000000
ForkPoolWorker-5 countReadsInRegions_worker: processing 5000000 (7187514.0 per sec) @ chr3:155000000-160000000
ForkPoolWorker-5,  processing 19 (25958.2 per sec) reads @ chrX:55000000-60000000
ForkPoolWorker-5 countReadsInRegions_worker: processing 5000000 (7162350.6 per sec) @ chrX:55000000-60000000
ForkPoolWorker-5,  processing 1 (2746.8 per sec) reads @ chrUn_KI270333v1:0-2699
ForkPoolWorker-5 countReadsInRegions_worker: processing 2699 (326641.8 per sec) @ chrUn_KI270333v1:0-2699
ForkPoolWorker-5,  processing 0 (0.0 per sec) reads @ chr22_KI270739v1_random:0-73985
ForkPoolWorker-5 countReadsInRegions_worker: processing 73985 (4615318.9 per sec) @ chr22_KI270739v1_random:0-73985
ForkPoolWorker-35,  processing 120 (1267.7 per sec) reads @ chr15:95000000-100000000
ForkPoolWorker-35 countReadsInRegions_worker: processing 5000000 (5838394.8 per sec) @ chr15:95000000-100000000
ForkPoolWorker-35,  processing 86 (49082.9 per sec) reads @ chr2:5000000-10000000
ForkPoolWorker-35 countReadsInRegions_worker: processing 5000000 (7097945.9 per sec) @ chr2:5000000-10000000
ForkPoolWorker-35,  processing 110 (58999.2 per sec) reads @ chr5:80000000-85000000
ForkPoolWorker-35 countReadsInRegions_worker: processing 5000000 (7183434.6 per sec) @ chr5:80000000-85000000
ForkPoolWorker-35,  processing 35 (35683.2 per sec) reads @ chr2:180000000-185000000
ForkPoolWorker-35 countReadsInRegions_worker: processing 5000000 (7182957.2 per sec) @ chr2:180000000-185000000
ForkPoolWorker-35,  processing 0 (0.0 per sec) reads @ chr14_KI270723v1_random:0-38115
ForkPoolWorker-35 countReadsInRegions_worker: processing 38115 (1408199.9 per sec) @ chr14_KI270723v1_random:0-38115
ForkPoolWorker-35,  processing 47 (42430.5 per sec) reads @ chr8:115000000-120000000
ForkPoolWorker-35 countReadsInRegions_worker: processing 5000000 (6712127.9 per sec) @ chr8:115000000-120000000
ForkPoolWorker-35,  processing 0 (0.0 per sec) reads @ chr14_KI270722v1_random:0-194050
ForkPoolWorker-35 countReadsInRegions_worker: processing 194050 (5338620.3 per sec) @ chr14_KI270722v1_random:0-194050
ForkPoolWorker-35,  processing 171 (72992.7 per sec) reads @ chr6:80000000-85000000
ForkPoolWorker-35 countReadsInRegions_worker: processing 5000000 (7145363.4 per sec) @ chr6:80000000-85000000
ForkPoolWorker-35,  processing 78 (55346.9 per sec) reads @ chr2:40000000-45000000
ForkPoolWorker-35 countReadsInRegions_worker: processing 5000000 (7197828.1 per sec) @ chr2:40000000-45000000
ForkPoolWorker-35,  processing 0 (0.0 per sec) reads @ chrUn_KI270303v1:0-1942
ForkPoolWorker-35 countReadsInRegions_worker: processing 1942 (202852.5 per sec) @ chrUn_KI270303v1:0-1942
ForkPoolWorker-35,  processing 23 (29171.1 per sec) reads @ chr2:140000000-145000000
ForkPoolWorker-35 countReadsInRegions_worker: processing 5000000 (7205885.8 per sec) @ chr2:140000000-145000000
ForkPoolWorker-35,  processing 54 (42694.1 per sec) reads @ chr9:80000000-85000000
ForkPoolWorker-35 countReadsInRegions_worker: processing 5000000 (7186652.0 per sec) @ chr9:80000000-85000000
ForkPoolWorker-35,  processing 6638 (111128.0 per sec) reads @ chr12:60000000-65000000
ForkPoolWorker-35 countReadsInRegions_worker: processing 5000000 (6609968.6 per sec) @ chr12:60000000-65000000
ForkPoolWorker-35,  processing 0 (0.0 per sec) reads @ chrUn_KI270507v1:0-5353
ForkPoolWorker-35 countReadsInRegions_worker: processing 5353 (570763.1 per sec) @ chrUn_KI270507v1:0-5353
ForkPoolWorker-35,  processing 74 (55276.7 per sec) reads @ chr4:15000000-20000000
ForkPoolWorker-35 countReadsInRegions_worker: processing 5000000 (7110631.3 per sec) @ chr4:15000000-20000000
ForkPoolWorker-35,  processing 0 (0.0 per sec) reads @ chrUn_KI270747v1:0-198735
ForkPoolWorker-35 countReadsInRegions_worker: processing 198735 (6485244.8 per sec) @ chrUn_KI270747v1:0-198735
ForkPoolWorker-17,  processing 242 (2182.2 per sec) reads @ chr2:60000000-65000000
ForkPoolWorker-17 countReadsInRegions_worker: processing 5000000 (6136563.0 per sec) @ chr2:60000000-65000000
ForkPoolWorker-17,  processing 42 (31570.0 per sec) reads @ chr18:80000000-80373285
ForkPoolWorker-17 countReadsInRegions_worker: processing 373285 (5470280.2 per sec) @ chr18:80000000-80373285
ForkPoolWorker-17,  processing 42 (37441.2 per sec) reads @ chr3:105000000-110000000
ForkPoolWorker-17 countReadsInRegions_worker: processing 5000000 (7119983.6 per sec) @ chr3:105000000-110000000
ForkPoolWorker-17,  processing 20 (22411.5 per sec) reads @ chr11:20000000-25000000
ForkPoolWorker-17 countReadsInRegions_worker: processing 5000000 (7162490.0 per sec) @ chr11:20000000-25000000
ForkPoolWorker-17,  processing 165 (57942.1 per sec) reads @ chr4:5000000-10000000
ForkPoolWorker-17 countReadsInRegions_worker: processing 5000000 (7110935.1 per sec) @ chr4:5000000-10000000
ForkPoolWorker-17,  processing 349 (76276.0 per sec) reads @ chr6:40000000-45000000
ForkPoolWorker-17 countReadsInRegions_worker: processing 5000000 (7081996.6 per sec) @ chr6:40000000-45000000
ForkPoolWorker-17,  processing 128 (66288.5 per sec) reads @ chr8:120000000-125000000
ForkPoolWorker-17 countReadsInRegions_worker: processing 5000000 (7120899.8 per sec) @ chr8:120000000-125000000
ForkPoolWorker-17,  processing 15 (20702.4 per sec) reads @ chr18:40000000-45000000
ForkPoolWorker-17 countReadsInRegions_worker: processing 5000000 (7122653.3 per sec) @ chr18:40000000-45000000
ForkPoolWorker-17,  processing 82 (51463.9 per sec) reads @ chr10:5000000-10000000
ForkPoolWorker-17 countReadsInRegions_worker: processing 5000000 (7071584.7 per sec) @ chr10:5000000-10000000
ForkPoolWorker-17,  processing 717 (81658.4 per sec) reads @ chr22:40000000-45000000
ForkPoolWorker-17 countReadsInRegions_worker: processing 5000000 (6998377.5 per sec) @ chr22:40000000-45000000
ForkPoolWorker-17,  processing 46 (42273.9 per sec) reads @ chr11:40000000-45000000
ForkPoolWorker-17 countReadsInRegions_worker: processing 5000000 (7079072.9 per sec) @ chr11:40000000-45000000
ForkPoolWorker-17,  processing 473 (91707.4 per sec) reads @ chrX:105000000-110000000
ForkPoolWorker-17 countReadsInRegions_worker: processing 5000000 (7046410.5 per sec) @ chrX:105000000-110000000
ForkPoolWorker-43,  processing 134 (1298.4 per sec) reads @ chr9:90000000-95000000
ForkPoolWorker-43 countReadsInRegions_worker: processing 5000000 (5832202.2 per sec) @ chr9:90000000-95000000
ForkPoolWorker-43,  processing 76 (50598.0 per sec) reads @ chr1:75000000-80000000
ForkPoolWorker-43 countReadsInRegions_worker: processing 5000000 (6946162.4 per sec) @ chr1:75000000-80000000
ForkPoolWorker-43,  processing 50 (36882.7 per sec) reads @ chr20:20000000-25000000
ForkPoolWorker-43 countReadsInRegions_worker: processing 5000000 (7025922.0 per sec) @ chr20:20000000-25000000
ForkPoolWorker-43,  processing 334 (78275.6 per sec) reads @ chr6:125000000-130000000
ForkPoolWorker-43 countReadsInRegions_worker: processing 5000000 (7019563.0 per sec) @ chr6:125000000-130000000
ForkPoolWorker-43,  processing 186 (75602.3 per sec) reads @ chr16:50000000-55000000
ForkPoolWorker-43 countReadsInRegions_worker: processing 5000000 (7035114.0 per sec) @ chr16:50000000-55000000
ForkPoolWorker-43,  processing 105 (58463.0 per sec) reads @ chr7:20000000-25000000
ForkPoolWorker-43 countReadsInRegions_worker: processing 5000000 (7037699.1 per sec) @ chr7:20000000-25000000
ForkPoolWorker-43,  processing 98 (58114.2 per sec) reads @ chr3:15000000-20000000
ForkPoolWorker-43 countReadsInRegions_worker: processing 5000000 (7016847.9 per sec) @ chr3:15000000-20000000
ForkPoolWorker-43,  processing 36 (36810.1 per sec) reads @ chr7:80000000-85000000
ForkPoolWorker-43 countReadsInRegions_worker: processing 5000000 (7040201.1 per sec) @ chr7:80000000-85000000
ForkPoolWorker-43,  processing 2411 (101211.7 per sec) reads @ chr6:25000000-30000000
ForkPoolWorker-43 countReadsInRegions_worker: processing 5000000 (6842757.8 per sec) @ chr6:25000000-30000000
ForkPoolWorker-43,  processing 21 (24065.7 per sec) reads @ chr13:60000000-65000000
ForkPoolWorker-43 countReadsInRegions_worker: processing 5000000 (7077142.7 per sec) @ chr13:60000000-65000000
ForkPoolWorker-43,  processing 0 (0.0 per sec) reads @ chrUn_KI270516v1:0-1300
ForkPoolWorker-43 countReadsInRegions_worker: processing 1300 (130248.6 per sec) @ chrUn_KI270516v1:0-1300
ForkPoolWorker-43,  processing 169 (65584.5 per sec) reads @ chr7:135000000-140000000
ForkPoolWorker-43 countReadsInRegions_worker: processing 5000000 (7078712.1 per sec) @ chr7:135000000-140000000
ForkPoolWorker-46,  processing 1186 (10547.8 per sec) reads @ chr20:60000000-64444167
ForkPoolWorker-46 countReadsInRegions_worker: processing 4444167 (5622755.3 per sec) @ chr20:60000000-64444167
ForkPoolWorker-46,  processing 5 (8279.3 per sec) reads @ chrUn_GL000218v1:0-161147
ForkPoolWorker-46 countReadsInRegions_worker: processing 161147 (4765460.1 per sec) @ chrUn_GL000218v1:0-161147
ForkPoolWorker-46,  processing 97 (59874.5 per sec) reads @ chr12:85000000-90000000
ForkPoolWorker-46 countReadsInRegions_worker: processing 5000000 (6988759.5 per sec) @ chr12:85000000-90000000
ForkPoolWorker-46,  processing 0 (0.0 per sec) reads @ chr9:50000000-55000000
ForkPoolWorker-46 countReadsInRegions_worker: processing 5000000 (6981960.7 per sec) @ chr9:50000000-55000000
ForkPoolWorker-46,  processing 49 (37863.1 per sec) reads @ chr4:165000000-170000000
ForkPoolWorker-46 countReadsInRegions_worker: processing 5000000 (6992763.0 per sec) @ chr4:165000000-170000000
ForkPoolWorker-46,  processing 24 (25937.5 per sec) reads @ chr4:90000000-95000000
ForkPoolWorker-46 countReadsInRegions_worker: processing 5000000 (7073409.4 per sec) @ chr4:90000000-95000000
ForkPoolWorker-46,  processing 249 (67444.7 per sec) reads @ chrX:45000000-50000000
ForkPoolWorker-46 countReadsInRegions_worker: processing 5000000 (7046611.8 per sec) @ chrX:45000000-50000000
ForkPoolWorker-46,  processing 0 (0.0 per sec) reads @ chr1:125000000-130000000
ForkPoolWorker-46 countReadsInRegions_worker: processing 5000000 (7050954.5 per sec) @ chr1:125000000-130000000
ForkPoolWorker-46,  processing 707 (76882.9 per sec) reads @ chr3:45000000-50000000
ForkPoolWorker-46 countReadsInRegions_worker: processing 5000000 (6995900.5 per sec) @ chr3:45000000-50000000
ForkPoolWorker-46,  processing 127 (65892.7 per sec) reads @ chr4:145000000-150000000
ForkPoolWorker-46 countReadsInRegions_worker: processing 5000000 (7036653.0 per sec) @ chr4:145000000-150000000
ForkPoolWorker-46,  processing 225 (77646.7 per sec) reads @ chr12:100000000-105000000
ForkPoolWorker-46 countReadsInRegions_worker: processing 5000000 (7033313.8 per sec) @ chr12:100000000-105000000
ForkPoolWorker-46,  processing 63 (46107.3 per sec) reads @ chr3:115000000-120000000
ForkPoolWorker-46 countReadsInRegions_worker: processing 5000000 (7035319.3 per sec) @ chr3:115000000-120000000
ForkPoolWorker-41,  processing 304 (2901.3 per sec) reads @ chr9:35000000-40000000
ForkPoolWorker-41 countReadsInRegions_worker: processing 5000000 (5825328.4 per sec) @ chr9:35000000-40000000
ForkPoolWorker-41,  processing 0 (0.0 per sec) reads @ chr17_KI270729v1_random:0-280839
ForkPoolWorker-41 countReadsInRegions_worker: processing 280839 (5489312.6 per sec) @ chr17_KI270729v1_random:0-280839
ForkPoolWorker-41,  processing 96 (53873.9 per sec) reads @ chr18:0-5000000
ForkPoolWorker-41 countReadsInRegions_worker: processing 5000000 (7157534.9 per sec) @ chr18:0-5000000
ForkPoolWorker-41,  processing 82 (44935.1 per sec) reads @ chr3:185000000-190000000
ForkPoolWorker-41 countReadsInRegions_worker: processing 5000000 (7187831.8 per sec) @ chr3:185000000-190000000
ForkPoolWorker-41,  processing 550 (80468.4 per sec) reads @ chr9:125000000-130000000
ForkPoolWorker-41 countReadsInRegions_worker: processing 5000000 (7139590.8 per sec) @ chr9:125000000-130000000
ForkPoolWorker-41,  processing 80 (47527.5 per sec) reads @ chr20:50000000-55000000
ForkPoolWorker-41 countReadsInRegions_worker: processing 5000000 (5219013.5 per sec) @ chr20:50000000-55000000
ForkPoolWorker-41,  processing 0 (0.0 per sec) reads @ chrUn_KI270519v1:0-138126
ForkPoolWorker-41 countReadsInRegions_worker: processing 138126 (4923994.6 per sec) @ chrUn_KI270519v1:0-138126
ForkPoolWorker-41,  processing 265 (77278.1 per sec) reads @ chr12:110000000-115000000
ForkPoolWorker-41 countReadsInRegions_worker: processing 5000000 (7177008.4 per sec) @ chr12:110000000-115000000
ForkPoolWorker-41,  processing 66 (43253.8 per sec) reads @ chr7:30000000-35000000
ForkPoolWorker-41 countReadsInRegions_worker: processing 5000000 (7184234.3 per sec) @ chr7:30000000-35000000
ForkPoolWorker-41,  processing 0 (0.0 per sec) reads @ chrUn_KI270382v1:0-4215
ForkPoolWorker-41 countReadsInRegions_worker: processing 4215 (429800.7 per sec) @ chrUn_KI270382v1:0-4215
ForkPoolWorker-41,  processing 60 (46672.5 per sec) reads @ chr4:180000000-185000000
ForkPoolWorker-41 countReadsInRegions_worker: processing 5000000 (7179369.6 per sec) @ chr4:180000000-185000000
ForkPoolWorker-41,  processing 703 (81081.1 per sec) reads @ chr11:60000000-65000000
ForkPoolWorker-41 countReadsInRegions_worker: processing 5000000 (7100173.6 per sec) @ chr11:60000000-65000000
ForkPoolWorker-41,  processing 0 (0.0 per sec) reads @ chrUn_KI270748v1:0-93321
ForkPoolWorker-41 countReadsInRegions_worker: processing 93321 (4385375.0 per sec) @ chrUn_KI270748v1:0-93321
ForkPoolWorker-41,  processing 0 (0.0 per sec) reads @ chrUn_KI270751v1:0-150742
ForkPoolWorker-41 countReadsInRegions_worker: processing 150742 (5306045.5 per sec) @ chrUn_KI270751v1:0-150742
ForkPoolWorker-41,  processing 63 (42251.5 per sec) reads @ chr7:35000000-40000000
ForkPoolWorker-41 countReadsInRegions_worker: processing 5000000 (7207795.3 per sec) @ chr7:35000000-40000000
ForkPoolWorker-41,  processing 3 (5473.2 per sec) reads @ chr5:45000000-50000000
ForkPoolWorker-41 countReadsInRegions_worker: processing 5000000 (7192777.2 per sec) @ chr5:45000000-50000000
ForkPoolWorker-40,  processing 49 (473.6 per sec) reads @ chr8:0-5000000
ForkPoolWorker-40 countReadsInRegions_worker: processing 5000000 (6150482.0 per sec) @ chr8:0-5000000
ForkPoolWorker-40,  processing 656 (85079.3 per sec) reads @ chr16:65000000-70000000
ForkPoolWorker-40 countReadsInRegions_worker: processing 5000000 (6821117.8 per sec) @ chr16:65000000-70000000
ForkPoolWorker-40,  processing 0 (0.0 per sec) reads @ chr9_KI270720v1_random:0-39050
ForkPoolWorker-40 countReadsInRegions_worker: processing 39050 (2780773.7 per sec) @ chr9_KI270720v1_random:0-39050
ForkPoolWorker-40,  processing 7 (14881.0 per sec) reads @ chr14_GL000194v1_random:0-191469
ForkPoolWorker-40 countReadsInRegions_worker: processing 191469 (5590721.5 per sec) @ chr14_GL000194v1_random:0-191469
ForkPoolWorker-40,  processing 0 (0.0 per sec) reads @ chrUn_KI270383v1:0-1750
ForkPoolWorker-40 countReadsInRegions_worker: processing 1750 (185960.1 per sec) @ chrUn_KI270383v1:0-1750
ForkPoolWorker-40,  processing 92 (57567.7 per sec) reads @ chr10:0-5000000
ForkPoolWorker-40 countReadsInRegions_worker: processing 5000000 (7237158.7 per sec) @ chr10:0-5000000
ForkPoolWorker-40,  processing 331 (75851.8 per sec) reads @ chr3:50000000-55000000
ForkPoolWorker-40 countReadsInRegions_worker: processing 5000000 (7216076.4 per sec) @ chr3:50000000-55000000
ForkPoolWorker-40,  processing 39 (39058.7 per sec) reads @ chr8:15000000-20000000
ForkPoolWorker-40 countReadsInRegions_worker: processing 5000000 (7229225.3 per sec) @ chr8:15000000-20000000
ForkPoolWorker-40,  processing 2258 (93478.1 per sec) reads @ chr8:140000000-145000000
ForkPoolWorker-40 countReadsInRegions_worker: processing 5000000 (6972955.7 per sec) @ chr8:140000000-145000000
ForkPoolWorker-40,  processing 69 (48935.9 per sec) reads @ chr3:30000000-35000000
ForkPoolWorker-40 countReadsInRegions_worker: processing 5000000 (7201590.1 per sec) @ chr3:30000000-35000000
ForkPoolWorker-40,  processing 59 (51107.8 per sec) reads @ chr11:25000000-30000000
ForkPoolWorker-40 countReadsInRegions_worker: processing 5000000 (7180564.2 per sec) @ chr11:25000000-30000000
ForkPoolWorker-40,  processing 34 (36048.1 per sec) reads @ chr9:40000000-45000000
ForkPoolWorker-40 countReadsInRegions_worker: processing 5000000 (7159191.5 per sec) @ chr9:40000000-45000000
ForkPoolWorker-40,  processing 0 (0.0 per sec) reads @ chrUn_KI270587v1:0-2969
ForkPoolWorker-40 countReadsInRegions_worker: processing 2969 (245087.4 per sec) @ chrUn_KI270587v1:0-2969
ForkPoolWorker-40,  processing 327727 (107953.8 per sec) reads @ chr1:15000000-20000000
ForkPoolWorker-40 countReadsInRegions_worker: processing 5000000 (1340917.7 per sec) @ chr1:15000000-20000000
ForkPoolWorker-40,  processing 0 (0.0 per sec) reads @ chrUn_KI270393v1:0-1308
ForkPoolWorker-40 countReadsInRegions_worker: processing 1308 (140598.4 per sec) @ chrUn_KI270393v1:0-1308
ForkPoolWorker-40,  processing 3868 (115225.8 per sec) reads @ chr4:65000000-70000000
ForkPoolWorker-40 countReadsInRegions_worker: processing 5000000 (7025834.9 per sec) @ chr4:65000000-70000000
ForkPoolWorker-26,  processing 34 (315.8 per sec) reads @ chr12:70000000-75000000
ForkPoolWorker-26 countReadsInRegions_worker: processing 5000000 (6159420.2 per sec) @ chr12:70000000-75000000
ForkPoolWorker-26,  processing 15 (21133.5 per sec) reads @ chr13:85000000-90000000
ForkPoolWorker-26 countReadsInRegions_worker: processing 5000000 (7077333.8 per sec) @ chr13:85000000-90000000
ForkPoolWorker-26,  processing 0 (0.0 per sec) reads @ chrUn_KI270746v1:0-66486
ForkPoolWorker-26 countReadsInRegions_worker: processing 66486 (3838226.3 per sec) @ chrUn_KI270746v1:0-66486
ForkPoolWorker-26,  processing 296 (73728.5 per sec) reads @ chr1:150000000-155000000
ForkPoolWorker-26 countReadsInRegions_worker: processing 5000000 (7238230.3 per sec) @ chr1:150000000-155000000
ForkPoolWorker-26,  processing 167 (65249.1 per sec) reads @ chr9:95000000-100000000
ForkPoolWorker-26 countReadsInRegions_worker: processing 5000000 (7191497.0 per sec) @ chr9:95000000-100000000
ForkPoolWorker-26,  processing 63 (47551.0 per sec) reads @ chr9:65000000-70000000
ForkPoolWorker-26 countReadsInRegions_worker: processing 5000000 (6577899.2 per sec) @ chr9:65000000-70000000
ForkPoolWorker-26,  processing 3 (6838.5 per sec) reads @ chrUn_GL000214v1:0-137718
ForkPoolWorker-26 countReadsInRegions_worker: processing 137718 (4968058.2 per sec) @ chrUn_GL000214v1:0-137718
ForkPoolWorker-26,  processing 83 (58459.7 per sec) reads @ chr7:115000000-120000000
ForkPoolWorker-26 countReadsInRegions_worker: processing 5000000 (7207193.3 per sec) @ chr7:115000000-120000000
ForkPoolWorker-26,  processing 107 (61001.8 per sec) reads @ chr13:50000000-55000000
ForkPoolWorker-26 countReadsInRegions_worker: processing 5000000 (7195622.7 per sec) @ chr13:50000000-55000000
ForkPoolWorker-26,  processing 0 (0.0 per sec) reads @ chrUn_KI270544v1:0-1202
ForkPoolWorker-26 countReadsInRegions_worker: processing 1202 (130030.8 per sec) @ chrUn_KI270544v1:0-1202
ForkPoolWorker-26,  processing 136 (61547.8 per sec) reads @ chr13:95000000-100000000
ForkPoolWorker-26 countReadsInRegions_worker: processing 5000000 (7159582.6 per sec) @ chr13:95000000-100000000
ForkPoolWorker-26,  processing 0 (0.0 per sec) reads @ chrUn_KI270529v1:0-1899
ForkPoolWorker-26 countReadsInRegions_worker: processing 1899 (211891.0 per sec) @ chrUn_KI270529v1:0-1899
ForkPoolWorker-26,  processing 119 (64138.0 per sec) reads @ chr2:20000000-25000000
ForkPoolWorker-26 countReadsInRegions_worker: processing 5000000 (7162932.8 per sec) @ chr2:20000000-25000000
ForkPoolWorker-26,  processing 1353 (90397.7 per sec) reads @ chr9:135000000-138394717
ForkPoolWorker-26 countReadsInRegions_worker: processing 3394717 (6946424.4 per sec) @ chr9:135000000-138394717
ForkPoolWorker-26,  processing 80 (48686.1 per sec) reads @ chr11:125000000-130000000
ForkPoolWorker-26 countReadsInRegions_worker: processing 5000000 (7204737.1 per sec) @ chr11:125000000-130000000
ForkPoolWorker-26,  processing 60 (51015.3 per sec) reads @ chr5:110000000-115000000
ForkPoolWorker-26 countReadsInRegions_worker: processing 5000000 (7380962.0 per sec) @ chr5:110000000-115000000
ForkPoolWorker-49,  processing 32 (319.0 per sec) reads @ chr7:10000000-15000000
ForkPoolWorker-49 countReadsInRegions_worker: processing 5000000 (6056982.3 per sec) @ chr7:10000000-15000000
ForkPoolWorker-49,  processing 21 (22147.4 per sec) reads @ chr5:85000000-90000000
ForkPoolWorker-49 countReadsInRegions_worker: processing 5000000 (7115222.3 per sec) @ chr5:85000000-90000000
ForkPoolWorker-49,  processing 42 (39560.0 per sec) reads @ chr7:110000000-115000000
ForkPoolWorker-49 countReadsInRegions_worker: processing 5000000 (7225511.6 per sec) @ chr7:110000000-115000000
ForkPoolWorker-49,  processing 154 (68142.5 per sec) reads @ chr11:55000000-60000000
ForkPoolWorker-49 countReadsInRegions_worker: processing 5000000 (7199676.5 per sec) @ chr11:55000000-60000000
ForkPoolWorker-49,  processing 169 (68440.4 per sec) reads @ chr20:55000000-60000000
ForkPoolWorker-49 countReadsInRegions_worker: processing 5000000 (5578388.0 per sec) @ chr20:55000000-60000000
ForkPoolWorker-49,  processing 171 (64539.4 per sec) reads @ chr1:50000000-55000000
ForkPoolWorker-49 countReadsInRegions_worker: processing 5000000 (7153489.4 per sec) @ chr1:50000000-55000000
ForkPoolWorker-49,  processing 518 (93162.8 per sec) reads @ chr9:75000000-80000000
ForkPoolWorker-49 countReadsInRegions_worker: processing 5000000 (7100430.8 per sec) @ chr9:75000000-80000000
ForkPoolWorker-49,  processing 24 (32232.9 per sec) reads @ chr4:30000000-35000000
ForkPoolWorker-49 countReadsInRegions_worker: processing 5000000 (7161506.7 per sec) @ chr4:30000000-35000000
ForkPoolWorker-49,  processing 604 (85920.3 per sec) reads @ chr21:40000000-45000000
ForkPoolWorker-49 countReadsInRegions_worker: processing 5000000 (7090904.4 per sec) @ chr21:40000000-45000000
ForkPoolWorker-49,  processing 766 (101156.7 per sec) reads @ chr12:125000000-130000000
ForkPoolWorker-49 countReadsInRegions_worker: processing 5000000 (7095976.5 per sec) @ chr12:125000000-130000000
ForkPoolWorker-49,  processing 29 (33106.9 per sec) reads @ chr1:190000000-195000000
ForkPoolWorker-49 countReadsInRegions_worker: processing 5000000 (7145029.8 per sec) @ chr1:190000000-195000000
ForkPoolWorker-49,  processing 30 (32539.2 per sec) reads @ chr8:30000000-35000000
ForkPoolWorker-49 countReadsInRegions_worker: processing 5000000 (7605086.4 per sec) @ chr8:30000000-35000000
ForkPoolWorker-23,  processing 0 (0.0 per sec) reads @ chrUn_KI270340v1:0-1428
ForkPoolWorker-23 countReadsInRegions_worker: processing 1428 (20101.6 per sec) @ chrUn_KI270340v1:0-1428
ForkPoolWorker-23,  processing 142 (6561.6 per sec) reads @ chr5:50000000-55000000
ForkPoolWorker-23 countReadsInRegions_worker: processing 5000000 (6733046.2 per sec) @ chr5:50000000-55000000
ForkPoolWorker-23,  processing 150 (65291.2 per sec) reads @ chr6:155000000-160000000
ForkPoolWorker-23 countReadsInRegions_worker: processing 5000000 (7095544.4 per sec) @ chr6:155000000-160000000
ForkPoolWorker-23,  processing 2020 (109177.4 per sec) reads @ chr1:5000000-10000000
ForkPoolWorker-23 countReadsInRegions_worker: processing 5000000 (7009338.4 per sec) @ chr1:5000000-10000000
ForkPoolWorker-23,  processing 0 (0.0 per sec) reads @ chrUn_KI270363v1:0-1803
ForkPoolWorker-23 countReadsInRegions_worker: processing 1803 (155248.9 per sec) @ chrUn_KI270363v1:0-1803
ForkPoolWorker-23,  processing 113 (60810.4 per sec) reads @ chr4:80000000-85000000
ForkPoolWorker-23 countReadsInRegions_worker: processing 5000000 (7186290.0 per sec) @ chr4:80000000-85000000
ForkPoolWorker-23,  processing 2 (4457.3 per sec) reads @ chrUn_KI270741v1:0-157432
ForkPoolWorker-23 countReadsInRegions_worker: processing 157432 (5143702.5 per sec) @ chrUn_KI270741v1:0-157432
ForkPoolWorker-23,  processing 81 (58134.6 per sec) reads @ chr4:40000000-45000000
ForkPoolWorker-23 countReadsInRegions_worker: processing 5000000 (7220461.5 per sec) @ chr4:40000000-45000000
ForkPoolWorker-23,  processing 204 (80507.9 per sec) reads @ chr4:110000000-115000000
ForkPoolWorker-23 countReadsInRegions_worker: processing 5000000 (7182927.7 per sec) @ chr4:110000000-115000000
ForkPoolWorker-23,  processing 164 (64893.0 per sec) reads @ chr7:65000000-70000000
ForkPoolWorker-23 countReadsInRegions_worker: processing 5000000 (7200652.9 per sec) @ chr7:65000000-70000000
ForkPoolWorker-23,  processing 1 (2180.0 per sec) reads @ chr1_KI270709v1_random:0-66860
ForkPoolWorker-23 countReadsInRegions_worker: processing 66860 (3691340.9 per sec) @ chr1_KI270709v1_random:0-66860
ForkPoolWorker-23,  processing 505 (98174.9 per sec) reads @ chr3:110000000-115000000
ForkPoolWorker-23 countReadsInRegions_worker: processing 5000000 (7097415.0 per sec) @ chr3:110000000-115000000
ForkPoolWorker-23,  processing 903 (85553.6 per sec) reads @ chr11:65000000-70000000
ForkPoolWorker-23 countReadsInRegions_worker: processing 5000000 (7050485.1 per sec) @ chr11:65000000-70000000
ForkPoolWorker-23,  processing 18 (23771.2 per sec) reads @ chr6:65000000-70000000
ForkPoolWorker-23 countReadsInRegions_worker: processing 5000000 (7170056.8 per sec) @ chr6:65000000-70000000
ForkPoolWorker-23,  processing 2485 (103187.3 per sec) reads @ chr6:120000000-125000000
ForkPoolWorker-23 countReadsInRegions_worker: processing 5000000 (6931982.3 per sec) @ chr6:120000000-125000000
ForkPoolWorker-23,  processing 204 (69490.6 per sec) reads @ chr22:30000000-35000000
ForkPoolWorker-23 countReadsInRegions_worker: processing 5000000 (7810334.0 per sec) @ chr22:30000000-35000000
ForkPoolWorker-30,  processing 160 (1485.1 per sec) reads @ chr8:35000000-40000000
ForkPoolWorker-30 countReadsInRegions_worker: processing 5000000 (5794305.2 per sec) @ chr8:35000000-40000000
ForkPoolWorker-30,  processing 127 (61227.2 per sec) reads @ chr1:180000000-185000000
ForkPoolWorker-30 countReadsInRegions_worker: processing 5000000 (6946300.4 per sec) @ chr1:180000000-185000000
ForkPoolWorker-30,  processing 0 (0.0 per sec) reads @ chrUn_KI270422v1:0-1445
ForkPoolWorker-30 countReadsInRegions_worker: processing 1445 (146420.2 per sec) @ chrUn_KI270422v1:0-1445
ForkPoolWorker-30,  processing 0 (0.0 per sec) reads @ chrUn_KI270435v1:0-92983
ForkPoolWorker-30 countReadsInRegions_worker: processing 92983 (4364552.7 per sec) @ chrUn_KI270435v1:0-92983
ForkPoolWorker-30,  processing 46 (40524.7 per sec) reads @ chr3:95000000-100000000
ForkPoolWorker-30 countReadsInRegions_worker: processing 5000000 (7103004.0 per sec) @ chr3:95000000-100000000
ForkPoolWorker-30,  processing 15 (19575.2 per sec) reads @ chr8:110000000-115000000
ForkPoolWorker-30 countReadsInRegions_worker: processing 5000000 (7031311.7 per sec) @ chr8:110000000-115000000
ForkPoolWorker-30,  processing 0 (0.0 per sec) reads @ chrUn_KI270423v1:0-981
ForkPoolWorker-30 countReadsInRegions_worker: processing 981 (104844.2 per sec) @ chrUn_KI270423v1:0-981
ForkPoolWorker-30,  processing 1 (2279.5 per sec) reads @ chr1_KI270714v1_random:0-41717
ForkPoolWorker-30 countReadsInRegions_worker: processing 41717 (2946182.5 per sec) @ chr1_KI270714v1_random:0-41717
ForkPoolWorker-30,  processing 519 (75292.1 per sec) reads @ chr21:45000000-46709983
ForkPoolWorker-30 countReadsInRegions_worker: processing 1709983 (6759653.6 per sec) @ chr21:45000000-46709983
ForkPoolWorker-30,  processing 405 (84554.2 per sec) reads @ chr14:105000000-107043718
ForkPoolWorker-30 countReadsInRegions_worker: processing 2043718 (6848960.9 per sec) @ chr14:105000000-107043718
ForkPoolWorker-30,  processing 40 (39634.3 per sec) reads @ chr1:185000000-190000000
ForkPoolWorker-30 countReadsInRegions_worker: processing 5000000 (7150099.3 per sec) @ chr1:185000000-190000000
ForkPoolWorker-30,  processing 251 (86819.3 per sec) reads @ chr4:100000000-105000000
ForkPoolWorker-30 countReadsInRegions_worker: processing 5000000 (7157784.1 per sec) @ chr4:100000000-105000000
ForkPoolWorker-30,  processing 347 (78009.5 per sec) reads @ chr2:240000000-242193529
ForkPoolWorker-30 countReadsInRegions_worker: processing 2193529 (6945027.1 per sec) @ chr2:240000000-242193529
ForkPoolWorker-30,  processing 344 (72657.9 per sec) reads @ chr12:45000000-50000000
ForkPoolWorker-30 countReadsInRegions_worker: processing 5000000 (7062680.2 per sec) @ chr12:45000000-50000000
ForkPoolWorker-30,  processing 111 (56597.1 per sec) reads @ chr3:5000000-10000000
ForkPoolWorker-30 countReadsInRegions_worker: processing 5000000 (7084132.9 per sec) @ chr3:5000000-10000000
ForkPoolWorker-30,  processing 0 (0.0 per sec) reads @ chrUn_KI270311v1:0-12399
ForkPoolWorker-30 countReadsInRegions_worker: processing 12399 (1125458.3 per sec) @ chrUn_KI270311v1:0-12399
ForkPoolWorker-30,  processing 111 (53997.7 per sec) reads @ chr2:170000000-175000000
ForkPoolWorker-30 countReadsInRegions_worker: processing 5000000 (7070390.3 per sec) @ chr2:170000000-175000000
ForkPoolWorker-30,  processing 0 (0.0 per sec) reads @ chrUn_KI270411v1:0-2646
ForkPoolWorker-30 countReadsInRegions_worker: processing 2646 (263357.0 per sec) @ chrUn_KI270411v1:0-2646
ForkPoolWorker-30,  processing 0 (0.0 per sec) reads @ chrUn_KI270320v1:0-4416
ForkPoolWorker-30 countReadsInRegions_worker: processing 4416 (452585.1 per sec) @ chrUn_KI270320v1:0-4416
ForkPoolWorker-30,  processing 191 (74342.2 per sec) reads @ chr12:10000000-15000000
ForkPoolWorker-30 countReadsInRegions_worker: processing 5000000 (7105889.7 per sec) @ chr12:10000000-15000000
ForkPoolWorker-44,  processing 1371 (10274.2 per sec) reads @ chr7:140000000-145000000
ForkPoolWorker-44 countReadsInRegions_worker: processing 5000000 (5691604.7 per sec) @ chr7:140000000-145000000
ForkPoolWorker-44,  processing 434 (59585.2 per sec) reads @ chr17:35000000-40000000
ForkPoolWorker-44 countReadsInRegions_worker: processing 5000000 (6019551.1 per sec) @ chr17:35000000-40000000
ForkPoolWorker-44,  processing 0 (0.0 per sec) reads @ chrUn_KI270374v1:0-2656
ForkPoolWorker-44 countReadsInRegions_worker: processing 2656 (173362.0 per sec) @ chrUn_KI270374v1:0-2656
ForkPoolWorker-44,  processing 398 (72237.4 per sec) reads @ chr3:125000000-130000000
ForkPoolWorker-44 countReadsInRegions_worker: processing 5000000 (7100731.3 per sec) @ chr3:125000000-130000000
ForkPoolWorker-44,  processing 2 (4426.7 per sec) reads @ chr15_KI270727v1_random:0-448248
ForkPoolWorker-44 countReadsInRegions_worker: processing 448248 (6314615.6 per sec) @ chr15_KI270727v1_random:0-448248
ForkPoolWorker-44,  processing 63 (45653.3 per sec) reads @ chr6:145000000-150000000
ForkPoolWorker-44 countReadsInRegions_worker: processing 5000000 (7239029.8 per sec) @ chr6:145000000-150000000
ForkPoolWorker-44,  processing 52 (48029.9 per sec) reads @ chr2:50000000-55000000
ForkPoolWorker-44 countReadsInRegions_worker: processing 5000000 (7245424.9 per sec) @ chr2:50000000-55000000
ForkPoolWorker-44,  processing 45 (41794.4 per sec) reads @ chr18:25000000-30000000
ForkPoolWorker-44 countReadsInRegions_worker: processing 5000000 (7207936.5 per sec) @ chr18:25000000-30000000
ForkPoolWorker-44,  processing 0 (0.0 per sec) reads @ chrUn_KI270389v1:0-1298
ForkPoolWorker-44 countReadsInRegions_worker: processing 1298 (141202.6 per sec) @ chrUn_KI270389v1:0-1298
ForkPoolWorker-44,  processing 79 (55041.5 per sec) reads @ chr2:75000000-80000000
ForkPoolWorker-44 countReadsInRegions_worker: processing 5000000 (7187137.2 per sec) @ chr2:75000000-80000000
ForkPoolWorker-44,  processing 95 (55697.4 per sec) reads @ chr6:20000000-25000000
ForkPoolWorker-44 countReadsInRegions_worker: processing 5000000 (7191608.0 per sec) @ chr6:20000000-25000000
ForkPoolWorker-44,  processing 227 (67262.9 per sec) reads @ chr2:70000000-75000000
ForkPoolWorker-44 countReadsInRegions_worker: processing 5000000 (7180163.5 per sec) @ chr2:70000000-75000000
ForkPoolWorker-44,  processing 38 (37370.1 per sec) reads @ chr8:60000000-65000000
ForkPoolWorker-44 countReadsInRegions_worker: processing 5000000 (7198356.8 per sec) @ chr8:60000000-65000000
ForkPoolWorker-44,  processing 733 (101819.0 per sec) reads @ chrX:130000000-135000000
ForkPoolWorker-44 countReadsInRegions_worker: processing 5000000 (7096862.6 per sec) @ chrX:130000000-135000000
ForkPoolWorker-44,  processing 696 (86583.1 per sec) reads @ chr19:5000000-10000000
ForkPoolWorker-44 countReadsInRegions_worker: processing 5000000 (8108680.1 per sec) @ chr19:5000000-10000000
ForkPoolWorker-44,  processing 0 (0.0 per sec) reads @ chr9_KI270717v1_random:0-40062
ForkPoolWorker-44 countReadsInRegions_worker: processing 40062 (3143491.7 per sec) @ chr9_KI270717v1_random:0-40062
ForkPoolWorker-20,  processing 669 (5890.3 per sec) reads @ chrM:0-16569
ForkPoolWorker-20 countReadsInRegions_worker: processing 16569 (131604.2 per sec) @ chrM:0-16569
ForkPoolWorker-20,  processing 347 (75894.2 per sec) reads @ chr10:100000000-105000000
ForkPoolWorker-20 countReadsInRegions_worker: processing 5000000 (6894514.3 per sec) @ chr10:100000000-105000000
ForkPoolWorker-20,  processing 53 (41675.7 per sec) reads @ chr2:135000000-140000000
ForkPoolWorker-20 countReadsInRegions_worker: processing 5000000 (7110944.7 per sec) @ chr2:135000000-140000000
ForkPoolWorker-20,  processing 0 (0.0 per sec) reads @ chrUn_KI270756v1:0-79590
ForkPoolWorker-20 countReadsInRegions_worker: processing 79590 (4099378.1 per sec) @ chrUn_KI270756v1:0-79590
ForkPoolWorker-20,  processing 228 (81001.3 per sec) reads @ chr3:140000000-145000000
ForkPoolWorker-20 countReadsInRegions_worker: processing 5000000 (7193364.3 per sec) @ chr3:140000000-145000000
ForkPoolWorker-20,  processing 201 (90875.8 per sec) reads @ chr4:190000000-190214555
ForkPoolWorker-20 countReadsInRegions_worker: processing 214555 (5348959.2 per sec) @ chr4:190000000-190214555
ForkPoolWorker-20,  processing 3 (6413.3 per sec) reads @ chr17_GL000205v2_random:0-185591
ForkPoolWorker-20 countReadsInRegions_worker: processing 185591 (5628851.1 per sec) @ chr17_GL000205v2_random:0-185591
ForkPoolWorker-20,  processing 46 (40798.9 per sec) reads @ chr1:215000000-220000000
ForkPoolWorker-20 countReadsInRegions_worker: processing 5000000 (7133968.4 per sec) @ chr1:215000000-220000000
ForkPoolWorker-20,  processing 60 (50543.9 per sec) reads @ chr22:10000000-15000000
ForkPoolWorker-20 countReadsInRegions_worker: processing 5000000 (7129726.5 per sec) @ chr22:10000000-15000000
ForkPoolWorker-20,  processing 0 (0.0 per sec) reads @ chrUn_KI270392v1:0-971
ForkPoolWorker-20 countReadsInRegions_worker: processing 971 (103411.9 per sec) @ chrUn_KI270392v1:0-971
ForkPoolWorker-20,  processing 237 (79144.1 per sec) reads @ chr8:100000000-105000000
ForkPoolWorker-20 countReadsInRegions_worker: processing 5000000 (7125380.6 per sec) @ chr8:100000000-105000000
ForkPoolWorker-20,  processing 0 (0.0 per sec) reads @ chrUn_KI270511v1:0-8127
ForkPoolWorker-20 countReadsInRegions_worker: processing 8127 (793997.5 per sec) @ chrUn_KI270511v1:0-8127
ForkPoolWorker-20,  processing 24 (28371.8 per sec) reads @ chr13:15000000-20000000
ForkPoolWorker-20 countReadsInRegions_worker: processing 5000000 (7140137.8 per sec) @ chr13:15000000-20000000
ForkPoolWorker-20,  processing 0 (0.0 per sec) reads @ chrY:30000000-35000000
ForkPoolWorker-20 countReadsInRegions_worker: processing 5000000 (7148376.2 per sec) @ chrY:30000000-35000000
ForkPoolWorker-20,  processing 760 (83947.9 per sec) reads @ chr7:100000000-105000000
ForkPoolWorker-20 countReadsInRegions_worker: processing 5000000 (7067180.9 per sec) @ chr7:100000000-105000000
ForkPoolWorker-20,  processing 33 (38868.9 per sec) reads @ chrX:155000000-156040895
ForkPoolWorker-20 countReadsInRegions_worker: processing 1040895 (6761757.4 per sec) @ chrX:155000000-156040895
ForkPoolWorker-20,  processing 1323 (106934.9 per sec) reads @ chr5:180000000-181538259
ForkPoolWorker-20 countReadsInRegions_worker: processing 1538259 (6579348.1 per sec) @ chr5:180000000-181538259
ForkPoolWorker-20,  processing 404 (80167.4 per sec) reads @ chr7:5000000-10000000
ForkPoolWorker-20 countReadsInRegions_worker: processing 5000000 (7167422.5 per sec) @ chr7:5000000-10000000
ForkPoolWorker-20,  processing 0 (0.0 per sec) reads @ chr1:130000000-135000000
ForkPoolWorker-20 countReadsInRegions_worker: processing 5000000 (7373008.5 per sec) @ chr1:130000000-135000000
ForkPoolWorker-20,  processing 64 (53848.6 per sec) reads @ chr15:45000000-50000000
ForkPoolWorker-20 countReadsInRegions_worker: processing 5000000 (8214586.9 per sec) @ chr15:45000000-50000000
ForkPoolWorker-27,  processing 120 (1118.1 per sec) reads @ chr9:110000000-115000000
ForkPoolWorker-27 countReadsInRegions_worker: processing 5000000 (5824779.9 per sec) @ chr9:110000000-115000000
ForkPoolWorker-27,  processing 87 (47731.1 per sec) reads @ chr1:210000000-215000000
ForkPoolWorker-27 countReadsInRegions_worker: processing 5000000 (6878298.7 per sec) @ chr1:210000000-215000000
ForkPoolWorker-27,  processing 0 (0.0 per sec) reads @ chrUn_KI270530v1:0-2168
ForkPoolWorker-27 countReadsInRegions_worker: processing 2168 (232326.3 per sec) @ chrUn_KI270530v1:0-2168
ForkPoolWorker-27,  processing 55 (37730.9 per sec) reads @ chr2:205000000-210000000
ForkPoolWorker-27 countReadsInRegions_worker: processing 5000000 (7050774.3 per sec) @ chr2:205000000-210000000
ForkPoolWorker-27,  processing 43 (35913.0 per sec) reads @ chr2:145000000-150000000
ForkPoolWorker-27 countReadsInRegions_worker: processing 5000000 (7045660.1 per sec) @ chr2:145000000-150000000
ForkPoolWorker-27,  processing 57 (50405.9 per sec) reads @ chr7:55000000-60000000
ForkPoolWorker-27 countReadsInRegions_worker: processing 5000000 (7048208.0 per sec) @ chr7:55000000-60000000
ForkPoolWorker-27,  processing 943 (81871.8 per sec) reads @ chr19:10000000-15000000
ForkPoolWorker-27 countReadsInRegions_worker: processing 5000000 (6959564.4 per sec) @ chr19:10000000-15000000
ForkPoolWorker-27,  processing 137 (61555.4 per sec) reads @ chr16:55000000-60000000
ForkPoolWorker-27 countReadsInRegions_worker: processing 5000000 (7044786.7 per sec) @ chr16:55000000-60000000
ForkPoolWorker-27,  processing 0 (0.0 per sec) reads @ chrUn_KI270315v1:0-2276
ForkPoolWorker-27 countReadsInRegions_worker: processing 2276 (246640.9 per sec) @ chrUn_KI270315v1:0-2276
ForkPoolWorker-27,  processing 29 (35195.3 per sec) reads @ chr16:60000000-65000000
ForkPoolWorker-27 countReadsInRegions_worker: processing 5000000 (7068209.9 per sec) @ chr16:60000000-65000000
ForkPoolWorker-27,  processing 0 (0.0 per sec) reads @ chrUn_KI270593v1:0-3041
ForkPoolWorker-27 countReadsInRegions_worker: processing 3041 (330780.0 per sec) @ chrUn_KI270593v1:0-3041
ForkPoolWorker-27,  processing 975 (88769.8 per sec) reads @ chr22:50000000-50818468
ForkPoolWorker-27 countReadsInRegions_worker: processing 818468 (6085575.6 per sec) @ chr22:50000000-50818468
ForkPoolWorker-27,  processing 0 (0.0 per sec) reads @ chr11:135000000-135086622
ForkPoolWorker-27 countReadsInRegions_worker: processing 86622 (4159966.6 per sec) @ chr11:135000000-135086622
ForkPoolWorker-27,  processing 2 (4299.6 per sec) reads @ chr11_KI270721v1_random:0-100316
ForkPoolWorker-27 countReadsInRegions_worker: processing 100316 (4493094.1 per sec) @ chr11_KI270721v1_random:0-100316
ForkPoolWorker-27,  processing 59 (42895.5 per sec) reads @ chr3:165000000-170000000
ForkPoolWorker-27 countReadsInRegions_worker: processing 5000000 (7127899.3 per sec) @ chr3:165000000-170000000
ForkPoolWorker-27,  processing 142 (66912.8 per sec) reads @ chr2:85000000-90000000
ForkPoolWorker-27 countReadsInRegions_worker: processing 5000000 (7106609.7 per sec) @ chr2:85000000-90000000
ForkPoolWorker-27,  processing 10 (19091.1 per sec) reads @ chrUn_KI270745v1:0-41891
ForkPoolWorker-27 countReadsInRegions_worker: processing 41891 (2810897.6 per sec) @ chrUn_KI270745v1:0-41891
ForkPoolWorker-27,  processing 166 (67650.1 per sec) reads @ chr20:40000000-45000000
ForkPoolWorker-27 countReadsInRegions_worker: processing 5000000 (7173730.9 per sec) @ chr20:40000000-45000000
ForkPoolWorker-38,  processing 192546 (78507.2 per sec) reads @ chr21:5000000-10000000
ForkPoolWorker-38 countReadsInRegions_worker: processing 5000000 (1597308.7 per sec) @ chr21:5000000-10000000
ForkPoolWorker-38,  processing 515 (84023.1 per sec) reads @ chr15:85000000-90000000
ForkPoolWorker-38 countReadsInRegions_worker: processing 5000000 (7046510.0 per sec) @ chr15:85000000-90000000
ForkPoolWorker-38,  processing 277 (69408.1 per sec) reads @ chr7:70000000-75000000
ForkPoolWorker-38 countReadsInRegions_worker: processing 5000000 (7146330.0 per sec) @ chr7:70000000-75000000
ForkPoolWorker-38,  processing 25 (27594.1 per sec) reads @ chr4:25000000-30000000
ForkPoolWorker-38 countReadsInRegions_worker: processing 5000000 (7170863.4 per sec) @ chr4:25000000-30000000
ForkPoolWorker-38,  processing 144 (58627.4 per sec) reads @ chr14:65000000-70000000
ForkPoolWorker-38 countReadsInRegions_worker: processing 5000000 (7125588.8 per sec) @ chr14:65000000-70000000
ForkPoolWorker-38,  processing 1333 (95310.5 per sec) reads @ chr1:25000000-30000000
ForkPoolWorker-38 countReadsInRegions_worker: processing 5000000 (6978965.8 per sec) @ chr1:25000000-30000000
ForkPoolWorker-38,  processing 0 (0.0 per sec) reads @ chr13:5000000-10000000
ForkPoolWorker-38 countReadsInRegions_worker: processing 5000000 (7140349.3 per sec) @ chr13:5000000-10000000
ForkPoolWorker-38,  processing 231 (65434.2 per sec) reads @ chr17:25000000-30000000
ForkPoolWorker-38 countReadsInRegions_worker: processing 5000000 (7100409.2 per sec) @ chr17:25000000-30000000
ForkPoolWorker-38,  processing 42 (38370.9 per sec) reads @ chr5:120000000-125000000
ForkPoolWorker-38 countReadsInRegions_worker: processing 5000000 (7112674.0 per sec) @ chr5:120000000-125000000
ForkPoolWorker-38,  processing 96 (56401.9 per sec) reads @ chr10:65000000-70000000
ForkPoolWorker-38 countReadsInRegions_worker: processing 5000000 (7097057.2 per sec) @ chr10:65000000-70000000
ForkPoolWorker-38,  processing 0 (0.0 per sec) reads @ chrUn_KI270373v1:0-1451
ForkPoolWorker-38 countReadsInRegions_worker: processing 1451 (152445.6 per sec) @ chrUn_KI270373v1:0-1451
ForkPoolWorker-38,  processing 69 (54084.7 per sec) reads @ chr9:20000000-25000000
ForkPoolWorker-38 countReadsInRegions_worker: processing 5000000 (7296680.2 per sec) @ chr9:20000000-25000000
ForkPoolWorker-31,  processing 80 (755.8 per sec) reads @ chr10:120000000-125000000
ForkPoolWorker-31 countReadsInRegions_worker: processing 5000000 (5827068.4 per sec) @ chr10:120000000-125000000
ForkPoolWorker-31,  processing 560 (81917.1 per sec) reads @ chr19:55000000-58617616
ForkPoolWorker-31 countReadsInRegions_worker: processing 3617616 (6701905.1 per sec) @ chr19:55000000-58617616
ForkPoolWorker-31,  processing 42 (40740.2 per sec) reads @ chr6:90000000-95000000
ForkPoolWorker-31 countReadsInRegions_worker: processing 5000000 (7356977.3 per sec) @ chr6:90000000-95000000
ForkPoolWorker-31,  processing 104 (56474.3 per sec) reads @ chr8:10000000-15000000
ForkPoolWorker-31 countReadsInRegions_worker: processing 5000000 (7319950.8 per sec) @ chr8:10000000-15000000
ForkPoolWorker-31,  processing 1 (2380.4 per sec) reads @ chrUn_GL000219v1:0-179198
ForkPoolWorker-31 countReadsInRegions_worker: processing 179198 (5343382.6 per sec) @ chrUn_GL000219v1:0-179198
ForkPoolWorker-31,  processing 310 (73952.6 per sec) reads @ chr20:0-5000000
ForkPoolWorker-31 countReadsInRegions_worker: processing 5000000 (7236689.2 per sec) @ chr20:0-5000000
ForkPoolWorker-31,  processing 192 (66830.4 per sec) reads @ chr1:110000000-115000000
ForkPoolWorker-31 countReadsInRegions_worker: processing 5000000 (7251262.0 per sec) @ chr1:110000000-115000000
ForkPoolWorker-31,  processing 65 (53794.3 per sec) reads @ chr5:155000000-160000000
ForkPoolWorker-31 countReadsInRegions_worker: processing 5000000 (7257276.9 per sec) @ chr5:155000000-160000000
ForkPoolWorker-31,  processing 0 (0.0 per sec) reads @ chrUn_KI270305v1:0-1472
ForkPoolWorker-31 countReadsInRegions_worker: processing 1472 (155559.9 per sec) @ chrUn_KI270305v1:0-1472
ForkPoolWorker-31,  processing 132 (61496.0 per sec) reads @ chr10:95000000-100000000
ForkPoolWorker-31 countReadsInRegions_worker: processing 5000000 (7244108.4 per sec) @ chr10:95000000-100000000
ForkPoolWorker-31,  processing 0 (0.0 per sec) reads @ chr15:5000000-10000000
ForkPoolWorker-31 countReadsInRegions_worker: processing 5000000 (7249437.2 per sec) @ chr15:5000000-10000000
ForkPoolWorker-31,  processing 22 (26259.2 per sec) reads @ chr7:85000000-90000000
ForkPoolWorker-31 countReadsInRegions_worker: processing 5000000 (7250031.2 per sec) @ chr7:85000000-90000000
ForkPoolWorker-31,  processing 0 (0.0 per sec) reads @ chr14_KI270725v1_random:0-172810
ForkPoolWorker-31 countReadsInRegions_worker: processing 172810 (5504052.6 per sec) @ chr14_KI270725v1_random:0-172810
ForkPoolWorker-31,  processing 119 (60690.9 per sec) reads @ chr9:30000000-35000000
ForkPoolWorker-31 countReadsInRegions_worker: processing 5000000 (7224886.8 per sec) @ chr9:30000000-35000000
ForkPoolWorker-31,  processing 46 (42199.9 per sec) reads @ chr18:60000000-65000000
ForkPoolWorker-31 countReadsInRegions_worker: processing 5000000 (7445887.2 per sec) @ chr18:60000000-65000000
ForkPoolWorker-31,  processing 87 (65618.5 per sec) reads @ chrX:125000000-130000000
ForkPoolWorker-31 countReadsInRegions_worker: processing 5000000 (8211576.3 per sec) @ chrX:125000000-130000000
ForkPoolWorker-36,  processing 27 (258.5 per sec) reads @ chrY:20000000-25000000
ForkPoolWorker-36 countReadsInRegions_worker: processing 5000000 (5777326.0 per sec) @ chrY:20000000-25000000
ForkPoolWorker-36,  processing 219 (67699.9 per sec) reads @ chr2:95000000-100000000
ForkPoolWorker-36 countReadsInRegions_worker: processing 5000000 (6957474.9 per sec) @ chr2:95000000-100000000
ForkPoolWorker-36,  processing 0 (0.0 per sec) reads @ chr1_KI270707v1_random:0-32032
ForkPoolWorker-36 countReadsInRegions_worker: processing 32032 (1532281.2 per sec) @ chr1_KI270707v1_random:0-32032
ForkPoolWorker-36,  processing 68 (42429.7 per sec) reads @ chrX:15000000-20000000
ForkPoolWorker-36 countReadsInRegions_worker: processing 5000000 (7027918.6 per sec) @ chrX:15000000-20000000
ForkPoolWorker-36,  processing 0 (0.0 per sec) reads @ chr15:0-5000000
ForkPoolWorker-36 countReadsInRegions_worker: processing 5000000 (6956046.4 per sec) @ chr15:0-5000000
ForkPoolWorker-36,  processing 148 (64743.1 per sec) reads @ chr17:30000000-35000000
ForkPoolWorker-36 countReadsInRegions_worker: processing 5000000 (7027167.4 per sec) @ chr17:30000000-35000000
ForkPoolWorker-36,  processing 0 (0.0 per sec) reads @ chrUn_KI270385v1:0-990
ForkPoolWorker-36 countReadsInRegions_worker: processing 990 (105515.7 per sec) @ chrUn_KI270385v1:0-990
ForkPoolWorker-36,  processing 291 (70657.8 per sec) reads @ chr17:60000000-65000000
ForkPoolWorker-36 countReadsInRegions_worker: processing 5000000 (7016960.6 per sec) @ chr17:60000000-65000000
ForkPoolWorker-36,  processing 56 (46677.5 per sec) reads @ chr6:160000000-165000000
ForkPoolWorker-36 countReadsInRegions_worker: processing 5000000 (7043899.4 per sec) @ chr6:160000000-165000000
ForkPoolWorker-36,  processing 12 (19668.5 per sec) reads @ chr14_GL000225v1_random:0-211173
ForkPoolWorker-36 countReadsInRegions_worker: processing 211173 (5237652.8 per sec) @ chr14_GL000225v1_random:0-211173
ForkPoolWorker-36,  processing 2494 (91044.0 per sec) reads @ chr19:0-5000000
ForkPoolWorker-36 countReadsInRegions_worker: processing 5000000 (6843289.3 per sec) @ chr19:0-5000000
ForkPoolWorker-36,  processing 57 (43123.3 per sec) reads @ chr2:195000000-200000000
ForkPoolWorker-36 countReadsInRegions_worker: processing 5000000 (7075046.4 per sec) @ chr2:195000000-200000000
ForkPoolWorker-36,  processing 38 (46671.6 per sec) reads @ chrUn_KI270442v1:0-392061
ForkPoolWorker-36 countReadsInRegions_worker: processing 392061 (6082728.3 per sec) @ chrUn_KI270442v1:0-392061
ForkPoolWorker-36,  processing 3165 (110233.4 per sec) reads @ chr7:50000000-55000000
ForkPoolWorker-36 countReadsInRegions_worker: processing 5000000 (6809032.3 per sec) @ chr7:50000000-55000000
ForkPoolWorker-36,  processing 7 (13048.9 per sec) reads @ chrUn_KI270742v1:0-186739
ForkPoolWorker-36 countReadsInRegions_worker: processing 186739 (5102940.5 per sec) @ chrUn_KI270742v1:0-186739
ForkPoolWorker-36,  processing 206 (64196.9 per sec) reads @ chr15:40000000-45000000
ForkPoolWorker-36 countReadsInRegions_worker: processing 5000000 (7082364.9 per sec) @ chr15:40000000-45000000
ForkPoolWorker-7,  processing 0 (0.0 per sec) reads @ chrUn_KI270386v1:0-1788
ForkPoolWorker-7 countReadsInRegions_worker: processing 1788 (24262.2 per sec) @ chrUn_KI270386v1:0-1788
ForkPoolWorker-7,  processing 64 (3173.5 per sec) reads @ chr2:120000000-125000000
ForkPoolWorker-7 countReadsInRegions_worker: processing 5000000 (6952937.6 per sec) @ chr2:120000000-125000000
ForkPoolWorker-7,  processing 213 (61023.7 per sec) reads @ chr7:145000000-150000000
ForkPoolWorker-7 countReadsInRegions_worker: processing 5000000 (6931146.0 per sec) @ chr7:145000000-150000000
ForkPoolWorker-7,  processing 115 (61847.0 per sec) reads @ chr12:105000000-110000000
ForkPoolWorker-7 countReadsInRegions_worker: processing 5000000 (7079560.5 per sec) @ chr12:105000000-110000000
ForkPoolWorker-7,  processing 38 (36581.0 per sec) reads @ chrX:110000000-115000000
ForkPoolWorker-7 countReadsInRegions_worker: processing 5000000 (7192498.4 per sec) @ chrX:110000000-115000000
ForkPoolWorker-7,  processing 511 (79348.8 per sec) reads @ chr12:130000000-133275309
ForkPoolWorker-7 countReadsInRegions_worker: processing 3275309 (6993187.7 per sec) @ chr12:130000000-133275309
ForkPoolWorker-7,  processing 85 (47611.6 per sec) reads @ chr10:110000000-115000000
ForkPoolWorker-7 countReadsInRegions_worker: processing 5000000 (7157280.9 per sec) @ chr10:110000000-115000000
ForkPoolWorker-7,  processing 31 (29062.0 per sec) reads @ chr9:25000000-30000000
ForkPoolWorker-7 countReadsInRegions_worker: processing 5000000 (7145967.2 per sec) @ chr9:25000000-30000000
ForkPoolWorker-7,  processing 0 (0.0 per sec) reads @ chrUn_KI270429v1:0-1361
ForkPoolWorker-7 countReadsInRegions_worker: processing 1361 (138996.5 per sec) @ chrUn_KI270429v1:0-1361
ForkPoolWorker-7,  processing 417 (79277.7 per sec) reads @ chr5:0-5000000
ForkPoolWorker-7 countReadsInRegions_worker: processing 5000000 (7102376.2 per sec) @ chr5:0-5000000
ForkPoolWorker-7,  processing 0 (0.0 per sec) reads @ chrUn_KI270753v1:0-62944
ForkPoolWorker-7 countReadsInRegions_worker: processing 62944 (3445432.6 per sec) @ chrUn_KI270753v1:0-62944
ForkPoolWorker-7,  processing 493 (77529.6 per sec) reads @ chr22:20000000-25000000
ForkPoolWorker-7 countReadsInRegions_worker: processing 5000000 (7067304.7 per sec) @ chr22:20000000-25000000
ForkPoolWorker-7,  processing 92 (55007.3 per sec) reads @ chr18:5000000-10000000
ForkPoolWorker-7 countReadsInRegions_worker: processing 5000000 (7109411.6 per sec) @ chr18:5000000-10000000
ForkPoolWorker-7,  processing 137 (66215.7 per sec) reads @ chr8:70000000-75000000
ForkPoolWorker-7 countReadsInRegions_worker: processing 5000000 (7105593.6 per sec) @ chr8:70000000-75000000
ForkPoolWorker-7,  processing 0 (0.0 per sec) reads @ chrUn_KI270580v1:0-1553
ForkPoolWorker-7 countReadsInRegions_worker: processing 1553 (161937.0 per sec) @ chrUn_KI270580v1:0-1553
ForkPoolWorker-7,  processing 49 (43140.4 per sec) reads @ chr10:15000000-20000000
ForkPoolWorker-7 countReadsInRegions_worker: processing 5000000 (7310665.1 per sec) @ chr10:15000000-20000000
ForkPoolWorker-50,  processing 75 (747.9 per sec) reads @ chr16:45000000-50000000
ForkPoolWorker-50 countReadsInRegions_worker: processing 5000000 (6214072.8 per sec) @ chr16:45000000-50000000
ForkPoolWorker-50,  processing 0 (0.0 per sec) reads @ chrUn_KI270420v1:0-2321
ForkPoolWorker-50 countReadsInRegions_worker: processing 2321 (228585.0 per sec) @ chrUn_KI270420v1:0-2321
ForkPoolWorker-50,  processing 80 (49843.2 per sec) reads @ chr12:25000000-30000000
ForkPoolWorker-50 countReadsInRegions_worker: processing 5000000 (7152637.9 per sec) @ chr12:25000000-30000000
ForkPoolWorker-50,  processing 44 (43670.0 per sec) reads @ chr13:100000000-105000000
ForkPoolWorker-50 countReadsInRegions_worker: processing 5000000 (7231466.4 per sec) @ chr13:100000000-105000000
ForkPoolWorker-50,  processing 451 (103548.9 per sec) reads @ chr3:85000000-90000000
ForkPoolWorker-50 countReadsInRegions_worker: processing 5000000 (7107156.4 per sec) @ chr3:85000000-90000000
ForkPoolWorker-50,  processing 20 (27306.7 per sec) reads @ chr4:60000000-65000000
ForkPoolWorker-50 countReadsInRegions_worker: processing 5000000 (6966988.4 per sec) @ chr4:60000000-65000000
ForkPoolWorker-50,  processing 39 (37708.1 per sec) reads @ chr7:15000000-20000000
ForkPoolWorker-50 countReadsInRegions_worker: processing 5000000 (7197571.2 per sec) @ chr7:15000000-20000000
ForkPoolWorker-50,  processing 13 (18789.1 per sec) reads @ chr21:20000000-25000000
ForkPoolWorker-50 countReadsInRegions_worker: processing 5000000 (7194299.6 per sec) @ chr21:20000000-25000000
ForkPoolWorker-50,  processing 26 (30701.5 per sec) reads @ chrX:5000000-10000000
ForkPoolWorker-50 countReadsInRegions_worker: processing 5000000 (7200989.2 per sec) @ chrX:5000000-10000000
ForkPoolWorker-50,  processing 0 (0.0 per sec) reads @ chr17_KI270730v1_random:0-112551
ForkPoolWorker-50 countReadsInRegions_worker: processing 112551 (4707643.8 per sec) @ chr17_KI270730v1_random:0-112551
ForkPoolWorker-50,  processing 0 (0.0 per sec) reads @ chrUn_KI270752v1:0-27745
ForkPoolWorker-50 countReadsInRegions_worker: processing 27745 (2289279.9 per sec) @ chrUn_KI270752v1:0-27745
ForkPoolWorker-50,  processing 23 (27243.4 per sec) reads @ chr10:105000000-110000000
ForkPoolWorker-50 countReadsInRegions_worker: processing 5000000 (7127724.9 per sec) @ chr10:105000000-110000000
ForkPoolWorker-50,  processing 33 (35076.5 per sec) reads @ chr5:100000000-105000000
ForkPoolWorker-50 countReadsInRegions_worker: processing 5000000 (7186115.1 per sec) @ chr5:100000000-105000000
ForkPoolWorker-50,  processing 268 (70847.9 per sec) reads @ chr1:30000000-35000000
ForkPoolWorker-50 countReadsInRegions_worker: processing 5000000 (7123809.8 per sec) @ chr1:30000000-35000000
ForkPoolWorker-50,  processing 35 (37786.5 per sec) reads @ chr10:35000000-40000000
ForkPoolWorker-50 countReadsInRegions_worker: processing 5000000 (7625200.4 per sec) @ chr10:35000000-40000000
ForkPoolWorker-50,  processing 59 (45581.9 per sec) reads @ chr17:20000000-25000000
ForkPoolWorker-50 countReadsInRegions_worker: processing 5000000 (8171679.3 per sec) @ chr17:20000000-25000000
ForkPoolWorker-29,  processing 23 (216.3 per sec) reads @ chr6:100000000-105000000
ForkPoolWorker-29 countReadsInRegions_worker: processing 5000000 (5891255.4 per sec) @ chr6:100000000-105000000
ForkPoolWorker-29,  processing 0 (0.0 per sec) reads @ chrUn_KI270589v1:0-44474
ForkPoolWorker-29 countReadsInRegions_worker: processing 44474 (2225718.6 per sec) @ chrUn_KI270589v1:0-44474
ForkPoolWorker-29,  processing 75 (43139.4 per sec) reads @ chr10:25000000-30000000
ForkPoolWorker-29 countReadsInRegions_worker: processing 5000000 (7117852.2 per sec) @ chr10:25000000-30000000
ForkPoolWorker-29,  processing 0 (0.0 per sec) reads @ chr9_KI270718v1_random:0-38054
ForkPoolWorker-29 countReadsInRegions_worker: processing 38054 (2857271.5 per sec) @ chr9_KI270718v1_random:0-38054
ForkPoolWorker-29,  processing 17 (22971.4 per sec) reads @ chrY:5000000-10000000
ForkPoolWorker-29 countReadsInRegions_worker: processing 5000000 (7171469.1 per sec) @ chrY:5000000-10000000
ForkPoolWorker-29,  processing 93 (59173.3 per sec) reads @ chr6:115000000-120000000
ForkPoolWorker-29 countReadsInRegions_worker: processing 5000000 (7171059.6 per sec) @ chr6:115000000-120000000
ForkPoolWorker-29,  processing 123 (65795.1 per sec) reads @ chr18:45000000-50000000
ForkPoolWorker-29 countReadsInRegions_worker: processing 5000000 (7194230.5 per sec) @ chr18:45000000-50000000
ForkPoolWorker-29,  processing 43 (37456.9 per sec) reads @ chr5:115000000-120000000
ForkPoolWorker-29 countReadsInRegions_worker: processing 5000000 (7184273.7 per sec) @ chr5:115000000-120000000
ForkPoolWorker-29,  processing 83 (52107.1 per sec) reads @ chr1:165000000-170000000
ForkPoolWorker-29 countReadsInRegions_worker: processing 5000000 (7174909.0 per sec) @ chr1:165000000-170000000
ForkPoolWorker-29,  processing 292 (74962.5 per sec) reads @ chr16:20000000-25000000
ForkPoolWorker-29 countReadsInRegions_worker: processing 5000000 (7149065.8 per sec) @ chr16:20000000-25000000
ForkPoolWorker-29,  processing 80 (53185.0 per sec) reads @ chr2:105000000-110000000
ForkPoolWorker-29 countReadsInRegions_worker: processing 5000000 (7187743.1 per sec) @ chr2:105000000-110000000
ForkPoolWorker-29,  processing 97 (59040.4 per sec) reads @ chr6:110000000-115000000
ForkPoolWorker-29 countReadsInRegions_worker: processing 5000000 (7196719.1 per sec) @ chr6:110000000-115000000
ForkPoolWorker-29,  processing 17 (24879.0 per sec) reads @ chr16:35000000-40000000
ForkPoolWorker-29 countReadsInRegions_worker: processing 5000000 (7221620.2 per sec) @ chr16:35000000-40000000
ForkPoolWorker-29,  processing 0 (0.0 per sec) reads @ chrUn_KI270336v1:0-1026
ForkPoolWorker-29 countReadsInRegions_worker: processing 1026 (111731.9 per sec) @ chrUn_KI270336v1:0-1026
ForkPoolWorker-29,  processing 0 (0.0 per sec) reads @ chr1:135000000-140000000
ForkPoolWorker-29 countReadsInRegions_worker: processing 5000000 (7619310.6 per sec) @ chr1:135000000-140000000
ForkPoolWorker-29,  processing 35 (35484.8 per sec) reads @ chr5:165000000-170000000
ForkPoolWorker-29 countReadsInRegions_worker: processing 5000000 (8172475.4 per sec) @ chr5:165000000-170000000
ForkPoolWorker-48,  processing 157 (1543.4 per sec) reads @ chr17:70000000-75000000
ForkPoolWorker-48 countReadsInRegions_worker: processing 5000000 (6209520.8 per sec) @ chr17:70000000-75000000
ForkPoolWorker-48,  processing 44 (38447.8 per sec) reads @ chr5:60000000-65000000
ForkPoolWorker-48 countReadsInRegions_worker: processing 5000000 (7137275.2 per sec) @ chr5:60000000-65000000
ForkPoolWorker-48,  processing 60 (52891.6 per sec) reads @ chr2:225000000-230000000
ForkPoolWorker-48 countReadsInRegions_worker: processing 5000000 (7236901.5 per sec) @ chr2:225000000-230000000
ForkPoolWorker-48,  processing 0 (0.0 per sec) reads @ chrUn_GL000226v1:0-15008
ForkPoolWorker-48 countReadsInRegions_worker: processing 15008 (1410033.3 per sec) @ chrUn_GL000226v1:0-15008
ForkPoolWorker-48,  processing 60 (49325.4 per sec) reads @ chr13:90000000-95000000
ForkPoolWorker-48 countReadsInRegions_worker: processing 5000000 (7134565.4 per sec) @ chr13:90000000-95000000
ForkPoolWorker-48,  processing 30 (35444.8 per sec) reads @ chr7:60000000-65000000
ForkPoolWorker-48 countReadsInRegions_worker: processing 5000000 (6243592.0 per sec) @ chr7:60000000-65000000
ForkPoolWorker-48,  processing 0 (0.0 per sec) reads @ chrUn_KI270468v1:0-4055
ForkPoolWorker-48 countReadsInRegions_worker: processing 4055 (441660.5 per sec) @ chrUn_KI270468v1:0-4055
ForkPoolWorker-48,  processing 667 (84194.1 per sec) reads @ chr16:25000000-30000000
ForkPoolWorker-48 countReadsInRegions_worker: processing 5000000 (7120762.0 per sec) @ chr16:25000000-30000000
ForkPoolWorker-48,  processing 68 (50453.3 per sec) reads @ chr17:10000000-15000000
ForkPoolWorker-48 countReadsInRegions_worker: processing 5000000 (7187826.9 per sec) @ chr17:10000000-15000000
ForkPoolWorker-48,  processing 121 (58442.1 per sec) reads @ chr16:75000000-80000000
ForkPoolWorker-48 countReadsInRegions_worker: processing 5000000 (7170184.3 per sec) @ chr16:75000000-80000000
ForkPoolWorker-48,  processing 0 (0.0 per sec) reads @ chrUn_KI270364v1:0-2855
ForkPoolWorker-48 countReadsInRegions_worker: processing 2855 (297486.8 per sec) @ chrUn_KI270364v1:0-2855
ForkPoolWorker-48,  processing 306 (91336.3 per sec) reads @ chr5:5000000-10000000
ForkPoolWorker-48 countReadsInRegions_worker: processing 5000000 (7164961.5 per sec) @ chr5:5000000-10000000
ForkPoolWorker-48,  processing 93 (53157.6 per sec) reads @ chr13:45000000-50000000
ForkPoolWorker-48 countReadsInRegions_worker: processing 5000000 (7168620.6 per sec) @ chr13:45000000-50000000
ForkPoolWorker-48,  processing 257 (75719.0 per sec) reads @ chr3:10000000-15000000
ForkPoolWorker-48 countReadsInRegions_worker: processing 5000000 (7136301.3 per sec) @ chr3:10000000-15000000
ForkPoolWorker-48,  processing 81 (61524.6 per sec) reads @ chr8:45000000-50000000
ForkPoolWorker-48 countReadsInRegions_worker: processing 5000000 (7643782.5 per sec) @ chr8:45000000-50000000
ForkPoolWorker-48,  processing 112 (67494.5 per sec) reads @ chr16:80000000-85000000
ForkPoolWorker-48 countReadsInRegions_worker: processing 5000000 (8164499.0 per sec) @ chr16:80000000-85000000
ForkPoolWorker-25,  processing 333 (3001.2 per sec) reads @ chrX:70000000-75000000
ForkPoolWorker-25 countReadsInRegions_worker: processing 5000000 (6138341.2 per sec) @ chrX:70000000-75000000
ForkPoolWorker-25,  processing 89 (54139.7 per sec) reads @ chr6:85000000-90000000
ForkPoolWorker-25 countReadsInRegions_worker: processing 5000000 (7101003.0 per sec) @ chr6:85000000-90000000
ForkPoolWorker-25,  processing 1281 (94253.2 per sec) reads @ chr17:5000000-10000000
ForkPoolWorker-25 countReadsInRegions_worker: processing 5000000 (7071389.2 per sec) @ chr17:5000000-10000000
ForkPoolWorker-25,  processing 0 (0.0 per sec) reads @ chrUn_KI270375v1:0-2378
ForkPoolWorker-25 countReadsInRegions_worker: processing 2378 (265253.3 per sec) @ chrUn_KI270375v1:0-2378
ForkPoolWorker-25,  processing 129 (63416.0 per sec) reads @ chr12:115000000-120000000
ForkPoolWorker-25 countReadsInRegions_worker: processing 5000000 (7192937.5 per sec) @ chr12:115000000-120000000
ForkPoolWorker-25,  processing 0 (0.0 per sec) reads @ chrUn_KI270390v1:0-2387
ForkPoolWorker-25 countReadsInRegions_worker: processing 2387 (254177.7 per sec) @ chrUn_KI270390v1:0-2387
ForkPoolWorker-25,  processing 455 (92970.6 per sec) reads @ chr14:45000000-50000000
ForkPoolWorker-25 countReadsInRegions_worker: processing 5000000 (7207795.3 per sec) @ chr14:45000000-50000000
ForkPoolWorker-25,  processing 42 (42830.2 per sec) reads @ chr6:95000000-100000000
ForkPoolWorker-25 countReadsInRegions_worker: processing 5000000 (7166577.5 per sec) @ chr6:95000000-100000000
ForkPoolWorker-25,  processing 0 (0.0 per sec) reads @ chr5_GL000208v1_random:0-92689
ForkPoolWorker-25 countReadsInRegions_worker: processing 92689 (4325243.3 per sec) @ chr5_GL000208v1_random:0-92689
ForkPoolWorker-25,  processing 144 (65500.5 per sec) reads @ chr1:105000000-110000000
ForkPoolWorker-25 countReadsInRegions_worker: processing 5000000 (7175012.1 per sec) @ chr1:105000000-110000000
ForkPoolWorker-25,  processing 140 (65288.3 per sec) reads @ chr11:5000000-10000000
ForkPoolWorker-25 countReadsInRegions_worker: processing 5000000 (7145860.0 per sec) @ chr11:5000000-10000000
ForkPoolWorker-25,  processing 102 (58048.7 per sec) reads @ chr5:130000000-135000000
ForkPoolWorker-25 countReadsInRegions_worker: processing 5000000 (7118673.6 per sec) @ chr5:130000000-135000000
ForkPoolWorker-25,  processing 0 (0.0 per sec) reads @ chrY:50000000-55000000
ForkPoolWorker-25 countReadsInRegions_worker: processing 5000000 (7142822.6 per sec) @ chrY:50000000-55000000
ForkPoolWorker-25,  processing 60 (50001.6 per sec) reads @ chr18:70000000-75000000
ForkPoolWorker-25 countReadsInRegions_worker: processing 5000000 (7154519.3 per sec) @ chr18:70000000-75000000
ForkPoolWorker-25,  processing 28 (30167.1 per sec) reads @ chr2:190000000-195000000
ForkPoolWorker-25 countReadsInRegions_worker: processing 5000000 (7656074.8 per sec) @ chr2:190000000-195000000
ForkPoolWorker-25,  processing 5604 (114876.5 per sec) reads @ chrX:115000000-120000000
ForkPoolWorker-25 countReadsInRegions_worker: processing 5000000 (7596532.7 per sec) @ chrX:115000000-120000000
ForkPoolWorker-13,  processing 0 (0.0 per sec) reads @ chrUn_KI270581v1:0-7046
ForkPoolWorker-13 countReadsInRegions_worker: processing 7046 (97153.6 per sec) @ chrUn_KI270581v1:0-7046
ForkPoolWorker-13,  processing 73 (3882.5 per sec) reads @ chr10:90000000-95000000
ForkPoolWorker-13 countReadsInRegions_worker: processing 5000000 (6959141.8 per sec) @ chr10:90000000-95000000
ForkPoolWorker-13,  processing 128 (70668.8 per sec) reads @ chr2:55000000-60000000
ForkPoolWorker-13 countReadsInRegions_worker: processing 5000000 (7126710.0 per sec) @ chr2:55000000-60000000
ForkPoolWorker-13,  processing 25 (32615.1 per sec) reads @ chr8:85000000-90000000
ForkPoolWorker-13 countReadsInRegions_worker: processing 5000000 (7049608.2 per sec) @ chr8:85000000-90000000
ForkPoolWorker-13,  processing 89 (52754.8 per sec) reads @ chr2:155000000-160000000
ForkPoolWorker-13 countReadsInRegions_worker: processing 5000000 (7218505.6 per sec) @ chr2:155000000-160000000
ForkPoolWorker-13,  processing 0 (0.0 per sec) reads @ chrUn_KI270517v1:0-3253
ForkPoolWorker-13 countReadsInRegions_worker: processing 3253 (351316.3 per sec) @ chrUn_KI270517v1:0-3253
ForkPoolWorker-13,  processing 0 (0.0 per sec) reads @ chrUn_KI270310v1:0-1201
ForkPoolWorker-13 countReadsInRegions_worker: processing 1201 (133983.0 per sec) @ chrUn_KI270310v1:0-1201
ForkPoolWorker-13,  processing 0 (0.0 per sec) reads @ chrUn_KI270316v1:0-1444
ForkPoolWorker-13 countReadsInRegions_worker: processing 1444 (158765.2 per sec) @ chrUn_KI270316v1:0-1444
ForkPoolWorker-13,  processing 136 (49259.5 per sec) reads @ chr20:45000000-50000000
ForkPoolWorker-13 countReadsInRegions_worker: processing 5000000 (7170750.7 per sec) @ chr20:45000000-50000000
ForkPoolWorker-13,  processing 117 (68662.9 per sec) reads @ chr20:5000000-10000000
ForkPoolWorker-13 countReadsInRegions_worker: processing 5000000 (7167760.6 per sec) @ chr20:5000000-10000000
ForkPoolWorker-13,  processing 0 (0.0 per sec) reads @ chr22_KI270735v1_random:0-42811
ForkPoolWorker-13 countReadsInRegions_worker: processing 42811 (2887365.1 per sec) @ chr22_KI270735v1_random:0-42811
ForkPoolWorker-13,  processing 171 (67414.8 per sec) reads @ chr1:45000000-50000000
ForkPoolWorker-13 countReadsInRegions_worker: processing 5000000 (7173922.3 per sec) @ chr1:45000000-50000000
ForkPoolWorker-13,  processing 644 (83463.6 per sec) reads @ chr19:35000000-40000000
ForkPoolWorker-13 countReadsInRegions_worker: processing 5000000 (7086981.7 per sec) @ chr19:35000000-40000000
ForkPoolWorker-13,  processing 120 (62547.1 per sec) reads @ chr11:75000000-80000000
ForkPoolWorker-13 countReadsInRegions_worker: processing 5000000 (7105023.1 per sec) @ chr11:75000000-80000000
ForkPoolWorker-13,  processing 30 (33879.7 per sec) reads @ chr9:100000000-105000000
ForkPoolWorker-13 countReadsInRegions_worker: processing 5000000 (7163434.4 per sec) @ chr9:100000000-105000000
ForkPoolWorker-13,  processing 0 (0.0 per sec) reads @ chrUn_KI270588v1:0-6158
ForkPoolWorker-13 countReadsInRegions_worker: processing 6158 (628477.1 per sec) @ chrUn_KI270588v1:0-6158
ForkPoolWorker-13,  processing 576 (91605.8 per sec) reads @ chr5:70000000-75000000
ForkPoolWorker-13 countReadsInRegions_worker: processing 5000000 (7102431.5 per sec) @ chr5:70000000-75000000
ForkPoolWorker-13,  processing 0 (0.0 per sec) reads @ chr14_KI270724v1_random:0-39555
ForkPoolWorker-13 countReadsInRegions_worker: processing 39555 (3104580.8 per sec) @ chr14_KI270724v1_random:0-39555
ForkPoolWorker-13,  processing 59 (46753.1 per sec) reads @ chr10:30000000-35000000
ForkPoolWorker-13 countReadsInRegions_worker: processing 5000000 (7729919.9 per sec) @ chr10:30000000-35000000
ForkPoolWorker-13,  processing 67 (55548.2 per sec) reads @ chr8:75000000-80000000
ForkPoolWorker-13 countReadsInRegions_worker: processing 5000000 (8159467.3 per sec) @ chr8:75000000-80000000
ForkPoolWorker-11,  processing 194 (1751.6 per sec) reads @ chr2:235000000-240000000
ForkPoolWorker-11 countReadsInRegions_worker: processing 5000000 (5776376.0 per sec) @ chr2:235000000-240000000
ForkPoolWorker-11,  processing 652 (90108.0 per sec) reads @ chr13:110000000-114364328
ForkPoolWorker-11 countReadsInRegions_worker: processing 4364328 (6915480.5 per sec) @ chr13:110000000-114364328
ForkPoolWorker-11,  processing 735 (98150.6 per sec) reads @ chr12:95000000-100000000
ForkPoolWorker-11 countReadsInRegions_worker: processing 5000000 (7083721.4 per sec) @ chr12:95000000-100000000
ForkPoolWorker-11,  processing 203 (72636.4 per sec) reads @ chr5:140000000-145000000
ForkPoolWorker-11 countReadsInRegions_worker: processing 5000000 (7121279.5 per sec) @ chr5:140000000-145000000
ForkPoolWorker-11,  processing 366 (71825.0 per sec) reads @ chr12:55000000-60000000
ForkPoolWorker-11 countReadsInRegions_worker: processing 5000000 (7031948.3 per sec) @ chr12:55000000-60000000
ForkPoolWorker-11,  processing 36 (35403.3 per sec) reads @ chr11:100000000-105000000
ForkPoolWorker-11 countReadsInRegions_worker: processing 5000000 (7064954.8 per sec) @ chr11:100000000-105000000
ForkPoolWorker-11,  processing 142 (62529.3 per sec) reads @ chr4:20000000-25000000
ForkPoolWorker-11 countReadsInRegions_worker: processing 5000000 (7052486.3 per sec) @ chr4:20000000-25000000
ForkPoolWorker-11,  processing 0 (0.0 per sec) reads @ chr21:0-5000000
ForkPoolWorker-11 countReadsInRegions_worker: processing 5000000 (7062492.3 per sec) @ chr21:0-5000000
ForkPoolWorker-11,  processing 57 (47276.1 per sec) reads @ chr1:70000000-75000000
ForkPoolWorker-11 countReadsInRegions_worker: processing 5000000 (7049966.1 per sec) @ chr1:70000000-75000000
ForkPoolWorker-11,  processing 91 (55284.1 per sec) reads @ chr2:0-5000000
ForkPoolWorker-11 countReadsInRegions_worker: processing 5000000 (7060830.2 per sec) @ chr2:0-5000000
ForkPoolWorker-11,  processing 2008 (92935.2 per sec) reads @ chr17:80000000-83257441
ForkPoolWorker-11 countReadsInRegions_worker: processing 3257441 (6713216.4 per sec) @ chr17:80000000-83257441
ForkPoolWorker-11,  processing 154 (69134.4 per sec) reads @ chr8:125000000-130000000
ForkPoolWorker-11 countReadsInRegions_worker: processing 5000000 (7362455.5 per sec) @ chr8:125000000-130000000
ForkPoolWorker-32,  processing 0 (0.0 per sec) reads @ chrUn_KI270584v1:0-4513
ForkPoolWorker-32 countReadsInRegions_worker: processing 4513 (64002.8 per sec) @ chrUn_KI270584v1:0-4513
ForkPoolWorker-32,  processing 58 (3033.1 per sec) reads @ chr6:135000000-140000000
ForkPoolWorker-32 countReadsInRegions_worker: processing 5000000 (6587985.2 per sec) @ chr6:135000000-140000000
ForkPoolWorker-32,  processing 50 (44393.6 per sec) reads @ chr10:40000000-45000000
ForkPoolWorker-32 countReadsInRegions_worker: processing 5000000 (6949840.8 per sec) @ chr10:40000000-45000000
ForkPoolWorker-32,  processing 95 (52353.0 per sec) reads @ chr3:25000000-30000000
ForkPoolWorker-32 countReadsInRegions_worker: processing 5000000 (7100065.4 per sec) @ chr3:25000000-30000000
ForkPoolWorker-32,  processing 16 (20104.5 per sec) reads @ chrX:25000000-30000000
ForkPoolWorker-32 countReadsInRegions_worker: processing 5000000 (7124163.1 per sec) @ chrX:25000000-30000000
ForkPoolWorker-32,  processing 0 (0.0 per sec) reads @ chrUn_KI270412v1:0-1179
ForkPoolWorker-32 countReadsInRegions_worker: processing 1179 (61030.8 per sec) @ chrUn_KI270412v1:0-1179
ForkPoolWorker-32,  processing 191 (74012.6 per sec) reads @ chr8:90000000-95000000
ForkPoolWorker-32 countReadsInRegions_worker: processing 5000000 (7077068.7 per sec) @ chr8:90000000-95000000
ForkPoolWorker-32,  processing 98 (51984.5 per sec) reads @ chr10:75000000-80000000
ForkPoolWorker-32 countReadsInRegions_worker: processing 5000000 (7091791.6 per sec) @ chr10:75000000-80000000
ForkPoolWorker-32,  processing 113272 (106048.1 per sec) reads @ chr22_KI270733v1_random:0-179772
ForkPoolWorker-32 countReadsInRegions_worker: processing 179772 (163084.8 per sec) @ chr22_KI270733v1_random:0-179772
ForkPoolWorker-32,  processing 128 (64996.5 per sec) reads @ chr15:25000000-30000000
ForkPoolWorker-32 countReadsInRegions_worker: processing 5000000 (7124746.4 per sec) @ chr15:25000000-30000000
ForkPoolWorker-32,  processing 42 (38345.8 per sec) reads @ chr1:80000000-85000000
ForkPoolWorker-32 countReadsInRegions_worker: processing 5000000 (7133487.9 per sec) @ chr1:80000000-85000000
ForkPoolWorker-32,  processing 222 (65517.6 per sec) reads @ chr1:20000000-25000000
ForkPoolWorker-32 countReadsInRegions_worker: processing 5000000 (7131576.4 per sec) @ chr1:20000000-25000000
ForkPoolWorker-32,  processing 3 (6132.0 per sec) reads @ chr8:145000000-145138636
ForkPoolWorker-32 countReadsInRegions_worker: processing 138636 (5024032.6 per sec) @ chr8:145000000-145138636
ForkPoolWorker-32,  processing 0 (0.0 per sec) reads @ chr22_KI270738v1_random:0-99375
ForkPoolWorker-32 countReadsInRegions_worker: processing 99375 (4574386.6 per sec) @ chr22_KI270738v1_random:0-99375
ForkPoolWorker-32,  processing 76 (51563.8 per sec) reads @ chr3:20000000-25000000
ForkPoolWorker-32 countReadsInRegions_worker: processing 5000000 (7100534.2 per sec) @ chr3:20000000-25000000
ForkPoolWorker-32,  processing 690 (103300.6 per sec) reads @ chr6:75000000-80000000
ForkPoolWorker-32 countReadsInRegions_worker: processing 5000000 (7323777.6 per sec) @ chr6:75000000-80000000
ForkPoolWorker-3,  processing 52 (472.4 per sec) reads @ chr6:140000000-145000000
ForkPoolWorker-3 countReadsInRegions_worker: processing 5000000 (5856683.9 per sec) @ chr6:140000000-145000000
ForkPoolWorker-3,  processing 75 (34417.2 per sec) reads @ chr15:20000000-25000000
ForkPoolWorker-3 countReadsInRegions_worker: processing 5000000 (5514512.5 per sec) @ chr15:20000000-25000000
ForkPoolWorker-3,  processing 519 (81249.8 per sec) reads @ chr19:40000000-45000000
ForkPoolWorker-3 countReadsInRegions_worker: processing 5000000 (7146914.5 per sec) @ chr19:40000000-45000000
ForkPoolWorker-3,  processing 149 (61108.0 per sec) reads @ chr10:20000000-25000000
ForkPoolWorker-3 countReadsInRegions_worker: processing 5000000 (7154726.7 per sec) @ chr10:20000000-25000000
ForkPoolWorker-3,  processing 37 (35504.3 per sec) reads @ chr15:35000000-40000000
ForkPoolWorker-3 countReadsInRegions_worker: processing 5000000 (7203613.6 per sec) @ chr15:35000000-40000000
ForkPoolWorker-3,  processing 38 (36314.3 per sec) reads @ chrY:10000000-15000000
ForkPoolWorker-3 countReadsInRegions_worker: processing 5000000 (7135548.6 per sec) @ chrY:10000000-15000000
ForkPoolWorker-3,  processing 7 (12499.0 per sec) reads @ chr22_KI270734v1_random:0-165050
ForkPoolWorker-3 countReadsInRegions_worker: processing 165050 (5003504.5 per sec) @ chr22_KI270734v1_random:0-165050
ForkPoolWorker-3,  processing 0 (0.0 per sec) reads @ chrUn_KI270417v1:0-2043
ForkPoolWorker-3 countReadsInRegions_worker: processing 2043 (209812.8 per sec) @ chrUn_KI270417v1:0-2043
ForkPoolWorker-3,  processing 11 (17062.6 per sec) reads @ chr13:65000000-70000000
ForkPoolWorker-3 countReadsInRegions_worker: processing 5000000 (7200472.4 per sec) @ chr13:65000000-70000000
ForkPoolWorker-3,  processing 31 (32176.1 per sec) reads @ chr11:35000000-40000000
ForkPoolWorker-3 countReadsInRegions_worker: processing 5000000 (7209170.4 per sec) @ chr11:35000000-40000000
ForkPoolWorker-3,  processing 166 (63584.9 per sec) reads @ chr11:45000000-50000000
ForkPoolWorker-3 countReadsInRegions_worker: processing 5000000 (7157639.9 per sec) @ chr11:45000000-50000000
ForkPoolWorker-3,  processing 59 (41872.1 per sec) reads @ chr7:130000000-135000000
ForkPoolWorker-3 countReadsInRegions_worker: processing 5000000 (7177772.4 per sec) @ chr7:130000000-135000000
ForkPoolWorker-3,  processing 0 (0.0 per sec) reads @ chrUn_KI270330v1:0-1652
ForkPoolWorker-3 countReadsInRegions_worker: processing 1652 (176422.4 per sec) @ chrUn_KI270330v1:0-1652
ForkPoolWorker-3,  processing 40 (40136.9 per sec) reads @ chr9:70000000-75000000
ForkPoolWorker-3 countReadsInRegions_worker: processing 5000000 (7160692.5 per sec) @ chr9:70000000-75000000
ForkPoolWorker-3,  processing 60 (50881.2 per sec) reads @ chr4:50000000-55000000
ForkPoolWorker-3 countReadsInRegions_worker: processing 5000000 (8062530.3 per sec) @ chr4:50000000-55000000
ForkPoolWorker-3,  processing 101 (60760.9 per sec) reads @ chr6:5000000-10000000
ForkPoolWorker-3 countReadsInRegions_worker: processing 5000000 (8159648.3 per sec) @ chr6:5000000-10000000
ForkPoolWorker-39,  processing 141 (1357.8 per sec) reads @ chrX:100000000-105000000
ForkPoolWorker-39 countReadsInRegions_worker: processing 5000000 (6191677.1 per sec) @ chrX:100000000-105000000
ForkPoolWorker-39,  processing 96 (59776.3 per sec) reads @ chr4:35000000-40000000
ForkPoolWorker-39 countReadsInRegions_worker: processing 5000000 (6864075.0 per sec) @ chr4:35000000-40000000
ForkPoolWorker-39,  processing 0 (0.0 per sec) reads @ chr1_KI270710v1_random:0-40176
ForkPoolWorker-39 countReadsInRegions_worker: processing 40176 (2165831.5 per sec) @ chr1_KI270710v1_random:0-40176
ForkPoolWorker-39,  processing 128 (51771.5 per sec) reads @ chr15:30000000-35000000
ForkPoolWorker-39 countReadsInRegions_worker: processing 5000000 (7058368.2 per sec) @ chr15:30000000-35000000
ForkPoolWorker-39,  processing 0 (0.0 per sec) reads @ chrUn_KI270465v1:0-1774
ForkPoolWorker-39 countReadsInRegions_worker: processing 1774 (175174.1 per sec) @ chrUn_KI270465v1:0-1774
ForkPoolWorker-39,  processing 36 (34442.3 per sec) reads @ chr8:5000000-10000000
ForkPoolWorker-39 countReadsInRegions_worker: processing 5000000 (7052844.4 per sec) @ chr8:5000000-10000000
ForkPoolWorker-39,  processing 777 (84512.6 per sec) reads @ chr16:30000000-35000000
ForkPoolWorker-39 countReadsInRegions_worker: processing 5000000 (6972306.6 per sec) @ chr16:30000000-35000000
ForkPoolWorker-39,  processing 365 (79611.1 per sec) reads @ chr6:0-5000000
ForkPoolWorker-39 countReadsInRegions_worker: processing 5000000 (7071818.4 per sec) @ chr6:0-5000000
ForkPoolWorker-39,  processing 0 (0.0 per sec) reads @ chr22_KI270737v1_random:0-103838
ForkPoolWorker-39 countReadsInRegions_worker: processing 103838 (4297353.1 per sec) @ chr22_KI270737v1_random:0-103838
ForkPoolWorker-39,  processing 553 (91881.2 per sec) reads @ chr10:125000000-130000000
ForkPoolWorker-39 countReadsInRegions_worker: processing 5000000 (7060770.7 per sec) @ chr10:125000000-130000000
ForkPoolWorker-39,  processing 0 (0.0 per sec) reads @ chrY:55000000-57227415
ForkPoolWorker-39 countReadsInRegions_worker: processing 2227415 (6934936.8 per sec) @ chrY:55000000-57227415
ForkPoolWorker-39,  processing 56 (44485.0 per sec) reads @ chr15:50000000-55000000
ForkPoolWorker-39 countReadsInRegions_worker: processing 5000000 (7162213.6 per sec) @ chr15:50000000-55000000
ForkPoolWorker-39,  processing 71 (50007.7 per sec) reads @ chr12:65000000-70000000
ForkPoolWorker-39 countReadsInRegions_worker: processing 5000000 (7166391.4 per sec) @ chr12:65000000-70000000
ForkPoolWorker-39,  processing 0 (0.0 per sec) reads @ chrUn_KI270522v1:0-5674
ForkPoolWorker-39 countReadsInRegions_worker: processing 5674 (546388.1 per sec) @ chrUn_KI270522v1:0-5674
ForkPoolWorker-39,  processing 139 (67886.4 per sec) reads @ chr1:235000000-240000000
ForkPoolWorker-39 countReadsInRegions_worker: processing 5000000 (7154175.1 per sec) @ chr1:235000000-240000000
ForkPoolWorker-39,  processing 146 (67456.3 per sec) reads @ chr2:200000000-205000000
ForkPoolWorker-39 countReadsInRegions_worker: processing 5000000 (7365346.3 per sec) @ chr2:200000000-205000000
ForkPoolWorker-15,  processing 0 (0.0 per sec) reads @ chrY:45000000-50000000
ForkPoolWorker-15 countReadsInRegions_worker: processing 5000000 (6021168.7 per sec) @ chrY:45000000-50000000
ForkPoolWorker-15,  processing 70 (34803.4 per sec) reads @ chr3:65000000-70000000
ForkPoolWorker-15 countReadsInRegions_worker: processing 5000000 (6615573.5 per sec) @ chr3:65000000-70000000
ForkPoolWorker-15,  processing 96 (46404.7 per sec) reads @ chr2:110000000-115000000
ForkPoolWorker-15 countReadsInRegions_worker: processing 5000000 (7177782.2 per sec) @ chr2:110000000-115000000
ForkPoolWorker-15,  processing 46 (33071.3 per sec) reads @ chr5:35000000-40000000
ForkPoolWorker-15 countReadsInRegions_worker: processing 5000000 (7170755.6 per sec) @ chr5:35000000-40000000
ForkPoolWorker-15,  processing 46 (37420.1 per sec) reads @ chr4:10000000-15000000
ForkPoolWorker-15 countReadsInRegions_worker: processing 5000000 (5302435.6 per sec) @ chr4:10000000-15000000
ForkPoolWorker-15,  processing 143 (46792.4 per sec) reads @ chr1:200000000-205000000
ForkPoolWorker-15 countReadsInRegions_worker: processing 5000000 (7207361.8 per sec) @ chr1:200000000-205000000
ForkPoolWorker-15,  processing 57 (37175.5 per sec) reads @ chr11:15000000-20000000
ForkPoolWorker-15 countReadsInRegions_worker: processing 5000000 (7196904.3 per sec) @ chr11:15000000-20000000
ForkPoolWorker-15,  processing 1898 (73808.1 per sec) reads @ chr8:20000000-25000000
ForkPoolWorker-15 countReadsInRegions_worker: processing 5000000 (6949741.8 per sec) @ chr8:20000000-25000000
ForkPoolWorker-15,  processing 91 (44288.9 per sec) reads @ chr9:85000000-90000000
ForkPoolWorker-15 countReadsInRegions_worker: processing 5000000 (7161323.3 per sec) @ chr9:85000000-90000000
ForkPoolWorker-15,  processing 0 (0.0 per sec) reads @ chrUn_KI270396v1:0-1880
ForkPoolWorker-15 countReadsInRegions_worker: processing 1880 (194027.8 per sec) @ chrUn_KI270396v1:0-1880
ForkPoolWorker-15,  processing 0 (0.0 per sec) reads @ chrUn_KI270755v1:0-36723
ForkPoolWorker-15 countReadsInRegions_worker: processing 36723 (2642433.1 per sec) @ chrUn_KI270755v1:0-36723
ForkPoolWorker-15,  processing 303 (61285.3 per sec) reads @ chr1:90000000-95000000
ForkPoolWorker-15 countReadsInRegions_worker: processing 5000000 (7131996.0 per sec) @ chr1:90000000-95000000
ForkPoolWorker-15,  processing 328 (56857.8 per sec) reads @ chr22:45000000-50000000
ForkPoolWorker-15 countReadsInRegions_worker: processing 5000000 (7102176.6 per sec) @ chr22:45000000-50000000
ForkPoolWorker-15,  processing 7 (12305.2 per sec) reads @ chr11:50000000-55000000
ForkPoolWorker-15 countReadsInRegions_worker: processing 5000000 (8217767.2 per sec) @ chr11:50000000-55000000
ForkPoolWorker-15,  processing 133 (55402.0 per sec) reads @ chr11:85000000-90000000
ForkPoolWorker-15 countReadsInRegions_worker: processing 5000000 (8189332.1 per sec) @ chr11:85000000-90000000
ForkPoolWorker-15,  processing 45 (38099.2 per sec) reads @ chrX:120000000-125000000
ForkPoolWorker-15 countReadsInRegions_worker: processing 5000000 (8204608.2 per sec) @ chrX:120000000-125000000
ForkPoolWorker-18,  processing 0 (0.0 per sec) reads @ chr22_KI270732v1_random:0-41543
ForkPoolWorker-18 countReadsInRegions_worker: processing 41543 (542564.3 per sec) @ chr22_KI270732v1_random:0-41543
ForkPoolWorker-18,  processing 0 (0.0 per sec) reads @ chrUn_KI270515v1:0-6361
ForkPoolWorker-18 countReadsInRegions_worker: processing 6361 (731378.8 per sec) @ chrUn_KI270515v1:0-6361
ForkPoolWorker-18,  processing 21 (21352.8 per sec) reads @ chr5:15000000-20000000
ForkPoolWorker-18 countReadsInRegions_worker: processing 5000000 (6674143.4 per sec) @ chr5:15000000-20000000
ForkPoolWorker-18,  processing 0 (0.0 per sec) reads @ chrUn_KI270329v1:0-1040
ForkPoolWorker-18 countReadsInRegions_worker: processing 1040 (69102.2 per sec) @ chrUn_KI270329v1:0-1040
ForkPoolWorker-18,  processing 56 (41171.1 per sec) reads @ chr9:0-5000000
ForkPoolWorker-18 countReadsInRegions_worker: processing 5000000 (7073927.1 per sec) @ chr9:0-5000000
ForkPoolWorker-18,  processing 173 (75396.4 per sec) reads @ chr10:80000000-85000000
ForkPoolWorker-18 countReadsInRegions_worker: processing 5000000 (7108799.5 per sec) @ chr10:80000000-85000000
ForkPoolWorker-18,  processing 433 (90135.2 per sec) reads @ chr1:60000000-65000000
ForkPoolWorker-18 countReadsInRegions_worker: processing 5000000 (6990015.0 per sec) @ chr1:60000000-65000000
ForkPoolWorker-18,  processing 233 (71826.6 per sec) reads @ chr7:155000000-159345973
ForkPoolWorker-18 countReadsInRegions_worker: processing 4345973 (7016610.0 per sec) @ chr7:155000000-159345973
ForkPoolWorker-18,  processing 394 (80924.3 per sec) reads @ chr16:70000000-75000000
ForkPoolWorker-18 countReadsInRegions_worker: processing 5000000 (7036400.4 per sec) @ chr16:70000000-75000000
ForkPoolWorker-18,  processing 66 (49195.7 per sec) reads @ chr3:135000000-140000000
ForkPoolWorker-18 countReadsInRegions_worker: processing 5000000 (7064052.9 per sec) @ chr3:135000000-140000000
ForkPoolWorker-18,  processing 0 (0.0 per sec) reads @ chrUn_KI270372v1:0-1650
ForkPoolWorker-18 countReadsInRegions_worker: processing 1650 (172984.8 per sec) @ chrUn_KI270372v1:0-1650
ForkPoolWorker-18,  processing 61 (48641.2 per sec) reads @ chr3:160000000-165000000
ForkPoolWorker-18 countReadsInRegions_worker: processing 5000000 (7067692.9 per sec) @ chr3:160000000-165000000
ForkPoolWorker-18,  processing 128 (63176.1 per sec) reads @ chr20:15000000-20000000
ForkPoolWorker-18 countReadsInRegions_worker: processing 5000000 (7051215.3 per sec) @ chr20:15000000-20000000
ForkPoolWorker-18,  processing 683 (83145.9 per sec) reads @ chr22:35000000-40000000
ForkPoolWorker-18 countReadsInRegions_worker: processing 5000000 (6999744.0 per sec) @ chr22:35000000-40000000
ForkPoolWorker-18,  processing 98 (54616.2 per sec) reads @ chr6:150000000-155000000
ForkPoolWorker-18 countReadsInRegions_worker: processing 5000000 (7073557.3 per sec) @ chr6:150000000-155000000
ForkPoolWorker-18,  processing 34 (33460.0 per sec) reads @ chr4:125000000-130000000
ForkPoolWorker-18 countReadsInRegions_worker: processing 5000000 (7694584.2 per sec) @ chr4:125000000-130000000
ForkPoolWorker-2,  processing 390 (3427.2 per sec) reads @ chr3:180000000-185000000
ForkPoolWorker-2 countReadsInRegions_worker: processing 5000000 (5760702.3 per sec) @ chr3:180000000-185000000
ForkPoolWorker-2,  processing 44 (33055.6 per sec) reads @ chr8:55000000-60000000
ForkPoolWorker-2 countReadsInRegions_worker: processing 5000000 (6896976.8 per sec) @ chr8:55000000-60000000
ForkPoolWorker-2,  processing 81 (51265.8 per sec) reads @ chr14:35000000-40000000
ForkPoolWorker-2 countReadsInRegions_worker: processing 5000000 (7027570.1 per sec) @ chr14:35000000-40000000
ForkPoolWorker-2,  processing 73 (55367.8 per sec) reads @ chr4:70000000-75000000
ForkPoolWorker-2 countReadsInRegions_worker: processing 5000000 (7058563.0 per sec) @ chr4:70000000-75000000
ForkPoolWorker-2,  processing 0 (0.0 per sec) reads @ chrUn_KI270757v1:0-71251
ForkPoolWorker-2 countReadsInRegions_worker: processing 71251 (3733084.6 per sec) @ chrUn_KI270757v1:0-71251
ForkPoolWorker-2,  processing 3 (6797.9 per sec) reads @ chr3_GL000221v1_random:0-155397
ForkPoolWorker-2 countReadsInRegions_worker: processing 155397 (5173614.2 per sec) @ chr3_GL000221v1_random:0-155397
ForkPoolWorker-2,  processing 40 (37424.1 per sec) reads @ chr4:105000000-110000000
ForkPoolWorker-2 countReadsInRegions_worker: processing 5000000 (7080167.5 per sec) @ chr4:105000000-110000000
ForkPoolWorker-2,  processing 81 (54462.7 per sec) reads @ chr11:130000000-135000000
ForkPoolWorker-2 countReadsInRegions_worker: processing 5000000 (7062176.0 per sec) @ chr11:130000000-135000000
ForkPoolWorker-2,  processing 100 (56291.8 per sec) reads @ chr15:55000000-60000000
ForkPoolWorker-2 countReadsInRegions_worker: processing 5000000 (7056491.9 per sec) @ chr15:55000000-60000000
ForkPoolWorker-2,  processing 101 (56816.6 per sec) reads @ chr2:125000000-130000000
ForkPoolWorker-2 countReadsInRegions_worker: processing 5000000 (7029753.8 per sec) @ chr2:125000000-130000000
ForkPoolWorker-2,  processing 187 (63360.1 per sec) reads @ chr22:25000000-30000000
ForkPoolWorker-2 countReadsInRegions_worker: processing 5000000 (7020512.3 per sec) @ chr22:25000000-30000000
ForkPoolWorker-2,  processing 22 (29090.4 per sec) reads @ chr13:80000000-85000000
ForkPoolWorker-2 countReadsInRegions_worker: processing 5000000 (7047845.6 per sec) @ chr13:80000000-85000000
ForkPoolWorker-2,  processing 138 (77849.9 per sec) reads @ chr14:25000000-30000000
ForkPoolWorker-2 countReadsInRegions_worker: processing 5000000 (7053895.3 per sec) @ chr14:25000000-30000000
ForkPoolWorker-2,  processing 0 (0.0 per sec) reads @ chrUn_KI270371v1:0-2805
ForkPoolWorker-2 countReadsInRegions_worker: processing 2805 (287456.6 per sec) @ chrUn_KI270371v1:0-2805
ForkPoolWorker-2,  processing 3 (6377.6 per sec) reads @ chr14_GL000009v2_random:0-201709
ForkPoolWorker-2 countReadsInRegions_worker: processing 201709 (5842377.7 per sec) @ chr14_GL000009v2_random:0-201709
ForkPoolWorker-2,  processing 13 (18365.1 per sec) reads @ chrX:85000000-90000000
ForkPoolWorker-2 countReadsInRegions_worker: processing 5000000 (7796463.5 per sec) @ chrX:85000000-90000000
ForkPoolWorker-8,  processing 18 (163.9 per sec) reads @ chr4:160000000-165000000
ForkPoolWorker-8 countReadsInRegions_worker: processing 5000000 (5746374.5 per sec) @ chr4:160000000-165000000
ForkPoolWorker-8,  processing 0 (0.0 per sec) reads @ chrUn_KI270448v1:0-7992
ForkPoolWorker-8 countReadsInRegions_worker: processing 7992 (480806.6 per sec) @ chrUn_KI270448v1:0-7992
ForkPoolWorker-8,  processing 0 (0.0 per sec) reads @ chrUn_KI270378v1:0-1048
ForkPoolWorker-8 countReadsInRegions_worker: processing 1048 (106640.9 per sec) @ chrUn_KI270378v1:0-1048
ForkPoolWorker-8,  processing 177076 (108402.1 per sec) reads @ chr14:30000000-35000000
ForkPoolWorker-8 countReadsInRegions_worker: processing 5000000 (2151084.9 per sec) @ chr14:30000000-35000000
ForkPoolWorker-8,  processing 0 (0.0 per sec) reads @ chrUn_KI270509v1:0-2318
ForkPoolWorker-8 countReadsInRegions_worker: processing 2318 (227696.1 per sec) @ chrUn_KI270509v1:0-2318
ForkPoolWorker-8,  processing 59 (47625.9 per sec) reads @ chr4:55000000-60000000
ForkPoolWorker-8 countReadsInRegions_worker: processing 5000000 (7221901.2 per sec) @ chr4:55000000-60000000
ForkPoolWorker-8,  processing 956 (85667.5 per sec) reads @ chr4:0-5000000
ForkPoolWorker-8 countReadsInRegions_worker: processing 5000000 (7110399.9 per sec) @ chr4:0-5000000
ForkPoolWorker-8,  processing 60 (42989.1 per sec) reads @ chrX:135000000-140000000
ForkPoolWorker-8 countReadsInRegions_worker: processing 5000000 (7153203.9 per sec) @ chrX:135000000-140000000
ForkPoolWorker-8,  processing 122 (68639.2 per sec) reads @ chr3:190000000-195000000
ForkPoolWorker-8 countReadsInRegions_worker: processing 5000000 (7182733.4 per sec) @ chr3:190000000-195000000
ForkPoolWorker-8,  processing 0 (0.0 per sec) reads @ chrUn_KI270583v1:0-1400
ForkPoolWorker-8 countReadsInRegions_worker: processing 1400 (140998.5 per sec) @ chrUn_KI270583v1:0-1400
ForkPoolWorker-8,  processing 35 (36572.2 per sec) reads @ chr9:10000000-15000000
ForkPoolWorker-8 countReadsInRegions_worker: processing 5000000 (7168253.1 per sec) @ chr9:10000000-15000000
ForkPoolWorker-8,  processing 103 (51338.5 per sec) reads @ chr18:35000000-40000000
ForkPoolWorker-8 countReadsInRegions_worker: processing 5000000 (7162223.4 per sec) @ chr18:35000000-40000000
ForkPoolWorker-8,  processing 220 (65587.2 per sec) reads @ chr7:75000000-80000000
ForkPoolWorker-8 countReadsInRegions_worker: processing 5000000 (7145787.0 per sec) @ chr7:75000000-80000000
ForkPoolWorker-8,  processing 146 (70443.8 per sec) reads @ chr20:25000000-30000000
ForkPoolWorker-8 countReadsInRegions_worker: processing 5000000 (7149017.1 per sec) @ chr20:25000000-30000000
ForkPoolWorker-8,  processing 16464 (112629.3 per sec) reads @ chr6:10000000-15000000
ForkPoolWorker-8 countReadsInRegions_worker: processing 5000000 (6001460.0 per sec) @ chr6:10000000-15000000
ForkPoolWorker-8,  processing 24 (29043.1 per sec) reads @ chr13:35000000-40000000
ForkPoolWorker-8 countReadsInRegions_worker: processing 5000000 (8242757.4 per sec) @ chr13:35000000-40000000
ForkPoolWorker-52,  processing 176 (1737.6 per sec) reads @ chr7:40000000-45000000
ForkPoolWorker-52 countReadsInRegions_worker: processing 5000000 (5815627.7 per sec) @ chr7:40000000-45000000
ForkPoolWorker-52,  processing 879 (90302.8 per sec) reads @ chr17:75000000-80000000
ForkPoolWorker-52 countReadsInRegions_worker: processing 5000000 (6961888.7 per sec) @ chr17:75000000-80000000
ForkPoolWorker-52,  processing 99 (48260.8 per sec) reads @ chr14:60000000-65000000
ForkPoolWorker-52 countReadsInRegions_worker: processing 5000000 (7109623.7 per sec) @ chr14:60000000-65000000
ForkPoolWorker-52,  processing 182 (69384.1 per sec) reads @ chr1:240000000-245000000
ForkPoolWorker-52 countReadsInRegions_worker: processing 5000000 (7082984.5 per sec) @ chr1:240000000-245000000
ForkPoolWorker-52,  processing 195 (67577.4 per sec) reads @ chr19:30000000-35000000
ForkPoolWorker-52 countReadsInRegions_worker: processing 5000000 (6884435.9 per sec) @ chr19:30000000-35000000
ForkPoolWorker-52,  processing 59 (36558.4 per sec) reads @ chr6:130000000-135000000
ForkPoolWorker-52 countReadsInRegions_worker: processing 5000000 (7066904.6 per sec) @ chr6:130000000-135000000
ForkPoolWorker-52,  processing 53 (43358.3 per sec) reads @ chr9:15000000-20000000
ForkPoolWorker-52 countReadsInRegions_worker: processing 5000000 (7099906.8 per sec) @ chr9:15000000-20000000
ForkPoolWorker-52,  processing 25 (28743.9 per sec) reads @ chrY:25000000-30000000
ForkPoolWorker-52 countReadsInRegions_worker: processing 5000000 (7054737.7 per sec) @ chrY:25000000-30000000
ForkPoolWorker-52,  processing 27 (32172.2 per sec) reads @ chr19:25000000-30000000
ForkPoolWorker-52 countReadsInRegions_worker: processing 5000000 (7113631.8 per sec) @ chr19:25000000-30000000
ForkPoolWorker-52,  processing 28 (27928.8 per sec) reads @ chr10:55000000-60000000
ForkPoolWorker-52 countReadsInRegions_worker: processing 5000000 (7097427.0 per sec) @ chr10:55000000-60000000
ForkPoolWorker-52,  processing 358 (74294.2 per sec) reads @ chr1:40000000-45000000
ForkPoolWorker-52 countReadsInRegions_worker: processing 5000000 (7096963.5 per sec) @ chr1:40000000-45000000
ForkPoolWorker-52,  processing 91 (56121.4 per sec) reads @ chr7:120000000-125000000
ForkPoolWorker-52 countReadsInRegions_worker: processing 5000000 (8100355.2 per sec) @ chr7:120000000-125000000
ForkPoolWorker-14,  processing 30 (274.2 per sec) reads @ chr3:0-5000000
ForkPoolWorker-14 countReadsInRegions_worker: processing 5000000 (6139459.0 per sec) @ chr3:0-5000000
ForkPoolWorker-14,  processing 0 (0.0 per sec) reads @ chrUn_KI270388v1:0-1216
ForkPoolWorker-14 countReadsInRegions_worker: processing 1216 (82920.5 per sec) @ chrUn_KI270388v1:0-1216
ForkPoolWorker-14,  processing 72 (41442.3 per sec) reads @ chr14:55000000-60000000
ForkPoolWorker-14 countReadsInRegions_worker: processing 5000000 (6962563.6 per sec) @ chr14:55000000-60000000
ForkPoolWorker-14,  processing 74 (50781.8 per sec) reads @ chr11:105000000-110000000
ForkPoolWorker-14 countReadsInRegions_worker: processing 5000000 (7064029.1 per sec) @ chr11:105000000-110000000
ForkPoolWorker-14,  processing 158 (64165.4 per sec) reads @ chrX:40000000-45000000
ForkPoolWorker-14 countReadsInRegions_worker: processing 5000000 (7065433.2 per sec) @ chrX:40000000-45000000
ForkPoolWorker-14,  processing 108648 (107229.8 per sec) reads @ chrUn_GL000220v1:0-161802
ForkPoolWorker-14 countReadsInRegions_worker: processing 161802 (154828.1 per sec) @ chrUn_GL000220v1:0-161802
ForkPoolWorker-14,  processing 60 (40323.4 per sec) reads @ chr1:85000000-90000000
ForkPoolWorker-14 countReadsInRegions_worker: processing 5000000 (7122546.8 per sec) @ chr1:85000000-90000000
ForkPoolWorker-14,  processing 57 (42600.7 per sec) reads @ chrX:65000000-70000000
ForkPoolWorker-14 countReadsInRegions_worker: processing 5000000 (7131171.4 per sec) @ chrX:65000000-70000000
ForkPoolWorker-14,  processing 174 (65051.2 per sec) reads @ chr14:90000000-95000000
ForkPoolWorker-14 countReadsInRegions_worker: processing 5000000 (7112432.7 per sec) @ chr14:90000000-95000000
ForkPoolWorker-14,  processing 87 (52092.0 per sec) reads @ chr15:60000000-65000000
ForkPoolWorker-14 countReadsInRegions_worker: processing 5000000 (7105042.3 per sec) @ chr15:60000000-65000000
ForkPoolWorker-14,  processing 112 (56394.0 per sec) reads @ chr13:25000000-30000000
ForkPoolWorker-14 countReadsInRegions_worker: processing 5000000 (7093487.6 per sec) @ chr13:25000000-30000000
ForkPoolWorker-14,  processing 0 (0.0 per sec) reads @ chrUn_KI270394v1:0-970
ForkPoolWorker-14 countReadsInRegions_worker: processing 970 (102035.8 per sec) @ chrUn_KI270394v1:0-970
ForkPoolWorker-14,  processing 227 (81376.7 per sec) reads @ chr3:150000000-155000000
ForkPoolWorker-14 countReadsInRegions_worker: processing 5000000 (7055191.0 per sec) @ chr3:150000000-155000000
ForkPoolWorker-14,  processing 177 (67270.0 per sec) reads @ chr3:195000000-198295559
ForkPoolWorker-14 countReadsInRegions_worker: processing 3295559 (7048386.3 per sec) @ chr3:195000000-198295559
ForkPoolWorker-14,  processing 61 (46671.4 per sec) reads @ chr5:75000000-80000000
ForkPoolWorker-14 countReadsInRegions_worker: processing 5000000 (7394742.7 per sec) @ chr5:75000000-80000000
ForkPoolWorker-14,  processing 37 (39041.3 per sec) reads @ chr3:175000000-180000000
ForkPoolWorker-14 countReadsInRegions_worker: processing 5000000 (8207234.7 per sec) @ chr3:175000000-180000000
ForkPoolWorker-47,  processing 80 (797.4 per sec) reads @ chr15:100000000-101991189
ForkPoolWorker-47 countReadsInRegions_worker: processing 1991189 (5402051.1 per sec) @ chr15:100000000-101991189
ForkPoolWorker-47,  processing 0 (0.0 per sec) reads @ chr22_KI270736v1_random:0-181920
ForkPoolWorker-47 countReadsInRegions_worker: processing 181920 (5657379.8 per sec) @ chr22_KI270736v1_random:0-181920
ForkPoolWorker-47,  processing 139 (70352.1 per sec) reads @ chr15:90000000-95000000
ForkPoolWorker-47 countReadsInRegions_worker: processing 5000000 (7306793.4 per sec) @ chr15:90000000-95000000
ForkPoolWorker-47,  processing 0 (0.0 per sec) reads @ chr9:55000000-60000000
ForkPoolWorker-47 countReadsInRegions_worker: processing 5000000 (7157942.9 per sec) @ chr9:55000000-60000000
ForkPoolWorker-47,  processing 141 (57029.6 per sec) reads @ chr1:205000000-210000000
ForkPoolWorker-47 countReadsInRegions_worker: processing 5000000 (7099243.4 per sec) @ chr1:205000000-210000000
ForkPoolWorker-47,  processing 2 (4034.9 per sec) reads @ chr4_GL000008v2_random:0-209709
ForkPoolWorker-47 countReadsInRegions_worker: processing 209709 (5639511.3 per sec) @ chr4_GL000008v2_random:0-209709
ForkPoolWorker-47,  processing 104 (61222.1 per sec) reads @ chr5:90000000-95000000
ForkPoolWorker-47 countReadsInRegions_worker: processing 5000000 (7152137.8 per sec) @ chr5:90000000-95000000
ForkPoolWorker-47,  processing 437 (76569.1 per sec) reads @ chr19:50000000-55000000
ForkPoolWorker-47 countReadsInRegions_worker: processing 5000000 (7082838.6 per sec) @ chr19:50000000-55000000
ForkPoolWorker-47,  processing 53 (43785.3 per sec) reads @ chr12:90000000-95000000
ForkPoolWorker-47 countReadsInRegions_worker: processing 5000000 (7139727.0 per sec) @ chr12:90000000-95000000
ForkPoolWorker-47,  processing 69 (46083.9 per sec) reads @ chr5:65000000-70000000
ForkPoolWorker-47 countReadsInRegions_worker: processing 5000000 (7123507.3 per sec) @ chr5:65000000-70000000
ForkPoolWorker-47,  processing 51 (43354.2 per sec) reads @ chr4:120000000-125000000
ForkPoolWorker-47 countReadsInRegions_worker: processing 5000000 (7117644.4 per sec) @ chr4:120000000-125000000
ForkPoolWorker-47,  processing 172 (69507.7 per sec) reads @ chr7:90000000-95000000
ForkPoolWorker-47 countReadsInRegions_worker: processing 5000000 (7112008.2 per sec) @ chr7:90000000-95000000
ForkPoolWorker-47,  processing 3862 (108668.2 per sec) reads @ chr6:50000000-55000000
ForkPoolWorker-47 countReadsInRegions_worker: processing 5000000 (6761335.7 per sec) @ chr6:50000000-55000000
ForkPoolWorker-47,  processing 26 (30727.5 per sec) reads @ chr1:100000000-105000000
ForkPoolWorker-47 countReadsInRegions_worker: processing 5000000 (7334612.5 per sec) @ chr1:100000000-105000000
ForkPoolWorker-47,  processing 0 (0.0 per sec) reads @ chrUn_KI270391v1:0-1484
ForkPoolWorker-47 countReadsInRegions_worker: processing 1484 (171149.0 per sec) @ chrUn_KI270391v1:0-1484
ForkPoolWorker-47,  processing 240 (83448.0 per sec) reads @ chr6:165000000-170000000
ForkPoolWorker-47 countReadsInRegions_worker: processing 5000000 (8183682.1 per sec) @ chr6:165000000-170000000
ForkPoolWorker-42,  processing 55 (533.4 per sec) reads @ chr10:60000000-65000000
ForkPoolWorker-42 countReadsInRegions_worker: processing 5000000 (5833457.8 per sec) @ chr10:60000000-65000000
ForkPoolWorker-42,  processing 36 (31017.9 per sec) reads @ chr4:170000000-175000000
ForkPoolWorker-42 countReadsInRegions_worker: processing 5000000 (6817937.8 per sec) @ chr4:170000000-175000000
ForkPoolWorker-42,  processing 0 (0.0 per sec) reads @ chr14_KI270726v1_random:0-43739
ForkPoolWorker-42 countReadsInRegions_worker: processing 43739 (1849397.3 per sec) @ chr14_KI270726v1_random:0-43739
ForkPoolWorker-42,  processing 211 (67177.6 per sec) reads @ chr11:115000000-120000000
ForkPoolWorker-42 countReadsInRegions_worker: processing 5000000 (7038537.6 per sec) @ chr11:115000000-120000000
ForkPoolWorker-42,  processing 31 (28180.2 per sec) reads @ chr2:80000000-85000000
ForkPoolWorker-42 countReadsInRegions_worker: processing 5000000 (7019506.6 per sec) @ chr2:80000000-85000000
ForkPoolWorker-42,  processing 0 (0.0 per sec) reads @ chr15:10000000-15000000
ForkPoolWorker-42 countReadsInRegions_worker: processing 5000000 (7055964.9 per sec) @ chr15:10000000-15000000
ForkPoolWorker-42,  processing 17 (17983.1 per sec) reads @ chr11:95000000-100000000
ForkPoolWorker-42 countReadsInRegions_worker: processing 5000000 (7066878.4 per sec) @ chr11:95000000-100000000
ForkPoolWorker-42,  processing 15 (20757.0 per sec) reads @ chrUn_GL000195v1:0-182896
ForkPoolWorker-42 countReadsInRegions_worker: processing 182896 (5196349.1 per sec) @ chrUn_GL000195v1:0-182896
ForkPoolWorker-42,  processing 23 (27305.1 per sec) reads @ chr6:45000000-50000000
ForkPoolWorker-42 countReadsInRegions_worker: processing 5000000 (7077159.4 per sec) @ chr6:45000000-50000000
ForkPoolWorker-42,  processing 407 (79469.4 per sec) reads @ chr20:30000000-35000000
ForkPoolWorker-42 countReadsInRegions_worker: processing 5000000 (7044150.2 per sec) @ chr20:30000000-35000000
ForkPoolWorker-42,  processing 134 (63817.0 per sec) reads @ chr13:40000000-45000000
ForkPoolWorker-42 countReadsInRegions_worker: processing 5000000 (7064821.5 per sec) @ chr13:40000000-45000000
ForkPoolWorker-42,  processing 3 (6533.2 per sec) reads @ chrEBV:0-171823
ForkPoolWorker-42 countReadsInRegions_worker: processing 171823 (5407368.8 per sec) @ chrEBV:0-171823
ForkPoolWorker-42,  processing 359 (90235.2 per sec) reads @ chr5:145000000-150000000
ForkPoolWorker-42 countReadsInRegions_worker: processing 5000000 (7020977.7 per sec) @ chr5:145000000-150000000
ForkPoolWorker-42,  processing 64 (45652.3 per sec) reads @ chr13:20000000-25000000
ForkPoolWorker-42 countReadsInRegions_worker: processing 5000000 (7060941.9 per sec) @ chr13:20000000-25000000
ForkPoolWorker-42,  processing 59 (49187.8 per sec) reads @ chr3:75000000-80000000
ForkPoolWorker-42 countReadsInRegions_worker: processing 5000000 (7817732.2 per sec) @ chr3:75000000-80000000
ForkPoolWorker-42,  processing 128 (67251.8 per sec) reads @ chr2:165000000-170000000
ForkPoolWorker-42 countReadsInRegions_worker: processing 5000000 (8155339.2 per sec) @ chr2:165000000-170000000
ForkPoolWorker-24,  processing 29 (271.3 per sec) reads @ chr3:145000000-150000000
ForkPoolWorker-24 countReadsInRegions_worker: processing 5000000 (6182991.5 per sec) @ chr3:145000000-150000000
ForkPoolWorker-24,  processing 52 (39121.8 per sec) reads @ chr4:175000000-180000000
ForkPoolWorker-24 countReadsInRegions_worker: processing 5000000 (6969120.8 per sec) @ chr4:175000000-180000000
ForkPoolWorker-24,  processing 0 (0.0 per sec) reads @ chr16:40000000-45000000
ForkPoolWorker-24 countReadsInRegions_worker: processing 5000000 (7105653.8 per sec) @ chr16:40000000-45000000
ForkPoolWorker-24,  processing 66 (43519.0 per sec) reads @ chr5:10000000-15000000
ForkPoolWorker-24 countReadsInRegions_worker: processing 5000000 (7088375.9 per sec) @ chr5:10000000-15000000
ForkPoolWorker-24,  processing 21 (27193.7 per sec) reads @ chr8:105000000-110000000
ForkPoolWorker-24 countReadsInRegions_worker: processing 5000000 (7090918.8 per sec) @ chr8:105000000-110000000
ForkPoolWorker-24,  processing 0 (0.0 per sec) reads @ chrUn_KI270414v1:0-2489
ForkPoolWorker-24 countReadsInRegions_worker: processing 2489 (252940.7 per sec) @ chrUn_KI270414v1:0-2489
ForkPoolWorker-24,  processing 67 (47469.3 per sec) reads @ chr3:60000000-65000000
ForkPoolWorker-24 countReadsInRegions_worker: processing 5000000 (7094711.4 per sec) @ chr3:60000000-65000000
ForkPoolWorker-24,  processing 72 (46042.1 per sec) reads @ chr8:95000000-100000000
ForkPoolWorker-24 countReadsInRegions_worker: processing 5000000 (7088998.9 per sec) @ chr8:95000000-100000000
ForkPoolWorker-24,  processing 0 (0.0 per sec) reads @ chrUn_KI270582v1:0-6504
ForkPoolWorker-24 countReadsInRegions_worker: processing 6504 (629770.1 per sec) @ chrUn_KI270582v1:0-6504
ForkPoolWorker-24,  processing 69 (45518.6 per sec) reads @ chr10:10000000-15000000
ForkPoolWorker-24 countReadsInRegions_worker: processing 5000000 (7084573.3 per sec) @ chr10:10000000-15000000
ForkPoolWorker-24,  processing 65 (49804.5 per sec) reads @ chr2:220000000-225000000
ForkPoolWorker-24 countReadsInRegions_worker: processing 5000000 (7031514.5 per sec) @ chr2:220000000-225000000
ForkPoolWorker-24,  processing 331 (76197.3 per sec) reads @ chr15:70000000-75000000
ForkPoolWorker-24 countReadsInRegions_worker: processing 5000000 (7047182.5 per sec) @ chr15:70000000-75000000
ForkPoolWorker-24,  processing 0 (0.0 per sec) reads @ chrY:40000000-45000000
ForkPoolWorker-24 countReadsInRegions_worker: processing 5000000 (7073175.6 per sec) @ chrY:40000000-45000000
ForkPoolWorker-24,  processing 0 (0.0 per sec) reads @ chrUn_KI270302v1:0-2274
ForkPoolWorker-24 countReadsInRegions_worker: processing 2274 (233376.1 per sec) @ chrUn_KI270302v1:0-2274
ForkPoolWorker-24,  processing 9 (13812.2 per sec) reads @ chr5:25000000-30000000
ForkPoolWorker-24 countReadsInRegions_worker: processing 5000000 (7643757.5 per sec) @ chr5:25000000-30000000
ForkPoolWorker-24,  processing 0 (0.0 per sec) reads @ chr9:45000000-50000000
ForkPoolWorker-24 countReadsInRegions_worker: processing 5000000 (8194608.8 per sec) @ chr9:45000000-50000000
ForkPoolWorker-6,  processing 2 (18.2 per sec) reads @ chr1_KI270712v1_random:0-176043
ForkPoolWorker-6 countReadsInRegions_worker: processing 176043 (1234807.5 per sec) @ chr1_KI270712v1_random:0-176043
ForkPoolWorker-6,  processing 77 (50748.2 per sec) reads @ chr14:50000000-55000000
ForkPoolWorker-6 countReadsInRegions_worker: processing 5000000 (7785872.5 per sec) @ chr14:50000000-55000000
ForkPoolWorker-6,  processing 0 (0.0 per sec) reads @ chr14:5000000-10000000
ForkPoolWorker-6 countReadsInRegions_worker: processing 5000000 (6937926.4 per sec) @ chr14:5000000-10000000
ForkPoolWorker-6,  processing 109 (47287.9 per sec) reads @ chr10:45000000-50000000
ForkPoolWorker-6 countReadsInRegions_worker: processing 5000000 (6817951.1 per sec) @ chr10:45000000-50000000
ForkPoolWorker-6,  processing 85 (53514.8 per sec) reads @ chr4:75000000-80000000
ForkPoolWorker-6 countReadsInRegions_worker: processing 5000000 (7057570.0 per sec) @ chr4:75000000-80000000
ForkPoolWorker-6,  processing 43 (40520.1 per sec) reads @ chr18:55000000-60000000
ForkPoolWorker-6 countReadsInRegions_worker: processing 5000000 (7061583.9 per sec) @ chr18:55000000-60000000
ForkPoolWorker-6,  processing 0 (0.0 per sec) reads @ chrUn_KI270395v1:0-1143
ForkPoolWorker-6 countReadsInRegions_worker: processing 1143 (123964.8 per sec) @ chrUn_KI270395v1:0-1143
ForkPoolWorker-6,  processing 232 (78862.0 per sec) reads @ chr11:30000000-35000000
ForkPoolWorker-6 countReadsInRegions_worker: processing 5000000 (7018125.3 per sec) @ chr11:30000000-35000000
ForkPoolWorker-6,  processing 104 (54173.8 per sec) reads @ chr2:10000000-15000000
ForkPoolWorker-6 countReadsInRegions_worker: processing 5000000 (7067419.0 per sec) @ chr2:10000000-15000000
ForkPoolWorker-6,  processing 17 (22737.0 per sec) reads @ chr4:130000000-135000000
ForkPoolWorker-6 countReadsInRegions_worker: processing 5000000 (7090230.8 per sec) @ chr4:130000000-135000000
ForkPoolWorker-6,  processing 33 (34970.2 per sec) reads @ chr21:10000000-15000000
ForkPoolWorker-6 countReadsInRegions_worker: processing 5000000 (7075118.0 per sec) @ chr21:10000000-15000000
ForkPoolWorker-6,  processing 30 (33536.5 per sec) reads @ chr8:50000000-55000000
ForkPoolWorker-6 countReadsInRegions_worker: processing 5000000 (7077109.3 per sec) @ chr8:50000000-55000000
ForkPoolWorker-6,  processing 618 (80702.4 per sec) reads @ chr14:100000000-105000000
ForkPoolWorker-6 countReadsInRegions_worker: processing 5000000 (7021212.8 per sec) @ chr14:100000000-105000000
ForkPoolWorker-6,  processing 39 (39002.8 per sec) reads @ chr4:140000000-145000000
ForkPoolWorker-6 countReadsInRegions_worker: processing 5000000 (7581872.5 per sec) @ chr4:140000000-145000000
ForkPoolWorker-6,  processing 52 (43129.1 per sec) reads @ chr1:65000000-70000000
ForkPoolWorker-6 countReadsInRegions_worker: processing 5000000 (8152562.0 per sec) @ chr1:65000000-70000000
ForkPoolWorker-6,  processing 87 (54544.8 per sec) reads @ chr18:20000000-25000000
ForkPoolWorker-6 countReadsInRegions_worker: processing 5000000 (8185761.6 per sec) @ chr18:20000000-25000000
ForkPoolWorker-19,  processing 951 (8027.7 per sec) reads @ chr19:15000000-20000000
ForkPoolWorker-19 countReadsInRegions_worker: processing 5000000 (6044207.4 per sec) @ chr19:15000000-20000000
ForkPoolWorker-19,  processing 5 (4504.2 per sec) reads @ chr18:65000000-70000000
ForkPoolWorker-19 countReadsInRegions_worker: processing 5000000 (6882782.0 per sec) @ chr18:65000000-70000000
ForkPoolWorker-19,  processing 25 (25389.2 per sec) reads @ chr13:55000000-60000000
ForkPoolWorker-19 countReadsInRegions_worker: processing 5000000 (7043599.0 per sec) @ chr13:55000000-60000000
ForkPoolWorker-19,  processing 76 (40705.8 per sec) reads @ chr21:25000000-30000000
ForkPoolWorker-19 countReadsInRegions_worker: processing 5000000 (7014301.5 per sec) @ chr21:25000000-30000000
ForkPoolWorker-19,  processing 1854 (93985.2 per sec) reads @ chr12:120000000-125000000
ForkPoolWorker-19 countReadsInRegions_worker: processing 5000000 (6848795.9 per sec) @ chr12:120000000-125000000
ForkPoolWorker-19,  processing 20 (27887.7 per sec) reads @ chr16:90000000-90338345
ForkPoolWorker-19 countReadsInRegions_worker: processing 338345 (5810334.0 per sec) @ chr16:90000000-90338345
ForkPoolWorker-19,  processing 73 (55168.3 per sec) reads @ chr14:85000000-90000000
ForkPoolWorker-19 countReadsInRegions_worker: processing 5000000 (7100176.0 per sec) @ chr14:85000000-90000000
ForkPoolWorker-19,  processing 0 (0.0 per sec) reads @ chrUn_KI270438v1:0-112505
ForkPoolWorker-19 countReadsInRegions_worker: processing 112505 (4646868.2 per sec) @ chrUn_KI270438v1:0-112505
ForkPoolWorker-19,  processing 40 (40593.3 per sec) reads @ chrX:140000000-145000000
ForkPoolWorker-19 countReadsInRegions_worker: processing 5000000 (7121751.0 per sec) @ chrX:140000000-145000000
ForkPoolWorker-19,  processing 602 (85202.3 per sec) reads @ chr10:130000000-133797422
ForkPoolWorker-19 countReadsInRegions_worker: processing 3797422 (6959084.6 per sec) @ chr10:130000000-133797422
ForkPoolWorker-19,  processing 214 (67962.5 per sec) reads @ chr12:0-5000000
ForkPoolWorker-19 countReadsInRegions_worker: processing 5000000 (7076244.8 per sec) @ chr12:0-5000000
ForkPoolWorker-19,  processing 56 (44409.3 per sec) reads @ chr12:75000000-80000000
ForkPoolWorker-19 countReadsInRegions_worker: processing 5000000 (7072965.7 per sec) @ chr12:75000000-80000000
ForkPoolWorker-19,  processing 243 (79951.0 per sec) reads @ chr8:40000000-45000000
ForkPoolWorker-19 countReadsInRegions_worker: processing 5000000 (7029746.7 per sec) @ chr8:40000000-45000000
ForkPoolWorker-19,  processing 33 (31013.2 per sec) reads @ chr2:160000000-165000000
ForkPoolWorker-19 countReadsInRegions_worker: processing 5000000 (7538947.5 per sec) @ chr2:160000000-165000000
ForkPoolWorker-19,  processing 118 (61588.8 per sec) reads @ chr14:70000000-75000000
ForkPoolWorker-19 countReadsInRegions_worker: processing 5000000 (8124761.3 per sec) @ chr14:70000000-75000000
ForkPoolWorker-19,  processing 338 (79684.9 per sec) reads @ chr12:5000000-10000000
ForkPoolWorker-19 countReadsInRegions_worker: processing 5000000 (8115140.7 per sec) @ chr12:5000000-10000000
ForkPoolWorker-10,  processing 0 (0.0 per sec) reads @ chrUn_KI270376v1:0-1136
ForkPoolWorker-10 countReadsInRegions_worker: processing 1136 (15616.8 per sec) @ chrUn_KI270376v1:0-1136
ForkPoolWorker-10,  processing 1 (88.9 per sec) reads @ chrUn_GL000216v2:0-176608
ForkPoolWorker-10 countReadsInRegions_worker: processing 176608 (3353817.6 per sec) @ chrUn_GL000216v2:0-176608
ForkPoolWorker-10,  processing 0 (0.0 per sec) reads @ chrUn_KI270335v1:0-1048
ForkPoolWorker-10 countReadsInRegions_worker: processing 1048 (124191.4 per sec) @ chrUn_KI270335v1:0-1048
ForkPoolWorker-10,  processing 0 (0.0 per sec) reads @ chrUn_KI270538v1:0-91309
ForkPoolWorker-10 countReadsInRegions_worker: processing 91309 (4831794.6 per sec) @ chrUn_KI270538v1:0-91309
ForkPoolWorker-10,  processing 876 (84348.3 per sec) reads @ chr6:30000000-35000000
ForkPoolWorker-10 countReadsInRegions_worker: processing 5000000 (7753910.1 per sec) @ chr6:30000000-35000000
ForkPoolWorker-10,  processing 86 (38206.8 per sec) reads @ chr1:175000000-180000000
ForkPoolWorker-10 countReadsInRegions_worker: processing 5000000 (7050435.4 per sec) @ chr1:175000000-180000000
ForkPoolWorker-10,  processing 0 (0.0 per sec) reads @ chrUn_KI270424v1:0-2140
ForkPoolWorker-10 countReadsInRegions_worker: processing 2140 (214891.7 per sec) @ chrUn_KI270424v1:0-2140
ForkPoolWorker-10,  processing 4226 (94559.7 per sec) reads @ chr16:0-5000000
ForkPoolWorker-10 countReadsInRegions_worker: processing 5000000 (6759243.7 per sec) @ chr16:0-5000000
ForkPoolWorker-10,  processing 173 (73659.0 per sec) reads @ chr8:135000000-140000000
ForkPoolWorker-10 countReadsInRegions_worker: processing 5000000 (7004363.6 per sec) @ chr8:135000000-140000000
ForkPoolWorker-10,  processing 43 (40915.4 per sec) reads @ chr10:50000000-55000000
ForkPoolWorker-10 countReadsInRegions_worker: processing 5000000 (7091328.8 per sec) @ chr10:50000000-55000000
ForkPoolWorker-10,  processing 20 (25938.8 per sec) reads @ chrX:30000000-35000000
ForkPoolWorker-10 countReadsInRegions_worker: processing 5000000 (7149102.4 per sec) @ chrX:30000000-35000000
ForkPoolWorker-10,  processing 117 (60606.8 per sec) reads @ chr10:115000000-120000000
ForkPoolWorker-10 countReadsInRegions_worker: processing 5000000 (7153194.1 per sec) @ chr10:115000000-120000000
ForkPoolWorker-10,  processing 69 (48656.2 per sec) reads @ chr5:30000000-35000000
ForkPoolWorker-10 countReadsInRegions_worker: processing 5000000 (7109811.7 per sec) @ chr5:30000000-35000000
ForkPoolWorker-10,  processing 0 (0.0 per sec) reads @ chr15:15000000-20000000
ForkPoolWorker-10 countReadsInRegions_worker: processing 5000000 (7125712.3 per sec) @ chr15:15000000-20000000
ForkPoolWorker-10,  processing 4 (7724.3 per sec) reads @ chrUn_KI270744v1:0-168472
ForkPoolWorker-10 countReadsInRegions_worker: processing 168472 (4393518.6 per sec) @ chrUn_KI270744v1:0-168472
ForkPoolWorker-10,  processing 0 (0.0 per sec) reads @ chrUn_KI270322v1:0-21476
ForkPoolWorker-10 countReadsInRegions_worker: processing 21476 (1807719.9 per sec) @ chrUn_KI270322v1:0-21476
ForkPoolWorker-10,  processing 119 (71130.4 per sec) reads @ chr12:15000000-20000000
ForkPoolWorker-10 countReadsInRegions_worker: processing 5000000 (7098899.8 per sec) @ chr12:15000000-20000000
ForkPoolWorker-10,  processing 637 (87927.7 per sec) reads @ chr16:10000000-15000000
ForkPoolWorker-10 countReadsInRegions_worker: processing 5000000 (7117671.0 per sec) @ chr16:10000000-15000000
ForkPoolWorker-10,  processing 189 (74343.4 per sec) reads @ chr1:115000000-120000000
ForkPoolWorker-10 countReadsInRegions_worker: processing 5000000 (8164133.5 per sec) @ chr1:115000000-120000000
ForkPoolWorker-10,  processing 213 (70301.1 per sec) reads @ chr2:130000000-135000000
ForkPoolWorker-10 countReadsInRegions_worker: processing 5000000 (8228630.3 per sec) @ chr2:130000000-135000000
ForkPoolWorker-51,  processing 1746 (14952.6 per sec) reads @ chr16:15000000-20000000
ForkPoolWorker-51 countReadsInRegions_worker: processing 5000000 (6130748.8 per sec) @ chr16:15000000-20000000
ForkPoolWorker-51,  processing 39 (26392.0 per sec) reads @ chrX:75000000-80000000
ForkPoolWorker-51 countReadsInRegions_worker: processing 5000000 (6919364.1 per sec) @ chrX:75000000-80000000
ForkPoolWorker-51,  processing 0 (0.0 per sec) reads @ chr22:0-5000000
ForkPoolWorker-51 countReadsInRegions_worker: processing 5000000 (7059078.6 per sec) @ chr22:0-5000000
ForkPoolWorker-51,  processing 139 (68621.5 per sec) reads @ chr12:30000000-35000000
ForkPoolWorker-51 countReadsInRegions_worker: processing 5000000 (6962519.7 per sec) @ chr12:30000000-35000000
ForkPoolWorker-51,  processing 117 (69283.3 per sec) reads @ chr5:40000000-45000000
ForkPoolWorker-51 countReadsInRegions_worker: processing 5000000 (7043111.7 per sec) @ chr5:40000000-45000000
ForkPoolWorker-51,  processing 66 (44024.2 per sec) reads @ chr8:25000000-30000000
ForkPoolWorker-51 countReadsInRegions_worker: processing 5000000 (7059420.7 per sec) @ chr8:25000000-30000000
ForkPoolWorker-51,  processing 271 (87617.1 per sec) reads @ chr12:20000000-25000000
ForkPoolWorker-51 countReadsInRegions_worker: processing 5000000 (7046538.4 per sec) @ chr12:20000000-25000000
ForkPoolWorker-51,  processing 75 (50283.4 per sec) reads @ chr16:5000000-10000000
ForkPoolWorker-51 countReadsInRegions_worker: processing 5000000 (7060930.0 per sec) @ chr16:5000000-10000000
ForkPoolWorker-51,  processing 68 (47338.2 per sec) reads @ chr13:30000000-35000000
ForkPoolWorker-51 countReadsInRegions_worker: processing 5000000 (7043092.7 per sec) @ chr13:30000000-35000000
ForkPoolWorker-51,  processing 0 (0.0 per sec) reads @ chrUn_KI270590v1:0-4685
ForkPoolWorker-51 countReadsInRegions_worker: processing 4685 (484881.7 per sec) @ chrUn_KI270590v1:0-4685
ForkPoolWorker-51,  processing 0 (0.0 per sec) reads @ chrUn_KI270379v1:0-1045
ForkPoolWorker-51 countReadsInRegions_worker: processing 1045 (119477.9 per sec) @ chrUn_KI270379v1:0-1045
ForkPoolWorker-51,  processing 466 (80305.1 per sec) reads @ chr1:155000000-160000000
ForkPoolWorker-51 countReadsInRegions_worker: processing 5000000 (7009940.6 per sec) @ chr1:155000000-160000000
ForkPoolWorker-51,  processing 926 (86956.8 per sec) reads @ chr11:0-5000000
ForkPoolWorker-51 countReadsInRegions_worker: processing 5000000 (6973899.5 per sec) @ chr11:0-5000000
ForkPoolWorker-51,  processing 298 (77202.1 per sec) reads @ chr12:50000000-55000000
ForkPoolWorker-51 countReadsInRegions_worker: processing 5000000 (7695852.0 per sec) @ chr12:50000000-55000000
ForkPoolWorker-51,  processing 204 (67474.0 per sec) reads @ chr10:70000000-75000000
ForkPoolWorker-51 countReadsInRegions_worker: processing 5000000 (8152318.0 per sec) @ chr10:70000000-75000000
ForkPoolWorker-51,  processing 326 (79886.8 per sec) reads @ chr7:150000000-155000000
ForkPoolWorker-51 countReadsInRegions_worker: processing 5000000 (8129161.0 per sec) @ chr7:150000000-155000000
ForkPoolWorker-33,  processing 80 (822.1 per sec) reads @ chr7:105000000-110000000
ForkPoolWorker-33 countReadsInRegions_worker: processing 5000000 (6177438.4 per sec) @ chr7:105000000-110000000
ForkPoolWorker-33,  processing 521 (78565.9 per sec) reads @ chr17:15000000-20000000
ForkPoolWorker-33 countReadsInRegions_worker: processing 5000000 (6794664.1 per sec) @ chr17:15000000-20000000
ForkPoolWorker-33,  processing 289 (69953.5 per sec) reads @ chrX:0-5000000
ForkPoolWorker-33 countReadsInRegions_worker: processing 5000000 (7008977.7 per sec) @ chrX:0-5000000
ForkPoolWorker-33,  processing 2876 (107422.7 per sec) reads @ chr1:120000000-125000000
ForkPoolWorker-33 countReadsInRegions_worker: processing 5000000 (6796273.7 per sec) @ chr1:120000000-125000000
ForkPoolWorker-33,  processing 94 (49283.1 per sec) reads @ chr21:35000000-40000000
ForkPoolWorker-33 countReadsInRegions_worker: processing 5000000 (7038188.0 per sec) @ chr21:35000000-40000000
ForkPoolWorker-33,  processing 0 (0.0 per sec) reads @ chrUn_KI270384v1:0-1658
ForkPoolWorker-33 countReadsInRegions_worker: processing 1658 (163762.1 per sec) @ chrUn_KI270384v1:0-1658
ForkPoolWorker-33,  processing 56 (34055.5 per sec) reads @ chr2:150000000-155000000
ForkPoolWorker-33 countReadsInRegions_worker: processing 5000000 (7054835.0 per sec) @ chr2:150000000-155000000
ForkPoolWorker-33,  processing 1564 (90279.5 per sec) reads @ chr16:85000000-90000000
ForkPoolWorker-33 countReadsInRegions_worker: processing 5000000 (6905565.9 per sec) @ chr16:85000000-90000000
ForkPoolWorker-33,  processing 64 (44553.6 per sec) reads @ chr3:100000000-105000000
ForkPoolWorker-33 countReadsInRegions_worker: processing 5000000 (7060235.9 per sec) @ chr3:100000000-105000000
ForkPoolWorker-33,  processing 57 (41643.5 per sec) reads @ chr13:70000000-75000000
ForkPoolWorker-33 countReadsInRegions_worker: processing 5000000 (7051367.0 per sec) @ chr13:70000000-75000000
ForkPoolWorker-33,  processing 201 (72019.1 per sec) reads @ chr17:50000000-55000000
ForkPoolWorker-33 countReadsInRegions_worker: processing 5000000 (7063053.6 per sec) @ chr17:50000000-55000000
ForkPoolWorker-33,  processing 0 (0.0 per sec) reads @ chrUn_KI270362v1:0-3530
ForkPoolWorker-33 countReadsInRegions_worker: processing 3530 (361066.5 per sec) @ chrUn_KI270362v1:0-3530
ForkPoolWorker-33,  processing 56 (44628.7 per sec) reads @ chr5:55000000-60000000
ForkPoolWorker-33 countReadsInRegions_worker: processing 5000000 (7091921.1 per sec) @ chr5:55000000-60000000
ForkPoolWorker-33,  processing 1443 (106447.3 per sec) reads @ chr15:80000000-85000000
ForkPoolWorker-33 countReadsInRegions_worker: processing 5000000 (7746420.4 per sec) @ chr15:80000000-85000000
ForkPoolWorker-33,  processing 1344 (89455.8 per sec) reads @ chr19:45000000-50000000
ForkPoolWorker-33 countReadsInRegions_worker: processing 5000000 (8027824.7 per sec) @ chr19:45000000-50000000
ForkPoolWorker-33,  processing 150 (72498.9 per sec) reads @ chr2:30000000-35000000
ForkPoolWorker-33 countReadsInRegions_worker: processing 5000000 (8221626.8 per sec) @ chr2:30000000-35000000
