# packages in environment at /work/pa-hilario/anaconda3/envs/deeptools:
#
# Name                    Version                   Build  Channel
_openmp_mutex             4.5                      20_gnu    conda-forge
alabaster                 1.0.0              pyhd8ed1ab_1    conda-forge
babel                     2.18.0             pyhcf101f3_0    conda-forge
backports.zstd            1.3.0           py312h90b7ffd_0    conda-forge
bedops                    2.4.42               hd6d6fdc_1    bioconda
brotli                    1.2.0                hed03a55_1    conda-forge
brotli-bin                1.2.0                hb03c661_1    conda-forge
brotli-python             1.2.0           py312hdb49522_1    conda-forge
bzip2                     1.0.8                hda65f42_8    conda-forge
c-ares                    1.34.6               hb03c661_0    conda-forge
ca-certificates           2026.1.4             hbd8a1cb_0    conda-forge
certifi                   2026.01.04      py312h06a4308_0  
charset-normalizer        3.4.4              pyhd8ed1ab_0    conda-forge
click                     8.3.1                    pypi_0    pypi
colorama                  0.4.6              pyhd8ed1ab_1    conda-forge
contourpy                 1.3.3           py312h0a2e395_4    conda-forge
cycler                    0.12.1             pyhcf101f3_2    conda-forge
cython                    3.2.4           py312h47b2149_0  
deeptools                 3.5.6              pyhdfd78af_0    bioconda
deeptoolsintervals        0.1.9           py312ha9c1134_11    bioconda
docutils                  0.22.4             pyhd8ed1ab_0    conda-forge
fonttools                 4.61.1          py312h8a5da7c_0    conda-forge
freetype                  2.14.1               ha770c72_0    conda-forge
gencode-utr-fix           1.0.0                    pypi_0    pypi
h2                        4.3.0              pyhcf101f3_0    conda-forge
hpack                     4.1.0              pyhd8ed1ab_0    conda-forge
htslib                    1.22.1               h566b1c6_0    bioconda
hyperframe                6.1.0              pyhd8ed1ab_0    conda-forge
icu                       78.2                 h33c6efd_0    conda-forge
idna                      3.11               pyhd8ed1ab_0    conda-forge
imagesize                 1.4.1              pyhd8ed1ab_0    conda-forge
importlib-metadata        8.7.0              pyhe01879c_1    conda-forge
jansson                   2.15.0               h280c20c_0    conda-forge
jinja2                    3.1.6              pyhcf101f3_1    conda-forge
keyutils                  1.6.3                hb9d3cd8_0    conda-forge
kiwisolver                1.4.9           py312h0a2e395_2    conda-forge
krb5                      1.22.2               ha1258a1_0    conda-forge
lcms2                     2.18                 h0c24ade_0    conda-forge
ld_impl_linux-64          2.45.1          default_hbd61a6d_101    conda-forge
lerc                      4.0.0                h0aef613_1    conda-forge
libblas                   3.11.0          5_h4a7cf45_openblas    conda-forge
libbrotlicommon           1.2.0                hb03c661_1    conda-forge
libbrotlidec              1.2.0                hb03c661_1    conda-forge
libbrotlienc              1.2.0                hb03c661_1    conda-forge
libcblas                  3.11.0          5_h0358290_openblas    conda-forge
libcurl                   8.18.0               hcf29cc6_1    conda-forge
libdeflate                1.25                 h17f619e_0    conda-forge
libedit                   3.1.20250104    pl5321h7949ede_0    conda-forge
libev                     4.33                 hd590300_2    conda-forge
libexpat                  2.7.3                hecca717_0    conda-forge
libffi                    3.5.2                h3435931_0    conda-forge
libfreetype               2.14.1               ha770c72_0    conda-forge
libfreetype6              2.14.1               h73754d4_0    conda-forge
libgcc                    15.2.0              he0feb66_17    conda-forge
libgcc-ng                 15.2.0              h69a702a_17    conda-forge
libgfortran               15.2.0              h69a702a_17    conda-forge
libgfortran5              15.2.0              h68bc16d_17    conda-forge
libgomp                   15.2.0              he0feb66_17    conda-forge
libiconv                  1.18                 h3b78370_2    conda-forge
libjpeg-turbo             3.1.2                hb03c661_0    conda-forge
liblapack                 3.11.0          5_h47877c9_openblas    conda-forge
liblzma                   5.8.2                hb03c661_0    conda-forge
libnghttp2                1.67.0               had1ee68_0    conda-forge
libnsl                    2.0.1                hb9d3cd8_1    conda-forge
libopenblas               0.3.30          pthreads_h94d23a6_4    conda-forge
libopenssl-static         3.6.1                hb03c661_1    conda-forge
libpng                    1.6.55               h421ea60_0    conda-forge
libsqlite                 3.51.2               hf4e2dac_0    conda-forge
libssh2                   1.11.1               hcf80075_0    conda-forge
libstdcxx                 15.2.0              h934c35e_17    conda-forge
libstdcxx-ng              15.2.0              hdf11a46_17    conda-forge
libtiff                   4.7.1                h9d88235_1    conda-forge
libuuid                   2.41.3               h5347b49_0    conda-forge
libwebp-base              1.6.0                hd42ef1d_0    conda-forge
libxcb                    1.17.0               h8a09558_0    conda-forge
libxcrypt                 4.4.36               hd590300_1    conda-forge
libzlib                   1.3.1                hb9d3cd8_2    conda-forge
markupsafe                3.0.3           py312h8a5da7c_0    conda-forge
matplotlib-base           3.10.8          py312he3d6523_0    conda-forge
munkres                   1.1.4              pyhd8ed1ab_1    conda-forge
mysql-connector-c         6.1.11            h659d440_1008    conda-forge
narwhals                  2.16.0             pyhcf101f3_0    conda-forge
natsort                   8.4.0                    pypi_0    pypi
ncls                      0.0.70                   pypi_0    pypi
ncurses                   6.5                  h2d0b736_3    conda-forge
numpy                     2.4.2           py312h33ff503_1    conda-forge
numpydoc                  1.10.0             pyhcf101f3_0    conda-forge
openjpeg                  2.5.4                h55fea9a_0    conda-forge
openssl                   3.6.1                h35e630c_1    conda-forge
packaging                 26.0               pyhcf101f3_0    conda-forge
pandas                    3.0.0                    pypi_0    pypi
pillow                    12.1.1          py312h50c33e8_0    conda-forge
pip                       26.0.1             pyh8b19718_0    conda-forge
plotly                    6.5.2              pyhd8ed1ab_0    conda-forge
pthread-stubs             0.4               hb9d3cd8_1002    conda-forge
py2bit                    0.3.3           py312h0fa9677_1    bioconda
pybigwig                  0.3.25          py312h83fe50f_0    bioconda
pygments                  2.19.2             pyhd8ed1ab_0    conda-forge
pyparsing                 3.3.2              pyhcf101f3_0    conda-forge
pyranges                  0.1.4                    pypi_0    pypi
pysam                     0.23.3          py312h8f9e533_2    bioconda
pysocks                   1.7.1              pyha55dd90_7    conda-forge
python                    3.12.12         hd63d673_2_cpython    conda-forge
python-dateutil           2.9.0.post0        pyhe01879c_2    conda-forge
python_abi                3.12                    8_cp312    conda-forge
pytz                      2025.2             pyhd8ed1ab_0    conda-forge
qhull                     2020.2               h434a139_5    conda-forge
readline                  8.3                  h853b02a_0    conda-forge
requests                  2.32.5             pyhcf101f3_1    conda-forge
roman-numerals            4.1.0              pyhd8ed1ab_0    conda-forge
samtools                  1.22.1               h96c455f_0    bioconda
scipy                     1.17.0          py312h54fa4ab_1    conda-forge
setuptools                82.0.0             pyh332efcf_0    conda-forge
six                       1.17.0             pyhe01879c_1    conda-forge
snowballstemmer           3.0.1              pyhd8ed1ab_0    conda-forge
sorted-nearest            0.0.41                   pypi_0    pypi
sphinx                    9.1.0              pyhd8ed1ab_0    conda-forge
sphinxcontrib-applehelp   2.0.0              pyhd8ed1ab_1    conda-forge
sphinxcontrib-devhelp     2.0.0              pyhd8ed1ab_1    conda-forge
sphinxcontrib-htmlhelp    2.1.0              pyhd8ed1ab_1    conda-forge
sphinxcontrib-jsmath      1.0.1              pyhd8ed1ab_1    conda-forge
sphinxcontrib-qthelp      2.0.0              pyhd8ed1ab_1    conda-forge
sphinxcontrib-serializinghtml 1.1.10             pyhd8ed1ab_1    conda-forge
tabulate                  0.9.0                    pypi_0    pypi
tk                        8.6.13          noxft_h366c992_103    conda-forge
tomli                     2.4.0              pyhcf101f3_0    conda-forge
tqdm                      4.67.3                   pypi_0    pypi
tzdata                    2025c                hc9c84f9_1    conda-forge
ucsc-bigwiginfo           482                  h0b57e2e_0    bioconda
unicodedata2              17.0.1          py312h4c3975b_0    conda-forge
urllib3                   2.6.3              pyhd8ed1ab_0    conda-forge
wheel                     0.46.3             pyhd8ed1ab_0    conda-forge
xorg-libxau               1.0.12               hb03c661_1    conda-forge
xorg-libxdmcp             1.1.5                hb03c661_1    conda-forge
zipp                      3.23.0             pyhcf101f3_1    conda-forge
zlib                      1.3.1                hb9d3cd8_2    conda-forge
zlib-ng                   2.3.3                hceb46e0_1    conda-forge
zstd                      1.5.7                hb78ec9c_6    conda-forge
Specified --scaleFactor: 1.0
normalization: CPM
bamFilesList: ['output/SNRNP70-Con-rep2_L2_R1.genome.Aligned.sort.dedup.bam']
binLength: 1
numberOfSamples: None
blackListFileName: None
skipZeroOverZero: False
bed_and_bin: False
genomeChunkSize: None
defaultFragmentLength: read length
numberOfProcessors: 52
verbose: True
region: None
bedFile: None
minMappingQuality: None
ignoreDuplicates: False
chrsToSkip: []
stepSize: 1
center_read: False
samFlag_include: None
samFlag_exclude: None
minFragmentLength: 0
maxFragmentLength: 0
zerosToNans: False
smoothLength: None
save_data: False
out_file_for_raw_data: None
maxPairedFragmentLength: 1000
Final scaling factor: 4.5572204600969775
ForkPoolWorker-24,  processing 37 (552.2 per sec) reads @ chr2:80000000-85000000
ForkPoolWorker-24 countReadsInRegions_worker: processing 5000000 (6206756.7 per sec) @ chr2:80000000-85000000
ForkPoolWorker-24,  processing 99 (56618.0 per sec) reads @ chr4:115000000-120000000
ForkPoolWorker-24 countReadsInRegions_worker: processing 5000000 (6638933.1 per sec) @ chr4:115000000-120000000
ForkPoolWorker-24,  processing 436 (74049.1 per sec) reads @ chr17:25000000-30000000
ForkPoolWorker-24 countReadsInRegions_worker: processing 5000000 (6832536.2 per sec) @ chr17:25000000-30000000
ForkPoolWorker-24,  processing 0 (0.0 per sec) reads @ chrUn_KI270752v1:0-27745
ForkPoolWorker-24 countReadsInRegions_worker: processing 27745 (1171877.6 per sec) @ chrUn_KI270752v1:0-27745
ForkPoolWorker-24,  processing 207 (69081.9 per sec) reads @ chr1:115000000-120000000
ForkPoolWorker-24 countReadsInRegions_worker: processing 5000000 (6966116.0 per sec) @ chr1:115000000-120000000
ForkPoolWorker-24,  processing 58 (46461.0 per sec) reads @ chr7:55000000-60000000
ForkPoolWorker-24 countReadsInRegions_worker: processing 5000000 (6918530.9 per sec) @ chr7:55000000-60000000
ForkPoolWorker-24,  processing 0 (0.0 per sec) reads @ chrUn_KI270412v1:0-1179
ForkPoolWorker-24 countReadsInRegions_worker: processing 1179 (126813.3 per sec) @ chrUn_KI270412v1:0-1179
ForkPoolWorker-24,  processing 36 (35353.5 per sec) reads @ chr8:105000000-110000000
ForkPoolWorker-24 countReadsInRegions_worker: processing 5000000 (6857967.3 per sec) @ chr8:105000000-110000000
ForkPoolWorker-24,  processing 0 (0.0 per sec) reads @ chr22_KI270736v1_random:0-181920
ForkPoolWorker-24 countReadsInRegions_worker: processing 181920 (5270220.4 per sec) @ chr22_KI270736v1_random:0-181920
ForkPoolWorker-24,  processing 39 (39255.5 per sec) reads @ chr1:100000000-105000000
ForkPoolWorker-24 countReadsInRegions_worker: processing 5000000 (7115784.8 per sec) @ chr1:100000000-105000000
ForkPoolWorker-24,  processing 29 (32366.9 per sec) reads @ chrX:55000000-60000000
ForkPoolWorker-24 countReadsInRegions_worker: processing 5000000 (7066585.5 per sec) @ chrX:55000000-60000000
ForkPoolWorker-24,  processing 1149 (88940.8 per sec) reads @ chr19:55000000-58617616
ForkPoolWorker-24 countReadsInRegions_worker: processing 3617616 (6825273.4 per sec) @ chr19:55000000-58617616
ForkPoolWorker-24,  processing 0 (0.0 per sec) reads @ chrUn_KI270512v1:0-22689
ForkPoolWorker-24 countReadsInRegions_worker: processing 22689 (1846314.0 per sec) @ chrUn_KI270512v1:0-22689
ForkPoolWorker-24,  processing 92 (53209.6 per sec) reads @ chr3:120000000-125000000
ForkPoolWorker-24 countReadsInRegions_worker: processing 5000000 (7082838.6 per sec) @ chr3:120000000-125000000
ForkPoolWorker-24,  processing 0 (0.0 per sec) reads @ chr1_KI270712v1_random:0-176043
ForkPoolWorker-24 countReadsInRegions_worker: processing 176043 (5453549.3 per sec) @ chr1_KI270712v1_random:0-176043
ForkPoolWorker-24,  processing 38 (37768.6 per sec) reads @ chr8:50000000-55000000
ForkPoolWorker-24 countReadsInRegions_worker: processing 5000000 (7079084.9 per sec) @ chr8:50000000-55000000
ForkPoolWorker-3,  processing 0 (0.0 per sec) reads @ chrUn_KI270338v1:0-1428
ForkPoolWorker-3 countReadsInRegions_worker: processing 1428 (23170.0 per sec) @ chrUn_KI270338v1:0-1428
ForkPoolWorker-3,  processing 28 (12812.6 per sec) reads @ chr7:80000000-85000000
ForkPoolWorker-3 countReadsInRegions_worker: processing 5000000 (6833130.6 per sec) @ chr7:80000000-85000000
ForkPoolWorker-3,  processing 13 (17686.0 per sec) reads @ chr5:25000000-30000000
ForkPoolWorker-3 countReadsInRegions_worker: processing 5000000 (7124923.1 per sec) @ chr5:25000000-30000000
ForkPoolWorker-3,  processing 85 (55862.7 per sec) reads @ chr3:85000000-90000000
ForkPoolWorker-3 countReadsInRegions_worker: processing 5000000 (7134810.6 per sec) @ chr3:85000000-90000000
ForkPoolWorker-3,  processing 0 (0.0 per sec) reads @ chrUn_KI270417v1:0-2043
ForkPoolWorker-3 countReadsInRegions_worker: processing 2043 (206356.7 per sec) @ chrUn_KI270417v1:0-2043
ForkPoolWorker-3,  processing 0 (0.0 per sec) reads @ chrUn_KI270747v1:0-198735
ForkPoolWorker-3 countReadsInRegions_worker: processing 198735 (5602563.5 per sec) @ chrUn_KI270747v1:0-198735
ForkPoolWorker-3,  processing 0 (0.0 per sec) reads @ chrUn_KI270438v1:0-112505
ForkPoolWorker-3 countReadsInRegions_worker: processing 112505 (4785123.5 per sec) @ chrUn_KI270438v1:0-112505
ForkPoolWorker-3,  processing 10 (14799.9 per sec) reads @ chr2:90000000-95000000
ForkPoolWorker-3 countReadsInRegions_worker: processing 5000000 (7207552.5 per sec) @ chr2:90000000-95000000
ForkPoolWorker-3,  processing 0 (0.0 per sec) reads @ chrUn_KI270388v1:0-1216
ForkPoolWorker-3 countReadsInRegions_worker: processing 1216 (124030.9 per sec) @ chrUn_KI270388v1:0-1216
ForkPoolWorker-3,  processing 117 (58379.0 per sec) reads @ chr7:30000000-35000000
ForkPoolWorker-3 countReadsInRegions_worker: processing 5000000 (7174192.3 per sec) @ chr7:30000000-35000000
ForkPoolWorker-3,  processing 629 (95921.2 per sec) reads @ chr14:45000000-50000000
ForkPoolWorker-3 countReadsInRegions_worker: processing 5000000 (7110773.5 per sec) @ chr14:45000000-50000000
ForkPoolWorker-3,  processing 769 (81456.2 per sec) reads @ chr16:65000000-70000000
ForkPoolWorker-3 countReadsInRegions_worker: processing 5000000 (7094121.0 per sec) @ chr16:65000000-70000000
ForkPoolWorker-3,  processing 31 (32352.2 per sec) reads @ chr12:40000000-45000000
ForkPoolWorker-3 countReadsInRegions_worker: processing 5000000 (7145397.4 per sec) @ chr12:40000000-45000000
ForkPoolWorker-3,  processing 48 (39914.1 per sec) reads @ chr3:160000000-165000000
ForkPoolWorker-3 countReadsInRegions_worker: processing 5000000 (7140957.1 per sec) @ chr3:160000000-165000000
ForkPoolWorker-3,  processing 39 (40691.0 per sec) reads @ chr8:30000000-35000000
ForkPoolWorker-3 countReadsInRegions_worker: processing 5000000 (7149494.7 per sec) @ chr8:30000000-35000000
ForkPoolWorker-3,  processing 28 (29257.7 per sec) reads @ chr5:95000000-100000000
ForkPoolWorker-3 countReadsInRegions_worker: processing 5000000 (7128141.6 per sec) @ chr5:95000000-100000000
ForkPoolWorker-23,  processing 244 (3416.4 per sec) reads @ chr16:20000000-25000000
ForkPoolWorker-23 countReadsInRegions_worker: processing 5000000 (6154960.5 per sec) @ chr16:20000000-25000000
ForkPoolWorker-23,  processing 29 (26146.8 per sec) reads @ chr5:160000000-165000000
ForkPoolWorker-23 countReadsInRegions_worker: processing 5000000 (7077352.9 per sec) @ chr5:160000000-165000000
ForkPoolWorker-23,  processing 177 (65150.7 per sec) reads @ chr3:40000000-45000000
ForkPoolWorker-23 countReadsInRegions_worker: processing 5000000 (7119915.9 per sec) @ chr3:40000000-45000000
ForkPoolWorker-23,  processing 14 (20034.2 per sec) reads @ chr12:80000000-85000000
ForkPoolWorker-23 countReadsInRegions_worker: processing 5000000 (7174459.8 per sec) @ chr12:80000000-85000000
ForkPoolWorker-23,  processing 0 (0.0 per sec) reads @ chr9:55000000-60000000
ForkPoolWorker-23 countReadsInRegions_worker: processing 5000000 (7167481.3 per sec) @ chr9:55000000-60000000
ForkPoolWorker-23,  processing 984 (82369.3 per sec) reads @ chr9:130000000-135000000
ForkPoolWorker-23 countReadsInRegions_worker: processing 5000000 (7041638.3 per sec) @ chr9:130000000-135000000
ForkPoolWorker-23,  processing 215 (69592.2 per sec) reads @ chr21:30000000-35000000
ForkPoolWorker-23 countReadsInRegions_worker: processing 5000000 (7110344.4 per sec) @ chr21:30000000-35000000
ForkPoolWorker-23,  processing 57 (46359.4 per sec) reads @ chr4:85000000-90000000
ForkPoolWorker-23 countReadsInRegions_worker: processing 5000000 (7123105.7 per sec) @ chr4:85000000-90000000
ForkPoolWorker-23,  processing 312 (85036.2 per sec) reads @ chrX:105000000-110000000
ForkPoolWorker-23 countReadsInRegions_worker: processing 5000000 (7091144.2 per sec) @ chrX:105000000-110000000
ForkPoolWorker-23,  processing 122 (62917.1 per sec) reads @ chr13:45000000-50000000
ForkPoolWorker-23 countReadsInRegions_worker: processing 5000000 (7090362.6 per sec) @ chr13:45000000-50000000
ForkPoolWorker-23,  processing 0 (0.0 per sec) reads @ chrUn_KI270750v1:0-148850
ForkPoolWorker-23 countReadsInRegions_worker: processing 148850 (4955134.3 per sec) @ chrUn_KI270750v1:0-148850
ForkPoolWorker-23,  processing 148 (62582.6 per sec) reads @ chr2:85000000-90000000
ForkPoolWorker-23 countReadsInRegions_worker: processing 5000000 (7098971.9 per sec) @ chr2:85000000-90000000
ForkPoolWorker-44,  processing 75 (1118.5 per sec) reads @ chr2:205000000-210000000
ForkPoolWorker-44 countReadsInRegions_worker: processing 5000000 (6268888.6 per sec) @ chr2:205000000-210000000
ForkPoolWorker-44,  processing 35 (30039.0 per sec) reads @ chr5:100000000-105000000
ForkPoolWorker-44 countReadsInRegions_worker: processing 5000000 (6831541.3 per sec) @ chr5:100000000-105000000
ForkPoolWorker-44,  processing 974 (84575.5 per sec) reads @ chr21:5000000-10000000
ForkPoolWorker-44 countReadsInRegions_worker: processing 5000000 (6850348.5 per sec) @ chr21:5000000-10000000
ForkPoolWorker-44,  processing 357 (78684.5 per sec) reads @ chr20:40000000-45000000
ForkPoolWorker-44 countReadsInRegions_worker: processing 5000000 (6928318.1 per sec) @ chr20:40000000-45000000
ForkPoolWorker-44,  processing 75 (45340.6 per sec) reads @ chr1:165000000-170000000
ForkPoolWorker-44 countReadsInRegions_worker: processing 5000000 (6944589.0 per sec) @ chr1:165000000-170000000
ForkPoolWorker-44,  processing 68 (52486.7 per sec) reads @ chr18:60000000-65000000
ForkPoolWorker-44 countReadsInRegions_worker: processing 5000000 (6992452.9 per sec) @ chr18:60000000-65000000
ForkPoolWorker-44,  processing 82 (55232.5 per sec) reads @ chr7:115000000-120000000
ForkPoolWorker-44 countReadsInRegions_worker: processing 5000000 (7006469.7 per sec) @ chr7:115000000-120000000
ForkPoolWorker-44,  processing 27 (28059.0 per sec) reads @ chr1:195000000-200000000
ForkPoolWorker-44 countReadsInRegions_worker: processing 5000000 (7021407.9 per sec) @ chr1:195000000-200000000
ForkPoolWorker-44,  processing 76 (52171.4 per sec) reads @ chr3:150000000-155000000
ForkPoolWorker-44 countReadsInRegions_worker: processing 5000000 (7002144.2 per sec) @ chr3:150000000-155000000
ForkPoolWorker-44,  processing 49 (42114.9 per sec) reads @ chr8:60000000-65000000
ForkPoolWorker-44 countReadsInRegions_worker: processing 5000000 (7054260.7 per sec) @ chr8:60000000-65000000
ForkPoolWorker-44,  processing 138 (68890.0 per sec) reads @ chr8:120000000-125000000
ForkPoolWorker-44 countReadsInRegions_worker: processing 5000000 (7040792.0 per sec) @ chr8:120000000-125000000
ForkPoolWorker-44,  processing 0 (0.0 per sec) reads @ chrUn_KI270376v1:0-1136
ForkPoolWorker-44 countReadsInRegions_worker: processing 1136 (123881.5 per sec) @ chrUn_KI270376v1:0-1136
ForkPoolWorker-42,  processing 115 (1880.1 per sec) reads @ chr15:100000000-101991189
ForkPoolWorker-42 countReadsInRegions_worker: processing 1991189 (5818620.4 per sec) @ chr15:100000000-101991189
ForkPoolWorker-42,  processing 618 (83352.0 per sec) reads @ chr6:40000000-45000000
ForkPoolWorker-42 countReadsInRegions_worker: processing 5000000 (7476384.4 per sec) @ chr6:40000000-45000000
ForkPoolWorker-42,  processing 0 (0.0 per sec) reads @ chrUn_KI270448v1:0-7992
ForkPoolWorker-42 countReadsInRegions_worker: processing 7992 (502283.3 per sec) @ chrUn_KI270448v1:0-7992
ForkPoolWorker-42,  processing 1256 (85857.5 per sec) reads @ chr19:35000000-40000000
ForkPoolWorker-42 countReadsInRegions_worker: processing 5000000 (7004478.3 per sec) @ chr19:35000000-40000000
ForkPoolWorker-42,  processing 112 (59246.1 per sec) reads @ chr10:15000000-20000000
ForkPoolWorker-42 countReadsInRegions_worker: processing 5000000 (7171650.6 per sec) @ chr10:15000000-20000000
ForkPoolWorker-42,  processing 0 (0.0 per sec) reads @ chr9_KI270717v1_random:0-40062
ForkPoolWorker-42 countReadsInRegions_worker: processing 40062 (2714531.4 per sec) @ chr9_KI270717v1_random:0-40062
ForkPoolWorker-42,  processing 3 (5949.4 per sec) reads @ chr16:35000000-40000000
ForkPoolWorker-42 countReadsInRegions_worker: processing 5000000 (7190042.3 per sec) @ chr16:35000000-40000000
ForkPoolWorker-42,  processing 0 (0.0 per sec) reads @ chrUn_KI270756v1:0-79590
ForkPoolWorker-42 countReadsInRegions_worker: processing 79590 (3980785.1 per sec) @ chrUn_KI270756v1:0-79590
ForkPoolWorker-42,  processing 64 (49119.0 per sec) reads @ chr7:130000000-135000000
ForkPoolWorker-42 countReadsInRegions_worker: processing 5000000 (7177146.0 per sec) @ chr7:130000000-135000000
ForkPoolWorker-42,  processing 0 (0.0 per sec) reads @ chr1_KI270706v1_random:0-175055
ForkPoolWorker-42 countReadsInRegions_worker: processing 175055 (5298420.3 per sec) @ chr1_KI270706v1_random:0-175055
ForkPoolWorker-42,  processing 196 (68053.3 per sec) reads @ chr3:195000000-198295559
ForkPoolWorker-42 countReadsInRegions_worker: processing 3295559 (7077706.3 per sec) @ chr3:195000000-198295559
ForkPoolWorker-42,  processing 41 (33732.1 per sec) reads @ chr5:55000000-60000000
ForkPoolWorker-42 countReadsInRegions_worker: processing 5000000 (7101132.8 per sec) @ chr5:55000000-60000000
ForkPoolWorker-42,  processing 183 (64209.3 per sec) reads @ chr3:5000000-10000000
ForkPoolWorker-42 countReadsInRegions_worker: processing 5000000 (7055067.6 per sec) @ chr3:5000000-10000000
ForkPoolWorker-42,  processing 129 (56549.5 per sec) reads @ chr15:60000000-65000000
ForkPoolWorker-42 countReadsInRegions_worker: processing 5000000 (7060195.5 per sec) @ chr15:60000000-65000000
ForkPoolWorker-42,  processing 246 (81436.4 per sec) reads @ chr4:20000000-25000000
ForkPoolWorker-42 countReadsInRegions_worker: processing 5000000 (7052844.4 per sec) @ chr4:20000000-25000000
ForkPoolWorker-42,  processing 240 (72305.2 per sec) reads @ chr7:155000000-159345973
ForkPoolWorker-42 countReadsInRegions_worker: processing 4345973 (7011530.6 per sec) @ chr7:155000000-159345973
ForkPoolWorker-15,  processing 130 (1762.1 per sec) reads @ chr3:30000000-35000000
ForkPoolWorker-15 countReadsInRegions_worker: processing 5000000 (6184083.6 per sec) @ chr3:30000000-35000000
ForkPoolWorker-15,  processing 0 (0.0 per sec) reads @ chrUn_KI270333v1:0-2699
ForkPoolWorker-15 countReadsInRegions_worker: processing 2699 (285436.9 per sec) @ chrUn_KI270333v1:0-2699
ForkPoolWorker-15,  processing 0 (0.0 per sec) reads @ chrUn_KI270387v1:0-1537
ForkPoolWorker-15 countReadsInRegions_worker: processing 1537 (167798.4 per sec) @ chrUn_KI270387v1:0-1537
ForkPoolWorker-15,  processing 0 (0.0 per sec) reads @ chr11:135000000-135086622
ForkPoolWorker-15 countReadsInRegions_worker: processing 86622 (4273687.6 per sec) @ chr11:135000000-135086622
ForkPoolWorker-15,  processing 224 (65682.6 per sec) reads @ chr4:5000000-10000000
ForkPoolWorker-15 countReadsInRegions_worker: processing 5000000 (6966856.5 per sec) @ chr4:5000000-10000000
ForkPoolWorker-15,  processing 34 (36093.7 per sec) reads @ chr2:210000000-215000000
ForkPoolWorker-15 countReadsInRegions_worker: processing 5000000 (6984223.2 per sec) @ chr2:210000000-215000000
ForkPoolWorker-15,  processing 130 (59344.7 per sec) reads @ chr1:90000000-95000000
ForkPoolWorker-15 countReadsInRegions_worker: processing 5000000 (6972197.7 per sec) @ chr1:90000000-95000000
ForkPoolWorker-15,  processing 282 (69404.6 per sec) reads @ chr1:50000000-55000000
ForkPoolWorker-15 countReadsInRegions_worker: processing 5000000 (6915601.5 per sec) @ chr1:50000000-55000000
ForkPoolWorker-15,  processing 0 (0.0 per sec) reads @ chrUn_KI270749v1:0-158759
ForkPoolWorker-15 countReadsInRegions_worker: processing 158759 (5146368.8 per sec) @ chrUn_KI270749v1:0-158759
ForkPoolWorker-15,  processing 62 (46247.0 per sec) reads @ chr3:70000000-75000000
ForkPoolWorker-15 countReadsInRegions_worker: processing 5000000 (7099284.3 per sec) @ chr3:70000000-75000000
ForkPoolWorker-15,  processing 131 (58897.4 per sec) reads @ chr2:35000000-40000000
ForkPoolWorker-15 countReadsInRegions_worker: processing 5000000 (7082532.4 per sec) @ chr2:35000000-40000000
ForkPoolWorker-15,  processing 0 (0.0 per sec) reads @ chr22:0-5000000
ForkPoolWorker-15 countReadsInRegions_worker: processing 5000000 (7067712.0 per sec) @ chr22:0-5000000
ForkPoolWorker-15,  processing 0 (0.0 per sec) reads @ chrUn_KI270414v1:0-2489
ForkPoolWorker-15 countReadsInRegions_worker: processing 2489 (253881.9 per sec) @ chrUn_KI270414v1:0-2489
ForkPoolWorker-15,  processing 0 (0.0 per sec) reads @ chr1_KI270707v1_random:0-32032
ForkPoolWorker-15 countReadsInRegions_worker: processing 32032 (2461875.8 per sec) @ chr1_KI270707v1_random:0-32032
ForkPoolWorker-15,  processing 22 (26523.3 per sec) reads @ chr11:95000000-100000000
ForkPoolWorker-15 countReadsInRegions_worker: processing 5000000 (7103858.2 per sec) @ chr11:95000000-100000000
ForkPoolWorker-15,  processing 0 (0.0 per sec) reads @ chr13:10000000-15000000
ForkPoolWorker-15 countReadsInRegions_worker: processing 5000000 (7090324.3 per sec) @ chr13:10000000-15000000
ForkPoolWorker-15,  processing 0 (0.0 per sec) reads @ chrUn_KI270329v1:0-1040
ForkPoolWorker-15 countReadsInRegions_worker: processing 1040 (107772.1 per sec) @ chrUn_KI270329v1:0-1040
ForkPoolWorker-15,  processing 0 (0.0 per sec) reads @ chrUn_KI270317v1:0-37690
ForkPoolWorker-15 countReadsInRegions_worker: processing 37690 (2791807.7 per sec) @ chrUn_KI270317v1:0-37690
ForkPoolWorker-15,  processing 6124 (104619.3 per sec) reads @ chr22_KI270733v1_random:0-179772
ForkPoolWorker-15 countReadsInRegions_worker: processing 179772 (1970805.7 per sec) @ chr22_KI270733v1_random:0-179772
ForkPoolWorker-15,  processing 75 (53911.4 per sec) reads @ chr1:55000000-60000000
ForkPoolWorker-15 countReadsInRegions_worker: processing 5000000 (7022007.4 per sec) @ chr1:55000000-60000000
ForkPoolWorker-35,  processing 0 (0.0 per sec) reads @ chrUn_KI270539v1:0-993
ForkPoolWorker-35 countReadsInRegions_worker: processing 993 (17541.7 per sec) @ chrUn_KI270539v1:0-993
ForkPoolWorker-35,  processing 0 (0.0 per sec) reads @ chr2_KI270716v1_random:0-153799
ForkPoolWorker-35 countReadsInRegions_worker: processing 153799 (3060992.9 per sec) @ chr2_KI270716v1_random:0-153799
ForkPoolWorker-35,  processing 100 (45585.3 per sec) reads @ chr8:70000000-75000000
ForkPoolWorker-35 countReadsInRegions_worker: processing 5000000 (7378482.0 per sec) @ chr8:70000000-75000000
ForkPoolWorker-35,  processing 2113 (92947.7 per sec) reads @ chr17:75000000-80000000
ForkPoolWorker-35 countReadsInRegions_worker: processing 5000000 (6600768.7 per sec) @ chr17:75000000-80000000
ForkPoolWorker-35,  processing 1517 (97667.7 per sec) reads @ chr1:5000000-10000000
ForkPoolWorker-35 countReadsInRegions_worker: processing 5000000 (6808764.8 per sec) @ chr1:5000000-10000000
ForkPoolWorker-35,  processing 0 (0.0 per sec) reads @ chrUn_KI270517v1:0-3253
ForkPoolWorker-35 countReadsInRegions_worker: processing 3253 (330901.7 per sec) @ chrUn_KI270517v1:0-3253
ForkPoolWorker-35,  processing 453 (73618.5 per sec) reads @ chr17:45000000-50000000
ForkPoolWorker-35 countReadsInRegions_worker: processing 5000000 (6945069.7 per sec) @ chr17:45000000-50000000
ForkPoolWorker-35,  processing 188 (63698.9 per sec) reads @ chr7:75000000-80000000
ForkPoolWorker-35 countReadsInRegions_worker: processing 5000000 (6920245.4 per sec) @ chr7:75000000-80000000
ForkPoolWorker-35,  processing 0 (0.0 per sec) reads @ chrUn_KI270392v1:0-971
ForkPoolWorker-35 countReadsInRegions_worker: processing 971 (100512.6 per sec) @ chrUn_KI270392v1:0-971
ForkPoolWorker-35,  processing 341 (72206.1 per sec) reads @ chr11:45000000-50000000
ForkPoolWorker-35 countReadsInRegions_worker: processing 5000000 (6932048.7 per sec) @ chr11:45000000-50000000
ForkPoolWorker-35,  processing 45 (44233.3 per sec) reads @ chr9:115000000-120000000
ForkPoolWorker-35 countReadsInRegions_worker: processing 5000000 (6975766.9 per sec) @ chr9:115000000-120000000
ForkPoolWorker-35,  processing 30 (33078.1 per sec) reads @ chr4:120000000-125000000
ForkPoolWorker-35 countReadsInRegions_worker: processing 5000000 (6982232.7 per sec) @ chr4:120000000-125000000
ForkPoolWorker-35,  processing 44 (37327.9 per sec) reads @ chr4:50000000-55000000
ForkPoolWorker-35 countReadsInRegions_worker: processing 5000000 (7015484.1 per sec) @ chr4:50000000-55000000
ForkPoolWorker-35,  processing 0 (0.0 per sec) reads @ chrUn_KI270390v1:0-2387
ForkPoolWorker-35 countReadsInRegions_worker: processing 2387 (247321.1 per sec) @ chrUn_KI270390v1:0-2387
ForkPoolWorker-35,  processing 215 (74811.3 per sec) reads @ chr1:60000000-65000000
ForkPoolWorker-35 countReadsInRegions_worker: processing 5000000 (7028585.2 per sec) @ chr1:60000000-65000000
ForkPoolWorker-35,  processing 72 (45181.0 per sec) reads @ chr11:40000000-45000000
ForkPoolWorker-35 countReadsInRegions_worker: processing 5000000 (7059682.1 per sec) @ chr11:40000000-45000000
ForkPoolWorker-43,  processing 0 (0.0 per sec) reads @ chr4_GL000008v2_random:0-209709
ForkPoolWorker-43 countReadsInRegions_worker: processing 209709 (2647553.0 per sec) @ chr4_GL000008v2_random:0-209709
ForkPoolWorker-43,  processing 47 (30417.0 per sec) reads @ chr15:45000000-50000000
ForkPoolWorker-43 countReadsInRegions_worker: processing 5000000 (7304917.6 per sec) @ chr15:45000000-50000000
ForkPoolWorker-43,  processing 391 (72042.4 per sec) reads @ chr17:60000000-65000000
ForkPoolWorker-43 countReadsInRegions_worker: processing 5000000 (6933955.6 per sec) @ chr17:60000000-65000000
ForkPoolWorker-43,  processing 81 (51335.5 per sec) reads @ chr13:30000000-35000000
ForkPoolWorker-43 countReadsInRegions_worker: processing 5000000 (7000624.9 per sec) @ chr13:30000000-35000000
ForkPoolWorker-43,  processing 723 (76358.0 per sec) reads @ chr12:55000000-60000000
ForkPoolWorker-43 countReadsInRegions_worker: processing 5000000 (6866560.7 per sec) @ chr12:55000000-60000000
ForkPoolWorker-43,  processing 0 (0.0 per sec) reads @ chrUn_KI270584v1:0-4513
ForkPoolWorker-43 countReadsInRegions_worker: processing 4513 (450666.5 per sec) @ chrUn_KI270584v1:0-4513
ForkPoolWorker-43,  processing 19 (22562.8 per sec) reads @ chr11:35000000-40000000
ForkPoolWorker-43 countReadsInRegions_worker: processing 5000000 (6907346.8 per sec) @ chr11:35000000-40000000
ForkPoolWorker-43,  processing 740 (78108.2 per sec) reads @ chr21:40000000-45000000
ForkPoolWorker-43 countReadsInRegions_worker: processing 5000000 (6832478.3 per sec) @ chr21:40000000-45000000
ForkPoolWorker-43,  processing 197 (63800.3 per sec) reads @ chr12:105000000-110000000
ForkPoolWorker-43 countReadsInRegions_worker: processing 5000000 (6890896.5 per sec) @ chr12:105000000-110000000
ForkPoolWorker-43,  processing 58 (45377.7 per sec) reads @ chr8:115000000-120000000
ForkPoolWorker-43 countReadsInRegions_worker: processing 5000000 (6871411.4 per sec) @ chr8:115000000-120000000
ForkPoolWorker-43,  processing 250 (75983.8 per sec) reads @ chr1:240000000-245000000
ForkPoolWorker-43 countReadsInRegions_worker: processing 5000000 (6844980.1 per sec) @ chr1:240000000-245000000
ForkPoolWorker-43,  processing 91 (55332.2 per sec) reads @ chr3:110000000-115000000
ForkPoolWorker-43 countReadsInRegions_worker: processing 5000000 (6914272.2 per sec) @ chr3:110000000-115000000
ForkPoolWorker-49,  processing 19 (297.6 per sec) reads @ chr2:160000000-165000000
ForkPoolWorker-49 countReadsInRegions_worker: processing 5000000 (6183119.1 per sec) @ chr2:160000000-165000000
ForkPoolWorker-49,  processing 413 (70137.2 per sec) reads @ chr11:115000000-120000000
ForkPoolWorker-49 countReadsInRegions_worker: processing 5000000 (6645922.2 per sec) @ chr11:115000000-120000000
ForkPoolWorker-49,  processing 72 (40126.2 per sec) reads @ chr17:20000000-25000000
ForkPoolWorker-49 countReadsInRegions_worker: processing 5000000 (6881280.1 per sec) @ chr17:20000000-25000000
ForkPoolWorker-49,  processing 29 (24567.7 per sec) reads @ chr14:15000000-20000000
ForkPoolWorker-49 countReadsInRegions_worker: processing 5000000 (6919473.7 per sec) @ chr14:15000000-20000000
ForkPoolWorker-49,  processing 67 (44826.7 per sec) reads @ chr11:25000000-30000000
ForkPoolWorker-49 countReadsInRegions_worker: processing 5000000 (6927299.7 per sec) @ chr11:25000000-30000000
ForkPoolWorker-49,  processing 415 (84554.4 per sec) reads @ chr5:180000000-181538259
ForkPoolWorker-49 countReadsInRegions_worker: processing 1538259 (6613724.0 per sec) @ chr5:180000000-181538259
ForkPoolWorker-49,  processing 59 (44064.1 per sec) reads @ chr3:155000000-160000000
ForkPoolWorker-49 countReadsInRegions_worker: processing 5000000 (7001522.4 per sec) @ chr3:155000000-160000000
ForkPoolWorker-49,  processing 0 (0.0 per sec) reads @ chr1:130000000-135000000
ForkPoolWorker-49 countReadsInRegions_worker: processing 5000000 (7016056.8 per sec) @ chr1:130000000-135000000
ForkPoolWorker-49,  processing 46 (39095.8 per sec) reads @ chr9:15000000-20000000
ForkPoolWorker-49 countReadsInRegions_worker: processing 5000000 (6986254.4 per sec) @ chr9:15000000-20000000
ForkPoolWorker-49,  processing 179 (64500.0 per sec) reads @ chr1:160000000-165000000
ForkPoolWorker-49 countReadsInRegions_worker: processing 5000000 (6961673.7 per sec) @ chr1:160000000-165000000
ForkPoolWorker-49,  processing 0 (0.0 per sec) reads @ chrUn_KI270515v1:0-6361
ForkPoolWorker-49 countReadsInRegions_worker: processing 6361 (605839.7 per sec) @ chrUn_KI270515v1:0-6361
ForkPoolWorker-49,  processing 100 (49315.7 per sec) reads @ chr10:110000000-115000000
ForkPoolWorker-49 countReadsInRegions_worker: processing 5000000 (6977393.8 per sec) @ chr10:110000000-115000000
ForkPoolWorker-36,  processing 187 (3036.4 per sec) reads @ chr7:65000000-70000000
ForkPoolWorker-36 countReadsInRegions_worker: processing 5000000 (6142820.0 per sec) @ chr7:65000000-70000000
ForkPoolWorker-36,  processing 26 (20038.9 per sec) reads @ chr5:110000000-115000000
ForkPoolWorker-36 countReadsInRegions_worker: processing 5000000 (6870078.8 per sec) @ chr5:110000000-115000000
ForkPoolWorker-36,  processing 26 (27573.2 per sec) reads @ chr12:85000000-90000000
ForkPoolWorker-36 countReadsInRegions_worker: processing 5000000 (6934437.1 per sec) @ chr12:85000000-90000000
ForkPoolWorker-36,  processing 34 (31613.0 per sec) reads @ chr3:145000000-150000000
ForkPoolWorker-36 countReadsInRegions_worker: processing 5000000 (6863295.5 per sec) @ chr3:145000000-150000000
ForkPoolWorker-36,  processing 3 (5210.3 per sec) reads @ chrY:15000000-20000000
ForkPoolWorker-36 countReadsInRegions_worker: processing 5000000 (6852609.3 per sec) @ chrY:15000000-20000000
ForkPoolWorker-36,  processing 179 (60158.7 per sec) reads @ chr14:75000000-80000000
ForkPoolWorker-36 countReadsInRegions_worker: processing 5000000 (6851409.4 per sec) @ chr14:75000000-80000000
ForkPoolWorker-36,  processing 0 (0.0 per sec) reads @ chrUn_KI270383v1:0-1750
ForkPoolWorker-36 countReadsInRegions_worker: processing 1750 (179397.1 per sec) @ chrUn_KI270383v1:0-1750
ForkPoolWorker-36,  processing 26 (27566.2 per sec) reads @ chrX:125000000-130000000
ForkPoolWorker-36 countReadsInRegions_worker: processing 5000000 (6862141.2 per sec) @ chrX:125000000-130000000
ForkPoolWorker-36,  processing 43 (35253.1 per sec) reads @ chr8:25000000-30000000
ForkPoolWorker-36 countReadsInRegions_worker: processing 5000000 (6800571.2 per sec) @ chr8:25000000-30000000
ForkPoolWorker-36,  processing 93 (54153.9 per sec) reads @ chr18:50000000-55000000
ForkPoolWorker-36 countReadsInRegions_worker: processing 5000000 (6878747.7 per sec) @ chr18:50000000-55000000
ForkPoolWorker-36,  processing 0 (0.0 per sec) reads @ chrUn_KI270364v1:0-2855
ForkPoolWorker-36 countReadsInRegions_worker: processing 2855 (270860.4 per sec) @ chrUn_KI270364v1:0-2855
ForkPoolWorker-36,  processing 26 (27650.1 per sec) reads @ chr1:95000000-100000000
ForkPoolWorker-36 countReadsInRegions_worker: processing 5000000 (6897462.2 per sec) @ chr1:95000000-100000000
ForkPoolWorker-29,  processing 6 (85.3 per sec) reads @ chr22:10000000-15000000
ForkPoolWorker-29 countReadsInRegions_worker: processing 5000000 (6172745.5 per sec) @ chr22:10000000-15000000
ForkPoolWorker-29,  processing 85 (50641.5 per sec) reads @ chrX:145000000-150000000
ForkPoolWorker-29 countReadsInRegions_worker: processing 5000000 (6868832.2 per sec) @ chrX:145000000-150000000
ForkPoolWorker-29,  processing 367 (83658.1 per sec) reads @ chr4:135000000-140000000
ForkPoolWorker-29 countReadsInRegions_worker: processing 5000000 (6934237.6 per sec) @ chr4:135000000-140000000
ForkPoolWorker-29,  processing 0 (0.0 per sec) reads @ chrUn_KI270334v1:0-1368
ForkPoolWorker-29 countReadsInRegions_worker: processing 1368 (135236.4 per sec) @ chrUn_KI270334v1:0-1368
ForkPoolWorker-29,  processing 224 (68081.5 per sec) reads @ chr17:55000000-60000000
ForkPoolWorker-29 countReadsInRegions_worker: processing 5000000 (6978833.4 per sec) @ chr17:55000000-60000000
ForkPoolWorker-29,  processing 98 (56539.4 per sec) reads @ chr14:35000000-40000000
ForkPoolWorker-29 countReadsInRegions_worker: processing 5000000 (6961509.7 per sec) @ chr14:35000000-40000000
ForkPoolWorker-29,  processing 12 (18098.4 per sec) reads @ chr4:90000000-95000000
ForkPoolWorker-29 countReadsInRegions_worker: processing 5000000 (7012999.7 per sec) @ chr4:90000000-95000000
ForkPoolWorker-29,  processing 181 (60617.1 per sec) reads @ chr9:30000000-35000000
ForkPoolWorker-29 countReadsInRegions_worker: processing 5000000 (6993243.4 per sec) @ chr9:30000000-35000000
ForkPoolWorker-29,  processing 142 (60836.7 per sec) reads @ chr20:25000000-30000000
ForkPoolWorker-29 countReadsInRegions_worker: processing 5000000 (6982793.0 per sec) @ chr20:25000000-30000000
ForkPoolWorker-29,  processing 120 (60306.3 per sec) reads @ chr11:130000000-135000000
ForkPoolWorker-29 countReadsInRegions_worker: processing 5000000 (6999225.4 per sec) @ chr11:130000000-135000000
ForkPoolWorker-29,  processing 115 (60618.9 per sec) reads @ chr2:40000000-45000000
ForkPoolWorker-29 countReadsInRegions_worker: processing 5000000 (6931922.7 per sec) @ chr2:40000000-45000000
ForkPoolWorker-29,  processing 0 (0.0 per sec) reads @ chr15:0-5000000
ForkPoolWorker-29 countReadsInRegions_worker: processing 5000000 (6973222.4 per sec) @ chr15:0-5000000
ForkPoolWorker-12,  processing 93 (1249.0 per sec) reads @ chr2:105000000-110000000
ForkPoolWorker-12 countReadsInRegions_worker: processing 5000000 (6184399.1 per sec) @ chr2:105000000-110000000
ForkPoolWorker-12,  processing 0 (0.0 per sec) reads @ chrUn_GL000214v1:0-137718
ForkPoolWorker-12 countReadsInRegions_worker: processing 137718 (3842600.0 per sec) @ chrUn_GL000214v1:0-137718
ForkPoolWorker-12,  processing 0 (0.0 per sec) reads @ chrUn_KI270465v1:0-1774
ForkPoolWorker-12 countReadsInRegions_worker: processing 1774 (176671.5 per sec) @ chrUn_KI270465v1:0-1774
ForkPoolWorker-12,  processing 0 (0.0 per sec) reads @ chrUn_KI270382v1:0-4215
ForkPoolWorker-12 countReadsInRegions_worker: processing 4215 (436066.1 per sec) @ chrUn_KI270382v1:0-4215
ForkPoolWorker-12,  processing 0 (0.0 per sec) reads @ chrUn_KI270330v1:0-1652
ForkPoolWorker-12 countReadsInRegions_worker: processing 1652 (164972.0 per sec) @ chrUn_KI270330v1:0-1652
ForkPoolWorker-12,  processing 83 (42238.2 per sec) reads @ chr3:15000000-20000000
ForkPoolWorker-12 countReadsInRegions_worker: processing 5000000 (7046571.5 per sec) @ chr3:15000000-20000000
ForkPoolWorker-12,  processing 103 (51993.4 per sec) reads @ chr13:90000000-95000000
ForkPoolWorker-12 countReadsInRegions_worker: processing 5000000 (7028045.8 per sec) @ chr13:90000000-95000000
ForkPoolWorker-12,  processing 25 (21772.8 per sec) reads @ chr3:115000000-120000000
ForkPoolWorker-12 countReadsInRegions_worker: processing 5000000 (7030036.6 per sec) @ chr3:115000000-120000000
ForkPoolWorker-12,  processing 257 (68051.5 per sec) reads @ chr6:155000000-160000000
ForkPoolWorker-12 countReadsInRegions_worker: processing 5000000 (6948859.8 per sec) @ chr6:155000000-160000000
ForkPoolWorker-12,  processing 856 (77518.0 per sec) reads @ chr22:20000000-25000000
ForkPoolWorker-12 countReadsInRegions_worker: processing 5000000 (6855131.5 per sec) @ chr22:20000000-25000000
ForkPoolWorker-12,  processing 177 (63834.2 per sec) reads @ chr2:175000000-180000000
ForkPoolWorker-12 countReadsInRegions_worker: processing 5000000 (6923585.6 per sec) @ chr2:175000000-180000000
ForkPoolWorker-12,  processing 0 (0.0 per sec) reads @ chrUn_KI270743v1:0-210658
ForkPoolWorker-12 countReadsInRegions_worker: processing 210658 (5402407.2 per sec) @ chrUn_KI270743v1:0-210658
ForkPoolWorker-12,  processing 10 (15290.9 per sec) reads @ chr4:60000000-65000000
ForkPoolWorker-12 countReadsInRegions_worker: processing 5000000 (6966081.3 per sec) @ chr4:60000000-65000000
ForkPoolWorker-12,  processing 51 (41010.3 per sec) reads @ chr4:180000000-185000000
ForkPoolWorker-12 countReadsInRegions_worker: processing 5000000 (6971736.4 per sec) @ chr4:180000000-185000000
ForkPoolWorker-12,  processing 601 (79519.8 per sec) reads @ chr12:5000000-10000000
ForkPoolWorker-12 countReadsInRegions_worker: processing 5000000 (6887877.3 per sec) @ chr12:5000000-10000000
ForkPoolWorker-12,  processing 655 (78867.5 per sec) reads @ chr11:70000000-75000000
ForkPoolWorker-12 countReadsInRegions_worker: processing 5000000 (6957601.8 per sec) @ chr11:70000000-75000000
ForkPoolWorker-31,  processing 32 (477.5 per sec) reads @ chr5:85000000-90000000
ForkPoolWorker-31 countReadsInRegions_worker: processing 5000000 (6187303.9 per sec) @ chr5:85000000-90000000
ForkPoolWorker-31,  processing 218 (60469.4 per sec) reads @ chr16:10000000-15000000
ForkPoolWorker-31 countReadsInRegions_worker: processing 5000000 (6901048.4 per sec) @ chr16:10000000-15000000
ForkPoolWorker-31,  processing 32 (31286.2 per sec) reads @ chr19:20000000-25000000
ForkPoolWorker-31 countReadsInRegions_worker: processing 5000000 (6927171.5 per sec) @ chr19:20000000-25000000
ForkPoolWorker-31,  processing 67 (50707.0 per sec) reads @ chr3:190000000-195000000
ForkPoolWorker-31 countReadsInRegions_worker: processing 5000000 (6937944.8 per sec) @ chr3:190000000-195000000
ForkPoolWorker-31,  processing 3143 (99803.1 per sec) reads @ chr1:25000000-30000000
ForkPoolWorker-31 countReadsInRegions_worker: processing 5000000 (6670693.6 per sec) @ chr1:25000000-30000000
ForkPoolWorker-31,  processing 286 (65158.7 per sec) reads @ chr9:90000000-95000000
ForkPoolWorker-31 countReadsInRegions_worker: processing 5000000 (6929854.3 per sec) @ chr9:90000000-95000000
ForkPoolWorker-31,  processing 579 (79458.9 per sec) reads @ chr7:150000000-155000000
ForkPoolWorker-31 countReadsInRegions_worker: processing 5000000 (6880641.2 per sec) @ chr7:150000000-155000000
ForkPoolWorker-31,  processing 0 (0.0 per sec) reads @ chrUn_KI270316v1:0-1444
ForkPoolWorker-31 countReadsInRegions_worker: processing 1444 (139945.8 per sec) @ chrUn_KI270316v1:0-1444
ForkPoolWorker-31,  processing 45 (39861.4 per sec) reads @ chr2:225000000-230000000
ForkPoolWorker-31 countReadsInRegions_worker: processing 5000000 (6957784.2 per sec) @ chr2:225000000-230000000
ForkPoolWorker-31,  processing 109 (55469.4 per sec) reads @ chr3:130000000-135000000
ForkPoolWorker-31 countReadsInRegions_worker: processing 5000000 (6972568.6 per sec) @ chr3:130000000-135000000
ForkPoolWorker-31,  processing 44 (37747.9 per sec) reads @ chr3:95000000-100000000
ForkPoolWorker-31 countReadsInRegions_worker: processing 5000000 (6981168.2 per sec) @ chr3:95000000-100000000
ForkPoolWorker-31,  processing 50 (39703.7 per sec) reads @ chr10:60000000-65000000
ForkPoolWorker-31 countReadsInRegions_worker: processing 5000000 (7074733.7 per sec) @ chr10:60000000-65000000
ForkPoolWorker-22,  processing 320 (4488.3 per sec) reads @ chr2:95000000-100000000
ForkPoolWorker-22 countReadsInRegions_worker: processing 5000000 (6119612.4 per sec) @ chr2:95000000-100000000
ForkPoolWorker-22,  processing 30 (23075.2 per sec) reads @ chr1:185000000-190000000
ForkPoolWorker-22 countReadsInRegions_worker: processing 5000000 (6754027.9 per sec) @ chr1:185000000-190000000
ForkPoolWorker-22,  processing 773 (80425.6 per sec) reads @ chr1:155000000-160000000
ForkPoolWorker-22 countReadsInRegions_worker: processing 5000000 (6865162.5 per sec) @ chr1:155000000-160000000
ForkPoolWorker-22,  processing 0 (0.0 per sec) reads @ chrUn_KI270422v1:0-1445
ForkPoolWorker-22 countReadsInRegions_worker: processing 1445 (103544.5 per sec) @ chrUn_KI270422v1:0-1445
ForkPoolWorker-22,  processing 41 (41130.5 per sec) reads @ chr8:80000000-85000000
ForkPoolWorker-22 countReadsInRegions_worker: processing 5000000 (7002780.2 per sec) @ chr8:80000000-85000000
ForkPoolWorker-22,  processing 52 (44258.1 per sec) reads @ chr2:55000000-60000000
ForkPoolWorker-22 countReadsInRegions_worker: processing 5000000 (7005149.8 per sec) @ chr2:55000000-60000000
ForkPoolWorker-22,  processing 76 (46018.1 per sec) reads @ chr1:175000000-180000000
ForkPoolWorker-22 countReadsInRegions_worker: processing 5000000 (7104719.8 per sec) @ chr1:175000000-180000000
ForkPoolWorker-22,  processing 0 (0.0 per sec) reads @ chr13:5000000-10000000
ForkPoolWorker-22 countReadsInRegions_worker: processing 5000000 (7063960.1 per sec) @ chr13:5000000-10000000
ForkPoolWorker-22,  processing 0 (0.0 per sec) reads @ chrUn_KI270423v1:0-981
ForkPoolWorker-22 countReadsInRegions_worker: processing 981 (107056.6 per sec) @ chrUn_KI270423v1:0-981
ForkPoolWorker-22,  processing 586 (84309.1 per sec) reads @ chr14:105000000-107043718
ForkPoolWorker-22 countReadsInRegions_worker: processing 2043718 (6868872.1 per sec) @ chr14:105000000-107043718
ForkPoolWorker-22,  processing 66 (50185.7 per sec) reads @ chr14:25000000-30000000
ForkPoolWorker-22 countReadsInRegions_worker: processing 5000000 (7105680.3 per sec) @ chr14:25000000-30000000
ForkPoolWorker-22,  processing 0 (0.0 per sec) reads @ chrUn_KI270302v1:0-2274
ForkPoolWorker-22 countReadsInRegions_worker: processing 2274 (230060.5 per sec) @ chrUn_KI270302v1:0-2274
ForkPoolWorker-22,  processing 64 (53029.5 per sec) reads @ chr6:80000000-85000000
ForkPoolWorker-22 countReadsInRegions_worker: processing 5000000 (7128771.6 per sec) @ chr6:80000000-85000000
ForkPoolWorker-22,  processing 33 (29219.3 per sec) reads @ chr8:15000000-20000000
ForkPoolWorker-22 countReadsInRegions_worker: processing 5000000 (7101976.9 per sec) @ chr8:15000000-20000000
ForkPoolWorker-22,  processing 0 (0.0 per sec) reads @ chrUn_KI270336v1:0-1026
ForkPoolWorker-22 countReadsInRegions_worker: processing 1026 (104942.0 per sec) @ chrUn_KI270336v1:0-1026
ForkPoolWorker-22,  processing 5 (10053.5 per sec) reads @ chr8:110000000-115000000
ForkPoolWorker-22 countReadsInRegions_worker: processing 5000000 (7213728.3 per sec) @ chr8:110000000-115000000
ForkPoolWorker-37,  processing 4 (58.2 per sec) reads @ chr14_GL000194v1_random:0-191469
ForkPoolWorker-37 countReadsInRegions_worker: processing 191469 (1830755.5 per sec) @ chr14_GL000194v1_random:0-191469
ForkPoolWorker-37,  processing 0 (0.0 per sec) reads @ chr14_KI270726v1_random:0-43739
ForkPoolWorker-37 countReadsInRegions_worker: processing 43739 (2639901.3 per sec) @ chr14_KI270726v1_random:0-43739
ForkPoolWorker-37,  processing 163 (63098.4 per sec) reads @ chr13:75000000-80000000
ForkPoolWorker-37 countReadsInRegions_worker: processing 5000000 (7541550.1 per sec) @ chr13:75000000-80000000
ForkPoolWorker-37,  processing 71 (41274.5 per sec) reads @ chr5:30000000-35000000
ForkPoolWorker-37 countReadsInRegions_worker: processing 5000000 (6987658.0 per sec) @ chr5:30000000-35000000
ForkPoolWorker-37,  processing 2072 (90526.1 per sec) reads @ chrX:150000000-155000000
ForkPoolWorker-37 countReadsInRegions_worker: processing 5000000 (6810954.0 per sec) @ chrX:150000000-155000000
ForkPoolWorker-37,  processing 298 (69139.4 per sec) reads @ chr10:95000000-100000000
ForkPoolWorker-37 countReadsInRegions_worker: processing 5000000 (6967581.0 per sec) @ chr10:95000000-100000000
ForkPoolWorker-37,  processing 0 (0.0 per sec) reads @ chrUn_KI270508v1:0-1951
ForkPoolWorker-37 countReadsInRegions_worker: processing 1951 (204128.1 per sec) @ chrUn_KI270508v1:0-1951
ForkPoolWorker-37,  processing 210 (63715.6 per sec) reads @ chr14:70000000-75000000
ForkPoolWorker-37 countReadsInRegions_worker: processing 5000000 (6953903.6 per sec) @ chr14:70000000-75000000
ForkPoolWorker-37,  processing 46 (36575.9 per sec) reads @ chr11:105000000-110000000
ForkPoolWorker-37 countReadsInRegions_worker: processing 5000000 (6957735.7 per sec) @ chr11:105000000-110000000
ForkPoolWorker-37,  processing 65 (46779.3 per sec) reads @ chr5:65000000-70000000
ForkPoolWorker-37 countReadsInRegions_worker: processing 5000000 (6933345.9 per sec) @ chr5:65000000-70000000
ForkPoolWorker-37,  processing 0 (0.0 per sec) reads @ chrUn_KI270312v1:0-998
ForkPoolWorker-37 countReadsInRegions_worker: processing 998 (106655.7 per sec) @ chrUn_KI270312v1:0-998
ForkPoolWorker-37,  processing 0 (0.0 per sec) reads @ chrUn_KI270538v1:0-91309
ForkPoolWorker-37 countReadsInRegions_worker: processing 91309 (4229367.7 per sec) @ chrUn_KI270538v1:0-91309
ForkPoolWorker-37,  processing 124 (62413.7 per sec) reads @ chr5:10000000-15000000
ForkPoolWorker-37 countReadsInRegions_worker: processing 5000000 (6970441.1 per sec) @ chr5:10000000-15000000
ForkPoolWorker-37,  processing 1094 (82639.7 per sec) reads @ chr7:100000000-105000000
ForkPoolWorker-37 countReadsInRegions_worker: processing 5000000 (6868013.4 per sec) @ chr7:100000000-105000000
ForkPoolWorker-37,  processing 262 (70061.1 per sec) reads @ chr10:125000000-130000000
ForkPoolWorker-37 countReadsInRegions_worker: processing 5000000 (6947522.3 per sec) @ chr10:125000000-130000000
ForkPoolWorker-37,  processing 8 (15745.9 per sec) reads @ chrUn_GL000195v1:0-182896
ForkPoolWorker-37 countReadsInRegions_worker: processing 182896 (5281495.8 per sec) @ chrUn_GL000195v1:0-182896
ForkPoolWorker-37,  processing 558 (77071.2 per sec) reads @ chr20:0-5000000
ForkPoolWorker-37 countReadsInRegions_worker: processing 5000000 (7010364.7 per sec) @ chr20:0-5000000
ForkPoolWorker-37,  processing 1563 (110250.2 per sec) reads @ chrM:0-16569
ForkPoolWorker-37 countReadsInRegions_worker: processing 16569 (670488.1 per sec) @ chrM:0-16569
ForkPoolWorker-8,  processing 405 (5173.3 per sec) reads @ chr1:20000000-25000000
ForkPoolWorker-8 countReadsInRegions_worker: processing 5000000 (6059884.2 per sec) @ chr1:20000000-25000000
ForkPoolWorker-8,  processing 0 (0.0 per sec) reads @ chr15:15000000-20000000
ForkPoolWorker-8 countReadsInRegions_worker: processing 5000000 (7081181.2 per sec) @ chr15:15000000-20000000
ForkPoolWorker-8,  processing 90 (55341.9 per sec) reads @ chr16:45000000-50000000
ForkPoolWorker-8 countReadsInRegions_worker: processing 5000000 (7147623.3 per sec) @ chr16:45000000-50000000
ForkPoolWorker-8,  processing 21 (22625.3 per sec) reads @ chr10:55000000-60000000
ForkPoolWorker-8 countReadsInRegions_worker: processing 5000000 (7149114.5 per sec) @ chr10:55000000-60000000
ForkPoolWorker-8,  processing 177 (61670.7 per sec) reads @ chr14:65000000-70000000
ForkPoolWorker-8 countReadsInRegions_worker: processing 5000000 (7087611.7 per sec) @ chr14:65000000-70000000
ForkPoolWorker-8,  processing 215 (73446.4 per sec) reads @ chr13:95000000-100000000
ForkPoolWorker-8 countReadsInRegions_worker: processing 5000000 (7112109.5 per sec) @ chr13:95000000-100000000
ForkPoolWorker-8,  processing 134 (59702.2 per sec) reads @ chr6:5000000-10000000
ForkPoolWorker-8 countReadsInRegions_worker: processing 5000000 (7082506.1 per sec) @ chr6:5000000-10000000
ForkPoolWorker-8,  processing 1473 (89367.0 per sec) reads @ chr17:5000000-10000000
ForkPoolWorker-8 countReadsInRegions_worker: processing 5000000 (6957343.3 per sec) @ chr17:5000000-10000000
ForkPoolWorker-8,  processing 554 (82311.2 per sec) reads @ chr2:215000000-220000000
ForkPoolWorker-8 countReadsInRegions_worker: processing 5000000 (7053477.8 per sec) @ chr2:215000000-220000000
ForkPoolWorker-8,  processing 232 (69376.8 per sec) reads @ chr1:110000000-115000000
ForkPoolWorker-8 countReadsInRegions_worker: processing 5000000 (7087350.6 per sec) @ chr1:110000000-115000000
ForkPoolWorker-8,  processing 198 (68611.4 per sec) reads @ chr1:220000000-225000000
ForkPoolWorker-8 countReadsInRegions_worker: processing 5000000 (7072972.8 per sec) @ chr1:220000000-225000000
ForkPoolWorker-8,  processing 387 (73741.4 per sec) reads @ chr12:50000000-55000000
ForkPoolWorker-8 countReadsInRegions_worker: processing 5000000 (7376473.3 per sec) @ chr12:50000000-55000000
ForkPoolWorker-38,  processing 0 (0.0 per sec) reads @ chrUn_KI270583v1:0-1400
ForkPoolWorker-38 countReadsInRegions_worker: processing 1400 (25114.6 per sec) @ chrUn_KI270583v1:0-1400
ForkPoolWorker-38,  processing 469 (62645.4 per sec) reads @ chr20:35000000-40000000
ForkPoolWorker-38 countReadsInRegions_worker: processing 5000000 (6650303.7 per sec) @ chr20:35000000-40000000
ForkPoolWorker-38,  processing 112 (45052.5 per sec) reads @ chr16:50000000-55000000
ForkPoolWorker-38 countReadsInRegions_worker: processing 5000000 (6632397.0 per sec) @ chr16:50000000-55000000
ForkPoolWorker-38,  processing 93 (57959.9 per sec) reads @ chr3:165000000-170000000
ForkPoolWorker-38 countReadsInRegions_worker: processing 5000000 (6858216.2 per sec) @ chr3:165000000-170000000
ForkPoolWorker-38,  processing 0 (0.0 per sec) reads @ chrUn_KI270379v1:0-1045
ForkPoolWorker-38 countReadsInRegions_worker: processing 1045 (109316.6 per sec) @ chrUn_KI270379v1:0-1045
ForkPoolWorker-38,  processing 45 (37703.5 per sec) reads @ chr3:20000000-25000000
ForkPoolWorker-38 countReadsInRegions_worker: processing 5000000 (6848393.4 per sec) @ chr3:20000000-25000000
ForkPoolWorker-38,  processing 0 (0.0 per sec) reads @ chrUn_KI270371v1:0-2805
ForkPoolWorker-38 countReadsInRegions_worker: processing 2805 (272843.8 per sec) @ chrUn_KI270371v1:0-2805
ForkPoolWorker-38,  processing 208 (61737.7 per sec) reads @ chr17:50000000-55000000
ForkPoolWorker-38 countReadsInRegions_worker: processing 5000000 (6896983.6 per sec) @ chr17:50000000-55000000
ForkPoolWorker-38,  processing 323 (65403.1 per sec) reads @ chr9:110000000-115000000
ForkPoolWorker-38 countReadsInRegions_worker: processing 5000000 (6870805.8 per sec) @ chr9:110000000-115000000
ForkPoolWorker-38,  processing 1580 (82737.2 per sec) reads @ chr19:5000000-10000000
ForkPoolWorker-38 countReadsInRegions_worker: processing 5000000 (6757658.0 per sec) @ chr19:5000000-10000000
ForkPoolWorker-38,  processing 0 (0.0 per sec) reads @ chr1_KI270714v1_random:0-41717
ForkPoolWorker-38 countReadsInRegions_worker: processing 41717 (2628733.8 per sec) @ chr1_KI270714v1_random:0-41717
ForkPoolWorker-38,  processing 771 (77953.1 per sec) reads @ chr3:50000000-55000000
ForkPoolWorker-38 countReadsInRegions_worker: processing 5000000 (6848357.6 per sec) @ chr3:50000000-55000000
ForkPoolWorker-38,  processing 20 (23703.3 per sec) reads @ chr4:45000000-50000000
ForkPoolWorker-38 countReadsInRegions_worker: processing 5000000 (6936322.4 per sec) @ chr4:45000000-50000000
ForkPoolWorker-38,  processing 124 (58602.1 per sec) reads @ chr6:20000000-25000000
ForkPoolWorker-38 countReadsInRegions_worker: processing 5000000 (6885688.1 per sec) @ chr6:20000000-25000000
ForkPoolWorker-38,  processing 0 (0.0 per sec) reads @ chr3_GL000221v1_random:0-155397
ForkPoolWorker-38 countReadsInRegions_worker: processing 155397 (4980760.0 per sec) @ chr3_GL000221v1_random:0-155397
ForkPoolWorker-38,  processing 13 (19885.5 per sec) reads @ chr14:40000000-45000000
ForkPoolWorker-38 countReadsInRegions_worker: processing 5000000 (7123192.8 per sec) @ chr14:40000000-45000000
ForkPoolWorker-34,  processing 0 (0.0 per sec) reads @ chr14_KI270724v1_random:0-39555
ForkPoolWorker-34 countReadsInRegions_worker: processing 39555 (637713.7 per sec) @ chr14_KI270724v1_random:0-39555
ForkPoolWorker-34,  processing 91 (46024.6 per sec) reads @ chr10:25000000-30000000
ForkPoolWorker-34 countReadsInRegions_worker: processing 5000000 (6814541.6 per sec) @ chr10:25000000-30000000
ForkPoolWorker-34,  processing 2623 (85510.9 per sec) reads @ chr19:45000000-50000000
ForkPoolWorker-34 countReadsInRegions_worker: processing 5000000 (6545213.9 per sec) @ chr19:45000000-50000000
ForkPoolWorker-34,  processing 11 (12706.5 per sec) reads @ chr18:65000000-70000000
ForkPoolWorker-34 countReadsInRegions_worker: processing 5000000 (6908368.5 per sec) @ chr18:65000000-70000000
ForkPoolWorker-34,  processing 0 (0.0 per sec) reads @ chrUn_KI270386v1:0-1788
ForkPoolWorker-34 countReadsInRegions_worker: processing 1788 (180447.9 per sec) @ chrUn_KI270386v1:0-1788
ForkPoolWorker-34,  processing 11 (15231.9 per sec) reads @ chr5:20000000-25000000
ForkPoolWorker-34 countReadsInRegions_worker: processing 5000000 (6864187.3 per sec) @ chr5:20000000-25000000
ForkPoolWorker-34,  processing 54 (42896.3 per sec) reads @ chr12:20000000-25000000
ForkPoolWorker-34 countReadsInRegions_worker: processing 5000000 (6869826.7 per sec) @ chr12:20000000-25000000
ForkPoolWorker-34,  processing 0 (0.0 per sec) reads @ chrUn_KI270374v1:0-2656
ForkPoolWorker-34 countReadsInRegions_worker: processing 2656 (247309.8 per sec) @ chrUn_KI270374v1:0-2656
ForkPoolWorker-34,  processing 0 (0.0 per sec) reads @ chrY:35000000-40000000
ForkPoolWorker-34 countReadsInRegions_worker: processing 5000000 (6886900.1 per sec) @ chrY:35000000-40000000
ForkPoolWorker-34,  processing 4 (6732.4 per sec) reads @ chr8:145000000-145138636
ForkPoolWorker-34 countReadsInRegions_worker: processing 138636 (4440247.8 per sec) @ chr8:145000000-145138636
ForkPoolWorker-34,  processing 0 (0.0 per sec) reads @ chrUn_KI270755v1:0-36723
ForkPoolWorker-34 countReadsInRegions_worker: processing 36723 (2572955.8 per sec) @ chrUn_KI270755v1:0-36723
ForkPoolWorker-34,  processing 64 (43177.7 per sec) reads @ chr3:25000000-30000000
ForkPoolWorker-34 countReadsInRegions_worker: processing 5000000 (6960721.7 per sec) @ chr3:25000000-30000000
ForkPoolWorker-34,  processing 369 (76027.8 per sec) reads @ chr7:145000000-150000000
ForkPoolWorker-34 countReadsInRegions_worker: processing 5000000 (6867790.7 per sec) @ chr7:145000000-150000000
ForkPoolWorker-34,  processing 154 (64903.8 per sec) reads @ chr5:70000000-75000000
ForkPoolWorker-34 countReadsInRegions_worker: processing 5000000 (6927073.1 per sec) @ chr5:70000000-75000000
ForkPoolWorker-34,  processing 132 (56703.0 per sec) reads @ chr2:10000000-15000000
ForkPoolWorker-34 countReadsInRegions_worker: processing 5000000 (6890561.4 per sec) @ chr2:10000000-15000000
ForkPoolWorker-34,  processing 251 (72186.7 per sec) reads @ chr10:75000000-80000000
ForkPoolWorker-34 countReadsInRegions_worker: processing 5000000 (7109006.7 per sec) @ chr10:75000000-80000000
ForkPoolWorker-14,  processing 0 (0.0 per sec) reads @ chrY:30000000-35000000
ForkPoolWorker-14 countReadsInRegions_worker: processing 5000000 (6568961.1 per sec) @ chrY:30000000-35000000
ForkPoolWorker-14,  processing 7 (8224.1 per sec) reads @ chr9:60000000-65000000
ForkPoolWorker-14 countReadsInRegions_worker: processing 5000000 (7077262.1 per sec) @ chr9:60000000-65000000
ForkPoolWorker-14,  processing 124 (56741.6 per sec) reads @ chr2:170000000-175000000
ForkPoolWorker-14 countReadsInRegions_worker: processing 5000000 (7115577.2 per sec) @ chr2:170000000-175000000
ForkPoolWorker-14,  processing 631 (82520.8 per sec) reads @ chr12:45000000-50000000
ForkPoolWorker-14 countReadsInRegions_worker: processing 5000000 (7082099.5 per sec) @ chr12:45000000-50000000
ForkPoolWorker-14,  processing 71 (45702.2 per sec) reads @ chrX:65000000-70000000
ForkPoolWorker-14 countReadsInRegions_worker: processing 5000000 (7111574.1 per sec) @ chrX:65000000-70000000
ForkPoolWorker-14,  processing 43 (39972.3 per sec) reads @ chr5:105000000-110000000
ForkPoolWorker-14 countReadsInRegions_worker: processing 5000000 (7121127.1 per sec) @ chr5:105000000-110000000
ForkPoolWorker-14,  processing 316 (78621.4 per sec) reads @ chr1:230000000-235000000
ForkPoolWorker-14 countReadsInRegions_worker: processing 5000000 (7086533.9 per sec) @ chr1:230000000-235000000
ForkPoolWorker-14,  processing 318 (70388.3 per sec) reads @ chr22:25000000-30000000
ForkPoolWorker-14 countReadsInRegions_worker: processing 5000000 (7094430.6 per sec) @ chr22:25000000-30000000
ForkPoolWorker-14,  processing 199 (78115.7 per sec) reads @ chr6:120000000-125000000
ForkPoolWorker-14 countReadsInRegions_worker: processing 5000000 (7079964.4 per sec) @ chr6:120000000-125000000
ForkPoolWorker-14,  processing 0 (0.0 per sec) reads @ chr22:5000000-10000000
ForkPoolWorker-14 countReadsInRegions_worker: processing 5000000 (7094440.2 per sec) @ chr22:5000000-10000000
ForkPoolWorker-14,  processing 90 (54440.1 per sec) reads @ chr14:50000000-55000000
ForkPoolWorker-14 countReadsInRegions_worker: processing 5000000 (7108633.2 per sec) @ chr14:50000000-55000000
ForkPoolWorker-14,  processing 436 (80344.3 per sec) reads @ chr13:110000000-114364328
ForkPoolWorker-14 countReadsInRegions_worker: processing 4364328 (7377904.3 per sec) @ chr13:110000000-114364328
ForkPoolWorker-40,  processing 25 (398.5 per sec) reads @ chr6:60000000-65000000
ForkPoolWorker-40 countReadsInRegions_worker: processing 5000000 (6216589.0 per sec) @ chr6:60000000-65000000
ForkPoolWorker-40,  processing 2 (3736.6 per sec) reads @ chr17_GL000205v2_random:0-185591
ForkPoolWorker-40 countReadsInRegions_worker: processing 185591 (5008654.7 per sec) @ chr17_GL000205v2_random:0-185591
ForkPoolWorker-40,  processing 1189 (101290.3 per sec) reads @ chrX:115000000-120000000
ForkPoolWorker-40 countReadsInRegions_worker: processing 5000000 (6982644.2 per sec) @ chrX:115000000-120000000
ForkPoolWorker-40,  processing 71 (41831.1 per sec) reads @ chrX:135000000-140000000
ForkPoolWorker-40 countReadsInRegions_worker: processing 5000000 (7134587.3 per sec) @ chrX:135000000-140000000
ForkPoolWorker-40,  processing 0 (0.0 per sec) reads @ chr14_GL000009v2_random:0-201709
ForkPoolWorker-40 countReadsInRegions_worker: processing 201709 (5576177.9 per sec) @ chr14_GL000009v2_random:0-201709
ForkPoolWorker-40,  processing 0 (0.0 per sec) reads @ chr22_KI270732v1_random:0-41543
ForkPoolWorker-40 countReadsInRegions_worker: processing 41543 (3002808.5 per sec) @ chr22_KI270732v1_random:0-41543
ForkPoolWorker-40,  processing 20 (24181.6 per sec) reads @ chr13:55000000-60000000
ForkPoolWorker-40 countReadsInRegions_worker: processing 5000000 (6995422.1 per sec) @ chr13:55000000-60000000
ForkPoolWorker-40,  processing 1672 (83529.4 per sec) reads @ chr6:30000000-35000000
ForkPoolWorker-40 countReadsInRegions_worker: processing 5000000 (6811091.2 per sec) @ chr6:30000000-35000000
ForkPoolWorker-40,  processing 0 (0.0 per sec) reads @ chrUn_KI270751v1:0-150742
ForkPoolWorker-40 countReadsInRegions_worker: processing 150742 (5170320.2 per sec) @ chrUn_KI270751v1:0-150742
ForkPoolWorker-40,  processing 7779 (94314.6 per sec) reads @ chr16:0-5000000
ForkPoolWorker-40 countReadsInRegions_worker: processing 5000000 (6279133.2 per sec) @ chr16:0-5000000
ForkPoolWorker-40,  processing 38 (35145.2 per sec) reads @ chr2:185000000-190000000
ForkPoolWorker-40 countReadsInRegions_worker: processing 5000000 (6976465.4 per sec) @ chr2:185000000-190000000
ForkPoolWorker-40,  processing 58 (44612.1 per sec) reads @ chr4:40000000-45000000
ForkPoolWorker-40 countReadsInRegions_worker: processing 5000000 (6773353.0 per sec) @ chr4:40000000-45000000
ForkPoolWorker-40,  processing 366 (68048.9 per sec) reads @ chr10:70000000-75000000
ForkPoolWorker-40 countReadsInRegions_worker: processing 5000000 (6956122.6 per sec) @ chr10:70000000-75000000
ForkPoolWorker-40,  processing 143 (60201.3 per sec) reads @ chr1:245000000-248956422
ForkPoolWorker-40 countReadsInRegions_worker: processing 3956422 (6910144.9 per sec) @ chr1:245000000-248956422
ForkPoolWorker-40,  processing 63 (44047.5 per sec) reads @ chr9:80000000-85000000
ForkPoolWorker-40 countReadsInRegions_worker: processing 5000000 (7059221.1 per sec) @ chr9:80000000-85000000
ForkPoolWorker-40,  processing 43 (41884.6 per sec) reads @ chr4:170000000-175000000
ForkPoolWorker-40 countReadsInRegions_worker: processing 5000000 (7637780.6 per sec) @ chr4:170000000-175000000
ForkPoolWorker-47,  processing 364 (5201.0 per sec) reads @ chr7:25000000-30000000
ForkPoolWorker-47 countReadsInRegions_worker: processing 5000000 (6188731.7 per sec) @ chr7:25000000-30000000
ForkPoolWorker-47,  processing 72 (46438.5 per sec) reads @ chr5:125000000-130000000
ForkPoolWorker-47 countReadsInRegions_worker: processing 5000000 (6831601.3 per sec) @ chr5:125000000-130000000
ForkPoolWorker-47,  processing 274 (71133.9 per sec) reads @ chr7:40000000-45000000
ForkPoolWorker-47 countReadsInRegions_worker: processing 5000000 (6922966.2 per sec) @ chr7:40000000-45000000
ForkPoolWorker-47,  processing 650 (79007.1 per sec) reads @ chr1:40000000-45000000
ForkPoolWorker-47 countReadsInRegions_worker: processing 5000000 (6920916.8 per sec) @ chr1:40000000-45000000
ForkPoolWorker-47,  processing 60 (43721.0 per sec) reads @ chr21:25000000-30000000
ForkPoolWorker-47 countReadsInRegions_worker: processing 5000000 (6712450.1 per sec) @ chr21:25000000-30000000
ForkPoolWorker-47,  processing 60 (40492.1 per sec) reads @ chr10:30000000-35000000
ForkPoolWorker-47 countReadsInRegions_worker: processing 5000000 (6982953.4 per sec) @ chr10:30000000-35000000
ForkPoolWorker-47,  processing 26 (28281.1 per sec) reads @ chr8:85000000-90000000
ForkPoolWorker-47 countReadsInRegions_worker: processing 5000000 (6978575.6 per sec) @ chr8:85000000-90000000
ForkPoolWorker-47,  processing 285 (73866.2 per sec) reads @ chr20:15000000-20000000
ForkPoolWorker-47 countReadsInRegions_worker: processing 5000000 (6876383.9 per sec) @ chr20:15000000-20000000
ForkPoolWorker-47,  processing 0 (0.0 per sec) reads @ chr18:15000000-20000000
ForkPoolWorker-47 countReadsInRegions_worker: processing 5000000 (6975247.2 per sec) @ chr18:15000000-20000000
ForkPoolWorker-47,  processing 82 (49366.0 per sec) reads @ chr3:135000000-140000000
ForkPoolWorker-47 countReadsInRegions_worker: processing 5000000 (7006057.8 per sec) @ chr3:135000000-140000000
ForkPoolWorker-47,  processing 0 (0.0 per sec) reads @ chrY:45000000-50000000
ForkPoolWorker-47 countReadsInRegions_worker: processing 5000000 (7040503.6 per sec) @ chrY:45000000-50000000
ForkPoolWorker-47,  processing 148 (75371.2 per sec) reads @ chr15:95000000-100000000
ForkPoolWorker-47 countReadsInRegions_worker: processing 5000000 (7794910.2 per sec) @ chr15:95000000-100000000
ForkPoolWorker-50,  processing 96 (1525.5 per sec) reads @ chr9:85000000-90000000
ForkPoolWorker-50 countReadsInRegions_worker: processing 5000000 (6204935.0 per sec) @ chr9:85000000-90000000
ForkPoolWorker-50,  processing 0 (0.0 per sec) reads @ chrUn_KI270582v1:0-6504
ForkPoolWorker-50 countReadsInRegions_worker: processing 6504 (408361.2 per sec) @ chrUn_KI270582v1:0-6504
ForkPoolWorker-50,  processing 85 (52668.9 per sec) reads @ chr4:100000000-105000000
ForkPoolWorker-50 countReadsInRegions_worker: processing 5000000 (6764912.6 per sec) @ chr4:100000000-105000000
ForkPoolWorker-50,  processing 30 (31976.9 per sec) reads @ chr7:10000000-15000000
ForkPoolWorker-50 countReadsInRegions_worker: processing 5000000 (6946100.2 per sec) @ chr7:10000000-15000000
ForkPoolWorker-50,  processing 0 (0.0 per sec) reads @ chr13:0-5000000
ForkPoolWorker-50 countReadsInRegions_worker: processing 5000000 (6993840.4 per sec) @ chr13:0-5000000
ForkPoolWorker-50,  processing 85 (52856.3 per sec) reads @ chr7:50000000-55000000
ForkPoolWorker-50 countReadsInRegions_worker: processing 5000000 (6920154.1 per sec) @ chr7:50000000-55000000
ForkPoolWorker-50,  processing 32 (36422.7 per sec) reads @ chr21:10000000-15000000
ForkPoolWorker-50 countReadsInRegions_worker: processing 5000000 (6958536.8 per sec) @ chr21:10000000-15000000
ForkPoolWorker-50,  processing 160 (63556.1 per sec) reads @ chr6:150000000-155000000
ForkPoolWorker-50 countReadsInRegions_worker: processing 5000000 (6916545.7 per sec) @ chr6:150000000-155000000
ForkPoolWorker-50,  processing 0 (0.0 per sec) reads @ chrUn_KI270587v1:0-2969
ForkPoolWorker-50 countReadsInRegions_worker: processing 2969 (315470.7 per sec) @ chrUn_KI270587v1:0-2969
ForkPoolWorker-50,  processing 373 (76810.5 per sec) reads @ chr15:65000000-70000000
ForkPoolWorker-50 countReadsInRegions_worker: processing 5000000 (6902949.7 per sec) @ chr15:65000000-70000000
ForkPoolWorker-50,  processing 32 (33429.1 per sec) reads @ chr3:105000000-110000000
ForkPoolWorker-50 countReadsInRegions_worker: processing 5000000 (6970997.2 per sec) @ chr3:105000000-110000000
ForkPoolWorker-50,  processing 31 (35065.6 per sec) reads @ chr13:105000000-110000000
ForkPoolWorker-50 countReadsInRegions_worker: processing 5000000 (6996535.3 per sec) @ chr13:105000000-110000000
ForkPoolWorker-50,  processing 0 (0.0 per sec) reads @ chr1_KI270710v1_random:0-40176
ForkPoolWorker-50 countReadsInRegions_worker: processing 40176 (2807850.8 per sec) @ chr1_KI270710v1_random:0-40176
ForkPoolWorker-50,  processing 71 (47495.3 per sec) reads @ chr10:10000000-15000000
ForkPoolWorker-50 countReadsInRegions_worker: processing 5000000 (7009490.7 per sec) @ chr10:10000000-15000000
ForkPoolWorker-50,  processing 0 (0.0 per sec) reads @ chrUn_KI270591v1:0-5796
ForkPoolWorker-50 countReadsInRegions_worker: processing 5796 (642446.8 per sec) @ chrUn_KI270591v1:0-5796
ForkPoolWorker-50,  processing 294 (73672.2 per sec) reads @ chr19:30000000-35000000
ForkPoolWorker-50 countReadsInRegions_worker: processing 5000000 (7763983.1 per sec) @ chr19:30000000-35000000
ForkPoolWorker-51,  processing 220 (3624.1 per sec) reads @ chr7:135000000-140000000
ForkPoolWorker-51 countReadsInRegions_worker: processing 5000000 (6246573.1 per sec) @ chr7:135000000-140000000
ForkPoolWorker-51,  processing 0 (0.0 per sec) reads @ chrUn_KI270519v1:0-138126
ForkPoolWorker-51 countReadsInRegions_worker: processing 138126 (3907532.1 per sec) @ chrUn_KI270519v1:0-138126
ForkPoolWorker-51,  processing 0 (0.0 per sec) reads @ chrUn_KI270389v1:0-1298
ForkPoolWorker-51 countReadsInRegions_worker: processing 1298 (130587.8 per sec) @ chrUn_KI270389v1:0-1298
ForkPoolWorker-51,  processing 37 (36853.3 per sec) reads @ chr19:25000000-30000000
ForkPoolWorker-51 countReadsInRegions_worker: processing 5000000 (7133871.3 per sec) @ chr19:25000000-30000000
ForkPoolWorker-51,  processing 195 (73750.2 per sec) reads @ chr5:145000000-150000000
ForkPoolWorker-51 countReadsInRegions_worker: processing 5000000 (7097588.0 per sec) @ chr5:145000000-150000000
ForkPoolWorker-51,  processing 1975 (87237.8 per sec) reads @ chr11:65000000-70000000
ForkPoolWorker-51 countReadsInRegions_worker: processing 5000000 (6898256.3 per sec) @ chr11:65000000-70000000
ForkPoolWorker-51,  processing 22 (24181.0 per sec) reads @ chr4:130000000-135000000
ForkPoolWorker-51 countReadsInRegions_worker: processing 5000000 (7099147.3 per sec) @ chr4:130000000-135000000
ForkPoolWorker-51,  processing 0 (0.0 per sec) reads @ chr15:5000000-10000000
ForkPoolWorker-51 countReadsInRegions_worker: processing 5000000 (7019711.0 per sec) @ chr15:5000000-10000000
ForkPoolWorker-51,  processing 81 (45979.0 per sec) reads @ chr4:105000000-110000000
ForkPoolWorker-51 countReadsInRegions_worker: processing 5000000 (6958181.3 per sec) @ chr4:105000000-110000000
ForkPoolWorker-51,  processing 75 (49531.2 per sec) reads @ chr3:170000000-175000000
ForkPoolWorker-51 countReadsInRegions_worker: processing 5000000 (6990101.2 per sec) @ chr3:170000000-175000000
ForkPoolWorker-51,  processing 107 (63514.1 per sec) reads @ chr2:165000000-170000000
ForkPoolWorker-51 countReadsInRegions_worker: processing 5000000 (7007129.9 per sec) @ chr2:165000000-170000000
ForkPoolWorker-51,  processing 0 (0.0 per sec) reads @ chr17_KI270730v1_random:0-112551
ForkPoolWorker-51 countReadsInRegions_worker: processing 112551 (4765960.1 per sec) @ chr17_KI270730v1_random:0-112551
ForkPoolWorker-51,  processing 0 (0.0 per sec) reads @ chrUn_KI270378v1:0-1048
ForkPoolWorker-51 countReadsInRegions_worker: processing 1048 (108146.9 per sec) @ chrUn_KI270378v1:0-1048
ForkPoolWorker-51,  processing 57 (47034.3 per sec) reads @ chr10:40000000-45000000
ForkPoolWorker-51 countReadsInRegions_worker: processing 5000000 (7104426.1 per sec) @ chr10:40000000-45000000
ForkPoolWorker-51,  processing 64 (45389.8 per sec) reads @ chr8:65000000-70000000
ForkPoolWorker-51 countReadsInRegions_worker: processing 5000000 (7062271.1 per sec) @ chr8:65000000-70000000
ForkPoolWorker-51,  processing 1343 (94314.8 per sec) reads @ chr16:30000000-35000000
ForkPoolWorker-51 countReadsInRegions_worker: processing 5000000 (7717366.9 per sec) @ chr16:30000000-35000000
ForkPoolWorker-46,  processing 68 (1086.1 per sec) reads @ chr10:90000000-95000000
ForkPoolWorker-46 countReadsInRegions_worker: processing 5000000 (6198745.1 per sec) @ chr10:90000000-95000000
ForkPoolWorker-46,  processing 1407 (82529.9 per sec) reads @ chr12:120000000-125000000
ForkPoolWorker-46 countReadsInRegions_worker: processing 5000000 (6640156.5 per sec) @ chr12:120000000-125000000
ForkPoolWorker-46,  processing 0 (0.0 per sec) reads @ chrY:40000000-45000000
ForkPoolWorker-46 countReadsInRegions_worker: processing 5000000 (6827509.0 per sec) @ chrY:40000000-45000000
ForkPoolWorker-46,  processing 67 (40727.3 per sec) reads @ chr6:130000000-135000000
ForkPoolWorker-46 countReadsInRegions_worker: processing 5000000 (6848760.2 per sec) @ chr6:130000000-135000000
ForkPoolWorker-46,  processing 0 (0.0 per sec) reads @ chr17_KI270729v1_random:0-280839
ForkPoolWorker-46 countReadsInRegions_worker: processing 280839 (5441939.5 per sec) @ chr17_KI270729v1_random:0-280839
ForkPoolWorker-46,  processing 43 (32006.2 per sec) reads @ chr15:20000000-25000000
ForkPoolWorker-46 countReadsInRegions_worker: processing 5000000 (6957858.1 per sec) @ chr15:20000000-25000000
ForkPoolWorker-46,  processing 1580 (99052.4 per sec) reads @ chr6:35000000-40000000
ForkPoolWorker-46 countReadsInRegions_worker: processing 5000000 (6820585.4 per sec) @ chr6:35000000-40000000
ForkPoolWorker-46,  processing 594 (79654.0 per sec) reads @ chr9:35000000-40000000
ForkPoolWorker-46 countReadsInRegions_worker: processing 5000000 (6893143.3 per sec) @ chr9:35000000-40000000
ForkPoolWorker-46,  processing 90 (52254.6 per sec) reads @ chr3:60000000-65000000
ForkPoolWorker-46 countReadsInRegions_worker: processing 5000000 (6901784.2 per sec) @ chr3:60000000-65000000
ForkPoolWorker-46,  processing 0 (0.0 per sec) reads @ chr9:50000000-55000000
ForkPoolWorker-46 countReadsInRegions_worker: processing 5000000 (6947117.3 per sec) @ chr9:50000000-55000000
ForkPoolWorker-46,  processing 36 (34100.0 per sec) reads @ chr1:215000000-220000000
ForkPoolWorker-46 countReadsInRegions_worker: processing 5000000 (6948572.0 per sec) @ chr1:215000000-220000000
ForkPoolWorker-46,  processing 19 (23146.0 per sec) reads @ chr18:70000000-75000000
ForkPoolWorker-46 countReadsInRegions_worker: processing 5000000 (7119430.1 per sec) @ chr18:70000000-75000000
ForkPoolWorker-9,  processing 68 (951.1 per sec) reads @ chr12:25000000-30000000
ForkPoolWorker-9 countReadsInRegions_worker: processing 5000000 (6145963.2 per sec) @ chr12:25000000-30000000
ForkPoolWorker-9,  processing 72 (39052.1 per sec) reads @ chr4:10000000-15000000
ForkPoolWorker-9 countReadsInRegions_worker: processing 5000000 (6769369.4 per sec) @ chr4:10000000-15000000
ForkPoolWorker-9,  processing 58 (43879.8 per sec) reads @ chr13:70000000-75000000
ForkPoolWorker-9 countReadsInRegions_worker: processing 5000000 (6852136.9 per sec) @ chr13:70000000-75000000
ForkPoolWorker-9,  processing 63 (50169.2 per sec) reads @ chrX:35000000-40000000
ForkPoolWorker-9 countReadsInRegions_worker: processing 5000000 (6947308.3 per sec) @ chrX:35000000-40000000
ForkPoolWorker-9,  processing 504 (74924.8 per sec) reads @ chr1:35000000-40000000
ForkPoolWorker-9 countReadsInRegions_worker: processing 5000000 (6847592.8 per sec) @ chr1:35000000-40000000
ForkPoolWorker-9,  processing 53 (38182.4 per sec) reads @ chr8:0-5000000
ForkPoolWorker-9 countReadsInRegions_worker: processing 5000000 (6897693.6 per sec) @ chr8:0-5000000
ForkPoolWorker-9,  processing 1831 (83306.4 per sec) reads @ chr4:0-5000000
ForkPoolWorker-9 countReadsInRegions_worker: processing 5000000 (6715005.7 per sec) @ chr4:0-5000000
ForkPoolWorker-9,  processing 2135 (83014.3 per sec) reads @ chr19:10000000-15000000
ForkPoolWorker-9 countReadsInRegions_worker: processing 5000000 (6667378.8 per sec) @ chr19:10000000-15000000
ForkPoolWorker-9,  processing 144 (58930.6 per sec) reads @ chr11:55000000-60000000
ForkPoolWorker-9 countReadsInRegions_worker: processing 5000000 (6899379.7 per sec) @ chr11:55000000-60000000
ForkPoolWorker-9,  processing 16 (20237.9 per sec) reads @ chr12:35000000-40000000
ForkPoolWorker-9 countReadsInRegions_worker: processing 5000000 (6883864.1 per sec) @ chr12:35000000-40000000
ForkPoolWorker-9,  processing 29 (31626.3 per sec) reads @ chr7:120000000-125000000
ForkPoolWorker-9 countReadsInRegions_worker: processing 5000000 (7153330.8 per sec) @ chr7:120000000-125000000
ForkPoolWorker-9,  processing 2073 (96942.7 per sec) reads @ chr22:50000000-50818468
ForkPoolWorker-9 countReadsInRegions_worker: processing 818468 (6128718.5 per sec) @ chr22:50000000-50818468
ForkPoolWorker-28,  processing 89 (1256.6 per sec) reads @ chr5:40000000-45000000
ForkPoolWorker-28 countReadsInRegions_worker: processing 5000000 (6185375.0 per sec) @ chr5:40000000-45000000
ForkPoolWorker-28,  processing 23 (24336.3 per sec) reads @ chr2:140000000-145000000
ForkPoolWorker-28 countReadsInRegions_worker: processing 5000000 (6831957.4 per sec) @ chr2:140000000-145000000
ForkPoolWorker-28,  processing 0 (0.0 per sec) reads @ chr14:10000000-15000000
ForkPoolWorker-28 countReadsInRegions_worker: processing 5000000 (6984306.9 per sec) @ chr14:10000000-15000000
ForkPoolWorker-28,  processing 49 (42227.4 per sec) reads @ chr9:25000000-30000000
ForkPoolWorker-28 countReadsInRegions_worker: processing 5000000 (7018353.2 per sec) @ chr9:25000000-30000000
ForkPoolWorker-28,  processing 523 (79730.3 per sec) reads @ chrX:45000000-50000000
ForkPoolWorker-28 countReadsInRegions_worker: processing 5000000 (6986603.5 per sec) @ chrX:45000000-50000000
ForkPoolWorker-28,  processing 70 (45030.9 per sec) reads @ chr1:70000000-75000000
ForkPoolWorker-28 countReadsInRegions_worker: processing 5000000 (7066245.0 per sec) @ chr1:70000000-75000000
ForkPoolWorker-28,  processing 2 (3925.4 per sec) reads @ chr4:190000000-190214555
ForkPoolWorker-28 countReadsInRegions_worker: processing 214555 (5390257.6 per sec) @ chr4:190000000-190214555
ForkPoolWorker-28,  processing 0 (0.0 per sec) reads @ chrUn_KI270363v1:0-1803
ForkPoolWorker-28 countReadsInRegions_worker: processing 1803 (194905.4 per sec) @ chrUn_KI270363v1:0-1803
ForkPoolWorker-28,  processing 1436 (85411.1 per sec) reads @ chr11:60000000-65000000
ForkPoolWorker-28 countReadsInRegions_worker: processing 5000000 (6806208.2 per sec) @ chr11:60000000-65000000
ForkPoolWorker-28,  processing 4750 (92688.6 per sec) reads @ chr19:0-5000000
ForkPoolWorker-28 countReadsInRegions_worker: processing 5000000 (6596819.5 per sec) @ chr19:0-5000000
ForkPoolWorker-28,  processing 64 (48957.8 per sec) reads @ chr20:20000000-25000000
ForkPoolWorker-28 countReadsInRegions_worker: processing 5000000 (7097679.3 per sec) @ chr20:20000000-25000000
ForkPoolWorker-28,  processing 2717 (91994.6 per sec) reads @ chr16:85000000-90000000
ForkPoolWorker-28 countReadsInRegions_worker: processing 5000000 (6811597.8 per sec) @ chr16:85000000-90000000
ForkPoolWorker-28,  processing 3 (6064.1 per sec) reads @ chr14_GL000225v1_random:0-211173
ForkPoolWorker-28 countReadsInRegions_worker: processing 211173 (5709190.1 per sec) @ chr14_GL000225v1_random:0-211173
ForkPoolWorker-28,  processing 33 (36988.8 per sec) reads @ chr2:75000000-80000000
ForkPoolWorker-28 countReadsInRegions_worker: processing 5000000 (7029624.2 per sec) @ chr2:75000000-80000000
ForkPoolWorker-28,  processing 0 (0.0 per sec) reads @ chrUn_KI270391v1:0-1484
ForkPoolWorker-28 countReadsInRegions_worker: processing 1484 (168521.6 per sec) @ chrUn_KI270391v1:0-1484
ForkPoolWorker-28,  processing 119 (58837.9 per sec) reads @ chr13:40000000-45000000
ForkPoolWorker-28 countReadsInRegions_worker: processing 5000000 (7851502.4 per sec) @ chr13:40000000-45000000
ForkPoolWorker-48,  processing 0 (0.0 per sec) reads @ chr14_KI270722v1_random:0-194050
ForkPoolWorker-48 countReadsInRegions_worker: processing 194050 (2339082.2 per sec) @ chr14_KI270722v1_random:0-194050
ForkPoolWorker-48,  processing 549 (95246.2 per sec) reads @ chr21:15000000-20000000
ForkPoolWorker-48 countReadsInRegions_worker: processing 5000000 (7399251.2 per sec) @ chr21:15000000-20000000
ForkPoolWorker-48,  processing 0 (0.0 per sec) reads @ chrUn_KI270530v1:0-2168
ForkPoolWorker-48 countReadsInRegions_worker: processing 2168 (207836.2 per sec) @ chrUn_KI270530v1:0-2168
ForkPoolWorker-48,  processing 0 (0.0 per sec) reads @ chr15_KI270727v1_random:0-448248
ForkPoolWorker-48 countReadsInRegions_worker: processing 448248 (6374391.0 per sec) @ chr15_KI270727v1_random:0-448248
ForkPoolWorker-48,  processing 0 (0.0 per sec) reads @ chrUn_KI270521v1:0-7642
ForkPoolWorker-48 countReadsInRegions_worker: processing 7642 (712286.0 per sec) @ chrUn_KI270521v1:0-7642
ForkPoolWorker-48,  processing 188 (59746.1 per sec) reads @ chr2:130000000-135000000
ForkPoolWorker-48 countReadsInRegions_worker: processing 5000000 (7094243.4 per sec) @ chr2:130000000-135000000
ForkPoolWorker-48,  processing 0 (0.0 per sec) reads @ chr22_KI270734v1_random:0-165050
ForkPoolWorker-48 countReadsInRegions_worker: processing 165050 (5095052.5 per sec) @ chr22_KI270734v1_random:0-165050
ForkPoolWorker-48,  processing 162 (60232.0 per sec) reads @ chr3:55000000-60000000
ForkPoolWorker-48 countReadsInRegions_worker: processing 5000000 (7165399.7 per sec) @ chr3:55000000-60000000
ForkPoolWorker-48,  processing 62 (47802.7 per sec) reads @ chr8:135000000-140000000
ForkPoolWorker-48 countReadsInRegions_worker: processing 5000000 (7169973.5 per sec) @ chr8:135000000-140000000
ForkPoolWorker-48,  processing 151 (62385.7 per sec) reads @ chr5:130000000-135000000
ForkPoolWorker-48 countReadsInRegions_worker: processing 5000000 (7148273.8 per sec) @ chr5:130000000-135000000
ForkPoolWorker-48,  processing 323 (85983.8 per sec) reads @ chr6:105000000-110000000
ForkPoolWorker-48 countReadsInRegions_worker: processing 5000000 (7079211.5 per sec) @ chr6:105000000-110000000
ForkPoolWorker-48,  processing 33 (33717.9 per sec) reads @ chrX:120000000-125000000
ForkPoolWorker-48 countReadsInRegions_worker: processing 5000000 (7063938.7 per sec) @ chrX:120000000-125000000
ForkPoolWorker-48,  processing 0 (0.0 per sec) reads @ chrUn_KI270467v1:0-3920
ForkPoolWorker-48 countReadsInRegions_worker: processing 3920 (410898.0 per sec) @ chrUn_KI270467v1:0-3920
ForkPoolWorker-48,  processing 3 (6678.8 per sec) reads @ chrUn_KI270442v1:0-392061
ForkPoolWorker-48 countReadsInRegions_worker: processing 392061 (6122907.0 per sec) @ chrUn_KI270442v1:0-392061
ForkPoolWorker-48,  processing 162 (67036.0 per sec) reads @ chr11:120000000-125000000
ForkPoolWorker-48 countReadsInRegions_worker: processing 5000000 (6951094.0 per sec) @ chr11:120000000-125000000
ForkPoolWorker-48,  processing 0 (0.0 per sec) reads @ chrUn_KI270511v1:0-8127
ForkPoolWorker-48 countReadsInRegions_worker: processing 8127 (730965.4 per sec) @ chrUn_KI270511v1:0-8127
ForkPoolWorker-48,  processing 8 (12135.4 per sec) reads @ chr3:80000000-85000000
ForkPoolWorker-48 countReadsInRegions_worker: processing 5000000 (6931963.9 per sec) @ chr3:80000000-85000000
ForkPoolWorker-48,  processing 47 (36512.7 per sec) reads @ chr18:55000000-60000000
ForkPoolWorker-48 countReadsInRegions_worker: processing 5000000 (6937506.4 per sec) @ chr18:55000000-60000000
ForkPoolWorker-48,  processing 876 (84089.6 per sec) reads @ chr19:50000000-55000000
ForkPoolWorker-48 countReadsInRegions_worker: processing 5000000 (6871861.7 per sec) @ chr19:50000000-55000000
ForkPoolWorker-48,  processing 90 (54151.1 per sec) reads @ chr5:90000000-95000000
ForkPoolWorker-48 countReadsInRegions_worker: processing 5000000 (7806702.6 per sec) @ chr5:90000000-95000000
ForkPoolWorker-30,  processing 5 (70.6 per sec) reads @ chr6:65000000-70000000
ForkPoolWorker-30 countReadsInRegions_worker: processing 5000000 (6144535.2 per sec) @ chr6:65000000-70000000
ForkPoolWorker-30,  processing 96 (41007.6 per sec) reads @ chr2:155000000-160000000
ForkPoolWorker-30 countReadsInRegions_worker: processing 5000000 (6886266.9 per sec) @ chr2:155000000-160000000
ForkPoolWorker-30,  processing 1 (2347.1 per sec) reads @ chrUn_GL000224v1:0-179693
ForkPoolWorker-30 countReadsInRegions_worker: processing 179693 (5230451.0 per sec) @ chrUn_GL000224v1:0-179693
ForkPoolWorker-30,  processing 0 (0.0 per sec) reads @ chrUn_KI270340v1:0-1428
ForkPoolWorker-30 countReadsInRegions_worker: processing 1428 (144251.5 per sec) @ chrUn_KI270340v1:0-1428
ForkPoolWorker-30,  processing 87 (51678.9 per sec) reads @ chr1:75000000-80000000
ForkPoolWorker-30 countReadsInRegions_worker: processing 5000000 (6985460.8 per sec) @ chr1:75000000-80000000
ForkPoolWorker-30,  processing 0 (0.0 per sec) reads @ chrUn_KI270466v1:0-1233
ForkPoolWorker-30 countReadsInRegions_worker: processing 1233 (129325.0 per sec) @ chrUn_KI270466v1:0-1233
ForkPoolWorker-30,  processing 2005 (89231.0 per sec) reads @ chr20:60000000-64444167
ForkPoolWorker-30 countReadsInRegions_worker: processing 4444167 (6749040.1 per sec) @ chr20:60000000-64444167
ForkPoolWorker-30,  processing 22 (26394.4 per sec) reads @ chr1:80000000-85000000
ForkPoolWorker-30 countReadsInRegions_worker: processing 5000000 (6983490.6 per sec) @ chr1:80000000-85000000
ForkPoolWorker-30,  processing 195 (65948.2 per sec) reads @ chrX:40000000-45000000
ForkPoolWorker-30 countReadsInRegions_worker: processing 5000000 (6954161.9 per sec) @ chrX:40000000-45000000
ForkPoolWorker-30,  processing 75 (51367.2 per sec) reads @ chrX:10000000-15000000
ForkPoolWorker-30 countReadsInRegions_worker: processing 5000000 (6945113.4 per sec) @ chrX:10000000-15000000
ForkPoolWorker-30,  processing 2 (4241.0 per sec) reads @ chrUn_GL000218v1:0-161147
ForkPoolWorker-30 countReadsInRegions_worker: processing 161147 (5081798.3 per sec) @ chrUn_GL000218v1:0-161147
ForkPoolWorker-30,  processing 0 (0.0 per sec) reads @ chrUn_KI270590v1:0-4685
ForkPoolWorker-30 countReadsInRegions_worker: processing 4685 (479404.6 per sec) @ chrUn_KI270590v1:0-4685
ForkPoolWorker-30,  processing 213 (67552.9 per sec) reads @ chr2:20000000-25000000
ForkPoolWorker-30 countReadsInRegions_worker: processing 5000000 (6938243.2 per sec) @ chr2:20000000-25000000
ForkPoolWorker-30,  processing 32 (34547.7 per sec) reads @ chr6:170000000-170805979
ForkPoolWorker-30 countReadsInRegions_worker: processing 805979 (6426076.2 per sec) @ chr6:170000000-170805979
ForkPoolWorker-30,  processing 0 (0.0 per sec) reads @ chrUn_KI270396v1:0-1880
ForkPoolWorker-30 countReadsInRegions_worker: processing 1880 (177369.0 per sec) @ chrUn_KI270396v1:0-1880
ForkPoolWorker-30,  processing 0 (0.0 per sec) reads @ chr1_KI270708v1_random:0-127682
ForkPoolWorker-30 countReadsInRegions_worker: processing 127682 (4756693.8 per sec) @ chr1_KI270708v1_random:0-127682
ForkPoolWorker-30,  processing 70 (43586.9 per sec) reads @ chr14:55000000-60000000
ForkPoolWorker-30 countReadsInRegions_worker: processing 5000000 (6886011.4 per sec) @ chr14:55000000-60000000
ForkPoolWorker-30,  processing 0 (0.0 per sec) reads @ chr16_KI270728v1_random:0-1872759
ForkPoolWorker-30 countReadsInRegions_worker: processing 1872759 (6795572.4 per sec) @ chr16_KI270728v1_random:0-1872759
ForkPoolWorker-30,  processing 98 (51729.4 per sec) reads @ chr3:140000000-145000000
ForkPoolWorker-30 countReadsInRegions_worker: processing 5000000 (6977057.2 per sec) @ chr3:140000000-145000000
ForkPoolWorker-30,  processing 256 (70864.7 per sec) reads @ chr5:135000000-140000000
ForkPoolWorker-30 countReadsInRegions_worker: processing 5000000 (7169885.2 per sec) @ chr5:135000000-140000000
ForkPoolWorker-11,  processing 171 (2278.1 per sec) reads @ chr18:45000000-50000000
ForkPoolWorker-11 countReadsInRegions_worker: processing 5000000 (6120442.9 per sec) @ chr18:45000000-50000000
ForkPoolWorker-11,  processing 72 (32629.9 per sec) reads @ chr15:55000000-60000000
ForkPoolWorker-11 countReadsInRegions_worker: processing 5000000 (6817377.1 per sec) @ chr15:55000000-60000000
ForkPoolWorker-11,  processing 104 (48263.7 per sec) reads @ chr18:5000000-10000000
ForkPoolWorker-11 countReadsInRegions_worker: processing 5000000 (6955211.3 per sec) @ chr18:5000000-10000000
ForkPoolWorker-11,  processing 414 (84187.0 per sec) reads @ chr8:20000000-25000000
ForkPoolWorker-11 countReadsInRegions_worker: processing 5000000 (6922979.9 per sec) @ chr8:20000000-25000000
ForkPoolWorker-11,  processing 0 (0.0 per sec) reads @ chrUn_KI270589v1:0-44474
ForkPoolWorker-11 countReadsInRegions_worker: processing 44474 (2694732.6 per sec) @ chrUn_KI270589v1:0-44474
ForkPoolWorker-11,  processing 96 (47421.2 per sec) reads @ chr2:200000000-205000000
ForkPoolWorker-11 countReadsInRegions_worker: processing 5000000 (6921280.0 per sec) @ chr2:200000000-205000000
ForkPoolWorker-11,  processing 47 (36757.8 per sec) reads @ chr18:80000000-80373285
ForkPoolWorker-11 countReadsInRegions_worker: processing 373285 (5743683.8 per sec) @ chr18:80000000-80373285
ForkPoolWorker-11,  processing 0 (0.0 per sec) reads @ chrUn_KI270335v1:0-1048
ForkPoolWorker-11 countReadsInRegions_worker: processing 1048 (101604.9 per sec) @ chrUn_KI270335v1:0-1048
ForkPoolWorker-11,  processing 2770 (88393.8 per sec) reads @ chr9:135000000-138394717
ForkPoolWorker-11 countReadsInRegions_worker: processing 3394717 (6443375.8 per sec) @ chr9:135000000-138394717
ForkPoolWorker-11,  processing 39 (38516.1 per sec) reads @ chr5:155000000-160000000
ForkPoolWorker-11 countReadsInRegions_worker: processing 5000000 (6984446.5 per sec) @ chr5:155000000-160000000
ForkPoolWorker-11,  processing 0 (0.0 per sec) reads @ chr22_KI270739v1_random:0-73985
ForkPoolWorker-11 countReadsInRegions_worker: processing 73985 (3826096.8 per sec) @ chr22_KI270739v1_random:0-73985
ForkPoolWorker-11,  processing 125 (55112.8 per sec) reads @ chr11:10000000-15000000
ForkPoolWorker-11 countReadsInRegions_worker: processing 5000000 (6960929.7 per sec) @ chr11:10000000-15000000
ForkPoolWorker-11,  processing 52 (41448.8 per sec) reads @ chr18:0-5000000
ForkPoolWorker-11 countReadsInRegions_worker: processing 5000000 (6952151.6 per sec) @ chr18:0-5000000
ForkPoolWorker-11,  processing 352 (69298.1 per sec) reads @ chr15:40000000-45000000
ForkPoolWorker-11 countReadsInRegions_worker: processing 5000000 (6898896.2 per sec) @ chr15:40000000-45000000
ForkPoolWorker-11,  processing 1005 (82574.7 per sec) reads @ chr19:40000000-45000000
ForkPoolWorker-11 countReadsInRegions_worker: processing 5000000 (6836164.3 per sec) @ chr19:40000000-45000000
ForkPoolWorker-11,  processing 3 (6029.2 per sec) reads @ chrY:20000000-25000000
ForkPoolWorker-11 countReadsInRegions_worker: processing 5000000 (7467458.2 per sec) @ chrY:20000000-25000000
ForkPoolWorker-39,  processing 0 (0.0 per sec) reads @ chrUn_KI270418v1:0-2145
ForkPoolWorker-39 countReadsInRegions_worker: processing 2145 (39079.7 per sec) @ chrUn_KI270418v1:0-2145
ForkPoolWorker-39,  processing 0 (0.0 per sec) reads @ chrUn_KI270748v1:0-93321
ForkPoolWorker-39 countReadsInRegions_worker: processing 93321 (4639122.0 per sec) @ chrUn_KI270748v1:0-93321
ForkPoolWorker-39,  processing 0 (0.0 per sec) reads @ chrUn_GL000226v1:0-15008
ForkPoolWorker-39 countReadsInRegions_worker: processing 15008 (1433310.1 per sec) @ chrUn_GL000226v1:0-15008
ForkPoolWorker-39,  processing 0 (0.0 per sec) reads @ chrUn_KI270303v1:0-1942
ForkPoolWorker-39 countReadsInRegions_worker: processing 1942 (214249.5 per sec) @ chrUn_KI270303v1:0-1942
ForkPoolWorker-39,  processing 0 (0.0 per sec) reads @ chr1:125000000-130000000
ForkPoolWorker-39 countReadsInRegions_worker: processing 5000000 (7245314.7 per sec) @ chr1:125000000-130000000
ForkPoolWorker-39,  processing 0 (0.0 per sec) reads @ chr9:45000000-50000000
ForkPoolWorker-39 countReadsInRegions_worker: processing 5000000 (6842822.6 per sec) @ chr9:45000000-50000000
ForkPoolWorker-39,  processing 0 (0.0 per sec) reads @ chr15:10000000-15000000
ForkPoolWorker-39 countReadsInRegions_worker: processing 5000000 (6958834.7 per sec) @ chr15:10000000-15000000
ForkPoolWorker-39,  processing 0 (0.0 per sec) reads @ chrUn_KI270522v1:0-5674
ForkPoolWorker-39 countReadsInRegions_worker: processing 5674 (596094.6 per sec) @ chrUn_KI270522v1:0-5674
ForkPoolWorker-39,  processing 55 (31622.6 per sec) reads @ chr5:60000000-65000000
ForkPoolWorker-39 countReadsInRegions_worker: processing 5000000 (6954874.5 per sec) @ chr5:60000000-65000000
ForkPoolWorker-39,  processing 0 (0.0 per sec) reads @ chr1:135000000-140000000
ForkPoolWorker-39 countReadsInRegions_worker: processing 5000000 (6959111.8 per sec) @ chr1:135000000-140000000
ForkPoolWorker-39,  processing 413 (54805.8 per sec) reads @ chr2:70000000-75000000
ForkPoolWorker-39 countReadsInRegions_worker: processing 5000000 (6936299.5 per sec) @ chr2:70000000-75000000
ForkPoolWorker-39,  processing 147 (53980.3 per sec) reads @ chr12:125000000-130000000
ForkPoolWorker-39 countReadsInRegions_worker: processing 5000000 (6914324.6 per sec) @ chr12:125000000-130000000
ForkPoolWorker-39,  processing 0 (0.0 per sec) reads @ chrY:50000000-55000000
ForkPoolWorker-39 countReadsInRegions_worker: processing 5000000 (6851458.6 per sec) @ chrY:50000000-55000000
ForkPoolWorker-39,  processing 559 (81614.3 per sec) reads @ chr15:70000000-75000000
ForkPoolWorker-39 countReadsInRegions_worker: processing 5000000 (6910515.2 per sec) @ chr15:70000000-75000000
ForkPoolWorker-39,  processing 0 (0.0 per sec) reads @ chr11:50000000-55000000
ForkPoolWorker-39 countReadsInRegions_worker: processing 5000000 (7006996.5 per sec) @ chr11:50000000-55000000
ForkPoolWorker-39,  processing 0 (0.0 per sec) reads @ chrUn_KI270393v1:0-1308
ForkPoolWorker-39 countReadsInRegions_worker: processing 1308 (138409.8 per sec) @ chrUn_KI270393v1:0-1308
ForkPoolWorker-39,  processing 0 (0.0 per sec) reads @ chrUn_KI270741v1:0-157432
ForkPoolWorker-39 countReadsInRegions_worker: processing 157432 (5082416.1 per sec) @ chrUn_KI270741v1:0-157432
ForkPoolWorker-39,  processing 77 (53943.8 per sec) reads @ chr11:90000000-95000000
ForkPoolWorker-39 countReadsInRegions_worker: processing 5000000 (7017134.4 per sec) @ chr11:90000000-95000000
ForkPoolWorker-39,  processing 42 (42244.8 per sec) reads @ chr6:70000000-75000000
ForkPoolWorker-39 countReadsInRegions_worker: processing 5000000 (7854157.7 per sec) @ chr6:70000000-75000000
ForkPoolWorker-39,  processing 653 (88024.4 per sec) reads @ chr5:0-5000000
ForkPoolWorker-39 countReadsInRegions_worker: processing 5000000 (8128266.1 per sec) @ chr5:0-5000000
ForkPoolWorker-16,  processing 321 (4201.8 per sec) reads @ chr1:105000000-110000000
ForkPoolWorker-16 countReadsInRegions_worker: processing 5000000 (6104229.5 per sec) @ chr1:105000000-110000000
ForkPoolWorker-16,  processing 30 (25842.9 per sec) reads @ chrX:75000000-80000000
ForkPoolWorker-16 countReadsInRegions_worker: processing 5000000 (6910840.8 per sec) @ chrX:75000000-80000000
ForkPoolWorker-16,  processing 279 (69726.0 per sec) reads @ chr7:95000000-100000000
ForkPoolWorker-16 countReadsInRegions_worker: processing 5000000 (6933914.4 per sec) @ chr7:95000000-100000000
ForkPoolWorker-16,  processing 0 (0.0 per sec) reads @ chrUn_GL000213v1:0-164239
ForkPoolWorker-16 countReadsInRegions_worker: processing 164239 (5228879.7 per sec) @ chrUn_GL000213v1:0-164239
ForkPoolWorker-16,  processing 392 (79566.7 per sec) reads @ chrX:70000000-75000000
ForkPoolWorker-16 countReadsInRegions_worker: processing 5000000 (7122979.8 per sec) @ chrX:70000000-75000000
ForkPoolWorker-16,  processing 1168 (106996.6 per sec) reads @ chr1:120000000-125000000
ForkPoolWorker-16 countReadsInRegions_worker: processing 5000000 (7059839.0 per sec) @ chr1:120000000-125000000
ForkPoolWorker-16,  processing 34 (34714.3 per sec) reads @ chr18:25000000-30000000
ForkPoolWorker-16 countReadsInRegions_worker: processing 5000000 (7100570.2 per sec) @ chr18:25000000-30000000
ForkPoolWorker-16,  processing 135 (57172.0 per sec) reads @ chr15:25000000-30000000
ForkPoolWorker-16 countReadsInRegions_worker: processing 5000000 (7008064.2 per sec) @ chr15:25000000-30000000
ForkPoolWorker-16,  processing 0 (0.0 per sec) reads @ chrUn_KI270411v1:0-2646
ForkPoolWorker-16 countReadsInRegions_worker: processing 2646 (274964.8 per sec) @ chrUn_KI270411v1:0-2646
ForkPoolWorker-16,  processing 283 (74672.1 per sec) reads @ chr2:230000000-235000000
ForkPoolWorker-16 countReadsInRegions_worker: processing 5000000 (6982553.5 per sec) @ chr2:230000000-235000000
ForkPoolWorker-16,  processing 0 (0.0 per sec) reads @ chrUn_KI270754v1:0-40191
ForkPoolWorker-16 countReadsInRegions_worker: processing 40191 (2801151.1 per sec) @ chrUn_KI270754v1:0-40191
ForkPoolWorker-16,  processing 54 (43657.0 per sec) reads @ chr13:35000000-40000000
ForkPoolWorker-16 countReadsInRegions_worker: processing 5000000 (7072171.4 per sec) @ chr13:35000000-40000000
ForkPoolWorker-16,  processing 28 (32487.0 per sec) reads @ chrX:155000000-156040895
ForkPoolWorker-16 countReadsInRegions_worker: processing 1040895 (6745490.8 per sec) @ chrX:155000000-156040895
ForkPoolWorker-16,  processing 963 (88548.0 per sec) reads @ chr14:20000000-25000000
ForkPoolWorker-16 countReadsInRegions_worker: processing 5000000 (6972802.7 per sec) @ chr14:20000000-25000000
ForkPoolWorker-16,  processing 831 (98802.8 per sec) reads @ chr6:50000000-55000000
ForkPoolWorker-16 countReadsInRegions_worker: processing 5000000 (6987185.4 per sec) @ chr6:50000000-55000000
ForkPoolWorker-16,  processing 667 (80687.6 per sec) reads @ chr10:100000000-105000000
ForkPoolWorker-16 countReadsInRegions_worker: processing 5000000 (7811442.4 per sec) @ chr10:100000000-105000000
ForkPoolWorker-13,  processing 0 (0.0 per sec) reads @ chrUn_KI270322v1:0-21476
ForkPoolWorker-13 countReadsInRegions_worker: processing 21476 (346224.5 per sec) @ chrUn_KI270322v1:0-21476
ForkPoolWorker-13,  processing 77 (45043.4 per sec) reads @ chr10:45000000-50000000
ForkPoolWorker-13 countReadsInRegions_worker: processing 5000000 (6760250.3 per sec) @ chr10:45000000-50000000
ForkPoolWorker-13,  processing 2013 (90779.6 per sec) reads @ chr11:0-5000000
ForkPoolWorker-13 countReadsInRegions_worker: processing 5000000 (6890654.2 per sec) @ chr11:0-5000000
ForkPoolWorker-13,  processing 27 (30078.7 per sec) reads @ chr8:55000000-60000000
ForkPoolWorker-13 countReadsInRegions_worker: processing 5000000 (7163698.6 per sec) @ chr8:55000000-60000000
ForkPoolWorker-13,  processing 97 (56109.2 per sec) reads @ chr12:10000000-15000000
ForkPoolWorker-13 countReadsInRegions_worker: processing 5000000 (7161927.4 per sec) @ chr12:10000000-15000000
ForkPoolWorker-13,  processing 68 (50293.2 per sec) reads @ chr9:20000000-25000000
ForkPoolWorker-13 countReadsInRegions_worker: processing 5000000 (7151303.7 per sec) @ chr9:20000000-25000000
ForkPoolWorker-13,  processing 120 (57033.0 per sec) reads @ chrX:100000000-105000000
ForkPoolWorker-13 countReadsInRegions_worker: processing 5000000 (7137503.6 per sec) @ chrX:100000000-105000000
ForkPoolWorker-13,  processing 9 (14111.7 per sec) reads @ chrX:90000000-95000000
ForkPoolWorker-13 countReadsInRegions_worker: processing 5000000 (7143625.5 per sec) @ chrX:90000000-95000000
ForkPoolWorker-13,  processing 0 (0.0 per sec) reads @ chrUn_KI270579v1:0-31033
ForkPoolWorker-13 countReadsInRegions_worker: processing 31033 (2338096.6 per sec) @ chrUn_KI270579v1:0-31033
ForkPoolWorker-13,  processing 0 (0.0 per sec) reads @ chr22_KI270738v1_random:0-99375
ForkPoolWorker-13 countReadsInRegions_worker: processing 99375 (4469226.1 per sec) @ chr22_KI270738v1_random:0-99375
ForkPoolWorker-13,  processing 116 (57395.2 per sec) reads @ chr2:45000000-50000000
ForkPoolWorker-13 countReadsInRegions_worker: processing 5000000 (7125223.3 per sec) @ chr2:45000000-50000000
ForkPoolWorker-13,  processing 207 (69153.4 per sec) reads @ chr3:35000000-40000000
ForkPoolWorker-13 countReadsInRegions_worker: processing 5000000 (7089159.4 per sec) @ chr3:35000000-40000000
ForkPoolWorker-13,  processing 0 (0.0 per sec) reads @ chr5_GL000208v1_random:0-92689
ForkPoolWorker-13 countReadsInRegions_worker: processing 92689 (4403582.1 per sec) @ chr5_GL000208v1_random:0-92689
ForkPoolWorker-13,  processing 208 (64219.0 per sec) reads @ chr17:30000000-35000000
ForkPoolWorker-13 countReadsInRegions_worker: processing 5000000 (7073340.2 per sec) @ chr17:30000000-35000000
ForkPoolWorker-13,  processing 1 (2372.3 per sec) reads @ chrUn_KI270745v1:0-41891
ForkPoolWorker-13 countReadsInRegions_worker: processing 41891 (2856411.6 per sec) @ chrUn_KI270745v1:0-41891
ForkPoolWorker-13,  processing 0 (0.0 per sec) reads @ chr14_KI270725v1_random:0-172810
ForkPoolWorker-13 countReadsInRegions_worker: processing 172810 (5344868.9 per sec) @ chr14_KI270725v1_random:0-172810
ForkPoolWorker-13,  processing 129 (57985.8 per sec) reads @ chr10:65000000-70000000
ForkPoolWorker-13 countReadsInRegions_worker: processing 5000000 (7049724.4 per sec) @ chr10:65000000-70000000
ForkPoolWorker-13,  processing 74 (54129.5 per sec) reads @ chr4:145000000-150000000
ForkPoolWorker-13 countReadsInRegions_worker: processing 5000000 (7585141.3 per sec) @ chr4:145000000-150000000
ForkPoolWorker-13,  processing 0 (0.0 per sec) reads @ chr11_KI270721v1_random:0-100316
ForkPoolWorker-13 countReadsInRegions_worker: processing 100316 (5223276.3 per sec) @ chr11_KI270721v1_random:0-100316
ForkPoolWorker-13,  processing 130 (50203.4 per sec) reads @ chr12:30000000-35000000
ForkPoolWorker-13 countReadsInRegions_worker: processing 5000000 (8185077.9 per sec) @ chr12:30000000-35000000
ForkPoolWorker-4,  processing 25 (339.4 per sec) reads @ chr5:120000000-125000000
ForkPoolWorker-4 countReadsInRegions_worker: processing 5000000 (6233887.3 per sec) @ chr5:120000000-125000000
ForkPoolWorker-4,  processing 0 (0.0 per sec) reads @ chr22_KI270735v1_random:0-42811
ForkPoolWorker-4 countReadsInRegions_worker: processing 42811 (2984845.7 per sec) @ chr22_KI270735v1_random:0-42811
ForkPoolWorker-4,  processing 395 (74898.3 per sec) reads @ chr20:30000000-35000000
ForkPoolWorker-4 countReadsInRegions_worker: processing 5000000 (6818798.0 per sec) @ chr20:30000000-35000000
ForkPoolWorker-4,  processing 70 (54441.2 per sec) reads @ chr6:125000000-130000000
ForkPoolWorker-4 countReadsInRegions_worker: processing 5000000 (6943062.4 per sec) @ chr6:125000000-130000000
ForkPoolWorker-4,  processing 254 (69237.2 per sec) reads @ chr16:15000000-20000000
ForkPoolWorker-4 countReadsInRegions_worker: processing 5000000 (6858339.6 per sec) @ chr16:15000000-20000000
ForkPoolWorker-4,  processing 202 (70727.9 per sec) reads @ chr17:65000000-70000000
ForkPoolWorker-4 countReadsInRegions_worker: processing 5000000 (6921981.4 per sec) @ chr17:65000000-70000000
ForkPoolWorker-4,  processing 25 (36625.1 per sec) reads @ chr1_KI270713v1_random:0-40745
ForkPoolWorker-4 countReadsInRegions_worker: processing 40745 (2868986.5 per sec) @ chr1_KI270713v1_random:0-40745
ForkPoolWorker-4,  processing 0 (0.0 per sec) reads @ chr14:0-5000000
ForkPoolWorker-4 countReadsInRegions_worker: processing 5000000 (6956461.7 per sec) @ chr14:0-5000000
ForkPoolWorker-4,  processing 222 (76122.9 per sec) reads @ chr6:165000000-170000000
ForkPoolWorker-4 countReadsInRegions_worker: processing 5000000 (6921947.1 per sec) @ chr6:165000000-170000000
ForkPoolWorker-4,  processing 86 (49946.0 per sec) reads @ chr17:10000000-15000000
ForkPoolWorker-4 countReadsInRegions_worker: processing 5000000 (6981935.2 per sec) @ chr17:10000000-15000000
ForkPoolWorker-4,  processing 680 (80495.8 per sec) reads @ chr3:125000000-130000000
ForkPoolWorker-4 countReadsInRegions_worker: processing 5000000 (6926855.8 per sec) @ chr3:125000000-130000000
ForkPoolWorker-4,  processing 23 (27978.2 per sec) reads @ chr11:100000000-105000000
ForkPoolWorker-4 countReadsInRegions_worker: processing 5000000 (7041839.3 per sec) @ chr11:100000000-105000000
ForkPoolWorker-4,  processing 60 (47491.6 per sec) reads @ chr4:35000000-40000000
ForkPoolWorker-4 countReadsInRegions_worker: processing 5000000 (7038821.1 per sec) @ chr4:35000000-40000000
ForkPoolWorker-4,  processing 44 (42434.9 per sec) reads @ chr5:115000000-120000000
ForkPoolWorker-4 countReadsInRegions_worker: processing 5000000 (7752777.9 per sec) @ chr5:115000000-120000000
ForkPoolWorker-4,  processing 1280 (89544.2 per sec) reads @ chr22:35000000-40000000
ForkPoolWorker-4 countReadsInRegions_worker: processing 5000000 (8053820.4 per sec) @ chr22:35000000-40000000
ForkPoolWorker-4,  processing 0 (0.0 per sec) reads @ chrUn_KI270435v1:0-92983
ForkPoolWorker-4 countReadsInRegions_worker: processing 92983 (4910959.9 per sec) @ chrUn_KI270435v1:0-92983
ForkPoolWorker-41,  processing 0 (0.0 per sec) reads @ chrUn_KI270425v1:0-1884
ForkPoolWorker-41 countReadsInRegions_worker: processing 1884 (34692.4 per sec) @ chrUn_KI270425v1:0-1884
ForkPoolWorker-41,  processing 151 (43714.8 per sec) reads @ chr6:15000000-20000000
ForkPoolWorker-41 countReadsInRegions_worker: processing 5000000 (6670958.8 per sec) @ chr6:15000000-20000000
ForkPoolWorker-41,  processing 39 (24788.3 per sec) reads @ chrX:5000000-10000000
ForkPoolWorker-41 countReadsInRegions_worker: processing 5000000 (5388730.0 per sec) @ chrX:5000000-10000000
ForkPoolWorker-41,  processing 138 (50406.2 per sec) reads @ chr12:115000000-120000000
ForkPoolWorker-41 countReadsInRegions_worker: processing 5000000 (7095954.9 per sec) @ chr12:115000000-120000000
ForkPoolWorker-41,  processing 3329 (110237.0 per sec) reads @ chr1:140000000-145000000
ForkPoolWorker-41 countReadsInRegions_worker: processing 5000000 (6839745.0 per sec) @ chr1:140000000-145000000
ForkPoolWorker-41,  processing 32 (33884.8 per sec) reads @ chr13:15000000-20000000
ForkPoolWorker-41 countReadsInRegions_worker: processing 5000000 (7113957.5 per sec) @ chr13:15000000-20000000
ForkPoolWorker-41,  processing 16 (22764.2 per sec) reads @ chr13:80000000-85000000
ForkPoolWorker-41 countReadsInRegions_worker: processing 5000000 (7120844.2 per sec) @ chr13:80000000-85000000
ForkPoolWorker-41,  processing 239 (73358.1 per sec) reads @ chr7:140000000-145000000
ForkPoolWorker-41 countReadsInRegions_worker: processing 5000000 (7099652.0 per sec) @ chr7:140000000-145000000
ForkPoolWorker-41,  processing 128 (57065.4 per sec) reads @ chr11:15000000-20000000
ForkPoolWorker-41 countReadsInRegions_worker: processing 5000000 (7077754.1 per sec) @ chr11:15000000-20000000
ForkPoolWorker-41,  processing 0 (0.0 per sec) reads @ chrUn_KI270580v1:0-1553
ForkPoolWorker-41 countReadsInRegions_worker: processing 1553 (157079.1 per sec) @ chrUn_KI270580v1:0-1553
ForkPoolWorker-41,  processing 1602 (88355.7 per sec) reads @ chr17:0-5000000
ForkPoolWorker-41 countReadsInRegions_worker: processing 5000000 (6910166.8 per sec) @ chr17:0-5000000
ForkPoolWorker-41,  processing 41 (39038.9 per sec) reads @ chr10:35000000-40000000
ForkPoolWorker-41 countReadsInRegions_worker: processing 5000000 (7088555.6 per sec) @ chr10:35000000-40000000
ForkPoolWorker-41,  processing 38 (33625.2 per sec) reads @ chr4:185000000-190000000
ForkPoolWorker-41 countReadsInRegions_worker: processing 5000000 (7015491.2 per sec) @ chr4:185000000-190000000
ForkPoolWorker-41,  processing 0 (0.0 per sec) reads @ chrUn_KI270468v1:0-4055
ForkPoolWorker-41 countReadsInRegions_worker: processing 4055 (429362.4 per sec) @ chrUn_KI270468v1:0-4055
ForkPoolWorker-41,  processing 32 (34344.4 per sec) reads @ chr5:15000000-20000000
ForkPoolWorker-41 countReadsInRegions_worker: processing 5000000 (7886834.9 per sec) @ chr5:15000000-20000000
ForkPoolWorker-41,  processing 246 (74203.4 per sec) reads @ chr11:5000000-10000000
ForkPoolWorker-41 countReadsInRegions_worker: processing 5000000 (8203067.7 per sec) @ chr11:5000000-10000000
ForkPoolWorker-17,  processing 17 (259.6 per sec) reads @ chrX:80000000-85000000
ForkPoolWorker-17 countReadsInRegions_worker: processing 5000000 (6154191.1 per sec) @ chrX:80000000-85000000
ForkPoolWorker-17,  processing 1368 (85607.0 per sec) reads @ chr22:40000000-45000000
ForkPoolWorker-17 countReadsInRegions_worker: processing 5000000 (6608577.2 per sec) @ chr22:40000000-45000000
ForkPoolWorker-17,  processing 94 (55971.7 per sec) reads @ chr12:100000000-105000000
ForkPoolWorker-17 countReadsInRegions_worker: processing 5000000 (6945925.4 per sec) @ chr12:100000000-105000000
ForkPoolWorker-17,  processing 182 (68066.3 per sec) reads @ chr2:60000000-65000000
ForkPoolWorker-17 countReadsInRegions_worker: processing 5000000 (6993807.7 per sec) @ chr2:60000000-65000000
ForkPoolWorker-17,  processing 0 (0.0 per sec) reads @ chr9_KI270718v1_random:0-38054
ForkPoolWorker-17 countReadsInRegions_worker: processing 38054 (2762088.5 per sec) @ chr9_KI270718v1_random:0-38054
ForkPoolWorker-17,  processing 41 (38566.2 per sec) reads @ chr2:180000000-185000000
ForkPoolWorker-17 countReadsInRegions_worker: processing 5000000 (6957858.1 per sec) @ chr2:180000000-185000000
ForkPoolWorker-17,  processing 133 (56691.3 per sec) reads @ chr13:50000000-55000000
ForkPoolWorker-17 countReadsInRegions_worker: processing 5000000 (6941389.4 per sec) @ chr13:50000000-55000000
ForkPoolWorker-17,  processing 627 (91462.8 per sec) reads @ chr15:80000000-85000000
ForkPoolWorker-17 countReadsInRegions_worker: processing 5000000 (6902106.8 per sec) @ chr15:80000000-85000000
ForkPoolWorker-17,  processing 380 (79903.5 per sec) reads @ chr15:85000000-90000000
ForkPoolWorker-17 countReadsInRegions_worker: processing 5000000 (6928679.7 per sec) @ chr15:85000000-90000000
ForkPoolWorker-17,  processing 70 (50525.1 per sec) reads @ chr3:75000000-80000000
ForkPoolWorker-17 countReadsInRegions_worker: processing 5000000 (6975892.2 per sec) @ chr3:75000000-80000000
ForkPoolWorker-17,  processing 0 (0.0 per sec) reads @ chr9_KI270720v1_random:0-39050
ForkPoolWorker-17 countReadsInRegions_worker: processing 39050 (2842349.9 per sec) @ chr9_KI270720v1_random:0-39050
ForkPoolWorker-17,  processing 343 (77114.4 per sec) reads @ chr5:150000000-155000000
ForkPoolWorker-17 countReadsInRegions_worker: processing 5000000 (6985905.3 per sec) @ chr5:150000000-155000000
ForkPoolWorker-17,  processing 484 (77955.7 per sec) reads @ chr1:30000000-35000000
ForkPoolWorker-17 countReadsInRegions_worker: processing 5000000 (6962341.7 per sec) @ chr1:30000000-35000000
ForkPoolWorker-17,  processing 0 (0.0 per sec) reads @ chr21:0-5000000
ForkPoolWorker-17 countReadsInRegions_worker: processing 5000000 (7822488.3 per sec) @ chr21:0-5000000
ForkPoolWorker-17,  processing 0 (0.0 per sec) reads @ chr2_KI270715v1_random:0-161471
ForkPoolWorker-17 countReadsInRegions_worker: processing 161471 (5862795.9 per sec) @ chr2_KI270715v1_random:0-161471
ForkPoolWorker-17,  processing 2000 (91456.9 per sec) reads @ chr19:15000000-20000000
ForkPoolWorker-17 countReadsInRegions_worker: processing 5000000 (7972891.9 per sec) @ chr19:15000000-20000000
ForkPoolWorker-20,  processing 53 (734.7 per sec) reads @ chr5:35000000-40000000
ForkPoolWorker-20 countReadsInRegions_worker: processing 5000000 (6161390.9 per sec) @ chr5:35000000-40000000
ForkPoolWorker-20,  processing 0 (0.0 per sec) reads @ chrUn_KI270544v1:0-1202
ForkPoolWorker-20 countReadsInRegions_worker: processing 1202 (113691.9 per sec) @ chrUn_KI270544v1:0-1202
ForkPoolWorker-20,  processing 24 (24018.9 per sec) reads @ chr1:190000000-195000000
ForkPoolWorker-20 countReadsInRegions_worker: processing 5000000 (6976091.7 per sec) @ chr1:190000000-195000000
ForkPoolWorker-20,  processing 691 (88058.3 per sec) reads @ chr6:25000000-30000000
ForkPoolWorker-20 countReadsInRegions_worker: processing 5000000 (6917907.8 per sec) @ chr6:25000000-30000000
ForkPoolWorker-20,  processing 0 (0.0 per sec) reads @ chrUn_KI270320v1:0-4416
ForkPoolWorker-20 countReadsInRegions_worker: processing 4416 (447370.8 per sec) @ chrUn_KI270320v1:0-4416
ForkPoolWorker-20,  processing 1317 (84693.8 per sec) reads @ chr17:40000000-45000000
ForkPoolWorker-20 countReadsInRegions_worker: processing 5000000 (6857299.1 per sec) @ chr17:40000000-45000000
ForkPoolWorker-20,  processing 0 (0.0 per sec) reads @ chrUn_KI270742v1:0-186739
ForkPoolWorker-20 countReadsInRegions_worker: processing 186739 (5260846.8 per sec) @ chrUn_KI270742v1:0-186739
ForkPoolWorker-20,  processing 150 (62670.1 per sec) reads @ chr4:80000000-85000000
ForkPoolWorker-20 countReadsInRegions_worker: processing 5000000 (6959800.0 per sec) @ chr4:80000000-85000000
ForkPoolWorker-20,  processing 218 (68154.3 per sec) reads @ chr5:140000000-145000000
ForkPoolWorker-20 countReadsInRegions_worker: processing 5000000 (6940642.8 per sec) @ chr5:140000000-145000000
ForkPoolWorker-20,  processing 0 (0.0 per sec) reads @ chrUn_KI270362v1:0-3530
ForkPoolWorker-20 countReadsInRegions_worker: processing 3530 (343460.5 per sec) @ chrUn_KI270362v1:0-3530
ForkPoolWorker-20,  processing 61 (41253.2 per sec) reads @ chr4:70000000-75000000
ForkPoolWorker-20 countReadsInRegions_worker: processing 5000000 (6927318.0 per sec) @ chr4:70000000-75000000
ForkPoolWorker-20,  processing 55 (37657.0 per sec) reads @ chr4:150000000-155000000
ForkPoolWorker-20 countReadsInRegions_worker: processing 5000000 (6974741.4 per sec) @ chr4:150000000-155000000
ForkPoolWorker-20,  processing 109 (60892.3 per sec) reads @ chr16:5000000-10000000
ForkPoolWorker-20 countReadsInRegions_worker: processing 5000000 (6972856.0 per sec) @ chr16:5000000-10000000
ForkPoolWorker-20,  processing 171 (64591.7 per sec) reads @ chr5:170000000-175000000
ForkPoolWorker-20 countReadsInRegions_worker: processing 5000000 (6968294.1 per sec) @ chr5:170000000-175000000
ForkPoolWorker-20,  processing 121 (58321.2 per sec) reads @ chr1:235000000-240000000
ForkPoolWorker-20 countReadsInRegions_worker: processing 5000000 (7003484.1 per sec) @ chr1:235000000-240000000
ForkPoolWorker-20,  processing 26 (30762.2 per sec) reads @ chr10:105000000-110000000
ForkPoolWorker-20 countReadsInRegions_worker: processing 5000000 (7677232.6 per sec) @ chr10:105000000-110000000
ForkPoolWorker-33,  processing 26 (378.4 per sec) reads @ chr2:190000000-195000000
ForkPoolWorker-33 countReadsInRegions_worker: processing 5000000 (6185059.4 per sec) @ chr2:190000000-195000000
ForkPoolWorker-33,  processing 3029 (107031.6 per sec) reads @ chr10:85000000-90000000
ForkPoolWorker-33 countReadsInRegions_worker: processing 5000000 (6765416.7 per sec) @ chr10:85000000-90000000
ForkPoolWorker-33,  processing 3 (5156.9 per sec) reads @ chrY:5000000-10000000
ForkPoolWorker-33 countReadsInRegions_worker: processing 5000000 (7046278.0 per sec) @ chrY:5000000-10000000
ForkPoolWorker-33,  processing 75 (49948.0 per sec) reads @ chr4:110000000-115000000
ForkPoolWorker-33 countReadsInRegions_worker: processing 5000000 (7021619.5 per sec) @ chr4:110000000-115000000
ForkPoolWorker-33,  processing 233 (64561.9 per sec) reads @ chr20:55000000-60000000
ForkPoolWorker-33 countReadsInRegions_worker: processing 5000000 (6954710.8 per sec) @ chr20:55000000-60000000
ForkPoolWorker-33,  processing 176 (65740.3 per sec) reads @ chr18:75000000-80000000
ForkPoolWorker-33 countReadsInRegions_worker: processing 5000000 (6958003.5 per sec) @ chr18:75000000-80000000
ForkPoolWorker-33,  processing 6 (9668.0 per sec) reads @ chr16:60000000-65000000
ForkPoolWorker-33 countReadsInRegions_worker: processing 5000000 (6922486.3 per sec) @ chr16:60000000-65000000
ForkPoolWorker-33,  processing 16 (20958.4 per sec) reads @ chr6:100000000-105000000
ForkPoolWorker-33 countReadsInRegions_worker: processing 5000000 (6949186.8 per sec) @ chr6:100000000-105000000
ForkPoolWorker-33,  processing 0 (0.0 per sec) reads @ chrUn_KI270429v1:0-1361
ForkPoolWorker-33 countReadsInRegions_worker: processing 1361 (133546.6 per sec) @ chrUn_KI270429v1:0-1361
ForkPoolWorker-33,  processing 319 (78691.0 per sec) reads @ chr8:35000000-40000000
ForkPoolWorker-33 countReadsInRegions_worker: processing 5000000 (6919706.5 per sec) @ chr8:35000000-40000000
ForkPoolWorker-33,  processing 0 (0.0 per sec) reads @ chrUn_KI270588v1:0-6158
ForkPoolWorker-33 countReadsInRegions_worker: processing 6158 (563166.9 per sec) @ chrUn_KI270588v1:0-6158
ForkPoolWorker-33,  processing 0 (0.0 per sec) reads @ chrUn_KI270516v1:0-1300
ForkPoolWorker-33 countReadsInRegions_worker: processing 1300 (139548.9 per sec) @ chrUn_KI270516v1:0-1300
ForkPoolWorker-33,  processing 175 (66335.6 per sec) reads @ chr10:120000000-125000000
ForkPoolWorker-33 countReadsInRegions_worker: processing 5000000 (6927942.7 per sec) @ chr10:120000000-125000000
ForkPoolWorker-33,  processing 0 (0.0 per sec) reads @ chr22_KI270737v1_random:0-103838
ForkPoolWorker-33 countReadsInRegions_worker: processing 103838 (4221011.0 per sec) @ chr22_KI270737v1_random:0-103838
ForkPoolWorker-33,  processing 2 (3848.0 per sec) reads @ chr21:20000000-25000000
ForkPoolWorker-33 countReadsInRegions_worker: processing 5000000 (7061876.3 per sec) @ chr21:20000000-25000000
ForkPoolWorker-33,  processing 53 (44098.0 per sec) reads @ chr5:80000000-85000000
ForkPoolWorker-33 countReadsInRegions_worker: processing 5000000 (7846520.2 per sec) @ chr5:80000000-85000000
ForkPoolWorker-5,  processing 28 (391.7 per sec) reads @ chr3:175000000-180000000
ForkPoolWorker-5 countReadsInRegions_worker: processing 5000000 (6073293.6 per sec) @ chr3:175000000-180000000
ForkPoolWorker-5,  processing 19 (15862.2 per sec) reads @ chr2:145000000-150000000
ForkPoolWorker-5 countReadsInRegions_worker: processing 5000000 (6886524.7 per sec) @ chr2:145000000-150000000
ForkPoolWorker-5,  processing 364 (71849.3 per sec) reads @ chr1:10000000-15000000
ForkPoolWorker-5 countReadsInRegions_worker: processing 5000000 (6926997.6 per sec) @ chr1:10000000-15000000
ForkPoolWorker-5,  processing 48 (40970.0 per sec) reads @ chr2:135000000-140000000
ForkPoolWorker-5 countReadsInRegions_worker: processing 5000000 (6964741.8 per sec) @ chr2:135000000-140000000
ForkPoolWorker-5,  processing 483 (74354.0 per sec) reads @ chr16:70000000-75000000
ForkPoolWorker-5 countReadsInRegions_worker: processing 5000000 (6940070.9 per sec) @ chr16:70000000-75000000
ForkPoolWorker-5,  processing 105 (55599.3 per sec) reads @ chr18:30000000-35000000
ForkPoolWorker-5 countReadsInRegions_worker: processing 5000000 (6973189.9 per sec) @ chr18:30000000-35000000
ForkPoolWorker-5,  processing 0 (0.0 per sec) reads @ chrUn_KI270744v1:0-168472
ForkPoolWorker-5 countReadsInRegions_worker: processing 168472 (5067757.6 per sec) @ chrUn_KI270744v1:0-168472
ForkPoolWorker-5,  processing 118 (60779.5 per sec) reads @ chr8:40000000-45000000
ForkPoolWorker-5 countReadsInRegions_worker: processing 5000000 (6902827.0 per sec) @ chr8:40000000-45000000
ForkPoolWorker-5,  processing 0 (0.0 per sec) reads @ chrUn_KI270315v1:0-2276
ForkPoolWorker-5 countReadsInRegions_worker: processing 2276 (240865.8 per sec) @ chrUn_KI270315v1:0-2276
ForkPoolWorker-5,  processing 0 (0.0 per sec) reads @ chrUn_KI270311v1:0-12399
ForkPoolWorker-5 countReadsInRegions_worker: processing 12399 (1161426.1 per sec) @ chrUn_KI270311v1:0-12399
ForkPoolWorker-5,  processing 95 (57881.9 per sec) reads @ chr7:45000000-50000000
ForkPoolWorker-5 countReadsInRegions_worker: processing 5000000 (6951925.8 per sec) @ chr7:45000000-50000000
ForkPoolWorker-5,  processing 202 (66170.7 per sec) reads @ chr9:95000000-100000000
ForkPoolWorker-5 countReadsInRegions_worker: processing 5000000 (6946896.4 per sec) @ chr9:95000000-100000000
ForkPoolWorker-5,  processing 0 (0.0 per sec) reads @ chr22_KI270731v1_random:0-150754
ForkPoolWorker-5 countReadsInRegions_worker: processing 150754 (5103745.3 per sec) @ chr22_KI270731v1_random:0-150754
ForkPoolWorker-5,  processing 42 (37306.4 per sec) reads @ chr2:15000000-20000000
ForkPoolWorker-5 countReadsInRegions_worker: processing 5000000 (6935269.6 per sec) @ chr2:15000000-20000000
ForkPoolWorker-5,  processing 91 (57258.0 per sec) reads @ chr12:75000000-80000000
ForkPoolWorker-5 countReadsInRegions_worker: processing 5000000 (7008239.8 per sec) @ chr12:75000000-80000000
ForkPoolWorker-5,  processing 11 (16869.2 per sec) reads @ chr7:60000000-65000000
ForkPoolWorker-5 countReadsInRegions_worker: processing 5000000 (7736589.9 per sec) @ chr7:60000000-65000000
ForkPoolWorker-19,  processing 1859 (20106.3 per sec) reads @ chr3:45000000-50000000
ForkPoolWorker-19 countReadsInRegions_worker: processing 5000000 (6025578.6 per sec) @ chr3:45000000-50000000
ForkPoolWorker-19,  processing 140 (52066.2 per sec) reads @ chr6:110000000-115000000
ForkPoolWorker-19 countReadsInRegions_worker: processing 5000000 (6806630.1 per sec) @ chr6:110000000-115000000
ForkPoolWorker-19,  processing 48 (33481.9 per sec) reads @ chr9:0-5000000
ForkPoolWorker-19 countReadsInRegions_worker: processing 5000000 (6851270.6 per sec) @ chr9:0-5000000
ForkPoolWorker-19,  processing 145 (65045.4 per sec) reads @ chr8:10000000-15000000
ForkPoolWorker-19 countReadsInRegions_worker: processing 5000000 (6848831.7 per sec) @ chr8:10000000-15000000
ForkPoolWorker-19,  processing 121 (54471.5 per sec) reads @ chr8:45000000-50000000
ForkPoolWorker-19 countReadsInRegions_worker: processing 5000000 (6891052.7 per sec) @ chr8:45000000-50000000
ForkPoolWorker-19,  processing 141 (55363.9 per sec) reads @ chr18:20000000-25000000
ForkPoolWorker-19 countReadsInRegions_worker: processing 5000000 (6854385.4 per sec) @ chr18:20000000-25000000
ForkPoolWorker-19,  processing 69 (47350.6 per sec) reads @ chr12:90000000-95000000
ForkPoolWorker-19 countReadsInRegions_worker: processing 5000000 (6879406.5 per sec) @ chr12:90000000-95000000
ForkPoolWorker-19,  processing 65 (45997.9 per sec) reads @ chrX:20000000-25000000
ForkPoolWorker-19 countReadsInRegions_worker: processing 5000000 (6904415.5 per sec) @ chrX:20000000-25000000
ForkPoolWorker-19,  processing 547 (76328.6 per sec) reads @ chr17:35000000-40000000
ForkPoolWorker-19 countReadsInRegions_worker: processing 5000000 (6880176.2 per sec) @ chr17:35000000-40000000
ForkPoolWorker-19,  processing 67 (51280.7 per sec) reads @ chr10:80000000-85000000
ForkPoolWorker-19 countReadsInRegions_worker: processing 5000000 (6949956.0 per sec) @ chr10:80000000-85000000
ForkPoolWorker-19,  processing 67 (49702.6 per sec) reads @ chr4:55000000-60000000
ForkPoolWorker-19 countReadsInRegions_worker: processing 5000000 (7123826.7 per sec) @ chr4:55000000-60000000
ForkPoolWorker-19,  processing 456 (82149.4 per sec) reads @ chrX:50000000-55000000
ForkPoolWorker-19 countReadsInRegions_worker: processing 5000000 (7922798.2 per sec) @ chrX:50000000-55000000
ForkPoolWorker-2,  processing 21744 (84886.3 per sec) reads @ chr1:145000000-150000000
ForkPoolWorker-2 countReadsInRegions_worker: processing 5000000 (5350274.7 per sec) @ chr1:145000000-150000000
ForkPoolWorker-2,  processing 0 (0.0 per sec) reads @ chrUn_KI270394v1:0-970
ForkPoolWorker-2 countReadsInRegions_worker: processing 970 (81166.6 per sec) @ chrUn_KI270394v1:0-970
ForkPoolWorker-2,  processing 33 (28485.7 per sec) reads @ chr4:25000000-30000000
ForkPoolWorker-2 countReadsInRegions_worker: processing 5000000 (6835974.9 per sec) @ chr4:25000000-30000000
ForkPoolWorker-2,  processing 706 (81157.1 per sec) reads @ chr7:5000000-10000000
ForkPoolWorker-2 countReadsInRegions_worker: processing 5000000 (6771800.1 per sec) @ chr7:5000000-10000000
ForkPoolWorker-2,  processing 32 (29628.6 per sec) reads @ chr20:10000000-15000000
ForkPoolWorker-2 countReadsInRegions_worker: processing 5000000 (6879311.8 per sec) @ chr20:10000000-15000000
ForkPoolWorker-2,  processing 56 (38068.2 per sec) reads @ chr2:110000000-115000000
ForkPoolWorker-2 countReadsInRegions_worker: processing 5000000 (6880076.8 per sec) @ chr2:110000000-115000000
ForkPoolWorker-2,  processing 12 (17512.8 per sec) reads @ chr3:90000000-95000000
ForkPoolWorker-2 countReadsInRegions_worker: processing 5000000 (6872490.0 per sec) @ chr3:90000000-95000000
ForkPoolWorker-2,  processing 3476 (89794.0 per sec) reads @ chr1:0-5000000
ForkPoolWorker-2 countReadsInRegions_worker: processing 5000000 (6555011.4 per sec) @ chr1:0-5000000
ForkPoolWorker-2,  processing 73 (44954.4 per sec) reads @ chr4:75000000-80000000
ForkPoolWorker-2 countReadsInRegions_worker: processing 5000000 (6872226.5 per sec) @ chr4:75000000-80000000
ForkPoolWorker-2,  processing 63 (44771.5 per sec) reads @ chr2:195000000-200000000
ForkPoolWorker-2 countReadsInRegions_worker: processing 5000000 (6906468.8 per sec) @ chr2:195000000-200000000
ForkPoolWorker-2,  processing 0 (0.0 per sec) reads @ chrUn_KI270395v1:0-1143
ForkPoolWorker-2 countReadsInRegions_worker: processing 1143 (117269.4 per sec) @ chrUn_KI270395v1:0-1143
ForkPoolWorker-2,  processing 0 (0.0 per sec) reads @ chrUn_KI270753v1:0-62944
ForkPoolWorker-2 countReadsInRegions_worker: processing 62944 (3508575.5 per sec) @ chrUn_KI270753v1:0-62944
ForkPoolWorker-2,  processing 8 (11428.6 per sec) reads @ chr9:40000000-45000000
ForkPoolWorker-2 countReadsInRegions_worker: processing 5000000 (6888560.6 per sec) @ chr9:40000000-45000000
ForkPoolWorker-2,  processing 0 (0.0 per sec) reads @ chrUn_GL000216v2:0-176608
ForkPoolWorker-2 countReadsInRegions_worker: processing 176608 (5231342.5 per sec) @ chrUn_GL000216v2:0-176608
ForkPoolWorker-2,  processing 10 (14644.9 per sec) reads @ chrX:140000000-145000000
ForkPoolWorker-2 countReadsInRegions_worker: processing 5000000 (7133242.9 per sec) @ chrX:140000000-145000000
ForkPoolWorker-2,  processing 4 (7836.2 per sec) reads @ chrX:25000000-30000000
ForkPoolWorker-2 countReadsInRegions_worker: processing 5000000 (8148393.4 per sec) @ chrX:25000000-30000000
ForkPoolWorker-26,  processing 166 (2299.5 per sec) reads @ chr1:180000000-185000000
ForkPoolWorker-26 countReadsInRegions_worker: processing 5000000 (6221348.9 per sec) @ chr1:180000000-185000000
ForkPoolWorker-26,  processing 66 (34375.3 per sec) reads @ chr11:85000000-90000000
ForkPoolWorker-26 countReadsInRegions_worker: processing 5000000 (6705181.1 per sec) @ chr11:85000000-90000000
ForkPoolWorker-26,  processing 81 (48918.4 per sec) reads @ chr7:90000000-95000000
ForkPoolWorker-26 countReadsInRegions_worker: processing 5000000 (6856028.0 per sec) @ chr7:90000000-95000000
ForkPoolWorker-26,  processing 0 (0.0 per sec) reads @ chrUn_KI270509v1:0-2318
ForkPoolWorker-26 countReadsInRegions_worker: processing 2318 (228236.0 per sec) @ chrUn_KI270509v1:0-2318
ForkPoolWorker-26,  processing 1794 (83174.9 per sec) reads @ chr7:0-5000000
ForkPoolWorker-26 countReadsInRegions_worker: processing 5000000 (6681117.5 per sec) @ chr7:0-5000000
ForkPoolWorker-26,  processing 1 (2117.3 per sec) reads @ chrUn_GL000219v1:0-179198
ForkPoolWorker-26 countReadsInRegions_worker: processing 179198 (4858945.8 per sec) @ chrUn_GL000219v1:0-179198
ForkPoolWorker-26,  processing 0 (0.0 per sec) reads @ chrUn_KI270518v1:0-2186
ForkPoolWorker-26 countReadsInRegions_worker: processing 2186 (210138.2 per sec) @ chrUn_KI270518v1:0-2186
ForkPoolWorker-26,  processing 407 (76468.5 per sec) reads @ chrX:0-5000000
ForkPoolWorker-26 countReadsInRegions_worker: processing 5000000 (6903606.4 per sec) @ chrX:0-5000000
ForkPoolWorker-26,  processing 198 (61037.2 per sec) reads @ chr1:45000000-50000000
ForkPoolWorker-26 countReadsInRegions_worker: processing 5000000 (6921583.8 per sec) @ chr1:45000000-50000000
ForkPoolWorker-26,  processing 1 (2144.3 per sec) reads @ chrEBV:0-171823
ForkPoolWorker-26 countReadsInRegions_worker: processing 171823 (5057779.2 per sec) @ chrEBV:0-171823
ForkPoolWorker-26,  processing 27 (28896.7 per sec) reads @ chr4:155000000-160000000
ForkPoolWorker-26 countReadsInRegions_worker: processing 5000000 (6985654.0 per sec) @ chr4:155000000-160000000
ForkPoolWorker-26,  processing 62 (47715.0 per sec) reads @ chr9:70000000-75000000
ForkPoolWorker-26 countReadsInRegions_worker: processing 5000000 (6937951.7 per sec) @ chr9:70000000-75000000
ForkPoolWorker-26,  processing 0 (0.0 per sec) reads @ chrUn_KI270593v1:0-3041
ForkPoolWorker-26 countReadsInRegions_worker: processing 3041 (289114.8 per sec) @ chrUn_KI270593v1:0-3041
ForkPoolWorker-26,  processing 0 (0.0 per sec) reads @ chrUn_KI270420v1:0-2321
ForkPoolWorker-26 countReadsInRegions_worker: processing 2321 (230610.2 per sec) @ chrUn_KI270420v1:0-2321
ForkPoolWorker-26,  processing 0 (0.0 per sec) reads @ chrUn_KI270529v1:0-1899
ForkPoolWorker-26 countReadsInRegions_worker: processing 1899 (187649.8 per sec) @ chrUn_KI270529v1:0-1899
ForkPoolWorker-26,  processing 5241 (95397.9 per sec) reads @ chr8:140000000-145000000
ForkPoolWorker-26 countReadsInRegions_worker: processing 5000000 (6473700.4 per sec) @ chr8:140000000-145000000
ForkPoolWorker-26,  processing 397 (72215.2 per sec) reads @ chr2:25000000-30000000
ForkPoolWorker-26 countReadsInRegions_worker: processing 5000000 (6913148.5 per sec) @ chr2:25000000-30000000
ForkPoolWorker-26,  processing 57 (39601.7 per sec) reads @ chr4:15000000-20000000
ForkPoolWorker-26 countReadsInRegions_worker: processing 5000000 (7129918.0 per sec) @ chr4:15000000-20000000
ForkPoolWorker-26,  processing 103 (61964.0 per sec) reads @ chr2:65000000-70000000
ForkPoolWorker-26 countReadsInRegions_worker: processing 5000000 (8154406.9 per sec) @ chr2:65000000-70000000
ForkPoolWorker-26,  processing 252 (75876.9 per sec) reads @ chr15:90000000-95000000
ForkPoolWorker-26 countReadsInRegions_worker: processing 5000000 (8305111.7 per sec) @ chr15:90000000-95000000
ForkPoolWorker-27,  processing 4 (57.2 per sec) reads @ chrUn_GL000220v1:0-161802
ForkPoolWorker-27 countReadsInRegions_worker: processing 161802 (1602713.9 per sec) @ chrUn_GL000220v1:0-161802
ForkPoolWorker-27,  processing 35 (37315.9 per sec) reads @ chr4:30000000-35000000
ForkPoolWorker-27 countReadsInRegions_worker: processing 5000000 (7397967.0 per sec) @ chr4:30000000-35000000
ForkPoolWorker-27,  processing 831 (77708.7 per sec) reads @ chr1:225000000-230000000
ForkPoolWorker-27 countReadsInRegions_worker: processing 5000000 (6799047.7 per sec) @ chr1:225000000-230000000
ForkPoolWorker-27,  processing 116 (52815.8 per sec) reads @ chr12:65000000-70000000
ForkPoolWorker-27 countReadsInRegions_worker: processing 5000000 (6956014.1 per sec) @ chr12:65000000-70000000
ForkPoolWorker-27,  processing 29 (28640.2 per sec) reads @ chr10:50000000-55000000
ForkPoolWorker-27 countReadsInRegions_worker: processing 5000000 (6990343.6 per sec) @ chr10:50000000-55000000
ForkPoolWorker-27,  processing 56 (41608.7 per sec) reads @ chr12:15000000-20000000
ForkPoolWorker-27 countReadsInRegions_worker: processing 5000000 (6973744.1 per sec) @ chr12:15000000-20000000
ForkPoolWorker-27,  processing 1509 (100041.2 per sec) reads @ chr6:10000000-15000000
ForkPoolWorker-27 countReadsInRegions_worker: processing 5000000 (6826508.9 per sec) @ chr6:10000000-15000000
ForkPoolWorker-27,  processing 11 (15252.0 per sec) reads @ chrX:30000000-35000000
ForkPoolWorker-27 countReadsInRegions_worker: processing 5000000 (6953975.1 per sec) @ chrX:30000000-35000000
ForkPoolWorker-27,  processing 13 (20300.1 per sec) reads @ chr16:90000000-90338345
ForkPoolWorker-27 countReadsInRegions_worker: processing 338345 (5251533.1 per sec) @ chr16:90000000-90338345
ForkPoolWorker-27,  processing 0 (0.0 per sec) reads @ chrUn_KI270757v1:0-71251
ForkPoolWorker-27 countReadsInRegions_worker: processing 71251 (3633326.3 per sec) @ chrUn_KI270757v1:0-71251
ForkPoolWorker-27,  processing 516 (91031.0 per sec) reads @ chr8:100000000-105000000
ForkPoolWorker-27 countReadsInRegions_worker: processing 5000000 (6900912.1 per sec) @ chr8:100000000-105000000
ForkPoolWorker-27,  processing 36 (28345.2 per sec) reads @ chr9:100000000-105000000
ForkPoolWorker-27 countReadsInRegions_worker: processing 5000000 (6957486.4 per sec) @ chr9:100000000-105000000
ForkPoolWorker-27,  processing 39 (34128.5 per sec) reads @ chr4:165000000-170000000
ForkPoolWorker-27 countReadsInRegions_worker: processing 5000000 (6958677.7 per sec) @ chr4:165000000-170000000
ForkPoolWorker-27,  processing 37 (34205.3 per sec) reads @ chr9:5000000-10000000
ForkPoolWorker-27 countReadsInRegions_worker: processing 5000000 (7080468.7 per sec) @ chr9:5000000-10000000
ForkPoolWorker-27,  processing 146 (74020.1 per sec) reads @ chr6:115000000-120000000
ForkPoolWorker-27 countReadsInRegions_worker: processing 5000000 (7885859.2 per sec) @ chr6:115000000-120000000
ForkPoolWorker-27,  processing 0 (0.0 per sec) reads @ chrUn_KI270424v1:0-2140
ForkPoolWorker-27 countReadsInRegions_worker: processing 2140 (242622.3 per sec) @ chrUn_KI270424v1:0-2140
ForkPoolWorker-32,  processing 60 (865.1 per sec) reads @ chr2:150000000-155000000
ForkPoolWorker-32 countReadsInRegions_worker: processing 5000000 (6115488.3 per sec) @ chr2:150000000-155000000
ForkPoolWorker-32,  processing 21 (15199.4 per sec) reads @ chr4:175000000-180000000
ForkPoolWorker-32 countReadsInRegions_worker: processing 5000000 (6744032.5 per sec) @ chr4:175000000-180000000
ForkPoolWorker-32,  processing 107 (49826.9 per sec) reads @ chr3:185000000-190000000
ForkPoolWorker-32 countReadsInRegions_worker: processing 5000000 (6797855.4 per sec) @ chr3:185000000-190000000
ForkPoolWorker-32,  processing 6 (8984.6 per sec) reads @ chrX:85000000-90000000
ForkPoolWorker-32 countReadsInRegions_worker: processing 5000000 (6823987.7 per sec) @ chrX:85000000-90000000
ForkPoolWorker-32,  processing 13 (17859.8 per sec) reads @ chrY:10000000-15000000
ForkPoolWorker-32 countReadsInRegions_worker: processing 5000000 (6881320.8 per sec) @ chrY:10000000-15000000
ForkPoolWorker-32,  processing 22 (24831.7 per sec) reads @ chr7:110000000-115000000
ForkPoolWorker-32 countReadsInRegions_worker: processing 5000000 (6869639.9 per sec) @ chr7:110000000-115000000
ForkPoolWorker-32,  processing 301 (67050.1 per sec) reads @ chr12:0-5000000
ForkPoolWorker-32 countReadsInRegions_worker: processing 5000000 (6834477.8 per sec) @ chr12:0-5000000
ForkPoolWorker-32,  processing 1009 (84904.3 per sec) reads @ chr16:25000000-30000000
ForkPoolWorker-32 countReadsInRegions_worker: processing 5000000 (6799058.8 per sec) @ chr16:25000000-30000000
ForkPoolWorker-32,  processing 27 (28079.9 per sec) reads @ chr7:85000000-90000000
ForkPoolWorker-32 countReadsInRegions_worker: processing 5000000 (6917907.8 per sec) @ chr7:85000000-90000000
ForkPoolWorker-32,  processing 198 (55837.6 per sec) reads @ chr14:30000000-35000000
ForkPoolWorker-32 countReadsInRegions_worker: processing 5000000 (6882632.9 per sec) @ chr14:30000000-35000000
ForkPoolWorker-32,  processing 41 (36815.8 per sec) reads @ chr6:55000000-60000000
ForkPoolWorker-32 countReadsInRegions_worker: processing 5000000 (7116837.7 per sec) @ chr6:55000000-60000000
ForkPoolWorker-32,  processing 118 (59759.5 per sec) reads @ chr20:50000000-55000000
ForkPoolWorker-32 countReadsInRegions_worker: processing 5000000 (7930279.1 per sec) @ chr20:50000000-55000000
ForkPoolWorker-21,  processing 461 (6216.4 per sec) reads @ chr22:15000000-20000000
ForkPoolWorker-21 countReadsInRegions_worker: processing 5000000 (6119914.2 per sec) @ chr22:15000000-20000000
ForkPoolWorker-21,  processing 3684 (108328.1 per sec) reads @ chr12:60000000-65000000
ForkPoolWorker-21 countReadsInRegions_worker: processing 5000000 (6511163.5 per sec) @ chr12:60000000-65000000
ForkPoolWorker-21,  processing 41 (36737.1 per sec) reads @ chr12:70000000-75000000
ForkPoolWorker-21 countReadsInRegions_worker: processing 5000000 (6838803.8 per sec) @ chr12:70000000-75000000
ForkPoolWorker-21,  processing 87 (53757.3 per sec) reads @ chr8:130000000-135000000
ForkPoolWorker-21 countReadsInRegions_worker: processing 5000000 (6843293.7 per sec) @ chr8:130000000-135000000
ForkPoolWorker-21,  processing 0 (0.0 per sec) reads @ chrUn_KI270528v1:0-2983
ForkPoolWorker-21 countReadsInRegions_worker: processing 2983 (301346.6 per sec) @ chrUn_KI270528v1:0-2983
ForkPoolWorker-21,  processing 137 (55262.5 per sec) reads @ chr21:35000000-40000000
ForkPoolWorker-21 countReadsInRegions_worker: processing 5000000 (6853276.7 per sec) @ chr21:35000000-40000000
ForkPoolWorker-21,  processing 325 (86390.1 per sec) reads @ chr12:95000000-100000000
ForkPoolWorker-21 countReadsInRegions_worker: processing 5000000 (6864259.2 per sec) @ chr12:95000000-100000000
ForkPoolWorker-21,  processing 38 (31762.4 per sec) reads @ chr13:100000000-105000000
ForkPoolWorker-21 countReadsInRegions_worker: processing 5000000 (6908835.0 per sec) @ chr13:100000000-105000000
ForkPoolWorker-21,  processing 116 (40926.9 per sec) reads @ chr11:125000000-130000000
ForkPoolWorker-21 countReadsInRegions_worker: processing 5000000 (6674474.7 per sec) @ chr11:125000000-130000000
ForkPoolWorker-21,  processing 0 (0.0 per sec) reads @ chrUn_KI270507v1:0-5353
ForkPoolWorker-21 countReadsInRegions_worker: processing 5353 (416080.3 per sec) @ chrUn_KI270507v1:0-5353
ForkPoolWorker-21,  processing 0 (0.0 per sec) reads @ chrUn_KI270381v1:0-1930
ForkPoolWorker-21 countReadsInRegions_worker: processing 1930 (103874.0 per sec) @ chrUn_KI270381v1:0-1930
ForkPoolWorker-21,  processing 452 (70579.1 per sec) reads @ chr3:10000000-15000000
ForkPoolWorker-21 countReadsInRegions_worker: processing 5000000 (6844003.9 per sec) @ chr3:10000000-15000000
ForkPoolWorker-21,  processing 9 (9941.7 per sec) reads @ chr13:85000000-90000000
ForkPoolWorker-21 countReadsInRegions_worker: processing 5000000 (6862734.0 per sec) @ chr13:85000000-90000000
ForkPoolWorker-21,  processing 9 (12487.2 per sec) reads @ chr18:40000000-45000000
ForkPoolWorker-21 countReadsInRegions_worker: processing 5000000 (7145548.4 per sec) @ chr18:40000000-45000000
ForkPoolWorker-21,  processing 239 (69691.2 per sec) reads @ chr9:120000000-125000000
ForkPoolWorker-21 countReadsInRegions_worker: processing 5000000 (8074503.4 per sec) @ chr9:120000000-125000000
ForkPoolWorker-21,  processing 3701 (97457.4 per sec) reads @ chr17:80000000-83257441
ForkPoolWorker-21 countReadsInRegions_worker: processing 3257441 (7456420.7 per sec) @ chr17:80000000-83257441
ForkPoolWorker-7,  processing 1113 (13395.4 per sec) reads @ chr12:130000000-133275309
ForkPoolWorker-7 countReadsInRegions_worker: processing 3275309 (6273001.7 per sec) @ chr12:130000000-133275309
ForkPoolWorker-7,  processing 128 (64065.7 per sec) reads @ chr5:5000000-10000000
ForkPoolWorker-7 countReadsInRegions_worker: processing 5000000 (6979827.5 per sec) @ chr5:5000000-10000000
ForkPoolWorker-7,  processing 969 (78367.2 per sec) reads @ chr1:15000000-20000000
ForkPoolWorker-7 countReadsInRegions_worker: processing 5000000 (6837102.6 per sec) @ chr1:15000000-20000000
ForkPoolWorker-7,  processing 1552 (88750.2 per sec) reads @ chr5:175000000-180000000
ForkPoolWorker-7 countReadsInRegions_worker: processing 5000000 (6850183.0 per sec) @ chr5:175000000-180000000
ForkPoolWorker-7,  processing 47 (40002.5 per sec) reads @ chr2:5000000-10000000
ForkPoolWorker-7 countReadsInRegions_worker: processing 5000000 (7011536.6 per sec) @ chr2:5000000-10000000
ForkPoolWorker-7,  processing 38 (33357.8 per sec) reads @ chr8:75000000-80000000
ForkPoolWorker-7 countReadsInRegions_worker: processing 5000000 (7003827.9 per sec) @ chr8:75000000-80000000
ForkPoolWorker-7,  processing 7 (10607.0 per sec) reads @ chr4:160000000-165000000
ForkPoolWorker-7 countReadsInRegions_worker: processing 5000000 (7005545.2 per sec) @ chr4:160000000-165000000
ForkPoolWorker-7,  processing 0 (0.0 per sec) reads @ chrUn_KI270366v1:0-8320
ForkPoolWorker-7 countReadsInRegions_worker: processing 8320 (756041.5 per sec) @ chrUn_KI270366v1:0-8320
ForkPoolWorker-7,  processing 0 (0.0 per sec) reads @ chrUn_KI270373v1:0-1451
ForkPoolWorker-7 countReadsInRegions_worker: processing 1451 (154771.8 per sec) @ chrUn_KI270373v1:0-1451
ForkPoolWorker-7,  processing 106 (51987.4 per sec) reads @ chrX:15000000-20000000
ForkPoolWorker-7 countReadsInRegions_worker: processing 5000000 (6979439.6 per sec) @ chrX:15000000-20000000
ForkPoolWorker-7,  processing 78 (47627.9 per sec) reads @ chr9:105000000-110000000
ForkPoolWorker-7 countReadsInRegions_worker: processing 5000000 (6990241.0 per sec) @ chr9:105000000-110000000
ForkPoolWorker-7,  processing 77 (49594.8 per sec) reads @ chr1:65000000-70000000
ForkPoolWorker-7 countReadsInRegions_worker: processing 5000000 (6976583.7 per sec) @ chr1:65000000-70000000
ForkPoolWorker-7,  processing 0 (0.0 per sec) reads @ chrUn_KI270304v1:0-2165
ForkPoolWorker-7 countReadsInRegions_worker: processing 2165 (210889.0 per sec) @ chrUn_KI270304v1:0-2165
ForkPoolWorker-7,  processing 259 (66966.1 per sec) reads @ chr1:200000000-205000000
ForkPoolWorker-7 countReadsInRegions_worker: processing 5000000 (6962905.7 per sec) @ chr1:200000000-205000000
ForkPoolWorker-7,  processing 397 (76508.9 per sec) reads @ chr3:180000000-185000000
ForkPoolWorker-7 countReadsInRegions_worker: processing 5000000 (7144693.9 per sec) @ chr3:180000000-185000000
ForkPoolWorker-7,  processing 26 (34619.7 per sec) reads @ chr11:80000000-85000000
ForkPoolWorker-7 countReadsInRegions_worker: processing 5000000 (8239535.0 per sec) @ chr11:80000000-85000000
ForkPoolWorker-10,  processing 0 (0.0 per sec) reads @ chrUn_KI270746v1:0-66486
ForkPoolWorker-10 countReadsInRegions_worker: processing 66486 (984986.5 per sec) @ chrUn_KI270746v1:0-66486
ForkPoolWorker-10,  processing 264 (71085.3 per sec) reads @ chr10:115000000-120000000
ForkPoolWorker-10 countReadsInRegions_worker: processing 5000000 (6889425.0 per sec) @ chr10:115000000-120000000
ForkPoolWorker-10,  processing 148 (52011.5 per sec) reads @ chr2:0-5000000
ForkPoolWorker-10 countReadsInRegions_worker: processing 5000000 (6949960.6 per sec) @ chr2:0-5000000
ForkPoolWorker-10,  processing 222 (60451.6 per sec) reads @ chr7:125000000-130000000
ForkPoolWorker-10 countReadsInRegions_worker: processing 5000000 (6988917.9 per sec) @ chr7:125000000-130000000
ForkPoolWorker-10,  processing 260 (68624.9 per sec) reads @ chr16:55000000-60000000
ForkPoolWorker-10 countReadsInRegions_worker: processing 5000000 (6973127.3 per sec) @ chr16:55000000-60000000
ForkPoolWorker-10,  processing 0 (0.0 per sec) reads @ chrUn_KI270385v1:0-990
ForkPoolWorker-10 countReadsInRegions_worker: processing 990 (100032.8 per sec) @ chrUn_KI270385v1:0-990
ForkPoolWorker-10,  processing 74 (46617.4 per sec) reads @ chr1:85000000-90000000
ForkPoolWorker-10 countReadsInRegions_worker: processing 5000000 (6958462.9 per sec) @ chr1:85000000-90000000
ForkPoolWorker-10,  processing 67 (46151.8 per sec) reads @ chr6:135000000-140000000
ForkPoolWorker-10 countReadsInRegions_worker: processing 5000000 (6940952.9 per sec) @ chr6:135000000-140000000
ForkPoolWorker-10,  processing 127 (69026.4 per sec) reads @ chr13:20000000-25000000
ForkPoolWorker-10 countReadsInRegions_worker: processing 5000000 (6928185.3 per sec) @ chr13:20000000-25000000
ForkPoolWorker-10,  processing 57 (35387.1 per sec) reads @ chr7:35000000-40000000
ForkPoolWorker-10 countReadsInRegions_worker: processing 5000000 (6950096.5 per sec) @ chr7:35000000-40000000
ForkPoolWorker-10,  processing 45 (41022.3 per sec) reads @ chr8:5000000-10000000
ForkPoolWorker-10 countReadsInRegions_worker: processing 5000000 (6970904.5 per sec) @ chr8:5000000-10000000
ForkPoolWorker-10,  processing 75 (42156.6 per sec) reads @ chr15:30000000-35000000
ForkPoolWorker-10 countReadsInRegions_worker: processing 5000000 (6972689.1 per sec) @ chr15:30000000-35000000
ForkPoolWorker-10,  processing 0 (0.0 per sec) reads @ chrUn_KI270372v1:0-1650
ForkPoolWorker-10 countReadsInRegions_worker: processing 1650 (161357.0 per sec) @ chrUn_KI270372v1:0-1650
ForkPoolWorker-10,  processing 33 (34908.5 per sec) reads @ chr15:35000000-40000000
ForkPoolWorker-10 countReadsInRegions_worker: processing 5000000 (6995048.8 per sec) @ chr15:35000000-40000000
ForkPoolWorker-10,  processing 268 (72502.2 per sec) reads @ chr2:235000000-240000000
ForkPoolWorker-10 countReadsInRegions_worker: processing 5000000 (7557111.2 per sec) @ chr2:235000000-240000000
ForkPoolWorker-10,  processing 691 (87116.1 per sec) reads @ chr17:15000000-20000000
ForkPoolWorker-10 countReadsInRegions_worker: processing 5000000 (8100665.0 per sec) @ chr17:15000000-20000000
ForkPoolWorker-45,  processing 9 (135.0 per sec) reads @ chr9:65000000-70000000
ForkPoolWorker-45 countReadsInRegions_worker: processing 5000000 (6225225.2 per sec) @ chr9:65000000-70000000
ForkPoolWorker-45,  processing 68 (45401.6 per sec) reads @ chr8:90000000-95000000
ForkPoolWorker-45 countReadsInRegions_worker: processing 5000000 (6928954.5 per sec) @ chr8:90000000-95000000
ForkPoolWorker-45,  processing 71 (38649.7 per sec) reads @ chr11:110000000-115000000
ForkPoolWorker-45 countReadsInRegions_worker: processing 5000000 (6952386.7 per sec) @ chr11:110000000-115000000
ForkPoolWorker-45,  processing 566 (72837.0 per sec) reads @ chr22:45000000-50000000
ForkPoolWorker-45 countReadsInRegions_worker: processing 5000000 (6915273.1 per sec) @ chr22:45000000-50000000
ForkPoolWorker-45,  processing 25 (27514.5 per sec) reads @ chr4:95000000-100000000
ForkPoolWorker-45 countReadsInRegions_worker: processing 5000000 (6968947.1 per sec) @ chr4:95000000-100000000
ForkPoolWorker-45,  processing 86 (50287.2 per sec) reads @ chr8:95000000-100000000
ForkPoolWorker-45 countReadsInRegions_worker: processing 5000000 (6944435.0 per sec) @ chr8:95000000-100000000
ForkPoolWorker-45,  processing 0 (0.0 per sec) reads @ chrUn_KI270375v1:0-2378
ForkPoolWorker-45 countReadsInRegions_worker: processing 2378 (235609.5 per sec) @ chrUn_KI270375v1:0-2378
ForkPoolWorker-45,  processing 0 (0.0 per sec) reads @ chrUn_KI270384v1:0-1658
ForkPoolWorker-45 countReadsInRegions_worker: processing 1658 (179838.0 per sec) @ chrUn_KI270384v1:0-1658
ForkPoolWorker-45,  processing 548 (76939.1 per sec) reads @ chr10:130000000-133797422
ForkPoolWorker-45 countReadsInRegions_worker: processing 3797422 (6872067.6 per sec) @ chr10:130000000-133797422
ForkPoolWorker-45,  processing 67 (48045.5 per sec) reads @ chr3:100000000-105000000
ForkPoolWorker-45 countReadsInRegions_worker: processing 5000000 (6972547.7 per sec) @ chr3:100000000-105000000
ForkPoolWorker-45,  processing 27 (28079.9 per sec) reads @ chr6:45000000-50000000
ForkPoolWorker-45 countReadsInRegions_worker: processing 5000000 (6970619.5 per sec) @ chr6:45000000-50000000
ForkPoolWorker-45,  processing 228 (70156.4 per sec) reads @ chr1:205000000-210000000
ForkPoolWorker-45 countReadsInRegions_worker: processing 5000000 (6944097.0 per sec) @ chr1:205000000-210000000
ForkPoolWorker-45,  processing 1103 (79970.9 per sec) reads @ chr21:45000000-46709983
ForkPoolWorker-45 countReadsInRegions_worker: processing 1709983 (6462123.9 per sec) @ chr21:45000000-46709983
ForkPoolWorker-45,  processing 434 (97688.5 per sec) reads @ chr4:65000000-70000000
ForkPoolWorker-45 countReadsInRegions_worker: processing 5000000 (6961895.6 per sec) @ chr4:65000000-70000000
ForkPoolWorker-45,  processing 188 (84733.4 per sec) reads @ chr9:75000000-80000000
ForkPoolWorker-45 countReadsInRegions_worker: processing 5000000 (7912545.0 per sec) @ chr9:75000000-80000000
ForkPoolWorker-45,  processing 652 (97926.2 per sec) reads @ chr1:150000000-155000000
ForkPoolWorker-45 countReadsInRegions_worker: processing 5000000 (8065113.1 per sec) @ chr1:150000000-155000000
ForkPoolWorker-25,  processing 475 (6219.1 per sec) reads @ chr12:110000000-115000000
ForkPoolWorker-25 countReadsInRegions_worker: processing 5000000 (6122268.9 per sec) @ chr12:110000000-115000000
ForkPoolWorker-25,  processing 1 (2000.1 per sec) reads @ chrY:0-5000000
ForkPoolWorker-25 countReadsInRegions_worker: processing 5000000 (6880652.5 per sec) @ chrY:0-5000000
ForkPoolWorker-25,  processing 46 (41671.3 per sec) reads @ chr4:140000000-145000000
ForkPoolWorker-25 countReadsInRegions_worker: processing 5000000 (6985307.3 per sec) @ chr4:140000000-145000000
ForkPoolWorker-25,  processing 193 (64786.0 per sec) reads @ chr17:70000000-75000000
ForkPoolWorker-25 countReadsInRegions_worker: processing 5000000 (6997982.8 per sec) @ chr17:70000000-75000000
ForkPoolWorker-25,  processing 150 (59230.4 per sec) reads @ chr11:75000000-80000000
ForkPoolWorker-25 countReadsInRegions_worker: processing 5000000 (6967539.3 per sec) @ chr11:75000000-80000000
ForkPoolWorker-25,  processing 0 (0.0 per sec) reads @ chr1_KI270709v1_random:0-66860
ForkPoolWorker-25 countReadsInRegions_worker: processing 66860 (3558816.3 per sec) @ chr1_KI270709v1_random:0-66860
ForkPoolWorker-25,  processing 141 (59377.2 per sec) reads @ chr10:5000000-10000000
ForkPoolWorker-25 countReadsInRegions_worker: processing 5000000 (6929462.7 per sec) @ chr10:5000000-10000000
ForkPoolWorker-25,  processing 82 (47908.2 per sec) reads @ chr7:20000000-25000000
ForkPoolWorker-25 countReadsInRegions_worker: processing 5000000 (6948090.9 per sec) @ chr7:20000000-25000000
ForkPoolWorker-25,  processing 0 (0.0 per sec) reads @ chrUn_KI270581v1:0-7046
ForkPoolWorker-25 countReadsInRegions_worker: processing 7046 (522009.9 per sec) @ chrUn_KI270581v1:0-7046
ForkPoolWorker-25,  processing 241 (51436.4 per sec) reads @ chr20:45000000-50000000
ForkPoolWorker-25 countReadsInRegions_worker: processing 5000000 (6923832.5 per sec) @ chr20:45000000-50000000
ForkPoolWorker-25,  processing 46 (33985.9 per sec) reads @ chr15:50000000-55000000
ForkPoolWorker-25 countReadsInRegions_worker: processing 5000000 (6972248.7 per sec) @ chr15:50000000-55000000
ForkPoolWorker-25,  processing 173 (52007.9 per sec) reads @ chr13:25000000-30000000
ForkPoolWorker-25 countReadsInRegions_worker: processing 5000000 (6981198.4 per sec) @ chr13:25000000-30000000
ForkPoolWorker-25,  processing 1 (2148.7 per sec) reads @ chr1_KI270711v1_random:0-42210
ForkPoolWorker-25 countReadsInRegions_worker: processing 42210 (2816532.1 per sec) @ chr1_KI270711v1_random:0-42210
ForkPoolWorker-25,  processing 65 (42678.4 per sec) reads @ chr6:90000000-95000000
ForkPoolWorker-25 countReadsInRegions_worker: processing 5000000 (7030489.1 per sec) @ chr6:90000000-95000000
ForkPoolWorker-25,  processing 0 (0.0 per sec) reads @ chr14_KI270723v1_random:0-38115
ForkPoolWorker-25 countReadsInRegions_worker: processing 38115 (2993519.2 per sec) @ chr14_KI270723v1_random:0-38115
ForkPoolWorker-25,  processing 7 (12052.6 per sec) reads @ chrX:95000000-100000000
ForkPoolWorker-25 countReadsInRegions_worker: processing 5000000 (7792459.9 per sec) @ chrX:95000000-100000000
ForkPoolWorker-18,  processing 34 (492.5 per sec) reads @ chr5:165000000-170000000
ForkPoolWorker-18 countReadsInRegions_worker: processing 5000000 (6163357.4 per sec) @ chr5:165000000-170000000
ForkPoolWorker-18,  processing 180 (63358.1 per sec) reads @ chr14:90000000-95000000
ForkPoolWorker-18 countReadsInRegions_worker: processing 5000000 (6795388.4 per sec) @ chr14:90000000-95000000
ForkPoolWorker-18,  processing 173 (65065.9 per sec) reads @ chr14:95000000-100000000
ForkPoolWorker-18 countReadsInRegions_worker: processing 5000000 (6976439.8 per sec) @ chr14:95000000-100000000
ForkPoolWorker-18,  processing 709 (79901.2 per sec) reads @ chr2:240000000-242193529
ForkPoolWorker-18 countReadsInRegions_worker: processing 2193529 (6793564.6 per sec) @ chr2:240000000-242193529
ForkPoolWorker-18,  processing 65 (48527.9 per sec) reads @ chr10:20000000-25000000
ForkPoolWorker-18 countReadsInRegions_worker: processing 5000000 (7190557.6 per sec) @ chr10:20000000-25000000
ForkPoolWorker-18,  processing 0 (0.0 per sec) reads @ chrUn_KI270510v1:0-2415
ForkPoolWorker-18 countReadsInRegions_worker: processing 2415 (240160.4 per sec) @ chrUn_KI270510v1:0-2415
ForkPoolWorker-18,  processing 19 (20807.3 per sec) reads @ chr14:80000000-85000000
ForkPoolWorker-18 countReadsInRegions_worker: processing 5000000 (7182207.0 per sec) @ chr14:80000000-85000000
ForkPoolWorker-18,  processing 0 (0.0 per sec) reads @ chr9_KI270719v1_random:0-176845
ForkPoolWorker-18 countReadsInRegions_worker: processing 176845 (5307063.2 per sec) @ chr9_KI270719v1_random:0-176845
ForkPoolWorker-18,  processing 309 (75698.8 per sec) reads @ chr22:30000000-35000000
ForkPoolWorker-18 countReadsInRegions_worker: processing 5000000 (7144798.6 per sec) @ chr22:30000000-35000000
ForkPoolWorker-18,  processing 20 (26263.6 per sec) reads @ chr9:10000000-15000000
ForkPoolWorker-18 countReadsInRegions_worker: processing 5000000 (7162974.4 per sec) @ chr9:10000000-15000000
ForkPoolWorker-18,  processing 17 (22643.1 per sec) reads @ chr13:60000000-65000000
ForkPoolWorker-18 countReadsInRegions_worker: processing 5000000 (7141470.2 per sec) @ chr13:60000000-65000000
ForkPoolWorker-18,  processing 0 (0.0 per sec) reads @ chr16:40000000-45000000
ForkPoolWorker-18 countReadsInRegions_worker: processing 5000000 (7140001.6 per sec) @ chr16:40000000-45000000
ForkPoolWorker-18,  processing 51 (45942.8 per sec) reads @ chr6:95000000-100000000
ForkPoolWorker-18 countReadsInRegions_worker: processing 5000000 (7107199.8 per sec) @ chr6:95000000-100000000
ForkPoolWorker-18,  processing 49 (45509.5 per sec) reads @ chr4:125000000-130000000
ForkPoolWorker-18 countReadsInRegions_worker: processing 5000000 (7216612.8 per sec) @ chr4:125000000-130000000
ForkPoolWorker-18,  processing 77 (54545.1 per sec) reads @ chr6:140000000-145000000
ForkPoolWorker-18 countReadsInRegions_worker: processing 5000000 (8243735.9 per sec) @ chr6:140000000-145000000
ForkPoolWorker-18,  processing 464 (89052.7 per sec) reads @ chr6:0-5000000
ForkPoolWorker-18 countReadsInRegions_worker: processing 5000000 (8216759.4 per sec) @ chr6:0-5000000
ForkPoolWorker-1,  processing 221 (2902.4 per sec) reads @ chr1:170000000-175000000
ForkPoolWorker-1 countReadsInRegions_worker: processing 5000000 (6200326.7 per sec) @ chr1:170000000-175000000
ForkPoolWorker-1,  processing 0 (0.0 per sec) reads @ chrY_KI270740v1_random:0-37240
ForkPoolWorker-1 countReadsInRegions_worker: processing 37240 (2631819.9 per sec) @ chrY_KI270740v1_random:0-37240
ForkPoolWorker-1,  processing 163 (65130.2 per sec) reads @ chr10:0-5000000
ForkPoolWorker-1 countReadsInRegions_worker: processing 5000000 (6834244.0 per sec) @ chr10:0-5000000
ForkPoolWorker-1,  processing 82 (51188.1 per sec) reads @ chr7:105000000-110000000
ForkPoolWorker-1 countReadsInRegions_worker: processing 5000000 (6921720.9 per sec) @ chr7:105000000-110000000
ForkPoolWorker-1,  processing 309 (72591.0 per sec) reads @ chr7:70000000-75000000
ForkPoolWorker-1 countReadsInRegions_worker: processing 5000000 (6660384.7 per sec) @ chr7:70000000-75000000
ForkPoolWorker-1,  processing 0 (0.0 per sec) reads @ chr14:5000000-10000000
ForkPoolWorker-1 countReadsInRegions_worker: processing 5000000 (6855257.0 per sec) @ chr14:5000000-10000000
ForkPoolWorker-1,  processing 0 (0.0 per sec) reads @ chrUn_KI270548v1:0-1599
ForkPoolWorker-1 countReadsInRegions_worker: processing 1599 (167587.7 per sec) @ chrUn_KI270548v1:0-1599
ForkPoolWorker-1,  processing 34 (35289.9 per sec) reads @ chr7:15000000-20000000
ForkPoolWorker-1 countReadsInRegions_worker: processing 5000000 (6915569.6 per sec) @ chr7:15000000-20000000
ForkPoolWorker-1,  processing 30 (33998.7 per sec) reads @ chr11:20000000-25000000
ForkPoolWorker-1 countReadsInRegions_worker: processing 5000000 (6942657.9 per sec) @ chr11:20000000-25000000
ForkPoolWorker-1,  processing 59 (44048.4 per sec) reads @ chr2:220000000-225000000
ForkPoolWorker-1 countReadsInRegions_worker: processing 5000000 (6972151.3 per sec) @ chr2:220000000-225000000
ForkPoolWorker-1,  processing 1178 (84146.1 per sec) reads @ chr9:125000000-130000000
ForkPoolWorker-1 countReadsInRegions_worker: processing 5000000 (6859950.4 per sec) @ chr9:125000000-130000000
ForkPoolWorker-1,  processing 84 (50202.6 per sec) reads @ chr2:100000000-105000000
ForkPoolWorker-1 countReadsInRegions_worker: processing 5000000 (7006640.6 per sec) @ chr2:100000000-105000000
ForkPoolWorker-1,  processing 121 (57449.7 per sec) reads @ chr14:60000000-65000000
ForkPoolWorker-1 countReadsInRegions_worker: processing 5000000 (7030578.6 per sec) @ chr14:60000000-65000000
ForkPoolWorker-1,  processing 64 (20956.8 per sec) reads @ chr3:65000000-70000000
ForkPoolWorker-1 countReadsInRegions_worker: processing 5000000 (7758235.8 per sec) @ chr3:65000000-70000000
ForkPoolWorker-1,  processing 124 (58681.5 per sec) reads @ chr18:35000000-40000000
ForkPoolWorker-1 countReadsInRegions_worker: processing 5000000 (8221681.6 per sec) @ chr18:35000000-40000000
ForkPoolWorker-1,  processing 1 (2434.3 per sec) reads @ chr5:45000000-50000000
ForkPoolWorker-1 countReadsInRegions_worker: processing 5000000 (8209673.2 per sec) @ chr5:45000000-50000000
ForkPoolWorker-52,  processing 113 (1726.0 per sec) reads @ chr16:75000000-80000000
ForkPoolWorker-52 countReadsInRegions_worker: processing 5000000 (6219889.3 per sec) @ chr16:75000000-80000000
ForkPoolWorker-52,  processing 128 (49696.5 per sec) reads @ chr11:30000000-35000000
ForkPoolWorker-52 countReadsInRegions_worker: processing 5000000 (6826524.4 per sec) @ chr11:30000000-35000000
ForkPoolWorker-52,  processing 71 (44862.2 per sec) reads @ chr5:75000000-80000000
ForkPoolWorker-52 countReadsInRegions_worker: processing 5000000 (6996136.2 per sec) @ chr5:75000000-80000000
ForkPoolWorker-52,  processing 0 (0.0 per sec) reads @ chrUn_KI270337v1:0-1121
ForkPoolWorker-52 countReadsInRegions_worker: processing 1121 (122625.1 per sec) @ chrUn_KI270337v1:0-1121
ForkPoolWorker-52,  processing 49 (43598.0 per sec) reads @ chr2:115000000-120000000
ForkPoolWorker-52 countReadsInRegions_worker: processing 5000000 (7020425.4 per sec) @ chr2:115000000-120000000
ForkPoolWorker-52,  processing 65 (46263.3 per sec) reads @ chr20:5000000-10000000
ForkPoolWorker-52 countReadsInRegions_worker: processing 5000000 (6979019.2 per sec) @ chr20:5000000-10000000
ForkPoolWorker-52,  processing 75 (55597.9 per sec) reads @ chrX:110000000-115000000
ForkPoolWorker-52 countReadsInRegions_worker: processing 5000000 (6959328.9 per sec) @ chrX:110000000-115000000
ForkPoolWorker-52,  processing 71 (45458.0 per sec) reads @ chr6:160000000-165000000
ForkPoolWorker-52 countReadsInRegions_worker: processing 5000000 (6972353.0 per sec) @ chr6:160000000-165000000
ForkPoolWorker-52,  processing 483 (76687.3 per sec) reads @ chr15:75000000-80000000
ForkPoolWorker-52 countReadsInRegions_worker: processing 5000000 (6906311.8 per sec) @ chr15:75000000-80000000
ForkPoolWorker-52,  processing 104 (61864.6 per sec) reads @ chr2:125000000-130000000
ForkPoolWorker-52 countReadsInRegions_worker: processing 5000000 (6997754.0 per sec) @ chr2:125000000-130000000
ForkPoolWorker-52,  processing 30 (34904.1 per sec) reads @ chr14:85000000-90000000
ForkPoolWorker-52 countReadsInRegions_worker: processing 5000000 (7035482.2 per sec) @ chr14:85000000-90000000
ForkPoolWorker-52,  processing 0 (0.0 per sec) reads @ chrUn_KI270305v1:0-1472
ForkPoolWorker-52 countReadsInRegions_worker: processing 1472 (160102.1 per sec) @ chrUn_KI270305v1:0-1472
ForkPoolWorker-52,  processing 32 (34134.7 per sec) reads @ chr5:50000000-55000000
ForkPoolWorker-52 countReadsInRegions_worker: processing 5000000 (7058952.6 per sec) @ chr5:50000000-55000000
ForkPoolWorker-52,  processing 111 (64030.8 per sec) reads @ chr18:10000000-15000000
ForkPoolWorker-52 countReadsInRegions_worker: processing 5000000 (7803698.9 per sec) @ chr18:10000000-15000000
ForkPoolWorker-52,  processing 70 (53498.8 per sec) reads @ chr2:50000000-55000000
ForkPoolWorker-52 countReadsInRegions_worker: processing 5000000 (8296746.4 per sec) @ chr2:50000000-55000000
ForkPoolWorker-52,  processing 187 (71270.8 per sec) reads @ chrX:130000000-135000000
ForkPoolWorker-52 countReadsInRegions_worker: processing 5000000 (8266655.0 per sec) @ chrX:130000000-135000000
ForkPoolWorker-6,  processing 134 (1805.0 per sec) reads @ chr6:75000000-80000000
ForkPoolWorker-6 countReadsInRegions_worker: processing 5000000 (6193899.0 per sec) @ chr6:75000000-80000000
ForkPoolWorker-6,  processing 0 (0.0 per sec) reads @ chrUn_KI270310v1:0-1201
ForkPoolWorker-6 countReadsInRegions_worker: processing 1201 (78452.5 per sec) @ chrUn_KI270310v1:0-1201
ForkPoolWorker-6,  processing 1242 (84052.6 per sec) reads @ chr14:100000000-105000000
ForkPoolWorker-6 countReadsInRegions_worker: processing 5000000 (6841521.1 per sec) @ chr14:100000000-105000000
ForkPoolWorker-6,  processing 160 (65484.8 per sec) reads @ chr1:210000000-215000000
ForkPoolWorker-6 countReadsInRegions_worker: processing 5000000 (6974270.6 per sec) @ chr1:210000000-215000000
ForkPoolWorker-6,  processing 105 (52291.8 per sec) reads @ chr6:145000000-150000000
ForkPoolWorker-6 countReadsInRegions_worker: processing 5000000 (6975398.0 per sec) @ chr6:145000000-150000000
ForkPoolWorker-6,  processing 0 (0.0 per sec) reads @ chrUn_KI270419v1:0-1029
ForkPoolWorker-6 countReadsInRegions_worker: processing 1029 (104598.4 per sec) @ chrUn_KI270419v1:0-1029
ForkPoolWorker-6,  processing 111 (60065.5 per sec) reads @ chr2:30000000-35000000
ForkPoolWorker-6 countReadsInRegions_worker: processing 5000000 (7009790.6 per sec) @ chr2:30000000-35000000
ForkPoolWorker-6,  processing 0 (0.0 per sec) reads @ chrY:25000000-30000000
ForkPoolWorker-6 countReadsInRegions_worker: processing 5000000 (7008485.8 per sec) @ chrY:25000000-30000000
ForkPoolWorker-6,  processing 10 (14508.1 per sec) reads @ chr13:65000000-70000000
ForkPoolWorker-6 countReadsInRegions_worker: processing 5000000 (6996992.9 per sec) @ chr13:65000000-70000000
ForkPoolWorker-6,  processing 0 (0.0 per sec) reads @ chrY:55000000-57227415
ForkPoolWorker-6 countReadsInRegions_worker: processing 2227415 (6865883.4 per sec) @ chrY:55000000-57227415
ForkPoolWorker-6,  processing 136 (62615.3 per sec) reads @ chr6:85000000-90000000
ForkPoolWorker-6 countReadsInRegions_worker: processing 5000000 (7005603.7 per sec) @ chr6:85000000-90000000
ForkPoolWorker-6,  processing 101 (53650.5 per sec) reads @ chr8:125000000-130000000
ForkPoolWorker-6 countReadsInRegions_worker: processing 5000000 (7003966.0 per sec) @ chr8:125000000-130000000
ForkPoolWorker-6,  processing 17 (22664.7 per sec) reads @ chrX:60000000-65000000
ForkPoolWorker-6 countReadsInRegions_worker: processing 5000000 (7010263.9 per sec) @ chrX:60000000-65000000
ForkPoolWorker-6,  processing 229 (71163.6 per sec) reads @ chr16:80000000-85000000
ForkPoolWorker-6 countReadsInRegions_worker: processing 5000000 (7155639.8 per sec) @ chr16:80000000-85000000
ForkPoolWorker-6,  processing 21 (29567.1 per sec) reads @ chr3:0-5000000
ForkPoolWorker-6 countReadsInRegions_worker: processing 5000000 (8220788.8 per sec) @ chr3:0-5000000
ForkPoolWorker-6,  processing 90 (56265.8 per sec) reads @ chr2:120000000-125000000
ForkPoolWorker-6 countReadsInRegions_worker: processing 5000000 (8245379.2 per sec) @ chr2:120000000-125000000
