# packages in environment at /work/pa-hilario/anaconda3/envs/deeptools:
#
# Name                    Version                   Build  Channel
_openmp_mutex             4.5                      20_gnu    conda-forge
alabaster                 1.0.0              pyhd8ed1ab_1    conda-forge
babel                     2.18.0             pyhcf101f3_0    conda-forge
backports.zstd            1.3.0           py312h90b7ffd_0    conda-forge
bedops                    2.4.42               hd6d6fdc_1    bioconda
brotli                    1.2.0                hed03a55_1    conda-forge
brotli-bin                1.2.0                hb03c661_1    conda-forge
brotli-python             1.2.0           py312hdb49522_1    conda-forge
bzip2                     1.0.8                hda65f42_8    conda-forge
c-ares                    1.34.6               hb03c661_0    conda-forge
ca-certificates           2026.1.4             hbd8a1cb_0    conda-forge
certifi                   2026.01.04      py312h06a4308_0  
charset-normalizer        3.4.4              pyhd8ed1ab_0    conda-forge
click                     8.3.1                    pypi_0    pypi
colorama                  0.4.6              pyhd8ed1ab_1    conda-forge
contourpy                 1.3.3           py312h0a2e395_4    conda-forge
cycler                    0.12.1             pyhcf101f3_2    conda-forge
cython                    3.2.4           py312h47b2149_0  
deeptools                 3.5.6              pyhdfd78af_0    bioconda
deeptoolsintervals        0.1.9           py312ha9c1134_11    bioconda
docutils                  0.22.4             pyhd8ed1ab_0    conda-forge
fonttools                 4.61.1          py312h8a5da7c_0    conda-forge
freetype                  2.14.1               ha770c72_0    conda-forge
gencode-utr-fix           1.0.0                    pypi_0    pypi
h2                        4.3.0              pyhcf101f3_0    conda-forge
hpack                     4.1.0              pyhd8ed1ab_0    conda-forge
htslib                    1.22.1               h566b1c6_0    bioconda
hyperframe                6.1.0              pyhd8ed1ab_0    conda-forge
icu                       78.2                 h33c6efd_0    conda-forge
idna                      3.11               pyhd8ed1ab_0    conda-forge
imagesize                 1.4.1              pyhd8ed1ab_0    conda-forge
importlib-metadata        8.7.0              pyhe01879c_1    conda-forge
jansson                   2.15.0               h280c20c_0    conda-forge
jinja2                    3.1.6              pyhcf101f3_1    conda-forge
keyutils                  1.6.3                hb9d3cd8_0    conda-forge
kiwisolver                1.4.9           py312h0a2e395_2    conda-forge
krb5                      1.22.2               ha1258a1_0    conda-forge
lcms2                     2.18                 h0c24ade_0    conda-forge
ld_impl_linux-64          2.45.1          default_hbd61a6d_101    conda-forge
lerc                      4.0.0                h0aef613_1    conda-forge
libblas                   3.11.0          5_h4a7cf45_openblas    conda-forge
libbrotlicommon           1.2.0                hb03c661_1    conda-forge
libbrotlidec              1.2.0                hb03c661_1    conda-forge
libbrotlienc              1.2.0                hb03c661_1    conda-forge
libcblas                  3.11.0          5_h0358290_openblas    conda-forge
libcurl                   8.18.0               hcf29cc6_1    conda-forge
libdeflate                1.25                 h17f619e_0    conda-forge
libedit                   3.1.20250104    pl5321h7949ede_0    conda-forge
libev                     4.33                 hd590300_2    conda-forge
libexpat                  2.7.3                hecca717_0    conda-forge
libffi                    3.5.2                h3435931_0    conda-forge
libfreetype               2.14.1               ha770c72_0    conda-forge
libfreetype6              2.14.1               h73754d4_0    conda-forge
libgcc                    15.2.0              he0feb66_17    conda-forge
libgcc-ng                 15.2.0              h69a702a_17    conda-forge
libgfortran               15.2.0              h69a702a_17    conda-forge
libgfortran5              15.2.0              h68bc16d_17    conda-forge
libgomp                   15.2.0              he0feb66_17    conda-forge
libiconv                  1.18                 h3b78370_2    conda-forge
libjpeg-turbo             3.1.2                hb03c661_0    conda-forge
liblapack                 3.11.0          5_h47877c9_openblas    conda-forge
liblzma                   5.8.2                hb03c661_0    conda-forge
libnghttp2                1.67.0               had1ee68_0    conda-forge
libnsl                    2.0.1                hb9d3cd8_1    conda-forge
libopenblas               0.3.30          pthreads_h94d23a6_4    conda-forge
libopenssl-static         3.6.1                hb03c661_1    conda-forge
libpng                    1.6.55               h421ea60_0    conda-forge
libsqlite                 3.51.2               hf4e2dac_0    conda-forge
libssh2                   1.11.1               hcf80075_0    conda-forge
libstdcxx                 15.2.0              h934c35e_17    conda-forge
libstdcxx-ng              15.2.0              hdf11a46_17    conda-forge
libtiff                   4.7.1                h9d88235_1    conda-forge
libuuid                   2.41.3               h5347b49_0    conda-forge
libwebp-base              1.6.0                hd42ef1d_0    conda-forge
libxcb                    1.17.0               h8a09558_0    conda-forge
libxcrypt                 4.4.36               hd590300_1    conda-forge
libzlib                   1.3.1                hb9d3cd8_2    conda-forge
markupsafe                3.0.3           py312h8a5da7c_0    conda-forge
matplotlib-base           3.10.8          py312he3d6523_0    conda-forge
munkres                   1.1.4              pyhd8ed1ab_1    conda-forge
mysql-connector-c         6.1.11            h659d440_1008    conda-forge
narwhals                  2.16.0             pyhcf101f3_0    conda-forge
natsort                   8.4.0                    pypi_0    pypi
ncls                      0.0.70                   pypi_0    pypi
ncurses                   6.5                  h2d0b736_3    conda-forge
numpy                     2.4.2           py312h33ff503_1    conda-forge
numpydoc                  1.10.0             pyhcf101f3_0    conda-forge
openjpeg                  2.5.4                h55fea9a_0    conda-forge
openssl                   3.6.1                h35e630c_1    conda-forge
packaging                 26.0               pyhcf101f3_0    conda-forge
pandas                    3.0.0                    pypi_0    pypi
pillow                    12.1.1          py312h50c33e8_0    conda-forge
pip                       26.0.1             pyh8b19718_0    conda-forge
plotly                    6.5.2              pyhd8ed1ab_0    conda-forge
pthread-stubs             0.4               hb9d3cd8_1002    conda-forge
py2bit                    0.3.3           py312h0fa9677_1    bioconda
pybigwig                  0.3.25          py312h83fe50f_0    bioconda
pygments                  2.19.2             pyhd8ed1ab_0    conda-forge
pyparsing                 3.3.2              pyhcf101f3_0    conda-forge
pyranges                  0.1.4                    pypi_0    pypi
pysam                     0.23.3          py312h8f9e533_2    bioconda
pysocks                   1.7.1              pyha55dd90_7    conda-forge
python                    3.12.12         hd63d673_2_cpython    conda-forge
python-dateutil           2.9.0.post0        pyhe01879c_2    conda-forge
python_abi                3.12                    8_cp312    conda-forge
pytz                      2025.2             pyhd8ed1ab_0    conda-forge
qhull                     2020.2               h434a139_5    conda-forge
readline                  8.3                  h853b02a_0    conda-forge
requests                  2.32.5             pyhcf101f3_1    conda-forge
roman-numerals            4.1.0              pyhd8ed1ab_0    conda-forge
samtools                  1.22.1               h96c455f_0    bioconda
scipy                     1.17.0          py312h54fa4ab_1    conda-forge
setuptools                82.0.0             pyh332efcf_0    conda-forge
six                       1.17.0             pyhe01879c_1    conda-forge
snowballstemmer           3.0.1              pyhd8ed1ab_0    conda-forge
sorted-nearest            0.0.41                   pypi_0    pypi
sphinx                    9.1.0              pyhd8ed1ab_0    conda-forge
sphinxcontrib-applehelp   2.0.0              pyhd8ed1ab_1    conda-forge
sphinxcontrib-devhelp     2.0.0              pyhd8ed1ab_1    conda-forge
sphinxcontrib-htmlhelp    2.1.0              pyhd8ed1ab_1    conda-forge
sphinxcontrib-jsmath      1.0.1              pyhd8ed1ab_1    conda-forge
sphinxcontrib-qthelp      2.0.0              pyhd8ed1ab_1    conda-forge
sphinxcontrib-serializinghtml 1.1.10             pyhd8ed1ab_1    conda-forge
tabulate                  0.9.0                    pypi_0    pypi
tk                        8.6.13          noxft_h366c992_103    conda-forge
tomli                     2.4.0              pyhcf101f3_0    conda-forge
tqdm                      4.67.3                   pypi_0    pypi
tzdata                    2025c                hc9c84f9_1    conda-forge
ucsc-bigwiginfo           482                  h0b57e2e_0    bioconda
unicodedata2              17.0.1          py312h4c3975b_0    conda-forge
urllib3                   2.6.3              pyhd8ed1ab_0    conda-forge
wheel                     0.46.3             pyhd8ed1ab_0    conda-forge
xorg-libxau               1.0.12               hb03c661_1    conda-forge
xorg-libxdmcp             1.1.5                hb03c661_1    conda-forge
zipp                      3.23.0             pyhcf101f3_1    conda-forge
zlib                      1.3.1                hb9d3cd8_2    conda-forge
zlib-ng                   2.3.3                hceb46e0_1    conda-forge
zstd                      1.5.7                hb78ec9c_6    conda-forge
Specified --scaleFactor: 1.0
normalization: CPM
bamFilesList: ['output/mVenus-Con-rep5_L1_R1.genome.Aligned.sort.dedup.bam']
binLength: 1
numberOfSamples: None
blackListFileName: None
skipZeroOverZero: False
bed_and_bin: False
genomeChunkSize: None
defaultFragmentLength: read length
numberOfProcessors: 52
verbose: True
region: None
bedFile: None
minMappingQuality: None
ignoreDuplicates: False
chrsToSkip: []
stepSize: 1
center_read: False
samFlag_include: None
samFlag_exclude: None
minFragmentLength: 0
maxFragmentLength: 0
zerosToNans: False
smoothLength: None
save_data: False
out_file_for_raw_data: None
maxPairedFragmentLength: 1000
Final scaling factor: 84.72422265525714
ForkPoolWorker-15,  processing 11 (177.0 per sec) reads @ chr17:30000000-35000000
ForkPoolWorker-15 countReadsInRegions_worker: processing 5000000 (6037527.3 per sec) @ chr17:30000000-35000000
ForkPoolWorker-15,  processing 11 (15471.9 per sec) reads @ chr7:45000000-50000000
ForkPoolWorker-15 countReadsInRegions_worker: processing 5000000 (7052016.7 per sec) @ chr7:45000000-50000000
ForkPoolWorker-15,  processing 14 (19034.1 per sec) reads @ chr13:70000000-75000000
ForkPoolWorker-15 countReadsInRegions_worker: processing 5000000 (7099870.7 per sec) @ chr13:70000000-75000000
ForkPoolWorker-15,  processing 7 (12341.4 per sec) reads @ chr14:105000000-107043718
ForkPoolWorker-15 countReadsInRegions_worker: processing 2043718 (7071897.8 per sec) @ chr14:105000000-107043718
ForkPoolWorker-15,  processing 37 (35520.5 per sec) reads @ chr17:60000000-65000000
ForkPoolWorker-15 countReadsInRegions_worker: processing 5000000 (7204356.0 per sec) @ chr17:60000000-65000000
ForkPoolWorker-15,  processing 10 (15240.9 per sec) reads @ chr18:25000000-30000000
ForkPoolWorker-15 countReadsInRegions_worker: processing 5000000 (7160680.2 per sec) @ chr18:25000000-30000000
ForkPoolWorker-15,  processing 8 (11848.3 per sec) reads @ chrX:115000000-120000000
ForkPoolWorker-15 countReadsInRegions_worker: processing 5000000 (7163343.8 per sec) @ chrX:115000000-120000000
ForkPoolWorker-15,  processing 38 (33639.4 per sec) reads @ chr17:0-5000000
ForkPoolWorker-15 countReadsInRegions_worker: processing 5000000 (7135847.2 per sec) @ chr17:0-5000000
ForkPoolWorker-15,  processing 25 (28918.3 per sec) reads @ chr4:20000000-25000000
ForkPoolWorker-15 countReadsInRegions_worker: processing 5000000 (7112611.2 per sec) @ chr4:20000000-25000000
ForkPoolWorker-15,  processing 16 (17015.4 per sec) reads @ chr2:150000000-155000000
ForkPoolWorker-15 countReadsInRegions_worker: processing 5000000 (7098078.0 per sec) @ chr2:150000000-155000000
ForkPoolWorker-15,  processing 0 (0.0 per sec) reads @ chrY:40000000-45000000
ForkPoolWorker-15 countReadsInRegions_worker: processing 5000000 (7099188.1 per sec) @ chrY:40000000-45000000
ForkPoolWorker-15,  processing 0 (0.0 per sec) reads @ chrUn_KI270364v1:0-2855
ForkPoolWorker-15 countReadsInRegions_worker: processing 2855 (519061.0 per sec) @ chrUn_KI270364v1:0-2855
ForkPoolWorker-34,  processing 114 (1879.6 per sec) reads @ chr8:100000000-105000000
ForkPoolWorker-34 countReadsInRegions_worker: processing 5000000 (6194433.2 per sec) @ chr8:100000000-105000000
ForkPoolWorker-34,  processing 45 (35558.3 per sec) reads @ chr2:240000000-242193529
ForkPoolWorker-34 countReadsInRegions_worker: processing 2193529 (7009415.5 per sec) @ chr2:240000000-242193529
ForkPoolWorker-34,  processing 13 (13641.7 per sec) reads @ chr5:140000000-145000000
ForkPoolWorker-34 countReadsInRegions_worker: processing 5000000 (7175625.9 per sec) @ chr5:140000000-145000000
ForkPoolWorker-34,  processing 7 (11336.0 per sec) reads @ chr14:40000000-45000000
ForkPoolWorker-34 countReadsInRegions_worker: processing 5000000 (7249482.3 per sec) @ chr14:40000000-45000000
ForkPoolWorker-34,  processing 16 (21959.7 per sec) reads @ chr1:180000000-185000000
ForkPoolWorker-34 countReadsInRegions_worker: processing 5000000 (7221672.4 per sec) @ chr1:180000000-185000000
ForkPoolWorker-34,  processing 16 (22377.1 per sec) reads @ chr14:90000000-95000000
ForkPoolWorker-34 countReadsInRegions_worker: processing 5000000 (7205895.7 per sec) @ chr14:90000000-95000000
ForkPoolWorker-34,  processing 0 (0.0 per sec) reads @ chr1_KI270714v1_random:0-41717
ForkPoolWorker-34 countReadsInRegions_worker: processing 41717 (3959489.0 per sec) @ chr1_KI270714v1_random:0-41717
ForkPoolWorker-34,  processing 6 (10343.5 per sec) reads @ chr1:120000000-125000000
ForkPoolWorker-34 countReadsInRegions_worker: processing 5000000 (7208716.9 per sec) @ chr1:120000000-125000000
ForkPoolWorker-34,  processing 9 (14218.0 per sec) reads @ chr3:90000000-95000000
ForkPoolWorker-34 countReadsInRegions_worker: processing 5000000 (7191568.5 per sec) @ chr3:90000000-95000000
ForkPoolWorker-34,  processing 12 (17439.9 per sec) reads @ chr12:40000000-45000000
ForkPoolWorker-34 countReadsInRegions_worker: processing 5000000 (7189261.0 per sec) @ chr12:40000000-45000000
ForkPoolWorker-34,  processing 59 (39298.7 per sec) reads @ chr22:40000000-45000000
ForkPoolWorker-34 countReadsInRegions_worker: processing 5000000 (7178959.1 per sec) @ chr22:40000000-45000000
ForkPoolWorker-34,  processing 0 (0.0 per sec) reads @ chr2:190000000-195000000
ForkPoolWorker-34 countReadsInRegions_worker: processing 5000000 (7180898.6 per sec) @ chr2:190000000-195000000
ForkPoolWorker-12,  processing 33 (496.4 per sec) reads @ chr12:130000000-133275309
ForkPoolWorker-12 countReadsInRegions_worker: processing 3275309 (6517649.8 per sec) @ chr12:130000000-133275309
ForkPoolWorker-12,  processing 20 (24119.1 per sec) reads @ chr4:125000000-130000000
ForkPoolWorker-12 countReadsInRegions_worker: processing 5000000 (7076411.9 per sec) @ chr4:125000000-130000000
ForkPoolWorker-12,  processing 14 (16715.1 per sec) reads @ chr4:5000000-10000000
ForkPoolWorker-12 countReadsInRegions_worker: processing 5000000 (7222045.4 per sec) @ chr4:5000000-10000000
ForkPoolWorker-12,  processing 35 (37183.5 per sec) reads @ chr12:75000000-80000000
ForkPoolWorker-12 countReadsInRegions_worker: processing 5000000 (7182130.7 per sec) @ chr12:75000000-80000000
ForkPoolWorker-12,  processing 15 (20722.8 per sec) reads @ chr3:135000000-140000000
ForkPoolWorker-12 countReadsInRegions_worker: processing 5000000 (7180751.1 per sec) @ chr3:135000000-140000000
ForkPoolWorker-12,  processing 0 (0.0 per sec) reads @ chr22_KI270735v1_random:0-42811
ForkPoolWorker-12 countReadsInRegions_worker: processing 42811 (3938548.1 per sec) @ chr22_KI270735v1_random:0-42811
ForkPoolWorker-12,  processing 34 (36416.3 per sec) reads @ chr3:180000000-185000000
ForkPoolWorker-12 countReadsInRegions_worker: processing 5000000 (7184510.0 per sec) @ chr3:180000000-185000000
ForkPoolWorker-12,  processing 0 (0.0 per sec) reads @ chr22:5000000-10000000
ForkPoolWorker-12 countReadsInRegions_worker: processing 5000000 (7182679.3 per sec) @ chr22:5000000-10000000
ForkPoolWorker-12,  processing 60 (55224.5 per sec) reads @ chr7:115000000-120000000
ForkPoolWorker-12 countReadsInRegions_worker: processing 5000000 (7146459.1 per sec) @ chr7:115000000-120000000
ForkPoolWorker-12,  processing 20 (23885.6 per sec) reads @ chr3:20000000-25000000
ForkPoolWorker-12 countReadsInRegions_worker: processing 5000000 (7142063.6 per sec) @ chr3:20000000-25000000
ForkPoolWorker-12,  processing 9 (14111.7 per sec) reads @ chr3:100000000-105000000
ForkPoolWorker-12 countReadsInRegions_worker: processing 5000000 (7139970.0 per sec) @ chr3:100000000-105000000
ForkPoolWorker-12,  processing 8 (13368.3 per sec) reads @ chr6:15000000-20000000
ForkPoolWorker-12 countReadsInRegions_worker: processing 5000000 (7153762.7 per sec) @ chr6:15000000-20000000
ForkPoolWorker-35,  processing 0 (0.0 per sec) reads @ chr4:190000000-190214555
ForkPoolWorker-35 countReadsInRegions_worker: processing 214555 (3109449.5 per sec) @ chr4:190000000-190214555
ForkPoolWorker-35,  processing 0 (0.0 per sec) reads @ chrUn_KI270757v1:0-71251
ForkPoolWorker-35 countReadsInRegions_worker: processing 71251 (5469906.7 per sec) @ chrUn_KI270757v1:0-71251
ForkPoolWorker-35,  processing 18 (18192.2 per sec) reads @ chr1:15000000-20000000
ForkPoolWorker-35 countReadsInRegions_worker: processing 5000000 (7703926.2 per sec) @ chr1:15000000-20000000
ForkPoolWorker-35,  processing 12 (16304.4 per sec) reads @ chr12:30000000-35000000
ForkPoolWorker-35 countReadsInRegions_worker: processing 5000000 (7047713.0 per sec) @ chr12:30000000-35000000
ForkPoolWorker-35,  processing 48 (40870.2 per sec) reads @ chr12:120000000-125000000
ForkPoolWorker-35 countReadsInRegions_worker: processing 5000000 (7091069.9 per sec) @ chr12:120000000-125000000
ForkPoolWorker-35,  processing 0 (0.0 per sec) reads @ chr17_GL000205v2_random:0-185591
ForkPoolWorker-35 countReadsInRegions_worker: processing 185591 (6258996.0 per sec) @ chr17_GL000205v2_random:0-185591
ForkPoolWorker-35,  processing 44 (41332.4 per sec) reads @ chr15:75000000-80000000
ForkPoolWorker-35 countReadsInRegions_worker: processing 5000000 (7210630.4 per sec) @ chr15:75000000-80000000
ForkPoolWorker-35,  processing 10 (14448.2 per sec) reads @ chr10:25000000-30000000
ForkPoolWorker-35 countReadsInRegions_worker: processing 5000000 (7187858.9 per sec) @ chr10:25000000-30000000
ForkPoolWorker-35,  processing 79 (51773.4 per sec) reads @ chr16:55000000-60000000
ForkPoolWorker-35 countReadsInRegions_worker: processing 5000000 (7171626.1 per sec) @ chr16:55000000-60000000
ForkPoolWorker-35,  processing 12 (18216.3 per sec) reads @ chr13:30000000-35000000
ForkPoolWorker-35 countReadsInRegions_worker: processing 5000000 (7156093.9 per sec) @ chr13:30000000-35000000
ForkPoolWorker-35,  processing 0 (0.0 per sec) reads @ chrUn_KI270424v1:0-2140
ForkPoolWorker-35 countReadsInRegions_worker: processing 2140 (418374.7 per sec) @ chrUn_KI270424v1:0-2140
ForkPoolWorker-35,  processing 30 (33581.3 per sec) reads @ chr13:50000000-55000000
ForkPoolWorker-35 countReadsInRegions_worker: processing 5000000 (7138052.6 per sec) @ chr13:50000000-55000000
ForkPoolWorker-35,  processing 23 (26856.6 per sec) reads @ chr3:60000000-65000000
ForkPoolWorker-35 countReadsInRegions_worker: processing 5000000 (7146390.9 per sec) @ chr3:60000000-65000000
ForkPoolWorker-35,  processing 0 (0.0 per sec) reads @ chrUn_KI270423v1:0-981
ForkPoolWorker-35 countReadsInRegions_worker: processing 981 (192253.6 per sec) @ chrUn_KI270423v1:0-981
ForkPoolWorker-35,  processing 6 (10861.4 per sec) reads @ chrX:80000000-85000000
ForkPoolWorker-35 countReadsInRegions_worker: processing 5000000 (7149192.5 per sec) @ chrX:80000000-85000000
ForkPoolWorker-35,  processing 4 (7550.5 per sec) reads @ chr18:70000000-75000000
ForkPoolWorker-35 countReadsInRegions_worker: processing 5000000 (7136286.7 per sec) @ chr18:70000000-75000000
ForkPoolWorker-13,  processing 26 (393.4 per sec) reads @ chr22:20000000-25000000
ForkPoolWorker-13 countReadsInRegions_worker: processing 5000000 (6119782.0 per sec) @ chr22:20000000-25000000
ForkPoolWorker-13,  processing 14 (13327.3 per sec) reads @ chr3:165000000-170000000
ForkPoolWorker-13 countReadsInRegions_worker: processing 5000000 (6959744.6 per sec) @ chr3:165000000-170000000
ForkPoolWorker-13,  processing 9 (13409.9 per sec) reads @ chr2:105000000-110000000
ForkPoolWorker-13 countReadsInRegions_worker: processing 5000000 (6987720.9 per sec) @ chr2:105000000-110000000
ForkPoolWorker-13,  processing 18 (22482.9 per sec) reads @ chr3:15000000-20000000
ForkPoolWorker-13 countReadsInRegions_worker: processing 5000000 (6975838.8 per sec) @ chr3:15000000-20000000
ForkPoolWorker-13,  processing 2 (3918.1 per sec) reads @ chr9:10000000-15000000
ForkPoolWorker-13 countReadsInRegions_worker: processing 5000000 (6977976.5 per sec) @ chr9:10000000-15000000
ForkPoolWorker-13,  processing 16 (20068.4 per sec) reads @ chr3:65000000-70000000
ForkPoolWorker-13 countReadsInRegions_worker: processing 5000000 (7031130.2 per sec) @ chr3:65000000-70000000
ForkPoolWorker-13,  processing 0 (0.0 per sec) reads @ chrUn_KI270468v1:0-4055
ForkPoolWorker-13 countReadsInRegions_worker: processing 4055 (758434.9 per sec) @ chrUn_KI270468v1:0-4055
ForkPoolWorker-13,  processing 61 (46928.2 per sec) reads @ chr12:50000000-55000000
ForkPoolWorker-13 countReadsInRegions_worker: processing 5000000 (7010664.7 per sec) @ chr12:50000000-55000000
ForkPoolWorker-13,  processing 0 (0.0 per sec) reads @ chrY:25000000-30000000
ForkPoolWorker-13 countReadsInRegions_worker: processing 5000000 (7020524.1 per sec) @ chrY:25000000-30000000
ForkPoolWorker-13,  processing 15 (20433.4 per sec) reads @ chr20:40000000-45000000
ForkPoolWorker-13 countReadsInRegions_worker: processing 5000000 (7010348.3 per sec) @ chr20:40000000-45000000
ForkPoolWorker-13,  processing 3 (5485.1 per sec) reads @ chr5:180000000-181538259
ForkPoolWorker-13 countReadsInRegions_worker: processing 1538259 (6906276.0 per sec) @ chr5:180000000-181538259
ForkPoolWorker-13,  processing 8 (11703.7 per sec) reads @ chr6:95000000-100000000
ForkPoolWorker-13 countReadsInRegions_worker: processing 5000000 (7016739.9 per sec) @ chr6:95000000-100000000
ForkPoolWorker-8,  processing 26 (391.3 per sec) reads @ chr6:115000000-120000000
ForkPoolWorker-8 countReadsInRegions_worker: processing 5000000 (6060113.6 per sec) @ chr6:115000000-120000000
ForkPoolWorker-8,  processing 17 (20891.6 per sec) reads @ chr2:30000000-35000000
ForkPoolWorker-8 countReadsInRegions_worker: processing 5000000 (7030456.1 per sec) @ chr2:30000000-35000000
ForkPoolWorker-8,  processing 0 (0.0 per sec) reads @ chrUn_KI270466v1:0-1233
ForkPoolWorker-8 countReadsInRegions_worker: processing 1233 (256781.4 per sec) @ chrUn_KI270466v1:0-1233
ForkPoolWorker-8,  processing 3 (6153.0 per sec) reads @ chr5:165000000-170000000
ForkPoolWorker-8 countReadsInRegions_worker: processing 5000000 (7104221.6 per sec) @ chr5:165000000-170000000
ForkPoolWorker-8,  processing 7 (12062.5 per sec) reads @ chrX:60000000-65000000
ForkPoolWorker-8 countReadsInRegions_worker: processing 5000000 (7128684.3 per sec) @ chrX:60000000-65000000
ForkPoolWorker-8,  processing 1 (2218.0 per sec) reads @ chr10:40000000-45000000
ForkPoolWorker-8 countReadsInRegions_worker: processing 5000000 (7144966.6 per sec) @ chr10:40000000-45000000
ForkPoolWorker-8,  processing 15 (20573.8 per sec) reads @ chr4:145000000-150000000
ForkPoolWorker-8 countReadsInRegions_worker: processing 5000000 (7174526.1 per sec) @ chr4:145000000-150000000
ForkPoolWorker-8,  processing 30 (31575.7 per sec) reads @ chr9:90000000-95000000
ForkPoolWorker-8 countReadsInRegions_worker: processing 5000000 (7170674.6 per sec) @ chr9:90000000-95000000
ForkPoolWorker-8,  processing 19 (23931.5 per sec) reads @ chr3:10000000-15000000
ForkPoolWorker-8 countReadsInRegions_worker: processing 5000000 (7134458.6 per sec) @ chr3:10000000-15000000
ForkPoolWorker-8,  processing 13 (19051.7 per sec) reads @ chr5:120000000-125000000
ForkPoolWorker-8 countReadsInRegions_worker: processing 5000000 (7145475.4 per sec) @ chr5:120000000-125000000
ForkPoolWorker-8,  processing 7 (12815.4 per sec) reads @ chr5:20000000-25000000
ForkPoolWorker-8 countReadsInRegions_worker: processing 5000000 (7161790.4 per sec) @ chr5:20000000-25000000
ForkPoolWorker-8,  processing 9 (14757.1 per sec) reads @ chrX:85000000-90000000
ForkPoolWorker-8 countReadsInRegions_worker: processing 5000000 (7159103.6 per sec) @ chrX:85000000-90000000
ForkPoolWorker-47,  processing 15 (257.2 per sec) reads @ chrX:100000000-105000000
ForkPoolWorker-47 countReadsInRegions_worker: processing 5000000 (6052725.6 per sec) @ chrX:100000000-105000000
ForkPoolWorker-47,  processing 16 (11867.2 per sec) reads @ chrX:50000000-55000000
ForkPoolWorker-47 countReadsInRegions_worker: processing 5000000 (6839983.7 per sec) @ chrX:50000000-55000000
ForkPoolWorker-47,  processing 21 (22991.5 per sec) reads @ chr15:40000000-45000000
ForkPoolWorker-47 countReadsInRegions_worker: processing 5000000 (6988848.0 per sec) @ chr15:40000000-45000000
ForkPoolWorker-47,  processing 32 (34979.9 per sec) reads @ chr3:185000000-190000000
ForkPoolWorker-47 countReadsInRegions_worker: processing 5000000 (6955485.8 per sec) @ chr3:185000000-190000000
ForkPoolWorker-47,  processing 11 (14999.1 per sec) reads @ chr5:35000000-40000000
ForkPoolWorker-47 countReadsInRegions_worker: processing 5000000 (6907622.1 per sec) @ chr5:35000000-40000000
ForkPoolWorker-47,  processing 16 (18533.2 per sec) reads @ chr14:60000000-65000000
ForkPoolWorker-47 countReadsInRegions_worker: processing 5000000 (6945044.4 per sec) @ chr14:60000000-65000000
ForkPoolWorker-47,  processing 4 (6393.8 per sec) reads @ chr6:135000000-140000000
ForkPoolWorker-47 countReadsInRegions_worker: processing 5000000 (6905252.1 per sec) @ chr6:135000000-140000000
ForkPoolWorker-47,  processing 0 (0.0 per sec) reads @ chr2_KI270716v1_random:0-153799
ForkPoolWorker-47 countReadsInRegions_worker: processing 153799 (5429507.3 per sec) @ chr2_KI270716v1_random:0-153799
ForkPoolWorker-47,  processing 0 (0.0 per sec) reads @ chr5_GL000208v1_random:0-92689
ForkPoolWorker-47 countReadsInRegions_worker: processing 92689 (5508392.9 per sec) @ chr5_GL000208v1_random:0-92689
ForkPoolWorker-47,  processing 0 (0.0 per sec) reads @ chrUn_GL000220v1:0-161802
ForkPoolWorker-47 countReadsInRegions_worker: processing 161802 (6230232.6 per sec) @ chrUn_GL000220v1:0-161802
ForkPoolWorker-47,  processing 11 (15882.0 per sec) reads @ chr12:20000000-25000000
ForkPoolWorker-47 countReadsInRegions_worker: processing 5000000 (7057957.2 per sec) @ chr12:20000000-25000000
ForkPoolWorker-47,  processing 0 (0.0 per sec) reads @ chr14_KI270726v1_random:0-43739
ForkPoolWorker-47 countReadsInRegions_worker: processing 43739 (4114163.5 per sec) @ chr14_KI270726v1_random:0-43739
ForkPoolWorker-47,  processing 14 (17924.4 per sec) reads @ chr2:200000000-205000000
ForkPoolWorker-47 countReadsInRegions_worker: processing 5000000 (7012186.0 per sec) @ chr2:200000000-205000000
ForkPoolWorker-47,  processing 13 (17459.5 per sec) reads @ chr6:105000000-110000000
ForkPoolWorker-47 countReadsInRegions_worker: processing 5000000 (6992963.5 per sec) @ chr6:105000000-110000000
ForkPoolWorker-47,  processing 288 (77942.9 per sec) reads @ chr22_KI270733v1_random:0-179772
ForkPoolWorker-47 countReadsInRegions_worker: processing 179772 (5523742.1 per sec) @ chr22_KI270733v1_random:0-179772
ForkPoolWorker-47,  processing 0 (0.0 per sec) reads @ chr14_GL000009v2_random:0-201709
ForkPoolWorker-47 countReadsInRegions_worker: processing 201709 (6456264.2 per sec) @ chr14_GL000009v2_random:0-201709
ForkPoolWorker-39,  processing 8 (133.6 per sec) reads @ chr5:95000000-100000000
ForkPoolWorker-39 countReadsInRegions_worker: processing 5000000 (6187415.2 per sec) @ chr5:95000000-100000000
ForkPoolWorker-39,  processing 0 (0.0 per sec) reads @ chr1:135000000-140000000
ForkPoolWorker-39 countReadsInRegions_worker: processing 5000000 (7001248.9 per sec) @ chr1:135000000-140000000
ForkPoolWorker-39,  processing 11 (12244.5 per sec) reads @ chr8:115000000-120000000
ForkPoolWorker-39 countReadsInRegions_worker: processing 5000000 (7068248.0 per sec) @ chr8:115000000-120000000
ForkPoolWorker-39,  processing 67 (48476.5 per sec) reads @ chr9:130000000-135000000
ForkPoolWorker-39 countReadsInRegions_worker: processing 5000000 (7110694.0 per sec) @ chr9:130000000-135000000
ForkPoolWorker-39,  processing 20 (20789.6 per sec) reads @ chr1:30000000-35000000
ForkPoolWorker-39 countReadsInRegions_worker: processing 5000000 (7130994.4 per sec) @ chr1:30000000-35000000
ForkPoolWorker-39,  processing 21 (23569.8 per sec) reads @ chr12:10000000-15000000
ForkPoolWorker-39 countReadsInRegions_worker: processing 5000000 (7127790.3 per sec) @ chr12:10000000-15000000
ForkPoolWorker-39,  processing 7 (11650.8 per sec) reads @ chr8:45000000-50000000
ForkPoolWorker-39 countReadsInRegions_worker: processing 5000000 (7160694.9 per sec) @ chr8:45000000-50000000
ForkPoolWorker-39,  processing 25 (30402.3 per sec) reads @ chr5:115000000-120000000
ForkPoolWorker-39 countReadsInRegions_worker: processing 5000000 (7125746.2 per sec) @ chr5:115000000-120000000
ForkPoolWorker-39,  processing 14 (19619.2 per sec) reads @ chr11:105000000-110000000
ForkPoolWorker-39 countReadsInRegions_worker: processing 5000000 (7075404.4 per sec) @ chr11:105000000-110000000
ForkPoolWorker-39,  processing 20 (25819.0 per sec) reads @ chr2:230000000-235000000
ForkPoolWorker-39 countReadsInRegions_worker: processing 5000000 (7092880.6 per sec) @ chr2:230000000-235000000
ForkPoolWorker-39,  processing 15 (20420.2 per sec) reads @ chr20:55000000-60000000
ForkPoolWorker-39 countReadsInRegions_worker: processing 5000000 (7113318.1 per sec) @ chr20:55000000-60000000
ForkPoolWorker-39,  processing 0 (0.0 per sec) reads @ chrUn_KI270376v1:0-1136
ForkPoolWorker-39 countReadsInRegions_worker: processing 1136 (234334.8 per sec) @ chrUn_KI270376v1:0-1136
ForkPoolWorker-6,  processing 10 (149.6 per sec) reads @ chr2:140000000-145000000
ForkPoolWorker-6 countReadsInRegions_worker: processing 5000000 (6004250.5 per sec) @ chr2:140000000-145000000
ForkPoolWorker-6,  processing 0 (0.0 per sec) reads @ chrUn_KI270333v1:0-2699
ForkPoolWorker-6 countReadsInRegions_worker: processing 2699 (473935.6 per sec) @ chrUn_KI270333v1:0-2699
ForkPoolWorker-6,  processing 19 (24149.0 per sec) reads @ chr9:120000000-125000000
ForkPoolWorker-6 countReadsInRegions_worker: processing 5000000 (7006926.2 per sec) @ chr9:120000000-125000000
ForkPoolWorker-6,  processing 14 (20164.9 per sec) reads @ chr5:85000000-90000000
ForkPoolWorker-6 countReadsInRegions_worker: processing 5000000 (7088399.8 per sec) @ chr5:85000000-90000000
ForkPoolWorker-6,  processing 104 (69692.9 per sec) reads @ chr1:205000000-210000000
ForkPoolWorker-6 countReadsInRegions_worker: processing 5000000 (7074800.6 per sec) @ chr1:205000000-210000000
ForkPoolWorker-6,  processing 74 (55583.5 per sec) reads @ chr11:60000000-65000000
ForkPoolWorker-6 countReadsInRegions_worker: processing 5000000 (7081764.6 per sec) @ chr11:60000000-65000000
ForkPoolWorker-6,  processing 10 (15911.6 per sec) reads @ chr9:20000000-25000000
ForkPoolWorker-6 countReadsInRegions_worker: processing 5000000 (7125886.6 per sec) @ chr9:20000000-25000000
ForkPoolWorker-6,  processing 37 (38807.0 per sec) reads @ chr1:200000000-205000000
ForkPoolWorker-6 countReadsInRegions_worker: processing 5000000 (7144411.6 per sec) @ chr1:200000000-205000000
ForkPoolWorker-6,  processing 12 (18423.0 per sec) reads @ chr8:130000000-135000000
ForkPoolWorker-6 countReadsInRegions_worker: processing 5000000 (7150382.1 per sec) @ chr8:130000000-135000000
ForkPoolWorker-6,  processing 14 (20911.8 per sec) reads @ chr11:95000000-100000000
ForkPoolWorker-6 countReadsInRegions_worker: processing 5000000 (7147009.5 per sec) @ chr11:95000000-100000000
ForkPoolWorker-6,  processing 18 (22878.0 per sec) reads @ chr18:30000000-35000000
ForkPoolWorker-6 countReadsInRegions_worker: processing 5000000 (7163894.4 per sec) @ chr18:30000000-35000000
ForkPoolWorker-6,  processing 17 (21502.8 per sec) reads @ chr1:155000000-160000000
ForkPoolWorker-6 countReadsInRegions_worker: processing 5000000 (7140281.2 per sec) @ chr1:155000000-160000000
ForkPoolWorker-30,  processing 18 (279.9 per sec) reads @ chr20:60000000-64444167
ForkPoolWorker-30 countReadsInRegions_worker: processing 4444167 (6240222.5 per sec) @ chr20:60000000-64444167
ForkPoolWorker-30,  processing 6 (6853.4 per sec) reads @ chr17:20000000-25000000
ForkPoolWorker-30 countReadsInRegions_worker: processing 5000000 (7114676.7 per sec) @ chr17:20000000-25000000
ForkPoolWorker-30,  processing 27 (28003.5 per sec) reads @ chr3:140000000-145000000
ForkPoolWorker-30 countReadsInRegions_worker: processing 5000000 (7067333.3 per sec) @ chr3:140000000-145000000
ForkPoolWorker-30,  processing 29 (25962.6 per sec) reads @ chr13:20000000-25000000
ForkPoolWorker-30 countReadsInRegions_worker: processing 5000000 (7101767.7 per sec) @ chr13:20000000-25000000
ForkPoolWorker-30,  processing 1 (1995.4 per sec) reads @ chr18:80000000-80373285
ForkPoolWorker-30 countReadsInRegions_worker: processing 373285 (6338696.7 per sec) @ chr18:80000000-80373285
ForkPoolWorker-30,  processing 1 (2032.1 per sec) reads @ chr13:60000000-65000000
ForkPoolWorker-30 countReadsInRegions_worker: processing 5000000 (7099166.5 per sec) @ chr13:60000000-65000000
ForkPoolWorker-30,  processing 19 (26563.9 per sec) reads @ chr11:40000000-45000000
ForkPoolWorker-30 countReadsInRegions_worker: processing 5000000 (7081721.6 per sec) @ chr11:40000000-45000000
ForkPoolWorker-30,  processing 56 (47136.5 per sec) reads @ chr6:25000000-30000000
ForkPoolWorker-30 countReadsInRegions_worker: processing 5000000 (7046952.8 per sec) @ chr6:25000000-30000000
ForkPoolWorker-30,  processing 9 (13212.7 per sec) reads @ chr13:35000000-40000000
ForkPoolWorker-30 countReadsInRegions_worker: processing 5000000 (7049150.9 per sec) @ chr13:35000000-40000000
ForkPoolWorker-30,  processing 8 (11992.3 per sec) reads @ chr9:70000000-75000000
ForkPoolWorker-30 countReadsInRegions_worker: processing 5000000 (7037571.6 per sec) @ chr9:70000000-75000000
ForkPoolWorker-30,  processing 32 (30345.4 per sec) reads @ chr1:40000000-45000000
ForkPoolWorker-30 countReadsInRegions_worker: processing 5000000 (7033118.0 per sec) @ chr1:40000000-45000000
ForkPoolWorker-30,  processing 28 (30066.7 per sec) reads @ chr17:80000000-83257441
ForkPoolWorker-30 countReadsInRegions_worker: processing 3257441 (6971589.4 per sec) @ chr17:80000000-83257441
ForkPoolWorker-40,  processing 32 (534.4 per sec) reads @ chr11:70000000-75000000
ForkPoolWorker-40 countReadsInRegions_worker: processing 5000000 (6181546.3 per sec) @ chr11:70000000-75000000
ForkPoolWorker-40,  processing 3 (5516.4 per sec) reads @ chr8:110000000-115000000
ForkPoolWorker-40 countReadsInRegions_worker: processing 5000000 (6830382.0 per sec) @ chr8:110000000-115000000
ForkPoolWorker-40,  processing 9 (9033.0 per sec) reads @ chr9:105000000-110000000
ForkPoolWorker-40 countReadsInRegions_worker: processing 5000000 (6951280.6 per sec) @ chr9:105000000-110000000
ForkPoolWorker-40,  processing 17 (19922.7 per sec) reads @ chr10:5000000-10000000
ForkPoolWorker-40 countReadsInRegions_worker: processing 5000000 (7093005.3 per sec) @ chr10:5000000-10000000
ForkPoolWorker-40,  processing 14 (16806.0 per sec) reads @ chr1:195000000-200000000
ForkPoolWorker-40 countReadsInRegions_worker: processing 5000000 (6987294.8 per sec) @ chr1:195000000-200000000
ForkPoolWorker-40,  processing 11 (16454.1 per sec) reads @ chr4:10000000-15000000
ForkPoolWorker-40 countReadsInRegions_worker: processing 5000000 (7001255.9 per sec) @ chr4:10000000-15000000
ForkPoolWorker-40,  processing 13 (17594.7 per sec) reads @ chr3:195000000-198295559
ForkPoolWorker-40 countReadsInRegions_worker: processing 3295559 (6956768.0 per sec) @ chr3:195000000-198295559
ForkPoolWorker-40,  processing 56 (47847.0 per sec) reads @ chr5:145000000-150000000
ForkPoolWorker-40 countReadsInRegions_worker: processing 5000000 (7062176.0 per sec) @ chr5:145000000-150000000
ForkPoolWorker-40,  processing 5 (8577.3 per sec) reads @ chr13:55000000-60000000
ForkPoolWorker-40 countReadsInRegions_worker: processing 5000000 (7075096.5 per sec) @ chr13:55000000-60000000
ForkPoolWorker-40,  processing 0 (0.0 per sec) reads @ chrUn_KI270529v1:0-1899
ForkPoolWorker-40 countReadsInRegions_worker: processing 1899 (343126.0 per sec) @ chrUn_KI270529v1:0-1899
ForkPoolWorker-40,  processing 3 (5735.1 per sec) reads @ chr2:80000000-85000000
ForkPoolWorker-40 countReadsInRegions_worker: processing 5000000 (7099159.3 per sec) @ chr2:80000000-85000000
ForkPoolWorker-40,  processing 9 (12595.5 per sec) reads @ chr4:50000000-55000000
ForkPoolWorker-40 countReadsInRegions_worker: processing 5000000 (7072677.0 per sec) @ chr4:50000000-55000000
ForkPoolWorker-25,  processing 9 (143.4 per sec) reads @ chr4:40000000-45000000
ForkPoolWorker-25 countReadsInRegions_worker: processing 5000000 (6035848.7 per sec) @ chr4:40000000-45000000
ForkPoolWorker-25,  processing 1 (1215.0 per sec) reads @ chr8:135000000-140000000
ForkPoolWorker-25 countReadsInRegions_worker: processing 5000000 (6982116.5 per sec) @ chr8:135000000-140000000
ForkPoolWorker-25,  processing 0 (0.0 per sec) reads @ chrUn_KI270304v1:0-2165
ForkPoolWorker-25 countReadsInRegions_worker: processing 2165 (413415.3 per sec) @ chrUn_KI270304v1:0-2165
ForkPoolWorker-25,  processing 7 (11910.8 per sec) reads @ chr11:25000000-30000000
ForkPoolWorker-25 countReadsInRegions_worker: processing 5000000 (7008097.0 per sec) @ chr11:25000000-30000000
ForkPoolWorker-25,  processing 9 (13296.5 per sec) reads @ chr19:20000000-25000000
ForkPoolWorker-25 countReadsInRegions_worker: processing 5000000 (7022950.4 per sec) @ chr19:20000000-25000000
ForkPoolWorker-25,  processing 0 (0.0 per sec) reads @ chr18:15000000-20000000
ForkPoolWorker-25 countReadsInRegions_worker: processing 5000000 (7053366.3 per sec) @ chr18:15000000-20000000
ForkPoolWorker-25,  processing 19 (21382.3 per sec) reads @ chr22:35000000-40000000
ForkPoolWorker-25 countReadsInRegions_worker: processing 5000000 (7077061.5 per sec) @ chr22:35000000-40000000
ForkPoolWorker-25,  processing 38 (37126.4 per sec) reads @ chr8:95000000-100000000
ForkPoolWorker-25 countReadsInRegions_worker: processing 5000000 (7063263.0 per sec) @ chr8:95000000-100000000
ForkPoolWorker-25,  processing 0 (0.0 per sec) reads @ chr9:55000000-60000000
ForkPoolWorker-25 countReadsInRegions_worker: processing 5000000 (7068469.5 per sec) @ chr9:55000000-60000000
ForkPoolWorker-25,  processing 14 (16810.8 per sec) reads @ chr2:195000000-200000000
ForkPoolWorker-25 countReadsInRegions_worker: processing 5000000 (7065235.7 per sec) @ chr2:195000000-200000000
ForkPoolWorker-25,  processing 14 (16796.4 per sec) reads @ chr2:185000000-190000000
ForkPoolWorker-25 countReadsInRegions_worker: processing 5000000 (7065359.4 per sec) @ chr2:185000000-190000000
ForkPoolWorker-25,  processing 7 (10565.0 per sec) reads @ chr4:170000000-175000000
ForkPoolWorker-25 countReadsInRegions_worker: processing 5000000 (7050847.8 per sec) @ chr4:170000000-175000000
ForkPoolWorker-17,  processing 14 (212.9 per sec) reads @ chr18:10000000-15000000
ForkPoolWorker-17 countReadsInRegions_worker: processing 5000000 (6080017.9 per sec) @ chr18:10000000-15000000
ForkPoolWorker-17,  processing 0 (0.0 per sec) reads @ chrUn_KI270394v1:0-970
ForkPoolWorker-17 countReadsInRegions_worker: processing 970 (180869.3 per sec) @ chrUn_KI270394v1:0-970
ForkPoolWorker-17,  processing 4 (6452.8 per sec) reads @ chr7:55000000-60000000
ForkPoolWorker-17 countReadsInRegions_worker: processing 5000000 (7020686.3 per sec) @ chr7:55000000-60000000
ForkPoolWorker-17,  processing 0 (0.0 per sec) reads @ chrUn_KI270521v1:0-7642
ForkPoolWorker-17 countReadsInRegions_worker: processing 7642 (1412767.6 per sec) @ chrUn_KI270521v1:0-7642
ForkPoolWorker-17,  processing 0 (0.0 per sec) reads @ chr9:45000000-50000000
ForkPoolWorker-17 countReadsInRegions_worker: processing 5000000 (7131838.3 per sec) @ chr9:45000000-50000000
ForkPoolWorker-17,  processing 42 (36487.3 per sec) reads @ chr18:35000000-40000000
ForkPoolWorker-17 countReadsInRegions_worker: processing 5000000 (7103721.0 per sec) @ chr18:35000000-40000000
ForkPoolWorker-17,  processing 67 (47841.1 per sec) reads @ chr9:35000000-40000000
ForkPoolWorker-17 countReadsInRegions_worker: processing 5000000 (7109177.8 per sec) @ chr9:35000000-40000000
ForkPoolWorker-17,  processing 0 (0.0 per sec) reads @ chrUn_KI270435v1:0-92983
ForkPoolWorker-17 countReadsInRegions_worker: processing 92983 (5244247.7 per sec) @ chrUn_KI270435v1:0-92983
ForkPoolWorker-17,  processing 0 (0.0 per sec) reads @ chrUn_KI270742v1:0-186739
ForkPoolWorker-17 countReadsInRegions_worker: processing 186739 (4588294.0 per sec) @ chrUn_KI270742v1:0-186739
ForkPoolWorker-17,  processing 11 (16698.3 per sec) reads @ chr2:20000000-25000000
ForkPoolWorker-17 countReadsInRegions_worker: processing 5000000 (7132988.1 per sec) @ chr2:20000000-25000000
ForkPoolWorker-17,  processing 7 (11021.1 per sec) reads @ chr12:95000000-100000000
ForkPoolWorker-17 countReadsInRegions_worker: processing 5000000 (7132381.6 per sec) @ chr12:95000000-100000000
ForkPoolWorker-17,  processing 13 (19145.3 per sec) reads @ chr1:85000000-90000000
ForkPoolWorker-17 countReadsInRegions_worker: processing 5000000 (7127848.4 per sec) @ chr1:85000000-90000000
ForkPoolWorker-17,  processing 77 (61317.9 per sec) reads @ chr8:70000000-75000000
ForkPoolWorker-17 countReadsInRegions_worker: processing 5000000 (7059320.9 per sec) @ chr8:70000000-75000000
ForkPoolWorker-17,  processing 9 (14027.8 per sec) reads @ chr5:170000000-175000000
ForkPoolWorker-17 countReadsInRegions_worker: processing 5000000 (7042272.1 per sec) @ chr5:170000000-175000000
ForkPoolWorker-17,  processing 0 (0.0 per sec) reads @ chrUn_KI270745v1:0-41891
ForkPoolWorker-17 countReadsInRegions_worker: processing 41891 (4325756.8 per sec) @ chrUn_KI270745v1:0-41891
ForkPoolWorker-17,  processing 10 (15517.2 per sec) reads @ chr2:75000000-80000000
ForkPoolWorker-17 countReadsInRegions_worker: processing 5000000 (7053840.8 per sec) @ chr2:75000000-80000000
ForkPoolWorker-50,  processing 20 (341.4 per sec) reads @ chr17:10000000-15000000
ForkPoolWorker-50 countReadsInRegions_worker: processing 5000000 (6151542.8 per sec) @ chr17:10000000-15000000
ForkPoolWorker-50,  processing 13 (14885.6 per sec) reads @ chr1:10000000-15000000
ForkPoolWorker-50 countReadsInRegions_worker: processing 5000000 (7058864.7 per sec) @ chr1:10000000-15000000
ForkPoolWorker-50,  processing 21 (24658.6 per sec) reads @ chr17:65000000-70000000
ForkPoolWorker-50 countReadsInRegions_worker: processing 5000000 (7178600.4 per sec) @ chr17:65000000-70000000
ForkPoolWorker-50,  processing 6 (10699.8 per sec) reads @ chrX:125000000-130000000
ForkPoolWorker-50 countReadsInRegions_worker: processing 5000000 (7179340.1 per sec) @ chrX:125000000-130000000
ForkPoolWorker-50,  processing 16 (22199.4 per sec) reads @ chr7:40000000-45000000
ForkPoolWorker-50 countReadsInRegions_worker: processing 5000000 (7121722.0 per sec) @ chr7:40000000-45000000
ForkPoolWorker-50,  processing 7 (11283.7 per sec) reads @ chr3:115000000-120000000
ForkPoolWorker-50 countReadsInRegions_worker: processing 5000000 (7161871.1 per sec) @ chr3:115000000-120000000
ForkPoolWorker-50,  processing 15 (21147.8 per sec) reads @ chr9:85000000-90000000
ForkPoolWorker-50 countReadsInRegions_worker: processing 5000000 (7138854.4 per sec) @ chr9:85000000-90000000
ForkPoolWorker-50,  processing 0 (0.0 per sec) reads @ chrUn_GL000213v1:0-164239
ForkPoolWorker-50 countReadsInRegions_worker: processing 164239 (5851006.9 per sec) @ chrUn_GL000213v1:0-164239
ForkPoolWorker-50,  processing 22 (23143.9 per sec) reads @ chr1:165000000-170000000
ForkPoolWorker-50 countReadsInRegions_worker: processing 5000000 (7122319.4 per sec) @ chr1:165000000-170000000
ForkPoolWorker-50,  processing 4 (7269.2 per sec) reads @ chr6:55000000-60000000
ForkPoolWorker-50 countReadsInRegions_worker: processing 5000000 (7100180.8 per sec) @ chr6:55000000-60000000
ForkPoolWorker-50,  processing 0 (0.0 per sec) reads @ chr15:10000000-15000000
ForkPoolWorker-50 countReadsInRegions_worker: processing 5000000 (7067485.7 per sec) @ chr15:10000000-15000000
ForkPoolWorker-50,  processing 20 (22477.5 per sec) reads @ chr11:0-5000000
ForkPoolWorker-50 countReadsInRegions_worker: processing 5000000 (7019492.5 per sec) @ chr11:0-5000000
ForkPoolWorker-46,  processing 6 (103.2 per sec) reads @ chr4:65000000-70000000
ForkPoolWorker-46 countReadsInRegions_worker: processing 5000000 (6184462.9 per sec) @ chr4:65000000-70000000
ForkPoolWorker-46,  processing 9 (11690.5 per sec) reads @ chr20:15000000-20000000
ForkPoolWorker-46 countReadsInRegions_worker: processing 5000000 (6939375.0 per sec) @ chr20:15000000-20000000
ForkPoolWorker-46,  processing 3 (4290.1 per sec) reads @ chr7:15000000-20000000
ForkPoolWorker-46 countReadsInRegions_worker: processing 5000000 (7018285.0 per sec) @ chr7:15000000-20000000
ForkPoolWorker-46,  processing 11 (14792.4 per sec) reads @ chr3:0-5000000
ForkPoolWorker-46 countReadsInRegions_worker: processing 5000000 (7034722.2 per sec) @ chr3:0-5000000
ForkPoolWorker-46,  processing 32 (33034.1 per sec) reads @ chr2:45000000-50000000
ForkPoolWorker-46 countReadsInRegions_worker: processing 5000000 (7030496.1 per sec) @ chr2:45000000-50000000
ForkPoolWorker-46,  processing 23 (25869.9 per sec) reads @ chr4:85000000-90000000
ForkPoolWorker-46 countReadsInRegions_worker: processing 5000000 (7004590.6 per sec) @ chr4:85000000-90000000
ForkPoolWorker-46,  processing 0 (0.0 per sec) reads @ chrUn_KI270337v1:0-1121
ForkPoolWorker-46 countReadsInRegions_worker: processing 1121 (217194.0 per sec) @ chrUn_KI270337v1:0-1121
ForkPoolWorker-46,  processing 1 (2912.7 per sec) reads @ chrUn_KI270442v1:0-392061
ForkPoolWorker-46 countReadsInRegions_worker: processing 392061 (6447908.6 per sec) @ chrUn_KI270442v1:0-392061
ForkPoolWorker-46,  processing 10 (12049.1 per sec) reads @ chr20:0-5000000
ForkPoolWorker-46 countReadsInRegions_worker: processing 5000000 (7047767.4 per sec) @ chr20:0-5000000
ForkPoolWorker-46,  processing 0 (0.0 per sec) reads @ chrUn_KI270754v1:0-40191
ForkPoolWorker-46 countReadsInRegions_worker: processing 40191 (3800375.9 per sec) @ chrUn_KI270754v1:0-40191
ForkPoolWorker-46,  processing 51 (38793.9 per sec) reads @ chr19:45000000-50000000
ForkPoolWorker-46 countReadsInRegions_worker: processing 5000000 (7014798.9 per sec) @ chr19:45000000-50000000
ForkPoolWorker-46,  processing 14 (18724.6 per sec) reads @ chr11:5000000-10000000
ForkPoolWorker-46 countReadsInRegions_worker: processing 5000000 (7009696.9 per sec) @ chr11:5000000-10000000
ForkPoolWorker-46,  processing 0 (0.0 per sec) reads @ chrUn_KI270315v1:0-2276
ForkPoolWorker-46 countReadsInRegions_worker: processing 2276 (413597.2 per sec) @ chrUn_KI270315v1:0-2276
ForkPoolWorker-46,  processing 12 (17050.0 per sec) reads @ chr11:125000000-130000000
ForkPoolWorker-46 countReadsInRegions_worker: processing 5000000 (7015078.1 per sec) @ chr11:125000000-130000000
ForkPoolWorker-46,  processing 0 (0.0 per sec) reads @ chr1_KI270711v1_random:0-42210
ForkPoolWorker-46 countReadsInRegions_worker: processing 42210 (4083250.4 per sec) @ chr1_KI270711v1_random:0-42210
ForkPoolWorker-46,  processing 49 (45509.5 per sec) reads @ chr7:135000000-140000000
ForkPoolWorker-46 countReadsInRegions_worker: processing 5000000 (7063555.6 per sec) @ chr7:135000000-140000000
ForkPoolWorker-52,  processing 28 (484.9 per sec) reads @ chr6:20000000-25000000
ForkPoolWorker-52 countReadsInRegions_worker: processing 5000000 (6066557.8 per sec) @ chr6:20000000-25000000
ForkPoolWorker-52,  processing 0 (0.0 per sec) reads @ chr14_GL000194v1_random:0-191469
ForkPoolWorker-52 countReadsInRegions_worker: processing 191469 (5362154.7 per sec) @ chr14_GL000194v1_random:0-191469
ForkPoolWorker-52,  processing 4 (6649.7 per sec) reads @ chr1:80000000-85000000
ForkPoolWorker-52 countReadsInRegions_worker: processing 5000000 (7133919.9 per sec) @ chr1:80000000-85000000
ForkPoolWorker-52,  processing 0 (0.0 per sec) reads @ chrUn_KI270335v1:0-1048
ForkPoolWorker-52 countReadsInRegions_worker: processing 1048 (197645.3 per sec) @ chrUn_KI270335v1:0-1048
ForkPoolWorker-52,  processing 10 (14310.1 per sec) reads @ chr11:130000000-135000000
ForkPoolWorker-52 countReadsInRegions_worker: processing 5000000 (7089027.6 per sec) @ chr11:130000000-135000000
ForkPoolWorker-52,  processing 30 (29392.5 per sec) reads @ chr16:5000000-10000000
ForkPoolWorker-52 countReadsInRegions_worker: processing 5000000 (7079536.6 per sec) @ chr16:5000000-10000000
ForkPoolWorker-52,  processing 17 (20343.3 per sec) reads @ chr2:175000000-180000000
ForkPoolWorker-52 countReadsInRegions_worker: processing 5000000 (7063767.4 per sec) @ chr2:175000000-180000000
ForkPoolWorker-52,  processing 0 (0.0 per sec) reads @ chrUn_KI270422v1:0-1445
ForkPoolWorker-52 countReadsInRegions_worker: processing 1445 (266501.2 per sec) @ chrUn_KI270422v1:0-1445
ForkPoolWorker-52,  processing 12 (16357.4 per sec) reads @ chr1:70000000-75000000
ForkPoolWorker-52 countReadsInRegions_worker: processing 5000000 (7040931.5 per sec) @ chr1:70000000-75000000
ForkPoolWorker-52,  processing 15 (18702.3 per sec) reads @ chr6:130000000-135000000
ForkPoolWorker-52 countReadsInRegions_worker: processing 5000000 (7065697.5 per sec) @ chr6:130000000-135000000
ForkPoolWorker-52,  processing 0 (0.0 per sec) reads @ chr14:15000000-20000000
ForkPoolWorker-52 countReadsInRegions_worker: processing 5000000 (7062685.0 per sec) @ chr14:15000000-20000000
ForkPoolWorker-52,  processing 3 (5570.1 per sec) reads @ chr15:20000000-25000000
ForkPoolWorker-52 countReadsInRegions_worker: processing 5000000 (7058156.7 per sec) @ chr15:20000000-25000000
ForkPoolWorker-52,  processing 11 (14825.6 per sec) reads @ chr2:160000000-165000000
ForkPoolWorker-52 countReadsInRegions_worker: processing 5000000 (7070147.2 per sec) @ chr2:160000000-165000000
ForkPoolWorker-52,  processing 0 (0.0 per sec) reads @ chrUn_KI270374v1:0-2656
ForkPoolWorker-52 countReadsInRegions_worker: processing 2656 (494301.4 per sec) @ chrUn_KI270374v1:0-2656
ForkPoolWorker-52,  processing 40 (32307.4 per sec) reads @ chr8:140000000-145000000
ForkPoolWorker-52 countReadsInRegions_worker: processing 5000000 (7171893.4 per sec) @ chr8:140000000-145000000
ForkPoolWorker-52,  processing 0 (0.0 per sec) reads @ chrUn_KI270386v1:0-1788
ForkPoolWorker-52 countReadsInRegions_worker: processing 1788 (382350.1 per sec) @ chrUn_KI270386v1:0-1788
ForkPoolWorker-2,  processing 9 (136.3 per sec) reads @ chr18:75000000-80000000
ForkPoolWorker-2 countReadsInRegions_worker: processing 5000000 (6030438.7 per sec) @ chr18:75000000-80000000
ForkPoolWorker-2,  processing 33 (23068.7 per sec) reads @ chr10:65000000-70000000
ForkPoolWorker-2 countReadsInRegions_worker: processing 5000000 (6960141.9 per sec) @ chr10:65000000-70000000
ForkPoolWorker-2,  processing 5 (8535.4 per sec) reads @ chr4:130000000-135000000
ForkPoolWorker-2 countReadsInRegions_worker: processing 5000000 (6994302.2 per sec) @ chr4:130000000-135000000
ForkPoolWorker-2,  processing 6 (9750.4 per sec) reads @ chr7:80000000-85000000
ForkPoolWorker-2 countReadsInRegions_worker: processing 5000000 (6995396.4 per sec) @ chr7:80000000-85000000
ForkPoolWorker-2,  processing 35 (34688.2 per sec) reads @ chr9:75000000-80000000
ForkPoolWorker-2 countReadsInRegions_worker: processing 5000000 (7024373.5 per sec) @ chr9:75000000-80000000
ForkPoolWorker-2,  processing 22 (26576.8 per sec) reads @ chr13:25000000-30000000
ForkPoolWorker-2 countReadsInRegions_worker: processing 5000000 (7037661.3 per sec) @ chr13:25000000-30000000
ForkPoolWorker-2,  processing 0 (0.0 per sec) reads @ chrUn_GL000195v1:0-182896
ForkPoolWorker-2 countReadsInRegions_worker: processing 182896 (5796682.9 per sec) @ chrUn_GL000195v1:0-182896
ForkPoolWorker-2,  processing 15 (19128.8 per sec) reads @ chr15:25000000-30000000
ForkPoolWorker-2 countReadsInRegions_worker: processing 5000000 (7026291.6 per sec) @ chr15:25000000-30000000
ForkPoolWorker-2,  processing 12 (17879.8 per sec) reads @ chr15:85000000-90000000
ForkPoolWorker-2 countReadsInRegions_worker: processing 5000000 (7023608.9 per sec) @ chr15:85000000-90000000
ForkPoolWorker-2,  processing 22 (21330.3 per sec) reads @ chr2:235000000-240000000
ForkPoolWorker-2 countReadsInRegions_worker: processing 5000000 (7001662.6 per sec) @ chr2:235000000-240000000
ForkPoolWorker-2,  processing 28 (32505.0 per sec) reads @ chr11:90000000-95000000
ForkPoolWorker-2 countReadsInRegions_worker: processing 5000000 (6979026.2 per sec) @ chr11:90000000-95000000
ForkPoolWorker-2,  processing 0 (0.0 per sec) reads @ chr14:5000000-10000000
ForkPoolWorker-2 countReadsInRegions_worker: processing 5000000 (6998083.3 per sec) @ chr14:5000000-10000000
ForkPoolWorker-22,  processing 0 (0.0 per sec) reads @ chrUn_KI270383v1:0-1750
ForkPoolWorker-22 countReadsInRegions_worker: processing 1750 (38115.8 per sec) @ chrUn_KI270383v1:0-1750
ForkPoolWorker-22,  processing 2 (324.7 per sec) reads @ chr10:35000000-40000000
ForkPoolWorker-22 countReadsInRegions_worker: processing 5000000 (6497951.1 per sec) @ chr10:35000000-40000000
ForkPoolWorker-22,  processing 0 (0.0 per sec) reads @ chrUn_KI270510v1:0-2415
ForkPoolWorker-22 countReadsInRegions_worker: processing 2415 (277187.0 per sec) @ chrUn_KI270510v1:0-2415
ForkPoolWorker-22,  processing 0 (0.0 per sec) reads @ chr22_KI270736v1_random:0-181920
ForkPoolWorker-22 countReadsInRegions_worker: processing 181920 (5846777.0 per sec) @ chr22_KI270736v1_random:0-181920
ForkPoolWorker-22,  processing 26 (21645.9 per sec) reads @ chr22:15000000-20000000
ForkPoolWorker-22 countReadsInRegions_worker: processing 5000000 (7074697.9 per sec) @ chr22:15000000-20000000
ForkPoolWorker-22,  processing 37 (33352.5 per sec) reads @ chr15:80000000-85000000
ForkPoolWorker-22 countReadsInRegions_worker: processing 5000000 (7079840.1 per sec) @ chr15:80000000-85000000
ForkPoolWorker-22,  processing 27 (27209.6 per sec) reads @ chr20:35000000-40000000
ForkPoolWorker-22 countReadsInRegions_worker: processing 5000000 (7020484.1 per sec) @ chr20:35000000-40000000
ForkPoolWorker-22,  processing 0 (0.0 per sec) reads @ chrUn_KI270385v1:0-990
ForkPoolWorker-22 countReadsInRegions_worker: processing 990 (182593.6 per sec) @ chrUn_KI270385v1:0-990
ForkPoolWorker-22,  processing 57 (40370.7 per sec) reads @ chr15:70000000-75000000
ForkPoolWorker-22 countReadsInRegions_worker: processing 5000000 (6987832.7 per sec) @ chr15:70000000-75000000
ForkPoolWorker-22,  processing 6 (9803.6 per sec) reads @ chr12:80000000-85000000
ForkPoolWorker-22 countReadsInRegions_worker: processing 5000000 (6881566.9 per sec) @ chr12:80000000-85000000
ForkPoolWorker-22,  processing 26 (29869.1 per sec) reads @ chr2:85000000-90000000
ForkPoolWorker-22 countReadsInRegions_worker: processing 5000000 (6945557.3 per sec) @ chr2:85000000-90000000
ForkPoolWorker-22,  processing 4 (7619.1 per sec) reads @ chr4:185000000-190000000
ForkPoolWorker-22 countReadsInRegions_worker: processing 5000000 (6983539.4 per sec) @ chr4:185000000-190000000
ForkPoolWorker-22,  processing 28 (29649.2 per sec) reads @ chr13:40000000-45000000
ForkPoolWorker-22 countReadsInRegions_worker: processing 5000000 (6938355.7 per sec) @ chr13:40000000-45000000
ForkPoolWorker-22,  processing 35 (31692.7 per sec) reads @ chr1:160000000-165000000
ForkPoolWorker-22 countReadsInRegions_worker: processing 5000000 (6948120.8 per sec) @ chr1:160000000-165000000
ForkPoolWorker-22,  processing 0 (0.0 per sec) reads @ chr1_KI270713v1_random:0-40745
ForkPoolWorker-22 countReadsInRegions_worker: processing 40745 (4284311.9 per sec) @ chr1_KI270713v1_random:0-40745
ForkPoolWorker-22,  processing 0 (0.0 per sec) reads @ chr13:10000000-15000000
ForkPoolWorker-22 countReadsInRegions_worker: processing 5000000 (6974530.3 per sec) @ chr13:10000000-15000000
ForkPoolWorker-10,  processing 10 (151.8 per sec) reads @ chr12:60000000-65000000
ForkPoolWorker-10 countReadsInRegions_worker: processing 5000000 (6256435.0 per sec) @ chr12:60000000-65000000
ForkPoolWorker-10,  processing 5 (5626.9 per sec) reads @ chr1:140000000-145000000
ForkPoolWorker-10 countReadsInRegions_worker: processing 5000000 (6912148.3 per sec) @ chr1:140000000-145000000
ForkPoolWorker-10,  processing 11 (14868.6 per sec) reads @ chr13:110000000-114364328
ForkPoolWorker-10 countReadsInRegions_worker: processing 4364328 (6937924.5 per sec) @ chr13:110000000-114364328
ForkPoolWorker-10,  processing 4 (5878.5 per sec) reads @ chr18:65000000-70000000
ForkPoolWorker-10 countReadsInRegions_worker: processing 5000000 (6959689.2 per sec) @ chr18:65000000-70000000
ForkPoolWorker-10,  processing 13 (18297.3 per sec) reads @ chr8:120000000-125000000
ForkPoolWorker-10 countReadsInRegions_worker: processing 5000000 (6974597.6 per sec) @ chr8:120000000-125000000
ForkPoolWorker-10,  processing 8 (13117.4 per sec) reads @ chr1:105000000-110000000
ForkPoolWorker-10 countReadsInRegions_worker: processing 5000000 (7005025.8 per sec) @ chr1:105000000-110000000
ForkPoolWorker-10,  processing 30 (26783.6 per sec) reads @ chr9:125000000-130000000
ForkPoolWorker-10 countReadsInRegions_worker: processing 5000000 (6985749.4 per sec) @ chr9:125000000-130000000
ForkPoolWorker-10,  processing 20 (23537.1 per sec) reads @ chr14:70000000-75000000
ForkPoolWorker-10 countReadsInRegions_worker: processing 5000000 (6983932.5 per sec) @ chr14:70000000-75000000
ForkPoolWorker-10,  processing 0 (0.0 per sec) reads @ chrUn_KI270372v1:0-1650
ForkPoolWorker-10 countReadsInRegions_worker: processing 1650 (304791.8 per sec) @ chrUn_KI270372v1:0-1650
ForkPoolWorker-10,  processing 59 (40581.2 per sec) reads @ chr3:50000000-55000000
ForkPoolWorker-10 countReadsInRegions_worker: processing 5000000 (6993024.2 per sec) @ chr3:50000000-55000000
ForkPoolWorker-10,  processing 17 (20928.4 per sec) reads @ chr3:35000000-40000000
ForkPoolWorker-10 countReadsInRegions_worker: processing 5000000 (6970415.6 per sec) @ chr3:35000000-40000000
ForkPoolWorker-10,  processing 21 (23728.6 per sec) reads @ chr12:45000000-50000000
ForkPoolWorker-10 countReadsInRegions_worker: processing 5000000 (6986314.9 per sec) @ chr12:45000000-50000000
ForkPoolWorker-44,  processing 2 (33.9 per sec) reads @ chr5:160000000-165000000
ForkPoolWorker-44 countReadsInRegions_worker: processing 5000000 (6046141.7 per sec) @ chr5:160000000-165000000
ForkPoolWorker-44,  processing 0 (0.0 per sec) reads @ chrY:5000000-10000000
ForkPoolWorker-44 countReadsInRegions_worker: processing 5000000 (6976040.7 per sec) @ chrY:5000000-10000000
ForkPoolWorker-44,  processing 0 (0.0 per sec) reads @ chrUn_KI270582v1:0-6504
ForkPoolWorker-44 countReadsInRegions_worker: processing 6504 (1179359.0 per sec) @ chrUn_KI270582v1:0-6504
ForkPoolWorker-44,  processing 16 (15360.2 per sec) reads @ chr1:235000000-240000000
ForkPoolWorker-44 countReadsInRegions_worker: processing 5000000 (7001073.6 per sec) @ chr1:235000000-240000000
ForkPoolWorker-44,  processing 52 (44195.3 per sec) reads @ chr1:170000000-175000000
ForkPoolWorker-44 countReadsInRegions_worker: processing 5000000 (6962413.3 per sec) @ chr1:170000000-175000000
ForkPoolWorker-44,  processing 0 (0.0 per sec) reads @ chrUn_KI270579v1:0-31033
ForkPoolWorker-44 countReadsInRegions_worker: processing 31033 (3595829.5 per sec) @ chrUn_KI270579v1:0-31033
ForkPoolWorker-44,  processing 0 (0.0 per sec) reads @ chrUn_KI270584v1:0-4513
ForkPoolWorker-44 countReadsInRegions_worker: processing 4513 (840910.4 per sec) @ chrUn_KI270584v1:0-4513
ForkPoolWorker-44,  processing 0 (0.0 per sec) reads @ chr13:0-5000000
ForkPoolWorker-44 countReadsInRegions_worker: processing 5000000 (7023298.4 per sec) @ chr13:0-5000000
ForkPoolWorker-44,  processing 9 (15233.5 per sec) reads @ chr11:100000000-105000000
ForkPoolWorker-44 countReadsInRegions_worker: processing 5000000 (7034835.5 per sec) @ chr11:100000000-105000000
ForkPoolWorker-44,  processing 18 (24338.3 per sec) reads @ chr1:145000000-150000000
ForkPoolWorker-44 countReadsInRegions_worker: processing 5000000 (7030689.4 per sec) @ chr1:145000000-150000000
ForkPoolWorker-44,  processing 47 (43632.6 per sec) reads @ chr7:5000000-10000000
ForkPoolWorker-44 countReadsInRegions_worker: processing 5000000 (7029124.7 per sec) @ chr7:5000000-10000000
ForkPoolWorker-44,  processing 1 (2013.6 per sec) reads @ chr13:105000000-110000000
ForkPoolWorker-44 countReadsInRegions_worker: processing 5000000 (7043206.3 per sec) @ chr13:105000000-110000000
ForkPoolWorker-44,  processing 0 (0.0 per sec) reads @ chr1_KI270712v1_random:0-176043
ForkPoolWorker-44 countReadsInRegions_worker: processing 176043 (5852988.1 per sec) @ chr1_KI270712v1_random:0-176043
ForkPoolWorker-44,  processing 3 (5407.4 per sec) reads @ chr20:25000000-30000000
ForkPoolWorker-44 countReadsInRegions_worker: processing 5000000 (6991630.0 per sec) @ chr20:25000000-30000000
ForkPoolWorker-44,  processing 15 (21098.1 per sec) reads @ chr6:160000000-165000000
ForkPoolWorker-44 countReadsInRegions_worker: processing 5000000 (6993103.4 per sec) @ chr6:160000000-165000000
ForkPoolWorker-44,  processing 0 (0.0 per sec) reads @ chrUn_KI270581v1:0-7046
ForkPoolWorker-44 countReadsInRegions_worker: processing 7046 (1326022.6 per sec) @ chrUn_KI270581v1:0-7046
ForkPoolWorker-4,  processing 55 (822.2 per sec) reads @ chr1:35000000-40000000
ForkPoolWorker-4 countReadsInRegions_worker: processing 5000000 (6018505.9 per sec) @ chr1:35000000-40000000
ForkPoolWorker-4,  processing 0 (0.0 per sec) reads @ chr15_KI270727v1_random:0-448248
ForkPoolWorker-4 countReadsInRegions_worker: processing 448248 (6066386.3 per sec) @ chr15_KI270727v1_random:0-448248
ForkPoolWorker-4,  processing 9 (12800.5 per sec) reads @ chr10:120000000-125000000
ForkPoolWorker-4 countReadsInRegions_worker: processing 5000000 (7065288.0 per sec) @ chr10:120000000-125000000
ForkPoolWorker-4,  processing 0 (0.0 per sec) reads @ chr9:50000000-55000000
ForkPoolWorker-4 countReadsInRegions_worker: processing 5000000 (7062925.2 per sec) @ chr9:50000000-55000000
ForkPoolWorker-4,  processing 0 (0.0 per sec) reads @ chrUn_KI270588v1:0-6158
ForkPoolWorker-4 countReadsInRegions_worker: processing 6158 (1037957.1 per sec) @ chrUn_KI270588v1:0-6158
ForkPoolWorker-4,  processing 0 (0.0 per sec) reads @ chrUn_KI270366v1:0-8320
ForkPoolWorker-4 countReadsInRegions_worker: processing 8320 (1459742.7 per sec) @ chrUn_KI270366v1:0-8320
ForkPoolWorker-4,  processing 0 (0.0 per sec) reads @ chrUn_KI270753v1:0-62944
ForkPoolWorker-4 countReadsInRegions_worker: processing 62944 (4751818.3 per sec) @ chrUn_KI270753v1:0-62944
ForkPoolWorker-4,  processing 11 (16632.1 per sec) reads @ chr8:105000000-110000000
ForkPoolWorker-4 countReadsInRegions_worker: processing 5000000 (7093300.4 per sec) @ chr8:105000000-110000000
ForkPoolWorker-4,  processing 8 (11970.9 per sec) reads @ chr13:100000000-105000000
ForkPoolWorker-4 countReadsInRegions_worker: processing 5000000 (7035984.9 per sec) @ chr13:100000000-105000000
ForkPoolWorker-4,  processing 52 (40122.1 per sec) reads @ chr16:0-5000000
ForkPoolWorker-4 countReadsInRegions_worker: processing 5000000 (7064919.1 per sec) @ chr16:0-5000000
ForkPoolWorker-4,  processing 0 (0.0 per sec) reads @ chrUn_KI270312v1:0-998
ForkPoolWorker-4 countReadsInRegions_worker: processing 998 (193981.0 per sec) @ chrUn_KI270312v1:0-998
ForkPoolWorker-4,  processing 0 (0.0 per sec) reads @ chrUn_KI270539v1:0-993
ForkPoolWorker-4 countReadsInRegions_worker: processing 993 (220239.2 per sec) @ chrUn_KI270539v1:0-993
ForkPoolWorker-4,  processing 13 (19179.0 per sec) reads @ chr1:65000000-70000000
ForkPoolWorker-4 countReadsInRegions_worker: processing 5000000 (7077907.0 per sec) @ chr1:65000000-70000000
ForkPoolWorker-4,  processing 24 (27632.0 per sec) reads @ chr1:20000000-25000000
ForkPoolWorker-4 countReadsInRegions_worker: processing 5000000 (7080605.0 per sec) @ chr1:20000000-25000000
ForkPoolWorker-4,  processing 0 (0.0 per sec) reads @ chrUn_KI270744v1:0-168472
ForkPoolWorker-4 countReadsInRegions_worker: processing 168472 (5947803.0 per sec) @ chrUn_KI270744v1:0-168472
ForkPoolWorker-4,  processing 22 (25033.8 per sec) reads @ chr13:95000000-100000000
ForkPoolWorker-4 countReadsInRegions_worker: processing 5000000 (7067702.5 per sec) @ chr13:95000000-100000000
ForkPoolWorker-4,  processing 0 (0.0 per sec) reads @ chr6:170000000-170805979
ForkPoolWorker-4 countReadsInRegions_worker: processing 805979 (6770249.4 per sec) @ chr6:170000000-170805979
ForkPoolWorker-4,  processing 23 (28541.1 per sec) reads @ chr11:10000000-15000000
ForkPoolWorker-4 countReadsInRegions_worker: processing 5000000 (7116202.5 per sec) @ chr11:10000000-15000000
ForkPoolWorker-4,  processing 6 (10309.6 per sec) reads @ chr11:35000000-40000000
ForkPoolWorker-4 countReadsInRegions_worker: processing 5000000 (7266477.8 per sec) @ chr11:35000000-40000000
ForkPoolWorker-4,  processing 0 (0.0 per sec) reads @ chrUn_KI270418v1:0-2145
ForkPoolWorker-4 countReadsInRegions_worker: processing 2145 (492273.0 per sec) @ chrUn_KI270418v1:0-2145
ForkPoolWorker-21,  processing 17 (262.3 per sec) reads @ chr12:65000000-70000000
ForkPoolWorker-21 countReadsInRegions_worker: processing 5000000 (6046678.6 per sec) @ chr12:65000000-70000000
ForkPoolWorker-21,  processing 38 (34769.5 per sec) reads @ chr12:0-5000000
ForkPoolWorker-21 countReadsInRegions_worker: processing 5000000 (7050281.3 per sec) @ chr12:0-5000000
ForkPoolWorker-21,  processing 17 (22941.8 per sec) reads @ chr4:25000000-30000000
ForkPoolWorker-21 countReadsInRegions_worker: processing 5000000 (7118709.9 per sec) @ chr4:25000000-30000000
ForkPoolWorker-21,  processing 35 (34307.2 per sec) reads @ chr2:60000000-65000000
ForkPoolWorker-21 countReadsInRegions_worker: processing 5000000 (7116453.7 per sec) @ chr2:60000000-65000000
ForkPoolWorker-21,  processing 16 (21284.1 per sec) reads @ chr13:45000000-50000000
ForkPoolWorker-21 countReadsInRegions_worker: processing 5000000 (7126925.5 per sec) @ chr13:45000000-50000000
ForkPoolWorker-21,  processing 19 (24437.8 per sec) reads @ chr10:130000000-133797422
ForkPoolWorker-21 countReadsInRegions_worker: processing 3797422 (7166840.0 per sec) @ chr10:130000000-133797422
ForkPoolWorker-21,  processing 34 (33010.7 per sec) reads @ chr13:90000000-95000000
ForkPoolWorker-21 countReadsInRegions_worker: processing 5000000 (7167567.1 per sec) @ chr13:90000000-95000000
ForkPoolWorker-21,  processing 7 (11270.7 per sec) reads @ chr9:5000000-10000000
ForkPoolWorker-21 countReadsInRegions_worker: processing 5000000 (7160922.3 per sec) @ chr9:5000000-10000000
ForkPoolWorker-21,  processing 14 (20151.1 per sec) reads @ chr12:25000000-30000000
ForkPoolWorker-21 countReadsInRegions_worker: processing 5000000 (7158194.5 per sec) @ chr12:25000000-30000000
ForkPoolWorker-21,  processing 27 (30118.7 per sec) reads @ chr14:20000000-25000000
ForkPoolWorker-21 countReadsInRegions_worker: processing 5000000 (7138152.2 per sec) @ chr14:20000000-25000000
ForkPoolWorker-21,  processing 9 (14043.4 per sec) reads @ chr8:85000000-90000000
ForkPoolWorker-21 countReadsInRegions_worker: processing 5000000 (7141954.2 per sec) @ chr8:85000000-90000000
ForkPoolWorker-21,  processing 12 (18027.1 per sec) reads @ chr3:55000000-60000000
ForkPoolWorker-21 countReadsInRegions_worker: processing 5000000 (7473664.1 per sec) @ chr3:55000000-60000000
ForkPoolWorker-16,  processing 0 (0.0 per sec) reads @ chrY:45000000-50000000
ForkPoolWorker-16 countReadsInRegions_worker: processing 5000000 (6461794.1 per sec) @ chrY:45000000-50000000
ForkPoolWorker-16,  processing 0 (0.0 per sec) reads @ chrUn_GL000216v2:0-176608
ForkPoolWorker-16 countReadsInRegions_worker: processing 176608 (5693372.7 per sec) @ chrUn_GL000216v2:0-176608
ForkPoolWorker-16,  processing 5 (6314.8 per sec) reads @ chr4:115000000-120000000
ForkPoolWorker-16 countReadsInRegions_worker: processing 5000000 (7044599.8 per sec) @ chr4:115000000-120000000
ForkPoolWorker-16,  processing 17 (25511.0 per sec) reads @ chrX:5000000-10000000
ForkPoolWorker-16 countReadsInRegions_worker: processing 5000000 (7119471.1 per sec) @ chrX:5000000-10000000
ForkPoolWorker-16,  processing 9 (13965.5 per sec) reads @ chr11:120000000-125000000
ForkPoolWorker-16 countReadsInRegions_worker: processing 5000000 (7026527.0 per sec) @ chr11:120000000-125000000
ForkPoolWorker-16,  processing 0 (0.0 per sec) reads @ chr14_KI270722v1_random:0-194050
ForkPoolWorker-16 countReadsInRegions_worker: processing 194050 (6581475.0 per sec) @ chr14_KI270722v1_random:0-194050
ForkPoolWorker-16,  processing 0 (0.0 per sec) reads @ chrUn_KI270396v1:0-1880
ForkPoolWorker-16 countReadsInRegions_worker: processing 1880 (359730.5 per sec) @ chrUn_KI270396v1:0-1880
ForkPoolWorker-16,  processing 30 (31254.1 per sec) reads @ chr19:15000000-20000000
ForkPoolWorker-16 countReadsInRegions_worker: processing 5000000 (7212547.3 per sec) @ chr19:15000000-20000000
ForkPoolWorker-16,  processing 16 (21076.9 per sec) reads @ chr8:90000000-95000000
ForkPoolWorker-16 countReadsInRegions_worker: processing 5000000 (7141470.2 per sec) @ chr8:90000000-95000000
ForkPoolWorker-16,  processing 47 (43469.1 per sec) reads @ chr16:20000000-25000000
ForkPoolWorker-16 countReadsInRegions_worker: processing 5000000 (7162546.3 per sec) @ chr16:20000000-25000000
ForkPoolWorker-16,  processing 11 (15698.3 per sec) reads @ chr10:30000000-35000000
ForkPoolWorker-16 countReadsInRegions_worker: processing 5000000 (7138847.2 per sec) @ chr10:30000000-35000000
ForkPoolWorker-16,  processing 0 (0.0 per sec) reads @ chrY:0-5000000
ForkPoolWorker-16 countReadsInRegions_worker: processing 5000000 (7166930.2 per sec) @ chrY:0-5000000
ForkPoolWorker-16,  processing 1 (2117.3 per sec) reads @ chr22:10000000-15000000
ForkPoolWorker-16 countReadsInRegions_worker: processing 5000000 (7167892.9 per sec) @ chr22:10000000-15000000
ForkPoolWorker-16,  processing 24 (30057.7 per sec) reads @ chr10:0-5000000
ForkPoolWorker-16 countReadsInRegions_worker: processing 5000000 (7158441.3 per sec) @ chr10:0-5000000
ForkPoolWorker-16,  processing 0 (0.0 per sec) reads @ chr4_GL000008v2_random:0-209709
ForkPoolWorker-16 countReadsInRegions_worker: processing 209709 (7151025.6 per sec) @ chr4_GL000008v2_random:0-209709
ForkPoolWorker-16,  processing 7 (12202.9 per sec) reads @ chrX:90000000-95000000
ForkPoolWorker-16 countReadsInRegions_worker: processing 5000000 (8200466.3 per sec) @ chrX:90000000-95000000
ForkPoolWorker-1,  processing 14 (214.7 per sec) reads @ chr8:125000000-130000000
ForkPoolWorker-1 countReadsInRegions_worker: processing 5000000 (6034212.7 per sec) @ chr8:125000000-130000000
ForkPoolWorker-1,  processing 25 (22182.7 per sec) reads @ chr21:45000000-46709983
ForkPoolWorker-1 countReadsInRegions_worker: processing 1709983 (6775842.4 per sec) @ chr21:45000000-46709983
ForkPoolWorker-1,  processing 21 (24748.6 per sec) reads @ chr17:35000000-40000000
ForkPoolWorker-1 countReadsInRegions_worker: processing 5000000 (7218331.7 per sec) @ chr17:35000000-40000000
ForkPoolWorker-1,  processing 1 (2725.3 per sec) reads @ chrUn_GL000218v1:0-161147
ForkPoolWorker-1 countReadsInRegions_worker: processing 161147 (5805499.8 per sec) @ chrUn_GL000218v1:0-161147
ForkPoolWorker-1,  processing 0 (0.0 per sec) reads @ chrUn_KI270340v1:0-1428
ForkPoolWorker-1 countReadsInRegions_worker: processing 1428 (278333.8 per sec) @ chrUn_KI270340v1:0-1428
ForkPoolWorker-1,  processing 15 (21538.7 per sec) reads @ chr4:135000000-140000000
ForkPoolWorker-1 countReadsInRegions_worker: processing 5000000 (7196264.7 per sec) @ chr4:135000000-140000000
ForkPoolWorker-1,  processing 1 (2153.1 per sec) reads @ chr9:40000000-45000000
ForkPoolWorker-1 countReadsInRegions_worker: processing 5000000 (7163250.8 per sec) @ chr9:40000000-45000000
ForkPoolWorker-1,  processing 0 (0.0 per sec) reads @ chrUn_KI270508v1:0-1951
ForkPoolWorker-1 countReadsInRegions_worker: processing 1951 (369039.7 per sec) @ chrUn_KI270508v1:0-1951
ForkPoolWorker-1,  processing 0 (0.0 per sec) reads @ chrUn_KI270528v1:0-2983
ForkPoolWorker-1 countReadsInRegions_worker: processing 2983 (624955.5 per sec) @ chrUn_KI270528v1:0-2983
ForkPoolWorker-1,  processing 0 (0.0 per sec) reads @ chrUn_KI270329v1:0-1040
ForkPoolWorker-1 countReadsInRegions_worker: processing 1040 (234017.0 per sec) @ chrUn_KI270329v1:0-1040
ForkPoolWorker-1,  processing 11 (17338.3 per sec) reads @ chr5:125000000-130000000
ForkPoolWorker-1 countReadsInRegions_worker: processing 5000000 (7184847.2 per sec) @ chr5:125000000-130000000
ForkPoolWorker-1,  processing 6 (10006.3 per sec) reads @ chr14:80000000-85000000
ForkPoolWorker-1 countReadsInRegions_worker: processing 5000000 (7159839.3 per sec) @ chr14:80000000-85000000
ForkPoolWorker-1,  processing 0 (0.0 per sec) reads @ chrUn_KI270387v1:0-1537
ForkPoolWorker-1 countReadsInRegions_worker: processing 1537 (290887.3 per sec) @ chrUn_KI270387v1:0-1537
ForkPoolWorker-1,  processing 19 (24718.3 per sec) reads @ chr14:45000000-50000000
ForkPoolWorker-1 countReadsInRegions_worker: processing 5000000 (7122031.6 per sec) @ chr14:45000000-50000000
ForkPoolWorker-1,  processing 22 (24698.8 per sec) reads @ chr7:90000000-95000000
ForkPoolWorker-1 countReadsInRegions_worker: processing 5000000 (7130235.5 per sec) @ chr7:90000000-95000000
ForkPoolWorker-1,  processing 87 (54889.4 per sec) reads @ chr17:45000000-50000000
ForkPoolWorker-1 countReadsInRegions_worker: processing 5000000 (7081233.8 per sec) @ chr17:45000000-50000000
ForkPoolWorker-1,  processing 5 (8651.6 per sec) reads @ chr2:135000000-140000000
ForkPoolWorker-1 countReadsInRegions_worker: processing 5000000 (7132204.6 per sec) @ chr2:135000000-140000000
ForkPoolWorker-1,  processing 0 (0.0 per sec) reads @ chrUn_KI270391v1:0-1484
ForkPoolWorker-1 countReadsInRegions_worker: processing 1484 (296821.5 per sec) @ chrUn_KI270391v1:0-1484
ForkPoolWorker-1,  processing 11 (19361.0 per sec) reads @ chr18:50000000-55000000
ForkPoolWorker-1 countReadsInRegions_worker: processing 5000000 (7317580.6 per sec) @ chr18:50000000-55000000
ForkPoolWorker-1,  processing 0 (0.0 per sec) reads @ chr9_KI270717v1_random:0-40062
ForkPoolWorker-1 countReadsInRegions_worker: processing 40062 (4712857.1 per sec) @ chr9_KI270717v1_random:0-40062
ForkPoolWorker-3,  processing 0 (0.0 per sec) reads @ chrUn_KI270395v1:0-1143
ForkPoolWorker-3 countReadsInRegions_worker: processing 1143 (23737.8 per sec) @ chrUn_KI270395v1:0-1143
ForkPoolWorker-3,  processing 10 (3578.5 per sec) reads @ chr10:10000000-15000000
ForkPoolWorker-3 countReadsInRegions_worker: processing 5000000 (6439316.2 per sec) @ chr10:10000000-15000000
ForkPoolWorker-3,  processing 0 (0.0 per sec) reads @ chr16_KI270728v1_random:0-1872759
ForkPoolWorker-3 countReadsInRegions_worker: processing 1872759 (7098253.8 per sec) @ chr16_KI270728v1_random:0-1872759
ForkPoolWorker-3,  processing 16 (20725.4 per sec) reads @ chr8:50000000-55000000
ForkPoolWorker-3 countReadsInRegions_worker: processing 5000000 (7227942.2 per sec) @ chr8:50000000-55000000
ForkPoolWorker-3,  processing 10 (14894.5 per sec) reads @ chr9:80000000-85000000
ForkPoolWorker-3 countReadsInRegions_worker: processing 5000000 (7188814.9 per sec) @ chr9:80000000-85000000
ForkPoolWorker-3,  processing 17 (23799.5 per sec) reads @ chr1:245000000-248956422
ForkPoolWorker-3 countReadsInRegions_worker: processing 3956422 (7147296.9 per sec) @ chr1:245000000-248956422
ForkPoolWorker-3,  processing 9 (14535.5 per sec) reads @ chr6:65000000-70000000
ForkPoolWorker-3 countReadsInRegions_worker: processing 5000000 (7069406.0 per sec) @ chr6:65000000-70000000
ForkPoolWorker-3,  processing 15 (19198.8 per sec) reads @ chr15:65000000-70000000
ForkPoolWorker-3 countReadsInRegions_worker: processing 5000000 (7035902.3 per sec) @ chr15:65000000-70000000
ForkPoolWorker-3,  processing 0 (0.0 per sec) reads @ chrUn_KI270587v1:0-2969
ForkPoolWorker-3 countReadsInRegions_worker: processing 2969 (527173.3 per sec) @ chrUn_KI270587v1:0-2969
ForkPoolWorker-3,  processing 0 (0.0 per sec) reads @ chr16:90000000-90338345
ForkPoolWorker-3 countReadsInRegions_worker: processing 338345 (6054997.1 per sec) @ chr16:90000000-90338345
ForkPoolWorker-3,  processing 9 (13706.9 per sec) reads @ chr11:110000000-115000000
ForkPoolWorker-3 countReadsInRegions_worker: processing 5000000 (7096387.1 per sec) @ chr11:110000000-115000000
ForkPoolWorker-3,  processing 13 (20157.5 per sec) reads @ chr13:80000000-85000000
ForkPoolWorker-3 countReadsInRegions_worker: processing 5000000 (7088196.2 per sec) @ chr13:80000000-85000000
ForkPoolWorker-3,  processing 0 (0.0 per sec) reads @ chr1_KI270710v1_random:0-40176
ForkPoolWorker-3 countReadsInRegions_worker: processing 40176 (3378586.0 per sec) @ chr1_KI270710v1_random:0-40176
ForkPoolWorker-3,  processing 20 (26198.0 per sec) reads @ chr1:5000000-10000000
ForkPoolWorker-3 countReadsInRegions_worker: processing 5000000 (7091396.0 per sec) @ chr1:5000000-10000000
ForkPoolWorker-3,  processing 0 (0.0 per sec) reads @ chrUn_KI270378v1:0-1048
ForkPoolWorker-3 countReadsInRegions_worker: processing 1048 (197529.8 per sec) @ chrUn_KI270378v1:0-1048
ForkPoolWorker-3,  processing 54 (45064.1 per sec) reads @ chr14:100000000-105000000
ForkPoolWorker-3 countReadsInRegions_worker: processing 5000000 (7079421.8 per sec) @ chr14:100000000-105000000
ForkPoolWorker-3,  processing 19 (22985.8 per sec) reads @ chr20:45000000-50000000
ForkPoolWorker-3 countReadsInRegions_worker: processing 5000000 (7061267.6 per sec) @ chr20:45000000-50000000
ForkPoolWorker-3,  processing 15 (24789.0 per sec) reads @ chr12:125000000-130000000
ForkPoolWorker-3 countReadsInRegions_worker: processing 5000000 (8279219.6 per sec) @ chr12:125000000-130000000
ForkPoolWorker-3,  processing 0 (0.0 per sec) reads @ chr11_KI270721v1_random:0-100316
ForkPoolWorker-3 countReadsInRegions_worker: processing 100316 (6405952.9 per sec) @ chr11_KI270721v1_random:0-100316
ForkPoolWorker-3,  processing 0 (0.0 per sec) reads @ chrUn_KI270429v1:0-1361
ForkPoolWorker-3 countReadsInRegions_worker: processing 1361 (306609.1 per sec) @ chrUn_KI270429v1:0-1361
ForkPoolWorker-11,  processing 17 (258.1 per sec) reads @ chr15:55000000-60000000
ForkPoolWorker-11 countReadsInRegions_worker: processing 5000000 (6137545.4 per sec) @ chr15:55000000-60000000
ForkPoolWorker-11,  processing 76 (46995.0 per sec) reads @ chr4:0-5000000
ForkPoolWorker-11 countReadsInRegions_worker: processing 5000000 (6975112.6 per sec) @ chr4:0-5000000
ForkPoolWorker-11,  processing 14 (15617.1 per sec) reads @ chr8:35000000-40000000
ForkPoolWorker-11 countReadsInRegions_worker: processing 5000000 (6912850.0 per sec) @ chr8:35000000-40000000
ForkPoolWorker-11,  processing 10 (15679.6 per sec) reads @ chr11:80000000-85000000
ForkPoolWorker-11 countReadsInRegions_worker: processing 5000000 (6966678.3 per sec) @ chr11:80000000-85000000
ForkPoolWorker-11,  processing 2 (3887.2 per sec) reads @ chr21:20000000-25000000
ForkPoolWorker-11 countReadsInRegions_worker: processing 5000000 (6994325.6 per sec) @ chr21:20000000-25000000
ForkPoolWorker-11,  processing 7 (12472.4 per sec) reads @ chrX:155000000-156040895
ForkPoolWorker-11 countReadsInRegions_worker: processing 1040895 (6912574.6 per sec) @ chrX:155000000-156040895
ForkPoolWorker-11,  processing 10 (14218.0 per sec) reads @ chr15:90000000-95000000
ForkPoolWorker-11 countReadsInRegions_worker: processing 5000000 (7060183.6 per sec) @ chr15:90000000-95000000
ForkPoolWorker-11,  processing 0 (0.0 per sec) reads @ chrUn_KI270519v1:0-138126
ForkPoolWorker-11 countReadsInRegions_worker: processing 138126 (5447456.4 per sec) @ chrUn_KI270519v1:0-138126
ForkPoolWorker-11,  processing 11 (14911.9 per sec) reads @ chr5:90000000-95000000
ForkPoolWorker-11 countReadsInRegions_worker: processing 5000000 (7057460.8 per sec) @ chr5:90000000-95000000
ForkPoolWorker-11,  processing 1 (2073.3 per sec) reads @ chr5:45000000-50000000
ForkPoolWorker-11 countReadsInRegions_worker: processing 5000000 (7039546.5 per sec) @ chr5:45000000-50000000
ForkPoolWorker-11,  processing 27 (30199.0 per sec) reads @ chr16:65000000-70000000
ForkPoolWorker-11 countReadsInRegions_worker: processing 5000000 (7032974.1 per sec) @ chr16:65000000-70000000
ForkPoolWorker-11,  processing 0 (0.0 per sec) reads @ chrUn_KI270414v1:0-2489
ForkPoolWorker-11 countReadsInRegions_worker: processing 2489 (446462.1 per sec) @ chrUn_KI270414v1:0-2489
ForkPoolWorker-11,  processing 0 (0.0 per sec) reads @ chr14_KI270723v1_random:0-38115
ForkPoolWorker-11 countReadsInRegions_worker: processing 38115 (4042632.4 per sec) @ chr14_KI270723v1_random:0-38115
ForkPoolWorker-11,  processing 12 (16111.3 per sec) reads @ chr2:210000000-215000000
ForkPoolWorker-11 countReadsInRegions_worker: processing 5000000 (7004239.6 per sec) @ chr2:210000000-215000000
ForkPoolWorker-11,  processing 0 (0.0 per sec) reads @ chrUn_KI270591v1:0-5796
ForkPoolWorker-11 countReadsInRegions_worker: processing 5796 (968494.7 per sec) @ chrUn_KI270591v1:0-5796
ForkPoolWorker-11,  processing 41 (35347.7 per sec) reads @ chr10:100000000-105000000
ForkPoolWorker-11 countReadsInRegions_worker: processing 5000000 (7113631.8 per sec) @ chr10:100000000-105000000
ForkPoolWorker-5,  processing 0 (0.0 per sec) reads @ chrUn_KI270509v1:0-2318
ForkPoolWorker-5 countReadsInRegions_worker: processing 2318 (48240.5 per sec) @ chrUn_KI270509v1:0-2318
ForkPoolWorker-5,  processing 16 (3026.1 per sec) reads @ chr10:15000000-20000000
ForkPoolWorker-5 countReadsInRegions_worker: processing 5000000 (6760806.0 per sec) @ chr10:15000000-20000000
ForkPoolWorker-5,  processing 0 (0.0 per sec) reads @ chrUn_KI270517v1:0-3253
ForkPoolWorker-5 countReadsInRegions_worker: processing 3253 (322814.3 per sec) @ chrUn_KI270517v1:0-3253
ForkPoolWorker-5,  processing 0 (0.0 per sec) reads @ chr22_KI270731v1_random:0-150754
ForkPoolWorker-5 countReadsInRegions_worker: processing 150754 (5389647.9 per sec) @ chr22_KI270731v1_random:0-150754
ForkPoolWorker-5,  processing 4 (5143.2 per sec) reads @ chr13:15000000-20000000
ForkPoolWorker-5 countReadsInRegions_worker: processing 5000000 (6955165.2 per sec) @ chr13:15000000-20000000
ForkPoolWorker-5,  processing 20 (18339.8 per sec) reads @ chr21:30000000-35000000
ForkPoolWorker-5 countReadsInRegions_worker: processing 5000000 (7045837.6 per sec) @ chr21:30000000-35000000
ForkPoolWorker-5,  processing 8 (11622.6 per sec) reads @ chr4:90000000-95000000
ForkPoolWorker-5 countReadsInRegions_worker: processing 5000000 (6981135.7 per sec) @ chr4:90000000-95000000
ForkPoolWorker-5,  processing 23 (25453.6 per sec) reads @ chr2:10000000-15000000
ForkPoolWorker-5 countReadsInRegions_worker: processing 5000000 (6992329.3 per sec) @ chr2:10000000-15000000
ForkPoolWorker-5,  processing 14 (18671.0 per sec) reads @ chr5:10000000-15000000
ForkPoolWorker-5 countReadsInRegions_worker: processing 5000000 (6983581.3 per sec) @ chr5:10000000-15000000
ForkPoolWorker-5,  processing 0 (0.0 per sec) reads @ chrUn_KI270589v1:0-44474
ForkPoolWorker-5 countReadsInRegions_worker: processing 44474 (4106403.3 per sec) @ chrUn_KI270589v1:0-44474
ForkPoolWorker-5,  processing 0 (0.0 per sec) reads @ chr22_KI270734v1_random:0-165050
ForkPoolWorker-5 countReadsInRegions_worker: processing 165050 (6193811.1 per sec) @ chr22_KI270734v1_random:0-165050
ForkPoolWorker-5,  processing 13 (17398.2 per sec) reads @ chr21:15000000-20000000
ForkPoolWorker-5 countReadsInRegions_worker: processing 5000000 (7001833.3 per sec) @ chr21:15000000-20000000
ForkPoolWorker-5,  processing 0 (0.0 per sec) reads @ chrY:55000000-57227415
ForkPoolWorker-5 countReadsInRegions_worker: processing 2227415 (6982476.4 per sec) @ chrY:55000000-57227415
ForkPoolWorker-5,  processing 7 (11108.6 per sec) reads @ chr15:50000000-55000000
ForkPoolWorker-5 countReadsInRegions_worker: processing 5000000 (7069789.6 per sec) @ chr15:50000000-55000000
ForkPoolWorker-5,  processing 16 (18610.3 per sec) reads @ chr2:130000000-135000000
ForkPoolWorker-5 countReadsInRegions_worker: processing 5000000 (7059820.0 per sec) @ chr2:130000000-135000000
ForkPoolWorker-5,  processing 0 (0.0 per sec) reads @ chrUn_KI270412v1:0-1179
ForkPoolWorker-5 countReadsInRegions_worker: processing 1179 (220595.3 per sec) @ chrUn_KI270412v1:0-1179
ForkPoolWorker-5,  processing 45 (52153.5 per sec) reads @ chrM:0-16569
ForkPoolWorker-5 countReadsInRegions_worker: processing 16569 (2387256.5 per sec) @ chrM:0-16569
ForkPoolWorker-5,  processing 0 (0.0 per sec) reads @ chrUn_GL000214v1:0-137718
ForkPoolWorker-5 countReadsInRegions_worker: processing 137718 (6289880.3 per sec) @ chrUn_GL000214v1:0-137718
ForkPoolWorker-5,  processing 9 (14413.4 per sec) reads @ chr3:25000000-30000000
ForkPoolWorker-5 countReadsInRegions_worker: processing 5000000 (7048878.4 per sec) @ chr3:25000000-30000000
ForkPoolWorker-5,  processing 3 (5675.6 per sec) reads @ chrY:10000000-15000000
ForkPoolWorker-5 countReadsInRegions_worker: processing 5000000 (7484776.3 per sec) @ chrY:10000000-15000000
ForkPoolWorker-9,  processing 14 (210.4 per sec) reads @ chr4:150000000-155000000
ForkPoolWorker-9 countReadsInRegions_worker: processing 5000000 (6149239.5 per sec) @ chr4:150000000-155000000
ForkPoolWorker-9,  processing 18 (12244.2 per sec) reads @ chr6:145000000-150000000
ForkPoolWorker-9 countReadsInRegions_worker: processing 5000000 (6882881.3 per sec) @ chr6:145000000-150000000
ForkPoolWorker-9,  processing 0 (0.0 per sec) reads @ chr17_KI270729v1_random:0-280839
ForkPoolWorker-9 countReadsInRegions_worker: processing 280839 (5766901.1 per sec) @ chr17_KI270729v1_random:0-280839
ForkPoolWorker-9,  processing 28 (27116.3 per sec) reads @ chr19:30000000-35000000
ForkPoolWorker-9 countReadsInRegions_worker: processing 5000000 (7094886.6 per sec) @ chr19:30000000-35000000
ForkPoolWorker-9,  processing 14 (17280.8 per sec) reads @ chr6:150000000-155000000
ForkPoolWorker-9 countReadsInRegions_worker: processing 5000000 (7016115.5 per sec) @ chr6:150000000-155000000
ForkPoolWorker-9,  processing 0 (0.0 per sec) reads @ chr1_KI270708v1_random:0-127682
ForkPoolWorker-9 countReadsInRegions_worker: processing 127682 (5445771.0 per sec) @ chr1_KI270708v1_random:0-127682
ForkPoolWorker-9,  processing 0 (0.0 per sec) reads @ chrUn_KI270750v1:0-148850
ForkPoolWorker-9 countReadsInRegions_worker: processing 148850 (5939137.7 per sec) @ chrUn_KI270750v1:0-148850
ForkPoolWorker-9,  processing 0 (0.0 per sec) reads @ chrUn_KI270741v1:0-157432
ForkPoolWorker-9 countReadsInRegions_worker: processing 157432 (6129944.9 per sec) @ chrUn_KI270741v1:0-157432
ForkPoolWorker-9,  processing 0 (0.0 per sec) reads @ chr8:145000000-145138636
ForkPoolWorker-9 countReadsInRegions_worker: processing 138636 (5997437.3 per sec) @ chr8:145000000-145138636
ForkPoolWorker-9,  processing 20 (24385.5 per sec) reads @ chr7:150000000-155000000
ForkPoolWorker-9 countReadsInRegions_worker: processing 5000000 (7036934.0 per sec) @ chr7:150000000-155000000
ForkPoolWorker-9,  processing 28 (28997.7 per sec) reads @ chr21:35000000-40000000
ForkPoolWorker-9 countReadsInRegions_worker: processing 5000000 (7003783.5 per sec) @ chr21:35000000-40000000
ForkPoolWorker-9,  processing 23 (24226.3 per sec) reads @ chr10:125000000-130000000
ForkPoolWorker-9 countReadsInRegions_worker: processing 5000000 (6970459.6 per sec) @ chr10:125000000-130000000
ForkPoolWorker-9,  processing 16 (20171.0 per sec) reads @ chr5:40000000-45000000
ForkPoolWorker-9 countReadsInRegions_worker: processing 5000000 (6988386.9 per sec) @ chr5:40000000-45000000
ForkPoolWorker-9,  processing 18 (20079.1 per sec) reads @ chr9:110000000-115000000
ForkPoolWorker-9 countReadsInRegions_worker: processing 5000000 (6996428.0 per sec) @ chr9:110000000-115000000
ForkPoolWorker-9,  processing 0 (0.0 per sec) reads @ chrUn_KI270310v1:0-1201
ForkPoolWorker-9 countReadsInRegions_worker: processing 1201 (214858.6 per sec) @ chrUn_KI270310v1:0-1201
ForkPoolWorker-9,  processing 0 (0.0 per sec) reads @ chrUn_KI270752v1:0-27745
ForkPoolWorker-9 countReadsInRegions_worker: processing 27745 (3439366.5 per sec) @ chrUn_KI270752v1:0-27745
ForkPoolWorker-9,  processing 0 (0.0 per sec) reads @ chrUn_KI270311v1:0-12399
ForkPoolWorker-9 countReadsInRegions_worker: processing 12399 (1974680.1 per sec) @ chrUn_KI270311v1:0-12399
ForkPoolWorker-9,  processing 0 (0.0 per sec) reads @ chrUn_KI270305v1:0-1472
ForkPoolWorker-9 countReadsInRegions_worker: processing 1472 (287940.3 per sec) @ chrUn_KI270305v1:0-1472
ForkPoolWorker-9,  processing 30 (30349.5 per sec) reads @ chr2:70000000-75000000
ForkPoolWorker-9 countReadsInRegions_worker: processing 5000000 (7005929.1 per sec) @ chr2:70000000-75000000
ForkPoolWorker-9,  processing 14 (18207.8 per sec) reads @ chr7:105000000-110000000
ForkPoolWorker-9 countReadsInRegions_worker: processing 5000000 (7225730.7 per sec) @ chr7:105000000-110000000
ForkPoolWorker-26,  processing 9 (140.9 per sec) reads @ chrX:120000000-125000000
ForkPoolWorker-26 countReadsInRegions_worker: processing 5000000 (6168203.0 per sec) @ chrX:120000000-125000000
ForkPoolWorker-26,  processing 0 (0.0 per sec) reads @ chrY:30000000-35000000
ForkPoolWorker-26 countReadsInRegions_worker: processing 5000000 (6982823.2 per sec) @ chrY:30000000-35000000
ForkPoolWorker-26,  processing 11 (13269.3 per sec) reads @ chr5:150000000-155000000
ForkPoolWorker-26 countReadsInRegions_worker: processing 5000000 (7035130.5 per sec) @ chr5:150000000-155000000
ForkPoolWorker-26,  processing 12 (15763.1 per sec) reads @ chr4:105000000-110000000
ForkPoolWorker-26 countReadsInRegions_worker: processing 5000000 (7042515.6 per sec) @ chr4:105000000-110000000
ForkPoolWorker-26,  processing 0 (0.0 per sec) reads @ chrUn_KI270438v1:0-112505
ForkPoolWorker-26 countReadsInRegions_worker: processing 112505 (5390328.9 per sec) @ chrUn_KI270438v1:0-112505
ForkPoolWorker-26,  processing 0 (0.0 per sec) reads @ chrUn_KI270448v1:0-7992
ForkPoolWorker-26 countReadsInRegions_worker: processing 7992 (1305736.9 per sec) @ chrUn_KI270448v1:0-7992
ForkPoolWorker-26,  processing 0 (0.0 per sec) reads @ chrUn_KI270334v1:0-1368
ForkPoolWorker-26 countReadsInRegions_worker: processing 1368 (270065.3 per sec) @ chrUn_KI270334v1:0-1368
ForkPoolWorker-26,  processing 21 (25434.7 per sec) reads @ chr7:140000000-145000000
ForkPoolWorker-26 countReadsInRegions_worker: processing 5000000 (7077806.7 per sec) @ chr7:140000000-145000000
ForkPoolWorker-26,  processing 18 (22250.9 per sec) reads @ chrX:20000000-25000000
ForkPoolWorker-26 countReadsInRegions_worker: processing 5000000 (7014667.5 per sec) @ chrX:20000000-25000000
ForkPoolWorker-26,  processing 8 (11263.7 per sec) reads @ chr10:90000000-95000000
ForkPoolWorker-26 countReadsInRegions_worker: processing 5000000 (7036398.1 per sec) @ chr10:90000000-95000000
ForkPoolWorker-26,  processing 0 (0.0 per sec) reads @ chr9_KI270720v1_random:0-39050
ForkPoolWorker-26 countReadsInRegions_worker: processing 39050 (3951639.9 per sec) @ chr9_KI270720v1_random:0-39050
ForkPoolWorker-26,  processing 7 (11125.5 per sec) reads @ chr16:80000000-85000000
ForkPoolWorker-26 countReadsInRegions_worker: processing 5000000 (7022012.1 per sec) @ chr16:80000000-85000000
ForkPoolWorker-26,  processing 0 (0.0 per sec) reads @ chrUn_KI270381v1:0-1930
ForkPoolWorker-26 countReadsInRegions_worker: processing 1930 (356090.6 per sec) @ chrUn_KI270381v1:0-1930
ForkPoolWorker-26,  processing 0 (0.0 per sec) reads @ chrUn_KI270384v1:0-1658
ForkPoolWorker-26 countReadsInRegions_worker: processing 1658 (331339.6 per sec) @ chrUn_KI270384v1:0-1658
ForkPoolWorker-26,  processing 23 (26916.6 per sec) reads @ chr15:60000000-65000000
ForkPoolWorker-26 countReadsInRegions_worker: processing 5000000 (7022308.4 per sec) @ chr15:60000000-65000000
ForkPoolWorker-26,  processing 27 (30030.8 per sec) reads @ chr9:135000000-138394717
ForkPoolWorker-26 countReadsInRegions_worker: processing 3394717 (6927124.1 per sec) @ chr9:135000000-138394717
ForkPoolWorker-26,  processing 7 (12218.1 per sec) reads @ chr7:50000000-55000000
ForkPoolWorker-26 countReadsInRegions_worker: processing 5000000 (7185930.4 per sec) @ chr7:50000000-55000000
ForkPoolWorker-26,  processing 0 (0.0 per sec) reads @ chrUn_KI270303v1:0-1942
ForkPoolWorker-26 countReadsInRegions_worker: processing 1942 (387007.1 per sec) @ chrUn_KI270303v1:0-1942
ForkPoolWorker-26,  processing 0 (0.0 per sec) reads @ chrY:35000000-40000000
ForkPoolWorker-26 countReadsInRegions_worker: processing 5000000 (7578346.4 per sec) @ chrY:35000000-40000000
ForkPoolWorker-26,  processing 2 (4744.7 per sec) reads @ chr13:85000000-90000000
ForkPoolWorker-26 countReadsInRegions_worker: processing 5000000 (8355620.0 per sec) @ chr13:85000000-90000000
ForkPoolWorker-18,  processing 0 (0.0 per sec) reads @ chr21:0-5000000
ForkPoolWorker-18 countReadsInRegions_worker: processing 5000000 (6560164.3 per sec) @ chr21:0-5000000
ForkPoolWorker-18,  processing 10 (10691.6 per sec) reads @ chr3:105000000-110000000
ForkPoolWorker-18 countReadsInRegions_worker: processing 5000000 (7137284.9 per sec) @ chr3:105000000-110000000
ForkPoolWorker-18,  processing 0 (0.0 per sec) reads @ chrUn_KI270548v1:0-1599
ForkPoolWorker-18 countReadsInRegions_worker: processing 1599 (304835.8 per sec) @ chrUn_KI270548v1:0-1599
ForkPoolWorker-18,  processing 19 (20747.7 per sec) reads @ chr12:55000000-60000000
ForkPoolWorker-18 countReadsInRegions_worker: processing 5000000 (7164525.8 per sec) @ chr12:55000000-60000000
ForkPoolWorker-18,  processing 5 (8893.8 per sec) reads @ chr7:120000000-125000000
ForkPoolWorker-18 countReadsInRegions_worker: processing 5000000 (7184209.7 per sec) @ chr7:120000000-125000000
ForkPoolWorker-18,  processing 17 (22061.6 per sec) reads @ chr3:170000000-175000000
ForkPoolWorker-18 countReadsInRegions_worker: processing 5000000 (7185406.0 per sec) @ chr3:170000000-175000000
ForkPoolWorker-18,  processing 9 (14266.3 per sec) reads @ chr4:140000000-145000000
ForkPoolWorker-18 countReadsInRegions_worker: processing 5000000 (7135941.9 per sec) @ chr4:140000000-145000000
ForkPoolWorker-18,  processing 23 (25581.8 per sec) reads @ chr2:170000000-175000000
ForkPoolWorker-18 countReadsInRegions_worker: processing 5000000 (7146624.7 per sec) @ chr2:170000000-175000000
ForkPoolWorker-18,  processing 17 (19121.3 per sec) reads @ chrX:65000000-70000000
ForkPoolWorker-18 countReadsInRegions_worker: processing 5000000 (7122130.8 per sec) @ chrX:65000000-70000000
ForkPoolWorker-18,  processing 0 (0.0 per sec) reads @ chr1_KI270707v1_random:0-32032
ForkPoolWorker-18 countReadsInRegions_worker: processing 32032 (3495289.7 per sec) @ chr1_KI270707v1_random:0-32032
ForkPoolWorker-18,  processing 10 (15341.3 per sec) reads @ chr2:125000000-130000000
ForkPoolWorker-18 countReadsInRegions_worker: processing 5000000 (7138920.1 per sec) @ chr2:125000000-130000000
ForkPoolWorker-18,  processing 4 (7188.2 per sec) reads @ chr5:30000000-35000000
ForkPoolWorker-18 countReadsInRegions_worker: processing 5000000 (7165960.4 per sec) @ chr5:30000000-35000000
ForkPoolWorker-18,  processing 9 (14001.8 per sec) reads @ chr6:5000000-10000000
ForkPoolWorker-18 countReadsInRegions_worker: processing 5000000 (7115722.0 per sec) @ chr6:5000000-10000000
ForkPoolWorker-18,  processing 14 (20668.9 per sec) reads @ chr12:105000000-110000000
ForkPoolWorker-18 countReadsInRegions_worker: processing 5000000 (7952737.5 per sec) @ chr12:105000000-110000000
ForkPoolWorker-18,  processing 72 (61643.2 per sec) reads @ chr1:25000000-30000000
ForkPoolWorker-18 countReadsInRegions_worker: processing 5000000 (8333016.8 per sec) @ chr1:25000000-30000000
ForkPoolWorker-18,  processing 0 (0.0 per sec) reads @ chrUn_KI270316v1:0-1444
ForkPoolWorker-18 countReadsInRegions_worker: processing 1444 (316518.2 per sec) @ chrUn_KI270316v1:0-1444
ForkPoolWorker-27,  processing 22 (344.0 per sec) reads @ chr7:70000000-75000000
ForkPoolWorker-27 countReadsInRegions_worker: processing 5000000 (6126724.3 per sec) @ chr7:70000000-75000000
ForkPoolWorker-27,  processing 0 (0.0 per sec) reads @ chrEBV:0-171823
ForkPoolWorker-27 countReadsInRegions_worker: processing 171823 (5673824.9 per sec) @ chrEBV:0-171823
ForkPoolWorker-27,  processing 3 (4532.7 per sec) reads @ chr6:100000000-105000000
ForkPoolWorker-27 countReadsInRegions_worker: processing 5000000 (5666753.1 per sec) @ chr6:100000000-105000000
ForkPoolWorker-27,  processing 17 (18306.3 per sec) reads @ chr2:5000000-10000000
ForkPoolWorker-27 countReadsInRegions_worker: processing 5000000 (7219807.8 per sec) @ chr2:5000000-10000000
ForkPoolWorker-27,  processing 15 (20506.7 per sec) reads @ chr4:80000000-85000000
ForkPoolWorker-27 countReadsInRegions_worker: processing 5000000 (7206324.1 per sec) @ chr4:80000000-85000000
ForkPoolWorker-27,  processing 14 (20255.3 per sec) reads @ chr2:40000000-45000000
ForkPoolWorker-27 countReadsInRegions_worker: processing 5000000 (7153933.5 per sec) @ chr2:40000000-45000000
ForkPoolWorker-27,  processing 0 (0.0 per sec) reads @ chrUn_KI270516v1:0-1300
ForkPoolWorker-27 countReadsInRegions_worker: processing 1300 (247687.6 per sec) @ chrUn_KI270516v1:0-1300
ForkPoolWorker-27,  processing 14 (18700.7 per sec) reads @ chr14:30000000-35000000
ForkPoolWorker-27 countReadsInRegions_worker: processing 5000000 (7139865.5 per sec) @ chr14:30000000-35000000
ForkPoolWorker-27,  processing 8 (12131.0 per sec) reads @ chr20:20000000-25000000
ForkPoolWorker-27 countReadsInRegions_worker: processing 5000000 (7134463.5 per sec) @ chr20:20000000-25000000
ForkPoolWorker-27,  processing 24 (29296.7 per sec) reads @ chr1:215000000-220000000
ForkPoolWorker-27 countReadsInRegions_worker: processing 5000000 (7117221.7 per sec) @ chr1:215000000-220000000
ForkPoolWorker-27,  processing 0 (0.0 per sec) reads @ chrUn_KI270507v1:0-5353
ForkPoolWorker-27 countReadsInRegions_worker: processing 5353 (1015381.2 per sec) @ chrUn_KI270507v1:0-5353
ForkPoolWorker-27,  processing 23 (28027.0 per sec) reads @ chr3:75000000-80000000
ForkPoolWorker-27 countReadsInRegions_worker: processing 5000000 (7124109.8 per sec) @ chr3:75000000-80000000
ForkPoolWorker-27,  processing 56 (46300.2 per sec) reads @ chr17:40000000-45000000
ForkPoolWorker-27 countReadsInRegions_worker: processing 5000000 (7102118.8 per sec) @ chr17:40000000-45000000
ForkPoolWorker-27,  processing 11 (17215.4 per sec) reads @ chr1:185000000-190000000
ForkPoolWorker-27 countReadsInRegions_worker: processing 5000000 (7121697.8 per sec) @ chr1:185000000-190000000
ForkPoolWorker-27,  processing 7 (12187.7 per sec) reads @ chr4:45000000-50000000
ForkPoolWorker-27 countReadsInRegions_worker: processing 5000000 (8073381.2 per sec) @ chr4:45000000-50000000
ForkPoolWorker-27,  processing 20 (26346.1 per sec) reads @ chr2:155000000-160000000
ForkPoolWorker-27 countReadsInRegions_worker: processing 5000000 (8371453.2 per sec) @ chr2:155000000-160000000
ForkPoolWorker-20,  processing 15 (237.8 per sec) reads @ chr8:5000000-10000000
ForkPoolWorker-20 countReadsInRegions_worker: processing 5000000 (6152107.7 per sec) @ chr8:5000000-10000000
ForkPoolWorker-20,  processing 0 (0.0 per sec) reads @ chr16:40000000-45000000
ForkPoolWorker-20 countReadsInRegions_worker: processing 5000000 (6940553.2 per sec) @ chr16:40000000-45000000
ForkPoolWorker-20,  processing 22 (20160.5 per sec) reads @ chr1:45000000-50000000
ForkPoolWorker-20 countReadsInRegions_worker: processing 5000000 (6962487.3 per sec) @ chr1:45000000-50000000
ForkPoolWorker-20,  processing 0 (0.0 per sec) reads @ chrUn_KI270512v1:0-22689
ForkPoolWorker-20 countReadsInRegions_worker: processing 22689 (2771164.6 per sec) @ chrUn_KI270512v1:0-22689
ForkPoolWorker-20,  processing 0 (0.0 per sec) reads @ chrUn_KI270302v1:0-2274
ForkPoolWorker-20 countReadsInRegions_worker: processing 2274 (387748.9 per sec) @ chrUn_KI270302v1:0-2274
ForkPoolWorker-20,  processing 30 (29530.4 per sec) reads @ chr19:55000000-58617616
ForkPoolWorker-20 countReadsInRegions_worker: processing 3617616 (6917675.3 per sec) @ chr19:55000000-58617616
ForkPoolWorker-20,  processing 8 (12436.8 per sec) reads @ chr3:5000000-10000000
ForkPoolWorker-20 countReadsInRegions_worker: processing 5000000 (7118630.1 per sec) @ chr3:5000000-10000000
ForkPoolWorker-20,  processing 15 (21084.0 per sec) reads @ chr15:95000000-100000000
ForkPoolWorker-20 countReadsInRegions_worker: processing 5000000 (7090019.8 per sec) @ chr15:95000000-100000000
ForkPoolWorker-20,  processing 162 (68282.3 per sec) reads @ chrX:70000000-75000000
ForkPoolWorker-20 countReadsInRegions_worker: processing 5000000 (7078177.0 per sec) @ chrX:70000000-75000000
ForkPoolWorker-20,  processing 0 (0.0 per sec) reads @ chrY_KI270740v1_random:0-37240
ForkPoolWorker-20 countReadsInRegions_worker: processing 37240 (3654559.7 per sec) @ chrY_KI270740v1_random:0-37240
ForkPoolWorker-20,  processing 1 (2047.0 per sec) reads @ chr9:65000000-70000000
ForkPoolWorker-20 countReadsInRegions_worker: processing 5000000 (7088030.9 per sec) @ chr9:65000000-70000000
ForkPoolWorker-20,  processing 9 (13319.9 per sec) reads @ chr19:50000000-55000000
ForkPoolWorker-20 countReadsInRegions_worker: processing 5000000 (7070428.4 per sec) @ chr19:50000000-55000000
ForkPoolWorker-20,  processing 13 (17703.2 per sec) reads @ chr4:35000000-40000000
ForkPoolWorker-20 countReadsInRegions_worker: processing 5000000 (7064281.3 per sec) @ chr4:35000000-40000000
ForkPoolWorker-20,  processing 22 (23080.2 per sec) reads @ chr10:75000000-80000000
ForkPoolWorker-20 countReadsInRegions_worker: processing 5000000 (7049034.8 per sec) @ chr10:75000000-80000000
ForkPoolWorker-20,  processing 0 (0.0 per sec) reads @ chrUn_KI270583v1:0-1400
ForkPoolWorker-20 countReadsInRegions_worker: processing 1400 (271488.5 per sec) @ chrUn_KI270583v1:0-1400
ForkPoolWorker-20,  processing 19 (25028.8 per sec) reads @ chr5:105000000-110000000
ForkPoolWorker-20 countReadsInRegions_worker: processing 5000000 (7554318.2 per sec) @ chr5:105000000-110000000
ForkPoolWorker-19,  processing 7 (107.2 per sec) reads @ chr1:115000000-120000000
ForkPoolWorker-19 countReadsInRegions_worker: processing 5000000 (6157635.2 per sec) @ chr1:115000000-120000000
ForkPoolWorker-19,  processing 0 (0.0 per sec) reads @ chr1_KI270709v1_random:0-66860
ForkPoolWorker-19 countReadsInRegions_worker: processing 66860 (3776749.0 per sec) @ chr1_KI270709v1_random:0-66860
ForkPoolWorker-19,  processing 15 (14969.0 per sec) reads @ chr10:70000000-75000000
ForkPoolWorker-19 countReadsInRegions_worker: processing 5000000 (7020951.9 per sec) @ chr10:70000000-75000000
ForkPoolWorker-19,  processing 1 (1998.2 per sec) reads @ chrUn_GL000224v1:0-179693
ForkPoolWorker-19 countReadsInRegions_worker: processing 179693 (5877023.1 per sec) @ chrUn_GL000224v1:0-179693
ForkPoolWorker-19,  processing 0 (0.0 per sec) reads @ chrUn_KI270593v1:0-3041
ForkPoolWorker-19 countReadsInRegions_worker: processing 3041 (557054.6 per sec) @ chrUn_KI270593v1:0-3041
ForkPoolWorker-19,  processing 7 (9314.8 per sec) reads @ chr8:55000000-60000000
ForkPoolWorker-19 countReadsInRegions_worker: processing 5000000 (7142902.9 per sec) @ chr8:55000000-60000000
ForkPoolWorker-19,  processing 3 (4819.2 per sec) reads @ chr4:15000000-20000000
ForkPoolWorker-19 countReadsInRegions_worker: processing 5000000 (7088605.9 per sec) @ chr4:15000000-20000000
ForkPoolWorker-19,  processing 10 (14847.1 per sec) reads @ chrX:75000000-80000000
ForkPoolWorker-19 countReadsInRegions_worker: processing 5000000 (7022877.4 per sec) @ chrX:75000000-80000000
ForkPoolWorker-19,  processing 0 (0.0 per sec) reads @ chrUn_KI270746v1:0-66486
ForkPoolWorker-19 countReadsInRegions_worker: processing 66486 (4932389.3 per sec) @ chrUn_KI270746v1:0-66486
ForkPoolWorker-19,  processing 0 (0.0 per sec) reads @ chrUn_KI270375v1:0-2378
ForkPoolWorker-19 countReadsInRegions_worker: processing 2378 (442838.6 per sec) @ chrUn_KI270375v1:0-2378
ForkPoolWorker-19,  processing 0 (0.0 per sec) reads @ chrUn_KI270465v1:0-1774
ForkPoolWorker-19 countReadsInRegions_worker: processing 1774 (356321.0 per sec) @ chrUn_KI270465v1:0-1774
ForkPoolWorker-19,  processing 0 (0.0 per sec) reads @ chr14:0-5000000
ForkPoolWorker-19 countReadsInRegions_worker: processing 5000000 (7025983.2 per sec) @ chr14:0-5000000
ForkPoolWorker-19,  processing 0 (0.0 per sec) reads @ chrUn_KI270389v1:0-1298
ForkPoolWorker-19 countReadsInRegions_worker: processing 1298 (258435.7 per sec) @ chrUn_KI270389v1:0-1298
ForkPoolWorker-19,  processing 0 (0.0 per sec) reads @ chrY:15000000-20000000
ForkPoolWorker-19 countReadsInRegions_worker: processing 5000000 (7016742.3 per sec) @ chrY:15000000-20000000
ForkPoolWorker-19,  processing 9 (13310.6 per sec) reads @ chr12:70000000-75000000
ForkPoolWorker-19 countReadsInRegions_worker: processing 5000000 (7011740.6 per sec) @ chr12:70000000-75000000
ForkPoolWorker-19,  processing 0 (0.0 per sec) reads @ chrUn_KI270317v1:0-37690
ForkPoolWorker-19 countReadsInRegions_worker: processing 37690 (4103821.8 per sec) @ chrUn_KI270317v1:0-37690
ForkPoolWorker-19,  processing 7 (10356.3 per sec) reads @ chr3:150000000-155000000
ForkPoolWorker-19 countReadsInRegions_worker: processing 5000000 (7019901.3 per sec) @ chr3:150000000-155000000
ForkPoolWorker-19,  processing 17 (21772.0 per sec) reads @ chr16:10000000-15000000
ForkPoolWorker-19 countReadsInRegions_worker: processing 5000000 (6952822.4 per sec) @ chr16:10000000-15000000
ForkPoolWorker-19,  processing 42 (38564.1 per sec) reads @ chr12:90000000-95000000
ForkPoolWorker-19 countReadsInRegions_worker: processing 5000000 (6980661.6 per sec) @ chr12:90000000-95000000
ForkPoolWorker-19,  processing 11 (15947.9 per sec) reads @ chr2:215000000-220000000
ForkPoolWorker-19 countReadsInRegions_worker: processing 5000000 (8091725.8 per sec) @ chr2:215000000-220000000
ForkPoolWorker-45,  processing 0 (0.0 per sec) reads @ chrUn_KI270419v1:0-1029
ForkPoolWorker-45 countReadsInRegions_worker: processing 1029 (25265.7 per sec) @ chrUn_KI270419v1:0-1029
ForkPoolWorker-45,  processing 2 (299.0 per sec) reads @ chr8:0-5000000
ForkPoolWorker-45 countReadsInRegions_worker: processing 5000000 (6518487.8 per sec) @ chr8:0-5000000
ForkPoolWorker-45,  processing 18 (13556.7 per sec) reads @ chr4:110000000-115000000
ForkPoolWorker-45 countReadsInRegions_worker: processing 5000000 (6970367.0 per sec) @ chr4:110000000-115000000
ForkPoolWorker-45,  processing 30 (30548.5 per sec) reads @ chr1:220000000-225000000
ForkPoolWorker-45 countReadsInRegions_worker: processing 5000000 (7002632.9 per sec) @ chr1:220000000-225000000
ForkPoolWorker-45,  processing 10 (14826.1 per sec) reads @ chr6:80000000-85000000
ForkPoolWorker-45 countReadsInRegions_worker: processing 5000000 (7013217.8 per sec) @ chr6:80000000-85000000
ForkPoolWorker-45,  processing 8 (11526.8 per sec) reads @ chr3:175000000-180000000
ForkPoolWorker-45 countReadsInRegions_worker: processing 5000000 (7035029.0 per sec) @ chr3:175000000-180000000
ForkPoolWorker-45,  processing 0 (0.0 per sec) reads @ chr11:135000000-135086622
ForkPoolWorker-45 countReadsInRegions_worker: processing 86622 (5056913.4 per sec) @ chr11:135000000-135086622
ForkPoolWorker-45,  processing 29 (33628.6 per sec) reads @ chrX:40000000-45000000
ForkPoolWorker-45 countReadsInRegions_worker: processing 5000000 (7021791.1 per sec) @ chrX:40000000-45000000
ForkPoolWorker-45,  processing 0 (0.0 per sec) reads @ chrUn_KI270330v1:0-1652
ForkPoolWorker-45 countReadsInRegions_worker: processing 1652 (315700.3 per sec) @ chrUn_KI270330v1:0-1652
ForkPoolWorker-45,  processing 0 (0.0 per sec) reads @ chr9_KI270719v1_random:0-176845
ForkPoolWorker-45 countReadsInRegions_worker: processing 176845 (6129387.4 per sec) @ chr9_KI270719v1_random:0-176845
ForkPoolWorker-45,  processing 15 (19871.9 per sec) reads @ chr6:125000000-130000000
ForkPoolWorker-45 countReadsInRegions_worker: processing 5000000 (7022197.8 per sec) @ chr6:125000000-130000000
ForkPoolWorker-45,  processing 29 (30809.2 per sec) reads @ chr1:50000000-55000000
ForkPoolWorker-45 countReadsInRegions_worker: processing 5000000 (7018616.2 per sec) @ chr1:50000000-55000000
ForkPoolWorker-45,  processing 15 (20106.9 per sec) reads @ chr7:30000000-35000000
ForkPoolWorker-45 countReadsInRegions_worker: processing 5000000 (6961186.2 per sec) @ chr7:30000000-35000000
ForkPoolWorker-45,  processing 6 (10086.5 per sec) reads @ chr12:15000000-20000000
ForkPoolWorker-45 countReadsInRegions_worker: processing 5000000 (6978466.5 per sec) @ chr12:15000000-20000000
ForkPoolWorker-45,  processing 10 (15380.7 per sec) reads @ chr2:15000000-20000000
ForkPoolWorker-45 countReadsInRegions_worker: processing 5000000 (6980457.1 per sec) @ chr2:15000000-20000000
ForkPoolWorker-45,  processing 9 (15807.7 per sec) reads @ chr7:10000000-15000000
ForkPoolWorker-45 countReadsInRegions_worker: processing 5000000 (8117638.0 per sec) @ chr7:10000000-15000000
ForkPoolWorker-41,  processing 34 (560.7 per sec) reads @ chr1:90000000-95000000
ForkPoolWorker-41 countReadsInRegions_worker: processing 5000000 (6081654.1 per sec) @ chr1:90000000-95000000
ForkPoolWorker-41,  processing 8 (7673.1 per sec) reads @ chr1:190000000-195000000
ForkPoolWorker-41 countReadsInRegions_worker: processing 5000000 (6950584.8 per sec) @ chr1:190000000-195000000
ForkPoolWorker-41,  processing 23 (22513.2 per sec) reads @ chr20:10000000-15000000
ForkPoolWorker-41 countReadsInRegions_worker: processing 5000000 (6977725.8 per sec) @ chr20:10000000-15000000
ForkPoolWorker-41,  processing 14 (18730.5 per sec) reads @ chr17:70000000-75000000
ForkPoolWorker-41 countReadsInRegions_worker: processing 5000000 (6989551.4 per sec) @ chr17:70000000-75000000
ForkPoolWorker-41,  processing 0 (0.0 per sec) reads @ chrY:20000000-25000000
ForkPoolWorker-41 countReadsInRegions_worker: processing 5000000 (7033823.3 per sec) @ chrY:20000000-25000000
ForkPoolWorker-41,  processing 12 (16884.1 per sec) reads @ chr5:80000000-85000000
ForkPoolWorker-41 countReadsInRegions_worker: processing 5000000 (6998477.9 per sec) @ chr5:80000000-85000000
ForkPoolWorker-41,  processing 9 (14457.6 per sec) reads @ chr6:120000000-125000000
ForkPoolWorker-41 countReadsInRegions_worker: processing 5000000 (7002427.1 per sec) @ chr6:120000000-125000000
ForkPoolWorker-41,  processing 16 (20610.8 per sec) reads @ chr3:110000000-115000000
ForkPoolWorker-41 countReadsInRegions_worker: processing 5000000 (7017676.8 per sec) @ chr3:110000000-115000000
ForkPoolWorker-41,  processing 1 (2143.2 per sec) reads @ chr2:90000000-95000000
ForkPoolWorker-41 countReadsInRegions_worker: processing 5000000 (7022980.9 per sec) @ chr2:90000000-95000000
ForkPoolWorker-41,  processing 4 (7200.5 per sec) reads @ chr19:25000000-30000000
ForkPoolWorker-41 countReadsInRegions_worker: processing 5000000 (7035066.8 per sec) @ chr19:25000000-30000000
ForkPoolWorker-41,  processing 11 (16008.8 per sec) reads @ chr16:50000000-55000000
ForkPoolWorker-41 countReadsInRegions_worker: processing 5000000 (7016491.1 per sec) @ chr16:50000000-55000000
ForkPoolWorker-41,  processing 12 (18176.8 per sec) reads @ chr5:65000000-70000000
ForkPoolWorker-41 countReadsInRegions_worker: processing 5000000 (8019962.4 per sec) @ chr5:65000000-70000000
ForkPoolWorker-42,  processing 4 (67.5 per sec) reads @ chr3:145000000-150000000
ForkPoolWorker-42 countReadsInRegions_worker: processing 5000000 (6171508.4 per sec) @ chr3:145000000-150000000
ForkPoolWorker-42,  processing 15 (18001.3 per sec) reads @ chr12:115000000-120000000
ForkPoolWorker-42 countReadsInRegions_worker: processing 5000000 (6761385.8 per sec) @ chr12:115000000-120000000
ForkPoolWorker-42,  processing 9 (9968.0 per sec) reads @ chr7:20000000-25000000
ForkPoolWorker-42 countReadsInRegions_worker: processing 5000000 (7030196.8 per sec) @ chr7:20000000-25000000
ForkPoolWorker-42,  processing 0 (0.0 per sec) reads @ chrUn_KI270392v1:0-971
ForkPoolWorker-42 countReadsInRegions_worker: processing 971 (181783.1 per sec) @ chrUn_KI270392v1:0-971
ForkPoolWorker-42,  processing 20 (23960.6 per sec) reads @ chr10:110000000-115000000
ForkPoolWorker-42 countReadsInRegions_worker: processing 5000000 (7060293.0 per sec) @ chr10:110000000-115000000
ForkPoolWorker-42,  processing 0 (0.0 per sec) reads @ chrUn_KI270393v1:0-1308
ForkPoolWorker-42 countReadsInRegions_worker: processing 1308 (245081.5 per sec) @ chrUn_KI270393v1:0-1308
ForkPoolWorker-42,  processing 0 (0.0 per sec) reads @ chr14:10000000-15000000
ForkPoolWorker-42 countReadsInRegions_worker: processing 5000000 (7089013.2 per sec) @ chr14:10000000-15000000
ForkPoolWorker-42,  processing 13 (17709.0 per sec) reads @ chr1:55000000-60000000
ForkPoolWorker-42 countReadsInRegions_worker: processing 5000000 (7111940.7 per sec) @ chr1:55000000-60000000
ForkPoolWorker-42,  processing 7 (11554.6 per sec) reads @ chrX:55000000-60000000
ForkPoolWorker-42 countReadsInRegions_worker: processing 5000000 (7118190.4 per sec) @ chrX:55000000-60000000
ForkPoolWorker-42,  processing 11 (16430.7 per sec) reads @ chr6:50000000-55000000
ForkPoolWorker-42 countReadsInRegions_worker: processing 5000000 (7124601.2 per sec) @ chr6:50000000-55000000
ForkPoolWorker-42,  processing 21 (27559.6 per sec) reads @ chr7:75000000-80000000
ForkPoolWorker-42 countReadsInRegions_worker: processing 5000000 (7089379.9 per sec) @ chr7:75000000-80000000
ForkPoolWorker-42,  processing 12 (17458.1 per sec) reads @ chr5:110000000-115000000
ForkPoolWorker-42 countReadsInRegions_worker: processing 5000000 (7108291.0 per sec) @ chr5:110000000-115000000
ForkPoolWorker-42,  processing 0 (0.0 per sec) reads @ chrUn_KI270518v1:0-2186
ForkPoolWorker-42 countReadsInRegions_worker: processing 2186 (426175.9 per sec) @ chrUn_KI270518v1:0-2186
ForkPoolWorker-42,  processing 10 (16144.4 per sec) reads @ chr3:95000000-100000000
ForkPoolWorker-42 countReadsInRegions_worker: processing 5000000 (7139984.6 per sec) @ chr3:95000000-100000000
ForkPoolWorker-42,  processing 8 (13551.9 per sec) reads @ chr14:50000000-55000000
ForkPoolWorker-42 countReadsInRegions_worker: processing 5000000 (8143397.3 per sec) @ chr14:50000000-55000000
ForkPoolWorker-42,  processing 14 (24244.5 per sec) reads @ chrX:35000000-40000000
ForkPoolWorker-42 countReadsInRegions_worker: processing 5000000 (8398710.0 per sec) @ chrX:35000000-40000000
ForkPoolWorker-32,  processing 44 (702.6 per sec) reads @ chr1:230000000-235000000
ForkPoolWorker-32 countReadsInRegions_worker: processing 5000000 (6000096.7 per sec) @ chr1:230000000-235000000
ForkPoolWorker-32,  processing 53 (35510.9 per sec) reads @ chr3:45000000-50000000
ForkPoolWorker-32 countReadsInRegions_worker: processing 5000000 (6969384.8 per sec) @ chr3:45000000-50000000
ForkPoolWorker-32,  processing 59 (47497.9 per sec) reads @ chr10:115000000-120000000
ForkPoolWorker-32 countReadsInRegions_worker: processing 5000000 (7031391.9 per sec) @ chr10:115000000-120000000
ForkPoolWorker-32,  processing 0 (0.0 per sec) reads @ chrUn_KI270530v1:0-2168
ForkPoolWorker-32 countReadsInRegions_worker: processing 2168 (440842.2 per sec) @ chrUn_KI270530v1:0-2168
ForkPoolWorker-32,  processing 28 (26880.4 per sec) reads @ chr2:65000000-70000000
ForkPoolWorker-32 countReadsInRegions_worker: processing 5000000 (7034134.7 per sec) @ chr2:65000000-70000000
ForkPoolWorker-32,  processing 8 (12188.3 per sec) reads @ chr8:80000000-85000000
ForkPoolWorker-32 countReadsInRegions_worker: processing 5000000 (7037049.7 per sec) @ chr8:80000000-85000000
ForkPoolWorker-32,  processing 0 (0.0 per sec) reads @ chrUn_KI270390v1:0-2387
ForkPoolWorker-32 countReadsInRegions_worker: processing 2387 (437712.7 per sec) @ chrUn_KI270390v1:0-2387
ForkPoolWorker-32,  processing 21 (21477.8 per sec) reads @ chr14:75000000-80000000
ForkPoolWorker-32 countReadsInRegions_worker: processing 5000000 (7057522.5 per sec) @ chr14:75000000-80000000
ForkPoolWorker-32,  processing 38 (35632.4 per sec) reads @ chr19:0-5000000
ForkPoolWorker-32 countReadsInRegions_worker: processing 5000000 (7069684.8 per sec) @ chr19:0-5000000
ForkPoolWorker-32,  processing 22 (27308.3 per sec) reads @ chr6:85000000-90000000
ForkPoolWorker-32 countReadsInRegions_worker: processing 5000000 (7073330.7 per sec) @ chr6:85000000-90000000
ForkPoolWorker-32,  processing 16 (20997.8 per sec) reads @ chr7:35000000-40000000
ForkPoolWorker-32 countReadsInRegions_worker: processing 5000000 (7084393.8 per sec) @ chr7:35000000-40000000
ForkPoolWorker-32,  processing 18 (24728.9 per sec) reads @ chr6:90000000-95000000
ForkPoolWorker-32 countReadsInRegions_worker: processing 5000000 (7054709.2 per sec) @ chr6:90000000-95000000
ForkPoolWorker-32,  processing 11 (16542.6 per sec) reads @ chr3:70000000-75000000
ForkPoolWorker-32 countReadsInRegions_worker: processing 5000000 (7084554.1 per sec) @ chr3:70000000-75000000
ForkPoolWorker-32,  processing 24 (27023.7 per sec) reads @ chr19:35000000-40000000
ForkPoolWorker-32 countReadsInRegions_worker: processing 5000000 (8156963.3 per sec) @ chr19:35000000-40000000
ForkPoolWorker-32,  processing 0 (0.0 per sec) reads @ chr14_KI270725v1_random:0-172810
ForkPoolWorker-32 countReadsInRegions_worker: processing 172810 (6812196.2 per sec) @ chr14_KI270725v1_random:0-172810
ForkPoolWorker-32,  processing 15 (22160.8 per sec) reads @ chr3:155000000-160000000
ForkPoolWorker-32 countReadsInRegions_worker: processing 5000000 (8353829.3 per sec) @ chr3:155000000-160000000
ForkPoolWorker-7,  processing 6 (89.7 per sec) reads @ chr10:50000000-55000000
ForkPoolWorker-7 countReadsInRegions_worker: processing 5000000 (6000999.8 per sec) @ chr10:50000000-55000000
ForkPoolWorker-7,  processing 34 (32417.9 per sec) reads @ chr16:85000000-90000000
ForkPoolWorker-7 countReadsInRegions_worker: processing 5000000 (7010817.0 per sec) @ chr16:85000000-90000000
ForkPoolWorker-7,  processing 0 (0.0 per sec) reads @ chrUn_KI270544v1:0-1202
ForkPoolWorker-7 countReadsInRegions_worker: processing 1202 (238168.6 per sec) @ chrUn_KI270544v1:0-1202
ForkPoolWorker-7,  processing 26 (29346.6 per sec) reads @ chr1:75000000-80000000
ForkPoolWorker-7 countReadsInRegions_worker: processing 5000000 (7087755.4 per sec) @ chr1:75000000-80000000
ForkPoolWorker-7,  processing 24 (27556.3 per sec) reads @ chr7:0-5000000
ForkPoolWorker-7 countReadsInRegions_worker: processing 5000000 (7093893.1 per sec) @ chr7:0-5000000
ForkPoolWorker-7,  processing 52 (45514.2 per sec) reads @ chr1:225000000-230000000
ForkPoolWorker-7 countReadsInRegions_worker: processing 5000000 (7072770.1 per sec) @ chr1:225000000-230000000
ForkPoolWorker-7,  processing 33 (35618.1 per sec) reads @ chr5:175000000-180000000
ForkPoolWorker-7 countReadsInRegions_worker: processing 5000000 (7142297.1 per sec) @ chr5:175000000-180000000
ForkPoolWorker-7,  processing 18 (22637.9 per sec) reads @ chr21:40000000-45000000
ForkPoolWorker-7 countReadsInRegions_worker: processing 5000000 (7116704.8 per sec) @ chr21:40000000-45000000
ForkPoolWorker-7,  processing 0 (0.0 per sec) reads @ chrUn_KI270538v1:0-91309
ForkPoolWorker-7 countReadsInRegions_worker: processing 91309 (5207038.8 per sec) @ chrUn_KI270538v1:0-91309
ForkPoolWorker-7,  processing 0 (0.0 per sec) reads @ chr22_KI270739v1_random:0-73985
ForkPoolWorker-7 countReadsInRegions_worker: processing 73985 (5382284.0 per sec) @ chr22_KI270739v1_random:0-73985
ForkPoolWorker-7,  processing 5 (9012.3 per sec) reads @ chr4:175000000-180000000
ForkPoolWorker-7 countReadsInRegions_worker: processing 5000000 (7121917.9 per sec) @ chr4:175000000-180000000
ForkPoolWorker-7,  processing 28 (29040.7 per sec) reads @ chr22:25000000-30000000
ForkPoolWorker-7 countReadsInRegions_worker: processing 5000000 (7078597.5 per sec) @ chr22:25000000-30000000
ForkPoolWorker-7,  processing 6 (10512.0 per sec) reads @ chr8:65000000-70000000
ForkPoolWorker-7 countReadsInRegions_worker: processing 5000000 (7055079.5 per sec) @ chr8:65000000-70000000
ForkPoolWorker-7,  processing 20 (21845.3 per sec) reads @ chr6:10000000-15000000
ForkPoolWorker-7 countReadsInRegions_worker: processing 5000000 (7068016.9 per sec) @ chr6:10000000-15000000
ForkPoolWorker-7,  processing 17 (23516.9 per sec) reads @ chr7:110000000-115000000
ForkPoolWorker-7 countReadsInRegions_worker: processing 5000000 (8148266.7 per sec) @ chr7:110000000-115000000
ForkPoolWorker-7,  processing 9 (15376.3 per sec) reads @ chr1:175000000-180000000
ForkPoolWorker-7 countReadsInRegions_worker: processing 5000000 (8354401.7 per sec) @ chr1:175000000-180000000
ForkPoolWorker-14,  processing 14 (212.5 per sec) reads @ chr6:165000000-170000000
ForkPoolWorker-14 countReadsInRegions_worker: processing 5000000 (6019043.1 per sec) @ chr6:165000000-170000000
ForkPoolWorker-14,  processing 10 (12285.6 per sec) reads @ chr20:5000000-10000000
ForkPoolWorker-14 countReadsInRegions_worker: processing 5000000 (6982146.7 per sec) @ chr20:5000000-10000000
ForkPoolWorker-14,  processing 62 (42449.7 per sec) reads @ chr8:10000000-15000000
ForkPoolWorker-14 countReadsInRegions_worker: processing 5000000 (7024728.8 per sec) @ chr8:10000000-15000000
ForkPoolWorker-14,  processing 15 (18047.8 per sec) reads @ chr10:20000000-25000000
ForkPoolWorker-14 countReadsInRegions_worker: processing 5000000 (7040168.0 per sec) @ chr10:20000000-25000000
ForkPoolWorker-14,  processing 0 (0.0 per sec) reads @ chr1_KI270706v1_random:0-175055
ForkPoolWorker-14 countReadsInRegions_worker: processing 175055 (5584886.7 per sec) @ chr1_KI270706v1_random:0-175055
ForkPoolWorker-14,  processing 25 (28332.2 per sec) reads @ chr22:30000000-35000000
ForkPoolWorker-14 countReadsInRegions_worker: processing 5000000 (7070755.0 per sec) @ chr22:30000000-35000000
ForkPoolWorker-14,  processing 8 (11748.8 per sec) reads @ chr4:160000000-165000000
ForkPoolWorker-14 countReadsInRegions_worker: processing 5000000 (7020740.3 per sec) @ chr4:160000000-165000000
ForkPoolWorker-14,  processing 15 (19544.8 per sec) reads @ chr2:55000000-60000000
ForkPoolWorker-14 countReadsInRegions_worker: processing 5000000 (7040165.6 per sec) @ chr2:55000000-60000000
ForkPoolWorker-14,  processing 5 (7881.1 per sec) reads @ chr11:15000000-20000000
ForkPoolWorker-14 countReadsInRegions_worker: processing 5000000 (6993308.7 per sec) @ chr11:15000000-20000000
ForkPoolWorker-14,  processing 17 (20331.7 per sec) reads @ chr3:120000000-125000000
ForkPoolWorker-14 countReadsInRegions_worker: processing 5000000 (7017561.7 per sec) @ chr3:120000000-125000000
ForkPoolWorker-14,  processing 0 (0.0 per sec) reads @ chrUn_KI270379v1:0-1045
ForkPoolWorker-14 countReadsInRegions_worker: processing 1045 (198480.6 per sec) @ chrUn_KI270379v1:0-1045
ForkPoolWorker-14,  processing 0 (0.0 per sec) reads @ chr22:0-5000000
ForkPoolWorker-14 countReadsInRegions_worker: processing 5000000 (7006900.5 per sec) @ chr22:0-5000000
ForkPoolWorker-14,  processing 10 (14070.1 per sec) reads @ chr3:40000000-45000000
ForkPoolWorker-14 countReadsInRegions_worker: processing 5000000 (7007638.0 per sec) @ chr3:40000000-45000000
ForkPoolWorker-14,  processing 0 (0.0 per sec) reads @ chr22_KI270732v1_random:0-41543
ForkPoolWorker-14 countReadsInRegions_worker: processing 41543 (4728081.1 per sec) @ chr22_KI270732v1_random:0-41543
ForkPoolWorker-14,  processing 6 (11189.8 per sec) reads @ chr10:80000000-85000000
ForkPoolWorker-14 countReadsInRegions_worker: processing 5000000 (8181871.7 per sec) @ chr10:80000000-85000000
ForkPoolWorker-14,  processing 8 (14413.4 per sec) reads @ chrX:145000000-150000000
ForkPoolWorker-14 countReadsInRegions_worker: processing 5000000 (8274303.5 per sec) @ chrX:145000000-150000000
ForkPoolWorker-23,  processing 30 (464.7 per sec) reads @ chr14:65000000-70000000
ForkPoolWorker-23 countReadsInRegions_worker: processing 5000000 (6110287.2 per sec) @ chr14:65000000-70000000
ForkPoolWorker-23,  processing 24 (22872.8 per sec) reads @ chr20:30000000-35000000
ForkPoolWorker-23 countReadsInRegions_worker: processing 5000000 (7032669.9 per sec) @ chr20:30000000-35000000
ForkPoolWorker-23,  processing 15 (17742.4 per sec) reads @ chr16:70000000-75000000
ForkPoolWorker-23 countReadsInRegions_worker: processing 5000000 (7098635.4 per sec) @ chr16:70000000-75000000
ForkPoolWorker-23,  processing 19 (24378.0 per sec) reads @ chr12:100000000-105000000
ForkPoolWorker-23 countReadsInRegions_worker: processing 5000000 (7109433.3 per sec) @ chr12:100000000-105000000
ForkPoolWorker-23,  processing 0 (0.0 per sec) reads @ chrUn_KI270382v1:0-4215
ForkPoolWorker-23 countReadsInRegions_worker: processing 4215 (768752.1 per sec) @ chrUn_KI270382v1:0-4215
ForkPoolWorker-23,  processing 7 (11410.9 per sec) reads @ chr3:160000000-165000000
ForkPoolWorker-23 countReadsInRegions_worker: processing 5000000 (7119111.0 per sec) @ chr3:160000000-165000000
ForkPoolWorker-23,  processing 0 (0.0 per sec) reads @ chr2_KI270715v1_random:0-161471
ForkPoolWorker-23 countReadsInRegions_worker: processing 161471 (5816422.9 per sec) @ chr2_KI270715v1_random:0-161471
ForkPoolWorker-23,  processing 9 (12722.9 per sec) reads @ chrX:30000000-35000000
ForkPoolWorker-23 countReadsInRegions_worker: processing 5000000 (6863508.9 per sec) @ chrX:30000000-35000000
ForkPoolWorker-23,  processing 38 (32205.2 per sec) reads @ chr5:135000000-140000000
ForkPoolWorker-23 countReadsInRegions_worker: processing 5000000 (7116137.3 per sec) @ chr5:135000000-140000000
ForkPoolWorker-23,  processing 49 (41755.6 per sec) reads @ chrX:45000000-50000000
ForkPoolWorker-23 countReadsInRegions_worker: processing 5000000 (7118644.6 per sec) @ chrX:45000000-50000000
ForkPoolWorker-23,  processing 1 (2253.8 per sec) reads @ chr11:50000000-55000000
ForkPoolWorker-23 countReadsInRegions_worker: processing 5000000 (7141951.8 per sec) @ chr11:50000000-55000000
ForkPoolWorker-23,  processing 19 (24259.3 per sec) reads @ chr2:95000000-100000000
ForkPoolWorker-23 countReadsInRegions_worker: processing 5000000 (7148809.9 per sec) @ chr2:95000000-100000000
ForkPoolWorker-23,  processing 5 (8570.3 per sec) reads @ chr4:100000000-105000000
ForkPoolWorker-23 countReadsInRegions_worker: processing 5000000 (7139897.1 per sec) @ chr4:100000000-105000000
ForkPoolWorker-23,  processing 32 (34565.5 per sec) reads @ chr2:25000000-30000000
ForkPoolWorker-23 countReadsInRegions_worker: processing 5000000 (7880584.5 per sec) @ chr2:25000000-30000000
ForkPoolWorker-23,  processing 11 (18596.3 per sec) reads @ chr2:165000000-170000000
ForkPoolWorker-23 countReadsInRegions_worker: processing 5000000 (8296920.4 per sec) @ chr2:165000000-170000000
ForkPoolWorker-23,  processing 38 (33505.1 per sec) reads @ chr5:75000000-80000000
ForkPoolWorker-23 countReadsInRegions_worker: processing 5000000 (8050805.8 per sec) @ chr5:75000000-80000000
ForkPoolWorker-43,  processing 17 (287.0 per sec) reads @ chr3:30000000-35000000
ForkPoolWorker-43 countReadsInRegions_worker: processing 5000000 (6051178.2 per sec) @ chr3:30000000-35000000
ForkPoolWorker-43,  processing 8 (11041.3 per sec) reads @ chr6:70000000-75000000
ForkPoolWorker-43 countReadsInRegions_worker: processing 5000000 (6988307.7 per sec) @ chr6:70000000-75000000
ForkPoolWorker-43,  processing 12 (17343.8 per sec) reads @ chr2:100000000-105000000
ForkPoolWorker-43 countReadsInRegions_worker: processing 5000000 (7025785.5 per sec) @ chr2:100000000-105000000
ForkPoolWorker-43,  processing 17 (21021.0 per sec) reads @ chr9:95000000-100000000
ForkPoolWorker-43 countReadsInRegions_worker: processing 5000000 (7095107.5 per sec) @ chr9:95000000-100000000
ForkPoolWorker-43,  processing 45 (43062.7 per sec) reads @ chr1:0-5000000
ForkPoolWorker-43 countReadsInRegions_worker: processing 5000000 (7076538.5 per sec) @ chr1:0-5000000
ForkPoolWorker-43,  processing 25 (27843.2 per sec) reads @ chr14:55000000-60000000
ForkPoolWorker-43 countReadsInRegions_worker: processing 5000000 (7051822.3 per sec) @ chr14:55000000-60000000
ForkPoolWorker-43,  processing 16 (21270.6 per sec) reads @ chr11:45000000-50000000
ForkPoolWorker-43 countReadsInRegions_worker: processing 5000000 (7076739.1 per sec) @ chr11:45000000-50000000
ForkPoolWorker-43,  processing 23 (24324.0 per sec) reads @ chr17:50000000-55000000
ForkPoolWorker-43 countReadsInRegions_worker: processing 5000000 (7062956.1 per sec) @ chr17:50000000-55000000
ForkPoolWorker-43,  processing 3 (5504.3 per sec) reads @ chr3:190000000-195000000
ForkPoolWorker-43 countReadsInRegions_worker: processing 5000000 (7047113.8 per sec) @ chr3:190000000-195000000
ForkPoolWorker-43,  processing 15 (18493.4 per sec) reads @ chr20:50000000-55000000
ForkPoolWorker-43 countReadsInRegions_worker: processing 5000000 (7044841.2 per sec) @ chr20:50000000-55000000
ForkPoolWorker-43,  processing 1 (2106.6 per sec) reads @ chr14_GL000225v1_random:0-211173
ForkPoolWorker-43 countReadsInRegions_worker: processing 211173 (5722284.2 per sec) @ chr14_GL000225v1_random:0-211173
ForkPoolWorker-43,  processing 0 (0.0 per sec) reads @ chrUn_KI270363v1:0-1803
ForkPoolWorker-43 countReadsInRegions_worker: processing 1803 (340645.5 per sec) @ chrUn_KI270363v1:0-1803
ForkPoolWorker-43,  processing 63 (51011.8 per sec) reads @ chr3:125000000-130000000
ForkPoolWorker-43 countReadsInRegions_worker: processing 5000000 (7104488.7 per sec) @ chr3:125000000-130000000
ForkPoolWorker-43,  processing 21 (27525.1 per sec) reads @ chr16:75000000-80000000
ForkPoolWorker-43 countReadsInRegions_worker: processing 5000000 (8294541.3 per sec) @ chr16:75000000-80000000
ForkPoolWorker-43,  processing 23 (29673.6 per sec) reads @ chr13:75000000-80000000
ForkPoolWorker-43 countReadsInRegions_worker: processing 5000000 (8282496.0 per sec) @ chr13:75000000-80000000
ForkPoolWorker-43,  processing 0 (0.0 per sec) reads @ chr15:5000000-10000000
ForkPoolWorker-43 countReadsInRegions_worker: processing 5000000 (8330372.0 per sec) @ chr15:5000000-10000000
ForkPoolWorker-49,  processing 4 (68.1 per sec) reads @ chr15:30000000-35000000
ForkPoolWorker-49 countReadsInRegions_worker: processing 5000000 (6306336.4 per sec) @ chr15:30000000-35000000
ForkPoolWorker-49,  processing 124 (51993.8 per sec) reads @ chr6:35000000-40000000
ForkPoolWorker-49 countReadsInRegions_worker: processing 5000000 (6944538.5 per sec) @ chr6:35000000-40000000
ForkPoolWorker-49,  processing 101 (56596.5 per sec) reads @ chr17:75000000-80000000
ForkPoolWorker-49 countReadsInRegions_worker: processing 5000000 (7003996.4 per sec) @ chr17:75000000-80000000
ForkPoolWorker-49,  processing 55 (52038.5 per sec) reads @ chr2:110000000-115000000
ForkPoolWorker-49 countReadsInRegions_worker: processing 5000000 (7072307.3 per sec) @ chr2:110000000-115000000
ForkPoolWorker-49,  processing 13 (17959.8 per sec) reads @ chr9:25000000-30000000
ForkPoolWorker-49 countReadsInRegions_worker: processing 5000000 (7046817.8 per sec) @ chr9:25000000-30000000
ForkPoolWorker-49,  processing 0 (0.0 per sec) reads @ chrUn_KI270362v1:0-3530
ForkPoolWorker-49 countReadsInRegions_worker: processing 3530 (650522.5 per sec) @ chrUn_KI270362v1:0-3530
ForkPoolWorker-49,  processing 9 (13852.7 per sec) reads @ chrX:135000000-140000000
ForkPoolWorker-49 countReadsInRegions_worker: processing 5000000 (7051132.3 per sec) @ chrX:135000000-140000000
ForkPoolWorker-49,  processing 3 (5123.3 per sec) reads @ chr13:65000000-70000000
ForkPoolWorker-49 countReadsInRegions_worker: processing 5000000 (7045302.7 per sec) @ chr13:65000000-70000000
ForkPoolWorker-49,  processing 0 (0.0 per sec) reads @ chrUn_KI270590v1:0-4685
ForkPoolWorker-49 countReadsInRegions_worker: processing 4685 (810656.5 per sec) @ chrUn_KI270590v1:0-4685
ForkPoolWorker-49,  processing 10 (15563.3 per sec) reads @ chr16:45000000-50000000
ForkPoolWorker-49 countReadsInRegions_worker: processing 5000000 (7014439.9 per sec) @ chr16:45000000-50000000
ForkPoolWorker-49,  processing 47 (34909.2 per sec) reads @ chr19:10000000-15000000
ForkPoolWorker-49 countReadsInRegions_worker: processing 5000000 (6945538.9 per sec) @ chr19:10000000-15000000
ForkPoolWorker-49,  processing 5 (8147.4 per sec) reads @ chr5:15000000-20000000
ForkPoolWorker-49 countReadsInRegions_worker: processing 5000000 (6912344.2 per sec) @ chr5:15000000-20000000
ForkPoolWorker-49,  processing 4 (6602.6 per sec) reads @ chrX:25000000-30000000
ForkPoolWorker-49 countReadsInRegions_worker: processing 5000000 (6922212.1 per sec) @ chrX:25000000-30000000
ForkPoolWorker-49,  processing 19 (20512.7 per sec) reads @ chrX:105000000-110000000
ForkPoolWorker-49 countReadsInRegions_worker: processing 5000000 (8112510.1 per sec) @ chrX:105000000-110000000
ForkPoolWorker-49,  processing 14 (22091.9 per sec) reads @ chr17:25000000-30000000
ForkPoolWorker-49 countReadsInRegions_worker: processing 5000000 (8324922.3 per sec) @ chr17:25000000-30000000
ForkPoolWorker-49,  processing 23 (30830.6 per sec) reads @ chr5:70000000-75000000
ForkPoolWorker-49 countReadsInRegions_worker: processing 5000000 (8368486.8 per sec) @ chr5:70000000-75000000
ForkPoolWorker-38,  processing 25 (450.2 per sec) reads @ chr10:60000000-65000000
ForkPoolWorker-38 countReadsInRegions_worker: processing 5000000 (6042955.2 per sec) @ chr10:60000000-65000000
ForkPoolWorker-38,  processing 13 (10822.9 per sec) reads @ chr22:50000000-50818468
ForkPoolWorker-38 countReadsInRegions_worker: processing 818468 (6338015.3 per sec) @ chr22:50000000-50818468
ForkPoolWorker-38,  processing 9 (12918.8 per sec) reads @ chr6:75000000-80000000
ForkPoolWorker-38 countReadsInRegions_worker: processing 5000000 (7146561.4 per sec) @ chr6:75000000-80000000
ForkPoolWorker-38,  processing 13 (15049.9 per sec) reads @ chr16:15000000-20000000
ForkPoolWorker-38 countReadsInRegions_worker: processing 5000000 (7073597.9 per sec) @ chr16:15000000-20000000
ForkPoolWorker-38,  processing 14 (18207.8 per sec) reads @ chr6:110000000-115000000
ForkPoolWorker-38 countReadsInRegions_worker: processing 5000000 (7061179.7 per sec) @ chr6:110000000-115000000
ForkPoolWorker-38,  processing 9 (14353.1 per sec) reads @ chr5:100000000-105000000
ForkPoolWorker-38 countReadsInRegions_worker: processing 5000000 (7029921.1 per sec) @ chr5:100000000-105000000
ForkPoolWorker-38,  processing 2 (3626.7 per sec) reads @ chr21:10000000-15000000
ForkPoolWorker-38 countReadsInRegions_worker: processing 5000000 (6980413.0 per sec) @ chr21:10000000-15000000
ForkPoolWorker-38,  processing 25 (26962.6 per sec) reads @ chr7:155000000-159345973
ForkPoolWorker-38 countReadsInRegions_worker: processing 4345973 (6964140.7 per sec) @ chr7:155000000-159345973
ForkPoolWorker-38,  processing 30 (30916.2 per sec) reads @ chr6:155000000-160000000
ForkPoolWorker-38 countReadsInRegions_worker: processing 5000000 (6995902.8 per sec) @ chr6:155000000-160000000
ForkPoolWorker-38,  processing 18 (22989.5 per sec) reads @ chr18:55000000-60000000
ForkPoolWorker-38 countReadsInRegions_worker: processing 5000000 (6985072.3 per sec) @ chr18:55000000-60000000
ForkPoolWorker-38,  processing 6 (9608.9 per sec) reads @ chr8:75000000-80000000
ForkPoolWorker-38 countReadsInRegions_worker: processing 5000000 (6979750.9 per sec) @ chr8:75000000-80000000
ForkPoolWorker-38,  processing 0 (0.0 per sec) reads @ chrUn_KI270467v1:0-3920
ForkPoolWorker-38 countReadsInRegions_worker: processing 3920 (670924.3 per sec) @ chrUn_KI270467v1:0-3920
ForkPoolWorker-38,  processing 91 (50004.1 per sec) reads @ chr11:65000000-70000000
ForkPoolWorker-38 countReadsInRegions_worker: processing 5000000 (6977600.4 per sec) @ chr11:65000000-70000000
ForkPoolWorker-38,  processing 96 (64860.4 per sec) reads @ chr17:5000000-10000000
ForkPoolWorker-38 countReadsInRegions_worker: processing 5000000 (8161957.0 per sec) @ chr17:5000000-10000000
ForkPoolWorker-38,  processing 88 (43561.8 per sec) reads @ chr1:150000000-155000000
ForkPoolWorker-38 countReadsInRegions_worker: processing 5000000 (8253803.6 per sec) @ chr1:150000000-155000000
ForkPoolWorker-38,  processing 12 (19036.2 per sec) reads @ chr1:100000000-105000000
ForkPoolWorker-38 countReadsInRegions_worker: processing 5000000 (8249930.0 per sec) @ chr1:100000000-105000000
ForkPoolWorker-33,  processing 7 (112.9 per sec) reads @ chr8:30000000-35000000
ForkPoolWorker-33 countReadsInRegions_worker: processing 5000000 (6138096.9 per sec) @ chr8:30000000-35000000
ForkPoolWorker-33,  processing 11 (12978.2 per sec) reads @ chr9:0-5000000
ForkPoolWorker-33 countReadsInRegions_worker: processing 5000000 (7034524.0 per sec) @ chr9:0-5000000
ForkPoolWorker-33,  processing 6 (10560.6 per sec) reads @ chr2:225000000-230000000
ForkPoolWorker-33 countReadsInRegions_worker: processing 5000000 (7072514.8 per sec) @ chr2:225000000-230000000
ForkPoolWorker-33,  processing 0 (0.0 per sec) reads @ chr14_KI270724v1_random:0-39555
ForkPoolWorker-33 countReadsInRegions_worker: processing 39555 (4071305.4 per sec) @ chr14_KI270724v1_random:0-39555
ForkPoolWorker-33,  processing 17 (23416.5 per sec) reads @ chr21:25000000-30000000
ForkPoolWorker-33 countReadsInRegions_worker: processing 5000000 (7080475.9 per sec) @ chr21:25000000-30000000
ForkPoolWorker-33,  processing 9 (14138.1 per sec) reads @ chrX:0-5000000
ForkPoolWorker-33 countReadsInRegions_worker: processing 5000000 (7119367.2 per sec) @ chrX:0-5000000
ForkPoolWorker-33,  processing 0 (0.0 per sec) reads @ chrUn_KI270747v1:0-198735
ForkPoolWorker-33 countReadsInRegions_worker: processing 198735 (6146798.2 per sec) @ chrUn_KI270747v1:0-198735
ForkPoolWorker-33,  processing 28 (32246.2 per sec) reads @ chr16:30000000-35000000
ForkPoolWorker-33 countReadsInRegions_worker: processing 5000000 (7155085.6 per sec) @ chr16:30000000-35000000
ForkPoolWorker-33,  processing 5 (8591.4 per sec) reads @ chr4:155000000-160000000
ForkPoolWorker-33 countReadsInRegions_worker: processing 5000000 (7141158.9 per sec) @ chr4:155000000-160000000
ForkPoolWorker-33,  processing 11 (14288.4 per sec) reads @ chr8:25000000-30000000
ForkPoolWorker-33 countReadsInRegions_worker: processing 5000000 (7137076.0 per sec) @ chr8:25000000-30000000
ForkPoolWorker-33,  processing 6 (10292.8 per sec) reads @ chr5:155000000-160000000
ForkPoolWorker-33 countReadsInRegions_worker: processing 5000000 (7146955.9 per sec) @ chr5:155000000-160000000
ForkPoolWorker-33,  processing 8 (13132.9 per sec) reads @ chr4:55000000-60000000
ForkPoolWorker-33 countReadsInRegions_worker: processing 5000000 (7147413.8 per sec) @ chr4:55000000-60000000
ForkPoolWorker-33,  processing 4 (7785.3 per sec) reads @ chr7:60000000-65000000
ForkPoolWorker-33 countReadsInRegions_worker: processing 5000000 (7145407.2 per sec) @ chr7:60000000-65000000
ForkPoolWorker-33,  processing 10 (18699.5 per sec) reads @ chr4:30000000-35000000
ForkPoolWorker-33 countReadsInRegions_worker: processing 5000000 (7879417.9 per sec) @ chr4:30000000-35000000
ForkPoolWorker-33,  processing 7 (13790.6 per sec) reads @ chr8:15000000-20000000
ForkPoolWorker-33 countReadsInRegions_worker: processing 5000000 (8300158.2 per sec) @ chr8:15000000-20000000
ForkPoolWorker-33,  processing 5 (9859.7 per sec) reads @ chr18:0-5000000
ForkPoolWorker-33 countReadsInRegions_worker: processing 5000000 (8320176.2 per sec) @ chr18:0-5000000
ForkPoolWorker-24,  processing 80 (1215.7 per sec) reads @ chr6:0-5000000
ForkPoolWorker-24 countReadsInRegions_worker: processing 5000000 (6092992.6 per sec) @ chr6:0-5000000
ForkPoolWorker-24,  processing 18 (10120.3 per sec) reads @ chr5:55000000-60000000
ForkPoolWorker-24 countReadsInRegions_worker: processing 5000000 (6889556.3 per sec) @ chr5:55000000-60000000
ForkPoolWorker-24,  processing 2 (3428.1 per sec) reads @ chr12:35000000-40000000
ForkPoolWorker-24 countReadsInRegions_worker: processing 5000000 (6997399.1 per sec) @ chr12:35000000-40000000
ForkPoolWorker-24,  processing 0 (0.0 per sec) reads @ chr1:125000000-130000000
ForkPoolWorker-24 countReadsInRegions_worker: processing 5000000 (6948445.4 per sec) @ chr1:125000000-130000000
ForkPoolWorker-24,  processing 5 (8122.2 per sec) reads @ chr12:85000000-90000000
ForkPoolWorker-24 countReadsInRegions_worker: processing 5000000 (6913672.7 per sec) @ chr12:85000000-90000000
ForkPoolWorker-24,  processing 0 (0.0 per sec) reads @ chrUn_KI270756v1:0-79590
ForkPoolWorker-24 countReadsInRegions_worker: processing 79590 (4654295.0 per sec) @ chrUn_KI270756v1:0-79590
ForkPoolWorker-24,  processing 0 (0.0 per sec) reads @ chr1:130000000-135000000
ForkPoolWorker-24 countReadsInRegions_worker: processing 5000000 (6940870.2 per sec) @ chr1:130000000-135000000
ForkPoolWorker-24,  processing 0 (0.0 per sec) reads @ chrUn_KI270743v1:0-210658
ForkPoolWorker-24 countReadsInRegions_worker: processing 210658 (5869412.1 per sec) @ chrUn_KI270743v1:0-210658
ForkPoolWorker-24,  processing 17 (20176.3 per sec) reads @ chrX:15000000-20000000
ForkPoolWorker-24 countReadsInRegions_worker: processing 5000000 (7011227.2 per sec) @ chrX:15000000-20000000
ForkPoolWorker-24,  processing 17 (20308.5 per sec) reads @ chr19:40000000-45000000
ForkPoolWorker-24 countReadsInRegions_worker: processing 5000000 (7020707.4 per sec) @ chr19:40000000-45000000
ForkPoolWorker-24,  processing 18 (22857.2 per sec) reads @ chr16:25000000-30000000
ForkPoolWorker-24 countReadsInRegions_worker: processing 5000000 (7022969.2 per sec) @ chr16:25000000-30000000
ForkPoolWorker-24,  processing 21 (23344.9 per sec) reads @ chrX:130000000-135000000
ForkPoolWorker-24 countReadsInRegions_worker: processing 5000000 (7055174.4 per sec) @ chrX:130000000-135000000
ForkPoolWorker-24,  processing 8 (12647.7 per sec) reads @ chr18:40000000-45000000
ForkPoolWorker-24 countReadsInRegions_worker: processing 5000000 (7079522.2 per sec) @ chr18:40000000-45000000
ForkPoolWorker-24,  processing 16 (21732.1 per sec) reads @ chr11:30000000-35000000
ForkPoolWorker-24 countReadsInRegions_worker: processing 5000000 (8256575.5 per sec) @ chr11:30000000-35000000
ForkPoolWorker-31,  processing 0 (0.0 per sec) reads @ chrUn_KI270338v1:0-1428
ForkPoolWorker-31 countReadsInRegions_worker: processing 1428 (31490.5 per sec) @ chrUn_KI270338v1:0-1428
ForkPoolWorker-31,  processing 16 (2571.0 per sec) reads @ chr10:95000000-100000000
ForkPoolWorker-31 countReadsInRegions_worker: processing 5000000 (6642922.4 per sec) @ chr10:95000000-100000000
ForkPoolWorker-31,  processing 0 (0.0 per sec) reads @ chr16:35000000-40000000
ForkPoolWorker-31 countReadsInRegions_worker: processing 5000000 (7000377.2 per sec) @ chr16:35000000-40000000
ForkPoolWorker-31,  processing 7 (8201.2 per sec) reads @ chr10:45000000-50000000
ForkPoolWorker-31 countReadsInRegions_worker: processing 5000000 (7032827.9 per sec) @ chr10:45000000-50000000
ForkPoolWorker-31,  processing 0 (0.0 per sec) reads @ chrUn_KI270755v1:0-36723
ForkPoolWorker-31 countReadsInRegions_worker: processing 36723 (3701336.7 per sec) @ chrUn_KI270755v1:0-36723
ForkPoolWorker-31,  processing 0 (0.0 per sec) reads @ chr17_KI270730v1_random:0-112551
ForkPoolWorker-31 countReadsInRegions_worker: processing 112551 (5709848.1 per sec) @ chr17_KI270730v1_random:0-112551
ForkPoolWorker-31,  processing 10 (15627.1 per sec) reads @ chr15:45000000-50000000
ForkPoolWorker-31 countReadsInRegions_worker: processing 5000000 (6964475.8 per sec) @ chr15:45000000-50000000
ForkPoolWorker-31,  processing 21 (25449.4 per sec) reads @ chr2:35000000-40000000
ForkPoolWorker-31 countReadsInRegions_worker: processing 5000000 (6989714.5 per sec) @ chr2:35000000-40000000
ForkPoolWorker-31,  processing 29 (5712.4 per sec) reads @ chr1:210000000-215000000
ForkPoolWorker-31 countReadsInRegions_worker: processing 5000000 (6834048.0 per sec) @ chr1:210000000-215000000
ForkPoolWorker-31,  processing 5 (8469.9 per sec) reads @ chr1:95000000-100000000
ForkPoolWorker-31 countReadsInRegions_worker: processing 5000000 (6999524.4 per sec) @ chr1:95000000-100000000
ForkPoolWorker-31,  processing 0 (0.0 per sec) reads @ chr15:15000000-20000000
ForkPoolWorker-31 countReadsInRegions_worker: processing 5000000 (7001330.7 per sec) @ chr15:15000000-20000000
ForkPoolWorker-31,  processing 15 (20894.9 per sec) reads @ chr4:180000000-185000000
ForkPoolWorker-31 countReadsInRegions_worker: processing 5000000 (6995443.1 per sec) @ chr4:180000000-185000000
ForkPoolWorker-31,  processing 8 (11448.1 per sec) reads @ chr9:15000000-20000000
ForkPoolWorker-31 countReadsInRegions_worker: processing 5000000 (6999713.6 per sec) @ chr9:15000000-20000000
ForkPoolWorker-31,  processing 16 (20158.9 per sec) reads @ chr14:95000000-100000000
ForkPoolWorker-31 countReadsInRegions_worker: processing 5000000 (7025757.2 per sec) @ chr14:95000000-100000000
ForkPoolWorker-31,  processing 0 (0.0 per sec) reads @ chrUn_KI270322v1:0-21476
ForkPoolWorker-31 countReadsInRegions_worker: processing 21476 (3184728.9 per sec) @ chrUn_KI270322v1:0-21476
ForkPoolWorker-31,  processing 4 (7731.4 per sec) reads @ chr9:100000000-105000000
ForkPoolWorker-31 countReadsInRegions_worker: processing 5000000 (8206386.8 per sec) @ chr9:100000000-105000000
ForkPoolWorker-51,  processing 12 (204.1 per sec) reads @ chr10:85000000-90000000
ForkPoolWorker-51 countReadsInRegions_worker: processing 5000000 (6049638.6 per sec) @ chr10:85000000-90000000
ForkPoolWorker-51,  processing 19 (12637.5 per sec) reads @ chr1:110000000-115000000
ForkPoolWorker-51 countReadsInRegions_worker: processing 5000000 (6827106.7 per sec) @ chr1:110000000-115000000
ForkPoolWorker-51,  processing 0 (0.0 per sec) reads @ chrUn_GL000219v1:0-179198
ForkPoolWorker-51 countReadsInRegions_worker: processing 179198 (5510909.4 per sec) @ chrUn_GL000219v1:0-179198
ForkPoolWorker-51,  processing 0 (0.0 per sec) reads @ chrUn_KI270336v1:0-1026
ForkPoolWorker-51 countReadsInRegions_worker: processing 1026 (190582.6 per sec) @ chrUn_KI270336v1:0-1026
ForkPoolWorker-51,  processing 8 (12065.6 per sec) reads @ chr2:50000000-55000000
ForkPoolWorker-51 countReadsInRegions_worker: processing 5000000 (7082644.8 per sec) @ chr2:50000000-55000000
ForkPoolWorker-51,  processing 0 (0.0 per sec) reads @ chrUn_KI270320v1:0-4416
ForkPoolWorker-51 countReadsInRegions_worker: processing 4416 (789246.9 per sec) @ chrUn_KI270320v1:0-4416
ForkPoolWorker-51,  processing 14 (19322.2 per sec) reads @ chr8:60000000-65000000
ForkPoolWorker-51 countReadsInRegions_worker: processing 5000000 (7057294.5 per sec) @ chr8:60000000-65000000
ForkPoolWorker-51,  processing 13 (17103.5 per sec) reads @ chr12:5000000-10000000
ForkPoolWorker-51 countReadsInRegions_worker: processing 5000000 (7058487.0 per sec) @ chr12:5000000-10000000
ForkPoolWorker-51,  processing 7 (12037.8 per sec) reads @ chr3:80000000-85000000
ForkPoolWorker-51 countReadsInRegions_worker: processing 5000000 (7023910.0 per sec) @ chr3:80000000-85000000
ForkPoolWorker-51,  processing 0 (0.0 per sec) reads @ chr3_GL000221v1_random:0-155397
ForkPoolWorker-51 countReadsInRegions_worker: processing 155397 (6176216.1 per sec) @ chr3_GL000221v1_random:0-155397
ForkPoolWorker-51,  processing 21 (23760.6 per sec) reads @ chr6:40000000-45000000
ForkPoolWorker-51 countReadsInRegions_worker: processing 5000000 (7043435.7 per sec) @ chr6:40000000-45000000
ForkPoolWorker-51,  processing 13 (16695.0 per sec) reads @ chr4:165000000-170000000
ForkPoolWorker-51 countReadsInRegions_worker: processing 5000000 (7030390.1 per sec) @ chr4:165000000-170000000
ForkPoolWorker-51,  processing 0 (0.0 per sec) reads @ chr15:0-5000000
ForkPoolWorker-51 countReadsInRegions_worker: processing 5000000 (7022931.5 per sec) @ chr15:0-5000000
ForkPoolWorker-51,  processing 25 (28355.2 per sec) reads @ chr21:5000000-10000000
ForkPoolWorker-51 countReadsInRegions_worker: processing 5000000 (7016359.6 per sec) @ chr21:5000000-10000000
ForkPoolWorker-51,  processing 1 (1914.3 per sec) reads @ chr5:25000000-30000000
ForkPoolWorker-51 countReadsInRegions_worker: processing 5000000 (7144900.8 per sec) @ chr5:25000000-30000000
ForkPoolWorker-51,  processing 24 (28859.9 per sec) reads @ chr6:140000000-145000000
ForkPoolWorker-51 countReadsInRegions_worker: processing 5000000 (8279906.1 per sec) @ chr6:140000000-145000000
ForkPoolWorker-28,  processing 0 (0.0 per sec) reads @ chrUn_KI270522v1:0-5674
ForkPoolWorker-28 countReadsInRegions_worker: processing 5674 (124505.5 per sec) @ chrUn_KI270522v1:0-5674
ForkPoolWorker-28,  processing 7 (1135.3 per sec) reads @ chr18:60000000-65000000
ForkPoolWorker-28 countReadsInRegions_worker: processing 5000000 (6482040.3 per sec) @ chr18:60000000-65000000
ForkPoolWorker-28,  processing 16 (14254.2 per sec) reads @ chr5:0-5000000
ForkPoolWorker-28 countReadsInRegions_worker: processing 5000000 (6965889.2 per sec) @ chr5:0-5000000
ForkPoolWorker-28,  processing 22 (26349.1 per sec) reads @ chr5:50000000-55000000
ForkPoolWorker-28 countReadsInRegions_worker: processing 5000000 (6989120.5 per sec) @ chr5:50000000-55000000
ForkPoolWorker-28,  processing 0 (0.0 per sec) reads @ chrUn_KI270425v1:0-1884
ForkPoolWorker-28 countReadsInRegions_worker: processing 1884 (367418.5 per sec) @ chrUn_KI270425v1:0-1884
ForkPoolWorker-28,  processing 7 (11758.2 per sec) reads @ chr7:85000000-90000000
ForkPoolWorker-28 countReadsInRegions_worker: processing 5000000 (7009982.7 per sec) @ chr7:85000000-90000000
ForkPoolWorker-28,  processing 17 (19845.0 per sec) reads @ chr1:60000000-65000000
ForkPoolWorker-28 countReadsInRegions_worker: processing 5000000 (7026199.8 per sec) @ chr1:60000000-65000000
ForkPoolWorker-28,  processing 0 (0.0 per sec) reads @ chr22_KI270737v1_random:0-103838
ForkPoolWorker-28 countReadsInRegions_worker: processing 103838 (5226734.9 per sec) @ chr22_KI270737v1_random:0-103838
ForkPoolWorker-28,  processing 4 (7433.4 per sec) reads @ chr4:95000000-100000000
ForkPoolWorker-28 countReadsInRegions_worker: processing 5000000 (7008794.9 per sec) @ chr4:95000000-100000000
ForkPoolWorker-28,  processing 8 (13325.8 per sec) reads @ chr10:55000000-60000000
ForkPoolWorker-28 countReadsInRegions_worker: processing 5000000 (7013393.7 per sec) @ chr10:55000000-60000000
ForkPoolWorker-28,  processing 36 (41368.5 per sec) reads @ chr9:115000000-120000000
ForkPoolWorker-28 countReadsInRegions_worker: processing 5000000 (7007542.0 per sec) @ chr9:115000000-120000000
ForkPoolWorker-28,  processing 7 (11041.8 per sec) reads @ chr8:40000000-45000000
ForkPoolWorker-28 countReadsInRegions_worker: processing 5000000 (7022449.4 per sec) @ chr8:40000000-45000000
ForkPoolWorker-28,  processing 5 (9043.3 per sec) reads @ chr14:85000000-90000000
ForkPoolWorker-28 countReadsInRegions_worker: processing 5000000 (6989169.4 per sec) @ chr14:85000000-90000000
ForkPoolWorker-28,  processing 15 (19370.2 per sec) reads @ chr1:240000000-245000000
ForkPoolWorker-28 countReadsInRegions_worker: processing 5000000 (7001237.2 per sec) @ chr1:240000000-245000000
ForkPoolWorker-28,  processing 23 (23667.6 per sec) reads @ chr7:65000000-70000000
ForkPoolWorker-28 countReadsInRegions_worker: processing 5000000 (8085134.1 per sec) @ chr7:65000000-70000000
ForkPoolWorker-28,  processing 29 (28755.3 per sec) reads @ chr18:20000000-25000000
ForkPoolWorker-28 countReadsInRegions_worker: processing 5000000 (8292357.0 per sec) @ chr18:20000000-25000000
ForkPoolWorker-29,  processing 11 (171.5 per sec) reads @ chr8:20000000-25000000
ForkPoolWorker-29 countReadsInRegions_worker: processing 5000000 (6263434.6 per sec) @ chr8:20000000-25000000
ForkPoolWorker-29,  processing 0 (0.0 per sec) reads @ chrUn_KI270511v1:0-8127
ForkPoolWorker-29 countReadsInRegions_worker: processing 8127 (822406.6 per sec) @ chrUn_KI270511v1:0-8127
ForkPoolWorker-29,  processing 24 (21536.9 per sec) reads @ chr7:130000000-135000000
ForkPoolWorker-29 countReadsInRegions_worker: processing 5000000 (6992564.8 per sec) @ chr7:130000000-135000000
ForkPoolWorker-29,  processing 29 (28195.4 per sec) reads @ chr17:55000000-60000000
ForkPoolWorker-29 countReadsInRegions_worker: processing 5000000 (6989127.5 per sec) @ chr17:55000000-60000000
ForkPoolWorker-29,  processing 84 (56371.4 per sec) reads @ chr2:0-5000000
ForkPoolWorker-29 countReadsInRegions_worker: processing 5000000 (6968764.1 per sec) @ chr2:0-5000000
ForkPoolWorker-29,  processing 7 (11349.1 per sec) reads @ chrX:140000000-145000000
ForkPoolWorker-29 countReadsInRegions_worker: processing 5000000 (7001473.3 per sec) @ chrX:140000000-145000000
ForkPoolWorker-29,  processing 0 (0.0 per sec) reads @ chr9:60000000-65000000
ForkPoolWorker-29 countReadsInRegions_worker: processing 5000000 (7017580.5 per sec) @ chr9:60000000-65000000
ForkPoolWorker-29,  processing 0 (0.0 per sec) reads @ chrUn_GL000226v1:0-15008
ForkPoolWorker-29 countReadsInRegions_worker: processing 15008 (2181456.7 per sec) @ chrUn_GL000226v1:0-15008
ForkPoolWorker-29,  processing 21 (25094.1 per sec) reads @ chr2:180000000-185000000
ForkPoolWorker-29 countReadsInRegions_worker: processing 5000000 (7020289.1 per sec) @ chr2:180000000-185000000
ForkPoolWorker-29,  processing 5 (8069.1 per sec) reads @ chr11:85000000-90000000
ForkPoolWorker-29 countReadsInRegions_worker: processing 5000000 (7003933.2 per sec) @ chr11:85000000-90000000
ForkPoolWorker-29,  processing 0 (0.0 per sec) reads @ chrUn_KI270411v1:0-2646
ForkPoolWorker-29 countReadsInRegions_worker: processing 2646 (532795.4 per sec) @ chrUn_KI270411v1:0-2646
ForkPoolWorker-29,  processing 5 (8716.3 per sec) reads @ chr5:5000000-10000000
ForkPoolWorker-29 countReadsInRegions_worker: processing 5000000 (7007933.1 per sec) @ chr5:5000000-10000000
ForkPoolWorker-29,  processing 11 (18121.5 per sec) reads @ chr2:120000000-125000000
ForkPoolWorker-29 countReadsInRegions_worker: processing 5000000 (6981993.3 per sec) @ chr2:120000000-125000000
ForkPoolWorker-29,  processing 61 (49306.7 per sec) reads @ chr19:5000000-10000000
ForkPoolWorker-29 countReadsInRegions_worker: processing 5000000 (6987592.8 per sec) @ chr19:5000000-10000000
ForkPoolWorker-29,  processing 4 (7231.6 per sec) reads @ chr3:85000000-90000000
ForkPoolWorker-29 countReadsInRegions_worker: processing 5000000 (8089622.0 per sec) @ chr3:85000000-90000000
ForkPoolWorker-29,  processing 22 (27332.5 per sec) reads @ chr9:30000000-35000000
ForkPoolWorker-29 countReadsInRegions_worker: processing 5000000 (8326191.5 per sec) @ chr9:30000000-35000000
ForkPoolWorker-37,  processing 45 (747.2 per sec) reads @ chr6:30000000-35000000
ForkPoolWorker-37 countReadsInRegions_worker: processing 5000000 (6181318.5 per sec) @ chr6:30000000-35000000
ForkPoolWorker-37,  processing 39 (28242.0 per sec) reads @ chr11:115000000-120000000
ForkPoolWorker-37 countReadsInRegions_worker: processing 5000000 (6935393.4 per sec) @ chr11:115000000-120000000
ForkPoolWorker-37,  processing 0 (0.0 per sec) reads @ chrUn_KI270420v1:0-2321
ForkPoolWorker-37 countReadsInRegions_worker: processing 2321 (462315.6 per sec) @ chrUn_KI270420v1:0-2321
ForkPoolWorker-37,  processing 7 (8714.8 per sec) reads @ chr4:120000000-125000000
ForkPoolWorker-37 countReadsInRegions_worker: processing 5000000 (6967921.3 per sec) @ chr4:120000000-125000000
ForkPoolWorker-37,  processing 29 (25340.6 per sec) reads @ chr3:130000000-135000000
ForkPoolWorker-37 countReadsInRegions_worker: processing 5000000 (7009818.7 per sec) @ chr3:130000000-135000000
ForkPoolWorker-37,  processing 15 (18455.4 per sec) reads @ chr2:220000000-225000000
ForkPoolWorker-37 countReadsInRegions_worker: processing 5000000 (6979885.6 per sec) @ chr2:220000000-225000000
ForkPoolWorker-37,  processing 0 (0.0 per sec) reads @ chrUn_KI270580v1:0-1553
ForkPoolWorker-37 countReadsInRegions_worker: processing 1553 (276123.5 per sec) @ chrUn_KI270580v1:0-1553
ForkPoolWorker-37,  processing 0 (0.0 per sec) reads @ chr22_KI270738v1_random:0-99375
ForkPoolWorker-37 countReadsInRegions_worker: processing 99375 (5095713.2 per sec) @ chr22_KI270738v1_random:0-99375
ForkPoolWorker-37,  processing 0 (0.0 per sec) reads @ chr9_KI270718v1_random:0-38054
ForkPoolWorker-37 countReadsInRegions_worker: processing 38054 (3028596.1 per sec) @ chr9_KI270718v1_random:0-38054
ForkPoolWorker-37,  processing 0 (0.0 per sec) reads @ chrUn_KI270373v1:0-1451
ForkPoolWorker-37 countReadsInRegions_worker: processing 1451 (267690.1 per sec) @ chrUn_KI270373v1:0-1451
ForkPoolWorker-37,  processing 40 (43262.5 per sec) reads @ chrX:95000000-100000000
ForkPoolWorker-37 countReadsInRegions_worker: processing 5000000 (6934320.2 per sec) @ chrX:95000000-100000000
ForkPoolWorker-37,  processing 3 (5075.8 per sec) reads @ chr6:60000000-65000000
ForkPoolWorker-37 countReadsInRegions_worker: processing 5000000 (6967370.4 per sec) @ chr6:60000000-65000000
ForkPoolWorker-37,  processing 0 (0.0 per sec) reads @ chrUn_KI270748v1:0-93321
ForkPoolWorker-37 countReadsInRegions_worker: processing 93321 (5695486.9 per sec) @ chrUn_KI270748v1:0-93321
ForkPoolWorker-37,  processing 32 (30297.5 per sec) reads @ chr22:45000000-50000000
ForkPoolWorker-37 countReadsInRegions_worker: processing 5000000 (7023470.2 per sec) @ chr22:45000000-50000000
ForkPoolWorker-37,  processing 0 (0.0 per sec) reads @ chrY:50000000-55000000
ForkPoolWorker-37 countReadsInRegions_worker: processing 5000000 (7019424.4 per sec) @ chrY:50000000-55000000
ForkPoolWorker-37,  processing 12 (17969.2 per sec) reads @ chr11:20000000-25000000
ForkPoolWorker-37 countReadsInRegions_worker: processing 5000000 (7023272.6 per sec) @ chr11:20000000-25000000
ForkPoolWorker-37,  processing 9 (13746.8 per sec) reads @ chr15:100000000-101991189
ForkPoolWorker-37 countReadsInRegions_worker: processing 1991189 (6898400.5 per sec) @ chr15:100000000-101991189
ForkPoolWorker-37,  processing 18 (21564.5 per sec) reads @ chr7:25000000-30000000
ForkPoolWorker-37 countReadsInRegions_worker: processing 5000000 (7401659.0 per sec) @ chr7:25000000-30000000
ForkPoolWorker-37,  processing 16 (23481.1 per sec) reads @ chr18:45000000-50000000
ForkPoolWorker-37 countReadsInRegions_worker: processing 5000000 (8282895.1 per sec) @ chr18:45000000-50000000
ForkPoolWorker-37,  processing 14 (21780.5 per sec) reads @ chr5:60000000-65000000
ForkPoolWorker-37 countReadsInRegions_worker: processing 5000000 (8281871.2 per sec) @ chr5:60000000-65000000
ForkPoolWorker-48,  processing 0 (0.0 per sec) reads @ chrUn_KI270751v1:0-150742
ForkPoolWorker-48 countReadsInRegions_worker: processing 150742 (2236536.8 per sec) @ chrUn_KI270751v1:0-150742
ForkPoolWorker-48,  processing 10 (10420.6 per sec) reads @ chr7:95000000-100000000
ForkPoolWorker-48 countReadsInRegions_worker: processing 5000000 (7276752.3 per sec) @ chr7:95000000-100000000
ForkPoolWorker-48,  processing 0 (0.0 per sec) reads @ chrUn_KI270417v1:0-2043
ForkPoolWorker-48 countReadsInRegions_worker: processing 2043 (156148.5 per sec) @ chrUn_KI270417v1:0-2043
ForkPoolWorker-48,  processing 11 (13490.5 per sec) reads @ chr18:5000000-10000000
ForkPoolWorker-48 countReadsInRegions_worker: processing 5000000 (7005547.6 per sec) @ chr18:5000000-10000000
ForkPoolWorker-48,  processing 33 (29778.8 per sec) reads @ chrX:150000000-155000000
ForkPoolWorker-48 countReadsInRegions_worker: processing 5000000 (7015568.6 per sec) @ chrX:150000000-155000000
ForkPoolWorker-48,  processing 13 (16986.3 per sec) reads @ chr2:115000000-120000000
ForkPoolWorker-48 countReadsInRegions_worker: processing 5000000 (6954351.0 per sec) @ chr2:115000000-120000000
ForkPoolWorker-48,  processing 51 (38417.7 per sec) reads @ chr7:125000000-130000000
ForkPoolWorker-48 countReadsInRegions_worker: processing 5000000 (6946190.0 per sec) @ chr7:125000000-130000000
ForkPoolWorker-48,  processing 19 (23459.5 per sec) reads @ chr14:35000000-40000000
ForkPoolWorker-48 countReadsInRegions_worker: processing 5000000 (6938454.4 per sec) @ chr14:35000000-40000000
ForkPoolWorker-48,  processing 14 (18517.9 per sec) reads @ chr11:55000000-60000000
ForkPoolWorker-48 countReadsInRegions_worker: processing 5000000 (6998375.2 per sec) @ chr11:55000000-60000000
ForkPoolWorker-48,  processing 31 (30869.8 per sec) reads @ chr11:75000000-80000000
ForkPoolWorker-48 countReadsInRegions_worker: processing 5000000 (7015235.4 per sec) @ chr11:75000000-80000000
ForkPoolWorker-48,  processing 17 (22802.4 per sec) reads @ chrX:110000000-115000000
ForkPoolWorker-48 countReadsInRegions_worker: processing 5000000 (7020568.7 per sec) @ chrX:110000000-115000000
ForkPoolWorker-48,  processing 0 (0.0 per sec) reads @ chrUn_KI270371v1:0-2805
ForkPoolWorker-48 countReadsInRegions_worker: processing 2805 (508537.8 per sec) @ chrUn_KI270371v1:0-2805
ForkPoolWorker-48,  processing 11 (16401.5 per sec) reads @ chrX:10000000-15000000
ForkPoolWorker-48 countReadsInRegions_worker: processing 5000000 (7055487.7 per sec) @ chrX:10000000-15000000
ForkPoolWorker-48,  processing 9 (13362.4 per sec) reads @ chr10:105000000-110000000
ForkPoolWorker-48 countReadsInRegions_worker: processing 5000000 (7088198.6 per sec) @ chr10:105000000-110000000
ForkPoolWorker-48,  processing 7 (13400.3 per sec) reads @ chr2:145000000-150000000
ForkPoolWorker-48 countReadsInRegions_worker: processing 5000000 (8289819.9 per sec) @ chr2:145000000-150000000
ForkPoolWorker-48,  processing 32 (32945.0 per sec) reads @ chr7:145000000-150000000
ForkPoolWorker-48 countReadsInRegions_worker: processing 5000000 (8326429.6 per sec) @ chr7:145000000-150000000
ForkPoolWorker-36,  processing 10 (165.2 per sec) reads @ chr4:70000000-75000000
ForkPoolWorker-36 countReadsInRegions_worker: processing 5000000 (6127374.1 per sec) @ chr4:70000000-75000000
ForkPoolWorker-36,  processing 5 (7044.5 per sec) reads @ chr6:45000000-50000000
ForkPoolWorker-36 countReadsInRegions_worker: processing 5000000 (7157175.8 per sec) @ chr6:45000000-50000000
ForkPoolWorker-36,  processing 17 (14471.9 per sec) reads @ chr4:75000000-80000000
ForkPoolWorker-36 countReadsInRegions_worker: processing 5000000 (7052208.8 per sec) @ chr4:75000000-80000000
ForkPoolWorker-36,  processing 31 (31323.4 per sec) reads @ chr7:100000000-105000000
ForkPoolWorker-36 countReadsInRegions_worker: processing 5000000 (7087338.6 per sec) @ chr7:100000000-105000000
ForkPoolWorker-36,  processing 18 (21864.3 per sec) reads @ chr12:110000000-115000000
ForkPoolWorker-36 countReadsInRegions_worker: processing 5000000 (6991774.5 per sec) @ chr12:110000000-115000000
ForkPoolWorker-36,  processing 0 (0.0 per sec) reads @ chrUn_KI270749v1:0-158759
ForkPoolWorker-36 countReadsInRegions_worker: processing 158759 (5681018.2 per sec) @ chrUn_KI270749v1:0-158759
ForkPoolWorker-36,  processing 54 (38155.7 per sec) reads @ chr17:15000000-20000000
ForkPoolWorker-36 countReadsInRegions_worker: processing 5000000 (6985021.1 per sec) @ chr17:15000000-20000000
ForkPoolWorker-36,  processing 28 (30338.5 per sec) reads @ chr14:25000000-30000000
ForkPoolWorker-36 countReadsInRegions_worker: processing 5000000 (6957772.7 per sec) @ chr14:25000000-30000000
ForkPoolWorker-36,  processing 0 (0.0 per sec) reads @ chrUn_KI270515v1:0-6361
ForkPoolWorker-36 countReadsInRegions_worker: processing 6361 (1052298.2 per sec) @ chrUn_KI270515v1:0-6361
ForkPoolWorker-36,  processing 0 (0.0 per sec) reads @ chr13:5000000-10000000
ForkPoolWorker-36 countReadsInRegions_worker: processing 5000000 (6946546.6 per sec) @ chr13:5000000-10000000
ForkPoolWorker-36,  processing 0 (0.0 per sec) reads @ chr16:60000000-65000000
ForkPoolWorker-36 countReadsInRegions_worker: processing 5000000 (6949364.1 per sec) @ chr16:60000000-65000000
ForkPoolWorker-36,  processing 28 (28122.7 per sec) reads @ chr2:205000000-210000000
ForkPoolWorker-36 countReadsInRegions_worker: processing 5000000 (6946990.7 per sec) @ chr2:205000000-210000000
ForkPoolWorker-36,  processing 9 (12437.8 per sec) reads @ chr4:60000000-65000000
ForkPoolWorker-36 countReadsInRegions_worker: processing 5000000 (6964297.7 per sec) @ chr4:60000000-65000000
ForkPoolWorker-36,  processing 29 (32306.7 per sec) reads @ chr5:130000000-135000000
ForkPoolWorker-36 countReadsInRegions_worker: processing 5000000 (8159241.9 per sec) @ chr5:130000000-135000000
ForkPoolWorker-36,  processing 10 (17353.3 per sec) reads @ chr15:35000000-40000000
ForkPoolWorker-36 countReadsInRegions_worker: processing 5000000 (8303033.6 per sec) @ chr15:35000000-40000000
ForkPoolWorker-36,  processing 0 (0.0 per sec) reads @ chrUn_KI270388v1:0-1216
ForkPoolWorker-36 countReadsInRegions_worker: processing 1216 (266096.6 per sec) @ chrUn_KI270388v1:0-1216
