# packages in environment at /work/pa-hilario/anaconda3/envs/deeptools:
#
# Name                    Version                   Build  Channel
_openmp_mutex             4.5                      20_gnu    conda-forge
alabaster                 1.0.0              pyhd8ed1ab_1    conda-forge
babel                     2.18.0             pyhcf101f3_0    conda-forge
backports.zstd            1.3.0           py312h90b7ffd_0    conda-forge
bedops                    2.4.42               hd6d6fdc_1    bioconda
brotli                    1.2.0                hed03a55_1    conda-forge
brotli-bin                1.2.0                hb03c661_1    conda-forge
brotli-python             1.2.0           py312hdb49522_1    conda-forge
bzip2                     1.0.8                hda65f42_8    conda-forge
c-ares                    1.34.6               hb03c661_0    conda-forge
ca-certificates           2026.1.4             hbd8a1cb_0    conda-forge
certifi                   2026.01.04      py312h06a4308_0  
charset-normalizer        3.4.4              pyhd8ed1ab_0    conda-forge
click                     8.3.1                    pypi_0    pypi
colorama                  0.4.6              pyhd8ed1ab_1    conda-forge
contourpy                 1.3.3           py312h0a2e395_4    conda-forge
cycler                    0.12.1             pyhcf101f3_2    conda-forge
cython                    3.2.4           py312h47b2149_0  
deeptools                 3.5.6              pyhdfd78af_0    bioconda
deeptoolsintervals        0.1.9           py312ha9c1134_11    bioconda
docutils                  0.22.4             pyhd8ed1ab_0    conda-forge
fonttools                 4.61.1          py312h8a5da7c_0    conda-forge
freetype                  2.14.1               ha770c72_0    conda-forge
gencode-utr-fix           1.0.0                    pypi_0    pypi
h2                        4.3.0              pyhcf101f3_0    conda-forge
hpack                     4.1.0              pyhd8ed1ab_0    conda-forge
htslib                    1.22.1               h566b1c6_0    bioconda
hyperframe                6.1.0              pyhd8ed1ab_0    conda-forge
icu                       78.2                 h33c6efd_0    conda-forge
idna                      3.11               pyhd8ed1ab_0    conda-forge
imagesize                 1.4.1              pyhd8ed1ab_0    conda-forge
importlib-metadata        8.7.0              pyhe01879c_1    conda-forge
jansson                   2.15.0               h280c20c_0    conda-forge
jinja2                    3.1.6              pyhcf101f3_1    conda-forge
keyutils                  1.6.3                hb9d3cd8_0    conda-forge
kiwisolver                1.4.9           py312h0a2e395_2    conda-forge
krb5                      1.22.2               ha1258a1_0    conda-forge
lcms2                     2.18                 h0c24ade_0    conda-forge
ld_impl_linux-64          2.45.1          default_hbd61a6d_101    conda-forge
lerc                      4.0.0                h0aef613_1    conda-forge
libblas                   3.11.0          5_h4a7cf45_openblas    conda-forge
libbrotlicommon           1.2.0                hb03c661_1    conda-forge
libbrotlidec              1.2.0                hb03c661_1    conda-forge
libbrotlienc              1.2.0                hb03c661_1    conda-forge
libcblas                  3.11.0          5_h0358290_openblas    conda-forge
libcurl                   8.18.0               hcf29cc6_1    conda-forge
libdeflate                1.25                 h17f619e_0    conda-forge
libedit                   3.1.20250104    pl5321h7949ede_0    conda-forge
libev                     4.33                 hd590300_2    conda-forge
libexpat                  2.7.3                hecca717_0    conda-forge
libffi                    3.5.2                h3435931_0    conda-forge
libfreetype               2.14.1               ha770c72_0    conda-forge
libfreetype6              2.14.1               h73754d4_0    conda-forge
libgcc                    15.2.0              he0feb66_17    conda-forge
libgcc-ng                 15.2.0              h69a702a_17    conda-forge
libgfortran               15.2.0              h69a702a_17    conda-forge
libgfortran5              15.2.0              h68bc16d_17    conda-forge
libgomp                   15.2.0              he0feb66_17    conda-forge
libiconv                  1.18                 h3b78370_2    conda-forge
libjpeg-turbo             3.1.2                hb03c661_0    conda-forge
liblapack                 3.11.0          5_h47877c9_openblas    conda-forge
liblzma                   5.8.2                hb03c661_0    conda-forge
libnghttp2                1.67.0               had1ee68_0    conda-forge
libnsl                    2.0.1                hb9d3cd8_1    conda-forge
libopenblas               0.3.30          pthreads_h94d23a6_4    conda-forge
libopenssl-static         3.6.1                hb03c661_1    conda-forge
libpng                    1.6.55               h421ea60_0    conda-forge
libsqlite                 3.51.2               hf4e2dac_0    conda-forge
libssh2                   1.11.1               hcf80075_0    conda-forge
libstdcxx                 15.2.0              h934c35e_17    conda-forge
libstdcxx-ng              15.2.0              hdf11a46_17    conda-forge
libtiff                   4.7.1                h9d88235_1    conda-forge
libuuid                   2.41.3               h5347b49_0    conda-forge
libwebp-base              1.6.0                hd42ef1d_0    conda-forge
libxcb                    1.17.0               h8a09558_0    conda-forge
libxcrypt                 4.4.36               hd590300_1    conda-forge
libzlib                   1.3.1                hb9d3cd8_2    conda-forge
markupsafe                3.0.3           py312h8a5da7c_0    conda-forge
matplotlib-base           3.10.8          py312he3d6523_0    conda-forge
munkres                   1.1.4              pyhd8ed1ab_1    conda-forge
mysql-connector-c         6.1.11            h659d440_1008    conda-forge
narwhals                  2.16.0             pyhcf101f3_0    conda-forge
natsort                   8.4.0                    pypi_0    pypi
ncls                      0.0.70                   pypi_0    pypi
ncurses                   6.5                  h2d0b736_3    conda-forge
numpy                     2.4.2           py312h33ff503_1    conda-forge
numpydoc                  1.10.0             pyhcf101f3_0    conda-forge
openjpeg                  2.5.4                h55fea9a_0    conda-forge
openssl                   3.6.1                h35e630c_1    conda-forge
packaging                 26.0               pyhcf101f3_0    conda-forge
pandas                    3.0.0                    pypi_0    pypi
pillow                    12.1.1          py312h50c33e8_0    conda-forge
pip                       26.0.1             pyh8b19718_0    conda-forge
plotly                    6.5.2              pyhd8ed1ab_0    conda-forge
pthread-stubs             0.4               hb9d3cd8_1002    conda-forge
py2bit                    0.3.3           py312h0fa9677_1    bioconda
pybigwig                  0.3.25          py312h83fe50f_0    bioconda
pygments                  2.19.2             pyhd8ed1ab_0    conda-forge
pyparsing                 3.3.2              pyhcf101f3_0    conda-forge
pyranges                  0.1.4                    pypi_0    pypi
pysam                     0.23.3          py312h8f9e533_2    bioconda
pysocks                   1.7.1              pyha55dd90_7    conda-forge
python                    3.12.12         hd63d673_2_cpython    conda-forge
python-dateutil           2.9.0.post0        pyhe01879c_2    conda-forge
python_abi                3.12                    8_cp312    conda-forge
pytz                      2025.2             pyhd8ed1ab_0    conda-forge
qhull                     2020.2               h434a139_5    conda-forge
readline                  8.3                  h853b02a_0    conda-forge
requests                  2.32.5             pyhcf101f3_1    conda-forge
roman-numerals            4.1.0              pyhd8ed1ab_0    conda-forge
samtools                  1.22.1               h96c455f_0    bioconda
scipy                     1.17.0          py312h54fa4ab_1    conda-forge
setuptools                82.0.0             pyh332efcf_0    conda-forge
six                       1.17.0             pyhe01879c_1    conda-forge
snowballstemmer           3.0.1              pyhd8ed1ab_0    conda-forge
sorted-nearest            0.0.41                   pypi_0    pypi
sphinx                    9.1.0              pyhd8ed1ab_0    conda-forge
sphinxcontrib-applehelp   2.0.0              pyhd8ed1ab_1    conda-forge
sphinxcontrib-devhelp     2.0.0              pyhd8ed1ab_1    conda-forge
sphinxcontrib-htmlhelp    2.1.0              pyhd8ed1ab_1    conda-forge
sphinxcontrib-jsmath      1.0.1              pyhd8ed1ab_1    conda-forge
sphinxcontrib-qthelp      2.0.0              pyhd8ed1ab_1    conda-forge
sphinxcontrib-serializinghtml 1.1.10             pyhd8ed1ab_1    conda-forge
tabulate                  0.9.0                    pypi_0    pypi
tk                        8.6.13          noxft_h366c992_103    conda-forge
tomli                     2.4.0              pyhcf101f3_0    conda-forge
tqdm                      4.67.3                   pypi_0    pypi
tzdata                    2025c                hc9c84f9_1    conda-forge
ucsc-bigwiginfo           482                  h0b57e2e_0    bioconda
unicodedata2              17.0.1          py312h4c3975b_0    conda-forge
urllib3                   2.6.3              pyhd8ed1ab_0    conda-forge
wheel                     0.46.3             pyhd8ed1ab_0    conda-forge
xorg-libxau               1.0.12               hb03c661_1    conda-forge
xorg-libxdmcp             1.1.5                hb03c661_1    conda-forge
zipp                      3.23.0             pyhcf101f3_1    conda-forge
zlib                      1.3.1                hb9d3cd8_2    conda-forge
zlib-ng                   2.3.3                hceb46e0_1    conda-forge
zstd                      1.5.7                hb78ec9c_6    conda-forge
Specified --scaleFactor: 1.0
normalization: CPM
bamFilesList: ['output/SNRNP70-Con-rep1_L1_R1.genome.Aligned.sort.dedup.bam']
binLength: 1
numberOfSamples: None
blackListFileName: None
skipZeroOverZero: False
bed_and_bin: False
genomeChunkSize: None
defaultFragmentLength: read length
numberOfProcessors: 52
verbose: True
region: None
bedFile: None
minMappingQuality: None
ignoreDuplicates: False
chrsToSkip: []
stepSize: 1
center_read: False
samFlag_include: None
samFlag_exclude: None
minFragmentLength: 0
maxFragmentLength: 0
zerosToNans: False
smoothLength: None
save_data: False
out_file_for_raw_data: None
maxPairedFragmentLength: 1000
Final scaling factor: 8.703901959248332
ForkPoolWorker-13,  processing 19 (295.8 per sec) reads @ chr18:80000000-80373285
ForkPoolWorker-13 countReadsInRegions_worker: processing 373285 (3064354.7 per sec) @ chr18:80000000-80373285
ForkPoolWorker-13,  processing 0 (0.0 per sec) reads @ chrUn_KI270750v1:0-148850
ForkPoolWorker-13 countReadsInRegions_worker: processing 148850 (5574603.6 per sec) @ chrUn_KI270750v1:0-148850
ForkPoolWorker-13,  processing 65 (41673.8 per sec) reads @ chr1:210000000-215000000
ForkPoolWorker-13 countReadsInRegions_worker: processing 5000000 (5905186.5 per sec) @ chr1:210000000-215000000
ForkPoolWorker-13,  processing 1279 (81450.8 per sec) reads @ chr16:85000000-90000000
ForkPoolWorker-13 countReadsInRegions_worker: processing 5000000 (6790209.1 per sec) @ chr16:85000000-90000000
ForkPoolWorker-13,  processing 32 (33140.2 per sec) reads @ chr4:10000000-15000000
ForkPoolWorker-13 countReadsInRegions_worker: processing 5000000 (7073948.6 per sec) @ chr4:10000000-15000000
ForkPoolWorker-13,  processing 107 (48319.4 per sec) reads @ chr9:110000000-115000000
ForkPoolWorker-13 countReadsInRegions_worker: processing 5000000 (7155942.5 per sec) @ chr9:110000000-115000000
ForkPoolWorker-13,  processing 119 (58575.5 per sec) reads @ chr14:75000000-80000000
ForkPoolWorker-13 countReadsInRegions_worker: processing 5000000 (7118233.9 per sec) @ chr14:75000000-80000000
ForkPoolWorker-13,  processing 0 (0.0 per sec) reads @ chrUn_KI270517v1:0-3253
ForkPoolWorker-13 countReadsInRegions_worker: processing 3253 (414511.8 per sec) @ chrUn_KI270517v1:0-3253
ForkPoolWorker-13,  processing 6 (10267.6 per sec) reads @ chr9:40000000-45000000
ForkPoolWorker-13 countReadsInRegions_worker: processing 5000000 (7120551.7 per sec) @ chr9:40000000-45000000
ForkPoolWorker-13,  processing 25 (29529.0 per sec) reads @ chr3:95000000-100000000
ForkPoolWorker-13 countReadsInRegions_worker: processing 5000000 (7103179.7 per sec) @ chr3:95000000-100000000
ForkPoolWorker-13,  processing 0 (0.0 per sec) reads @ chrUn_KI270420v1:0-2321
ForkPoolWorker-13 countReadsInRegions_worker: processing 2321 (281455.4 per sec) @ chrUn_KI270420v1:0-2321
ForkPoolWorker-13,  processing 1367 (90681.6 per sec) reads @ chr1:5000000-10000000
ForkPoolWorker-13 countReadsInRegions_worker: processing 5000000 (6962515.0 per sec) @ chr1:5000000-10000000
ForkPoolWorker-13,  processing 30 (31687.0 per sec) reads @ chr4:165000000-170000000
ForkPoolWorker-13 countReadsInRegions_worker: processing 5000000 (7101707.6 per sec) @ chr4:165000000-170000000
ForkPoolWorker-13,  processing 0 (0.0 per sec) reads @ chrUn_KI270320v1:0-4416
ForkPoolWorker-13 countReadsInRegions_worker: processing 4416 (527258.0 per sec) @ chrUn_KI270320v1:0-4416
ForkPoolWorker-13,  processing 83 (52611.0 per sec) reads @ chr6:5000000-10000000
ForkPoolWorker-13 countReadsInRegions_worker: processing 5000000 (7110016.6 per sec) @ chr6:5000000-10000000
ForkPoolWorker-13,  processing 473 (68453.0 per sec) reads @ chr21:45000000-46709983
ForkPoolWorker-13 countReadsInRegions_worker: processing 1709983 (6787352.4 per sec) @ chr21:45000000-46709983
ForkPoolWorker-48,  processing 57 (932.2 per sec) reads @ chr4:15000000-20000000
ForkPoolWorker-48 countReadsInRegions_worker: processing 5000000 (6326259.9 per sec) @ chr4:15000000-20000000
ForkPoolWorker-48,  processing 0 (0.0 per sec) reads @ chrUn_KI270330v1:0-1652
ForkPoolWorker-48 countReadsInRegions_worker: processing 1652 (186664.6 per sec) @ chrUn_KI270330v1:0-1652
ForkPoolWorker-48,  processing 0 (0.0 per sec) reads @ chrUn_KI270393v1:0-1308
ForkPoolWorker-48 countReadsInRegions_worker: processing 1308 (182695.0 per sec) @ chrUn_KI270393v1:0-1308
ForkPoolWorker-48,  processing 61 (45517.3 per sec) reads @ chr14:35000000-40000000
ForkPoolWorker-48 countReadsInRegions_worker: processing 5000000 (6836006.1 per sec) @ chr14:35000000-40000000
ForkPoolWorker-48,  processing 460 (76580.9 per sec) reads @ chr16:25000000-30000000
ForkPoolWorker-48 countReadsInRegions_worker: processing 5000000 (7001513.0 per sec) @ chr16:25000000-30000000
ForkPoolWorker-48,  processing 27 (27196.5 per sec) reads @ chr8:115000000-120000000
ForkPoolWorker-48 countReadsInRegions_worker: processing 5000000 (7155693.5 per sec) @ chr8:115000000-120000000
ForkPoolWorker-48,  processing 0 (0.0 per sec) reads @ chr22_KI270735v1_random:0-42811
ForkPoolWorker-48 countReadsInRegions_worker: processing 42811 (3232503.7 per sec) @ chr22_KI270735v1_random:0-42811
ForkPoolWorker-48,  processing 559 (76165.9 per sec) reads @ chr7:100000000-105000000
ForkPoolWorker-48 countReadsInRegions_worker: processing 5000000 (7150016.4 per sec) @ chr7:100000000-105000000
ForkPoolWorker-48,  processing 71 (48802.9 per sec) reads @ chr2:125000000-130000000
ForkPoolWorker-48 countReadsInRegions_worker: processing 5000000 (7173269.6 per sec) @ chr2:125000000-130000000
ForkPoolWorker-48,  processing 0 (0.0 per sec) reads @ chrUn_KI270519v1:0-138126
ForkPoolWorker-48 countReadsInRegions_worker: processing 138126 (5139112.5 per sec) @ chrUn_KI270519v1:0-138126
ForkPoolWorker-48,  processing 125 (54443.2 per sec) reads @ chr5:140000000-145000000
ForkPoolWorker-48 countReadsInRegions_worker: processing 5000000 (7173338.3 per sec) @ chr5:140000000-145000000
ForkPoolWorker-48,  processing 3 (6229.2 per sec) reads @ chr14_GL000225v1_random:0-211173
ForkPoolWorker-48 countReadsInRegions_worker: processing 211173 (5842466.5 per sec) @ chr14_GL000225v1_random:0-211173
ForkPoolWorker-48,  processing 97 (55113.5 per sec) reads @ chrX:100000000-105000000
ForkPoolWorker-48 countReadsInRegions_worker: processing 5000000 (7107221.5 per sec) @ chrX:100000000-105000000
ForkPoolWorker-48,  processing 287 (68532.0 per sec) reads @ chr2:240000000-242193529
ForkPoolWorker-48 countReadsInRegions_worker: processing 2193529 (6917024.6 per sec) @ chr2:240000000-242193529
ForkPoolWorker-48,  processing 553 (75836.2 per sec) reads @ chr14:100000000-105000000
ForkPoolWorker-48 countReadsInRegions_worker: processing 5000000 (7095551.6 per sec) @ chr14:100000000-105000000
ForkPoolWorker-48,  processing 163 (61692.1 per sec) reads @ chr12:110000000-115000000
ForkPoolWorker-48 countReadsInRegions_worker: processing 5000000 (7136881.7 per sec) @ chr12:110000000-115000000
ForkPoolWorker-38,  processing 3 (49.2 per sec) reads @ chr8:110000000-115000000
ForkPoolWorker-38 countReadsInRegions_worker: processing 5000000 (6409034.2 per sec) @ chr8:110000000-115000000
ForkPoolWorker-38,  processing 0 (0.0 per sec) reads @ chrUn_KI270518v1:0-2186
ForkPoolWorker-38 countReadsInRegions_worker: processing 2186 (251164.2 per sec) @ chrUn_KI270518v1:0-2186
ForkPoolWorker-38,  processing 110 (51630.9 per sec) reads @ chr11:55000000-60000000
ForkPoolWorker-38 countReadsInRegions_worker: processing 5000000 (7071467.9 per sec) @ chr11:55000000-60000000
ForkPoolWorker-38,  processing 16 (13828.3 per sec) reads @ chr6:100000000-105000000
ForkPoolWorker-38 countReadsInRegions_worker: processing 5000000 (7120060.9 per sec) @ chr6:100000000-105000000
ForkPoolWorker-38,  processing 0 (0.0 per sec) reads @ chrUn_KI270305v1:0-1472
ForkPoolWorker-38 countReadsInRegions_worker: processing 1472 (183096.5 per sec) @ chrUn_KI270305v1:0-1472
ForkPoolWorker-38,  processing 0 (0.0 per sec) reads @ chrY:55000000-57227415
ForkPoolWorker-38 countReadsInRegions_worker: processing 2227415 (7032773.3 per sec) @ chrY:55000000-57227415
ForkPoolWorker-38,  processing 34 (29174.8 per sec) reads @ chrX:65000000-70000000
ForkPoolWorker-38 countReadsInRegions_worker: processing 5000000 (7262011.5 per sec) @ chrX:65000000-70000000
ForkPoolWorker-38,  processing 0 (0.0 per sec) reads @ chrUn_KI270337v1:0-1121
ForkPoolWorker-38 countReadsInRegions_worker: processing 1121 (138187.1 per sec) @ chrUn_KI270337v1:0-1121
ForkPoolWorker-38,  processing 0 (0.0 per sec) reads @ chrUn_KI270387v1:0-1537
ForkPoolWorker-38 countReadsInRegions_worker: processing 1537 (206861.9 per sec) @ chrUn_KI270387v1:0-1537
ForkPoolWorker-38,  processing 97 (55908.7 per sec) reads @ chr7:65000000-70000000
ForkPoolWorker-38 countReadsInRegions_worker: processing 5000000 (7247435.5 per sec) @ chr7:65000000-70000000
ForkPoolWorker-38,  processing 30 (32862.1 per sec) reads @ chr9:70000000-75000000
ForkPoolWorker-38 countReadsInRegions_worker: processing 5000000 (7247660.9 per sec) @ chr9:70000000-75000000
ForkPoolWorker-38,  processing 90 (51018.7 per sec) reads @ chr2:170000000-175000000
ForkPoolWorker-38 countReadsInRegions_worker: processing 5000000 (7226246.1 per sec) @ chr2:170000000-175000000
ForkPoolWorker-38,  processing 0 (0.0 per sec) reads @ chrUn_GL000216v2:0-176608
ForkPoolWorker-38 countReadsInRegions_worker: processing 176608 (5499852.6 per sec) @ chrUn_GL000216v2:0-176608
ForkPoolWorker-38,  processing 65 (44200.7 per sec) reads @ chr18:30000000-35000000
ForkPoolWorker-38 countReadsInRegions_worker: processing 5000000 (7232543.7 per sec) @ chr18:30000000-35000000
ForkPoolWorker-38,  processing 22 (26088.4 per sec) reads @ chr18:55000000-60000000
ForkPoolWorker-38 countReadsInRegions_worker: processing 5000000 (7221147.7 per sec) @ chr18:55000000-60000000
ForkPoolWorker-38,  processing 110 (53567.1 per sec) reads @ chr13:95000000-100000000
ForkPoolWorker-38 countReadsInRegions_worker: processing 5000000 (7216456.3 per sec) @ chr13:95000000-100000000
ForkPoolWorker-4,  processing 0 (0.0 per sec) reads @ chr14_KI270725v1_random:0-172810
ForkPoolWorker-4 countReadsInRegions_worker: processing 172810 (2377550.5 per sec) @ chr14_KI270725v1_random:0-172810
ForkPoolWorker-4,  processing 68 (41287.3 per sec) reads @ chr11:125000000-130000000
ForkPoolWorker-4 countReadsInRegions_worker: processing 5000000 (7428711.5 per sec) @ chr11:125000000-130000000
ForkPoolWorker-4,  processing 41 (37498.1 per sec) reads @ chr11:85000000-90000000
ForkPoolWorker-4 countReadsInRegions_worker: processing 5000000 (6952769.4 per sec) @ chr11:85000000-90000000
ForkPoolWorker-4,  processing 20 (26740.9 per sec) reads @ chr4:140000000-145000000
ForkPoolWorker-4 countReadsInRegions_worker: processing 5000000 (7085322.5 per sec) @ chr4:140000000-145000000
ForkPoolWorker-4,  processing 82 (48271.3 per sec) reads @ chr13:40000000-45000000
ForkPoolWorker-4 countReadsInRegions_worker: processing 5000000 (7150404.0 per sec) @ chr13:40000000-45000000
ForkPoolWorker-4,  processing 33 (32931.7 per sec) reads @ chr3:155000000-160000000
ForkPoolWorker-4 countReadsInRegions_worker: processing 5000000 (7165762.1 per sec) @ chr3:155000000-160000000
ForkPoolWorker-4,  processing 298 (67533.1 per sec) reads @ chr3:50000000-55000000
ForkPoolWorker-4 countReadsInRegions_worker: processing 5000000 (7128090.7 per sec) @ chr3:50000000-55000000
ForkPoolWorker-4,  processing 2 (4042.7 per sec) reads @ chrY:5000000-10000000
ForkPoolWorker-4 countReadsInRegions_worker: processing 5000000 (7157168.5 per sec) @ chrY:5000000-10000000
ForkPoolWorker-4,  processing 96 (53022.5 per sec) reads @ chr1:220000000-225000000
ForkPoolWorker-4 countReadsInRegions_worker: processing 5000000 (7123004.0 per sec) @ chr1:220000000-225000000
ForkPoolWorker-4,  processing 43 (39892.7 per sec) reads @ chr8:90000000-95000000
ForkPoolWorker-4 countReadsInRegions_worker: processing 5000000 (7141545.6 per sec) @ chr8:90000000-95000000
ForkPoolWorker-4,  processing 672 (67312.4 per sec) reads @ chr1:15000000-20000000
ForkPoolWorker-4 countReadsInRegions_worker: processing 5000000 (7067319.0 per sec) @ chr1:15000000-20000000
ForkPoolWorker-4,  processing 51 (38273.3 per sec) reads @ chr12:100000000-105000000
ForkPoolWorker-4 countReadsInRegions_worker: processing 5000000 (7146050.0 per sec) @ chr12:100000000-105000000
ForkPoolWorker-15,  processing 0 (0.0 per sec) reads @ chr9_KI270719v1_random:0-176845
ForkPoolWorker-15 countReadsInRegions_worker: processing 176845 (2487863.9 per sec) @ chr9_KI270719v1_random:0-176845
ForkPoolWorker-15,  processing 50 (35051.8 per sec) reads @ chr2:220000000-225000000
ForkPoolWorker-15 countReadsInRegions_worker: processing 5000000 (7436321.6 per sec) @ chr2:220000000-225000000
ForkPoolWorker-15,  processing 0 (0.0 per sec) reads @ chrUn_KI270530v1:0-2168
ForkPoolWorker-15 countReadsInRegions_worker: processing 2168 (252086.1 per sec) @ chrUn_KI270530v1:0-2168
ForkPoolWorker-15,  processing 82 (51363.9 per sec) reads @ chr13:50000000-55000000
ForkPoolWorker-15 countReadsInRegions_worker: processing 5000000 (6980538.5 per sec) @ chr13:50000000-55000000
ForkPoolWorker-15,  processing 2 (4398.9 per sec) reads @ chr11:50000000-55000000
ForkPoolWorker-15 countReadsInRegions_worker: processing 5000000 (7156743.5 per sec) @ chr11:50000000-55000000
ForkPoolWorker-15,  processing 96 (56095.5 per sec) reads @ chr17:65000000-70000000
ForkPoolWorker-15 countReadsInRegions_worker: processing 5000000 (7167667.5 per sec) @ chr17:65000000-70000000
ForkPoolWorker-15,  processing 63 (44961.9 per sec) reads @ chr10:5000000-10000000
ForkPoolWorker-15 countReadsInRegions_worker: processing 5000000 (7171591.7 per sec) @ chr10:5000000-10000000
ForkPoolWorker-15,  processing 0 (0.0 per sec) reads @ chrUn_KI270467v1:0-3920
ForkPoolWorker-15 countReadsInRegions_worker: processing 3920 (463067.4 per sec) @ chrUn_KI270467v1:0-3920
ForkPoolWorker-15,  processing 94 (48783.0 per sec) reads @ chr14:70000000-75000000
ForkPoolWorker-15 countReadsInRegions_worker: processing 5000000 (7157903.8 per sec) @ chr14:70000000-75000000
ForkPoolWorker-15,  processing 43 (38406.1 per sec) reads @ chr10:30000000-35000000
ForkPoolWorker-15 countReadsInRegions_worker: processing 5000000 (7164452.4 per sec) @ chr10:30000000-35000000
ForkPoolWorker-15,  processing 0 (0.0 per sec) reads @ chr1_KI270708v1_random:0-127682
ForkPoolWorker-15 countReadsInRegions_worker: processing 127682 (5154103.5 per sec) @ chr1_KI270708v1_random:0-127682
ForkPoolWorker-15,  processing 45 (45491.4 per sec) reads @ chr5:95000000-100000000
ForkPoolWorker-15 countReadsInRegions_worker: processing 5000000 (7158886.1 per sec) @ chr5:95000000-100000000
ForkPoolWorker-15,  processing 0 (0.0 per sec) reads @ chrUn_KI270591v1:0-5796
ForkPoolWorker-15 countReadsInRegions_worker: processing 5796 (675095.4 per sec) @ chrUn_KI270591v1:0-5796
ForkPoolWorker-15,  processing 327 (72399.6 per sec) reads @ chr7:5000000-10000000
ForkPoolWorker-15 countReadsInRegions_worker: processing 5000000 (7138684.3 per sec) @ chr7:5000000-10000000
ForkPoolWorker-15,  processing 317 (71207.9 per sec) reads @ chr1:40000000-45000000
ForkPoolWorker-15 countReadsInRegions_worker: processing 5000000 (7124291.4 per sec) @ chr1:40000000-45000000
ForkPoolWorker-15,  processing 18 (24229.0 per sec) reads @ chr5:115000000-120000000
ForkPoolWorker-15 countReadsInRegions_worker: processing 5000000 (7155986.5 per sec) @ chr5:115000000-120000000
ForkPoolWorker-39,  processing 63 (1019.3 per sec) reads @ chr10:110000000-115000000
ForkPoolWorker-39 countReadsInRegions_worker: processing 5000000 (6412971.6 per sec) @ chr10:110000000-115000000
ForkPoolWorker-39,  processing 47 (35615.6 per sec) reads @ chr6:145000000-150000000
ForkPoolWorker-39 countReadsInRegions_worker: processing 5000000 (6977913.9 per sec) @ chr6:145000000-150000000
ForkPoolWorker-39,  processing 137 (59257.5 per sec) reads @ chr11:45000000-50000000
ForkPoolWorker-39 countReadsInRegions_worker: processing 5000000 (7142479.6 per sec) @ chr11:45000000-50000000
ForkPoolWorker-39,  processing 740 (80194.9 per sec) reads @ chr17:75000000-80000000
ForkPoolWorker-39 countReadsInRegions_worker: processing 5000000 (7075597.8 per sec) @ chr17:75000000-80000000
ForkPoolWorker-39,  processing 0 (0.0 per sec) reads @ chrUn_KI270587v1:0-2969
ForkPoolWorker-39 countReadsInRegions_worker: processing 2969 (359993.3 per sec) @ chrUn_KI270587v1:0-2969
ForkPoolWorker-39,  processing 0 (0.0 per sec) reads @ chrUn_KI270312v1:0-998
ForkPoolWorker-39 countReadsInRegions_worker: processing 998 (133305.2 per sec) @ chrUn_KI270312v1:0-998
ForkPoolWorker-39,  processing 161 (61624.7 per sec) reads @ chrX:50000000-55000000
ForkPoolWorker-39 countReadsInRegions_worker: processing 5000000 (7178003.3 per sec) @ chrX:50000000-55000000
ForkPoolWorker-39,  processing 61 (48110.7 per sec) reads @ chr2:40000000-45000000
ForkPoolWorker-39 countReadsInRegions_worker: processing 5000000 (7175549.7 per sec) @ chr2:40000000-45000000
ForkPoolWorker-39,  processing 0 (0.0 per sec) reads @ chrUn_KI270414v1:0-2489
ForkPoolWorker-39 countReadsInRegions_worker: processing 2489 (304229.1 per sec) @ chrUn_KI270414v1:0-2489
ForkPoolWorker-39,  processing 0 (0.0 per sec) reads @ chrUn_KI270754v1:0-40191
ForkPoolWorker-39 countReadsInRegions_worker: processing 40191 (3254561.6 per sec) @ chrUn_KI270754v1:0-40191
ForkPoolWorker-39,  processing 695 (74647.0 per sec) reads @ chr17:5000000-10000000
ForkPoolWorker-39 countReadsInRegions_worker: processing 5000000 (7106694.0 per sec) @ chr17:5000000-10000000
ForkPoolWorker-39,  processing 39 (33727.4 per sec) reads @ chr1:65000000-70000000
ForkPoolWorker-39 countReadsInRegions_worker: processing 5000000 (7205546.6 per sec) @ chr1:65000000-70000000
ForkPoolWorker-39,  processing 520 (90402.0 per sec) reads @ chrM:0-16569
ForkPoolWorker-39 countReadsInRegions_worker: processing 16569 (1084290.4 per sec) @ chrM:0-16569
ForkPoolWorker-39,  processing 339 (70592.2 per sec) reads @ chr17:15000000-20000000
ForkPoolWorker-39 countReadsInRegions_worker: processing 5000000 (7161991.0 per sec) @ chr17:15000000-20000000
ForkPoolWorker-39,  processing 93 (52776.4 per sec) reads @ chr17:70000000-75000000
ForkPoolWorker-39 countReadsInRegions_worker: processing 5000000 (7203024.7 per sec) @ chr17:70000000-75000000
ForkPoolWorker-39,  processing 109 (52153.7 per sec) reads @ chr2:130000000-135000000
ForkPoolWorker-39 countReadsInRegions_worker: processing 5000000 (7183279.6 per sec) @ chr2:130000000-135000000
ForkPoolWorker-29,  processing 136 (2186.6 per sec) reads @ chr8:35000000-40000000
ForkPoolWorker-29 countReadsInRegions_worker: processing 5000000 (6118728.6 per sec) @ chr8:35000000-40000000
ForkPoolWorker-29,  processing 1 (1258.8 per sec) reads @ chr3_GL000221v1_random:0-155397
ForkPoolWorker-29 countReadsInRegions_worker: processing 155397 (4652330.9 per sec) @ chr3_GL000221v1_random:0-155397
ForkPoolWorker-29,  processing 54 (38486.4 per sec) reads @ chr18:5000000-10000000
ForkPoolWorker-29 countReadsInRegions_worker: processing 5000000 (6953862.1 per sec) @ chr18:5000000-10000000
ForkPoolWorker-29,  processing 0 (0.0 per sec) reads @ chrUn_KI270412v1:0-1179
ForkPoolWorker-29 countReadsInRegions_worker: processing 1179 (148585.8 per sec) @ chrUn_KI270412v1:0-1179
ForkPoolWorker-29,  processing 111 (63610.8 per sec) reads @ chr4:115000000-120000000
ForkPoolWorker-29 countReadsInRegions_worker: processing 5000000 (6954286.4 per sec) @ chr4:115000000-120000000
ForkPoolWorker-29,  processing 0 (0.0 per sec) reads @ chrUn_KI270511v1:0-8127
ForkPoolWorker-29 countReadsInRegions_worker: processing 8127 (927616.1 per sec) @ chrUn_KI270511v1:0-8127
ForkPoolWorker-29,  processing 146 (59586.3 per sec) reads @ chr22:30000000-35000000
ForkPoolWorker-29 countReadsInRegions_worker: processing 5000000 (6988587.1 per sec) @ chr22:30000000-35000000
ForkPoolWorker-29,  processing 0 (0.0 per sec) reads @ chrUn_KI270336v1:0-1026
ForkPoolWorker-29 countReadsInRegions_worker: processing 1026 (127156.5 per sec) @ chrUn_KI270336v1:0-1026
ForkPoolWorker-29,  processing 71 (47624.4 per sec) reads @ chr2:155000000-160000000
ForkPoolWorker-29 countReadsInRegions_worker: processing 5000000 (7006643.0 per sec) @ chr2:155000000-160000000
ForkPoolWorker-29,  processing 124 (63095.2 per sec) reads @ chr12:95000000-100000000
ForkPoolWorker-29 countReadsInRegions_worker: processing 5000000 (7000638.9 per sec) @ chr12:95000000-100000000
ForkPoolWorker-29,  processing 0 (0.0 per sec) reads @ chr1_KI270710v1_random:0-40176
ForkPoolWorker-29 countReadsInRegions_worker: processing 40176 (3090345.5 per sec) @ chr1_KI270710v1_random:0-40176
ForkPoolWorker-29,  processing 859 (75794.8 per sec) reads @ chr4:0-5000000
ForkPoolWorker-29 countReadsInRegions_worker: processing 5000000 (6907326.3 per sec) @ chr4:0-5000000
ForkPoolWorker-29,  processing 4846 (95230.9 per sec) reads @ chr10:85000000-90000000
ForkPoolWorker-29 countReadsInRegions_worker: processing 5000000 (6492025.2 per sec) @ chr10:85000000-90000000
ForkPoolWorker-29,  processing 13 (17959.8 per sec) reads @ chr6:170000000-170805979
ForkPoolWorker-29 countReadsInRegions_worker: processing 805979 (6550660.9 per sec) @ chr6:170000000-170805979
ForkPoolWorker-29,  processing 123 (59339.7 per sec) reads @ chr1:105000000-110000000
ForkPoolWorker-29 countReadsInRegions_worker: processing 5000000 (6999685.6 per sec) @ chr1:105000000-110000000
ForkPoolWorker-29,  processing 94 (58444.2 per sec) reads @ chr7:50000000-55000000
ForkPoolWorker-29 countReadsInRegions_worker: processing 5000000 (7014981.9 per sec) @ chr7:50000000-55000000
ForkPoolWorker-17,  processing 11 (169.4 per sec) reads @ chr16:35000000-40000000
ForkPoolWorker-17 countReadsInRegions_worker: processing 5000000 (6166363.9 per sec) @ chr16:35000000-40000000
ForkPoolWorker-17,  processing 0 (0.0 per sec) reads @ chr14:5000000-10000000
ForkPoolWorker-17 countReadsInRegions_worker: processing 5000000 (6795117.6 per sec) @ chr14:5000000-10000000
ForkPoolWorker-17,  processing 211 (58120.3 per sec) reads @ chr17:25000000-30000000
ForkPoolWorker-17 countReadsInRegions_worker: processing 5000000 (6983695.2 per sec) @ chr17:25000000-30000000
ForkPoolWorker-17,  processing 0 (0.0 per sec) reads @ chrUn_KI270373v1:0-1451
ForkPoolWorker-17 countReadsInRegions_worker: processing 1451 (174087.8 per sec) @ chrUn_KI270373v1:0-1451
ForkPoolWorker-17,  processing 107 (51138.4 per sec) reads @ chr4:5000000-10000000
ForkPoolWorker-17 countReadsInRegions_worker: processing 5000000 (7103170.0 per sec) @ chr4:5000000-10000000
ForkPoolWorker-17,  processing 227 (65070.2 per sec) reads @ chr1:35000000-40000000
ForkPoolWorker-17 countReadsInRegions_worker: processing 5000000 (7114995.4 per sec) @ chr1:35000000-40000000
ForkPoolWorker-17,  processing 37 (35667.5 per sec) reads @ chr9:80000000-85000000
ForkPoolWorker-17 countReadsInRegions_worker: processing 5000000 (7114515.0 per sec) @ chr9:80000000-85000000
ForkPoolWorker-17,  processing 398 (68898.1 per sec) reads @ chr9:130000000-135000000
ForkPoolWorker-17 countReadsInRegions_worker: processing 5000000 (7076433.4 per sec) @ chr9:130000000-135000000
ForkPoolWorker-17,  processing 3 (5487.5 per sec) reads @ chr5:25000000-30000000
ForkPoolWorker-17 countReadsInRegions_worker: processing 5000000 (7123316.1 per sec) @ chr5:25000000-30000000
ForkPoolWorker-17,  processing 235 (70977.3 per sec) reads @ chr15:85000000-90000000
ForkPoolWorker-17 countReadsInRegions_worker: processing 5000000 (7122626.6 per sec) @ chr15:85000000-90000000
ForkPoolWorker-17,  processing 14 (22058.7 per sec) reads @ chr9:60000000-65000000
ForkPoolWorker-17 countReadsInRegions_worker: processing 5000000 (7089054.0 per sec) @ chr9:60000000-65000000
ForkPoolWorker-17,  processing 26 (30083.3 per sec) reads @ chr4:35000000-40000000
ForkPoolWorker-17 countReadsInRegions_worker: processing 5000000 (7055810.5 per sec) @ chr4:35000000-40000000
ForkPoolWorker-19,  processing 167 (2673.2 per sec) reads @ chr1:170000000-175000000
ForkPoolWorker-19 countReadsInRegions_worker: processing 5000000 (6106319.7 per sec) @ chr1:170000000-175000000
ForkPoolWorker-19,  processing 42 (30932.5 per sec) reads @ chr4:180000000-185000000
ForkPoolWorker-19 countReadsInRegions_worker: processing 5000000 (5658169.9 per sec) @ chr4:180000000-185000000
ForkPoolWorker-19,  processing 12 (11413.1 per sec) reads @ chr9:5000000-10000000
ForkPoolWorker-19 countReadsInRegions_worker: processing 5000000 (7051988.3 per sec) @ chr9:5000000-10000000
ForkPoolWorker-19,  processing 22 (25970.9 per sec) reads @ chr8:85000000-90000000
ForkPoolWorker-19 countReadsInRegions_worker: processing 5000000 (7091849.2 per sec) @ chr8:85000000-90000000
ForkPoolWorker-19,  processing 290 (76480.6 per sec) reads @ chr8:20000000-25000000
ForkPoolWorker-19 countReadsInRegions_worker: processing 5000000 (7084010.9 per sec) @ chr8:20000000-25000000
ForkPoolWorker-19,  processing 26 (24745.2 per sec) reads @ chr8:15000000-20000000
ForkPoolWorker-19 countReadsInRegions_worker: processing 5000000 (7102265.5 per sec) @ chr8:15000000-20000000
ForkPoolWorker-19,  processing 0 (0.0 per sec) reads @ chr22_KI270738v1_random:0-99375
ForkPoolWorker-19 countReadsInRegions_worker: processing 99375 (4511114.8 per sec) @ chr22_KI270738v1_random:0-99375
ForkPoolWorker-19,  processing 122 (58918.3 per sec) reads @ chr2:60000000-65000000
ForkPoolWorker-19 countReadsInRegions_worker: processing 5000000 (7104272.1 per sec) @ chr2:60000000-65000000
ForkPoolWorker-19,  processing 85 (53354.7 per sec) reads @ chr16:50000000-55000000
ForkPoolWorker-19 countReadsInRegions_worker: processing 5000000 (7115292.3 per sec) @ chr16:50000000-55000000
ForkPoolWorker-19,  processing 277 (71620.2 per sec) reads @ chr9:35000000-40000000
ForkPoolWorker-19 countReadsInRegions_worker: processing 5000000 (7109951.5 per sec) @ chr9:35000000-40000000
ForkPoolWorker-19,  processing 30 (33980.3 per sec) reads @ chr3:105000000-110000000
ForkPoolWorker-19 countReadsInRegions_worker: processing 5000000 (7129583.5 per sec) @ chr3:105000000-110000000
ForkPoolWorker-19,  processing 43 (40105.6 per sec) reads @ chr3:20000000-25000000
ForkPoolWorker-19 countReadsInRegions_worker: processing 5000000 (7110816.9 per sec) @ chr3:20000000-25000000
ForkPoolWorker-21,  processing 21 (346.7 per sec) reads @ chr6:95000000-100000000
ForkPoolWorker-21 countReadsInRegions_worker: processing 5000000 (6163118.3 per sec) @ chr6:95000000-100000000
ForkPoolWorker-21,  processing 553 (82873.0 per sec) reads @ chr21:15000000-20000000
ForkPoolWorker-21 countReadsInRegions_worker: processing 5000000 (6740965.1 per sec) @ chr21:15000000-20000000
ForkPoolWorker-21,  processing 0 (0.0 per sec) reads @ chr21:0-5000000
ForkPoolWorker-21 countReadsInRegions_worker: processing 5000000 (6996533.0 per sec) @ chr21:0-5000000
ForkPoolWorker-21,  processing 0 (0.0 per sec) reads @ chr22_KI270736v1_random:0-181920
ForkPoolWorker-21 countReadsInRegions_worker: processing 181920 (5399099.8 per sec) @ chr22_KI270736v1_random:0-181920
ForkPoolWorker-21,  processing 133 (61606.0 per sec) reads @ chr4:20000000-25000000
ForkPoolWorker-21 countReadsInRegions_worker: processing 5000000 (7107375.6 per sec) @ chr4:20000000-25000000
ForkPoolWorker-21,  processing 45 (38996.6 per sec) reads @ chr3:25000000-30000000
ForkPoolWorker-21 countReadsInRegions_worker: processing 5000000 (7118871.8 per sec) @ chr3:25000000-30000000
ForkPoolWorker-21,  processing 0 (0.0 per sec) reads @ chrUn_KI270509v1:0-2318
ForkPoolWorker-21 countReadsInRegions_worker: processing 2318 (280961.6 per sec) @ chrUn_KI270509v1:0-2318
ForkPoolWorker-21,  processing 36 (37412.0 per sec) reads @ chr10:40000000-45000000
ForkPoolWorker-21 countReadsInRegions_worker: processing 5000000 (7104972.5 per sec) @ chr10:40000000-45000000
ForkPoolWorker-21,  processing 1164 (83371.8 per sec) reads @ chrX:115000000-120000000
ForkPoolWorker-21 countReadsInRegions_worker: processing 5000000 (6998048.2 per sec) @ chrX:115000000-120000000
ForkPoolWorker-21,  processing 14 (18796.5 per sec) reads @ chr9:65000000-70000000
ForkPoolWorker-21 countReadsInRegions_worker: processing 5000000 (7124896.5 per sec) @ chr9:65000000-70000000
ForkPoolWorker-21,  processing 0 (0.0 per sec) reads @ chr22_KI270737v1_random:0-103838
ForkPoolWorker-21 countReadsInRegions_worker: processing 103838 (4831042.4 per sec) @ chr22_KI270737v1_random:0-103838
ForkPoolWorker-21,  processing 0 (0.0 per sec) reads @ chrUn_KI270544v1:0-1202
ForkPoolWorker-21 countReadsInRegions_worker: processing 1202 (149397.1 per sec) @ chrUn_KI270544v1:0-1202
ForkPoolWorker-21,  processing 27 (31492.3 per sec) reads @ chr15:20000000-25000000
ForkPoolWorker-21 countReadsInRegions_worker: processing 5000000 (7120218.1 per sec) @ chr15:20000000-25000000
ForkPoolWorker-21,  processing 50 (40976.0 per sec) reads @ chr6:135000000-140000000
ForkPoolWorker-21 countReadsInRegions_worker: processing 5000000 (7118506.9 per sec) @ chr6:135000000-140000000
ForkPoolWorker-21,  processing 265 (84063.7 per sec) reads @ chr3:85000000-90000000
ForkPoolWorker-21 countReadsInRegions_worker: processing 5000000 (7089173.8 per sec) @ chr3:85000000-90000000
ForkPoolWorker-21,  processing 0 (0.0 per sec) reads @ chrUn_KI270423v1:0-981
ForkPoolWorker-21 countReadsInRegions_worker: processing 981 (138819.6 per sec) @ chrUn_KI270423v1:0-981
ForkPoolWorker-3,  processing 115 (1698.3 per sec) reads @ chr9:95000000-100000000
ForkPoolWorker-3 countReadsInRegions_worker: processing 5000000 (6376721.7 per sec) @ chr9:95000000-100000000
ForkPoolWorker-3,  processing 273 (57962.3 per sec) reads @ chr17:45000000-50000000
ForkPoolWorker-3 countReadsInRegions_worker: processing 5000000 (6801826.3 per sec) @ chr17:45000000-50000000
ForkPoolWorker-3,  processing 84 (42229.6 per sec) reads @ chr14:60000000-65000000
ForkPoolWorker-3 countReadsInRegions_worker: processing 5000000 (7010320.2 per sec) @ chr14:60000000-65000000
ForkPoolWorker-3,  processing 250 (66614.3 per sec) reads @ chr10:130000000-133797422
ForkPoolWorker-3 countReadsInRegions_worker: processing 3797422 (6904883.1 per sec) @ chr10:130000000-133797422
ForkPoolWorker-3,  processing 25 (24539.6 per sec) reads @ chr12:70000000-75000000
ForkPoolWorker-3 countReadsInRegions_worker: processing 5000000 (7075387.7 per sec) @ chr12:70000000-75000000
ForkPoolWorker-3,  processing 0 (0.0 per sec) reads @ chrUn_KI270424v1:0-2140
ForkPoolWorker-3 countReadsInRegions_worker: processing 2140 (257474.3 per sec) @ chrUn_KI270424v1:0-2140
ForkPoolWorker-3,  processing 39 (37621.4 per sec) reads @ chr6:160000000-165000000
ForkPoolWorker-3 countReadsInRegions_worker: processing 5000000 (7072765.3 per sec) @ chr6:160000000-165000000
ForkPoolWorker-3,  processing 34 (31164.0 per sec) reads @ chr15:30000000-35000000
ForkPoolWorker-3 countReadsInRegions_worker: processing 5000000 (7061507.8 per sec) @ chr15:30000000-35000000
ForkPoolWorker-3,  processing 871 (76642.4 per sec) reads @ chr19:15000000-20000000
ForkPoolWorker-3 countReadsInRegions_worker: processing 5000000 (6947002.2 per sec) @ chr19:15000000-20000000
ForkPoolWorker-3,  processing 12742 (92401.3 per sec) reads @ chr1:145000000-150000000
ForkPoolWorker-3 countReadsInRegions_worker: processing 5000000 (5884936.9 per sec) @ chr1:145000000-150000000
ForkPoolWorker-3,  processing 84 (45773.9 per sec) reads @ chr1:160000000-165000000
ForkPoolWorker-3 countReadsInRegions_worker: processing 5000000 (7001396.2 per sec) @ chr1:160000000-165000000
ForkPoolWorker-3,  processing 105 (53524.8 per sec) reads @ chr12:105000000-110000000
ForkPoolWorker-3 countReadsInRegions_worker: processing 5000000 (6993229.4 per sec) @ chr12:105000000-110000000
ForkPoolWorker-31,  processing 17 (273.8 per sec) reads @ chr1:95000000-100000000
ForkPoolWorker-31 countReadsInRegions_worker: processing 5000000 (6471856.4 per sec) @ chr1:95000000-100000000
ForkPoolWorker-31,  processing 799 (78708.5 per sec) reads @ chr5:175000000-180000000
ForkPoolWorker-31 countReadsInRegions_worker: processing 5000000 (6660429.1 per sec) @ chr5:175000000-180000000
ForkPoolWorker-31,  processing 0 (0.0 per sec) reads @ chr1_KI270709v1_random:0-66860
ForkPoolWorker-31 countReadsInRegions_worker: processing 66860 (3376451.3 per sec) @ chr1_KI270709v1_random:0-66860
ForkPoolWorker-31,  processing 19 (21602.5 per sec) reads @ chr11:35000000-40000000
ForkPoolWorker-31 countReadsInRegions_worker: processing 5000000 (7151786.6 per sec) @ chr11:35000000-40000000
ForkPoolWorker-31,  processing 0 (0.0 per sec) reads @ chrUn_KI270333v1:0-2699
ForkPoolWorker-31 countReadsInRegions_worker: processing 2699 (323996.2 per sec) @ chrUn_KI270333v1:0-2699
ForkPoolWorker-31,  processing 61 (47494.4 per sec) reads @ chr6:20000000-25000000
ForkPoolWorker-31 countReadsInRegions_worker: processing 5000000 (7131561.8 per sec) @ chr6:20000000-25000000
ForkPoolWorker-31,  processing 32 (32680.2 per sec) reads @ chr5:35000000-40000000
ForkPoolWorker-31 countReadsInRegions_worker: processing 5000000 (7116832.8 per sec) @ chr5:35000000-40000000
ForkPoolWorker-31,  processing 33 (33833.3 per sec) reads @ chr5:65000000-70000000
ForkPoolWorker-31 countReadsInRegions_worker: processing 5000000 (7090595.1 per sec) @ chr5:65000000-70000000
ForkPoolWorker-31,  processing 317 (61962.6 per sec) reads @ chr12:55000000-60000000
ForkPoolWorker-31 countReadsInRegions_worker: processing 5000000 (7065580.8 per sec) @ chr12:55000000-60000000
ForkPoolWorker-31,  processing 13 (18334.2 per sec) reads @ chr4:60000000-65000000
ForkPoolWorker-31 countReadsInRegions_worker: processing 5000000 (7125547.7 per sec) @ chr4:60000000-65000000
ForkPoolWorker-31,  processing 0 (0.0 per sec) reads @ chr14:0-5000000
ForkPoolWorker-31 countReadsInRegions_worker: processing 5000000 (7136711.7 per sec) @ chr14:0-5000000
ForkPoolWorker-31,  processing 0 (0.0 per sec) reads @ chr22_KI270734v1_random:0-165050
ForkPoolWorker-31 countReadsInRegions_worker: processing 165050 (5349389.7 per sec) @ chr22_KI270734v1_random:0-165050
ForkPoolWorker-31,  processing 0 (0.0 per sec) reads @ chrUn_KI270419v1:0-1029
ForkPoolWorker-31 countReadsInRegions_worker: processing 1029 (128347.4 per sec) @ chrUn_KI270419v1:0-1029
ForkPoolWorker-31,  processing 0 (0.0 per sec) reads @ chrUn_KI270379v1:0-1045
ForkPoolWorker-31 countReadsInRegions_worker: processing 1045 (138393.1 per sec) @ chrUn_KI270379v1:0-1045
ForkPoolWorker-31,  processing 73 (48786.5 per sec) reads @ chr3:40000000-45000000
ForkPoolWorker-31 countReadsInRegions_worker: processing 5000000 (7117443.9 per sec) @ chr3:40000000-45000000
ForkPoolWorker-31,  processing 73 (46370.5 per sec) reads @ chr8:40000000-45000000
ForkPoolWorker-31 countReadsInRegions_worker: processing 5000000 (7091961.9 per sec) @ chr8:40000000-45000000
ForkPoolWorker-10,  processing 16 (243.3 per sec) reads @ chr2:140000000-145000000
ForkPoolWorker-10 countReadsInRegions_worker: processing 5000000 (6458655.7 per sec) @ chr2:140000000-145000000
ForkPoolWorker-10,  processing 32 (21714.6 per sec) reads @ chr7:110000000-115000000
ForkPoolWorker-10 countReadsInRegions_worker: processing 5000000 (6877313.0 per sec) @ chr7:110000000-115000000
ForkPoolWorker-10,  processing 66 (45545.3 per sec) reads @ chr4:75000000-80000000
ForkPoolWorker-10 countReadsInRegions_worker: processing 5000000 (6958931.7 per sec) @ chr4:75000000-80000000
ForkPoolWorker-10,  processing 711 (75030.2 per sec) reads @ chr17:0-5000000
ForkPoolWorker-10 countReadsInRegions_worker: processing 5000000 (6869862.7 per sec) @ chr17:0-5000000
ForkPoolWorker-10,  processing 30 (28474.6 per sec) reads @ chr5:60000000-65000000
ForkPoolWorker-10 countReadsInRegions_worker: processing 5000000 (7001150.7 per sec) @ chr5:60000000-65000000
ForkPoolWorker-10,  processing 9 (13510.6 per sec) reads @ chr5:15000000-20000000
ForkPoolWorker-10 countReadsInRegions_worker: processing 5000000 (7006128.0 per sec) @ chr5:15000000-20000000
ForkPoolWorker-10,  processing 70 (42039.1 per sec) reads @ chr6:125000000-130000000
ForkPoolWorker-10 countReadsInRegions_worker: processing 5000000 (7007270.4 per sec) @ chr6:125000000-130000000
ForkPoolWorker-10,  processing 100 (55961.4 per sec) reads @ chr2:20000000-25000000
ForkPoolWorker-10 countReadsInRegions_worker: processing 5000000 (6989945.1 per sec) @ chr2:20000000-25000000
ForkPoolWorker-10,  processing 18 (21851.7 per sec) reads @ chr8:0-5000000
ForkPoolWorker-10 countReadsInRegions_worker: processing 5000000 (7014742.6 per sec) @ chr8:0-5000000
ForkPoolWorker-10,  processing 17 (22219.7 per sec) reads @ chr11:80000000-85000000
ForkPoolWorker-10 countReadsInRegions_worker: processing 5000000 (7001814.6 per sec) @ chr11:80000000-85000000
ForkPoolWorker-10,  processing 0 (0.0 per sec) reads @ chrUn_KI270329v1:0-1040
ForkPoolWorker-10 countReadsInRegions_worker: processing 1040 (134565.5 per sec) @ chrUn_KI270329v1:0-1040
ForkPoolWorker-10,  processing 12 (19291.5 per sec) reads @ chr13:85000000-90000000
ForkPoolWorker-10 countReadsInRegions_worker: processing 5000000 (6988570.8 per sec) @ chr13:85000000-90000000
ForkPoolWorker-41,  processing 0 (0.0 per sec) reads @ chrUn_KI270522v1:0-5674
ForkPoolWorker-41 countReadsInRegions_worker: processing 5674 (123958.8 per sec) @ chrUn_KI270522v1:0-5674
ForkPoolWorker-41,  processing 1 (359.0 per sec) reads @ chr14_GL000009v2_random:0-201709
ForkPoolWorker-41 countReadsInRegions_worker: processing 201709 (5607036.2 per sec) @ chr14_GL000009v2_random:0-201709
ForkPoolWorker-41,  processing 62 (39994.9 per sec) reads @ chr1:175000000-180000000
ForkPoolWorker-41 countReadsInRegions_worker: processing 5000000 (7560072.4 per sec) @ chr1:175000000-180000000
ForkPoolWorker-41,  processing 239 (59078.2 per sec) reads @ chr12:50000000-55000000
ForkPoolWorker-41 countReadsInRegions_worker: processing 5000000 (6680711.0 per sec) @ chr12:50000000-55000000
ForkPoolWorker-41,  processing 0 (0.0 per sec) reads @ chrUn_KI270590v1:0-4685
ForkPoolWorker-41 countReadsInRegions_worker: processing 4685 (470159.5 per sec) @ chrUn_KI270590v1:0-4685
ForkPoolWorker-41,  processing 437 (70927.6 per sec) reads @ chr19:55000000-58617616
ForkPoolWorker-41 countReadsInRegions_worker: processing 3617616 (6820784.7 per sec) @ chr19:55000000-58617616
ForkPoolWorker-41,  processing 372 (69677.2 per sec) reads @ chr16:65000000-70000000
ForkPoolWorker-41 countReadsInRegions_worker: processing 5000000 (7010097.6 per sec) @ chr16:65000000-70000000
ForkPoolWorker-41,  processing 503 (72016.9 per sec) reads @ chr9:125000000-130000000
ForkPoolWorker-41 countReadsInRegions_worker: processing 5000000 (6980582.6 per sec) @ chr9:125000000-130000000
ForkPoolWorker-41,  processing 20 (25312.6 per sec) reads @ chr12:80000000-85000000
ForkPoolWorker-41 countReadsInRegions_worker: processing 5000000 (7048468.6 per sec) @ chr12:80000000-85000000
ForkPoolWorker-41,  processing 7 (11240.5 per sec) reads @ chr18:40000000-45000000
ForkPoolWorker-41 countReadsInRegions_worker: processing 5000000 (7056385.1 per sec) @ chr18:40000000-45000000
ForkPoolWorker-41,  processing 0 (0.0 per sec) reads @ chrUn_KI270382v1:0-4215
ForkPoolWorker-41 countReadsInRegions_worker: processing 4215 (492341.3 per sec) @ chrUn_KI270382v1:0-4215
ForkPoolWorker-41,  processing 8 (12816.8 per sec) reads @ chr6:45000000-50000000
ForkPoolWorker-41 countReadsInRegions_worker: processing 5000000 (7059090.4 per sec) @ chr6:45000000-50000000
ForkPoolWorker-41,  processing 36 (35082.5 per sec) reads @ chr15:50000000-55000000
ForkPoolWorker-41 countReadsInRegions_worker: processing 5000000 (7052474.4 per sec) @ chr15:50000000-55000000
ForkPoolWorker-41,  processing 74 (48955.6 per sec) reads @ chr2:0-5000000
ForkPoolWorker-41 countReadsInRegions_worker: processing 5000000 (7040959.8 per sec) @ chr2:0-5000000
ForkPoolWorker-41,  processing 0 (0.0 per sec) reads @ chrUn_KI270389v1:0-1298
ForkPoolWorker-41 countReadsInRegions_worker: processing 1298 (161693.1 per sec) @ chrUn_KI270389v1:0-1298
ForkPoolWorker-41,  processing 44 (42908.5 per sec) reads @ chr5:110000000-115000000
ForkPoolWorker-41 countReadsInRegions_worker: processing 5000000 (7036143.1 per sec) @ chr5:110000000-115000000
ForkPoolWorker-32,  processing 105 (1664.2 per sec) reads @ chr16:75000000-80000000
ForkPoolWorker-32 countReadsInRegions_worker: processing 5000000 (6152430.8 per sec) @ chr16:75000000-80000000
ForkPoolWorker-32,  processing 1 (1814.9 per sec) reads @ chr3:90000000-95000000
ForkPoolWorker-32 countReadsInRegions_worker: processing 5000000 (6980357.2 per sec) @ chr3:90000000-95000000
ForkPoolWorker-32,  processing 0 (0.0 per sec) reads @ chrUn_KI270468v1:0-4055
ForkPoolWorker-32 countReadsInRegions_worker: processing 4055 (356283.4 per sec) @ chrUn_KI270468v1:0-4055
ForkPoolWorker-32,  processing 566 (70544.9 per sec) reads @ chr17:40000000-45000000
ForkPoolWorker-32 countReadsInRegions_worker: processing 5000000 (7107927.3 per sec) @ chr17:40000000-45000000
ForkPoolWorker-32,  processing 0 (0.0 per sec) reads @ chr9_KI270718v1_random:0-38054
ForkPoolWorker-32 countReadsInRegions_worker: processing 38054 (3040249.2 per sec) @ chr9_KI270718v1_random:0-38054
ForkPoolWorker-32,  processing 11 (15231.9 per sec) reads @ chr4:90000000-95000000
ForkPoolWorker-32 countReadsInRegions_worker: processing 5000000 (7127395.4 per sec) @ chr4:90000000-95000000
ForkPoolWorker-32,  processing 31 (30514.8 per sec) reads @ chr11:110000000-115000000
ForkPoolWorker-32 countReadsInRegions_worker: processing 5000000 (7145935.5 per sec) @ chr11:110000000-115000000
ForkPoolWorker-32,  processing 0 (0.0 per sec) reads @ chrUn_KI270375v1:0-2378
ForkPoolWorker-32 countReadsInRegions_worker: processing 2378 (287130.6 per sec) @ chrUn_KI270375v1:0-2378
ForkPoolWorker-32,  processing 43 (37921.6 per sec) reads @ chr3:100000000-105000000
ForkPoolWorker-32 countReadsInRegions_worker: processing 5000000 (7113827.2 per sec) @ chr3:100000000-105000000
ForkPoolWorker-32,  processing 12 (18342.4 per sec) reads @ chr19:25000000-30000000
ForkPoolWorker-32 countReadsInRegions_worker: processing 5000000 (7136753.0 per sec) @ chr19:25000000-30000000
ForkPoolWorker-32,  processing 0 (0.0 per sec) reads @ chr16:40000000-45000000
ForkPoolWorker-32 countReadsInRegions_worker: processing 5000000 (7130885.3 per sec) @ chr16:40000000-45000000
ForkPoolWorker-32,  processing 0 (0.0 per sec) reads @ chr2_KI270716v1_random:0-153799
ForkPoolWorker-32 countReadsInRegions_worker: processing 153799 (5219218.6 per sec) @ chr2_KI270716v1_random:0-153799
ForkPoolWorker-32,  processing 75 (45729.4 per sec) reads @ chr3:55000000-60000000
ForkPoolWorker-32 countReadsInRegions_worker: processing 5000000 (6983034.8 per sec) @ chr3:55000000-60000000
ForkPoolWorker-32,  processing 0 (0.0 per sec) reads @ chrUn_KI270381v1:0-1930
ForkPoolWorker-32 countReadsInRegions_worker: processing 1930 (231577.0 per sec) @ chrUn_KI270381v1:0-1930
ForkPoolWorker-32,  processing 85 (53029.3 per sec) reads @ chr13:25000000-30000000
ForkPoolWorker-32 countReadsInRegions_worker: processing 5000000 (7072569.7 per sec) @ chr13:25000000-30000000
ForkPoolWorker-32,  processing 11 (15466.8 per sec) reads @ chr4:185000000-190000000
ForkPoolWorker-32 countReadsInRegions_worker: processing 5000000 (7086486.0 per sec) @ chr4:185000000-190000000
ForkPoolWorker-18,  processing 0 (0.0 per sec) reads @ chrUn_KI270335v1:0-1048
ForkPoolWorker-18 countReadsInRegions_worker: processing 1048 (21155.4 per sec) @ chrUn_KI270335v1:0-1048
ForkPoolWorker-18,  processing 25 (6982.6 per sec) reads @ chr6:70000000-75000000
ForkPoolWorker-18 countReadsInRegions_worker: processing 5000000 (6633034.7 per sec) @ chr6:70000000-75000000
ForkPoolWorker-18,  processing 0 (0.0 per sec) reads @ chr9_KI270717v1_random:0-40062
ForkPoolWorker-18 countReadsInRegions_worker: processing 40062 (1701523.0 per sec) @ chr9_KI270717v1_random:0-40062
ForkPoolWorker-18,  processing 223 (66026.4 per sec) reads @ chr5:145000000-150000000
ForkPoolWorker-18 countReadsInRegions_worker: processing 5000000 (5243684.9 per sec) @ chr5:145000000-150000000
ForkPoolWorker-18,  processing 73 (34546.3 per sec) reads @ chr10:75000000-80000000
ForkPoolWorker-18 countReadsInRegions_worker: processing 5000000 (7126472.6 per sec) @ chr10:75000000-80000000
ForkPoolWorker-18,  processing 92 (45301.2 per sec) reads @ chr4:100000000-105000000
ForkPoolWorker-18 countReadsInRegions_worker: processing 5000000 (7095681.2 per sec) @ chr4:100000000-105000000
ForkPoolWorker-18,  processing 541 (56883.0 per sec) reads @ chr19:35000000-40000000
ForkPoolWorker-18 countReadsInRegions_worker: processing 5000000 (7024608.8 per sec) @ chr19:35000000-40000000
ForkPoolWorker-18,  processing 0 (0.0 per sec) reads @ chrUn_KI270583v1:0-1400
ForkPoolWorker-18 countReadsInRegions_worker: processing 1400 (172190.1 per sec) @ chrUn_KI270583v1:0-1400
ForkPoolWorker-18,  processing 0 (0.0 per sec) reads @ chrUn_KI270371v1:0-2805
ForkPoolWorker-18 countReadsInRegions_worker: processing 2805 (336913.6 per sec) @ chrUn_KI270371v1:0-2805
ForkPoolWorker-18,  processing 42 (29726.8 per sec) reads @ chr7:45000000-50000000
ForkPoolWorker-18 countReadsInRegions_worker: processing 5000000 (7078848.3 per sec) @ chr7:45000000-50000000
ForkPoolWorker-18,  processing 17 (19551.2 per sec) reads @ chr14:80000000-85000000
ForkPoolWorker-18 countReadsInRegions_worker: processing 5000000 (7082159.3 per sec) @ chr14:80000000-85000000
ForkPoolWorker-18,  processing 19 (20518.0 per sec) reads @ chr8:60000000-65000000
ForkPoolWorker-18 countReadsInRegions_worker: processing 5000000 (7086193.9 per sec) @ chr8:60000000-65000000
ForkPoolWorker-18,  processing 1102 (63086.9 per sec) reads @ chr6:10000000-15000000
ForkPoolWorker-18 countReadsInRegions_worker: processing 5000000 (6880997.9 per sec) @ chr6:10000000-15000000
ForkPoolWorker-18,  processing 0 (0.0 per sec) reads @ chrUn_KI270435v1:0-92983
ForkPoolWorker-18 countReadsInRegions_worker: processing 92983 (4225569.8 per sec) @ chrUn_KI270435v1:0-92983
ForkPoolWorker-18,  processing 33 (28121.1 per sec) reads @ chr9:15000000-20000000
ForkPoolWorker-18 countReadsInRegions_worker: processing 5000000 (7057855.1 per sec) @ chr9:15000000-20000000
ForkPoolWorker-18,  processing 50 (31760.6 per sec) reads @ chr5:80000000-85000000
ForkPoolWorker-18 countReadsInRegions_worker: processing 5000000 (7072216.7 per sec) @ chr5:80000000-85000000
ForkPoolWorker-1,  processing 32 (477.4 per sec) reads @ chr12:20000000-25000000
ForkPoolWorker-1 countReadsInRegions_worker: processing 5000000 (6359347.8 per sec) @ chr12:20000000-25000000
ForkPoolWorker-1,  processing 148 (48843.9 per sec) reads @ chr15:40000000-45000000
ForkPoolWorker-1 countReadsInRegions_worker: processing 5000000 (6818835.7 per sec) @ chr15:40000000-45000000
ForkPoolWorker-1,  processing 283 (70327.5 per sec) reads @ chr6:25000000-30000000
ForkPoolWorker-1 countReadsInRegions_worker: processing 5000000 (6905638.7 per sec) @ chr6:25000000-30000000
ForkPoolWorker-1,  processing 0 (0.0 per sec) reads @ chrUn_KI270394v1:0-970
ForkPoolWorker-1 countReadsInRegions_worker: processing 970 (128700.3 per sec) @ chrUn_KI270394v1:0-970
ForkPoolWorker-1,  processing 34 (29771.7 per sec) reads @ chr11:15000000-20000000
ForkPoolWorker-1 countReadsInRegions_worker: processing 5000000 (7007888.6 per sec) @ chr11:15000000-20000000
ForkPoolWorker-1,  processing 86 (45630.6 per sec) reads @ chr2:30000000-35000000
ForkPoolWorker-1 countReadsInRegions_worker: processing 5000000 (6978629.0 per sec) @ chr2:30000000-35000000
ForkPoolWorker-1,  processing 262 (66527.9 per sec) reads @ chr22:45000000-50000000
ForkPoolWorker-1 countReadsInRegions_worker: processing 5000000 (6972422.5 per sec) @ chr22:45000000-50000000
ForkPoolWorker-1,  processing 0 (0.0 per sec) reads @ chrY:30000000-35000000
ForkPoolWorker-1 countReadsInRegions_worker: processing 5000000 (7015981.7 per sec) @ chrY:30000000-35000000
ForkPoolWorker-1,  processing 61 (44104.9 per sec) reads @ chr18:50000000-55000000
ForkPoolWorker-1 countReadsInRegions_worker: processing 5000000 (7015195.5 per sec) @ chr18:50000000-55000000
ForkPoolWorker-1,  processing 44 (37237.6 per sec) reads @ chr3:60000000-65000000
ForkPoolWorker-1 countReadsInRegions_worker: processing 5000000 (7000279.1 per sec) @ chr3:60000000-65000000
ForkPoolWorker-1,  processing 71 (42222.5 per sec) reads @ chr10:20000000-25000000
ForkPoolWorker-1 countReadsInRegions_worker: processing 5000000 (7018888.7 per sec) @ chr10:20000000-25000000
ForkPoolWorker-1,  processing 641 (71947.9 per sec) reads @ chr11:60000000-65000000
ForkPoolWorker-1 countReadsInRegions_worker: processing 5000000 (6924584.6 per sec) @ chr11:60000000-65000000
ForkPoolWorker-45,  processing 54 (891.0 per sec) reads @ chr3:30000000-35000000
ForkPoolWorker-45 countReadsInRegions_worker: processing 5000000 (6412402.9 per sec) @ chr3:30000000-35000000
ForkPoolWorker-45,  processing 0 (0.0 per sec) reads @ chrUn_KI270411v1:0-2646
ForkPoolWorker-45 countReadsInRegions_worker: processing 2646 (346156.7 per sec) @ chrUn_KI270411v1:0-2646
ForkPoolWorker-45,  processing 14 (19797.8 per sec) reads @ chr4:25000000-30000000
ForkPoolWorker-45 countReadsInRegions_worker: processing 5000000 (7033474.2 per sec) @ chr4:25000000-30000000
ForkPoolWorker-45,  processing 0 (0.0 per sec) reads @ chrUn_KI270582v1:0-6504
ForkPoolWorker-45 countReadsInRegions_worker: processing 6504 (783675.8 per sec) @ chrUn_KI270582v1:0-6504
ForkPoolWorker-45,  processing 23 (30260.0 per sec) reads @ chrX:110000000-115000000
ForkPoolWorker-45 countReadsInRegions_worker: processing 5000000 (7142686.4 per sec) @ chrX:110000000-115000000
ForkPoolWorker-45,  processing 1713 (84100.1 per sec) reads @ chr17:80000000-83257441
ForkPoolWorker-45 countReadsInRegions_worker: processing 3257441 (6860475.1 per sec) @ chr17:80000000-83257441
ForkPoolWorker-45,  processing 85 (53773.1 per sec) reads @ chr14:95000000-100000000
ForkPoolWorker-45 countReadsInRegions_worker: processing 5000000 (7235855.2 per sec) @ chr14:95000000-100000000
ForkPoolWorker-45,  processing 56 (42861.5 per sec) reads @ chr14:50000000-55000000
ForkPoolWorker-45 countReadsInRegions_worker: processing 5000000 (7199787.7 per sec) @ chr14:50000000-55000000
ForkPoolWorker-45,  processing 0 (0.0 per sec) reads @ chrUn_KI270366v1:0-8320
ForkPoolWorker-45 countReadsInRegions_worker: processing 8320 (918718.7 per sec) @ chrUn_KI270366v1:0-8320
ForkPoolWorker-45,  processing 32 (35237.0 per sec) reads @ chr20:20000000-25000000
ForkPoolWorker-45 countReadsInRegions_worker: processing 5000000 (7202658.6 per sec) @ chr20:20000000-25000000
ForkPoolWorker-45,  processing 0 (0.0 per sec) reads @ chrUn_KI270510v1:0-2415
ForkPoolWorker-45 countReadsInRegions_worker: processing 2415 (286242.0 per sec) @ chrUn_KI270510v1:0-2415
ForkPoolWorker-45,  processing 121 (56730.5 per sec) reads @ chr14:65000000-70000000
ForkPoolWorker-45 countReadsInRegions_worker: processing 5000000 (7173026.7 per sec) @ chr14:65000000-70000000
ForkPoolWorker-45,  processing 35 (32413.5 per sec) reads @ chr4:40000000-45000000
ForkPoolWorker-45 countReadsInRegions_worker: processing 5000000 (7162397.0 per sec) @ chr4:40000000-45000000
ForkPoolWorker-45,  processing 1218 (86904.2 per sec) reads @ chr1:25000000-30000000
ForkPoolWorker-45 countReadsInRegions_worker: processing 5000000 (7041558.0 per sec) @ chr1:25000000-30000000
ForkPoolWorker-45,  processing 68 (46902.3 per sec) reads @ chr13:45000000-50000000
ForkPoolWorker-45 countReadsInRegions_worker: processing 5000000 (7182155.3 per sec) @ chr13:45000000-50000000
ForkPoolWorker-45,  processing 49 (43561.0 per sec) reads @ chr3:135000000-140000000
ForkPoolWorker-45 countReadsInRegions_worker: processing 5000000 (7506737.5 per sec) @ chr3:135000000-140000000
ForkPoolWorker-22,  processing 0 (0.0 per sec) reads @ chrUn_KI270442v1:0-392061
ForkPoolWorker-22 countReadsInRegions_worker: processing 392061 (4013127.2 per sec) @ chrUn_KI270442v1:0-392061
ForkPoolWorker-22,  processing 94 (49357.1 per sec) reads @ chr3:195000000-198295559
ForkPoolWorker-22 countReadsInRegions_worker: processing 3295559 (7324468.8 per sec) @ chr3:195000000-198295559
ForkPoolWorker-22,  processing 28 (28149.7 per sec) reads @ chr3:115000000-120000000
ForkPoolWorker-22 countReadsInRegions_worker: processing 5000000 (7213854.8 per sec) @ chr3:115000000-120000000
ForkPoolWorker-22,  processing 161 (56315.8 per sec) reads @ chr7:70000000-75000000
ForkPoolWorker-22 countReadsInRegions_worker: processing 5000000 (7182207.0 per sec) @ chr7:70000000-75000000
ForkPoolWorker-22,  processing 442 (91059.6 per sec) reads @ chr4:65000000-70000000
ForkPoolWorker-22 countReadsInRegions_worker: processing 5000000 (7162022.8 per sec) @ chr4:65000000-70000000
ForkPoolWorker-22,  processing 13 (20202.3 per sec) reads @ chr14:15000000-20000000
ForkPoolWorker-22 countReadsInRegions_worker: processing 5000000 (7196953.7 per sec) @ chr14:15000000-20000000
ForkPoolWorker-22,  processing 43 (41101.9 per sec) reads @ chr1:70000000-75000000
ForkPoolWorker-22 countReadsInRegions_worker: processing 5000000 (7204744.5 per sec) @ chr1:70000000-75000000
ForkPoolWorker-22,  processing 280 (69204.8 per sec) reads @ chr15:70000000-75000000
ForkPoolWorker-22 countReadsInRegions_worker: processing 5000000 (7159814.8 per sec) @ chr15:70000000-75000000
ForkPoolWorker-22,  processing 32 (34178.2 per sec) reads @ chr4:50000000-55000000
ForkPoolWorker-22 countReadsInRegions_worker: processing 5000000 (7200531.8 per sec) @ chr4:50000000-55000000
ForkPoolWorker-22,  processing 181 (61317.3 per sec) reads @ chr20:35000000-40000000
ForkPoolWorker-22 countReadsInRegions_worker: processing 5000000 (7146137.6 per sec) @ chr20:35000000-40000000
ForkPoolWorker-22,  processing 55 (42640.8 per sec) reads @ chr20:50000000-55000000
ForkPoolWorker-22 countReadsInRegions_worker: processing 5000000 (7129762.8 per sec) @ chr20:50000000-55000000
ForkPoolWorker-22,  processing 0 (0.0 per sec) reads @ chrUn_KI270515v1:0-6361
ForkPoolWorker-22 countReadsInRegions_worker: processing 6361 (710404.9 per sec) @ chrUn_KI270515v1:0-6361
ForkPoolWorker-22,  processing 0 (0.0 per sec) reads @ chrUn_KI270364v1:0-2855
ForkPoolWorker-22 countReadsInRegions_worker: processing 2855 (352581.9 per sec) @ chrUn_KI270364v1:0-2855
ForkPoolWorker-22,  processing 6 (10420.6 per sec) reads @ chrX:85000000-90000000
ForkPoolWorker-22 countReadsInRegions_worker: processing 5000000 (7140507.3 per sec) @ chrX:85000000-90000000
ForkPoolWorker-22,  processing 0 (0.0 per sec) reads @ chr11:135000000-135086622
ForkPoolWorker-22 countReadsInRegions_worker: processing 86622 (4534685.5 per sec) @ chr11:135000000-135086622
ForkPoolWorker-22,  processing 48 (39337.0 per sec) reads @ chr3:170000000-175000000
ForkPoolWorker-22 countReadsInRegions_worker: processing 5000000 (7468928.9 per sec) @ chr3:170000000-175000000
ForkPoolWorker-26,  processing 68 (1067.2 per sec) reads @ chr8:10000000-15000000
ForkPoolWorker-26 countReadsInRegions_worker: processing 5000000 (6404585.3 per sec) @ chr8:10000000-15000000
ForkPoolWorker-26,  processing 813 (67841.2 per sec) reads @ chr11:65000000-70000000
ForkPoolWorker-26 countReadsInRegions_worker: processing 5000000 (6622191.4 per sec) @ chr11:65000000-70000000
ForkPoolWorker-26,  processing 0 (0.0 per sec) reads @ chrUn_KI270396v1:0-1880
ForkPoolWorker-26 countReadsInRegions_worker: processing 1880 (210752.1 per sec) @ chrUn_KI270396v1:0-1880
ForkPoolWorker-26,  processing 66 (40212.7 per sec) reads @ chr11:130000000-135000000
ForkPoolWorker-26 countReadsInRegions_worker: processing 5000000 (6934891.2 per sec) @ chr11:130000000-135000000
ForkPoolWorker-26,  processing 57 (44044.8 per sec) reads @ chr11:75000000-80000000
ForkPoolWorker-26 countReadsInRegions_worker: processing 5000000 (6955679.6 per sec) @ chr11:75000000-80000000
ForkPoolWorker-26,  processing 0 (0.0 per sec) reads @ chrUn_KI270745v1:0-41891
ForkPoolWorker-26 countReadsInRegions_worker: processing 41891 (3072708.0 per sec) @ chrUn_KI270745v1:0-41891
ForkPoolWorker-26,  processing 45 (37779.0 per sec) reads @ chr12:10000000-15000000
ForkPoolWorker-26 countReadsInRegions_worker: processing 5000000 (7006933.3 per sec) @ chr12:10000000-15000000
ForkPoolWorker-26,  processing 0 (0.0 per sec) reads @ chr22_KI270731v1_random:0-150754
ForkPoolWorker-26 countReadsInRegions_worker: processing 150754 (5098148.8 per sec) @ chr22_KI270731v1_random:0-150754
ForkPoolWorker-26,  processing 0 (0.0 per sec) reads @ chr4:190000000-190214555
ForkPoolWorker-26 countReadsInRegions_worker: processing 214555 (5622181.7 per sec) @ chr4:190000000-190214555
ForkPoolWorker-26,  processing 7 (11025.2 per sec) reads @ chr4:160000000-165000000
ForkPoolWorker-26 countReadsInRegions_worker: processing 5000000 (6914468.3 per sec) @ chr4:160000000-165000000
ForkPoolWorker-26,  processing 17 (20331.7 per sec) reads @ chr8:55000000-60000000
ForkPoolWorker-26 countReadsInRegions_worker: processing 5000000 (6940870.2 per sec) @ chr8:55000000-60000000
ForkPoolWorker-26,  processing 0 (0.0 per sec) reads @ chrUn_KI270425v1:0-1884
ForkPoolWorker-26 countReadsInRegions_worker: processing 1884 (225290.6 per sec) @ chrUn_KI270425v1:0-1884
ForkPoolWorker-26,  processing 0 (0.0 per sec) reads @ chrUn_KI270747v1:0-198735
ForkPoolWorker-26 countReadsInRegions_worker: processing 198735 (5880334.1 per sec) @ chrUn_KI270747v1:0-198735
ForkPoolWorker-26,  processing 69 (41438.6 per sec) reads @ chr6:150000000-155000000
ForkPoolWorker-26 countReadsInRegions_worker: processing 5000000 (6930729.1 per sec) @ chr6:150000000-155000000
ForkPoolWorker-26,  processing 365 (81367.0 per sec) reads @ chr6:50000000-55000000
ForkPoolWorker-26 countReadsInRegions_worker: processing 5000000 (6946261.3 per sec) @ chr6:50000000-55000000
ForkPoolWorker-26,  processing 68 (47018.2 per sec) reads @ chr10:65000000-70000000
ForkPoolWorker-26 countReadsInRegions_worker: processing 5000000 (6907098.8 per sec) @ chr10:65000000-70000000
ForkPoolWorker-42,  processing 297 (4645.0 per sec) reads @ chr7:150000000-155000000
ForkPoolWorker-42 countReadsInRegions_worker: processing 5000000 (6369942.6 per sec) @ chr7:150000000-155000000
ForkPoolWorker-42,  processing 0 (0.0 per sec) reads @ chrUn_KI270316v1:0-1444
ForkPoolWorker-42 countReadsInRegions_worker: processing 1444 (181999.4 per sec) @ chrUn_KI270316v1:0-1444
ForkPoolWorker-42,  processing 0 (0.0 per sec) reads @ chrUn_KI270465v1:0-1774
ForkPoolWorker-42 countReadsInRegions_worker: processing 1774 (246176.9 per sec) @ chrUn_KI270465v1:0-1774
ForkPoolWorker-42,  processing 17 (19172.7 per sec) reads @ chr10:50000000-55000000
ForkPoolWorker-42 countReadsInRegions_worker: processing 5000000 (6998323.8 per sec) @ chr10:50000000-55000000
ForkPoolWorker-42,  processing 6 (12690.8 per sec) reads @ chrUn_GL000220v1:0-161802
ForkPoolWorker-42 countReadsInRegions_worker: processing 161802 (5056754.4 per sec) @ chrUn_GL000220v1:0-161802
ForkPoolWorker-42,  processing 1004 (82717.8 per sec) reads @ chr6:35000000-40000000
ForkPoolWorker-42 countReadsInRegions_worker: processing 5000000 (7069260.6 per sec) @ chr6:35000000-40000000
ForkPoolWorker-42,  processing 1193 (80546.7 per sec) reads @ chr9:135000000-138394717
ForkPoolWorker-42 countReadsInRegions_worker: processing 3394717 (6896848.7 per sec) @ chr9:135000000-138394717
ForkPoolWorker-42,  processing 240 (78612.5 per sec) reads @ chr5:5000000-10000000
ForkPoolWorker-42 countReadsInRegions_worker: processing 5000000 (7197052.5 per sec) @ chr5:5000000-10000000
ForkPoolWorker-42,  processing 251 (68795.0 per sec) reads @ chr2:25000000-30000000
ForkPoolWorker-42 countReadsInRegions_worker: processing 5000000 (7202928.2 per sec) @ chr2:25000000-30000000
ForkPoolWorker-42,  processing 48 (39244.9 per sec) reads @ chr1:85000000-90000000
ForkPoolWorker-42 countReadsInRegions_worker: processing 5000000 (7217842.2 per sec) @ chr1:85000000-90000000
ForkPoolWorker-42,  processing 46 (35149.9 per sec) reads @ chr3:120000000-125000000
ForkPoolWorker-42 countReadsInRegions_worker: processing 5000000 (7224774.8 per sec) @ chr3:120000000-125000000
ForkPoolWorker-42,  processing 146 (58348.6 per sec) reads @ chr17:55000000-60000000
ForkPoolWorker-42 countReadsInRegions_worker: processing 5000000 (7200863.1 per sec) @ chr17:55000000-60000000
ForkPoolWorker-42,  processing 44 (35946.5 per sec) reads @ chr5:55000000-60000000
ForkPoolWorker-42 countReadsInRegions_worker: processing 5000000 (7220329.8 per sec) @ chr5:55000000-60000000
ForkPoolWorker-42,  processing 151 (56903.9 per sec) reads @ chr1:110000000-115000000
ForkPoolWorker-42 countReadsInRegions_worker: processing 5000000 (7199740.7 per sec) @ chr1:110000000-115000000
ForkPoolWorker-42,  processing 0 (0.0 per sec) reads @ chrUn_KI270539v1:0-993
ForkPoolWorker-42 countReadsInRegions_worker: processing 993 (127084.6 per sec) @ chrUn_KI270539v1:0-993
ForkPoolWorker-42,  processing 74 (54644.1 per sec) reads @ chr6:115000000-120000000
ForkPoolWorker-42 countReadsInRegions_worker: processing 5000000 (7522432.9 per sec) @ chr6:115000000-120000000
ForkPoolWorker-47,  processing 4 (66.8 per sec) reads @ chrY:15000000-20000000
ForkPoolWorker-47 countReadsInRegions_worker: processing 5000000 (6189201.1 per sec) @ chrY:15000000-20000000
ForkPoolWorker-47,  processing 123 (54557.9 per sec) reads @ chr15:90000000-95000000
ForkPoolWorker-47 countReadsInRegions_worker: processing 5000000 (6790602.6 per sec) @ chr15:90000000-95000000
ForkPoolWorker-47,  processing 79 (45415.3 per sec) reads @ chr2:35000000-40000000
ForkPoolWorker-47 countReadsInRegions_worker: processing 5000000 (6720706.2 per sec) @ chr2:35000000-40000000
ForkPoolWorker-47,  processing 0 (0.0 per sec) reads @ chrY:35000000-40000000
ForkPoolWorker-47 countReadsInRegions_worker: processing 5000000 (6962663.0 per sec) @ chrY:35000000-40000000
ForkPoolWorker-47,  processing 16 (19157.5 per sec) reads @ chr14:40000000-45000000
ForkPoolWorker-47 countReadsInRegions_worker: processing 5000000 (6994388.6 per sec) @ chr14:40000000-45000000
ForkPoolWorker-47,  processing 0 (0.0 per sec) reads @ chr1_KI270711v1_random:0-42210
ForkPoolWorker-47 countReadsInRegions_worker: processing 42210 (3076790.0 per sec) @ chr1_KI270711v1_random:0-42210
ForkPoolWorker-47,  processing 3 (4730.4 per sec) reads @ chr13:65000000-70000000
ForkPoolWorker-47 countReadsInRegions_worker: processing 5000000 (6991338.6 per sec) @ chr13:65000000-70000000
ForkPoolWorker-47,  processing 36 (28882.0 per sec) reads @ chr15:45000000-50000000
ForkPoolWorker-47 countReadsInRegions_worker: processing 5000000 (6982435.0 per sec) @ chr15:45000000-50000000
ForkPoolWorker-47,  processing 45 (38230.4 per sec) reads @ chr3:165000000-170000000
ForkPoolWorker-47 countReadsInRegions_worker: processing 5000000 (6970408.7 per sec) @ chr3:165000000-170000000
ForkPoolWorker-47,  processing 0 (0.0 per sec) reads @ chr15:15000000-20000000
ForkPoolWorker-47 countReadsInRegions_worker: processing 5000000 (6995310.1 per sec) @ chr15:15000000-20000000
ForkPoolWorker-47,  processing 75 (43733.2 per sec) reads @ chr11:30000000-35000000
ForkPoolWorker-47 countReadsInRegions_worker: processing 5000000 (6971761.9 per sec) @ chr11:30000000-35000000
ForkPoolWorker-47,  processing 882 (74936.2 per sec) reads @ chr19:10000000-15000000
ForkPoolWorker-47 countReadsInRegions_worker: processing 5000000 (6883902.6 per sec) @ chr19:10000000-15000000
ForkPoolWorker-14,  processing 10 (152.7 per sec) reads @ chr12:35000000-40000000
ForkPoolWorker-14 countReadsInRegions_worker: processing 5000000 (6383212.1 per sec) @ chr12:35000000-40000000
ForkPoolWorker-14,  processing 111 (48986.5 per sec) reads @ chr6:80000000-85000000
ForkPoolWorker-14 countReadsInRegions_worker: processing 5000000 (6839664.7 per sec) @ chr6:80000000-85000000
ForkPoolWorker-14,  processing 21 (25754.5 per sec) reads @ chrX:95000000-100000000
ForkPoolWorker-14 countReadsInRegions_worker: processing 5000000 (6770160.5 per sec) @ chrX:95000000-100000000
ForkPoolWorker-14,  processing 11 (16680.2 per sec) reads @ chr13:60000000-65000000
ForkPoolWorker-14 countReadsInRegions_worker: processing 5000000 (6913939.4 per sec) @ chr13:60000000-65000000
ForkPoolWorker-14,  processing 3 (5548.0 per sec) reads @ chr14_GL000194v1_random:0-191469
ForkPoolWorker-14 countReadsInRegions_worker: processing 191469 (5342321.9 per sec) @ chr14_GL000194v1_random:0-191469
ForkPoolWorker-14,  processing 56 (37443.2 per sec) reads @ chr2:100000000-105000000
ForkPoolWorker-14 countReadsInRegions_worker: processing 5000000 (7016721.1 per sec) @ chr2:100000000-105000000
ForkPoolWorker-14,  processing 0 (0.0 per sec) reads @ chr5:45000000-50000000
ForkPoolWorker-14 countReadsInRegions_worker: processing 5000000 (7031599.3 per sec) @ chr5:45000000-50000000
ForkPoolWorker-14,  processing 34 (34116.3 per sec) reads @ chr4:55000000-60000000
ForkPoolWorker-14 countReadsInRegions_worker: processing 5000000 (7001284.0 per sec) @ chr4:55000000-60000000
ForkPoolWorker-14,  processing 221 (52113.4 per sec) reads @ chr14:30000000-35000000
ForkPoolWorker-14 countReadsInRegions_worker: processing 5000000 (6972828.2 per sec) @ chr14:30000000-35000000
ForkPoolWorker-14,  processing 27 (27634.5 per sec) reads @ chr1:195000000-200000000
ForkPoolWorker-14 countReadsInRegions_worker: processing 5000000 (7003367.2 per sec) @ chr1:195000000-200000000
ForkPoolWorker-14,  processing 134 (53288.8 per sec) reads @ chr1:45000000-50000000
ForkPoolWorker-14 countReadsInRegions_worker: processing 5000000 (7002546.4 per sec) @ chr1:45000000-50000000
ForkPoolWorker-14,  processing 2336 (80678.3 per sec) reads @ chr19:0-5000000
ForkPoolWorker-14 countReadsInRegions_worker: processing 5000000 (6744861.1 per sec) @ chr19:0-5000000
ForkPoolWorker-43,  processing 7 (117.1 per sec) reads @ chrY:10000000-15000000
ForkPoolWorker-43 countReadsInRegions_worker: processing 5000000 (6425525.2 per sec) @ chrY:10000000-15000000
ForkPoolWorker-43,  processing 23 (23831.3 per sec) reads @ chr4:155000000-160000000
ForkPoolWorker-43 countReadsInRegions_worker: processing 5000000 (6744084.6 per sec) @ chr4:155000000-160000000
ForkPoolWorker-43,  processing 6 (5461.3 per sec) reads @ chr4:130000000-135000000
ForkPoolWorker-43 countReadsInRegions_worker: processing 5000000 (6882321.2 per sec) @ chr4:130000000-135000000
ForkPoolWorker-43,  processing 20 (19892.4 per sec) reads @ chr2:75000000-80000000
ForkPoolWorker-43 countReadsInRegions_worker: processing 5000000 (6951716.1 per sec) @ chr2:75000000-80000000
ForkPoolWorker-43,  processing 28 (29308.8 per sec) reads @ chr8:80000000-85000000
ForkPoolWorker-43 countReadsInRegions_worker: processing 5000000 (6982951.1 per sec) @ chr8:80000000-85000000
ForkPoolWorker-43,  processing 371 (67809.3 per sec) reads @ chr19:50000000-55000000
ForkPoolWorker-43 countReadsInRegions_worker: processing 5000000 (6979727.6 per sec) @ chr19:50000000-55000000
ForkPoolWorker-43,  processing 24 (24941.4 per sec) reads @ chr9:25000000-30000000
ForkPoolWorker-43 countReadsInRegions_worker: processing 5000000 (6997658.3 per sec) @ chr9:25000000-30000000
ForkPoolWorker-43,  processing 84 (52389.8 per sec) reads @ chr7:90000000-95000000
ForkPoolWorker-43 countReadsInRegions_worker: processing 5000000 (6996465.3 per sec) @ chr7:90000000-95000000
ForkPoolWorker-43,  processing 100 (52116.1 per sec) reads @ chr17:30000000-35000000
ForkPoolWorker-43 countReadsInRegions_worker: processing 5000000 (6987350.7 per sec) @ chr17:30000000-35000000
ForkPoolWorker-43,  processing 853 (79178.1 per sec) reads @ chr11:0-5000000
ForkPoolWorker-43 countReadsInRegions_worker: processing 5000000 (6903140.5 per sec) @ chr11:0-5000000
ForkPoolWorker-43,  processing 0 (0.0 per sec) reads @ chr9_KI270720v1_random:0-39050
ForkPoolWorker-43 countReadsInRegions_worker: processing 39050 (2920918.3 per sec) @ chr9_KI270720v1_random:0-39050
ForkPoolWorker-43,  processing 71 (43196.3 per sec) reads @ chr3:140000000-145000000
ForkPoolWorker-43 countReadsInRegions_worker: processing 5000000 (6975933.9 per sec) @ chr3:140000000-145000000
ForkPoolWorker-11,  processing 27 (410.5 per sec) reads @ chr7:15000000-20000000
ForkPoolWorker-11 countReadsInRegions_worker: processing 5000000 (6111565.7 per sec) @ chr7:15000000-20000000
ForkPoolWorker-11,  processing 31 (25968.3 per sec) reads @ chr1:55000000-60000000
ForkPoolWorker-11 countReadsInRegions_worker: processing 5000000 (6773735.8 per sec) @ chr1:55000000-60000000
ForkPoolWorker-11,  processing 2671 (93958.8 per sec) reads @ chr1:140000000-145000000
ForkPoolWorker-11 countReadsInRegions_worker: processing 5000000 (6710154.2 per sec) @ chr1:140000000-145000000
ForkPoolWorker-11,  processing 0 (0.0 per sec) reads @ chr15_KI270727v1_random:0-448248
ForkPoolWorker-11 countReadsInRegions_worker: processing 448248 (6171144.0 per sec) @ chr15_KI270727v1_random:0-448248
ForkPoolWorker-11,  processing 89 (48701.0 per sec) reads @ chr8:70000000-75000000
ForkPoolWorker-11 countReadsInRegions_worker: processing 5000000 (7135225.7 per sec) @ chr8:70000000-75000000
ForkPoolWorker-11,  processing 0 (0.0 per sec) reads @ chrUn_KI270581v1:0-7046
ForkPoolWorker-11 countReadsInRegions_worker: processing 7046 (806205.3 per sec) @ chrUn_KI270581v1:0-7046
ForkPoolWorker-11,  processing 61 (43885.5 per sec) reads @ chr1:235000000-240000000
ForkPoolWorker-11 countReadsInRegions_worker: processing 5000000 (7119534.0 per sec) @ chr1:235000000-240000000
ForkPoolWorker-11,  processing 36 (34379.5 per sec) reads @ chr3:65000000-70000000
ForkPoolWorker-11 countReadsInRegions_worker: processing 5000000 (7091268.9 per sec) @ chr3:65000000-70000000
ForkPoolWorker-11,  processing 0 (0.0 per sec) reads @ chrUn_KI270317v1:0-37690
ForkPoolWorker-11 countReadsInRegions_worker: processing 37690 (2897262.2 per sec) @ chrUn_KI270317v1:0-37690
ForkPoolWorker-11,  processing 75 (54414.9 per sec) reads @ chr2:165000000-170000000
ForkPoolWorker-11 countReadsInRegions_worker: processing 5000000 (7098738.8 per sec) @ chr2:165000000-170000000
ForkPoolWorker-11,  processing 32 (29713.9 per sec) reads @ chr4:95000000-100000000
ForkPoolWorker-11 countReadsInRegions_worker: processing 5000000 (7043965.7 per sec) @ chr4:95000000-100000000
ForkPoolWorker-11,  processing 39 (33274.6 per sec) reads @ chr3:70000000-75000000
ForkPoolWorker-11 countReadsInRegions_worker: processing 5000000 (7058363.4 per sec) @ chr3:70000000-75000000
ForkPoolWorker-11,  processing 1 (2018.4 per sec) reads @ chr18:65000000-70000000
ForkPoolWorker-11 countReadsInRegions_worker: processing 5000000 (7082496.5 per sec) @ chr18:65000000-70000000
ForkPoolWorker-11,  processing 18 (23373.8 per sec) reads @ chr7:85000000-90000000
ForkPoolWorker-11 countReadsInRegions_worker: processing 5000000 (7057000.1 per sec) @ chr7:85000000-90000000
ForkPoolWorker-11,  processing 99 (68611.4 per sec) reads @ chr14:25000000-30000000
ForkPoolWorker-11 countReadsInRegions_worker: processing 5000000 (8246630.7 per sec) @ chr14:25000000-30000000
ForkPoolWorker-11,  processing 0 (0.0 per sec) reads @ chr17_KI270730v1_random:0-112551
ForkPoolWorker-11 countReadsInRegions_worker: processing 112551 (5586730.1 per sec) @ chr17_KI270730v1_random:0-112551
ForkPoolWorker-50,  processing 16 (271.2 per sec) reads @ chrX:140000000-145000000
ForkPoolWorker-50 countReadsInRegions_worker: processing 5000000 (6130125.2 per sec) @ chrX:140000000-145000000
ForkPoolWorker-50,  processing 94 (42068.3 per sec) reads @ chr10:95000000-100000000
ForkPoolWorker-50 countReadsInRegions_worker: processing 5000000 (4921837.2 per sec) @ chr10:95000000-100000000
ForkPoolWorker-50,  processing 0 (0.0 per sec) reads @ chrUn_KI270310v1:0-1201
ForkPoolWorker-50 countReadsInRegions_worker: processing 1201 (108146.6 per sec) @ chrUn_KI270310v1:0-1201
ForkPoolWorker-50,  processing 49 (33919.9 per sec) reads @ chr14:55000000-60000000
ForkPoolWorker-50 countReadsInRegions_worker: processing 5000000 (7222682.2 per sec) @ chr14:55000000-60000000
ForkPoolWorker-50,  processing 30 (27673.0 per sec) reads @ chr5:120000000-125000000
ForkPoolWorker-50 countReadsInRegions_worker: processing 5000000 (7198660.7 per sec) @ chr5:120000000-125000000
ForkPoolWorker-50,  processing 0 (0.0 per sec) reads @ chrUn_KI270388v1:0-1216
ForkPoolWorker-50 countReadsInRegions_worker: processing 1216 (148583.4 per sec) @ chrUn_KI270388v1:0-1216
ForkPoolWorker-50,  processing 0 (0.0 per sec) reads @ chrEBV:0-171823
ForkPoolWorker-50 countReadsInRegions_worker: processing 171823 (5476317.4 per sec) @ chrEBV:0-171823
ForkPoolWorker-50,  processing 27 (28554.3 per sec) reads @ chr18:60000000-65000000
ForkPoolWorker-50 countReadsInRegions_worker: processing 5000000 (7172747.0 per sec) @ chr18:60000000-65000000
ForkPoolWorker-50,  processing 0 (0.0 per sec) reads @ chrUn_KI270311v1:0-12399
ForkPoolWorker-50 countReadsInRegions_worker: processing 12399 (1323623.7 per sec) @ chrUn_KI270311v1:0-12399
ForkPoolWorker-50,  processing 172 (57847.8 per sec) reads @ chr1:20000000-25000000
ForkPoolWorker-50 countReadsInRegions_worker: processing 5000000 (7131239.3 per sec) @ chr1:20000000-25000000
ForkPoolWorker-50,  processing 0 (0.0 per sec) reads @ chrUn_KI270752v1:0-27745
ForkPoolWorker-50 countReadsInRegions_worker: processing 27745 (2566685.7 per sec) @ chrUn_KI270752v1:0-27745
ForkPoolWorker-50,  processing 144 (61750.3 per sec) reads @ chr5:150000000-155000000
ForkPoolWorker-50 countReadsInRegions_worker: processing 5000000 (7116895.6 per sec) @ chr5:150000000-155000000
ForkPoolWorker-50,  processing 0 (0.0 per sec) reads @ chrUn_KI270508v1:0-1951
ForkPoolWorker-50 countReadsInRegions_worker: processing 1951 (252712.6 per sec) @ chrUn_KI270508v1:0-1951
ForkPoolWorker-50,  processing 727 (78379.1 per sec) reads @ chr12:120000000-125000000
ForkPoolWorker-50 countReadsInRegions_worker: processing 5000000 (7059827.1 per sec) @ chr12:120000000-125000000
ForkPoolWorker-50,  processing 60 (48395.8 per sec) reads @ chr5:40000000-45000000
ForkPoolWorker-50 countReadsInRegions_worker: processing 5000000 (7134480.5 per sec) @ chr5:40000000-45000000
ForkPoolWorker-50,  processing 34 (34379.5 per sec) reads @ chr7:115000000-120000000
ForkPoolWorker-50 countReadsInRegions_worker: processing 5000000 (7134024.2 per sec) @ chr7:115000000-120000000
ForkPoolWorker-50,  processing 0 (0.0 per sec) reads @ chrUn_KI270372v1:0-1650
ForkPoolWorker-50 countReadsInRegions_worker: processing 1650 (199953.8 per sec) @ chrUn_KI270372v1:0-1650
ForkPoolWorker-50,  processing 0 (0.0 per sec) reads @ chrUn_KI270521v1:0-7642
ForkPoolWorker-50 countReadsInRegions_worker: processing 7642 (899755.0 per sec) @ chrUn_KI270521v1:0-7642
ForkPoolWorker-50,  processing 119 (54117.1 per sec) reads @ chr21:30000000-35000000
ForkPoolWorker-50 countReadsInRegions_worker: processing 5000000 (7142178.0 per sec) @ chr21:30000000-35000000
ForkPoolWorker-50,  processing 39 (36270.0 per sec) reads @ chr10:10000000-15000000
ForkPoolWorker-50 countReadsInRegions_worker: processing 5000000 (8123625.1 per sec) @ chr10:10000000-15000000
ForkPoolWorker-25,  processing 0 (0.0 per sec) reads @ chrUn_KI270579v1:0-31033
ForkPoolWorker-25 countReadsInRegions_worker: processing 31033 (600632.4 per sec) @ chrUn_KI270579v1:0-31033
ForkPoolWorker-25,  processing 214 (56423.2 per sec) reads @ chrX:45000000-50000000
ForkPoolWorker-25 countReadsInRegions_worker: processing 5000000 (6657160.5 per sec) @ chrX:45000000-50000000
ForkPoolWorker-25,  processing 89 (43649.8 per sec) reads @ chr4:80000000-85000000
ForkPoolWorker-25 countReadsInRegions_worker: processing 5000000 (6889110.4 per sec) @ chr4:80000000-85000000
ForkPoolWorker-25,  processing 138 (54527.9 per sec) reads @ chr7:135000000-140000000
ForkPoolWorker-25 countReadsInRegions_worker: processing 5000000 (6919106.1 per sec) @ chr7:135000000-140000000
ForkPoolWorker-25,  processing 86 (52276.8 per sec) reads @ chr3:110000000-115000000
ForkPoolWorker-25 countReadsInRegions_worker: processing 5000000 (6969046.6 per sec) @ chr3:110000000-115000000
ForkPoolWorker-25,  processing 305 (66146.0 per sec) reads @ chr3:125000000-130000000
ForkPoolWorker-25 countReadsInRegions_worker: processing 5000000 (6958282.9 per sec) @ chr3:125000000-130000000
ForkPoolWorker-25,  processing 115 (49844.5 per sec) reads @ chr14:90000000-95000000
ForkPoolWorker-25 countReadsInRegions_worker: processing 5000000 (6978610.5 per sec) @ chr14:90000000-95000000
ForkPoolWorker-25,  processing 13 (16483.1 per sec) reads @ chr2:185000000-190000000
ForkPoolWorker-25 countReadsInRegions_worker: processing 5000000 (6971852.3 per sec) @ chr2:185000000-190000000
ForkPoolWorker-25,  processing 24 (21978.9 per sec) reads @ chr2:180000000-185000000
ForkPoolWorker-25 countReadsInRegions_worker: processing 5000000 (6971106.1 per sec) @ chr2:180000000-185000000
ForkPoolWorker-25,  processing 77 (48948.4 per sec) reads @ chr2:85000000-90000000
ForkPoolWorker-25 countReadsInRegions_worker: processing 5000000 (6991285.0 per sec) @ chr2:85000000-90000000
ForkPoolWorker-25,  processing 15 (19222.3 per sec) reads @ chr8:50000000-55000000
ForkPoolWorker-25 countReadsInRegions_worker: processing 5000000 (6987385.6 per sec) @ chr8:50000000-55000000
ForkPoolWorker-25,  processing 45 (40107.0 per sec) reads @ chr20:5000000-10000000
ForkPoolWorker-25 countReadsInRegions_worker: processing 5000000 (6954586.2 per sec) @ chr20:5000000-10000000
ForkPoolWorker-28,  processing 123 (1925.3 per sec) reads @ chr7:75000000-80000000
ForkPoolWorker-28 countReadsInRegions_worker: processing 5000000 (6115932.4 per sec) @ chr7:75000000-80000000
ForkPoolWorker-28,  processing 0 (0.0 per sec) reads @ chrUn_KI270417v1:0-2043
ForkPoolWorker-28 countReadsInRegions_worker: processing 2043 (237525.3 per sec) @ chrUn_KI270417v1:0-2043
ForkPoolWorker-28,  processing 148 (58139.6 per sec) reads @ chr20:40000000-45000000
ForkPoolWorker-28 countReadsInRegions_worker: processing 5000000 (6910394.5 per sec) @ chr20:40000000-45000000
ForkPoolWorker-28,  processing 33 (31536.1 per sec) reads @ chr8:75000000-80000000
ForkPoolWorker-28 countReadsInRegions_worker: processing 5000000 (6904320.0 per sec) @ chr8:75000000-80000000
ForkPoolWorker-28,  processing 20 (20111.7 per sec) reads @ chr1:80000000-85000000
ForkPoolWorker-28 countReadsInRegions_worker: processing 5000000 (7121059.4 per sec) @ chr1:80000000-85000000
ForkPoolWorker-28,  processing 0 (0.0 per sec) reads @ chr15:0-5000000
ForkPoolWorker-28 countReadsInRegions_worker: processing 5000000 (7200618.3 per sec) @ chr15:0-5000000
ForkPoolWorker-28,  processing 0 (0.0 per sec) reads @ chrUn_GL000226v1:0-15008
ForkPoolWorker-28 countReadsInRegions_worker: processing 15008 (1533039.0 per sec) @ chrUn_GL000226v1:0-15008
ForkPoolWorker-28,  processing 79 (51676.5 per sec) reads @ chr5:170000000-175000000
ForkPoolWorker-28 countReadsInRegions_worker: processing 5000000 (7145804.0 per sec) @ chr5:170000000-175000000
ForkPoolWorker-28,  processing 20 (27218.1 per sec) reads @ chr1:100000000-105000000
ForkPoolWorker-28 countReadsInRegions_worker: processing 5000000 (7149229.1 per sec) @ chr1:100000000-105000000
ForkPoolWorker-28,  processing 37 (35990.1 per sec) reads @ chr10:25000000-30000000
ForkPoolWorker-28 countReadsInRegions_worker: processing 5000000 (7160853.8 per sec) @ chr10:25000000-30000000
ForkPoolWorker-28,  processing 100 (50009.6 per sec) reads @ chr1:200000000-205000000
ForkPoolWorker-28 countReadsInRegions_worker: processing 5000000 (7094819.4 per sec) @ chr1:200000000-205000000
ForkPoolWorker-28,  processing 0 (0.0 per sec) reads @ chrUn_KI270755v1:0-36723
ForkPoolWorker-28 countReadsInRegions_worker: processing 36723 (2890254.2 per sec) @ chrUn_KI270755v1:0-36723
ForkPoolWorker-28,  processing 10 (15551.7 per sec) reads @ chr2:210000000-215000000
ForkPoolWorker-28 countReadsInRegions_worker: processing 5000000 (7104558.5 per sec) @ chr2:210000000-215000000
ForkPoolWorker-28,  processing 149 (65694.4 per sec) reads @ chr1:115000000-120000000
ForkPoolWorker-28 countReadsInRegions_worker: processing 5000000 (7083558.7 per sec) @ chr1:115000000-120000000
ForkPoolWorker-28,  processing 293 (72256.1 per sec) reads @ chr17:35000000-40000000
ForkPoolWorker-28 countReadsInRegions_worker: processing 5000000 (8025333.3 per sec) @ chr17:35000000-40000000
ForkPoolWorker-28,  processing 24 (31785.1 per sec) reads @ chr2:50000000-55000000
ForkPoolWorker-28 countReadsInRegions_worker: processing 5000000 (8255730.4 per sec) @ chr2:50000000-55000000
ForkPoolWorker-7,  processing 227 (3313.7 per sec) reads @ chr13:110000000-114364328
ForkPoolWorker-7 countReadsInRegions_worker: processing 4364328 (6163851.0 per sec) @ chr13:110000000-114364328
ForkPoolWorker-7,  processing 276 (60621.5 per sec) reads @ chr20:0-5000000
ForkPoolWorker-7 countReadsInRegions_worker: processing 5000000 (6803024.4 per sec) @ chr20:0-5000000
ForkPoolWorker-7,  processing 467 (69412.1 per sec) reads @ chr21:5000000-10000000
ForkPoolWorker-7 countReadsInRegions_worker: processing 5000000 (6883369.3 per sec) @ chr21:5000000-10000000
ForkPoolWorker-7,  processing 28 (28912.0 per sec) reads @ chrX:120000000-125000000
ForkPoolWorker-7 countReadsInRegions_worker: processing 5000000 (6954475.5 per sec) @ chrX:120000000-125000000
ForkPoolWorker-7,  processing 0 (0.0 per sec) reads @ chrUn_KI270315v1:0-2276
ForkPoolWorker-7 countReadsInRegions_worker: processing 2276 (291880.3 per sec) @ chrUn_KI270315v1:0-2276
ForkPoolWorker-7,  processing 18 (25317.7 per sec) reads @ chr19:20000000-25000000
ForkPoolWorker-7 countReadsInRegions_worker: processing 5000000 (7012615.1 per sec) @ chr19:20000000-25000000
ForkPoolWorker-7,  processing 0 (0.0 per sec) reads @ chr14_KI270726v1_random:0-43739
ForkPoolWorker-7 countReadsInRegions_worker: processing 43739 (3232567.4 per sec) @ chr14_KI270726v1_random:0-43739
ForkPoolWorker-7,  processing 84 (58004.9 per sec) reads @ chr1_KI270713v1_random:0-40745
ForkPoolWorker-7 countReadsInRegions_worker: processing 40745 (3082333.8 per sec) @ chr1_KI270713v1_random:0-40745
ForkPoolWorker-7,  processing 34 (34537.7 per sec) reads @ chr17:20000000-25000000
ForkPoolWorker-7 countReadsInRegions_worker: processing 5000000 (7021969.8 per sec) @ chr17:20000000-25000000
ForkPoolWorker-7,  processing 16 (20404.0 per sec) reads @ chr1:190000000-195000000
ForkPoolWorker-7 countReadsInRegions_worker: processing 5000000 (7002015.6 per sec) @ chr1:190000000-195000000
ForkPoolWorker-7,  processing 0 (0.0 per sec) reads @ chr22_KI270739v1_random:0-73985
ForkPoolWorker-7 countReadsInRegions_worker: processing 73985 (4277677.8 per sec) @ chr22_KI270739v1_random:0-73985
ForkPoolWorker-7,  processing 252 (73522.9 per sec) reads @ chr5:180000000-181538259
ForkPoolWorker-7 countReadsInRegions_worker: processing 1538259 (6816391.5 per sec) @ chr5:180000000-181538259
ForkPoolWorker-7,  processing 67 (45049.4 per sec) reads @ chr6:85000000-90000000
ForkPoolWorker-7 countReadsInRegions_worker: processing 5000000 (7009917.1 per sec) @ chr6:85000000-90000000
ForkPoolWorker-7,  processing 67 (45428.1 per sec) reads @ chr2:175000000-180000000
ForkPoolWorker-7 countReadsInRegions_worker: processing 5000000 (7014240.5 per sec) @ chr2:175000000-180000000
ForkPoolWorker-7,  processing 0 (0.0 per sec) reads @ chr15:10000000-15000000
ForkPoolWorker-7 countReadsInRegions_worker: processing 5000000 (7017087.4 per sec) @ chr15:10000000-15000000
ForkPoolWorker-7,  processing 100 (49566.3 per sec) reads @ chr16:15000000-20000000
ForkPoolWorker-7 countReadsInRegions_worker: processing 5000000 (7193142.3 per sec) @ chr16:15000000-20000000
ForkPoolWorker-2,  processing 72 (1064.8 per sec) reads @ chr2:200000000-205000000
ForkPoolWorker-2 countReadsInRegions_worker: processing 5000000 (6082416.1 per sec) @ chr2:200000000-205000000
ForkPoolWorker-2,  processing 13 (15901.4 per sec) reads @ chr8:105000000-110000000
ForkPoolWorker-2 countReadsInRegions_worker: processing 5000000 (6943956.7 per sec) @ chr8:105000000-110000000
ForkPoolWorker-2,  processing 264 (62200.7 per sec) reads @ chr6:120000000-125000000
ForkPoolWorker-2 countReadsInRegions_worker: processing 5000000 (6862691.3 per sec) @ chr6:120000000-125000000
ForkPoolWorker-2,  processing 20 (23636.5 per sec) reads @ chr3:175000000-180000000
ForkPoolWorker-2 countReadsInRegions_worker: processing 5000000 (6983144.1 per sec) @ chr3:175000000-180000000
ForkPoolWorker-2,  processing 132 (52688.2 per sec) reads @ chr16:10000000-15000000
ForkPoolWorker-2 countReadsInRegions_worker: processing 5000000 (6959820.8 per sec) @ chr16:10000000-15000000
ForkPoolWorker-2,  processing 1626 (82508.9 per sec) reads @ chr1:0-5000000
ForkPoolWorker-2 countReadsInRegions_worker: processing 5000000 (6819751.5 per sec) @ chr1:0-5000000
ForkPoolWorker-2,  processing 268 (69259.0 per sec) reads @ chrX:70000000-75000000
ForkPoolWorker-2 countReadsInRegions_worker: processing 5000000 (6963264.1 per sec) @ chrX:70000000-75000000
ForkPoolWorker-2,  processing 460 (71780.2 per sec) reads @ chr12:130000000-133275309
ForkPoolWorker-2 countReadsInRegions_worker: processing 3275309 (6865570.0 per sec) @ chr12:130000000-133275309
ForkPoolWorker-2,  processing 116 (53354.5 per sec) reads @ chr11:5000000-10000000
ForkPoolWorker-2 countReadsInRegions_worker: processing 5000000 (7021598.3 per sec) @ chr11:5000000-10000000
ForkPoolWorker-2,  processing 0 (0.0 per sec) reads @ chr22:0-5000000
ForkPoolWorker-2 countReadsInRegions_worker: processing 5000000 (7050677.1 per sec) @ chr22:0-5000000
ForkPoolWorker-2,  processing 74 (47560.3 per sec) reads @ chr8:125000000-130000000
ForkPoolWorker-2 countReadsInRegions_worker: processing 5000000 (7037434.6 per sec) @ chr8:125000000-130000000
ForkPoolWorker-2,  processing 99 (51244.7 per sec) reads @ chr16:55000000-60000000
ForkPoolWorker-2 countReadsInRegions_worker: processing 5000000 (7255767.9 per sec) @ chr16:55000000-60000000
ForkPoolWorker-12,  processing 37 (560.8 per sec) reads @ chr2:105000000-110000000
ForkPoolWorker-12 countReadsInRegions_worker: processing 5000000 (6363813.2 per sec) @ chr2:105000000-110000000
ForkPoolWorker-12,  processing 39 (32055.2 per sec) reads @ chr6:140000000-145000000
ForkPoolWorker-12 countReadsInRegions_worker: processing 5000000 (6770540.8 per sec) @ chr6:140000000-145000000
ForkPoolWorker-12,  processing 59 (40567.9 per sec) reads @ chr3:185000000-190000000
ForkPoolWorker-12 countReadsInRegions_worker: processing 5000000 (6970485.1 per sec) @ chr3:185000000-190000000
ForkPoolWorker-12,  processing 0 (0.0 per sec) reads @ chr11_KI270721v1_random:0-100316
ForkPoolWorker-12 countReadsInRegions_worker: processing 100316 (4448864.4 per sec) @ chr11_KI270721v1_random:0-100316
ForkPoolWorker-12,  processing 44 (39366.3 per sec) reads @ chr15:100000000-101991189
ForkPoolWorker-12 countReadsInRegions_worker: processing 1991189 (6948066.2 per sec) @ chr15:100000000-101991189
ForkPoolWorker-12,  processing 27 (31145.8 per sec) reads @ chr10:60000000-65000000
ForkPoolWorker-12 countReadsInRegions_worker: processing 5000000 (7150569.8 per sec) @ chr10:60000000-65000000
ForkPoolWorker-12,  processing 24 (28711.7 per sec) reads @ chrX:125000000-130000000
ForkPoolWorker-12 countReadsInRegions_worker: processing 5000000 (7137680.9 per sec) @ chrX:125000000-130000000
ForkPoolWorker-12,  processing 148 (57610.9 per sec) reads @ chr1:50000000-55000000
ForkPoolWorker-12 countReadsInRegions_worker: processing 5000000 (7133885.9 per sec) @ chr1:50000000-55000000
ForkPoolWorker-12,  processing 44 (41706.1 per sec) reads @ chr3:75000000-80000000
ForkPoolWorker-12 countReadsInRegions_worker: processing 5000000 (7139892.3 per sec) @ chr3:75000000-80000000
ForkPoolWorker-12,  processing 0 (0.0 per sec) reads @ chrUn_KI270589v1:0-44474
ForkPoolWorker-12 countReadsInRegions_worker: processing 44474 (3335851.4 per sec) @ chrUn_KI270589v1:0-44474
ForkPoolWorker-12,  processing 237 (66930.4 per sec) reads @ chr15:75000000-80000000
ForkPoolWorker-12 countReadsInRegions_worker: processing 5000000 (7129118.1 per sec) @ chr15:75000000-80000000
ForkPoolWorker-12,  processing 105 (54559.2 per sec) reads @ chr9:90000000-95000000
ForkPoolWorker-12 countReadsInRegions_worker: processing 5000000 (7120529.9 per sec) @ chr9:90000000-95000000
ForkPoolWorker-12,  processing 146 (63451.3 per sec) reads @ chrX:105000000-110000000
ForkPoolWorker-12 countReadsInRegions_worker: processing 5000000 (7095049.9 per sec) @ chrX:105000000-110000000
ForkPoolWorker-12,  processing 117 (57584.3 per sec) reads @ chrX:40000000-45000000
ForkPoolWorker-12 countReadsInRegions_worker: processing 5000000 (7372943.7 per sec) @ chrX:40000000-45000000
ForkPoolWorker-12,  processing 76 (48101.3 per sec) reads @ chr1:90000000-95000000
ForkPoolWorker-12 countReadsInRegions_worker: processing 5000000 (8231785.9 per sec) @ chr1:90000000-95000000
ForkPoolWorker-12,  processing 0 (0.0 per sec) reads @ chrUn_KI270334v1:0-1368
ForkPoolWorker-12 countReadsInRegions_worker: processing 1368 (189504.2 per sec) @ chrUn_KI270334v1:0-1368
ForkPoolWorker-37,  processing 52 (840.5 per sec) reads @ chrX:145000000-150000000
ForkPoolWorker-37 countReadsInRegions_worker: processing 5000000 (6137653.2 per sec) @ chrX:145000000-150000000
ForkPoolWorker-37,  processing 42 (36150.4 per sec) reads @ chrX:15000000-20000000
ForkPoolWorker-37 countReadsInRegions_worker: processing 5000000 (6787690.5 per sec) @ chrX:15000000-20000000
ForkPoolWorker-37,  processing 34 (26595.7 per sec) reads @ chr5:155000000-160000000
ForkPoolWorker-37 countReadsInRegions_worker: processing 5000000 (6910453.7 per sec) @ chr5:155000000-160000000
ForkPoolWorker-37,  processing 0 (0.0 per sec) reads @ chrUn_KI270376v1:0-1136
ForkPoolWorker-37 countReadsInRegions_worker: processing 1136 (144525.9 per sec) @ chrUn_KI270376v1:0-1136
ForkPoolWorker-37,  processing 54 (43834.4 per sec) reads @ chr11:105000000-110000000
ForkPoolWorker-37 countReadsInRegions_worker: processing 5000000 (6980115.6 per sec) @ chr11:105000000-110000000
ForkPoolWorker-37,  processing 0 (0.0 per sec) reads @ chrUn_KI270593v1:0-3041
ForkPoolWorker-37 countReadsInRegions_worker: processing 3041 (388737.9 per sec) @ chrUn_KI270593v1:0-3041
ForkPoolWorker-37,  processing 72 (50056.3 per sec) reads @ chr11:10000000-15000000
ForkPoolWorker-37 countReadsInRegions_worker: processing 5000000 (6944014.2 per sec) @ chr11:10000000-15000000
ForkPoolWorker-37,  processing 9 (14111.7 per sec) reads @ chr13:105000000-110000000
ForkPoolWorker-37 countReadsInRegions_worker: processing 5000000 (6994936.8 per sec) @ chr13:105000000-110000000
ForkPoolWorker-37,  processing 209 (67178.3 per sec) reads @ chr2:230000000-235000000
ForkPoolWorker-37 countReadsInRegions_worker: processing 5000000 (6965530.6 per sec) @ chr2:230000000-235000000
ForkPoolWorker-37,  processing 0 (0.0 per sec) reads @ chr9:45000000-50000000
ForkPoolWorker-37 countReadsInRegions_worker: processing 5000000 (6986054.2 per sec) @ chr9:45000000-50000000
ForkPoolWorker-37,  processing 0 (0.0 per sec) reads @ chrY:0-5000000
ForkPoolWorker-37 countReadsInRegions_worker: processing 5000000 (6993171.1 per sec) @ chrY:0-5000000
ForkPoolWorker-37,  processing 1252 (76865.1 per sec) reads @ chr19:45000000-50000000
ForkPoolWorker-37 countReadsInRegions_worker: processing 5000000 (6806687.5 per sec) @ chr19:45000000-50000000
ForkPoolWorker-37,  processing 44 (38336.0 per sec) reads @ chr2:205000000-210000000
ForkPoolWorker-37 countReadsInRegions_worker: processing 5000000 (6988938.8 per sec) @ chr2:205000000-210000000
ForkPoolWorker-37,  processing 2146 (90987.9 per sec) reads @ chr22_KI270733v1_random:0-179772
ForkPoolWorker-37 countReadsInRegions_worker: processing 179772 (3352131.6 per sec) @ chr22_KI270733v1_random:0-179772
ForkPoolWorker-37,  processing 32 (35935.1 per sec) reads @ chr7:120000000-125000000
ForkPoolWorker-37 countReadsInRegions_worker: processing 5000000 (8238745.2 per sec) @ chr7:120000000-125000000
ForkPoolWorker-37,  processing 0 (0.0 per sec) reads @ chrUn_KI270512v1:0-22689
ForkPoolWorker-37 countReadsInRegions_worker: processing 22689 (2481216.1 per sec) @ chrUn_KI270512v1:0-22689
ForkPoolWorker-23,  processing 38 (591.6 per sec) reads @ chr10:45000000-50000000
ForkPoolWorker-23 countReadsInRegions_worker: processing 5000000 (6373336.2 per sec) @ chr10:45000000-50000000
ForkPoolWorker-23,  processing 167 (50650.7 per sec) reads @ chr19:30000000-35000000
ForkPoolWorker-23 countReadsInRegions_worker: processing 5000000 (6786967.8 per sec) @ chr19:30000000-35000000
ForkPoolWorker-23,  processing 19 (22999.1 per sec) reads @ chr6:90000000-95000000
ForkPoolWorker-23 countReadsInRegions_worker: processing 5000000 (7064923.9 per sec) @ chr6:90000000-95000000
ForkPoolWorker-23,  processing 0 (0.0 per sec) reads @ chrUn_KI270548v1:0-1599
ForkPoolWorker-23 countReadsInRegions_worker: processing 1599 (143704.6 per sec) @ chrUn_KI270548v1:0-1599
ForkPoolWorker-23,  processing 313 (66050.4 per sec) reads @ chr12:45000000-50000000
ForkPoolWorker-23 countReadsInRegions_worker: processing 5000000 (7096684.9 per sec) @ chr12:45000000-50000000
ForkPoolWorker-23,  processing 42 (33263.0 per sec) reads @ chr7:30000000-35000000
ForkPoolWorker-23 countReadsInRegions_worker: processing 5000000 (7169228.4 per sec) @ chr7:30000000-35000000
ForkPoolWorker-23,  processing 0 (0.0 per sec) reads @ chrUn_KI270743v1:0-210658
ForkPoolWorker-23 countReadsInRegions_worker: processing 210658 (5667502.8 per sec) @ chrUn_KI270743v1:0-210658
ForkPoolWorker-23,  processing 157 (70263.1 per sec) reads @ chr4:135000000-140000000
ForkPoolWorker-23 countReadsInRegions_worker: processing 5000000 (7149801.9 per sec) @ chr4:135000000-140000000
ForkPoolWorker-23,  processing 46 (39496.0 per sec) reads @ chr9:20000000-25000000
ForkPoolWorker-23 countReadsInRegions_worker: processing 5000000 (7146661.2 per sec) @ chr9:20000000-25000000
ForkPoolWorker-23,  processing 0 (0.0 per sec) reads @ chrUn_KI270385v1:0-990
ForkPoolWorker-23 countReadsInRegions_worker: processing 990 (123178.9 per sec) @ chrUn_KI270385v1:0-990
ForkPoolWorker-23,  processing 26 (32388.4 per sec) reads @ chr2:145000000-150000000
ForkPoolWorker-23 countReadsInRegions_worker: processing 5000000 (7172369.3 per sec) @ chr2:145000000-150000000
ForkPoolWorker-23,  processing 239 (71231.3 per sec) reads @ chr6:0-5000000
ForkPoolWorker-23 countReadsInRegions_worker: processing 5000000 (7136862.3 per sec) @ chr6:0-5000000
ForkPoolWorker-23,  processing 83 (54267.7 per sec) reads @ chr6:110000000-115000000
ForkPoolWorker-23 countReadsInRegions_worker: processing 5000000 (7124267.2 per sec) @ chr6:110000000-115000000
ForkPoolWorker-23,  processing 29 (34282.6 per sec) reads @ chr4:175000000-180000000
ForkPoolWorker-23 countReadsInRegions_worker: processing 5000000 (7138475.4 per sec) @ chr4:175000000-180000000
ForkPoolWorker-23,  processing 19 (25698.7 per sec) reads @ chr3:145000000-150000000
ForkPoolWorker-23 countReadsInRegions_worker: processing 5000000 (7780081.2 per sec) @ chr3:145000000-150000000
ForkPoolWorker-23,  processing 189 (68338.2 per sec) reads @ chr7:155000000-159345973
ForkPoolWorker-23 countReadsInRegions_worker: processing 4345973 (8200668.9 per sec) @ chr7:155000000-159345973
ForkPoolWorker-46,  processing 49 (815.1 per sec) reads @ chr12:65000000-70000000
ForkPoolWorker-46 countReadsInRegions_worker: processing 5000000 (6160440.7 per sec) @ chr12:65000000-70000000
ForkPoolWorker-46,  processing 8 (11192.3 per sec) reads @ chrX:55000000-60000000
ForkPoolWorker-46 countReadsInRegions_worker: processing 5000000 (6669707.1 per sec) @ chrX:55000000-60000000
ForkPoolWorker-46,  processing 39 (25483.4 per sec) reads @ chr5:30000000-35000000
ForkPoolWorker-46 countReadsInRegions_worker: processing 5000000 (6866412.3 per sec) @ chr5:30000000-35000000
ForkPoolWorker-46,  processing 745 (68291.7 per sec) reads @ chr7:0-5000000
ForkPoolWorker-46 countReadsInRegions_worker: processing 5000000 (6829725.8 per sec) @ chr7:0-5000000
ForkPoolWorker-46,  processing 112 (54376.9 per sec) reads @ chr1:180000000-185000000
ForkPoolWorker-46 countReadsInRegions_worker: processing 5000000 (6936508.3 per sec) @ chr1:180000000-185000000
ForkPoolWorker-46,  processing 14 (18040.0 per sec) reads @ chr2:80000000-85000000
ForkPoolWorker-46 countReadsInRegions_worker: processing 5000000 (6935886.6 per sec) @ chr2:80000000-85000000
ForkPoolWorker-46,  processing 15 (19418.1 per sec) reads @ chr9:115000000-120000000
ForkPoolWorker-46 countReadsInRegions_worker: processing 5000000 (6941881.1 per sec) @ chr9:115000000-120000000
ForkPoolWorker-46,  processing 17 (20613.8 per sec) reads @ chr4:30000000-35000000
ForkPoolWorker-46 countReadsInRegions_worker: processing 5000000 (6937931.0 per sec) @ chr4:30000000-35000000
ForkPoolWorker-46,  processing 48 (37331.1 per sec) reads @ chr4:150000000-155000000
ForkPoolWorker-46 countReadsInRegions_worker: processing 5000000 (6950971.9 per sec) @ chr4:150000000-155000000
ForkPoolWorker-46,  processing 30 (31238.6 per sec) reads @ chr7:55000000-60000000
ForkPoolWorker-46 countReadsInRegions_worker: processing 5000000 (6945417.0 per sec) @ chr7:55000000-60000000
ForkPoolWorker-46,  processing 953 (77138.7 per sec) reads @ chr20:60000000-64444167
ForkPoolWorker-46 countReadsInRegions_worker: processing 4444167 (6816778.4 per sec) @ chr20:60000000-64444167
ForkPoolWorker-46,  processing 70 (51061.1 per sec) reads @ chr5:130000000-135000000
ForkPoolWorker-46 countReadsInRegions_worker: processing 5000000 (8153994.7 per sec) @ chr5:130000000-135000000
ForkPoolWorker-36,  processing 0 (0.0 per sec) reads @ chrUn_KI270757v1:0-71251
ForkPoolWorker-36 countReadsInRegions_worker: processing 71251 (1299278.5 per sec) @ chrUn_KI270757v1:0-71251
ForkPoolWorker-36,  processing 34 (28413.3 per sec) reads @ chr9:105000000-110000000
ForkPoolWorker-36 countReadsInRegions_worker: processing 5000000 (7043383.7 per sec) @ chr9:105000000-110000000
ForkPoolWorker-36,  processing 44 (34056.0 per sec) reads @ chr5:75000000-80000000
ForkPoolWorker-36 countReadsInRegions_worker: processing 5000000 (6715515.3 per sec) @ chr5:75000000-80000000
ForkPoolWorker-36,  processing 75 (43503.4 per sec) reads @ chr2:45000000-50000000
ForkPoolWorker-36 countReadsInRegions_worker: processing 5000000 (6993597.8 per sec) @ chr2:45000000-50000000
ForkPoolWorker-36,  processing 0 (0.0 per sec) reads @ chr17_KI270729v1_random:0-280839
ForkPoolWorker-36 countReadsInRegions_worker: processing 280839 (5772977.7 per sec) @ chr17_KI270729v1_random:0-280839
ForkPoolWorker-36,  processing 58 (47728.0 per sec) reads @ chrX:10000000-15000000
ForkPoolWorker-36 countReadsInRegions_worker: processing 5000000 (7129619.8 per sec) @ chrX:10000000-15000000
ForkPoolWorker-36,  processing 95 (51110.7 per sec) reads @ chr3:35000000-40000000
ForkPoolWorker-36 countReadsInRegions_worker: processing 5000000 (7101969.7 per sec) @ chr3:35000000-40000000
ForkPoolWorker-36,  processing 17 (22686.3 per sec) reads @ chr6:55000000-60000000
ForkPoolWorker-36 countReadsInRegions_worker: processing 5000000 (7103040.1 per sec) @ chr6:55000000-60000000
ForkPoolWorker-36,  processing 22 (26615.1 per sec) reads @ chr18:70000000-75000000
ForkPoolWorker-36 countReadsInRegions_worker: processing 5000000 (7117731.4 per sec) @ chr18:70000000-75000000
ForkPoolWorker-36,  processing 49 (39515.7 per sec) reads @ chr8:95000000-100000000
ForkPoolWorker-36 countReadsInRegions_worker: processing 5000000 (7127882.3 per sec) @ chr8:95000000-100000000
ForkPoolWorker-36,  processing 18 (22822.7 per sec) reads @ chr18:25000000-30000000
ForkPoolWorker-36 countReadsInRegions_worker: processing 5000000 (7123633.1 per sec) @ chr18:25000000-30000000
ForkPoolWorker-36,  processing 0 (0.0 per sec) reads @ chrUn_KI270338v1:0-1428
ForkPoolWorker-36 countReadsInRegions_worker: processing 1428 (179116.2 per sec) @ chrUn_KI270338v1:0-1428
ForkPoolWorker-36,  processing 0 (0.0 per sec) reads @ chr13:10000000-15000000
ForkPoolWorker-36 countReadsInRegions_worker: processing 5000000 (7126615.5 per sec) @ chr13:10000000-15000000
ForkPoolWorker-36,  processing 51 (44779.0 per sec) reads @ chr3:190000000-195000000
ForkPoolWorker-36 countReadsInRegions_worker: processing 5000000 (7117407.7 per sec) @ chr3:190000000-195000000
ForkPoolWorker-36,  processing 172 (68407.0 per sec) reads @ chr7:25000000-30000000
ForkPoolWorker-36 countReadsInRegions_worker: processing 5000000 (8202990.7 per sec) @ chr7:25000000-30000000
ForkPoolWorker-36,  processing 0 (0.0 per sec) reads @ chr9:55000000-60000000
ForkPoolWorker-36 countReadsInRegions_worker: processing 5000000 (8321338.3 per sec) @ chr9:55000000-60000000
ForkPoolWorker-34,  processing 0 (0.0 per sec) reads @ chrUn_KI270584v1:0-4513
ForkPoolWorker-34 countReadsInRegions_worker: processing 4513 (96039.0 per sec) @ chrUn_KI270584v1:0-4513
ForkPoolWorker-34,  processing 0 (0.0 per sec) reads @ chrUn_GL000213v1:0-164239
ForkPoolWorker-34 countReadsInRegions_worker: processing 164239 (5823997.9 per sec) @ chrUn_GL000213v1:0-164239
ForkPoolWorker-34,  processing 554 (72523.2 per sec) reads @ chr22:40000000-45000000
ForkPoolWorker-34 countReadsInRegions_worker: processing 5000000 (7310068.8 per sec) @ chr22:40000000-45000000
ForkPoolWorker-34,  processing 26 (17367.7 per sec) reads @ chr11:100000000-105000000
ForkPoolWorker-34 countReadsInRegions_worker: processing 5000000 (6847586.1 per sec) @ chr11:100000000-105000000
ForkPoolWorker-34,  processing 44 (31715.0 per sec) reads @ chr7:35000000-40000000
ForkPoolWorker-34 countReadsInRegions_worker: processing 5000000 (6957308.7 per sec) @ chr7:35000000-40000000
ForkPoolWorker-34,  processing 38 (35864.9 per sec) reads @ chr11:40000000-45000000
ForkPoolWorker-34 countReadsInRegions_worker: processing 5000000 (6985365.4 per sec) @ chr11:40000000-45000000
ForkPoolWorker-34,  processing 0 (0.0 per sec) reads @ chrUn_KI270507v1:0-5353
ForkPoolWorker-34 countReadsInRegions_worker: processing 5353 (600548.6 per sec) @ chrUn_KI270507v1:0-5353
ForkPoolWorker-34,  processing 26 (27826.5 per sec) reads @ chrX:75000000-80000000
ForkPoolWorker-34 countReadsInRegions_worker: processing 5000000 (6982781.4 per sec) @ chrX:75000000-80000000
ForkPoolWorker-34,  processing 18 (20741.1 per sec) reads @ chr10:55000000-60000000
ForkPoolWorker-34 countReadsInRegions_worker: processing 5000000 (6965757.3 per sec) @ chr10:55000000-60000000
ForkPoolWorker-34,  processing 116 (51376.9 per sec) reads @ chr9:120000000-125000000
ForkPoolWorker-34 countReadsInRegions_worker: processing 5000000 (6955541.2 per sec) @ chr9:120000000-125000000
ForkPoolWorker-34,  processing 14 (17434.8 per sec) reads @ chrX:5000000-10000000
ForkPoolWorker-34 countReadsInRegions_worker: processing 5000000 (6990781.6 per sec) @ chrX:5000000-10000000
ForkPoolWorker-34,  processing 40 (34197.3 per sec) reads @ chr4:110000000-115000000
ForkPoolWorker-34 countReadsInRegions_worker: processing 5000000 (6983088.3 per sec) @ chr4:110000000-115000000
ForkPoolWorker-34,  processing 185 (67030.6 per sec) reads @ chr8:100000000-105000000
ForkPoolWorker-34 countReadsInRegions_worker: processing 5000000 (6962327.8 per sec) @ chr8:100000000-105000000
ForkPoolWorker-34,  processing 24 (25452.2 per sec) reads @ chr4:125000000-130000000
ForkPoolWorker-34 countReadsInRegions_worker: processing 5000000 (6978900.8 per sec) @ chr4:125000000-130000000
ForkPoolWorker-34,  processing 0 (0.0 per sec) reads @ chrUn_KI270384v1:0-1658
ForkPoolWorker-34 countReadsInRegions_worker: processing 1658 (229230.2 per sec) @ chrUn_KI270384v1:0-1658
ForkPoolWorker-34,  processing 61 (43490.1 per sec) reads @ chr3:15000000-20000000
ForkPoolWorker-34 countReadsInRegions_worker: processing 5000000 (8206746.5 per sec) @ chr3:15000000-20000000
ForkPoolWorker-16,  processing 0 (0.0 per sec) reads @ chrUn_KI270303v1:0-1942
ForkPoolWorker-16 countReadsInRegions_worker: processing 1942 (39239.7 per sec) @ chrUn_KI270303v1:0-1942
ForkPoolWorker-16,  processing 66 (17142.9 per sec) reads @ chr1:245000000-248956422
ForkPoolWorker-16 countReadsInRegions_worker: processing 3956422 (7306539.3 per sec) @ chr1:245000000-248956422
ForkPoolWorker-16,  processing 83 (49393.8 per sec) reads @ chr18:75000000-80000000
ForkPoolWorker-16 countReadsInRegions_worker: processing 5000000 (7256581.3 per sec) @ chr18:75000000-80000000
ForkPoolWorker-16,  processing 9 (14223.3 per sec) reads @ chr16:60000000-65000000
ForkPoolWorker-16 countReadsInRegions_worker: processing 5000000 (7249898.4 per sec) @ chr16:60000000-65000000
ForkPoolWorker-16,  processing 38 (35222.9 per sec) reads @ chr8:25000000-30000000
ForkPoolWorker-16 countReadsInRegions_worker: processing 5000000 (7237543.3 per sec) @ chr8:25000000-30000000
ForkPoolWorker-16,  processing 0 (0.0 per sec) reads @ chrUn_KI270374v1:0-2656
ForkPoolWorker-16 countReadsInRegions_worker: processing 2656 (319456.1 per sec) @ chrUn_KI270374v1:0-2656
ForkPoolWorker-16,  processing 16 (22710.3 per sec) reads @ chr10:35000000-40000000
ForkPoolWorker-16 countReadsInRegions_worker: processing 5000000 (7195985.6 per sec) @ chr10:35000000-40000000
ForkPoolWorker-16,  processing 64 (49083.1 per sec) reads @ chr8:120000000-125000000
ForkPoolWorker-16 countReadsInRegions_worker: processing 5000000 (7211086.6 per sec) @ chr8:120000000-125000000
ForkPoolWorker-16,  processing 51 (44873.0 per sec) reads @ chr8:45000000-50000000
ForkPoolWorker-16 countReadsInRegions_worker: processing 5000000 (7191746.1 per sec) @ chr8:45000000-50000000
ForkPoolWorker-16,  processing 54 (42517.8 per sec) reads @ chr2:5000000-10000000
ForkPoolWorker-16 countReadsInRegions_worker: processing 5000000 (7208989.5 per sec) @ chr2:5000000-10000000
ForkPoolWorker-16,  processing 65 (44518.2 per sec) reads @ chr10:120000000-125000000
ForkPoolWorker-16 countReadsInRegions_worker: processing 5000000 (7189367.0 per sec) @ chr10:120000000-125000000
ForkPoolWorker-16,  processing 47 (39736.4 per sec) reads @ chr15:55000000-60000000
ForkPoolWorker-16 countReadsInRegions_worker: processing 5000000 (7183771.7 per sec) @ chr15:55000000-60000000
ForkPoolWorker-16,  processing 137 (61234.0 per sec) reads @ chr7:40000000-45000000
ForkPoolWorker-16 countReadsInRegions_worker: processing 5000000 (7146006.1 per sec) @ chr7:40000000-45000000
ForkPoolWorker-16,  processing 14 (22284.7 per sec) reads @ chr7:60000000-65000000
ForkPoolWorker-16 countReadsInRegions_worker: processing 5000000 (7482092.6 per sec) @ chr7:60000000-65000000
ForkPoolWorker-16,  processing 260 (72210.2 per sec) reads @ chr2:215000000-220000000
ForkPoolWorker-16 countReadsInRegions_worker: processing 5000000 (8231753.6 per sec) @ chr2:215000000-220000000
ForkPoolWorker-16,  processing 13 (20513.9 per sec) reads @ chr12:85000000-90000000
ForkPoolWorker-16 countReadsInRegions_worker: processing 5000000 (8282914.7 per sec) @ chr12:85000000-90000000
ForkPoolWorker-35,  processing 0 (0.0 per sec) reads @ chrUn_GL000219v1:0-179198
ForkPoolWorker-35 countReadsInRegions_worker: processing 179198 (2630024.0 per sec) @ chrUn_GL000219v1:0-179198
ForkPoolWorker-35,  processing 23 (23128.5 per sec) reads @ chr4:170000000-175000000
ForkPoolWorker-35 countReadsInRegions_worker: processing 5000000 (7459473.8 per sec) @ chr4:170000000-175000000
ForkPoolWorker-35,  processing 0 (0.0 per sec) reads @ chrUn_KI270322v1:0-21476
ForkPoolWorker-35 countReadsInRegions_worker: processing 21476 (1950771.5 per sec) @ chrUn_KI270322v1:0-21476
ForkPoolWorker-35,  processing 69 (48170.3 per sec) reads @ chr3:150000000-155000000
ForkPoolWorker-35 countReadsInRegions_worker: processing 5000000 (7017047.5 per sec) @ chr3:150000000-155000000
ForkPoolWorker-35,  processing 198 (69623.8 per sec) reads @ chr20:30000000-35000000
ForkPoolWorker-35 countReadsInRegions_worker: processing 5000000 (7116509.2 per sec) @ chr20:30000000-35000000
ForkPoolWorker-35,  processing 45 (35551.6 per sec) reads @ chr18:0-5000000
ForkPoolWorker-35 countReadsInRegions_worker: processing 5000000 (7135247.5 per sec) @ chr18:0-5000000
ForkPoolWorker-35,  processing 374 (70785.1 per sec) reads @ chr22:20000000-25000000
ForkPoolWorker-35 countReadsInRegions_worker: processing 5000000 (7172030.8 per sec) @ chr22:20000000-25000000
ForkPoolWorker-35,  processing 31 (33322.3 per sec) reads @ chr12:90000000-95000000
ForkPoolWorker-35 countReadsInRegions_worker: processing 5000000 (7177718.3 per sec) @ chr12:90000000-95000000
ForkPoolWorker-35,  processing 57 (45870.2 per sec) reads @ chr10:0-5000000
ForkPoolWorker-35 countReadsInRegions_worker: processing 5000000 (7173706.4 per sec) @ chr10:0-5000000
ForkPoolWorker-35,  processing 17 (23903.2 per sec) reads @ chr21:10000000-15000000
ForkPoolWorker-35 countReadsInRegions_worker: processing 5000000 (7214040.9 per sec) @ chr21:10000000-15000000
ForkPoolWorker-35,  processing 125 (59829.7 per sec) reads @ chr6:155000000-160000000
ForkPoolWorker-35 countReadsInRegions_worker: processing 5000000 (7189263.4 per sec) @ chr6:155000000-160000000
ForkPoolWorker-35,  processing 16 (21116.7 per sec) reads @ chr8:30000000-35000000
ForkPoolWorker-35 countReadsInRegions_worker: processing 5000000 (7204932.7 per sec) @ chr8:30000000-35000000
ForkPoolWorker-35,  processing 16 (21880.9 per sec) reads @ chr3:0-5000000
ForkPoolWorker-35 countReadsInRegions_worker: processing 5000000 (7179074.6 per sec) @ chr3:0-5000000
ForkPoolWorker-35,  processing 135 (63089.8 per sec) reads @ chr20:55000000-60000000
ForkPoolWorker-35 countReadsInRegions_worker: processing 5000000 (7840025.7 per sec) @ chr20:55000000-60000000
ForkPoolWorker-35,  processing 26 (31472.4 per sec) reads @ chr20:10000000-15000000
ForkPoolWorker-35 countReadsInRegions_worker: processing 5000000 (8307421.2 per sec) @ chr20:10000000-15000000
ForkPoolWorker-35,  processing 38 (40299.3 per sec) reads @ chrX:135000000-140000000
ForkPoolWorker-35 countReadsInRegions_worker: processing 5000000 (8293144.0 per sec) @ chrX:135000000-140000000
ForkPoolWorker-27,  processing 4 (63.8 per sec) reads @ chrY:20000000-25000000
ForkPoolWorker-27 countReadsInRegions_worker: processing 5000000 (6155999.4 per sec) @ chrY:20000000-25000000
ForkPoolWorker-27,  processing 71 (41046.9 per sec) reads @ chr18:10000000-15000000
ForkPoolWorker-27 countReadsInRegions_worker: processing 5000000 (7175537.5 per sec) @ chr18:10000000-15000000
ForkPoolWorker-27,  processing 319 (68240.1 per sec) reads @ chr10:100000000-105000000
ForkPoolWorker-27 countReadsInRegions_worker: processing 5000000 (7146605.2 per sec) @ chr10:100000000-105000000
ForkPoolWorker-27,  processing 0 (0.0 per sec) reads @ chr1_KI270706v1_random:0-175055
ForkPoolWorker-27 countReadsInRegions_worker: processing 175055 (5378254.2 per sec) @ chr1_KI270706v1_random:0-175055
ForkPoolWorker-27,  processing 38 (35293.1 per sec) reads @ chr5:125000000-130000000
ForkPoolWorker-27 countReadsInRegions_worker: processing 5000000 (7132883.8 per sec) @ chr5:125000000-130000000
ForkPoolWorker-27,  processing 0 (0.0 per sec) reads @ chr13:5000000-10000000
ForkPoolWorker-27 countReadsInRegions_worker: processing 5000000 (7126085.2 per sec) @ chr13:5000000-10000000
ForkPoolWorker-27,  processing 605 (76218.8 per sec) reads @ chr16:30000000-35000000
ForkPoolWorker-27 countReadsInRegions_worker: processing 5000000 (7056223.6 per sec) @ chr16:30000000-35000000
ForkPoolWorker-27,  processing 0 (0.0 per sec) reads @ chrUn_GL000224v1:0-179693
ForkPoolWorker-27 countReadsInRegions_worker: processing 179693 (5853425.5 per sec) @ chrUn_GL000224v1:0-179693
ForkPoolWorker-27,  processing 414 (82881.1 per sec) reads @ chr6:105000000-110000000
ForkPoolWorker-27 countReadsInRegions_worker: processing 5000000 (7056608.3 per sec) @ chr6:105000000-110000000
ForkPoolWorker-27,  processing 43 (42317.0 per sec) reads @ chr11:25000000-30000000
ForkPoolWorker-27 countReadsInRegions_worker: processing 5000000 (7113248.1 per sec) @ chr11:25000000-30000000
ForkPoolWorker-27,  processing 149 (59889.9 per sec) reads @ chr15:65000000-70000000
ForkPoolWorker-27 countReadsInRegions_worker: processing 5000000 (7089413.4 per sec) @ chr15:65000000-70000000
ForkPoolWorker-27,  processing 67 (47971.7 per sec) reads @ chr18:20000000-25000000
ForkPoolWorker-27 countReadsInRegions_worker: processing 5000000 (7097551.9 per sec) @ chr18:20000000-25000000
ForkPoolWorker-27,  processing 355 (84803.4 per sec) reads @ chr1:120000000-125000000
ForkPoolWorker-27 countReadsInRegions_worker: processing 5000000 (7065773.6 per sec) @ chr1:120000000-125000000
ForkPoolWorker-27,  processing 0 (0.0 per sec) reads @ chr14:10000000-15000000
ForkPoolWorker-27 countReadsInRegions_worker: processing 5000000 (8009483.9 per sec) @ chr14:10000000-15000000
ForkPoolWorker-27,  processing 105 (55368.6 per sec) reads @ chr7:125000000-130000000
ForkPoolWorker-27 countReadsInRegions_worker: processing 5000000 (8254901.7 per sec) @ chr7:125000000-130000000
ForkPoolWorker-27,  processing 52 (41910.8 per sec) reads @ chr15:25000000-30000000
ForkPoolWorker-27 countReadsInRegions_worker: processing 5000000 (8284230.0 per sec) @ chr15:25000000-30000000
ForkPoolWorker-33,  processing 0 (0.0 per sec) reads @ chr4_GL000008v2_random:0-209709
ForkPoolWorker-33 countReadsInRegions_worker: processing 209709 (2708877.3 per sec) @ chr4_GL000008v2_random:0-209709
ForkPoolWorker-33,  processing 55 (31731.3 per sec) reads @ chr4:145000000-150000000
ForkPoolWorker-33 countReadsInRegions_worker: processing 5000000 (7565786.4 per sec) @ chr4:145000000-150000000
ForkPoolWorker-33,  processing 0 (0.0 per sec) reads @ chr1_KI270712v1_random:0-176043
ForkPoolWorker-33 countReadsInRegions_worker: processing 176043 (4097091.7 per sec) @ chr1_KI270712v1_random:0-176043
ForkPoolWorker-33,  processing 107 (59411.0 per sec) reads @ chr11:120000000-125000000
ForkPoolWorker-33 countReadsInRegions_worker: processing 5000000 (6918453.3 per sec) @ chr11:120000000-125000000
ForkPoolWorker-33,  processing 0 (0.0 per sec) reads @ chrUn_KI270744v1:0-168472
ForkPoolWorker-33 countReadsInRegions_worker: processing 168472 (5703354.3 per sec) @ chrUn_KI270744v1:0-168472
ForkPoolWorker-33,  processing 206 (65476.4 per sec) reads @ chrX:0-5000000
ForkPoolWorker-33 countReadsInRegions_worker: processing 5000000 (7107231.1 per sec) @ chrX:0-5000000
ForkPoolWorker-33,  processing 60 (43743.8 per sec) reads @ chr9:85000000-90000000
ForkPoolWorker-33 countReadsInRegions_worker: processing 5000000 (7081080.8 per sec) @ chr9:85000000-90000000
ForkPoolWorker-33,  processing 42 (35703.4 per sec) reads @ chr2:150000000-155000000
ForkPoolWorker-33 countReadsInRegions_worker: processing 5000000 (7089873.6 per sec) @ chr2:150000000-155000000
ForkPoolWorker-33,  processing 92 (49175.0 per sec) reads @ chr3:5000000-10000000
ForkPoolWorker-33 countReadsInRegions_worker: processing 5000000 (7047741.4 per sec) @ chr3:5000000-10000000
ForkPoolWorker-33,  processing 0 (0.0 per sec) reads @ chrUn_KI270383v1:0-1750
ForkPoolWorker-33 countReadsInRegions_worker: processing 1750 (212785.4 per sec) @ chrUn_KI270383v1:0-1750
ForkPoolWorker-33,  processing 0 (0.0 per sec) reads @ chr1_KI270714v1_random:0-41717
ForkPoolWorker-33 countReadsInRegions_worker: processing 41717 (3331311.0 per sec) @ chr1_KI270714v1_random:0-41717
ForkPoolWorker-33,  processing 34 (35263.7 per sec) reads @ chr8:65000000-70000000
ForkPoolWorker-33 countReadsInRegions_worker: processing 5000000 (7069834.9 per sec) @ chr8:65000000-70000000
ForkPoolWorker-33,  processing 2109 (80862.5 per sec) reads @ chr8:140000000-145000000
ForkPoolWorker-33 countReadsInRegions_worker: processing 5000000 (6844459.6 per sec) @ chr8:140000000-145000000
ForkPoolWorker-33,  processing 0 (0.0 per sec) reads @ chr1_KI270707v1_random:0-32032
ForkPoolWorker-33 countReadsInRegions_worker: processing 32032 (2701084.6 per sec) @ chr1_KI270707v1_random:0-32032
ForkPoolWorker-33,  processing 101 (54394.5 per sec) reads @ chr20:45000000-50000000
ForkPoolWorker-33 countReadsInRegions_worker: processing 5000000 (7096094.2 per sec) @ chr20:45000000-50000000
ForkPoolWorker-33,  processing 125 (59101.3 per sec) reads @ chr17:50000000-55000000
ForkPoolWorker-33 countReadsInRegions_worker: processing 5000000 (7019722.8 per sec) @ chr17:50000000-55000000
ForkPoolWorker-33,  processing 34 (33705.1 per sec) reads @ chr2:110000000-115000000
ForkPoolWorker-33 countReadsInRegions_worker: processing 5000000 (7093118.1 per sec) @ chr2:110000000-115000000
ForkPoolWorker-33,  processing 82 (55161.7 per sec) reads @ chr16:80000000-85000000
ForkPoolWorker-33 countReadsInRegions_worker: processing 5000000 (8300572.1 per sec) @ chr16:80000000-85000000
ForkPoolWorker-33,  processing 34 (35993.5 per sec) reads @ chr17:10000000-15000000
ForkPoolWorker-33 countReadsInRegions_worker: processing 5000000 (8335630.1 per sec) @ chr17:10000000-15000000
ForkPoolWorker-33,  processing 227 (71340.3 per sec) reads @ chr22:15000000-20000000
ForkPoolWorker-33 countReadsInRegions_worker: processing 5000000 (8343758.6 per sec) @ chr22:15000000-20000000
ForkPoolWorker-52,  processing 34 (574.0 per sec) reads @ chr2:55000000-60000000
ForkPoolWorker-52 countReadsInRegions_worker: processing 5000000 (6196541.7 per sec) @ chr2:55000000-60000000
ForkPoolWorker-52,  processing 235 (50074.2 per sec) reads @ chr16:70000000-75000000
ForkPoolWorker-52 countReadsInRegions_worker: processing 5000000 (6463829.5 per sec) @ chr16:70000000-75000000
ForkPoolWorker-52,  processing 49 (31391.6 per sec) reads @ chr16:5000000-10000000
ForkPoolWorker-52 countReadsInRegions_worker: processing 5000000 (6949292.7 per sec) @ chr16:5000000-10000000
ForkPoolWorker-52,  processing 84 (46364.2 per sec) reads @ chr12:115000000-120000000
ForkPoolWorker-52 countReadsInRegions_worker: processing 5000000 (7084130.5 per sec) @ chr12:115000000-120000000
ForkPoolWorker-52,  processing 26 (28186.1 per sec) reads @ chr15:35000000-40000000
ForkPoolWorker-52 countReadsInRegions_worker: processing 5000000 (7129362.9 per sec) @ chr15:35000000-40000000
ForkPoolWorker-52,  processing 178 (59009.3 per sec) reads @ chr10:70000000-75000000
ForkPoolWorker-52 countReadsInRegions_worker: processing 5000000 (7083620.9 per sec) @ chr10:70000000-75000000
ForkPoolWorker-52,  processing 412 (75345.7 per sec) reads @ chr14:20000000-25000000
ForkPoolWorker-52 countReadsInRegions_worker: processing 5000000 (7071990.1 per sec) @ chr14:20000000-25000000
ForkPoolWorker-52,  processing 0 (0.0 per sec) reads @ chr14_KI270722v1_random:0-194050
ForkPoolWorker-52 countReadsInRegions_worker: processing 194050 (5468760.5 per sec) @ chr14_KI270722v1_random:0-194050
ForkPoolWorker-52,  processing 26 (28421.1 per sec) reads @ chr9:10000000-15000000
ForkPoolWorker-52 countReadsInRegions_worker: processing 5000000 (7112408.6 per sec) @ chr9:10000000-15000000
ForkPoolWorker-52,  processing 8 (12930.4 per sec) reads @ chr6:65000000-70000000
ForkPoolWorker-52 countReadsInRegions_worker: processing 5000000 (7090003.0 per sec) @ chr6:65000000-70000000
ForkPoolWorker-52,  processing 75 (53782.3 per sec) reads @ chr15:95000000-100000000
ForkPoolWorker-52 countReadsInRegions_worker: processing 5000000 (7091079.4 per sec) @ chr15:95000000-100000000
ForkPoolWorker-52,  processing 0 (0.0 per sec) reads @ chrUn_KI270378v1:0-1048
ForkPoolWorker-52 countReadsInRegions_worker: processing 1048 (126909.3 per sec) @ chrUn_KI270378v1:0-1048
ForkPoolWorker-52,  processing 248 (62201.0 per sec) reads @ chr1:150000000-155000000
ForkPoolWorker-52 countReadsInRegions_worker: processing 5000000 (7048478.0 per sec) @ chr1:150000000-155000000
ForkPoolWorker-52,  processing 11 (18128.6 per sec) reads @ chr5:85000000-90000000
ForkPoolWorker-52 countReadsInRegions_worker: processing 5000000 (8261916.5 per sec) @ chr5:85000000-90000000
ForkPoolWorker-52,  processing 0 (0.0 per sec) reads @ chr1:125000000-130000000
ForkPoolWorker-52 countReadsInRegions_worker: processing 5000000 (8282957.2 per sec) @ chr1:125000000-130000000
ForkPoolWorker-52,  processing 49 (49511.2 per sec) reads @ chr8:135000000-140000000
ForkPoolWorker-52 countReadsInRegions_worker: processing 5000000 (8276318.2 per sec) @ chr8:135000000-140000000
ForkPoolWorker-20,  processing 112 (1735.7 per sec) reads @ chr7:95000000-100000000
ForkPoolWorker-20 countReadsInRegions_worker: processing 5000000 (6372774.5 per sec) @ chr7:95000000-100000000
ForkPoolWorker-20,  processing 0 (0.0 per sec) reads @ chrUn_KI270340v1:0-1428
ForkPoolWorker-20 countReadsInRegions_worker: processing 1428 (116402.0 per sec) @ chrUn_KI270340v1:0-1428
ForkPoolWorker-20,  processing 84 (42417.7 per sec) reads @ chr13:75000000-80000000
ForkPoolWorker-20 countReadsInRegions_worker: processing 5000000 (6878088.9 per sec) @ chr13:75000000-80000000
ForkPoolWorker-20,  processing 21 (25216.3 per sec) reads @ chr7:10000000-15000000
ForkPoolWorker-20 countReadsInRegions_worker: processing 5000000 (6968703.9 per sec) @ chr7:10000000-15000000
ForkPoolWorker-20,  processing 170 (62448.0 per sec) reads @ chr7:145000000-150000000
ForkPoolWorker-20 countReadsInRegions_worker: processing 5000000 (6938468.2 per sec) @ chr7:145000000-150000000
ForkPoolWorker-20,  processing 7 (11697.3 per sec) reads @ chrX:155000000-156040895
ForkPoolWorker-20 countReadsInRegions_worker: processing 1040895 (6645877.9 per sec) @ chrX:155000000-156040895
ForkPoolWorker-20,  processing 0 (0.0 per sec) reads @ chrUn_KI270395v1:0-1143
ForkPoolWorker-20 countReadsInRegions_worker: processing 1143 (137642.5 per sec) @ chrUn_KI270395v1:0-1143
ForkPoolWorker-20,  processing 0 (0.0 per sec) reads @ chrUn_KI270429v1:0-1361
ForkPoolWorker-20 countReadsInRegions_worker: processing 1361 (171003.8 per sec) @ chrUn_KI270429v1:0-1361
ForkPoolWorker-20,  processing 134 (60040.2 per sec) reads @ chr12:125000000-130000000
ForkPoolWorker-20 countReadsInRegions_worker: processing 5000000 (6972621.9 per sec) @ chr12:125000000-130000000
ForkPoolWorker-20,  processing 172 (57069.9 per sec) reads @ chr11:115000000-120000000
ForkPoolWorker-20 countReadsInRegions_worker: processing 5000000 (6941371.0 per sec) @ chr11:115000000-120000000
ForkPoolWorker-20,  processing 84 (44887.4 per sec) reads @ chr6:165000000-170000000
ForkPoolWorker-20 countReadsInRegions_worker: processing 5000000 (6951264.5 per sec) @ chr6:165000000-170000000
ForkPoolWorker-20,  processing 591 (72019.3 per sec) reads @ chr22:35000000-40000000
ForkPoolWorker-20 countReadsInRegions_worker: processing 5000000 (6898195.0 per sec) @ chr22:35000000-40000000
ForkPoolWorker-20,  processing 0 (0.0 per sec) reads @ chr13:0-5000000
ForkPoolWorker-20 countReadsInRegions_worker: processing 5000000 (6963728.8 per sec) @ chr13:0-5000000
ForkPoolWorker-20,  processing 162 (61049.2 per sec) reads @ chr2:95000000-100000000
ForkPoolWorker-20 countReadsInRegions_worker: processing 5000000 (6954212.6 per sec) @ chr2:95000000-100000000
ForkPoolWorker-20,  processing 34 (35316.1 per sec) reads @ chr1:185000000-190000000
ForkPoolWorker-20 countReadsInRegions_worker: processing 5000000 (7014683.9 per sec) @ chr1:185000000-190000000
ForkPoolWorker-20,  processing 304 (70027.9 per sec) reads @ chr1:225000000-230000000
ForkPoolWorker-20 countReadsInRegions_worker: processing 5000000 (8224438.3 per sec) @ chr1:225000000-230000000
ForkPoolWorker-51,  processing 42 (707.8 per sec) reads @ chr7:130000000-135000000
ForkPoolWorker-51 countReadsInRegions_worker: processing 5000000 (6393738.6 per sec) @ chr7:130000000-135000000
ForkPoolWorker-51,  processing 224 (47769.2 per sec) reads @ chr11:70000000-75000000
ForkPoolWorker-51 countReadsInRegions_worker: processing 5000000 (6741465.7 per sec) @ chr11:70000000-75000000
ForkPoolWorker-51,  processing 103 (56866.3 per sec) reads @ chr6:75000000-80000000
ForkPoolWorker-51 countReadsInRegions_worker: processing 5000000 (6965447.3 per sec) @ chr6:75000000-80000000
ForkPoolWorker-51,  processing 6 (9144.6 per sec) reads @ chrX:60000000-65000000
ForkPoolWorker-51 countReadsInRegions_worker: processing 5000000 (6961886.4 per sec) @ chrX:60000000-65000000
ForkPoolWorker-51,  processing 95 (51091.0 per sec) reads @ chr9:75000000-80000000
ForkPoolWorker-51 countReadsInRegions_worker: processing 5000000 (6972647.4 per sec) @ chr9:75000000-80000000
ForkPoolWorker-51,  processing 24 (27081.9 per sec) reads @ chr1:215000000-220000000
ForkPoolWorker-51 countReadsInRegions_worker: processing 5000000 (6960335.9 per sec) @ chr1:215000000-220000000
ForkPoolWorker-51,  processing 23 (25300.0 per sec) reads @ chr2:15000000-20000000
ForkPoolWorker-51 countReadsInRegions_worker: processing 5000000 (7006706.2 per sec) @ chr2:15000000-20000000
ForkPoolWorker-51,  processing 0 (0.0 per sec) reads @ chrUn_KI270748v1:0-93321
ForkPoolWorker-51 countReadsInRegions_worker: processing 93321 (4328680.9 per sec) @ chrUn_KI270748v1:0-93321
ForkPoolWorker-51,  processing 39 (34960.0 per sec) reads @ chr13:20000000-25000000
ForkPoolWorker-51 countReadsInRegions_worker: processing 5000000 (7004740.3 per sec) @ chr13:20000000-25000000
ForkPoolWorker-51,  processing 0 (0.0 per sec) reads @ chrUn_KI270746v1:0-66486
ForkPoolWorker-51 countReadsInRegions_worker: processing 66486 (4002791.8 per sec) @ chrUn_KI270746v1:0-66486
ForkPoolWorker-51,  processing 192 (57653.7 per sec) reads @ chr2:70000000-75000000
ForkPoolWorker-51 countReadsInRegions_worker: processing 5000000 (6980647.7 per sec) @ chr2:70000000-75000000
ForkPoolWorker-51,  processing 209 (62432.1 per sec) reads @ chr17:60000000-65000000
ForkPoolWorker-51 countReadsInRegions_worker: processing 5000000 (6974442.2 per sec) @ chr17:60000000-65000000
ForkPoolWorker-51,  processing 39 (35599.1 per sec) reads @ chr2:195000000-200000000
ForkPoolWorker-51 countReadsInRegions_worker: processing 5000000 (7014946.7 per sec) @ chr2:195000000-200000000
ForkPoolWorker-51,  processing 0 (0.0 per sec) reads @ chr1:135000000-140000000
ForkPoolWorker-51 countReadsInRegions_worker: processing 5000000 (8288227.6 per sec) @ chr1:135000000-140000000
ForkPoolWorker-49,  processing 0 (0.0 per sec) reads @ chrUn_KI270516v1:0-1300
ForkPoolWorker-49 countReadsInRegions_worker: processing 1300 (29404.2 per sec) @ chrUn_KI270516v1:0-1300
ForkPoolWorker-49,  processing 7 (1996.2 per sec) reads @ chr11:95000000-100000000
ForkPoolWorker-49 countReadsInRegions_worker: processing 5000000 (6608952.0 per sec) @ chr11:95000000-100000000
ForkPoolWorker-49,  processing 115 (53344.9 per sec) reads @ chr5:135000000-140000000
ForkPoolWorker-49 countReadsInRegions_worker: processing 5000000 (6649736.5 per sec) @ chr5:135000000-140000000
ForkPoolWorker-49,  processing 56 (39146.8 per sec) reads @ chr10:80000000-85000000
ForkPoolWorker-49 countReadsInRegions_worker: processing 5000000 (6861209.5 per sec) @ chr10:80000000-85000000
ForkPoolWorker-49,  processing 0 (0.0 per sec) reads @ chrUn_KI270756v1:0-79590
ForkPoolWorker-49 countReadsInRegions_worker: processing 79590 (3872900.5 per sec) @ chrUn_KI270756v1:0-79590
ForkPoolWorker-49,  processing 8 (10410.9 per sec) reads @ chr6:60000000-65000000
ForkPoolWorker-49 countReadsInRegions_worker: processing 5000000 (6950612.5 per sec) @ chr6:60000000-65000000
ForkPoolWorker-49,  processing 20 (21050.5 per sec) reads @ chr9:0-5000000
ForkPoolWorker-49 countReadsInRegions_worker: processing 5000000 (6925883.6 per sec) @ chr9:0-5000000
ForkPoolWorker-49,  processing 0 (0.0 per sec) reads @ chrY:40000000-45000000
ForkPoolWorker-49 countReadsInRegions_worker: processing 5000000 (6928590.5 per sec) @ chrY:40000000-45000000
ForkPoolWorker-49,  processing 0 (0.0 per sec) reads @ chrUn_KI270362v1:0-3530
ForkPoolWorker-49 countReadsInRegions_worker: processing 3530 (405540.9 per sec) @ chrUn_KI270362v1:0-3530
ForkPoolWorker-49,  processing 0 (0.0 per sec) reads @ chrUn_KI270392v1:0-971
ForkPoolWorker-49 countReadsInRegions_worker: processing 971 (118754.0 per sec) @ chrUn_KI270392v1:0-971
ForkPoolWorker-49,  processing 298 (70432.9 per sec) reads @ chr21:40000000-45000000
ForkPoolWorker-49 countReadsInRegions_worker: processing 5000000 (6912259.9 per sec) @ chr21:40000000-45000000
ForkPoolWorker-49,  processing 3 (5188.8 per sec) reads @ chr22:10000000-15000000
ForkPoolWorker-49 countReadsInRegions_worker: processing 5000000 (6968905.4 per sec) @ chr22:10000000-15000000
ForkPoolWorker-49,  processing 0 (0.0 per sec) reads @ chr14_KI270723v1_random:0-38115
ForkPoolWorker-49 countReadsInRegions_worker: processing 38115 (2912583.8 per sec) @ chr14_KI270723v1_random:0-38115
ForkPoolWorker-49,  processing 32 (30053.2 per sec) reads @ chr5:105000000-110000000
ForkPoolWorker-49 countReadsInRegions_worker: processing 5000000 (6984551.2 per sec) @ chr5:105000000-110000000
ForkPoolWorker-49,  processing 29 (29988.9 per sec) reads @ chr14:85000000-90000000
ForkPoolWorker-49 countReadsInRegions_worker: processing 5000000 (6986563.9 per sec) @ chr14:85000000-90000000
ForkPoolWorker-49,  processing 0 (0.0 per sec) reads @ chrUn_KI270391v1:0-1484
ForkPoolWorker-49 countReadsInRegions_worker: processing 1484 (174581.3 per sec) @ chrUn_KI270391v1:0-1484
ForkPoolWorker-49,  processing 0 (0.0 per sec) reads @ chrUn_KI270438v1:0-112505
ForkPoolWorker-49 countReadsInRegions_worker: processing 112505 (4872831.9 per sec) @ chrUn_KI270438v1:0-112505
ForkPoolWorker-49,  processing 6 (9310.3 per sec) reads @ chrX:25000000-30000000
ForkPoolWorker-49 countReadsInRegions_worker: processing 5000000 (7006158.4 per sec) @ chrX:25000000-30000000
ForkPoolWorker-49,  processing 10 (16630.9 per sec) reads @ chr2:90000000-95000000
ForkPoolWorker-49 countReadsInRegions_worker: processing 5000000 (8253313.1 per sec) @ chr2:90000000-95000000
ForkPoolWorker-49,  processing 0 (0.0 per sec) reads @ chrUn_KI270751v1:0-150742
ForkPoolWorker-49 countReadsInRegions_worker: processing 150742 (6313990.7 per sec) @ chrUn_KI270751v1:0-150742
ForkPoolWorker-30,  processing 792 (11132.9 per sec) reads @ chrX:150000000-155000000
ForkPoolWorker-30 countReadsInRegions_worker: processing 5000000 (6067000.1 per sec) @ chrX:150000000-155000000
ForkPoolWorker-30,  processing 143 (56434.5 per sec) reads @ chr2:235000000-240000000
ForkPoolWorker-30 countReadsInRegions_worker: processing 5000000 (6800055.3 per sec) @ chr2:235000000-240000000
ForkPoolWorker-30,  processing 0 (0.0 per sec) reads @ chr1:130000000-135000000
ForkPoolWorker-30 countReadsInRegions_worker: processing 5000000 (6933238.1 per sec) @ chr1:130000000-135000000
ForkPoolWorker-30,  processing 3 (4381.2 per sec) reads @ chr16:90000000-90338345
ForkPoolWorker-30 countReadsInRegions_worker: processing 338345 (5977061.6 per sec) @ chr16:90000000-90338345
ForkPoolWorker-30,  processing 0 (0.0 per sec) reads @ chr2_KI270715v1_random:0-161471
ForkPoolWorker-30 countReadsInRegions_worker: processing 161471 (5366378.7 per sec) @ chr2_KI270715v1_random:0-161471
ForkPoolWorker-30,  processing 634 (72101.9 per sec) reads @ chr19:5000000-10000000
ForkPoolWorker-30 countReadsInRegions_worker: processing 5000000 (6849131.5 per sec) @ chr19:5000000-10000000
ForkPoolWorker-30,  processing 4 (6607.8 per sec) reads @ chrX:90000000-95000000
ForkPoolWorker-30 countReadsInRegions_worker: processing 5000000 (6934597.6 per sec) @ chrX:90000000-95000000
ForkPoolWorker-30,  processing 10 (14423.3 per sec) reads @ chrX:30000000-35000000
ForkPoolWorker-30 countReadsInRegions_worker: processing 5000000 (6937203.5 per sec) @ chrX:30000000-35000000
ForkPoolWorker-30,  processing 246 (67917.2 per sec) reads @ chr14:105000000-107043718
ForkPoolWorker-30 countReadsInRegions_worker: processing 2043718 (6806914.4 per sec) @ chr14:105000000-107043718
ForkPoolWorker-30,  processing 48 (37553.9 per sec) reads @ chr4:70000000-75000000
ForkPoolWorker-30 countReadsInRegions_worker: processing 5000000 (7002445.8 per sec) @ chr4:70000000-75000000
ForkPoolWorker-30,  processing 0 (0.0 per sec) reads @ chr9:50000000-55000000
ForkPoolWorker-30 countReadsInRegions_worker: processing 5000000 (7024201.8 per sec) @ chr9:50000000-55000000
ForkPoolWorker-30,  processing 0 (0.0 per sec) reads @ chrUn_KI270466v1:0-1233
ForkPoolWorker-30 countReadsInRegions_worker: processing 1233 (145822.0 per sec) @ chrUn_KI270466v1:0-1233
ForkPoolWorker-30,  processing 5 (8563.3 per sec) reads @ chr13:80000000-85000000
ForkPoolWorker-30 countReadsInRegions_worker: processing 5000000 (7042792.4 per sec) @ chr13:80000000-85000000
ForkPoolWorker-30,  processing 0 (0.0 per sec) reads @ chrY:50000000-55000000
ForkPoolWorker-30 countReadsInRegions_worker: processing 5000000 (7027454.7 per sec) @ chrY:50000000-55000000
ForkPoolWorker-30,  processing 38 (33875.4 per sec) reads @ chr6:130000000-135000000
ForkPoolWorker-30 countReadsInRegions_worker: processing 5000000 (7240986.9 per sec) @ chr6:130000000-135000000
ForkPoolWorker-30,  processing 53 (43122.8 per sec) reads @ chr20:25000000-30000000
ForkPoolWorker-30 countReadsInRegions_worker: processing 5000000 (8263003.7 per sec) @ chr20:25000000-30000000
ForkPoolWorker-6,  processing 183 (2656.2 per sec) reads @ chr3:180000000-185000000
ForkPoolWorker-6 countReadsInRegions_worker: processing 5000000 (6324632.5 per sec) @ chr3:180000000-185000000
ForkPoolWorker-6,  processing 801 (87735.0 per sec) reads @ chr15:80000000-85000000
ForkPoolWorker-6 countReadsInRegions_worker: processing 5000000 (6811805.8 per sec) @ chr15:80000000-85000000
ForkPoolWorker-6,  processing 90 (52421.5 per sec) reads @ chr5:70000000-75000000
ForkPoolWorker-6 countReadsInRegions_worker: processing 5000000 (6965299.2 per sec) @ chr5:70000000-75000000
ForkPoolWorker-6,  processing 0 (0.0 per sec) reads @ chr14_KI270724v1_random:0-39555
ForkPoolWorker-6 countReadsInRegions_worker: processing 39555 (2982520.7 per sec) @ chr14_KI270724v1_random:0-39555
ForkPoolWorker-6,  processing 69 (45001.9 per sec) reads @ chr7:20000000-25000000
ForkPoolWorker-6 countReadsInRegions_worker: processing 5000000 (6938495.7 per sec) @ chr7:20000000-25000000
ForkPoolWorker-6,  processing 0 (0.0 per sec) reads @ chrUn_KI270302v1:0-2274
ForkPoolWorker-6 countReadsInRegions_worker: processing 2274 (287431.7 per sec) @ chrUn_KI270302v1:0-2274
ForkPoolWorker-6,  processing 37 (34834.8 per sec) reads @ chr10:15000000-20000000
ForkPoolWorker-6 countReadsInRegions_worker: processing 5000000 (6972577.8 per sec) @ chr10:15000000-20000000
ForkPoolWorker-6,  processing 42 (38362.5 per sec) reads @ chr13:70000000-75000000
ForkPoolWorker-6 countReadsInRegions_worker: processing 5000000 (6977955.7 per sec) @ chr13:70000000-75000000
ForkPoolWorker-6,  processing 14 (18887.2 per sec) reads @ chr13:55000000-60000000
ForkPoolWorker-6 countReadsInRegions_worker: processing 5000000 (6978141.4 per sec) @ chr13:55000000-60000000
ForkPoolWorker-6,  processing 239 (62282.6 per sec) reads @ chr1:30000000-35000000
ForkPoolWorker-6 countReadsInRegions_worker: processing 5000000 (6938337.3 per sec) @ chr1:30000000-35000000
ForkPoolWorker-6,  processing 0 (0.0 per sec) reads @ chrUn_KI270422v1:0-1445
ForkPoolWorker-6 countReadsInRegions_worker: processing 1445 (186502.4 per sec) @ chrUn_KI270422v1:0-1445
ForkPoolWorker-6,  processing 48 (42420.3 per sec) reads @ chr13:90000000-95000000
ForkPoolWorker-6 countReadsInRegions_worker: processing 5000000 (6969303.7 per sec) @ chr13:90000000-95000000
ForkPoolWorker-6,  processing 53 (45100.0 per sec) reads @ chr3:160000000-165000000
ForkPoolWorker-6 countReadsInRegions_worker: processing 5000000 (6977372.9 per sec) @ chr3:160000000-165000000
ForkPoolWorker-6,  processing 26 (29119.3 per sec) reads @ chr2:115000000-120000000
ForkPoolWorker-6 countReadsInRegions_worker: processing 5000000 (6978840.4 per sec) @ chr2:115000000-120000000
ForkPoolWorker-6,  processing 41 (41457.7 per sec) reads @ chr5:50000000-55000000
ForkPoolWorker-6 countReadsInRegions_worker: processing 5000000 (8034508.0 per sec) @ chr5:50000000-55000000
ForkPoolWorker-6,  processing 41 (38713.7 per sec) reads @ chr13:30000000-35000000
ForkPoolWorker-6 countReadsInRegions_worker: processing 5000000 (8236454.3 per sec) @ chr13:30000000-35000000
ForkPoolWorker-24,  processing 461 (6956.5 per sec) reads @ chr19:40000000-45000000
ForkPoolWorker-24 countReadsInRegions_worker: processing 5000000 (6079633.7 per sec) @ chr19:40000000-45000000
ForkPoolWorker-24,  processing 0 (0.0 per sec) reads @ chrUn_KI270580v1:0-1553
ForkPoolWorker-24 countReadsInRegions_worker: processing 1553 (139639.3 per sec) @ chrUn_KI270580v1:0-1553
ForkPoolWorker-24,  processing 0 (0.0 per sec) reads @ chrY:25000000-30000000
ForkPoolWorker-24 countReadsInRegions_worker: processing 5000000 (6767003.8 per sec) @ chrY:25000000-30000000
ForkPoolWorker-24,  processing 41 (26786.1 per sec) reads @ chr5:10000000-15000000
ForkPoolWorker-24 countReadsInRegions_worker: processing 5000000 (6868346.3 per sec) @ chr5:10000000-15000000
ForkPoolWorker-24,  processing 0 (0.0 per sec) reads @ chrUn_KI270528v1:0-2983
ForkPoolWorker-24 countReadsInRegions_worker: processing 2983 (350494.7 per sec) @ chrUn_KI270528v1:0-2983
ForkPoolWorker-24,  processing 39 (30495.5 per sec) reads @ chr4:120000000-125000000
ForkPoolWorker-24 countReadsInRegions_worker: processing 5000000 (6911740.5 per sec) @ chr4:120000000-125000000
ForkPoolWorker-24,  processing 2 (3761.7 per sec) reads @ chr3:80000000-85000000
ForkPoolWorker-24 countReadsInRegions_worker: processing 5000000 (6935161.8 per sec) @ chr3:80000000-85000000
ForkPoolWorker-24,  processing 11 (14688.7 per sec) reads @ chr8:5000000-10000000
ForkPoolWorker-24 countReadsInRegions_worker: processing 5000000 (6971956.6 per sec) @ chr8:5000000-10000000
ForkPoolWorker-24,  processing 21 (26626.5 per sec) reads @ chr2:225000000-230000000
ForkPoolWorker-24 countReadsInRegions_worker: processing 5000000 (6959282.7 per sec) @ chr2:225000000-230000000
ForkPoolWorker-24,  processing 26 (29220.8 per sec) reads @ chr2:135000000-140000000
ForkPoolWorker-24 countReadsInRegions_worker: processing 5000000 (6951312.8 per sec) @ chr2:135000000-140000000
ForkPoolWorker-24,  processing 0 (0.0 per sec) reads @ chrUn_KI270588v1:0-6158
ForkPoolWorker-24 countReadsInRegions_worker: processing 6158 (719918.7 per sec) @ chrUn_KI270588v1:0-6158
ForkPoolWorker-24,  processing 34 (32191.0 per sec) reads @ chr4:85000000-90000000
ForkPoolWorker-24 countReadsInRegions_worker: processing 5000000 (6963606.3 per sec) @ chr4:85000000-90000000
ForkPoolWorker-24,  processing 0 (0.0 per sec) reads @ chr15:5000000-10000000
ForkPoolWorker-24 countReadsInRegions_worker: processing 5000000 (6963652.5 per sec) @ chr15:5000000-10000000
ForkPoolWorker-24,  processing 5 (8830.1 per sec) reads @ chr21:20000000-25000000
ForkPoolWorker-24 countReadsInRegions_worker: processing 5000000 (6991837.4 per sec) @ chr21:20000000-25000000
ForkPoolWorker-24,  processing 11 (15191.7 per sec) reads @ chr5:160000000-165000000
ForkPoolWorker-24 countReadsInRegions_worker: processing 5000000 (8256022.9 per sec) @ chr5:160000000-165000000
ForkPoolWorker-24,  processing 919 (84988.4 per sec) reads @ chr22:50000000-50818468
ForkPoolWorker-24 countReadsInRegions_worker: processing 818468 (7001739.0 per sec) @ chr22:50000000-50818468
ForkPoolWorker-5,  processing 19 (287.8 per sec) reads @ chr2:160000000-165000000
ForkPoolWorker-5 countReadsInRegions_worker: processing 5000000 (6101693.3 per sec) @ chr2:160000000-165000000
ForkPoolWorker-5,  processing 57 (31036.7 per sec) reads @ chr7:105000000-110000000
ForkPoolWorker-5 countReadsInRegions_worker: processing 5000000 (6894868.0 per sec) @ chr7:105000000-110000000
ForkPoolWorker-5,  processing 172 (64086.4 per sec) reads @ chrX:130000000-135000000
ForkPoolWorker-5 countReadsInRegions_worker: processing 5000000 (6958670.7 per sec) @ chrX:130000000-135000000
ForkPoolWorker-5,  processing 220 (70395.7 per sec) reads @ chr1:60000000-65000000
ForkPoolWorker-5 countReadsInRegions_worker: processing 5000000 (7007642.7 per sec) @ chr1:60000000-65000000
ForkPoolWorker-5,  processing 0 (0.0 per sec) reads @ chrUn_GL000218v1:0-161147
ForkPoolWorker-5 countReadsInRegions_worker: processing 161147 (5266352.7 per sec) @ chrUn_GL000218v1:0-161147
ForkPoolWorker-5,  processing 0 (0.0 per sec) reads @ chrUn_KI270386v1:0-1788
ForkPoolWorker-5 countReadsInRegions_worker: processing 1788 (218349.0 per sec) @ chrUn_KI270386v1:0-1788
ForkPoolWorker-5,  processing 658 (70598.9 per sec) reads @ chr3:45000000-50000000
ForkPoolWorker-5 countReadsInRegions_worker: processing 5000000 (6908024.8 per sec) @ chr3:45000000-50000000
ForkPoolWorker-5,  processing 98 (48403.4 per sec) reads @ chr10:115000000-120000000
ForkPoolWorker-5 countReadsInRegions_worker: processing 5000000 (6974637.0 per sec) @ chr10:115000000-120000000
ForkPoolWorker-5,  processing 54 (42839.5 per sec) reads @ chr21:25000000-30000000
ForkPoolWorker-5 countReadsInRegions_worker: processing 5000000 (6953172.8 per sec) @ chr21:25000000-30000000
ForkPoolWorker-5,  processing 10 (14093.8 per sec) reads @ chr5:20000000-25000000
ForkPoolWorker-5 countReadsInRegions_worker: processing 5000000 (6963472.1 per sec) @ chr5:20000000-25000000
ForkPoolWorker-5,  processing 29 (28905.6 per sec) reads @ chr4:105000000-110000000
ForkPoolWorker-5 countReadsInRegions_worker: processing 5000000 (6952873.1 per sec) @ chr4:105000000-110000000
ForkPoolWorker-5,  processing 0 (0.0 per sec) reads @ chrUn_KI270448v1:0-7992
ForkPoolWorker-5 countReadsInRegions_worker: processing 7992 (885788.1 per sec) @ chrUn_KI270448v1:0-7992
ForkPoolWorker-5,  processing 147 (59485.1 per sec) reads @ chr1:240000000-245000000
ForkPoolWorker-5 countReadsInRegions_worker: processing 5000000 (6948611.2 per sec) @ chr1:240000000-245000000
ForkPoolWorker-5,  processing 73 (45434.7 per sec) reads @ chr15:60000000-65000000
ForkPoolWorker-5 countReadsInRegions_worker: processing 5000000 (7007734.0 per sec) @ chr15:60000000-65000000
ForkPoolWorker-5,  processing 20 (28552.1 per sec) reads @ chr7:80000000-85000000
ForkPoolWorker-5 countReadsInRegions_worker: processing 5000000 (8263013.5 per sec) @ chr7:80000000-85000000
ForkPoolWorker-5,  processing 157 (63957.4 per sec) reads @ chr10:125000000-130000000
ForkPoolWorker-5 countReadsInRegions_worker: processing 5000000 (8238243.6 per sec) @ chr10:125000000-130000000
ForkPoolWorker-40,  processing 24 (391.4 per sec) reads @ chr5:100000000-105000000
ForkPoolWorker-40 countReadsInRegions_worker: processing 5000000 (6137513.1 per sec) @ chr5:100000000-105000000
ForkPoolWorker-40,  processing 283 (62707.4 per sec) reads @ chr5:0-5000000
ForkPoolWorker-40 countReadsInRegions_worker: processing 5000000 (6810931.9 per sec) @ chr5:0-5000000
ForkPoolWorker-40,  processing 3458 (81139.8 per sec) reads @ chr16:0-5000000
ForkPoolWorker-40 countReadsInRegions_worker: processing 5000000 (6677339.4 per sec) @ chr16:0-5000000
ForkPoolWorker-40,  processing 0 (0.0 per sec) reads @ chrY_KI270740v1_random:0-37240
ForkPoolWorker-40 countReadsInRegions_worker: processing 37240 (2834359.5 per sec) @ chrY_KI270740v1_random:0-37240
ForkPoolWorker-40,  processing 69 (47165.4 per sec) reads @ chr12:30000000-35000000
ForkPoolWorker-40 countReadsInRegions_worker: processing 5000000 (6952651.8 per sec) @ chr12:30000000-35000000
ForkPoolWorker-40,  processing 24 (25758.3 per sec) reads @ chr12:40000000-45000000
ForkPoolWorker-40 countReadsInRegions_worker: processing 5000000 (6958509.1 per sec) @ chr12:40000000-45000000
ForkPoolWorker-40,  processing 0 (0.0 per sec) reads @ chrUn_KI270529v1:0-1899
ForkPoolWorker-40 countReadsInRegions_worker: processing 1899 (222485.6 per sec) @ chrUn_KI270529v1:0-1899
ForkPoolWorker-40,  processing 114 (56239.8 per sec) reads @ chr1:205000000-210000000
ForkPoolWorker-40 countReadsInRegions_worker: processing 5000000 (6943221.0 per sec) @ chr1:205000000-210000000
ForkPoolWorker-40,  processing 0 (0.0 per sec) reads @ chrY:45000000-50000000
ForkPoolWorker-40 countReadsInRegions_worker: processing 5000000 (6962931.1 per sec) @ chrY:45000000-50000000
ForkPoolWorker-40,  processing 65 (49533.0 per sec) reads @ chr5:90000000-95000000
ForkPoolWorker-40 countReadsInRegions_worker: processing 5000000 (6980766.2 per sec) @ chr5:90000000-95000000
ForkPoolWorker-40,  processing 228 (64306.5 per sec) reads @ chr12:5000000-10000000
ForkPoolWorker-40 countReadsInRegions_worker: processing 5000000 (6983730.1 per sec) @ chr12:5000000-10000000
ForkPoolWorker-40,  processing 0 (0.0 per sec) reads @ chr17_GL000205v2_random:0-185591
ForkPoolWorker-40 countReadsInRegions_worker: processing 185591 (5329378.9 per sec) @ chr17_GL000205v2_random:0-185591
ForkPoolWorker-40,  processing 14 (19905.2 per sec) reads @ chr13:15000000-20000000
ForkPoolWorker-40 countReadsInRegions_worker: processing 5000000 (6954277.2 per sec) @ chr13:15000000-20000000
ForkPoolWorker-40,  processing 162 (59850.0 per sec) reads @ chr1:230000000-235000000
ForkPoolWorker-40 countReadsInRegions_worker: processing 5000000 (7117472.9 per sec) @ chr1:230000000-235000000
ForkPoolWorker-40,  processing 42 (39286.5 per sec) reads @ chr2:65000000-70000000
ForkPoolWorker-40 countReadsInRegions_worker: processing 5000000 (8225435.1 per sec) @ chr2:65000000-70000000
ForkPoolWorker-40,  processing 296 (71228.6 per sec) reads @ chr6:40000000-45000000
ForkPoolWorker-40 countReadsInRegions_worker: processing 5000000 (8239240.5 per sec) @ chr6:40000000-45000000
ForkPoolWorker-8,  processing 0 (0.0 per sec) reads @ chrUn_KI270741v1:0-157432
ForkPoolWorker-8 countReadsInRegions_worker: processing 157432 (2252729.0 per sec) @ chrUn_KI270741v1:0-157432
ForkPoolWorker-8,  processing 2276 (100577.7 per sec) reads @ chr12:60000000-65000000
ForkPoolWorker-8 countReadsInRegions_worker: processing 5000000 (7263490.4 per sec) @ chr12:60000000-65000000
ForkPoolWorker-8,  processing 22 (15420.2 per sec) reads @ chr2:190000000-195000000
ForkPoolWorker-8 countReadsInRegions_worker: processing 5000000 (6953290.3 per sec) @ chr2:190000000-195000000
ForkPoolWorker-8,  processing 0 (0.0 per sec) reads @ chrUn_KI270363v1:0-1803
ForkPoolWorker-8 countReadsInRegions_worker: processing 1803 (225849.1 per sec) @ chrUn_KI270363v1:0-1803
ForkPoolWorker-8,  processing 58 (37774.8 per sec) reads @ chr1:75000000-80000000
ForkPoolWorker-8 countReadsInRegions_worker: processing 5000000 (6983369.7 per sec) @ chr1:75000000-80000000
ForkPoolWorker-8,  processing 3 (6006.2 per sec) reads @ chrUn_GL000195v1:0-182896
ForkPoolWorker-8 countReadsInRegions_worker: processing 182896 (4797807.4 per sec) @ chrUn_GL000195v1:0-182896
ForkPoolWorker-8,  processing 0 (0.0 per sec) reads @ chr16_KI270728v1_random:0-1872759
ForkPoolWorker-8 countReadsInRegions_worker: processing 1872759 (6910989.9 per sec) @ chr16_KI270728v1_random:0-1872759
ForkPoolWorker-8,  processing 212 (69403.1 per sec) reads @ chr14:45000000-50000000
ForkPoolWorker-8 countReadsInRegions_worker: processing 5000000 (7057289.8 per sec) @ chr14:45000000-50000000
ForkPoolWorker-8,  processing 0 (0.0 per sec) reads @ chrUn_KI270418v1:0-2145
ForkPoolWorker-8 countReadsInRegions_worker: processing 2145 (257374.5 per sec) @ chrUn_KI270418v1:0-2145
ForkPoolWorker-8,  processing 0 (0.0 per sec) reads @ chrUn_GL000214v1:0-137718
ForkPoolWorker-8 countReadsInRegions_worker: processing 137718 (5534296.8 per sec) @ chrUn_GL000214v1:0-137718
ForkPoolWorker-8,  processing 151 (62893.7 per sec) reads @ chr12:0-5000000
ForkPoolWorker-8 countReadsInRegions_worker: processing 5000000 (7074106.1 per sec) @ chr12:0-5000000
ForkPoolWorker-8,  processing 20 (24105.2 per sec) reads @ chr13:35000000-40000000
ForkPoolWorker-8 countReadsInRegions_worker: processing 5000000 (7036072.3 per sec) @ chr13:35000000-40000000
ForkPoolWorker-8,  processing 38 (37617.1 per sec) reads @ chr12:75000000-80000000
ForkPoolWorker-8 countReadsInRegions_worker: processing 5000000 (7038341.6 per sec) @ chr12:75000000-80000000
ForkPoolWorker-8,  processing 205 (72327.8 per sec) reads @ chr7:140000000-145000000
ForkPoolWorker-8 countReadsInRegions_worker: processing 5000000 (7014022.3 per sec) @ chr7:140000000-145000000
ForkPoolWorker-8,  processing 0 (0.0 per sec) reads @ chrUn_KI270749v1:0-158759
ForkPoolWorker-8 countReadsInRegions_worker: processing 158759 (5496038.3 per sec) @ chrUn_KI270749v1:0-158759
ForkPoolWorker-8,  processing 25 (29545.7 per sec) reads @ chr13:100000000-105000000
ForkPoolWorker-8 countReadsInRegions_worker: processing 5000000 (7022414.2 per sec) @ chr13:100000000-105000000
ForkPoolWorker-8,  processing 212 (68100.8 per sec) reads @ chr3:10000000-15000000
ForkPoolWorker-8 countReadsInRegions_worker: processing 5000000 (7004080.6 per sec) @ chr3:10000000-15000000
ForkPoolWorker-8,  processing 38 (33632.3 per sec) reads @ chr12:15000000-20000000
ForkPoolWorker-8 countReadsInRegions_worker: processing 5000000 (7247613.3 per sec) @ chr12:15000000-20000000
ForkPoolWorker-8,  processing 156 (58598.6 per sec) reads @ chr22:25000000-30000000
ForkPoolWorker-8 countReadsInRegions_worker: processing 5000000 (8243716.4 per sec) @ chr22:25000000-30000000
ForkPoolWorker-8,  processing 38 (40962.1 per sec) reads @ chrX:20000000-25000000
ForkPoolWorker-8 countReadsInRegions_worker: processing 5000000 (8279432.1 per sec) @ chrX:20000000-25000000
ForkPoolWorker-9,  processing 77 (1146.6 per sec) reads @ chr6:15000000-20000000
ForkPoolWorker-9 countReadsInRegions_worker: processing 5000000 (6100921.2 per sec) @ chr6:15000000-20000000
ForkPoolWorker-9,  processing 38 (34830.3 per sec) reads @ chr2:120000000-125000000
ForkPoolWorker-9 countReadsInRegions_worker: processing 5000000 (6883229.2 per sec) @ chr2:120000000-125000000
ForkPoolWorker-9,  processing 88 (46091.3 per sec) reads @ chr20:15000000-20000000
ForkPoolWorker-9 countReadsInRegions_worker: processing 5000000 (6766787.6 per sec) @ chr20:15000000-20000000
ForkPoolWorker-9,  processing 59 (35076.4 per sec) reads @ chr3:130000000-135000000
ForkPoolWorker-9 countReadsInRegions_worker: processing 5000000 (6884772.6 per sec) @ chr3:130000000-135000000
ForkPoolWorker-9,  processing 88 (48803.2 per sec) reads @ chr9:30000000-35000000
ForkPoolWorker-9 countReadsInRegions_worker: processing 5000000 (6981974.7 per sec) @ chr9:30000000-35000000
ForkPoolWorker-9,  processing 0 (0.0 per sec) reads @ chr22_KI270732v1_random:0-41543
ForkPoolWorker-9 countReadsInRegions_worker: processing 41543 (3089322.6 per sec) @ chr22_KI270732v1_random:0-41543
ForkPoolWorker-9,  processing 45 (36401.9 per sec) reads @ chr1:165000000-170000000
ForkPoolWorker-9 countReadsInRegions_worker: processing 5000000 (7027683.1 per sec) @ chr1:165000000-170000000
ForkPoolWorker-9,  processing 0 (0.0 per sec) reads @ chr22:5000000-10000000
ForkPoolWorker-9 countReadsInRegions_worker: processing 5000000 (7035635.6 per sec) @ chr22:5000000-10000000
ForkPoolWorker-9,  processing 0 (0.0 per sec) reads @ chrUn_KI270753v1:0-62944
ForkPoolWorker-9 countReadsInRegions_worker: processing 62944 (3865731.6 per sec) @ chrUn_KI270753v1:0-62944
ForkPoolWorker-9,  processing 30 (32522.4 per sec) reads @ chrX:35000000-40000000
ForkPoolWorker-9 countReadsInRegions_worker: processing 5000000 (7022677.6 per sec) @ chrX:35000000-40000000
ForkPoolWorker-9,  processing 13 (17720.5 per sec) reads @ chrX:80000000-85000000
ForkPoolWorker-9 countReadsInRegions_worker: processing 5000000 (7036624.7 per sec) @ chrX:80000000-85000000
ForkPoolWorker-9,  processing 30 (29930.8 per sec) reads @ chr16:45000000-50000000
ForkPoolWorker-9 countReadsInRegions_worker: processing 5000000 (7028877.3 per sec) @ chr16:45000000-50000000
ForkPoolWorker-9,  processing 16 (20158.9 per sec) reads @ chr9:100000000-105000000
ForkPoolWorker-9 countReadsInRegions_worker: processing 5000000 (7032636.8 per sec) @ chr9:100000000-105000000
ForkPoolWorker-9,  processing 73 (50194.1 per sec) reads @ chr2:10000000-15000000
ForkPoolWorker-9 countReadsInRegions_worker: processing 5000000 (8201970.5 per sec) @ chr2:10000000-15000000
ForkPoolWorker-9,  processing 27 (34568.4 per sec) reads @ chr8:130000000-135000000
ForkPoolWorker-9 countReadsInRegions_worker: processing 5000000 (8058264.3 per sec) @ chr8:130000000-135000000
ForkPoolWorker-9,  processing 8 (14444.4 per sec) reads @ chr11:20000000-25000000
ForkPoolWorker-9 countReadsInRegions_worker: processing 5000000 (8224364.2 per sec) @ chr11:20000000-25000000
ForkPoolWorker-44,  processing 643 (9419.0 per sec) reads @ chr6:30000000-35000000
ForkPoolWorker-44 countReadsInRegions_worker: processing 5000000 (6102465.7 per sec) @ chr6:30000000-35000000
ForkPoolWorker-44,  processing 87 (46860.7 per sec) reads @ chr18:35000000-40000000
ForkPoolWorker-44 countReadsInRegions_worker: processing 5000000 (6824440.7 per sec) @ chr18:35000000-40000000
ForkPoolWorker-44,  processing 54 (29923.7 per sec) reads @ chr12:25000000-30000000
ForkPoolWorker-44 countReadsInRegions_worker: processing 5000000 (7044199.9 per sec) @ chr12:25000000-30000000
ForkPoolWorker-44,  processing 0 (0.0 per sec) reads @ chrUn_KI270304v1:0-2165
ForkPoolWorker-44 countReadsInRegions_worker: processing 2165 (261773.7 per sec) @ chrUn_KI270304v1:0-2165
ForkPoolWorker-44,  processing 3 (5589.9 per sec) reads @ chr8:145000000-145138636
ForkPoolWorker-44 countReadsInRegions_worker: processing 138636 (4910249.2 per sec) @ chr8:145000000-145138636
ForkPoolWorker-44,  processing 134 (49150.6 per sec) reads @ chr16:20000000-25000000
ForkPoolWorker-44 countReadsInRegions_worker: processing 5000000 (7040260.2 per sec) @ chr16:20000000-25000000
ForkPoolWorker-44,  processing 0 (0.0 per sec) reads @ chrUn_KI270390v1:0-2387
ForkPoolWorker-44 countReadsInRegions_worker: processing 2387 (282118.0 per sec) @ chrUn_KI270390v1:0-2387
ForkPoolWorker-44,  processing 353 (67932.5 per sec) reads @ chr1:155000000-160000000
ForkPoolWorker-44 countReadsInRegions_worker: processing 5000000 (7038457.3 per sec) @ chr1:155000000-160000000
ForkPoolWorker-44,  processing 18 (21118.2 per sec) reads @ chr5:165000000-170000000
ForkPoolWorker-44 countReadsInRegions_worker: processing 5000000 (7064478.8 per sec) @ chr5:165000000-170000000
ForkPoolWorker-44,  processing 16 (19813.7 per sec) reads @ chr10:105000000-110000000
ForkPoolWorker-44 countReadsInRegions_worker: processing 5000000 (7026268.0 per sec) @ chr10:105000000-110000000
ForkPoolWorker-44,  processing 14 (18659.1 per sec) reads @ chr4:45000000-50000000
ForkPoolWorker-44 countReadsInRegions_worker: processing 5000000 (7026282.2 per sec) @ chr4:45000000-50000000
ForkPoolWorker-44,  processing 0 (0.0 per sec) reads @ chrUn_KI270538v1:0-91309
ForkPoolWorker-44 countReadsInRegions_worker: processing 91309 (4595750.8 per sec) @ chrUn_KI270538v1:0-91309
ForkPoolWorker-44,  processing 36 (30572.0 per sec) reads @ chr11:90000000-95000000
ForkPoolWorker-44 countReadsInRegions_worker: processing 5000000 (6988219.2 per sec) @ chr11:90000000-95000000
ForkPoolWorker-44,  processing 5 (10305.4 per sec) reads @ chrUn_KI270742v1:0-186739
ForkPoolWorker-44 countReadsInRegions_worker: processing 186739 (5653938.7 per sec) @ chrUn_KI270742v1:0-186739
ForkPoolWorker-44,  processing 87 (52376.1 per sec) reads @ chr18:45000000-50000000
ForkPoolWorker-44 countReadsInRegions_worker: processing 5000000 (6954311.8 per sec) @ chr18:45000000-50000000
ForkPoolWorker-44,  processing 0 (0.0 per sec) reads @ chr5_GL000208v1_random:0-92689
ForkPoolWorker-44 countReadsInRegions_worker: processing 92689 (4582557.4 per sec) @ chr5_GL000208v1_random:0-92689
ForkPoolWorker-44,  processing 43 (36523.9 per sec) reads @ chr10:90000000-95000000
ForkPoolWorker-44 countReadsInRegions_worker: processing 5000000 (6990383.2 per sec) @ chr10:90000000-95000000
ForkPoolWorker-44,  processing 74 (53038.0 per sec) reads @ chr21:35000000-40000000
ForkPoolWorker-44 countReadsInRegions_worker: processing 5000000 (8229608.7 per sec) @ chr21:35000000-40000000
ForkPoolWorker-44,  processing 142 (62411.3 per sec) reads @ chr1:10000000-15000000
ForkPoolWorker-44 countReadsInRegions_worker: processing 5000000 (8222990.4 per sec) @ chr1:10000000-15000000
ForkPoolWorker-44,  processing 0 (0.0 per sec) reads @ chr18:15000000-20000000
ForkPoolWorker-44 countReadsInRegions_worker: processing 5000000 (8344512.3 per sec) @ chr18:15000000-20000000
