# packages in environment at /work/pa-hilario/anaconda3/envs/deeptools:
#
# Name                    Version                   Build  Channel
_openmp_mutex             4.5                      20_gnu    conda-forge
alabaster                 1.0.0              pyhd8ed1ab_1    conda-forge
babel                     2.18.0             pyhcf101f3_0    conda-forge
backports.zstd            1.3.0           py312h90b7ffd_0    conda-forge
bedops                    2.4.42               hd6d6fdc_1    bioconda
brotli                    1.2.0                hed03a55_1    conda-forge
brotli-bin                1.2.0                hb03c661_1    conda-forge
brotli-python             1.2.0           py312hdb49522_1    conda-forge
bzip2                     1.0.8                hda65f42_8    conda-forge
c-ares                    1.34.6               hb03c661_0    conda-forge
ca-certificates           2026.1.4             hbd8a1cb_0    conda-forge
certifi                   2026.01.04      py312h06a4308_0  
charset-normalizer        3.4.4              pyhd8ed1ab_0    conda-forge
click                     8.3.1                    pypi_0    pypi
colorama                  0.4.6              pyhd8ed1ab_1    conda-forge
contourpy                 1.3.3           py312h0a2e395_4    conda-forge
cycler                    0.12.1             pyhcf101f3_2    conda-forge
cython                    3.2.4           py312h47b2149_0  
deeptools                 3.5.6              pyhdfd78af_0    bioconda
deeptoolsintervals        0.1.9           py312ha9c1134_11    bioconda
docutils                  0.22.4             pyhd8ed1ab_0    conda-forge
fonttools                 4.61.1          py312h8a5da7c_0    conda-forge
freetype                  2.14.1               ha770c72_0    conda-forge
gencode-utr-fix           1.0.0                    pypi_0    pypi
h2                        4.3.0              pyhcf101f3_0    conda-forge
hpack                     4.1.0              pyhd8ed1ab_0    conda-forge
htslib                    1.22.1               h566b1c6_0    bioconda
hyperframe                6.1.0              pyhd8ed1ab_0    conda-forge
icu                       78.2                 h33c6efd_0    conda-forge
idna                      3.11               pyhd8ed1ab_0    conda-forge
imagesize                 1.4.1              pyhd8ed1ab_0    conda-forge
importlib-metadata        8.7.0              pyhe01879c_1    conda-forge
jansson                   2.15.0               h280c20c_0    conda-forge
jinja2                    3.1.6              pyhcf101f3_1    conda-forge
keyutils                  1.6.3                hb9d3cd8_0    conda-forge
kiwisolver                1.4.9           py312h0a2e395_2    conda-forge
krb5                      1.22.2               ha1258a1_0    conda-forge
lcms2                     2.18                 h0c24ade_0    conda-forge
ld_impl_linux-64          2.45.1          default_hbd61a6d_101    conda-forge
lerc                      4.0.0                h0aef613_1    conda-forge
libblas                   3.11.0          5_h4a7cf45_openblas    conda-forge
libbrotlicommon           1.2.0                hb03c661_1    conda-forge
libbrotlidec              1.2.0                hb03c661_1    conda-forge
libbrotlienc              1.2.0                hb03c661_1    conda-forge
libcblas                  3.11.0          5_h0358290_openblas    conda-forge
libcurl                   8.18.0               hcf29cc6_1    conda-forge
libdeflate                1.25                 h17f619e_0    conda-forge
libedit                   3.1.20250104    pl5321h7949ede_0    conda-forge
libev                     4.33                 hd590300_2    conda-forge
libexpat                  2.7.3                hecca717_0    conda-forge
libffi                    3.5.2                h3435931_0    conda-forge
libfreetype               2.14.1               ha770c72_0    conda-forge
libfreetype6              2.14.1               h73754d4_0    conda-forge
libgcc                    15.2.0              he0feb66_17    conda-forge
libgcc-ng                 15.2.0              h69a702a_17    conda-forge
libgfortran               15.2.0              h69a702a_17    conda-forge
libgfortran5              15.2.0              h68bc16d_17    conda-forge
libgomp                   15.2.0              he0feb66_17    conda-forge
libiconv                  1.18                 h3b78370_2    conda-forge
libjpeg-turbo             3.1.2                hb03c661_0    conda-forge
liblapack                 3.11.0          5_h47877c9_openblas    conda-forge
liblzma                   5.8.2                hb03c661_0    conda-forge
libnghttp2                1.67.0               had1ee68_0    conda-forge
libnsl                    2.0.1                hb9d3cd8_1    conda-forge
libopenblas               0.3.30          pthreads_h94d23a6_4    conda-forge
libopenssl-static         3.6.1                hb03c661_1    conda-forge
libpng                    1.6.55               h421ea60_0    conda-forge
libsqlite                 3.51.2               hf4e2dac_0    conda-forge
libssh2                   1.11.1               hcf80075_0    conda-forge
libstdcxx                 15.2.0              h934c35e_17    conda-forge
libstdcxx-ng              15.2.0              hdf11a46_17    conda-forge
libtiff                   4.7.1                h9d88235_1    conda-forge
libuuid                   2.41.3               h5347b49_0    conda-forge
libwebp-base              1.6.0                hd42ef1d_0    conda-forge
libxcb                    1.17.0               h8a09558_0    conda-forge
libxcrypt                 4.4.36               hd590300_1    conda-forge
libzlib                   1.3.1                hb9d3cd8_2    conda-forge
markupsafe                3.0.3           py312h8a5da7c_0    conda-forge
matplotlib-base           3.10.8          py312he3d6523_0    conda-forge
munkres                   1.1.4              pyhd8ed1ab_1    conda-forge
mysql-connector-c         6.1.11            h659d440_1008    conda-forge
narwhals                  2.16.0             pyhcf101f3_0    conda-forge
natsort                   8.4.0                    pypi_0    pypi
ncls                      0.0.70                   pypi_0    pypi
ncurses                   6.5                  h2d0b736_3    conda-forge
numpy                     2.4.2           py312h33ff503_1    conda-forge
numpydoc                  1.10.0             pyhcf101f3_0    conda-forge
openjpeg                  2.5.4                h55fea9a_0    conda-forge
openssl                   3.6.1                h35e630c_1    conda-forge
packaging                 26.0               pyhcf101f3_0    conda-forge
pandas                    3.0.0                    pypi_0    pypi
pillow                    12.1.1          py312h50c33e8_0    conda-forge
pip                       26.0.1             pyh8b19718_0    conda-forge
plotly                    6.5.2              pyhd8ed1ab_0    conda-forge
pthread-stubs             0.4               hb9d3cd8_1002    conda-forge
py2bit                    0.3.3           py312h0fa9677_1    bioconda
pybigwig                  0.3.25          py312h83fe50f_0    bioconda
pygments                  2.19.2             pyhd8ed1ab_0    conda-forge
pyparsing                 3.3.2              pyhcf101f3_0    conda-forge
pyranges                  0.1.4                    pypi_0    pypi
pysam                     0.23.3          py312h8f9e533_2    bioconda
pysocks                   1.7.1              pyha55dd90_7    conda-forge
python                    3.12.12         hd63d673_2_cpython    conda-forge
python-dateutil           2.9.0.post0        pyhe01879c_2    conda-forge
python_abi                3.12                    8_cp312    conda-forge
pytz                      2025.2             pyhd8ed1ab_0    conda-forge
qhull                     2020.2               h434a139_5    conda-forge
readline                  8.3                  h853b02a_0    conda-forge
requests                  2.32.5             pyhcf101f3_1    conda-forge
roman-numerals            4.1.0              pyhd8ed1ab_0    conda-forge
samtools                  1.22.1               h96c455f_0    bioconda
scipy                     1.17.0          py312h54fa4ab_1    conda-forge
setuptools                82.0.0             pyh332efcf_0    conda-forge
six                       1.17.0             pyhe01879c_1    conda-forge
snowballstemmer           3.0.1              pyhd8ed1ab_0    conda-forge
sorted-nearest            0.0.41                   pypi_0    pypi
sphinx                    9.1.0              pyhd8ed1ab_0    conda-forge
sphinxcontrib-applehelp   2.0.0              pyhd8ed1ab_1    conda-forge
sphinxcontrib-devhelp     2.0.0              pyhd8ed1ab_1    conda-forge
sphinxcontrib-htmlhelp    2.1.0              pyhd8ed1ab_1    conda-forge
sphinxcontrib-jsmath      1.0.1              pyhd8ed1ab_1    conda-forge
sphinxcontrib-qthelp      2.0.0              pyhd8ed1ab_1    conda-forge
sphinxcontrib-serializinghtml 1.1.10             pyhd8ed1ab_1    conda-forge
tabulate                  0.9.0                    pypi_0    pypi
tk                        8.6.13          noxft_h366c992_103    conda-forge
tomli                     2.4.0              pyhcf101f3_0    conda-forge
tqdm                      4.67.3                   pypi_0    pypi
tzdata                    2025c                hc9c84f9_1    conda-forge
ucsc-bigwiginfo           482                  h0b57e2e_0    bioconda
unicodedata2              17.0.1          py312h4c3975b_0    conda-forge
urllib3                   2.6.3              pyhd8ed1ab_0    conda-forge
wheel                     0.46.3             pyhd8ed1ab_0    conda-forge
xorg-libxau               1.0.12               hb03c661_1    conda-forge
xorg-libxdmcp             1.1.5                hb03c661_1    conda-forge
zipp                      3.23.0             pyhcf101f3_1    conda-forge
zlib                      1.3.1                hb9d3cd8_2    conda-forge
zlib-ng                   2.3.3                hceb46e0_1    conda-forge
zstd                      1.5.7                hb78ec9c_6    conda-forge
Specified --scaleFactor: 1.0
normalization: CPM
bamFilesList: ['output/mVenus-Con-rep6_L2_R1.genome.Aligned.sort.dedup.bam']
binLength: 1
numberOfSamples: None
blackListFileName: None
skipZeroOverZero: False
bed_and_bin: False
genomeChunkSize: None
defaultFragmentLength: read length
numberOfProcessors: 52
verbose: True
region: None
bedFile: None
minMappingQuality: None
ignoreDuplicates: False
chrsToSkip: []
stepSize: 1
center_read: False
samFlag_include: None
samFlag_exclude: None
minFragmentLength: 0
maxFragmentLength: 0
zerosToNans: False
smoothLength: None
save_data: False
out_file_for_raw_data: None
maxPairedFragmentLength: 1000
Final scaling factor: 59.15759583530526
ForkPoolWorker-4,  processing 3 (46.6 per sec) reads @ chr18:65000000-70000000
ForkPoolWorker-4 countReadsInRegions_worker: processing 5000000 (6306943.3 per sec) @ chr18:65000000-70000000
ForkPoolWorker-4,  processing 15 (17960.2 per sec) reads @ chr3:105000000-110000000
ForkPoolWorker-4 countReadsInRegions_worker: processing 5000000 (7387428.3 per sec) @ chr3:105000000-110000000
ForkPoolWorker-4,  processing 10 (12587.9 per sec) reads @ chr11:90000000-95000000
ForkPoolWorker-4 countReadsInRegions_worker: processing 5000000 (7441004.9 per sec) @ chr11:90000000-95000000
ForkPoolWorker-4,  processing 29 (32093.6 per sec) reads @ chr9:35000000-40000000
ForkPoolWorker-4 countReadsInRegions_worker: processing 5000000 (7420379.1 per sec) @ chr9:35000000-40000000
ForkPoolWorker-4,  processing 35 (29034.9 per sec) reads @ chr10:95000000-100000000
ForkPoolWorker-4 countReadsInRegions_worker: processing 5000000 (7468963.5 per sec) @ chr10:95000000-100000000
ForkPoolWorker-4,  processing 0 (0.0 per sec) reads @ chr9:55000000-60000000
ForkPoolWorker-4 countReadsInRegions_worker: processing 5000000 (7483836.2 per sec) @ chr9:55000000-60000000
ForkPoolWorker-4,  processing 0 (0.0 per sec) reads @ chrUn_KI270374v1:0-2656
ForkPoolWorker-4 countReadsInRegions_worker: processing 2656 (531771.0 per sec) @ chrUn_KI270374v1:0-2656
ForkPoolWorker-4,  processing 29 (29387.5 per sec) reads @ chr3:185000000-190000000
ForkPoolWorker-4 countReadsInRegions_worker: processing 5000000 (7458648.8 per sec) @ chr3:185000000-190000000
ForkPoolWorker-4,  processing 14 (21069.3 per sec) reads @ chr18:0-5000000
ForkPoolWorker-4 countReadsInRegions_worker: processing 5000000 (7459747.1 per sec) @ chr18:0-5000000
ForkPoolWorker-4,  processing 13 (17331.8 per sec) reads @ chr18:50000000-55000000
ForkPoolWorker-4 countReadsInRegions_worker: processing 5000000 (7470166.0 per sec) @ chr18:50000000-55000000
ForkPoolWorker-4,  processing 10 (14493.1 per sec) reads @ chr3:110000000-115000000
ForkPoolWorker-4 countReadsInRegions_worker: processing 5000000 (7478402.6 per sec) @ chr3:110000000-115000000
ForkPoolWorker-4,  processing 4 (7981.5 per sec) reads @ chr18:60000000-65000000
ForkPoolWorker-4 countReadsInRegions_worker: processing 5000000 (7441031.4 per sec) @ chr18:60000000-65000000
ForkPoolWorker-10,  processing 4 (62.4 per sec) reads @ chr4:145000000-150000000
ForkPoolWorker-10 countReadsInRegions_worker: processing 5000000 (6332248.3 per sec) @ chr4:145000000-150000000
ForkPoolWorker-10,  processing 10 (12045.7 per sec) reads @ chr9:80000000-85000000
ForkPoolWorker-10 countReadsInRegions_worker: processing 5000000 (7384210.6 per sec) @ chr9:80000000-85000000
ForkPoolWorker-10,  processing 10 (16513.0 per sec) reads @ chr2:220000000-225000000
ForkPoolWorker-10 countReadsInRegions_worker: processing 5000000 (7482802.8 per sec) @ chr2:220000000-225000000
ForkPoolWorker-10,  processing 3 (6351.8 per sec) reads @ chr4:90000000-95000000
ForkPoolWorker-10 countReadsInRegions_worker: processing 5000000 (7439685.1 per sec) @ chr4:90000000-95000000
ForkPoolWorker-10,  processing 137 (72370.2 per sec) reads @ chr14:45000000-50000000
ForkPoolWorker-10 countReadsInRegions_worker: processing 5000000 (7477578.7 per sec) @ chr14:45000000-50000000
ForkPoolWorker-10,  processing 0 (0.0 per sec) reads @ chrUn_KI270745v1:0-41891
ForkPoolWorker-10 countReadsInRegions_worker: processing 41891 (4407464.9 per sec) @ chrUn_KI270745v1:0-41891
ForkPoolWorker-10,  processing 22 (28253.1 per sec) reads @ chr12:115000000-120000000
ForkPoolWorker-10 countReadsInRegions_worker: processing 5000000 (7476563.0 per sec) @ chr12:115000000-120000000
ForkPoolWorker-10,  processing 6 (11275.0 per sec) reads @ chr6:70000000-75000000
ForkPoolWorker-10 countReadsInRegions_worker: processing 5000000 (7476762.9 per sec) @ chr6:70000000-75000000
ForkPoolWorker-10,  processing 15 (21269.3 per sec) reads @ chr6:20000000-25000000
ForkPoolWorker-10 countReadsInRegions_worker: processing 5000000 (7456985.9 per sec) @ chr6:20000000-25000000
ForkPoolWorker-10,  processing 31 (38051.9 per sec) reads @ chr2:0-5000000
ForkPoolWorker-10 countReadsInRegions_worker: processing 5000000 (7475153.2 per sec) @ chr2:0-5000000
ForkPoolWorker-10,  processing 6 (11259.9 per sec) reads @ chr14:35000000-40000000
ForkPoolWorker-10 countReadsInRegions_worker: processing 5000000 (7481566.8 per sec) @ chr14:35000000-40000000
ForkPoolWorker-10,  processing 13 (21801.7 per sec) reads @ chr2:175000000-180000000
ForkPoolWorker-10 countReadsInRegions_worker: processing 5000000 (7433137.6 per sec) @ chr2:175000000-180000000
ForkPoolWorker-5,  processing 15 (231.7 per sec) reads @ chr13:20000000-25000000
ForkPoolWorker-5 countReadsInRegions_worker: processing 5000000 (6345960.2 per sec) @ chr13:20000000-25000000
ForkPoolWorker-5,  processing 6 (8848.7 per sec) reads @ chrX:40000000-45000000
ForkPoolWorker-5 countReadsInRegions_worker: processing 5000000 (7435340.8 per sec) @ chrX:40000000-45000000
ForkPoolWorker-5,  processing 10 (15638.7 per sec) reads @ chr9:0-5000000
ForkPoolWorker-5 countReadsInRegions_worker: processing 5000000 (7466224.6 per sec) @ chr9:0-5000000
ForkPoolWorker-5,  processing 12 (19645.5 per sec) reads @ chr14:50000000-55000000
ForkPoolWorker-5 countReadsInRegions_worker: processing 5000000 (7445482.7 per sec) @ chr14:50000000-55000000
ForkPoolWorker-5,  processing 18 (26006.7 per sec) reads @ chr8:80000000-85000000
ForkPoolWorker-5 countReadsInRegions_worker: processing 5000000 (7472819.9 per sec) @ chr8:80000000-85000000
ForkPoolWorker-5,  processing 13 (19091.7 per sec) reads @ chr3:30000000-35000000
ForkPoolWorker-5 countReadsInRegions_worker: processing 5000000 (7469237.5 per sec) @ chr3:30000000-35000000
ForkPoolWorker-5,  processing 0 (0.0 per sec) reads @ chrY:35000000-40000000
ForkPoolWorker-5 countReadsInRegions_worker: processing 5000000 (7482885.5 per sec) @ chrY:35000000-40000000
ForkPoolWorker-5,  processing 13 (20811.4 per sec) reads @ chr1:175000000-180000000
ForkPoolWorker-5 countReadsInRegions_worker: processing 5000000 (7476683.0 per sec) @ chr1:175000000-180000000
ForkPoolWorker-5,  processing 140 (64336.9 per sec) reads @ chr16:25000000-30000000
ForkPoolWorker-5 countReadsInRegions_worker: processing 5000000 (7462292.7 per sec) @ chr16:25000000-30000000
ForkPoolWorker-5,  processing 0 (0.0 per sec) reads @ chrUn_KI270417v1:0-2043
ForkPoolWorker-5 countReadsInRegions_worker: processing 2043 (426486.3 per sec) @ chrUn_KI270417v1:0-2043
ForkPoolWorker-5,  processing 0 (0.0 per sec) reads @ chrUn_KI270516v1:0-1300
ForkPoolWorker-5 countReadsInRegions_worker: processing 1300 (312666.7 per sec) @ chrUn_KI270516v1:0-1300
ForkPoolWorker-5,  processing 6 (11814.9 per sec) reads @ chr2:160000000-165000000
ForkPoolWorker-5 countReadsInRegions_worker: processing 5000000 (7502164.3 per sec) @ chr2:160000000-165000000
ForkPoolWorker-5,  processing 0 (0.0 per sec) reads @ chrUn_KI270414v1:0-2489
ForkPoolWorker-5 countReadsInRegions_worker: processing 2489 (91472.9 per sec) @ chrUn_KI270414v1:0-2489
ForkPoolWorker-5,  processing 0 (0.0 per sec) reads @ chrUn_KI270591v1:0-5796
ForkPoolWorker-5 countReadsInRegions_worker: processing 5796 (999021.4 per sec) @ chrUn_KI270591v1:0-5796
ForkPoolWorker-5,  processing 4 (6950.0 per sec) reads @ chr19:25000000-30000000
ForkPoolWorker-5 countReadsInRegions_worker: processing 5000000 (7427382.9 per sec) @ chr19:25000000-30000000
ForkPoolWorker-5,  processing 0 (0.0 per sec) reads @ chr22_KI270734v1_random:0-165050
ForkPoolWorker-5 countReadsInRegions_worker: processing 165050 (6290731.8 per sec) @ chr22_KI270734v1_random:0-165050
ForkPoolWorker-11,  processing 1 (15.7 per sec) reads @ chr11:135000000-135086622
ForkPoolWorker-11 countReadsInRegions_worker: processing 86622 (1080011.2 per sec) @ chr11:135000000-135086622
ForkPoolWorker-11,  processing 12 (17125.4 per sec) reads @ chr4:30000000-35000000
ForkPoolWorker-11 countReadsInRegions_worker: processing 5000000 (7268522.8 per sec) @ chr4:30000000-35000000
ForkPoolWorker-11,  processing 0 (0.0 per sec) reads @ chr14:10000000-15000000
ForkPoolWorker-11 countReadsInRegions_worker: processing 5000000 (7280448.1 per sec) @ chr14:10000000-15000000
ForkPoolWorker-11,  processing 79 (50556.9 per sec) reads @ chr17:40000000-45000000
ForkPoolWorker-11 countReadsInRegions_worker: processing 5000000 (7375972.5 per sec) @ chr17:40000000-45000000
ForkPoolWorker-11,  processing 2 (4062.3 per sec) reads @ chr6:65000000-70000000
ForkPoolWorker-11 countReadsInRegions_worker: processing 5000000 (7363913.5 per sec) @ chr6:65000000-70000000
ForkPoolWorker-11,  processing 2 (4027.2 per sec) reads @ chr9:100000000-105000000
ForkPoolWorker-11 countReadsInRegions_worker: processing 5000000 (7309622.9 per sec) @ chr9:100000000-105000000
ForkPoolWorker-11,  processing 6 (11229.7 per sec) reads @ chr5:110000000-115000000
ForkPoolWorker-11 countReadsInRegions_worker: processing 5000000 (7375637.9 per sec) @ chr5:110000000-115000000
ForkPoolWorker-11,  processing 6 (10627.5 per sec) reads @ chr18:55000000-60000000
ForkPoolWorker-11 countReadsInRegions_worker: processing 5000000 (7383409.9 per sec) @ chr18:55000000-60000000
ForkPoolWorker-11,  processing 40 (45417.5 per sec) reads @ chr1:160000000-165000000
ForkPoolWorker-11 countReadsInRegions_worker: processing 5000000 (7368407.7 per sec) @ chr1:160000000-165000000
ForkPoolWorker-11,  processing 5 (8992.9 per sec) reads @ chr11:105000000-110000000
ForkPoolWorker-11 countReadsInRegions_worker: processing 5000000 (7422805.9 per sec) @ chr11:105000000-110000000
ForkPoolWorker-11,  processing 14 (19804.5 per sec) reads @ chr8:95000000-100000000
ForkPoolWorker-11 countReadsInRegions_worker: processing 5000000 (7382796.5 per sec) @ chr8:95000000-100000000
ForkPoolWorker-11,  processing 69 (55009.9 per sec) reads @ chr7:40000000-45000000
ForkPoolWorker-11 countReadsInRegions_worker: processing 5000000 (7366150.9 per sec) @ chr7:40000000-45000000
ForkPoolWorker-31,  processing 19 (310.7 per sec) reads @ chr8:15000000-20000000
ForkPoolWorker-31 countReadsInRegions_worker: processing 5000000 (6478820.2 per sec) @ chr8:15000000-20000000
ForkPoolWorker-31,  processing 0 (0.0 per sec) reads @ chrUn_KI270422v1:0-1445
ForkPoolWorker-31 countReadsInRegions_worker: processing 1445 (271272.5 per sec) @ chrUn_KI270422v1:0-1445
ForkPoolWorker-31,  processing 0 (0.0 per sec) reads @ chrY:25000000-30000000
ForkPoolWorker-31 countReadsInRegions_worker: processing 5000000 (7071153.2 per sec) @ chrY:25000000-30000000
ForkPoolWorker-31,  processing 4 (7355.2 per sec) reads @ chrY:15000000-20000000
ForkPoolWorker-31 countReadsInRegions_worker: processing 5000000 (7459203.2 per sec) @ chrY:15000000-20000000
ForkPoolWorker-31,  processing 8 (11114.4 per sec) reads @ chr2:115000000-120000000
ForkPoolWorker-31 countReadsInRegions_worker: processing 5000000 (7447783.2 per sec) @ chr2:115000000-120000000
ForkPoolWorker-31,  processing 1320 (96808.6 per sec) reads @ chr22_KI270733v1_random:0-179772
ForkPoolWorker-31 countReadsInRegions_worker: processing 179772 (4320576.8 per sec) @ chr22_KI270733v1_random:0-179772
ForkPoolWorker-31,  processing 5 (9651.0 per sec) reads @ chr6:60000000-65000000
ForkPoolWorker-31 countReadsInRegions_worker: processing 5000000 (7497216.0 per sec) @ chr6:60000000-65000000
ForkPoolWorker-31,  processing 0 (0.0 per sec) reads @ chr5_GL000208v1_random:0-92689
ForkPoolWorker-31 countReadsInRegions_worker: processing 92689 (6257699.6 per sec) @ chr5_GL000208v1_random:0-92689
ForkPoolWorker-31,  processing 0 (0.0 per sec) reads @ chrUn_KI270395v1:0-1143
ForkPoolWorker-31 countReadsInRegions_worker: processing 1143 (247513.5 per sec) @ chrUn_KI270395v1:0-1143
ForkPoolWorker-31,  processing 0 (0.0 per sec) reads @ chr9_KI270718v1_random:0-38054
ForkPoolWorker-31 countReadsInRegions_worker: processing 38054 (3982485.3 per sec) @ chr9_KI270718v1_random:0-38054
ForkPoolWorker-31,  processing 30 (34351.4 per sec) reads @ chr22:15000000-20000000
ForkPoolWorker-31 countReadsInRegions_worker: processing 5000000 (7479146.7 per sec) @ chr22:15000000-20000000
ForkPoolWorker-31,  processing 26 (34110.7 per sec) reads @ chr12:0-5000000
ForkPoolWorker-31 countReadsInRegions_worker: processing 5000000 (7492025.3 per sec) @ chr12:0-5000000
ForkPoolWorker-31,  processing 29 (35838.2 per sec) reads @ chr6:15000000-20000000
ForkPoolWorker-31 countReadsInRegions_worker: processing 5000000 (7483905.6 per sec) @ chr6:15000000-20000000
ForkPoolWorker-31,  processing 3 (6040.8 per sec) reads @ chr9:40000000-45000000
ForkPoolWorker-31 countReadsInRegions_worker: processing 5000000 (7399533.1 per sec) @ chr9:40000000-45000000
ForkPoolWorker-31,  processing 93 (63529.4 per sec) reads @ chr3:50000000-55000000
ForkPoolWorker-31 countReadsInRegions_worker: processing 5000000 (7386197.6 per sec) @ chr3:50000000-55000000
ForkPoolWorker-31,  processing 27 (33997.7 per sec) reads @ chr17:65000000-70000000
ForkPoolWorker-31 countReadsInRegions_worker: processing 5000000 (7393235.9 per sec) @ chr17:65000000-70000000
ForkPoolWorker-41,  processing 10 (169.4 per sec) reads @ chr1:215000000-220000000
ForkPoolWorker-41 countReadsInRegions_worker: processing 5000000 (6409241.8 per sec) @ chr1:215000000-220000000
ForkPoolWorker-41,  processing 203 (50426.0 per sec) reads @ chr21:5000000-10000000
ForkPoolWorker-41 countReadsInRegions_worker: processing 5000000 (6968187.6 per sec) @ chr21:5000000-10000000
ForkPoolWorker-41,  processing 49 (45050.6 per sec) reads @ chr1:170000000-175000000
ForkPoolWorker-41 countReadsInRegions_worker: processing 5000000 (7169826.4 per sec) @ chr1:170000000-175000000
ForkPoolWorker-41,  processing 22 (27987.5 per sec) reads @ chr2:20000000-25000000
ForkPoolWorker-41 countReadsInRegions_worker: processing 5000000 (7166535.9 per sec) @ chr2:20000000-25000000
ForkPoolWorker-41,  processing 66 (44570.0 per sec) reads @ chr6:30000000-35000000
ForkPoolWorker-41 countReadsInRegions_worker: processing 5000000 (7029553.5 per sec) @ chr6:30000000-35000000
ForkPoolWorker-41,  processing 0 (0.0 per sec) reads @ chrUn_KI270593v1:0-3041
ForkPoolWorker-41 countReadsInRegions_worker: processing 3041 (557736.6 per sec) @ chrUn_KI270593v1:0-3041
ForkPoolWorker-41,  processing 5 (7565.5 per sec) reads @ chr7:85000000-90000000
ForkPoolWorker-41 countReadsInRegions_worker: processing 5000000 (6990194.4 per sec) @ chr7:85000000-90000000
ForkPoolWorker-41,  processing 23 (27037.3 per sec) reads @ chr2:70000000-75000000
ForkPoolWorker-41 countReadsInRegions_worker: processing 5000000 (6969134.7 per sec) @ chr2:70000000-75000000
ForkPoolWorker-41,  processing 20 (24995.9 per sec) reads @ chr1:15000000-20000000
ForkPoolWorker-41 countReadsInRegions_worker: processing 5000000 (7060190.7 per sec) @ chr1:15000000-20000000
ForkPoolWorker-41,  processing 0 (0.0 per sec) reads @ chrUn_KI270392v1:0-971
ForkPoolWorker-41 countReadsInRegions_worker: processing 971 (192898.6 per sec) @ chrUn_KI270392v1:0-971
ForkPoolWorker-41,  processing 8 (12643.0 per sec) reads @ chr11:85000000-90000000
ForkPoolWorker-41 countReadsInRegions_worker: processing 5000000 (7057463.2 per sec) @ chr11:85000000-90000000
ForkPoolWorker-41,  processing 28 (32228.5 per sec) reads @ chr7:125000000-130000000
ForkPoolWorker-41 countReadsInRegions_worker: processing 5000000 (7039586.7 per sec) @ chr7:125000000-130000000
ForkPoolWorker-28,  processing 5 (86.5 per sec) reads @ chr15:100000000-101991189
ForkPoolWorker-28 countReadsInRegions_worker: processing 1991189 (6296589.9 per sec) @ chr15:100000000-101991189
ForkPoolWorker-28,  processing 18 (22224.7 per sec) reads @ chr18:30000000-35000000
ForkPoolWorker-28 countReadsInRegions_worker: processing 5000000 (7665704.5 per sec) @ chr18:30000000-35000000
ForkPoolWorker-28,  processing 1 (1618.2 per sec) reads @ chrY:20000000-25000000
ForkPoolWorker-28 countReadsInRegions_worker: processing 5000000 (7170696.7 per sec) @ chrY:20000000-25000000
ForkPoolWorker-28,  processing 0 (0.0 per sec) reads @ chr1_KI270706v1_random:0-175055
ForkPoolWorker-28 countReadsInRegions_worker: processing 175055 (6063538.6 per sec) @ chr1_KI270706v1_random:0-175055
ForkPoolWorker-28,  processing 11 (16949.8 per sec) reads @ chr18:25000000-30000000
ForkPoolWorker-28 countReadsInRegions_worker: processing 5000000 (7198616.3 per sec) @ chr18:25000000-30000000
ForkPoolWorker-28,  processing 1 (2686.9 per sec) reads @ chrUn_KI270741v1:0-157432
ForkPoolWorker-28 countReadsInRegions_worker: processing 157432 (6497079.4 per sec) @ chrUn_KI270741v1:0-157432
ForkPoolWorker-28,  processing 51 (48395.8 per sec) reads @ chr19:55000000-58617616
ForkPoolWorker-28 countReadsInRegions_worker: processing 3617616 (7154606.1 per sec) @ chr19:55000000-58617616
ForkPoolWorker-28,  processing 13 (17657.4 per sec) reads @ chr16:70000000-75000000
ForkPoolWorker-28 countReadsInRegions_worker: processing 5000000 (7098979.1 per sec) @ chr16:70000000-75000000
ForkPoolWorker-28,  processing 0 (0.0 per sec) reads @ chrY:0-5000000
ForkPoolWorker-28 countReadsInRegions_worker: processing 5000000 (7088275.2 per sec) @ chrY:0-5000000
ForkPoolWorker-28,  processing 0 (0.0 per sec) reads @ chrUn_KI270589v1:0-44474
ForkPoolWorker-28 countReadsInRegions_worker: processing 44474 (4464221.0 per sec) @ chrUn_KI270589v1:0-44474
ForkPoolWorker-28,  processing 10 (13819.8 per sec) reads @ chr8:120000000-125000000
ForkPoolWorker-28 countReadsInRegions_worker: processing 5000000 (7096543.2 per sec) @ chr8:120000000-125000000
ForkPoolWorker-28,  processing 0 (0.0 per sec) reads @ chr22:5000000-10000000
ForkPoolWorker-28 countReadsInRegions_worker: processing 5000000 (7059332.8 per sec) @ chr22:5000000-10000000
ForkPoolWorker-28,  processing 114 (57880.5 per sec) reads @ chr19:5000000-10000000
ForkPoolWorker-28 countReadsInRegions_worker: processing 5000000 (7020350.2 per sec) @ chr19:5000000-10000000
ForkPoolWorker-28,  processing 41 (34079.8 per sec) reads @ chr11:5000000-10000000
ForkPoolWorker-28 countReadsInRegions_worker: processing 5000000 (7018954.5 per sec) @ chr11:5000000-10000000
ForkPoolWorker-28,  processing 0 (0.0 per sec) reads @ chrUn_KI270510v1:0-2415
ForkPoolWorker-28 countReadsInRegions_worker: processing 2415 (480947.9 per sec) @ chrUn_KI270510v1:0-2415
ForkPoolWorker-28,  processing 0 (0.0 per sec) reads @ chrUn_KI270435v1:0-92983
ForkPoolWorker-28 countReadsInRegions_worker: processing 92983 (5921546.4 per sec) @ chrUn_KI270435v1:0-92983
ForkPoolWorker-49,  processing 0 (0.0 per sec) reads @ chrUn_KI270507v1:0-5353
ForkPoolWorker-49 countReadsInRegions_worker: processing 5353 (135397.2 per sec) @ chrUn_KI270507v1:0-5353
ForkPoolWorker-49,  processing 19 (3170.9 per sec) reads @ chr1:35000000-40000000
ForkPoolWorker-49 countReadsInRegions_worker: processing 5000000 (6726144.5 per sec) @ chr1:35000000-40000000
ForkPoolWorker-49,  processing 0 (0.0 per sec) reads @ chr22:0-5000000
ForkPoolWorker-49 countReadsInRegions_worker: processing 5000000 (6851834.7 per sec) @ chr22:0-5000000
ForkPoolWorker-49,  processing 0 (0.0 per sec) reads @ chrY:30000000-35000000
ForkPoolWorker-49 countReadsInRegions_worker: processing 5000000 (6975089.4 per sec) @ chrY:30000000-35000000
ForkPoolWorker-49,  processing 0 (0.0 per sec) reads @ chrUn_KI270468v1:0-4055
ForkPoolWorker-49 countReadsInRegions_worker: processing 4055 (813075.0 per sec) @ chrUn_KI270468v1:0-4055
ForkPoolWorker-49,  processing 10 (12256.9 per sec) reads @ chr4:20000000-25000000
ForkPoolWorker-49 countReadsInRegions_worker: processing 5000000 (6929753.5 per sec) @ chr4:20000000-25000000
ForkPoolWorker-49,  processing 14 (17973.8 per sec) reads @ chr5:75000000-80000000
ForkPoolWorker-49 countReadsInRegions_worker: processing 5000000 (6970322.9 per sec) @ chr5:75000000-80000000
ForkPoolWorker-49,  processing 52 (42186.4 per sec) reads @ chr22:25000000-30000000
ForkPoolWorker-49 countReadsInRegions_worker: processing 5000000 (7001356.4 per sec) @ chr22:25000000-30000000
ForkPoolWorker-49,  processing 161 (66999.0 per sec) reads @ chr16:85000000-90000000
ForkPoolWorker-49 countReadsInRegions_worker: processing 5000000 (7019191.8 per sec) @ chr16:85000000-90000000
ForkPoolWorker-49,  processing 8 (13524.6 per sec) reads @ chr5:80000000-85000000
ForkPoolWorker-49 countReadsInRegions_worker: processing 5000000 (6997560.2 per sec) @ chr5:80000000-85000000
ForkPoolWorker-49,  processing 5 (8128.5 per sec) reads @ chr13:35000000-40000000
ForkPoolWorker-49 countReadsInRegions_worker: processing 5000000 (7045002.1 per sec) @ chr13:35000000-40000000
ForkPoolWorker-49,  processing 48 (43938.6 per sec) reads @ chr3:10000000-15000000
ForkPoolWorker-49 countReadsInRegions_worker: processing 5000000 (6981619.1 per sec) @ chr3:10000000-15000000
ForkPoolWorker-52,  processing 3 (52.0 per sec) reads @ chr5:160000000-165000000
ForkPoolWorker-52 countReadsInRegions_worker: processing 5000000 (6377063.0 per sec) @ chr5:160000000-165000000
ForkPoolWorker-52,  processing 10 (15346.9 per sec) reads @ chr5:10000000-15000000
ForkPoolWorker-52 countReadsInRegions_worker: processing 5000000 (7366541.6 per sec) @ chr5:10000000-15000000
ForkPoolWorker-52,  processing 10 (16703.7 per sec) reads @ chr20:25000000-30000000
ForkPoolWorker-52 countReadsInRegions_worker: processing 5000000 (7409145.6 per sec) @ chr20:25000000-30000000
ForkPoolWorker-52,  processing 0 (0.0 per sec) reads @ chrUn_GL000219v1:0-179198
ForkPoolWorker-52 countReadsInRegions_worker: processing 179198 (6063823.2 per sec) @ chrUn_GL000219v1:0-179198
ForkPoolWorker-52,  processing 9 (15033.3 per sec) reads @ chr8:125000000-130000000
ForkPoolWorker-52 countReadsInRegions_worker: processing 5000000 (7360649.2 per sec) @ chr8:125000000-130000000
ForkPoolWorker-52,  processing 0 (0.0 per sec) reads @ chr14:5000000-10000000
ForkPoolWorker-52 countReadsInRegions_worker: processing 5000000 (7320185.9 per sec) @ chr14:5000000-10000000
ForkPoolWorker-52,  processing 27 (33865.5 per sec) reads @ chr20:45000000-50000000
ForkPoolWorker-52 countReadsInRegions_worker: processing 5000000 (7373952.2 per sec) @ chr20:45000000-50000000
ForkPoolWorker-52,  processing 33 (36969.0 per sec) reads @ chr17:35000000-40000000
ForkPoolWorker-52 countReadsInRegions_worker: processing 5000000 (7393543.5 per sec) @ chr17:35000000-40000000
ForkPoolWorker-52,  processing 33 (40015.0 per sec) reads @ chr8:100000000-105000000
ForkPoolWorker-52 countReadsInRegions_worker: processing 5000000 (7442914.3 per sec) @ chr8:100000000-105000000
ForkPoolWorker-52,  processing 24 (30578.2 per sec) reads @ chr9:90000000-95000000
ForkPoolWorker-52 countReadsInRegions_worker: processing 5000000 (7408719.0 per sec) @ chr9:90000000-95000000
ForkPoolWorker-52,  processing 20 (28464.9 per sec) reads @ chr3:75000000-80000000
ForkPoolWorker-52 countReadsInRegions_worker: processing 5000000 (7415173.7 per sec) @ chr3:75000000-80000000
ForkPoolWorker-52,  processing 40 (41252.1 per sec) reads @ chr7:130000000-135000000
ForkPoolWorker-52 countReadsInRegions_worker: processing 5000000 (7434900.6 per sec) @ chr7:130000000-135000000
ForkPoolWorker-24,  processing 5 (81.6 per sec) reads @ chr5:165000000-170000000
ForkPoolWorker-24 countReadsInRegions_worker: processing 5000000 (6198369.5 per sec) @ chr5:165000000-170000000
ForkPoolWorker-24,  processing 64 (43380.0 per sec) reads @ chr10:70000000-75000000
ForkPoolWorker-24 countReadsInRegions_worker: processing 5000000 (6918067.6 per sec) @ chr10:70000000-75000000
ForkPoolWorker-24,  processing 0 (0.0 per sec) reads @ chr4_GL000008v2_random:0-209709
ForkPoolWorker-24 countReadsInRegions_worker: processing 209709 (5001440.3 per sec) @ chr4_GL000008v2_random:0-209709
ForkPoolWorker-24,  processing 11 (12636.9 per sec) reads @ chr5:105000000-110000000
ForkPoolWorker-24 countReadsInRegions_worker: processing 5000000 (7081056.9 per sec) @ chr5:105000000-110000000
ForkPoolWorker-24,  processing 1 (1948.1 per sec) reads @ chr11:50000000-55000000
ForkPoolWorker-24 countReadsInRegions_worker: processing 5000000 (7083611.3 per sec) @ chr11:50000000-55000000
ForkPoolWorker-24,  processing 46 (42751.6 per sec) reads @ chr12:5000000-10000000
ForkPoolWorker-24 countReadsInRegions_worker: processing 5000000 (7082905.5 per sec) @ chr12:5000000-10000000
ForkPoolWorker-24,  processing 42 (40265.3 per sec) reads @ chr1:50000000-55000000
ForkPoolWorker-24 countReadsInRegions_worker: processing 5000000 (7068193.2 per sec) @ chr1:50000000-55000000
ForkPoolWorker-24,  processing 116 (63508.6 per sec) reads @ chr1:0-5000000
ForkPoolWorker-24 countReadsInRegions_worker: processing 5000000 (7029520.5 per sec) @ chr1:0-5000000
ForkPoolWorker-24,  processing 1 (2011.7 per sec) reads @ chr16:90000000-90338345
ForkPoolWorker-24 countReadsInRegions_worker: processing 338345 (6475543.3 per sec) @ chr16:90000000-90338345
ForkPoolWorker-24,  processing 9 (13568.9 per sec) reads @ chr7:80000000-85000000
ForkPoolWorker-24 countReadsInRegions_worker: processing 5000000 (6980359.6 per sec) @ chr7:80000000-85000000
ForkPoolWorker-24,  processing 5 (8240.3 per sec) reads @ chr13:105000000-110000000
ForkPoolWorker-24 countReadsInRegions_worker: processing 5000000 (6989360.4 per sec) @ chr13:105000000-110000000
ForkPoolWorker-24,  processing 8 (12900.6 per sec) reads @ chrX:85000000-90000000
ForkPoolWorker-24 countReadsInRegions_worker: processing 5000000 (7042707.2 per sec) @ chrX:85000000-90000000
ForkPoolWorker-37,  processing 56 (971.9 per sec) reads @ chr12:55000000-60000000
ForkPoolWorker-37 countReadsInRegions_worker: processing 5000000 (6337376.6 per sec) @ chr12:55000000-60000000
ForkPoolWorker-37,  processing 15 (17657.7 per sec) reads @ chr4:25000000-30000000
ForkPoolWorker-37 countReadsInRegions_worker: processing 5000000 (7237803.1 per sec) @ chr4:25000000-30000000
ForkPoolWorker-37,  processing 6 (7523.4 per sec) reads @ chr2:185000000-190000000
ForkPoolWorker-37 countReadsInRegions_worker: processing 5000000 (7396205.8 per sec) @ chr2:185000000-190000000
ForkPoolWorker-37,  processing 0 (0.0 per sec) reads @ chr22_KI270731v1_random:0-150754
ForkPoolWorker-37 countReadsInRegions_worker: processing 150754 (6170665.6 per sec) @ chr22_KI270731v1_random:0-150754
ForkPoolWorker-37,  processing 7 (11824.5 per sec) reads @ chr2:105000000-110000000
ForkPoolWorker-37 countReadsInRegions_worker: processing 5000000 (7526809.4 per sec) @ chr2:105000000-110000000
ForkPoolWorker-37,  processing 14 (19945.7 per sec) reads @ chr10:50000000-55000000
ForkPoolWorker-37 countReadsInRegions_worker: processing 5000000 (7470496.0 per sec) @ chr10:50000000-55000000
ForkPoolWorker-37,  processing 0 (0.0 per sec) reads @ chrUn_KI270438v1:0-112505
ForkPoolWorker-37 countReadsInRegions_worker: processing 112505 (6350157.1 per sec) @ chrUn_KI270438v1:0-112505
ForkPoolWorker-37,  processing 2 (4163.1 per sec) reads @ chr15:20000000-25000000
ForkPoolWorker-37 countReadsInRegions_worker: processing 5000000 (7395266.9 per sec) @ chr15:20000000-25000000
ForkPoolWorker-37,  processing 13 (19212.8 per sec) reads @ chr4:180000000-185000000
ForkPoolWorker-37 countReadsInRegions_worker: processing 5000000 (7449606.0 per sec) @ chr4:180000000-185000000
ForkPoolWorker-37,  processing 0 (0.0 per sec) reads @ chrUn_GL000195v1:0-182896
ForkPoolWorker-37 countReadsInRegions_worker: processing 182896 (6713588.0 per sec) @ chrUn_GL000195v1:0-182896
ForkPoolWorker-37,  processing 0 (0.0 per sec) reads @ chrUn_KI270315v1:0-2276
ForkPoolWorker-37 countReadsInRegions_worker: processing 2276 (462825.4 per sec) @ chrUn_KI270315v1:0-2276
ForkPoolWorker-37,  processing 6 (15224.3 per sec) reads @ chrUn_GL000220v1:0-161802
ForkPoolWorker-37 countReadsInRegions_worker: processing 161802 (6829218.7 per sec) @ chrUn_GL000220v1:0-161802
ForkPoolWorker-37,  processing 11 (16234.1 per sec) reads @ chr8:35000000-40000000
ForkPoolWorker-37 countReadsInRegions_worker: processing 5000000 (7370448.4 per sec) @ chr8:35000000-40000000
ForkPoolWorker-37,  processing 25 (31823.2 per sec) reads @ chr14:90000000-95000000
ForkPoolWorker-37 countReadsInRegions_worker: processing 5000000 (7389393.5 per sec) @ chr14:90000000-95000000
ForkPoolWorker-37,  processing 0 (0.0 per sec) reads @ chrUn_KI270322v1:0-21476
ForkPoolWorker-37 countReadsInRegions_worker: processing 21476 (3093511.7 per sec) @ chrUn_KI270322v1:0-21476
ForkPoolWorker-37,  processing 1 (2169.8 per sec) reads @ chr8:145000000-145138636
ForkPoolWorker-37 countReadsInRegions_worker: processing 138636 (6435378.9 per sec) @ chr8:145000000-145138636
ForkPoolWorker-37,  processing 0 (0.0 per sec) reads @ chr14_GL000009v2_random:0-201709
ForkPoolWorker-37 countReadsInRegions_worker: processing 201709 (6838475.7 per sec) @ chr14_GL000009v2_random:0-201709
ForkPoolWorker-37,  processing 20 (22900.9 per sec) reads @ chr3:40000000-45000000
ForkPoolWorker-37 countReadsInRegions_worker: processing 5000000 (7395251.2 per sec) @ chr3:40000000-45000000
ForkPoolWorker-37,  processing 0 (0.0 per sec) reads @ chrUn_KI270411v1:0-2646
ForkPoolWorker-37 countReadsInRegions_worker: processing 2646 (545094.7 per sec) @ chrUn_KI270411v1:0-2646
ForkPoolWorker-37,  processing 13 (19206.0 per sec) reads @ chr13:100000000-105000000
ForkPoolWorker-37 countReadsInRegions_worker: processing 5000000 (7422012.6 per sec) @ chr13:100000000-105000000
ForkPoolWorker-29,  processing 0 (0.0 per sec) reads @ chrUn_KI270375v1:0-2378
ForkPoolWorker-29 countReadsInRegions_worker: processing 2378 (56183.0 per sec) @ chrUn_KI270375v1:0-2378
ForkPoolWorker-29,  processing 0 (0.0 per sec) reads @ chrUn_KI270336v1:0-1026
ForkPoolWorker-29 countReadsInRegions_worker: processing 1026 (246865.3 per sec) @ chrUn_KI270336v1:0-1026
ForkPoolWorker-29,  processing 0 (0.0 per sec) reads @ chrUn_KI270750v1:0-148850
ForkPoolWorker-29 countReadsInRegions_worker: processing 148850 (6468520.1 per sec) @ chrUn_KI270750v1:0-148850
ForkPoolWorker-29,  processing 197 (66883.4 per sec) reads @ chr11:0-5000000
ForkPoolWorker-29 countReadsInRegions_worker: processing 5000000 (7525318.5 per sec) @ chr11:0-5000000
ForkPoolWorker-29,  processing 8 (8797.7 per sec) reads @ chr12:100000000-105000000
ForkPoolWorker-29 countReadsInRegions_worker: processing 5000000 (7037035.5 per sec) @ chr12:100000000-105000000
ForkPoolWorker-29,  processing 0 (0.0 per sec) reads @ chr9_KI270717v1_random:0-40062
ForkPoolWorker-29 countReadsInRegions_worker: processing 40062 (3787494.8 per sec) @ chr9_KI270717v1_random:0-40062
ForkPoolWorker-29,  processing 5 (8217.7 per sec) reads @ chr3:55000000-60000000
ForkPoolWorker-29 countReadsInRegions_worker: processing 5000000 (7132301.6 per sec) @ chr3:55000000-60000000
ForkPoolWorker-29,  processing 42 (37577.0 per sec) reads @ chr12:45000000-50000000
ForkPoolWorker-29 countReadsInRegions_worker: processing 5000000 (7061517.3 per sec) @ chr12:45000000-50000000
ForkPoolWorker-29,  processing 34 (34773.6 per sec) reads @ chr15:40000000-45000000
ForkPoolWorker-29 countReadsInRegions_worker: processing 5000000 (7098551.4 per sec) @ chr15:40000000-45000000
ForkPoolWorker-29,  processing 15 (20763.9 per sec) reads @ chr1:165000000-170000000
ForkPoolWorker-29 countReadsInRegions_worker: processing 5000000 (7092827.8 per sec) @ chr1:165000000-170000000
ForkPoolWorker-29,  processing 4 (6947.1 per sec) reads @ chr5:180000000-181538259
ForkPoolWorker-29 countReadsInRegions_worker: processing 1538259 (6970541.1 per sec) @ chr5:180000000-181538259
ForkPoolWorker-29,  processing 17 (22607.2 per sec) reads @ chr7:35000000-40000000
ForkPoolWorker-29 countReadsInRegions_worker: processing 5000000 (7105355.3 per sec) @ chr7:35000000-40000000
ForkPoolWorker-29,  processing 11 (16285.7 per sec) reads @ chr2:100000000-105000000
ForkPoolWorker-29 countReadsInRegions_worker: processing 5000000 (7099442.9 per sec) @ chr2:100000000-105000000
ForkPoolWorker-29,  processing 18 (22343.1 per sec) reads @ chr4:5000000-10000000
ForkPoolWorker-29 countReadsInRegions_worker: processing 5000000 (7081252.9 per sec) @ chr4:5000000-10000000
ForkPoolWorker-29,  processing 16 (19228.9 per sec) reads @ chr2:170000000-175000000
ForkPoolWorker-29 countReadsInRegions_worker: processing 5000000 (7083692.6 per sec) @ chr2:170000000-175000000
ForkPoolWorker-29,  processing 0 (0.0 per sec) reads @ chrUn_KI270383v1:0-1750
ForkPoolWorker-29 countReadsInRegions_worker: processing 1750 (357422.7 per sec) @ chrUn_KI270383v1:0-1750
ForkPoolWorker-46,  processing 5 (85.7 per sec) reads @ chr4:155000000-160000000
ForkPoolWorker-46 countReadsInRegions_worker: processing 5000000 (6412814.7 per sec) @ chr4:155000000-160000000
ForkPoolWorker-46,  processing 21 (19625.8 per sec) reads @ chr8:40000000-45000000
ForkPoolWorker-46 countReadsInRegions_worker: processing 5000000 (7281163.4 per sec) @ chr8:40000000-45000000
ForkPoolWorker-46,  processing 0 (0.0 per sec) reads @ chrUn_KI270418v1:0-2145
ForkPoolWorker-46 countReadsInRegions_worker: processing 2145 (425661.5 per sec) @ chrUn_KI270418v1:0-2145
ForkPoolWorker-46,  processing 16 (21230.3 per sec) reads @ chr14:75000000-80000000
ForkPoolWorker-46 countReadsInRegions_worker: processing 5000000 (7361768.0 per sec) @ chr14:75000000-80000000
ForkPoolWorker-46,  processing 21 (27855.9 per sec) reads @ chr1:60000000-65000000
ForkPoolWorker-46 countReadsInRegions_worker: processing 5000000 (7327877.3 per sec) @ chr1:60000000-65000000
ForkPoolWorker-46,  processing 9 (14625.6 per sec) reads @ chr2:205000000-210000000
ForkPoolWorker-46 countReadsInRegions_worker: processing 5000000 (7338169.6 per sec) @ chr2:205000000-210000000
ForkPoolWorker-46,  processing 3 (6615.6 per sec) reads @ chr6:170000000-170805979
ForkPoolWorker-46 countReadsInRegions_worker: processing 805979 (7092889.8 per sec) @ chr6:170000000-170805979
ForkPoolWorker-46,  processing 56 (48250.0 per sec) reads @ chr1:225000000-230000000
ForkPoolWorker-46 countReadsInRegions_worker: processing 5000000 (7410454.7 per sec) @ chr1:225000000-230000000
ForkPoolWorker-46,  processing 0 (0.0 per sec) reads @ chrUn_KI270519v1:0-138126
ForkPoolWorker-46 countReadsInRegions_worker: processing 138126 (5826343.2 per sec) @ chrUn_KI270519v1:0-138126
ForkPoolWorker-46,  processing 48 (47527.5 per sec) reads @ chr6:40000000-45000000
ForkPoolWorker-46 countReadsInRegions_worker: processing 5000000 (7438645.4 per sec) @ chr6:40000000-45000000
ForkPoolWorker-46,  processing 9 (14287.9 per sec) reads @ chrX:145000000-150000000
ForkPoolWorker-46 countReadsInRegions_worker: processing 5000000 (7396938.9 per sec) @ chrX:145000000-150000000
ForkPoolWorker-46,  processing 5 (9606.7 per sec) reads @ chrX:55000000-60000000
ForkPoolWorker-46 countReadsInRegions_worker: processing 5000000 (7412568.4 per sec) @ chrX:55000000-60000000
ForkPoolWorker-46,  processing 18 (23763.8 per sec) reads @ chr20:0-5000000
ForkPoolWorker-46 countReadsInRegions_worker: processing 5000000 (7380065.9 per sec) @ chr20:0-5000000
ForkPoolWorker-46,  processing 0 (0.0 per sec) reads @ chrUn_KI270582v1:0-6504
ForkPoolWorker-46 countReadsInRegions_worker: processing 6504 (1195903.4 per sec) @ chrUn_KI270582v1:0-6504
ForkPoolWorker-46,  processing 0 (0.0 per sec) reads @ chrUn_KI270744v1:0-168472
ForkPoolWorker-46 countReadsInRegions_worker: processing 168472 (6637074.6 per sec) @ chrUn_KI270744v1:0-168472
ForkPoolWorker-46,  processing 18 (27147.6 per sec) reads @ chr11:55000000-60000000
ForkPoolWorker-46 countReadsInRegions_worker: processing 5000000 (7472684.1 per sec) @ chr11:55000000-60000000
ForkPoolWorker-21,  processing 5 (79.7 per sec) reads @ chr2:140000000-145000000
ForkPoolWorker-21 countReadsInRegions_worker: processing 5000000 (6490474.1 per sec) @ chr2:140000000-145000000
ForkPoolWorker-21,  processing 11 (15936.9 per sec) reads @ chr11:20000000-25000000
ForkPoolWorker-21 countReadsInRegions_worker: processing 5000000 (7274992.8 per sec) @ chr11:20000000-25000000
ForkPoolWorker-21,  processing 4 (7394.1 per sec) reads @ chr2:240000000-242193529
ForkPoolWorker-21 countReadsInRegions_worker: processing 2193529 (7361799.1 per sec) @ chr2:240000000-242193529
ForkPoolWorker-21,  processing 11 (18955.4 per sec) reads @ chrX:100000000-105000000
ForkPoolWorker-21 countReadsInRegions_worker: processing 5000000 (7543769.2 per sec) @ chrX:100000000-105000000
ForkPoolWorker-21,  processing 0 (0.0 per sec) reads @ chr13:5000000-10000000
ForkPoolWorker-21 countReadsInRegions_worker: processing 5000000 (7535323.1 per sec) @ chr13:5000000-10000000
ForkPoolWorker-21,  processing 121 (67488.1 per sec) reads @ chr19:10000000-15000000
ForkPoolWorker-21 countReadsInRegions_worker: processing 5000000 (7494493.9 per sec) @ chr19:10000000-15000000
ForkPoolWorker-21,  processing 3 (6009.0 per sec) reads @ chr2:120000000-125000000
ForkPoolWorker-21 countReadsInRegions_worker: processing 5000000 (7500970.2 per sec) @ chr2:120000000-125000000
ForkPoolWorker-21,  processing 35 (34243.2 per sec) reads @ chr6:25000000-30000000
ForkPoolWorker-21 countReadsInRegions_worker: processing 5000000 (7483927.0 per sec) @ chr6:25000000-30000000
ForkPoolWorker-21,  processing 19 (26823.2 per sec) reads @ chr10:15000000-20000000
ForkPoolWorker-21 countReadsInRegions_worker: processing 5000000 (7487387.1 per sec) @ chr10:15000000-20000000
ForkPoolWorker-21,  processing 0 (0.0 per sec) reads @ chr13:15000000-20000000
ForkPoolWorker-21 countReadsInRegions_worker: processing 5000000 (7463633.9 per sec) @ chr13:15000000-20000000
ForkPoolWorker-21,  processing 48 (50043.9 per sec) reads @ chr1:145000000-150000000
ForkPoolWorker-21 countReadsInRegions_worker: processing 5000000 (7428895.7 per sec) @ chr1:145000000-150000000
ForkPoolWorker-21,  processing 24 (28260.3 per sec) reads @ chr13:40000000-45000000
ForkPoolWorker-21 countReadsInRegions_worker: processing 5000000 (7486232.5 per sec) @ chr13:40000000-45000000
ForkPoolWorker-36,  processing 100 (1639.7 per sec) reads @ chr7:100000000-105000000
ForkPoolWorker-36 countReadsInRegions_worker: processing 5000000 (6297449.3 per sec) @ chr7:100000000-105000000
ForkPoolWorker-36,  processing 2 (3680.8 per sec) reads @ chr6:95000000-100000000
ForkPoolWorker-36 countReadsInRegions_worker: processing 5000000 (7204573.8 per sec) @ chr6:95000000-100000000
ForkPoolWorker-36,  processing 0 (0.0 per sec) reads @ chrUn_KI270517v1:0-3253
ForkPoolWorker-36 countReadsInRegions_worker: processing 3253 (450686.1 per sec) @ chrUn_KI270517v1:0-3253
ForkPoolWorker-36,  processing 6 (8221.4 per sec) reads @ chr16:60000000-65000000
ForkPoolWorker-36 countReadsInRegions_worker: processing 5000000 (7343905.2 per sec) @ chr16:60000000-65000000
ForkPoolWorker-36,  processing 5 (9149.9 per sec) reads @ chr10:105000000-110000000
ForkPoolWorker-36 countReadsInRegions_worker: processing 5000000 (7341930.6 per sec) @ chr10:105000000-110000000
ForkPoolWorker-36,  processing 31 (31689.8 per sec) reads @ chr5:130000000-135000000
ForkPoolWorker-36 countReadsInRegions_worker: processing 5000000 (7327439.4 per sec) @ chr5:130000000-135000000
ForkPoolWorker-36,  processing 0 (0.0 per sec) reads @ chrUn_KI270448v1:0-7992
ForkPoolWorker-36 countReadsInRegions_worker: processing 7992 (1436814.3 per sec) @ chrUn_KI270448v1:0-7992
ForkPoolWorker-36,  processing 0 (0.0 per sec) reads @ chrUn_KI270754v1:0-40191
ForkPoolWorker-36 countReadsInRegions_worker: processing 40191 (4656205.7 per sec) @ chrUn_KI270754v1:0-40191
ForkPoolWorker-36,  processing 0 (0.0 per sec) reads @ chr22_KI270737v1_random:0-103838
ForkPoolWorker-36 countReadsInRegions_worker: processing 103838 (5968509.9 per sec) @ chr22_KI270737v1_random:0-103838
ForkPoolWorker-36,  processing 21 (29117.5 per sec) reads @ chr3:60000000-65000000
ForkPoolWorker-36 countReadsInRegions_worker: processing 5000000 (7396925.8 per sec) @ chr3:60000000-65000000
ForkPoolWorker-36,  processing 0 (0.0 per sec) reads @ chrUn_KI270378v1:0-1048
ForkPoolWorker-36 countReadsInRegions_worker: processing 1048 (224932.5 per sec) @ chrUn_KI270378v1:0-1048
ForkPoolWorker-36,  processing 0 (0.0 per sec) reads @ chrUn_KI270340v1:0-1428
ForkPoolWorker-36 countReadsInRegions_worker: processing 1428 (329634.9 per sec) @ chrUn_KI270340v1:0-1428
ForkPoolWorker-36,  processing 48 (51306.5 per sec) reads @ chr10:120000000-125000000
ForkPoolWorker-36 countReadsInRegions_worker: processing 5000000 (7398682.1 per sec) @ chr10:120000000-125000000
ForkPoolWorker-36,  processing 28 (36180.1 per sec) reads @ chr22:50000000-50818468
ForkPoolWorker-36 countReadsInRegions_worker: processing 818468 (7150392.8 per sec) @ chr22:50000000-50818468
ForkPoolWorker-36,  processing 0 (0.0 per sec) reads @ chrUn_KI270538v1:0-91309
ForkPoolWorker-36 countReadsInRegions_worker: processing 91309 (6090224.9 per sec) @ chrUn_KI270538v1:0-91309
ForkPoolWorker-36,  processing 15 (23155.9 per sec) reads @ chr1:85000000-90000000
ForkPoolWorker-36 countReadsInRegions_worker: processing 5000000 (7464906.4 per sec) @ chr1:85000000-90000000
ForkPoolWorker-36,  processing 0 (0.0 per sec) reads @ chrUn_KI270335v1:0-1048
ForkPoolWorker-36 countReadsInRegions_worker: processing 1048 (225741.1 per sec) @ chrUn_KI270335v1:0-1048
ForkPoolWorker-36,  processing 19 (26850.3 per sec) reads @ chr20:40000000-45000000
ForkPoolWorker-36 countReadsInRegions_worker: processing 5000000 (7434948.0 per sec) @ chr20:40000000-45000000
ForkPoolWorker-36,  processing 7 (12037.8 per sec) reads @ chr11:80000000-85000000
ForkPoolWorker-36 countReadsInRegions_worker: processing 5000000 (7444370.1 per sec) @ chr11:80000000-85000000
ForkPoolWorker-36,  processing 3 (6374.3 per sec) reads @ chrY:5000000-10000000
ForkPoolWorker-36 countReadsInRegions_worker: processing 5000000 (7443284.1 per sec) @ chrY:5000000-10000000
ForkPoolWorker-38,  processing 6 (102.3 per sec) reads @ chr5:95000000-100000000
ForkPoolWorker-38 countReadsInRegions_worker: processing 5000000 (6380667.9 per sec) @ chr5:95000000-100000000
ForkPoolWorker-38,  processing 39 (36759.1 per sec) reads @ chr1:65000000-70000000
ForkPoolWorker-38 countReadsInRegions_worker: processing 5000000 (7220073.7 per sec) @ chr1:65000000-70000000
ForkPoolWorker-38,  processing 13 (21109.5 per sec) reads @ chr14:55000000-60000000
ForkPoolWorker-38 countReadsInRegions_worker: processing 5000000 (7385172.8 per sec) @ chr14:55000000-60000000
ForkPoolWorker-38,  processing 0 (0.0 per sec) reads @ chr11_KI270721v1_random:0-100316
ForkPoolWorker-38 countReadsInRegions_worker: processing 100316 (5635776.5 per sec) @ chr11_KI270721v1_random:0-100316
ForkPoolWorker-38,  processing 14 (21337.3 per sec) reads @ chr2:50000000-55000000
ForkPoolWorker-38 countReadsInRegions_worker: processing 5000000 (7492394.7 per sec) @ chr2:50000000-55000000
ForkPoolWorker-38,  processing 32 (33296.4 per sec) reads @ chr13:25000000-30000000
ForkPoolWorker-38 countReadsInRegions_worker: processing 5000000 (7419770.0 per sec) @ chr13:25000000-30000000
ForkPoolWorker-38,  processing 9 (13970.7 per sec) reads @ chr10:60000000-65000000
ForkPoolWorker-38 countReadsInRegions_worker: processing 5000000 (7397463.3 per sec) @ chr10:60000000-65000000
ForkPoolWorker-38,  processing 0 (0.0 per sec) reads @ chrUn_KI270528v1:0-2983
ForkPoolWorker-38 countReadsInRegions_worker: processing 2983 (581908.2 per sec) @ chrUn_KI270528v1:0-2983
ForkPoolWorker-38,  processing 14 (19501.9 per sec) reads @ chr10:5000000-10000000
ForkPoolWorker-38 countReadsInRegions_worker: processing 5000000 (7237381.0 per sec) @ chr10:5000000-10000000
ForkPoolWorker-38,  processing 5 (9035.6 per sec) reads @ chr1:140000000-145000000
ForkPoolWorker-38 countReadsInRegions_worker: processing 5000000 (7398820.4 per sec) @ chr1:140000000-145000000
ForkPoolWorker-38,  processing 0 (0.0 per sec) reads @ chrUn_KI270742v1:0-186739
ForkPoolWorker-38 countReadsInRegions_worker: processing 186739 (6549378.2 per sec) @ chrUn_KI270742v1:0-186739
ForkPoolWorker-38,  processing 0 (0.0 per sec) reads @ chrUn_KI270382v1:0-4215
ForkPoolWorker-38 countReadsInRegions_worker: processing 4215 (805494.4 per sec) @ chrUn_KI270382v1:0-4215
ForkPoolWorker-38,  processing 241 (82134.3 per sec) reads @ chr16:0-5000000
ForkPoolWorker-38 countReadsInRegions_worker: processing 5000000 (7372775.2 per sec) @ chr16:0-5000000
ForkPoolWorker-38,  processing 0 (0.0 per sec) reads @ chrY:55000000-57227415
ForkPoolWorker-38 countReadsInRegions_worker: processing 2227415 (7288322.2 per sec) @ chrY:55000000-57227415
ForkPoolWorker-38,  processing 20 (27440.7 per sec) reads @ chr2:45000000-50000000
ForkPoolWorker-38 countReadsInRegions_worker: processing 5000000 (7461873.2 per sec) @ chr2:45000000-50000000
ForkPoolWorker-38,  processing 6 (11280.1 per sec) reads @ chr15:95000000-100000000
ForkPoolWorker-38 countReadsInRegions_worker: processing 5000000 (7437882.9 per sec) @ chr15:95000000-100000000
ForkPoolWorker-6,  processing 87 (1327.8 per sec) reads @ chr9:135000000-138394717
ForkPoolWorker-6 countReadsInRegions_worker: processing 3394717 (6566405.3 per sec) @ chr9:135000000-138394717
ForkPoolWorker-6,  processing 0 (0.0 per sec) reads @ chr22_KI270735v1_random:0-42811
ForkPoolWorker-6 countReadsInRegions_worker: processing 42811 (4241363.1 per sec) @ chr22_KI270735v1_random:0-42811
ForkPoolWorker-6,  processing 0 (0.0 per sec) reads @ chr6:120000000-125000000
ForkPoolWorker-6 countReadsInRegions_worker: processing 5000000 (7565843.7 per sec) @ chr6:120000000-125000000
ForkPoolWorker-6,  processing 16 (21859.6 per sec) reads @ chr7:45000000-50000000
ForkPoolWorker-6 countReadsInRegions_worker: processing 5000000 (7532113.3 per sec) @ chr7:45000000-50000000
ForkPoolWorker-6,  processing 0 (0.0 per sec) reads @ chr9:45000000-50000000
ForkPoolWorker-6 countReadsInRegions_worker: processing 5000000 (7542700.2 per sec) @ chr9:45000000-50000000
ForkPoolWorker-6,  processing 63 (56078.3 per sec) reads @ chr1:205000000-210000000
ForkPoolWorker-6 countReadsInRegions_worker: processing 5000000 (7521572.3 per sec) @ chr1:205000000-210000000
ForkPoolWorker-6,  processing 138 (72761.0 per sec) reads @ chr11:65000000-70000000
ForkPoolWorker-6 countReadsInRegions_worker: processing 5000000 (7497502.8 per sec) @ chr11:65000000-70000000
ForkPoolWorker-6,  processing 25 (35092.9 per sec) reads @ chr8:10000000-15000000
ForkPoolWorker-6 countReadsInRegions_worker: processing 5000000 (7508933.4 per sec) @ chr8:10000000-15000000
ForkPoolWorker-6,  processing 26 (33126.3 per sec) reads @ chr11:25000000-30000000
ForkPoolWorker-6 countReadsInRegions_worker: processing 5000000 (7503936.0 per sec) @ chr11:25000000-30000000
ForkPoolWorker-6,  processing 25 (33109.4 per sec) reads @ chr13:50000000-55000000
ForkPoolWorker-6 countReadsInRegions_worker: processing 5000000 (7492962.2 per sec) @ chr13:50000000-55000000
ForkPoolWorker-6,  processing 15 (22928.0 per sec) reads @ chr3:115000000-120000000
ForkPoolWorker-6 countReadsInRegions_worker: processing 5000000 (7483019.0 per sec) @ chr3:115000000-120000000
ForkPoolWorker-6,  processing 0 (0.0 per sec) reads @ chr22_KI270739v1_random:0-73985
ForkPoolWorker-6 countReadsInRegions_worker: processing 73985 (5565000.9 per sec) @ chr22_KI270739v1_random:0-73985
ForkPoolWorker-6,  processing 2 (4405.8 per sec) reads @ chrX:90000000-95000000
ForkPoolWorker-6 countReadsInRegions_worker: processing 5000000 (7468838.5 per sec) @ chrX:90000000-95000000
ForkPoolWorker-6,  processing 0 (0.0 per sec) reads @ chr1_KI270710v1_random:0-40176
ForkPoolWorker-6 countReadsInRegions_worker: processing 40176 (4497567.4 per sec) @ chr1_KI270710v1_random:0-40176
ForkPoolWorker-6,  processing 0 (0.0 per sec) reads @ chrUn_KI270522v1:0-5674
ForkPoolWorker-6 countReadsInRegions_worker: processing 5674 (1213032.3 per sec) @ chrUn_KI270522v1:0-5674
ForkPoolWorker-6,  processing 11 (18294.0 per sec) reads @ chr21:10000000-15000000
ForkPoolWorker-6 countReadsInRegions_worker: processing 5000000 (7519293.5 per sec) @ chr21:10000000-15000000
ForkPoolWorker-1,  processing 104 (1589.5 per sec) reads @ chr6:35000000-40000000
ForkPoolWorker-1 countReadsInRegions_worker: processing 5000000 (6273640.7 per sec) @ chr6:35000000-40000000
ForkPoolWorker-1,  processing 74 (46345.9 per sec) reads @ chr22:35000000-40000000
ForkPoolWorker-1 countReadsInRegions_worker: processing 5000000 (7042288.6 per sec) @ chr22:35000000-40000000
ForkPoolWorker-1,  processing 0 (0.0 per sec) reads @ chrUn_KI270303v1:0-1942
ForkPoolWorker-1 countReadsInRegions_worker: processing 1942 (351440.6 per sec) @ chrUn_KI270303v1:0-1942
ForkPoolWorker-1,  processing 0 (0.0 per sec) reads @ chrUn_KI270386v1:0-1788
ForkPoolWorker-1 countReadsInRegions_worker: processing 1788 (408999.5 per sec) @ chrUn_KI270386v1:0-1788
ForkPoolWorker-1,  processing 4 (6984.7 per sec) reads @ chrX:25000000-30000000
ForkPoolWorker-1 countReadsInRegions_worker: processing 5000000 (7503804.4 per sec) @ chrX:25000000-30000000
ForkPoolWorker-1,  processing 33 (37858.9 per sec) reads @ chr11:10000000-15000000
ForkPoolWorker-1 countReadsInRegions_worker: processing 5000000 (7486654.8 per sec) @ chr11:10000000-15000000
ForkPoolWorker-1,  processing 0 (0.0 per sec) reads @ chrUn_GL000214v1:0-137718
ForkPoolWorker-1 countReadsInRegions_worker: processing 137718 (6133788.8 per sec) @ chrUn_GL000214v1:0-137718
ForkPoolWorker-1,  processing 8 (13194.8 per sec) reads @ chr9:70000000-75000000
ForkPoolWorker-1 countReadsInRegions_worker: processing 5000000 (7498663.6 per sec) @ chr9:70000000-75000000
ForkPoolWorker-1,  processing 52 (42807.4 per sec) reads @ chr22:40000000-45000000
ForkPoolWorker-1 countReadsInRegions_worker: processing 5000000 (7496511.2 per sec) @ chr22:40000000-45000000
ForkPoolWorker-1,  processing 19 (24163.7 per sec) reads @ chr16:5000000-10000000
ForkPoolWorker-1 countReadsInRegions_worker: processing 5000000 (7493176.4 per sec) @ chr16:5000000-10000000
ForkPoolWorker-1,  processing 2 (4154.8 per sec) reads @ chr4:175000000-180000000
ForkPoolWorker-1 countReadsInRegions_worker: processing 5000000 (7471962.6 per sec) @ chr4:175000000-180000000
ForkPoolWorker-1,  processing 0 (0.0 per sec) reads @ chrUn_KI270529v1:0-1899
ForkPoolWorker-1 countReadsInRegions_worker: processing 1899 (394345.1 per sec) @ chrUn_KI270529v1:0-1899
ForkPoolWorker-1,  processing 19 (26353.1 per sec) reads @ chr8:70000000-75000000
ForkPoolWorker-1 countReadsInRegions_worker: processing 5000000 (7508960.3 per sec) @ chr8:70000000-75000000
ForkPoolWorker-1,  processing 0 (0.0 per sec) reads @ chr9:50000000-55000000
ForkPoolWorker-1 countReadsInRegions_worker: processing 5000000 (7515318.9 per sec) @ chr9:50000000-55000000
ForkPoolWorker-1,  processing 15 (21792.4 per sec) reads @ chr11:120000000-125000000
ForkPoolWorker-1 countReadsInRegions_worker: processing 5000000 (7478933.4 per sec) @ chr11:120000000-125000000
ForkPoolWorker-1,  processing 48 (44979.1 per sec) reads @ chr18:45000000-50000000
ForkPoolWorker-1 countReadsInRegions_worker: processing 5000000 (7894441.2 per sec) @ chr18:45000000-50000000
ForkPoolWorker-25,  processing 0 (0.0 per sec) reads @ chrUn_KI270425v1:0-1884
ForkPoolWorker-25 countReadsInRegions_worker: processing 1884 (42959.1 per sec) @ chrUn_KI270425v1:0-1884
ForkPoolWorker-25,  processing 4 (967.4 per sec) reads @ chr8:85000000-90000000
ForkPoolWorker-25 countReadsInRegions_worker: processing 5000000 (6827495.7 per sec) @ chr8:85000000-90000000
ForkPoolWorker-25,  processing 0 (0.0 per sec) reads @ chrUn_KI270583v1:0-1400
ForkPoolWorker-25 countReadsInRegions_worker: processing 1400 (283782.4 per sec) @ chrUn_KI270583v1:0-1400
ForkPoolWorker-25,  processing 0 (0.0 per sec) reads @ chrUn_KI270337v1:0-1121
ForkPoolWorker-25 countReadsInRegions_worker: processing 1121 (271514.4 per sec) @ chrUn_KI270337v1:0-1121
ForkPoolWorker-25,  processing 2 (4159.0 per sec) reads @ chr9:10000000-15000000
ForkPoolWorker-25 countReadsInRegions_worker: processing 5000000 (7394549.8 per sec) @ chr9:10000000-15000000
ForkPoolWorker-25,  processing 0 (0.0 per sec) reads @ chr14_KI270725v1_random:0-172810
ForkPoolWorker-25 countReadsInRegions_worker: processing 172810 (6442881.0 per sec) @ chr14_KI270725v1_random:0-172810
ForkPoolWorker-25,  processing 7 (12137.3 per sec) reads @ chr15:45000000-50000000
ForkPoolWorker-25 countReadsInRegions_worker: processing 5000000 (7524157.5 per sec) @ chr15:45000000-50000000
ForkPoolWorker-25,  processing 37 (41317.7 per sec) reads @ chr8:20000000-25000000
ForkPoolWorker-25 countReadsInRegions_worker: processing 5000000 (7566209.5 per sec) @ chr8:20000000-25000000
ForkPoolWorker-25,  processing 0 (0.0 per sec) reads @ chr21:0-5000000
ForkPoolWorker-25 countReadsInRegions_worker: processing 5000000 (7496926.6 per sec) @ chr21:0-5000000
ForkPoolWorker-25,  processing 17 (24368.8 per sec) reads @ chr10:10000000-15000000
ForkPoolWorker-25 countReadsInRegions_worker: processing 5000000 (7492127.0 per sec) @ chr10:10000000-15000000
ForkPoolWorker-25,  processing 18 (23244.3 per sec) reads @ chr10:90000000-95000000
ForkPoolWorker-25 countReadsInRegions_worker: processing 5000000 (7485326.7 per sec) @ chr10:90000000-95000000
ForkPoolWorker-25,  processing 19 (26370.5 per sec) reads @ chr21:15000000-20000000
ForkPoolWorker-25 countReadsInRegions_worker: processing 5000000 (7482380.9 per sec) @ chr21:15000000-20000000
ForkPoolWorker-25,  processing 0 (0.0 per sec) reads @ chrUn_KI270548v1:0-1599
ForkPoolWorker-25 countReadsInRegions_worker: processing 1599 (345243.1 per sec) @ chrUn_KI270548v1:0-1599
ForkPoolWorker-25,  processing 9 (15099.5 per sec) reads @ chr2:15000000-20000000
ForkPoolWorker-25 countReadsInRegions_worker: processing 5000000 (7514179.9 per sec) @ chr2:15000000-20000000
ForkPoolWorker-25,  processing 0 (0.0 per sec) reads @ chrUn_KI270317v1:0-37690
ForkPoolWorker-25 countReadsInRegions_worker: processing 37690 (4394621.3 per sec) @ chrUn_KI270317v1:0-37690
ForkPoolWorker-25,  processing 5 (9190.0 per sec) reads @ chr1:105000000-110000000
ForkPoolWorker-25 countReadsInRegions_worker: processing 5000000 (7513078.9 per sec) @ chr1:105000000-110000000
ForkPoolWorker-25,  processing 6 (10587.2 per sec) reads @ chr14:80000000-85000000
ForkPoolWorker-25 countReadsInRegions_worker: processing 5000000 (7509877.3 per sec) @ chr14:80000000-85000000
ForkPoolWorker-25,  processing 6 (12151.5 per sec) reads @ chr7:105000000-110000000
ForkPoolWorker-25 countReadsInRegions_worker: processing 5000000 (8004791.1 per sec) @ chr7:105000000-110000000
ForkPoolWorker-25,  processing 4 (11467.7 per sec) reads @ chrUn_GL000218v1:0-161147
ForkPoolWorker-25 countReadsInRegions_worker: processing 161147 (7533012.1 per sec) @ chrUn_GL000218v1:0-161147
ForkPoolWorker-25,  processing 0 (0.0 per sec) reads @ chrUn_KI270584v1:0-4513
ForkPoolWorker-25 countReadsInRegions_worker: processing 4513 (1062644.9 per sec) @ chrUn_KI270584v1:0-4513
ForkPoolWorker-2,  processing 15 (233.4 per sec) reads @ chr2:35000000-40000000
ForkPoolWorker-2 countReadsInRegions_worker: processing 5000000 (6289160.5 per sec) @ chr2:35000000-40000000
ForkPoolWorker-2,  processing 14 (19851.3 per sec) reads @ chr1:115000000-120000000
ForkPoolWorker-2 countReadsInRegions_worker: processing 5000000 (7243275.2 per sec) @ chr1:115000000-120000000
ForkPoolWorker-2,  processing 63 (48897.3 per sec) reads @ chr17:0-5000000
ForkPoolWorker-2 countReadsInRegions_worker: processing 5000000 (7332214.8 per sec) @ chr17:0-5000000
ForkPoolWorker-2,  processing 18 (24480.4 per sec) reads @ chrX:150000000-155000000
ForkPoolWorker-2 countReadsInRegions_worker: processing 5000000 (7363874.8 per sec) @ chrX:150000000-155000000
ForkPoolWorker-2,  processing 0 (0.0 per sec) reads @ chrUn_KI270467v1:0-3920
ForkPoolWorker-2 countReadsInRegions_worker: processing 3920 (674142.9 per sec) @ chrUn_KI270467v1:0-3920
ForkPoolWorker-2,  processing 13 (20835.3 per sec) reads @ chr14:60000000-65000000
ForkPoolWorker-2 countReadsInRegions_worker: processing 5000000 (7306602.5 per sec) @ chr14:60000000-65000000
ForkPoolWorker-2,  processing 35 (40507.9 per sec) reads @ chr2:30000000-35000000
ForkPoolWorker-2 countReadsInRegions_worker: processing 5000000 (7380504.8 per sec) @ chr2:30000000-35000000
ForkPoolWorker-2,  processing 50 (45839.4 per sec) reads @ chrX:70000000-75000000
ForkPoolWorker-2 countReadsInRegions_worker: processing 5000000 (7388258.5 per sec) @ chrX:70000000-75000000
ForkPoolWorker-2,  processing 0 (0.0 per sec) reads @ chrUn_KI270394v1:0-970
ForkPoolWorker-2 countReadsInRegions_worker: processing 970 (208074.2 per sec) @ chrUn_KI270394v1:0-970
ForkPoolWorker-2,  processing 9 (15867.5 per sec) reads @ chr3:100000000-105000000
ForkPoolWorker-2 countReadsInRegions_worker: processing 5000000 (7412002.5 per sec) @ chr3:100000000-105000000
ForkPoolWorker-2,  processing 13 (19856.5 per sec) reads @ chr7:55000000-60000000
ForkPoolWorker-2 countReadsInRegions_worker: processing 5000000 (7442343.8 per sec) @ chr7:55000000-60000000
ForkPoolWorker-2,  processing 0 (0.0 per sec) reads @ chr1:135000000-140000000
ForkPoolWorker-2 countReadsInRegions_worker: processing 5000000 (7404395.1 per sec) @ chr1:135000000-140000000
ForkPoolWorker-2,  processing 3 (5617.4 per sec) reads @ chr14:85000000-90000000
ForkPoolWorker-2 countReadsInRegions_worker: processing 5000000 (7399778.6 per sec) @ chr14:85000000-90000000
ForkPoolWorker-2,  processing 0 (0.0 per sec) reads @ chrUn_GL000213v1:0-164239
ForkPoolWorker-2 countReadsInRegions_worker: processing 164239 (6661460.5 per sec) @ chrUn_GL000213v1:0-164239
ForkPoolWorker-2,  processing 34 (41383.2 per sec) reads @ chr16:55000000-60000000
ForkPoolWorker-2 countReadsInRegions_worker: processing 5000000 (8060832.0 per sec) @ chr16:55000000-60000000
ForkPoolWorker-2,  processing 0 (0.0 per sec) reads @ chrUn_KI270420v1:0-2321
ForkPoolWorker-2 countReadsInRegions_worker: processing 2321 (523161.0 per sec) @ chrUn_KI270420v1:0-2321
ForkPoolWorker-19,  processing 9 (142.5 per sec) reads @ chr16:15000000-20000000
ForkPoolWorker-19 countReadsInRegions_worker: processing 5000000 (6364504.6 per sec) @ chr16:15000000-20000000
ForkPoolWorker-19,  processing 28 (33766.7 per sec) reads @ chr3:170000000-175000000
ForkPoolWorker-19 countReadsInRegions_worker: processing 5000000 (7259040.3 per sec) @ chr3:170000000-175000000
ForkPoolWorker-19,  processing 25 (33759.7 per sec) reads @ chrX:135000000-140000000
ForkPoolWorker-19 countReadsInRegions_worker: processing 5000000 (7344849.1 per sec) @ chrX:135000000-140000000
ForkPoolWorker-19,  processing 3 (6244.6 per sec) reads @ chr10:110000000-115000000
ForkPoolWorker-19 countReadsInRegions_worker: processing 5000000 (7363748.1 per sec) @ chr10:110000000-115000000
ForkPoolWorker-19,  processing 25 (31564.6 per sec) reads @ chr16:20000000-25000000
ForkPoolWorker-19 countReadsInRegions_worker: processing 5000000 (7329746.9 per sec) @ chr16:20000000-25000000
ForkPoolWorker-19,  processing 0 (0.0 per sec) reads @ chr9_KI270719v1_random:0-176845
ForkPoolWorker-19 countReadsInRegions_worker: processing 176845 (6320225.7 per sec) @ chr9_KI270719v1_random:0-176845
ForkPoolWorker-19,  processing 0 (0.0 per sec) reads @ chrUn_GL000216v2:0-176608
ForkPoolWorker-19 countReadsInRegions_worker: processing 176608 (6911119.8 per sec) @ chrUn_GL000216v2:0-176608
ForkPoolWorker-19,  processing 19 (27893.5 per sec) reads @ chr15:70000000-75000000
ForkPoolWorker-19 countReadsInRegions_worker: processing 5000000 (7369560.0 per sec) @ chr15:70000000-75000000
ForkPoolWorker-19,  processing 6 (10618.5 per sec) reads @ chr13:90000000-95000000
ForkPoolWorker-19 countReadsInRegions_worker: processing 5000000 (7428122.1 per sec) @ chr13:90000000-95000000
ForkPoolWorker-19,  processing 14 (19658.6 per sec) reads @ chr11:70000000-75000000
ForkPoolWorker-19 countReadsInRegions_worker: processing 5000000 (7407232.6 per sec) @ chr11:70000000-75000000
ForkPoolWorker-19,  processing 17 (25456.3 per sec) reads @ chr2:110000000-115000000
ForkPoolWorker-19 countReadsInRegions_worker: processing 5000000 (7410603.9 per sec) @ chr2:110000000-115000000
ForkPoolWorker-19,  processing 3 (5957.8 per sec) reads @ chr6:140000000-145000000
ForkPoolWorker-19 countReadsInRegions_worker: processing 5000000 (7402479.3 per sec) @ chr6:140000000-145000000
ForkPoolWorker-19,  processing 7 (13014.2 per sec) reads @ chr5:35000000-40000000
ForkPoolWorker-19 countReadsInRegions_worker: processing 5000000 (7413197.3 per sec) @ chr5:35000000-40000000
ForkPoolWorker-19,  processing 9 (15351.3 per sec) reads @ chr4:185000000-190000000
ForkPoolWorker-19 countReadsInRegions_worker: processing 5000000 (8170924.8 per sec) @ chr4:185000000-190000000
ForkPoolWorker-19,  processing 0 (0.0 per sec) reads @ chrUn_KI270412v1:0-1179
ForkPoolWorker-19 countReadsInRegions_worker: processing 1179 (275170.2 per sec) @ chrUn_KI270412v1:0-1179
ForkPoolWorker-19,  processing 0 (0.0 per sec) reads @ chrUn_KI270581v1:0-7046
ForkPoolWorker-19 countReadsInRegions_worker: processing 7046 (1618991.2 per sec) @ chrUn_KI270581v1:0-7046
ForkPoolWorker-30,  processing 0 (0.0 per sec) reads @ chrUn_KI270587v1:0-2969
ForkPoolWorker-30 countReadsInRegions_worker: processing 2969 (69519.1 per sec) @ chrUn_KI270587v1:0-2969
ForkPoolWorker-30,  processing 7 (1323.9 per sec) reads @ chr13:80000000-85000000
ForkPoolWorker-30 countReadsInRegions_worker: processing 5000000 (6832126.6 per sec) @ chr13:80000000-85000000
ForkPoolWorker-30,  processing 0 (0.0 per sec) reads @ chrUn_KI270509v1:0-2318
ForkPoolWorker-30 countReadsInRegions_worker: processing 2318 (424336.4 per sec) @ chrUn_KI270509v1:0-2318
ForkPoolWorker-30,  processing 4 (8062.1 per sec) reads @ chrX:30000000-35000000
ForkPoolWorker-30 countReadsInRegions_worker: processing 5000000 (7419922.3 per sec) @ chrX:30000000-35000000
ForkPoolWorker-30,  processing 70 (62309.3 per sec) reads @ chr21:45000000-46709983
ForkPoolWorker-30 countReadsInRegions_worker: processing 1709983 (7356709.5 per sec) @ chr21:45000000-46709983
ForkPoolWorker-30,  processing 0 (0.0 per sec) reads @ chrUn_KI270749v1:0-158759
ForkPoolWorker-30 countReadsInRegions_worker: processing 158759 (6238661.3 per sec) @ chrUn_KI270749v1:0-158759
ForkPoolWorker-30,  processing 23 (28574.9 per sec) reads @ chr3:65000000-70000000
ForkPoolWorker-30 countReadsInRegions_worker: processing 5000000 (7485420.2 per sec) @ chr3:65000000-70000000
ForkPoolWorker-30,  processing 10 (16677.2 per sec) reads @ chr4:150000000-155000000
ForkPoolWorker-30 countReadsInRegions_worker: processing 5000000 (7500251.2 per sec) @ chr4:150000000-155000000
ForkPoolWorker-30,  processing 41 (45361.8 per sec) reads @ chr3:195000000-198295559
ForkPoolWorker-30 countReadsInRegions_worker: processing 3295559 (7435082.3 per sec) @ chr3:195000000-198295559
ForkPoolWorker-30,  processing 10 (17757.4 per sec) reads @ chr9:25000000-30000000
ForkPoolWorker-30 countReadsInRegions_worker: processing 5000000 (7467444.9 per sec) @ chr9:25000000-30000000
ForkPoolWorker-30,  processing 0 (0.0 per sec) reads @ chrUn_KI270521v1:0-7642
ForkPoolWorker-30 countReadsInRegions_worker: processing 7642 (1423243.7 per sec) @ chrUn_KI270521v1:0-7642
ForkPoolWorker-30,  processing 0 (0.0 per sec) reads @ chrUn_KI270363v1:0-1803
ForkPoolWorker-30 countReadsInRegions_worker: processing 1803 (409882.4 per sec) @ chrUn_KI270363v1:0-1803
ForkPoolWorker-30,  processing 0 (0.0 per sec) reads @ chrUn_KI270530v1:0-2168
ForkPoolWorker-30 countReadsInRegions_worker: processing 2168 (502334.1 per sec) @ chrUn_KI270530v1:0-2168
ForkPoolWorker-30,  processing 25 (33372.9 per sec) reads @ chr16:80000000-85000000
ForkPoolWorker-30 countReadsInRegions_worker: processing 5000000 (7471456.8 per sec) @ chr16:80000000-85000000
ForkPoolWorker-30,  processing 7 (12023.0 per sec) reads @ chr2:225000000-230000000
ForkPoolWorker-30 countReadsInRegions_worker: processing 5000000 (7505627.9 per sec) @ chr2:225000000-230000000
ForkPoolWorker-30,  processing 0 (0.0 per sec) reads @ chrUn_KI270511v1:0-8127
ForkPoolWorker-30 countReadsInRegions_worker: processing 8127 (1474419.7 per sec) @ chrUn_KI270511v1:0-8127
ForkPoolWorker-30,  processing 8 (13590.3 per sec) reads @ chr8:135000000-140000000
ForkPoolWorker-30 countReadsInRegions_worker: processing 5000000 (7378043.3 per sec) @ chr8:135000000-140000000
ForkPoolWorker-30,  processing 13 (18893.3 per sec) reads @ chr2:150000000-155000000
ForkPoolWorker-30 countReadsInRegions_worker: processing 5000000 (7397580.7 per sec) @ chr2:150000000-155000000
ForkPoolWorker-30,  processing 64 (49119.0 per sec) reads @ chr11:60000000-65000000
ForkPoolWorker-30 countReadsInRegions_worker: processing 5000000 (7429624.7 per sec) @ chr11:60000000-65000000
ForkPoolWorker-30,  processing 13 (20360.7 per sec) reads @ chr7:120000000-125000000
ForkPoolWorker-30 countReadsInRegions_worker: processing 5000000 (8022422.9 per sec) @ chr7:120000000-125000000
ForkPoolWorker-43,  processing 0 (0.0 per sec) reads @ chrUn_KI270366v1:0-8320
ForkPoolWorker-43 countReadsInRegions_worker: processing 8320 (204310.3 per sec) @ chrUn_KI270366v1:0-8320
ForkPoolWorker-43,  processing 5 (853.9 per sec) reads @ chr17:50000000-55000000
ForkPoolWorker-43 countReadsInRegions_worker: processing 5000000 (7022268.4 per sec) @ chr17:50000000-55000000
ForkPoolWorker-43,  processing 16 (23780.6 per sec) reads @ chr8:60000000-65000000
ForkPoolWorker-43 countReadsInRegions_worker: processing 5000000 (7271877.4 per sec) @ chr8:60000000-65000000
ForkPoolWorker-43,  processing 10 (15656.2 per sec) reads @ chr4:105000000-110000000
ForkPoolWorker-43 countReadsInRegions_worker: processing 5000000 (7385373.0 per sec) @ chr4:105000000-110000000
ForkPoolWorker-43,  processing 21 (30362.1 per sec) reads @ chr6:85000000-90000000
ForkPoolWorker-43 countReadsInRegions_worker: processing 5000000 (7372288.0 per sec) @ chr6:85000000-90000000
ForkPoolWorker-43,  processing 38 (41778.1 per sec) reads @ chr10:115000000-120000000
ForkPoolWorker-43 countReadsInRegions_worker: processing 5000000 (7335251.2 per sec) @ chr10:115000000-120000000
ForkPoolWorker-43,  processing 9 (15045.3 per sec) reads @ chr5:65000000-70000000
ForkPoolWorker-43 countReadsInRegions_worker: processing 5000000 (7395991.9 per sec) @ chr5:65000000-70000000
ForkPoolWorker-43,  processing 0 (0.0 per sec) reads @ chrUn_KI270518v1:0-2186
ForkPoolWorker-43 countReadsInRegions_worker: processing 2186 (446515.5 per sec) @ chrUn_KI270518v1:0-2186
ForkPoolWorker-43,  processing 65 (50543.2 per sec) reads @ chr20:55000000-60000000
ForkPoolWorker-43 countReadsInRegions_worker: processing 5000000 (7358743.1 per sec) @ chr20:55000000-60000000
ForkPoolWorker-43,  processing 23 (32492.1 per sec) reads @ chr5:140000000-145000000
ForkPoolWorker-43 countReadsInRegions_worker: processing 5000000 (7390008.0 per sec) @ chr5:140000000-145000000
ForkPoolWorker-43,  processing 5 (9062.9 per sec) reads @ chr3:0-5000000
ForkPoolWorker-43 countReadsInRegions_worker: processing 5000000 (7395201.7 per sec) @ chr3:0-5000000
ForkPoolWorker-43,  processing 26 (31390.9 per sec) reads @ chr11:75000000-80000000
ForkPoolWorker-43 countReadsInRegions_worker: processing 5000000 (7415837.1 per sec) @ chr11:75000000-80000000
ForkPoolWorker-43,  processing 13 (21158.7 per sec) reads @ chr16:50000000-55000000
ForkPoolWorker-43 countReadsInRegions_worker: processing 5000000 (7390640.9 per sec) @ chr16:50000000-55000000
ForkPoolWorker-43,  processing 0 (0.0 per sec) reads @ chrUn_KI270320v1:0-4416
ForkPoolWorker-43 countReadsInRegions_worker: processing 4416 (910084.8 per sec) @ chrUn_KI270320v1:0-4416
ForkPoolWorker-43,  processing 0 (0.0 per sec) reads @ chr9:60000000-65000000
ForkPoolWorker-43 countReadsInRegions_worker: processing 5000000 (8129630.5 per sec) @ chr9:60000000-65000000
ForkPoolWorker-43,  processing 1 (2516.1 per sec) reads @ chr14_GL000225v1_random:0-211173
ForkPoolWorker-43 countReadsInRegions_worker: processing 211173 (6963565.6 per sec) @ chr14_GL000225v1_random:0-211173
ForkPoolWorker-18,  processing 50 (785.9 per sec) reads @ chr1:245000000-248956422
ForkPoolWorker-18 countReadsInRegions_worker: processing 3956422 (6436128.2 per sec) @ chr1:245000000-248956422
ForkPoolWorker-18,  processing 14 (15943.6 per sec) reads @ chr1:220000000-225000000
ForkPoolWorker-18 countReadsInRegions_worker: processing 5000000 (7138890.9 per sec) @ chr1:220000000-225000000
ForkPoolWorker-18,  processing 0 (0.0 per sec) reads @ chr9_KI270720v1_random:0-39050
ForkPoolWorker-18 countReadsInRegions_worker: processing 39050 (4080916.2 per sec) @ chr9_KI270720v1_random:0-39050
ForkPoolWorker-18,  processing 0 (0.0 per sec) reads @ chr1_KI270709v1_random:0-66860
ForkPoolWorker-18 countReadsInRegions_worker: processing 66860 (5538177.7 per sec) @ chr1_KI270709v1_random:0-66860
ForkPoolWorker-18,  processing 87 (66564.1 per sec) reads @ chr5:145000000-150000000
ForkPoolWorker-18 countReadsInRegions_worker: processing 5000000 (7142671.8 per sec) @ chr5:145000000-150000000
ForkPoolWorker-18,  processing 0 (0.0 per sec) reads @ chrUn_KI270362v1:0-3530
ForkPoolWorker-18 countReadsInRegions_worker: processing 3530 (671804.2 per sec) @ chrUn_KI270362v1:0-3530
ForkPoolWorker-18,  processing 0 (0.0 per sec) reads @ chrUn_KI270748v1:0-93321
ForkPoolWorker-18 countReadsInRegions_worker: processing 93321 (6040287.1 per sec) @ chrUn_KI270748v1:0-93321
ForkPoolWorker-18,  processing 7 (13790.6 per sec) reads @ chr3:80000000-85000000
ForkPoolWorker-18 countReadsInRegions_worker: processing 5000000 (7125341.9 per sec) @ chr3:80000000-85000000
ForkPoolWorker-18,  processing 5 (8705.5 per sec) reads @ chr17:20000000-25000000
ForkPoolWorker-18 countReadsInRegions_worker: processing 5000000 (7108895.8 per sec) @ chr17:20000000-25000000
ForkPoolWorker-18,  processing 64 (52336.8 per sec) reads @ chr3:125000000-130000000
ForkPoolWorker-18 countReadsInRegions_worker: processing 5000000 (7072591.2 per sec) @ chr3:125000000-130000000
ForkPoolWorker-18,  processing 13 (17720.5 per sec) reads @ chr7:140000000-145000000
ForkPoolWorker-18 countReadsInRegions_worker: processing 5000000 (7106802.4 per sec) @ chr7:140000000-145000000
ForkPoolWorker-18,  processing 2 (4908.5 per sec) reads @ chrUn_KI270442v1:0-392061
ForkPoolWorker-18 countReadsInRegions_worker: processing 392061 (6446796.3 per sec) @ chrUn_KI270442v1:0-392061
ForkPoolWorker-18,  processing 25 (29046.4 per sec) reads @ chr11:30000000-35000000
ForkPoolWorker-18 countReadsInRegions_worker: processing 5000000 (7103466.0 per sec) @ chr11:30000000-35000000
ForkPoolWorker-18,  processing 18 (22336.5 per sec) reads @ chr18:35000000-40000000
ForkPoolWorker-18 countReadsInRegions_worker: processing 5000000 (7125508.9 per sec) @ chr18:35000000-40000000
ForkPoolWorker-18,  processing 75 (51654.0 per sec) reads @ chr2:95000000-100000000
ForkPoolWorker-18 countReadsInRegions_worker: processing 5000000 (7096817.0 per sec) @ chr2:95000000-100000000
ForkPoolWorker-18,  processing 45 (44620.3 per sec) reads @ chr11:110000000-115000000
ForkPoolWorker-18 countReadsInRegions_worker: processing 5000000 (7090101.3 per sec) @ chr11:110000000-115000000
ForkPoolWorker-27,  processing 0 (0.0 per sec) reads @ chr13:10000000-15000000
ForkPoolWorker-27 countReadsInRegions_worker: processing 5000000 (6671139.2 per sec) @ chr13:10000000-15000000
ForkPoolWorker-27,  processing 5 (3829.7 per sec) reads @ chr4:60000000-65000000
ForkPoolWorker-27 countReadsInRegions_worker: processing 5000000 (6921092.7 per sec) @ chr4:60000000-65000000
ForkPoolWorker-27,  processing 0 (0.0 per sec) reads @ chrUn_GL000226v1:0-15008
ForkPoolWorker-27 countReadsInRegions_worker: processing 15008 (2096383.7 per sec) @ chrUn_GL000226v1:0-15008
ForkPoolWorker-27,  processing 0 (0.0 per sec) reads @ chrUn_KI270755v1:0-36723
ForkPoolWorker-27 countReadsInRegions_worker: processing 36723 (3885558.5 per sec) @ chrUn_KI270755v1:0-36723
ForkPoolWorker-27,  processing 14 (19065.0 per sec) reads @ chrX:35000000-40000000
ForkPoolWorker-27 countReadsInRegions_worker: processing 5000000 (6890192.4 per sec) @ chrX:35000000-40000000
ForkPoolWorker-27,  processing 65 (41763.1 per sec) reads @ chr2:235000000-240000000
ForkPoolWorker-27 countReadsInRegions_worker: processing 5000000 (7002541.7 per sec) @ chr2:235000000-240000000
ForkPoolWorker-27,  processing 7 (10959.4 per sec) reads @ chr6:125000000-130000000
ForkPoolWorker-27 countReadsInRegions_worker: processing 5000000 (7010735.0 per sec) @ chr6:125000000-130000000
ForkPoolWorker-27,  processing 81 (48750.0 per sec) reads @ chr12:110000000-115000000
ForkPoolWorker-27 countReadsInRegions_worker: processing 5000000 (7024707.6 per sec) @ chr12:110000000-115000000
ForkPoolWorker-27,  processing 11 (16182.9 per sec) reads @ chr14:95000000-100000000
ForkPoolWorker-27 countReadsInRegions_worker: processing 5000000 (7061997.6 per sec) @ chr14:95000000-100000000
ForkPoolWorker-27,  processing 34 (31746.7 per sec) reads @ chrX:50000000-55000000
ForkPoolWorker-27 countReadsInRegions_worker: processing 5000000 (7079746.9 per sec) @ chrX:50000000-55000000
ForkPoolWorker-27,  processing 13 (20024.2 per sec) reads @ chr3:120000000-125000000
ForkPoolWorker-27 countReadsInRegions_worker: processing 5000000 (7037420.5 per sec) @ chr3:120000000-125000000
ForkPoolWorker-27,  processing 0 (0.0 per sec) reads @ chrUn_KI270329v1:0-1040
ForkPoolWorker-27 countReadsInRegions_worker: processing 1040 (203464.5 per sec) @ chrUn_KI270329v1:0-1040
ForkPoolWorker-27,  processing 0 (0.0 per sec) reads @ chr15:15000000-20000000
ForkPoolWorker-27 countReadsInRegions_worker: processing 5000000 (7046502.9 per sec) @ chr15:15000000-20000000
ForkPoolWorker-27,  processing 0 (0.0 per sec) reads @ chr14_KI270724v1_random:0-39555
ForkPoolWorker-27 countReadsInRegions_worker: processing 39555 (4025371.7 per sec) @ chr14_KI270724v1_random:0-39555
ForkPoolWorker-27,  processing 0 (0.0 per sec) reads @ chrUn_KI270396v1:0-1880
ForkPoolWorker-27 countReadsInRegions_worker: processing 1880 (358308.3 per sec) @ chrUn_KI270396v1:0-1880
ForkPoolWorker-27,  processing 7 (11843.5 per sec) reads @ chr10:80000000-85000000
ForkPoolWorker-27 countReadsInRegions_worker: processing 5000000 (7081231.4 per sec) @ chr10:80000000-85000000
ForkPoolWorker-33,  processing 8 (138.0 per sec) reads @ chr12:30000000-35000000
ForkPoolWorker-33 countReadsInRegions_worker: processing 5000000 (6400869.3 per sec) @ chr12:30000000-35000000
ForkPoolWorker-33,  processing 16 (16693.7 per sec) reads @ chr20:10000000-15000000
ForkPoolWorker-33 countReadsInRegions_worker: processing 5000000 (6705775.0 per sec) @ chr20:10000000-15000000
ForkPoolWorker-33,  processing 6 (8442.1 per sec) reads @ chr10:55000000-60000000
ForkPoolWorker-33 countReadsInRegions_worker: processing 5000000 (6968805.8 per sec) @ chr10:55000000-60000000
ForkPoolWorker-33,  processing 5 (7887.0 per sec) reads @ chr11:35000000-40000000
ForkPoolWorker-33 countReadsInRegions_worker: processing 5000000 (6988307.7 per sec) @ chr11:35000000-40000000
ForkPoolWorker-33,  processing 0 (0.0 per sec) reads @ chr14_KI270723v1_random:0-38115
ForkPoolWorker-33 countReadsInRegions_worker: processing 38115 (3943314.1 per sec) @ chr14_KI270723v1_random:0-38115
ForkPoolWorker-33,  processing 11 (16407.3 per sec) reads @ chr1:80000000-85000000
ForkPoolWorker-33 countReadsInRegions_worker: processing 5000000 (6993555.9 per sec) @ chr1:80000000-85000000
ForkPoolWorker-33,  processing 6 (9865.1 per sec) reads @ chr1:95000000-100000000
ForkPoolWorker-33 countReadsInRegions_worker: processing 5000000 (7020145.7 per sec) @ chr1:95000000-100000000
ForkPoolWorker-33,  processing 136 (77524.5 per sec) reads @ chr12:90000000-95000000
ForkPoolWorker-33 countReadsInRegions_worker: processing 5000000 (7021302.1 per sec) @ chr12:90000000-95000000
ForkPoolWorker-33,  processing 25 (30446.5 per sec) reads @ chr5:50000000-55000000
ForkPoolWorker-33 countReadsInRegions_worker: processing 5000000 (6992289.7 per sec) @ chr5:50000000-55000000
ForkPoolWorker-33,  processing 24 (30384.3 per sec) reads @ chr7:25000000-30000000
ForkPoolWorker-33 countReadsInRegions_worker: processing 5000000 (7057710.2 per sec) @ chr7:25000000-30000000
ForkPoolWorker-33,  processing 35 (37382.4 per sec) reads @ chr1:240000000-245000000
ForkPoolWorker-33 countReadsInRegions_worker: processing 5000000 (6988547.5 per sec) @ chr1:240000000-245000000
ForkPoolWorker-33,  processing 9 (12826.6 per sec) reads @ chr14:25000000-30000000
ForkPoolWorker-33 countReadsInRegions_worker: processing 5000000 (7216759.3 per sec) @ chr14:25000000-30000000
ForkPoolWorker-12,  processing 0 (0.0 per sec) reads @ chrUn_KI270387v1:0-1537
ForkPoolWorker-12 countReadsInRegions_worker: processing 1537 (33520.9 per sec) @ chrUn_KI270387v1:0-1537
ForkPoolWorker-12,  processing 53 (7746.4 per sec) reads @ chr11:130000000-135000000
ForkPoolWorker-12 countReadsInRegions_worker: processing 5000000 (6839470.6 per sec) @ chr11:130000000-135000000
ForkPoolWorker-12,  processing 34 (26516.6 per sec) reads @ chr10:125000000-130000000
ForkPoolWorker-12 countReadsInRegions_worker: processing 5000000 (7009659.4 per sec) @ chr10:125000000-130000000
ForkPoolWorker-12,  processing 13 (17953.9 per sec) reads @ chr3:155000000-160000000
ForkPoolWorker-12 countReadsInRegions_worker: processing 5000000 (7100471.7 per sec) @ chr3:155000000-160000000
ForkPoolWorker-12,  processing 22 (27979.0 per sec) reads @ chr15:80000000-85000000
ForkPoolWorker-12 countReadsInRegions_worker: processing 5000000 (7048127.5 per sec) @ chr15:80000000-85000000
ForkPoolWorker-12,  processing 32 (33697.6 per sec) reads @ chr5:175000000-180000000
ForkPoolWorker-12 countReadsInRegions_worker: processing 5000000 (7063579.4 per sec) @ chr5:175000000-180000000
ForkPoolWorker-12,  processing 12 (17734.9 per sec) reads @ chr1:210000000-215000000
ForkPoolWorker-12 countReadsInRegions_worker: processing 5000000 (7043658.1 per sec) @ chr1:210000000-215000000
ForkPoolWorker-12,  processing 0 (0.0 per sec) reads @ chrUn_KI270334v1:0-1368
ForkPoolWorker-12 countReadsInRegions_worker: processing 1368 (271316.8 per sec) @ chrUn_KI270334v1:0-1368
ForkPoolWorker-12,  processing 2 (4639.7 per sec) reads @ chrX:155000000-156040895
ForkPoolWorker-12 countReadsInRegions_worker: processing 1040895 (6898124.8 per sec) @ chrX:155000000-156040895
ForkPoolWorker-12,  processing 9 (13048.3 per sec) reads @ chrY:10000000-15000000
ForkPoolWorker-12 countReadsInRegions_worker: processing 5000000 (6994381.6 per sec) @ chrY:10000000-15000000
ForkPoolWorker-12,  processing 23 (22460.8 per sec) reads @ chr6:150000000-155000000
ForkPoolWorker-12 countReadsInRegions_worker: processing 5000000 (7020827.3 per sec) @ chr6:150000000-155000000
ForkPoolWorker-12,  processing 0 (0.0 per sec) reads @ chr14:0-5000000
ForkPoolWorker-12 countReadsInRegions_worker: processing 5000000 (7054023.4 per sec) @ chr14:0-5000000
ForkPoolWorker-12,  processing 23 (27546.8 per sec) reads @ chrX:10000000-15000000
ForkPoolWorker-12 countReadsInRegions_worker: processing 5000000 (7048023.2 per sec) @ chrX:10000000-15000000
ForkPoolWorker-12,  processing 0 (0.0 per sec) reads @ chrUn_KI270391v1:0-1484
ForkPoolWorker-12 countReadsInRegions_worker: processing 1484 (328011.5 per sec) @ chrUn_KI270391v1:0-1484
ForkPoolWorker-12,  processing 45 (41720.5 per sec) reads @ chr14:105000000-107043718
ForkPoolWorker-12 countReadsInRegions_worker: processing 2043718 (6972418.2 per sec) @ chr14:105000000-107043718
ForkPoolWorker-12,  processing 9 (15141.9 per sec) reads @ chr4:15000000-20000000
ForkPoolWorker-12 countReadsInRegions_worker: processing 5000000 (7573567.9 per sec) @ chr4:15000000-20000000
ForkPoolWorker-51,  processing 8 (141.7 per sec) reads @ chr4:135000000-140000000
ForkPoolWorker-51 countReadsInRegions_worker: processing 5000000 (6403844.1 per sec) @ chr4:135000000-140000000
ForkPoolWorker-51,  processing 23 (26886.6 per sec) reads @ chr12:125000000-130000000
ForkPoolWorker-51 countReadsInRegions_worker: processing 5000000 (7365380.0 per sec) @ chr12:125000000-130000000
ForkPoolWorker-51,  processing 0 (0.0 per sec) reads @ chrUn_KI270579v1:0-31033
ForkPoolWorker-51 countReadsInRegions_worker: processing 31033 (3769638.2 per sec) @ chrUn_KI270579v1:0-31033
ForkPoolWorker-51,  processing 6 (11356.4 per sec) reads @ chr2:180000000-185000000
ForkPoolWorker-51 countReadsInRegions_worker: processing 5000000 (7467277.4 per sec) @ chr2:180000000-185000000
ForkPoolWorker-51,  processing 11 (17183.4 per sec) reads @ chr6:165000000-170000000
ForkPoolWorker-51 countReadsInRegions_worker: processing 5000000 (7453487.5 per sec) @ chr6:165000000-170000000
ForkPoolWorker-51,  processing 0 (0.0 per sec) reads @ chr22_KI270736v1_random:0-181920
ForkPoolWorker-51 countReadsInRegions_worker: processing 181920 (6452338.9 per sec) @ chr22_KI270736v1_random:0-181920
ForkPoolWorker-51,  processing 17 (23455.0 per sec) reads @ chr11:115000000-120000000
ForkPoolWorker-51 countReadsInRegions_worker: processing 5000000 (7504854.4 per sec) @ chr11:115000000-120000000
ForkPoolWorker-51,  processing 20 (30316.6 per sec) reads @ chr6:50000000-55000000
ForkPoolWorker-51 countReadsInRegions_worker: processing 5000000 (7494437.7 per sec) @ chr6:50000000-55000000
ForkPoolWorker-51,  processing 5 (9078.6 per sec) reads @ chrX:80000000-85000000
ForkPoolWorker-51 countReadsInRegions_worker: processing 5000000 (7414305.9 per sec) @ chrX:80000000-85000000
ForkPoolWorker-51,  processing 15 (23336.3 per sec) reads @ chr12:85000000-90000000
ForkPoolWorker-51 countReadsInRegions_worker: processing 5000000 (7432357.9 per sec) @ chr12:85000000-90000000
ForkPoolWorker-51,  processing 13 (21150.5 per sec) reads @ chr8:50000000-55000000
ForkPoolWorker-51 countReadsInRegions_worker: processing 5000000 (7367193.7 per sec) @ chr8:50000000-55000000
ForkPoolWorker-51,  processing 13 (20669.4 per sec) reads @ chr4:80000000-85000000
ForkPoolWorker-51 countReadsInRegions_worker: processing 5000000 (7354616.6 per sec) @ chr4:80000000-85000000
ForkPoolWorker-51,  processing 10 (16364.8 per sec) reads @ chr4:140000000-145000000
ForkPoolWorker-51 countReadsInRegions_worker: processing 5000000 (7420092.9 per sec) @ chr4:140000000-145000000
ForkPoolWorker-51,  processing 54 (45932.3 per sec) reads @ chrX:45000000-50000000
ForkPoolWorker-51 countReadsInRegions_worker: processing 5000000 (7979936.3 per sec) @ chrX:45000000-50000000
ForkPoolWorker-51,  processing 32 (35867.9 per sec) reads @ chr1:30000000-35000000
ForkPoolWorker-51 countReadsInRegions_worker: processing 5000000 (8280785.5 per sec) @ chr1:30000000-35000000
ForkPoolWorker-51,  processing 0 (0.0 per sec) reads @ chr14_KI270726v1_random:0-43739
ForkPoolWorker-51 countReadsInRegions_worker: processing 43739 (5079735.9 per sec) @ chr14_KI270726v1_random:0-43739
ForkPoolWorker-16,  processing 39 (611.9 per sec) reads @ chr1:45000000-50000000
ForkPoolWorker-16 countReadsInRegions_worker: processing 5000000 (6281408.9 per sec) @ chr1:45000000-50000000
ForkPoolWorker-16,  processing 11 (16366.6 per sec) reads @ chr7:10000000-15000000
ForkPoolWorker-16 countReadsInRegions_worker: processing 5000000 (7231346.7 per sec) @ chr7:10000000-15000000
ForkPoolWorker-16,  processing 66 (45862.2 per sec) reads @ chr19:50000000-55000000
ForkPoolWorker-16 countReadsInRegions_worker: processing 5000000 (7373265.1 per sec) @ chr19:50000000-55000000
ForkPoolWorker-16,  processing 0 (0.0 per sec) reads @ chr1_KI270707v1_random:0-32032
ForkPoolWorker-16 countReadsInRegions_worker: processing 32032 (3828781.6 per sec) @ chr1_KI270707v1_random:0-32032
ForkPoolWorker-16,  processing 16 (21585.4 per sec) reads @ chr2:65000000-70000000
ForkPoolWorker-16 countReadsInRegions_worker: processing 5000000 (7278439.3 per sec) @ chr2:65000000-70000000
ForkPoolWorker-16,  processing 2 (3927.3 per sec) reads @ chr3:90000000-95000000
ForkPoolWorker-16 countReadsInRegions_worker: processing 5000000 (7413291.6 per sec) @ chr3:90000000-95000000
ForkPoolWorker-16,  processing 27 (30673.4 per sec) reads @ chr4:110000000-115000000
ForkPoolWorker-16 countReadsInRegions_worker: processing 5000000 (7398499.4 per sec) @ chr4:110000000-115000000
ForkPoolWorker-16,  processing 0 (0.0 per sec) reads @ chr1_KI270713v1_random:0-40745
ForkPoolWorker-16 countReadsInRegions_worker: processing 40745 (4421424.9 per sec) @ chr1_KI270713v1_random:0-40745
ForkPoolWorker-16,  processing 12 (18655.2 per sec) reads @ chr8:65000000-70000000
ForkPoolWorker-16 countReadsInRegions_worker: processing 5000000 (7234562.2 per sec) @ chr8:65000000-70000000
ForkPoolWorker-16,  processing 77 (59631.0 per sec) reads @ chr12:120000000-125000000
ForkPoolWorker-16 countReadsInRegions_worker: processing 5000000 (7390497.6 per sec) @ chr12:120000000-125000000
ForkPoolWorker-16,  processing 11 (16981.0 per sec) reads @ chr18:10000000-15000000
ForkPoolWorker-16 countReadsInRegions_worker: processing 5000000 (7423510.1 per sec) @ chr18:10000000-15000000
ForkPoolWorker-16,  processing 0 (0.0 per sec) reads @ chrUn_KI270508v1:0-1951
ForkPoolWorker-16 countReadsInRegions_worker: processing 1951 (395280.0 per sec) @ chrUn_KI270508v1:0-1951
ForkPoolWorker-16,  processing 24 (30541.0 per sec) reads @ chr2:5000000-10000000
ForkPoolWorker-16 countReadsInRegions_worker: processing 5000000 (7444396.5 per sec) @ chr2:5000000-10000000
ForkPoolWorker-16,  processing 2 (4144.6 per sec) reads @ chr9:65000000-70000000
ForkPoolWorker-16 countReadsInRegions_worker: processing 5000000 (7438790.5 per sec) @ chr9:65000000-70000000
ForkPoolWorker-16,  processing 8 (15006.5 per sec) reads @ chr5:90000000-95000000
ForkPoolWorker-16 countReadsInRegions_worker: processing 5000000 (8063032.4 per sec) @ chr5:90000000-95000000
ForkPoolWorker-16,  processing 2 (4564.0 per sec) reads @ chr5:20000000-25000000
ForkPoolWorker-16 countReadsInRegions_worker: processing 5000000 (8338420.7 per sec) @ chr5:20000000-25000000
ForkPoolWorker-32,  processing 0 (0.0 per sec) reads @ chrUn_KI270512v1:0-22689
ForkPoolWorker-32 countReadsInRegions_worker: processing 22689 (470259.6 per sec) @ chrUn_KI270512v1:0-22689
ForkPoolWorker-32,  processing 0 (0.0 per sec) reads @ chr1_KI270712v1_random:0-176043
ForkPoolWorker-32 countReadsInRegions_worker: processing 176043 (6358803.1 per sec) @ chr1_KI270712v1_random:0-176043
ForkPoolWorker-32,  processing 0 (0.0 per sec) reads @ chrUn_KI270338v1:0-1428
ForkPoolWorker-32 countReadsInRegions_worker: processing 1428 (294626.7 per sec) @ chrUn_KI270338v1:0-1428
ForkPoolWorker-32,  processing 0 (0.0 per sec) reads @ chrUn_KI270376v1:0-1136
ForkPoolWorker-32 countReadsInRegions_worker: processing 1136 (259941.6 per sec) @ chrUn_KI270376v1:0-1136
ForkPoolWorker-32,  processing 10 (12546.5 per sec) reads @ chr2:190000000-195000000
ForkPoolWorker-32 countReadsInRegions_worker: processing 5000000 (7880309.1 per sec) @ chr2:190000000-195000000
ForkPoolWorker-32,  processing 0 (0.0 per sec) reads @ chr22_KI270738v1_random:0-99375
ForkPoolWorker-32 countReadsInRegions_worker: processing 99375 (5547688.9 per sec) @ chr22_KI270738v1_random:0-99375
ForkPoolWorker-32,  processing 14 (18275.8 per sec) reads @ chr17:10000000-15000000
ForkPoolWorker-32 countReadsInRegions_worker: processing 5000000 (7194154.0 per sec) @ chr17:10000000-15000000
ForkPoolWorker-32,  processing 10 (12729.3 per sec) reads @ chr5:30000000-35000000
ForkPoolWorker-32 countReadsInRegions_worker: processing 5000000 (7348969.8 per sec) @ chr5:30000000-35000000
ForkPoolWorker-32,  processing 61 (45195.6 per sec) reads @ chr8:140000000-145000000
ForkPoolWorker-32 countReadsInRegions_worker: processing 5000000 (7379037.6 per sec) @ chr8:140000000-145000000
ForkPoolWorker-32,  processing 34 (37947.4 per sec) reads @ chr19:30000000-35000000
ForkPoolWorker-32 countReadsInRegions_worker: processing 5000000 (7336726.8 per sec) @ chr19:30000000-35000000
ForkPoolWorker-32,  processing 12 (18111.4 per sec) reads @ chr10:130000000-133797422
ForkPoolWorker-32 countReadsInRegions_worker: processing 3797422 (7376478.1 per sec) @ chr10:130000000-133797422
ForkPoolWorker-32,  processing 0 (0.0 per sec) reads @ chrUn_KI270304v1:0-2165
ForkPoolWorker-32 countReadsInRegions_worker: processing 2165 (438383.1 per sec) @ chrUn_KI270304v1:0-2165
ForkPoolWorker-32,  processing 86 (67943.1 per sec) reads @ chr5:60000000-65000000
ForkPoolWorker-32 countReadsInRegions_worker: processing 5000000 (7486676.1 per sec) @ chr5:60000000-65000000
ForkPoolWorker-32,  processing 21 (23928.4 per sec) reads @ chr1:150000000-155000000
ForkPoolWorker-32 countReadsInRegions_worker: processing 5000000 (7490152.3 per sec) @ chr1:150000000-155000000
ForkPoolWorker-32,  processing 21 (29185.0 per sec) reads @ chr21:35000000-40000000
ForkPoolWorker-32 countReadsInRegions_worker: processing 5000000 (7463304.5 per sec) @ chr21:35000000-40000000
ForkPoolWorker-32,  processing 75 (57900.4 per sec) reads @ chr7:70000000-75000000
ForkPoolWorker-32 countReadsInRegions_worker: processing 5000000 (7444327.8 per sec) @ chr7:70000000-75000000
ForkPoolWorker-32,  processing 12 (19247.3 per sec) reads @ chr6:10000000-15000000
ForkPoolWorker-32 countReadsInRegions_worker: processing 5000000 (7427774.8 per sec) @ chr6:10000000-15000000
ForkPoolWorker-32,  processing 0 (0.0 per sec) reads @ chrUn_KI270544v1:0-1202
ForkPoolWorker-32 countReadsInRegions_worker: processing 1202 (270150.8 per sec) @ chrUn_KI270544v1:0-1202
ForkPoolWorker-32,  processing 5 (10126.3 per sec) reads @ chr3:165000000-170000000
ForkPoolWorker-32 countReadsInRegions_worker: processing 5000000 (7920317.6 per sec) @ chr3:165000000-170000000
ForkPoolWorker-32,  processing 14 (23488.1 per sec) reads @ chr4:115000000-120000000
ForkPoolWorker-32 countReadsInRegions_worker: processing 5000000 (8354658.0 per sec) @ chr4:115000000-120000000
ForkPoolWorker-45,  processing 35 (599.1 per sec) reads @ chr10:100000000-105000000
ForkPoolWorker-45 countReadsInRegions_worker: processing 5000000 (6392078.2 per sec) @ chr10:100000000-105000000
ForkPoolWorker-45,  processing 20 (25914.8 per sec) reads @ chr18:70000000-75000000
ForkPoolWorker-45 countReadsInRegions_worker: processing 5000000 (7413089.9 per sec) @ chr18:70000000-75000000
ForkPoolWorker-45,  processing 38 (41647.1 per sec) reads @ chr5:0-5000000
ForkPoolWorker-45 countReadsInRegions_worker: processing 5000000 (7459606.5 per sec) @ chr5:0-5000000
ForkPoolWorker-45,  processing 0 (0.0 per sec) reads @ chrUn_KI270393v1:0-1308
ForkPoolWorker-45 countReadsInRegions_worker: processing 1308 (297320.1 per sec) @ chrUn_KI270393v1:0-1308
ForkPoolWorker-45,  processing 16 (20893.2 per sec) reads @ chr2:40000000-45000000
ForkPoolWorker-45 countReadsInRegions_worker: processing 5000000 (7427901.1 per sec) @ chr2:40000000-45000000
ForkPoolWorker-45,  processing 8 (13117.4 per sec) reads @ chrX:120000000-125000000
ForkPoolWorker-45 countReadsInRegions_worker: processing 5000000 (7494381.4 per sec) @ chrX:120000000-125000000
ForkPoolWorker-45,  processing 18 (27314.6 per sec) reads @ chr11:95000000-100000000
ForkPoolWorker-45 countReadsInRegions_worker: processing 5000000 (7416747.1 per sec) @ chr11:95000000-100000000
ForkPoolWorker-45,  processing 10 (15935.8 per sec) reads @ chr5:125000000-130000000
ForkPoolWorker-45 countReadsInRegions_worker: processing 5000000 (7373371.4 per sec) @ chr5:125000000-130000000
ForkPoolWorker-45,  processing 31 (39210.9 per sec) reads @ chr14:15000000-20000000
ForkPoolWorker-45 countReadsInRegions_worker: processing 5000000 (7415464.7 per sec) @ chr14:15000000-20000000
ForkPoolWorker-45,  processing 15 (22254.9 per sec) reads @ chr16:75000000-80000000
ForkPoolWorker-45 countReadsInRegions_worker: processing 5000000 (7400340.0 per sec) @ chr16:75000000-80000000
ForkPoolWorker-45,  processing 18 (22363.0 per sec) reads @ chr17:30000000-35000000
ForkPoolWorker-45 countReadsInRegions_worker: processing 5000000 (7383901.2 per sec) @ chr17:30000000-35000000
ForkPoolWorker-45,  processing 0 (0.0 per sec) reads @ chr14_KI270722v1_random:0-194050
ForkPoolWorker-45 countReadsInRegions_worker: processing 194050 (6146573.6 per sec) @ chr14_KI270722v1_random:0-194050
ForkPoolWorker-45,  processing 10 (15621.2 per sec) reads @ chr5:55000000-60000000
ForkPoolWorker-45 countReadsInRegions_worker: processing 5000000 (7408593.3 per sec) @ chr5:55000000-60000000
ForkPoolWorker-45,  processing 53 (53411.4 per sec) reads @ chr11:15000000-20000000
ForkPoolWorker-45 countReadsInRegions_worker: processing 5000000 (8229779.8 per sec) @ chr11:15000000-20000000
ForkPoolWorker-45,  processing 2 (4723.3 per sec) reads @ chr7:60000000-65000000
ForkPoolWorker-45 countReadsInRegions_worker: processing 5000000 (8322989.6 per sec) @ chr7:60000000-65000000
ForkPoolWorker-45,  processing 0 (0.0 per sec) reads @ chrUn_KI270379v1:0-1045
ForkPoolWorker-45 countReadsInRegions_worker: processing 1045 (225222.1 per sec) @ chrUn_KI270379v1:0-1045
ForkPoolWorker-40,  processing 0 (0.0 per sec) reads @ chrUn_KI270311v1:0-12399
ForkPoolWorker-40 countReadsInRegions_worker: processing 12399 (298900.9 per sec) @ chrUn_KI270311v1:0-12399
ForkPoolWorker-40,  processing 118 (15550.1 per sec) reads @ chr19:45000000-50000000
ForkPoolWorker-40 countReadsInRegions_worker: processing 5000000 (6788235.4 per sec) @ chr19:45000000-50000000
ForkPoolWorker-40,  processing 0 (0.0 per sec) reads @ chr15:0-5000000
ForkPoolWorker-40 countReadsInRegions_worker: processing 5000000 (7196304.2 per sec) @ chr15:0-5000000
ForkPoolWorker-40,  processing 72 (45480.4 per sec) reads @ chr1:10000000-15000000
ForkPoolWorker-40 countReadsInRegions_worker: processing 5000000 (7344141.8 per sec) @ chr1:10000000-15000000
ForkPoolWorker-40,  processing 10 (12877.8 per sec) reads @ chr14:70000000-75000000
ForkPoolWorker-40 countReadsInRegions_worker: processing 5000000 (7346251.3 per sec) @ chr14:70000000-75000000
ForkPoolWorker-40,  processing 19 (26111.3 per sec) reads @ chr5:135000000-140000000
ForkPoolWorker-40 countReadsInRegions_worker: processing 5000000 (7356603.1 per sec) @ chr5:135000000-140000000
ForkPoolWorker-40,  processing 30 (36695.6 per sec) reads @ chr10:65000000-70000000
ForkPoolWorker-40 countReadsInRegions_worker: processing 5000000 (7359386.1 per sec) @ chr10:65000000-70000000
ForkPoolWorker-40,  processing 0 (0.0 per sec) reads @ chr15_KI270727v1_random:0-448248
ForkPoolWorker-40 countReadsInRegions_worker: processing 448248 (6665278.3 per sec) @ chr15_KI270727v1_random:0-448248
ForkPoolWorker-40,  processing 14 (21796.7 per sec) reads @ chr8:45000000-50000000
ForkPoolWorker-40 countReadsInRegions_worker: processing 5000000 (7456492.7 per sec) @ chr8:45000000-50000000
ForkPoolWorker-40,  processing 19 (25347.3 per sec) reads @ chrX:0-5000000
ForkPoolWorker-40 countReadsInRegions_worker: processing 5000000 (7410941.7 per sec) @ chrX:0-5000000
ForkPoolWorker-40,  processing 22 (31006.3 per sec) reads @ chr5:70000000-75000000
ForkPoolWorker-40 countReadsInRegions_worker: processing 5000000 (7374802.7 per sec) @ chr5:70000000-75000000
ForkPoolWorker-40,  processing 11 (17202.6 per sec) reads @ chr8:0-5000000
ForkPoolWorker-40 countReadsInRegions_worker: processing 5000000 (7405966.6 per sec) @ chr8:0-5000000
ForkPoolWorker-40,  processing 65 (56833.4 per sec) reads @ chrX:105000000-110000000
ForkPoolWorker-40 countReadsInRegions_worker: processing 5000000 (7409006.9 per sec) @ chrX:105000000-110000000
ForkPoolWorker-40,  processing 140 (80792.9 per sec) reads @ chr17:80000000-83257441
ForkPoolWorker-40 countReadsInRegions_worker: processing 3257441 (8141848.7 per sec) @ chr17:80000000-83257441
ForkPoolWorker-40,  processing 24 (33904.8 per sec) reads @ chr2:215000000-220000000
ForkPoolWorker-40 countReadsInRegions_worker: processing 5000000 (8347880.4 per sec) @ chr2:215000000-220000000
ForkPoolWorker-40,  processing 11 (18939.8 per sec) reads @ chr2:125000000-130000000
ForkPoolWorker-40 countReadsInRegions_worker: processing 5000000 (8403010.8 per sec) @ chr2:125000000-130000000
ForkPoolWorker-8,  processing 0 (0.0 per sec) reads @ chr15:10000000-15000000
ForkPoolWorker-8 countReadsInRegions_worker: processing 5000000 (6808384.6 per sec) @ chr15:10000000-15000000
ForkPoolWorker-8,  processing 76 (44960.1 per sec) reads @ chr17:15000000-20000000
ForkPoolWorker-8 countReadsInRegions_worker: processing 5000000 (7433456.4 per sec) @ chr17:15000000-20000000
ForkPoolWorker-8,  processing 0 (0.0 per sec) reads @ chrUn_KI270590v1:0-4685
ForkPoolWorker-8 countReadsInRegions_worker: processing 4685 (906003.7 per sec) @ chrUn_KI270590v1:0-4685
ForkPoolWorker-8,  processing 38 (41625.4 per sec) reads @ chr18:5000000-10000000
ForkPoolWorker-8 countReadsInRegions_worker: processing 5000000 (7494065.4 per sec) @ chr18:5000000-10000000
ForkPoolWorker-8,  processing 24 (34297.5 per sec) reads @ chr8:25000000-30000000
ForkPoolWorker-8 countReadsInRegions_worker: processing 5000000 (7425113.4 per sec) @ chr8:25000000-30000000
ForkPoolWorker-8,  processing 9 (15689.4 per sec) reads @ chr16:45000000-50000000
ForkPoolWorker-8 countReadsInRegions_worker: processing 5000000 (7482410.3 per sec) @ chr16:45000000-50000000
ForkPoolWorker-8,  processing 20 (26346.1 per sec) reads @ chr9:75000000-80000000
ForkPoolWorker-8 countReadsInRegions_worker: processing 5000000 (7474527.1 per sec) @ chr9:75000000-80000000
ForkPoolWorker-8,  processing 0 (0.0 per sec) reads @ chrUn_KI270310v1:0-1201
ForkPoolWorker-8 countReadsInRegions_worker: processing 1201 (254579.2 per sec) @ chrUn_KI270310v1:0-1201
ForkPoolWorker-8,  processing 70 (49957.7 per sec) reads @ chr22:20000000-25000000
ForkPoolWorker-8 countReadsInRegions_worker: processing 5000000 (7489999.8 per sec) @ chr22:20000000-25000000
ForkPoolWorker-8,  processing 6 (10686.1 per sec) reads @ chr2:210000000-215000000
ForkPoolWorker-8 countReadsInRegions_worker: processing 5000000 (7482356.9 per sec) @ chr2:210000000-215000000
ForkPoolWorker-8,  processing 20 (26035.4 per sec) reads @ chr6:5000000-10000000
ForkPoolWorker-8 countReadsInRegions_worker: processing 5000000 (7485324.0 per sec) @ chr6:5000000-10000000
ForkPoolWorker-8,  processing 75 (59634.7 per sec) reads @ chr20:60000000-64444167
ForkPoolWorker-8 countReadsInRegions_worker: processing 4444167 (7447037.2 per sec) @ chr20:60000000-64444167
ForkPoolWorker-8,  processing 8 (13819.8 per sec) reads @ chr2:165000000-170000000
ForkPoolWorker-8 countReadsInRegions_worker: processing 5000000 (7507285.7 per sec) @ chr2:165000000-170000000
ForkPoolWorker-8,  processing 43 (41036.4 per sec) reads @ chr9:85000000-90000000
ForkPoolWorker-8 countReadsInRegions_worker: processing 5000000 (7582429.0 per sec) @ chr9:85000000-90000000
ForkPoolWorker-8,  processing 110 (67245.8 per sec) reads @ chr4:0-5000000
ForkPoolWorker-8 countReadsInRegions_worker: processing 5000000 (8384187.9 per sec) @ chr4:0-5000000
ForkPoolWorker-8,  processing 137 (69650.9 per sec) reads @ chr7:5000000-10000000
ForkPoolWorker-8 countReadsInRegions_worker: processing 5000000 (8313312.7 per sec) @ chr7:5000000-10000000
ForkPoolWorker-7,  processing 13 (200.4 per sec) reads @ chr5:115000000-120000000
ForkPoolWorker-7 countReadsInRegions_worker: processing 5000000 (6373890.2 per sec) @ chr5:115000000-120000000
ForkPoolWorker-7,  processing 50 (51794.3 per sec) reads @ chr1:75000000-80000000
ForkPoolWorker-7 countReadsInRegions_worker: processing 5000000 (7412689.0 per sec) @ chr1:75000000-80000000
ForkPoolWorker-7,  processing 27 (32654.6 per sec) reads @ chr17:45000000-50000000
ForkPoolWorker-7 countReadsInRegions_worker: processing 5000000 (7473584.2 per sec) @ chr17:45000000-50000000
ForkPoolWorker-7,  processing 18 (28597.5 per sec) reads @ chr7:115000000-120000000
ForkPoolWorker-7 countReadsInRegions_worker: processing 5000000 (7438415.8 per sec) @ chr7:115000000-120000000
ForkPoolWorker-7,  processing 9 (14287.9 per sec) reads @ chr2:200000000-205000000
ForkPoolWorker-7 countReadsInRegions_worker: processing 5000000 (7494759.1 per sec) @ chr2:200000000-205000000
ForkPoolWorker-7,  processing 30 (39004.7 per sec) reads @ chr13:55000000-60000000
ForkPoolWorker-7 countReadsInRegions_worker: processing 5000000 (7490192.4 per sec) @ chr13:55000000-60000000
ForkPoolWorker-7,  processing 55 (48494.2 per sec) reads @ chr5:170000000-175000000
ForkPoolWorker-7 countReadsInRegions_worker: processing 5000000 (7500339.8 per sec) @ chr5:170000000-175000000
ForkPoolWorker-7,  processing 0 (0.0 per sec) reads @ chrUn_KI270539v1:0-993
ForkPoolWorker-7 countReadsInRegions_worker: processing 993 (236067.8 per sec) @ chrUn_KI270539v1:0-993
ForkPoolWorker-7,  processing 62 (57994.4 per sec) reads @ chr15:25000000-30000000
ForkPoolWorker-7 countReadsInRegions_worker: processing 5000000 (7493157.7 per sec) @ chr15:25000000-30000000
ForkPoolWorker-7,  processing 31 (36077.5 per sec) reads @ chrX:15000000-20000000
ForkPoolWorker-7 countReadsInRegions_worker: processing 5000000 (7488721.3 per sec) @ chrX:15000000-20000000
ForkPoolWorker-7,  processing 7 (13261.1 per sec) reads @ chr7:90000000-95000000
ForkPoolWorker-7 countReadsInRegions_worker: processing 5000000 (7505222.3 per sec) @ chr7:90000000-95000000
ForkPoolWorker-7,  processing 0 (0.0 per sec) reads @ chrUn_KI270364v1:0-2855
ForkPoolWorker-7 countReadsInRegions_worker: processing 2855 (581410.9 per sec) @ chrUn_KI270364v1:0-2855
ForkPoolWorker-7,  processing 7 (12997.0 per sec) reads @ chrX:130000000-135000000
ForkPoolWorker-7 countReadsInRegions_worker: processing 5000000 (7457455.2 per sec) @ chrX:130000000-135000000
ForkPoolWorker-7,  processing 10 (15833.5 per sec) reads @ chr6:75000000-80000000
ForkPoolWorker-7 countReadsInRegions_worker: processing 5000000 (7789490.3 per sec) @ chr6:75000000-80000000
ForkPoolWorker-7,  processing 32 (39337.0 per sec) reads @ chr14:20000000-25000000
ForkPoolWorker-7 countReadsInRegions_worker: processing 5000000 (8316342.3 per sec) @ chr14:20000000-25000000
ForkPoolWorker-7,  processing 4 (8172.0 per sec) reads @ chr21:20000000-25000000
ForkPoolWorker-7 countReadsInRegions_worker: processing 5000000 (8339687.4 per sec) @ chr21:20000000-25000000
ForkPoolWorker-14,  processing 15 (234.6 per sec) reads @ chr20:20000000-25000000
ForkPoolWorker-14 countReadsInRegions_worker: processing 5000000 (6300966.7 per sec) @ chr20:20000000-25000000
ForkPoolWorker-14,  processing 23 (18294.9 per sec) reads @ chr12:25000000-30000000
ForkPoolWorker-14 countReadsInRegions_worker: processing 5000000 (6931879.1 per sec) @ chr12:25000000-30000000
ForkPoolWorker-14,  processing 6 (9900.0 per sec) reads @ chr6:100000000-105000000
ForkPoolWorker-14 countReadsInRegions_worker: processing 5000000 (6999223.0 per sec) @ chr6:100000000-105000000
ForkPoolWorker-14,  processing 3 (4942.2 per sec) reads @ chr10:35000000-40000000
ForkPoolWorker-14 countReadsInRegions_worker: processing 5000000 (7002544.0 per sec) @ chr10:35000000-40000000
ForkPoolWorker-14,  processing 12 (16013.9 per sec) reads @ chr12:105000000-110000000
ForkPoolWorker-14 countReadsInRegions_worker: processing 5000000 (7013785.4 per sec) @ chr12:105000000-110000000
ForkPoolWorker-14,  processing 97 (61680.9 per sec) reads @ chr15:35000000-40000000
ForkPoolWorker-14 countReadsInRegions_worker: processing 5000000 (7018433.0 per sec) @ chr15:35000000-40000000
ForkPoolWorker-14,  processing 7 (10504.5 per sec) reads @ chr9:110000000-115000000
ForkPoolWorker-14 countReadsInRegions_worker: processing 5000000 (7069446.5 per sec) @ chr9:110000000-115000000
ForkPoolWorker-14,  processing 27 (29568.2 per sec) reads @ chr12:65000000-70000000
ForkPoolWorker-14 countReadsInRegions_worker: processing 5000000 (7096264.7 per sec) @ chr12:65000000-70000000
ForkPoolWorker-14,  processing 10 (15732.6 per sec) reads @ chr11:100000000-105000000
ForkPoolWorker-14 countReadsInRegions_worker: processing 5000000 (7058577.2 per sec) @ chr11:100000000-105000000
ForkPoolWorker-14,  processing 129 (53539.0 per sec) reads @ chr7:150000000-155000000
ForkPoolWorker-14 countReadsInRegions_worker: processing 5000000 (7092496.8 per sec) @ chr7:150000000-155000000
ForkPoolWorker-14,  processing 29 (31642.8 per sec) reads @ chr10:40000000-45000000
ForkPoolWorker-14 countReadsInRegions_worker: processing 5000000 (7116644.4 per sec) @ chr10:40000000-45000000
ForkPoolWorker-14,  processing 11 (17196.2 per sec) reads @ chr9:5000000-10000000
ForkPoolWorker-14 countReadsInRegions_worker: processing 5000000 (8018288.2 per sec) @ chr9:5000000-10000000
ForkPoolWorker-47,  processing 24 (412.2 per sec) reads @ chr7:145000000-150000000
ForkPoolWorker-47 countReadsInRegions_worker: processing 5000000 (6320909.5 per sec) @ chr7:145000000-150000000
ForkPoolWorker-47,  processing 34 (30740.7 per sec) reads @ chrX:115000000-120000000
ForkPoolWorker-47 countReadsInRegions_worker: processing 5000000 (5167399.8 per sec) @ chrX:115000000-120000000
ForkPoolWorker-47,  processing 0 (0.0 per sec) reads @ chrUn_KI270389v1:0-1298
ForkPoolWorker-47 countReadsInRegions_worker: processing 1298 (137779.2 per sec) @ chrUn_KI270389v1:0-1298
ForkPoolWorker-47,  processing 0 (0.0 per sec) reads @ chrY:45000000-50000000
ForkPoolWorker-47 countReadsInRegions_worker: processing 5000000 (7363936.8 per sec) @ chrY:45000000-50000000
ForkPoolWorker-47,  processing 18 (20371.7 per sec) reads @ chr18:20000000-25000000
ForkPoolWorker-47 countReadsInRegions_worker: processing 5000000 (7318070.8 per sec) @ chr18:20000000-25000000
ForkPoolWorker-47,  processing 7 (11545.5 per sec) reads @ chr1:185000000-190000000
ForkPoolWorker-47 countReadsInRegions_worker: processing 5000000 (7320040.2 per sec) @ chr1:185000000-190000000
ForkPoolWorker-47,  processing 76 (58661.6 per sec) reads @ chr7:0-5000000
ForkPoolWorker-47 countReadsInRegions_worker: processing 5000000 (7325079.7 per sec) @ chr7:0-5000000
ForkPoolWorker-47,  processing 11 (16518.9 per sec) reads @ chr15:30000000-35000000
ForkPoolWorker-47 countReadsInRegions_worker: processing 5000000 (7328642.9 per sec) @ chr15:30000000-35000000
ForkPoolWorker-47,  processing 0 (0.0 per sec) reads @ chrUn_KI270305v1:0-1472
ForkPoolWorker-47 countReadsInRegions_worker: processing 1472 (311300.1 per sec) @ chrUn_KI270305v1:0-1472
ForkPoolWorker-47,  processing 28 (37425.3 per sec) reads @ chr2:85000000-90000000
ForkPoolWorker-47 countReadsInRegions_worker: processing 5000000 (7385422.4 per sec) @ chr2:85000000-90000000
ForkPoolWorker-47,  processing 6 (10259.2 per sec) reads @ chr7:75000000-80000000
ForkPoolWorker-47 countReadsInRegions_worker: processing 5000000 (7352244.4 per sec) @ chr7:75000000-80000000
ForkPoolWorker-47,  processing 28 (33175.3 per sec) reads @ chr20:30000000-35000000
ForkPoolWorker-47 countReadsInRegions_worker: processing 5000000 (7370311.1 per sec) @ chr20:30000000-35000000
ForkPoolWorker-47,  processing 14 (19959.3 per sec) reads @ chr3:180000000-185000000
ForkPoolWorker-47 countReadsInRegions_worker: processing 5000000 (7442642.2 per sec) @ chr3:180000000-185000000
ForkPoolWorker-47,  processing 27 (38849.5 per sec) reads @ chr6:110000000-115000000
ForkPoolWorker-47 countReadsInRegions_worker: processing 5000000 (8227606.9 per sec) @ chr6:110000000-115000000
ForkPoolWorker-47,  processing 6 (12633.4 per sec) reads @ chr8:110000000-115000000
ForkPoolWorker-47 countReadsInRegions_worker: processing 5000000 (8384999.1 per sec) @ chr8:110000000-115000000
ForkPoolWorker-47,  processing 6 (12639.8 per sec) reads @ chr14:40000000-45000000
ForkPoolWorker-47 countReadsInRegions_worker: processing 5000000 (8309402.8 per sec) @ chr14:40000000-45000000
ForkPoolWorker-26,  processing 70 (1112.2 per sec) reads @ chr3:45000000-50000000
ForkPoolWorker-26 countReadsInRegions_worker: processing 5000000 (6376913.7 per sec) @ chr3:45000000-50000000
ForkPoolWorker-26,  processing 38 (29196.5 per sec) reads @ chrX:20000000-25000000
ForkPoolWorker-26 countReadsInRegions_worker: processing 5000000 (7042704.8 per sec) @ chrX:20000000-25000000
ForkPoolWorker-26,  processing 14 (17352.3 per sec) reads @ chr20:15000000-20000000
ForkPoolWorker-26 countReadsInRegions_worker: processing 5000000 (7083879.3 per sec) @ chr20:15000000-20000000
ForkPoolWorker-26,  processing 8 (10713.4 per sec) reads @ chr21:25000000-30000000
ForkPoolWorker-26 countReadsInRegions_worker: processing 5000000 (7102090.0 per sec) @ chr21:25000000-30000000
ForkPoolWorker-26,  processing 0 (0.0 per sec) reads @ chrUn_KI270752v1:0-27745
ForkPoolWorker-26 countReadsInRegions_worker: processing 27745 (3468686.5 per sec) @ chrUn_KI270752v1:0-27745
ForkPoolWorker-26,  processing 61 (44496.1 per sec) reads @ chr21:30000000-35000000
ForkPoolWorker-26 countReadsInRegions_worker: processing 5000000 (7069296.3 per sec) @ chr21:30000000-35000000
ForkPoolWorker-26,  processing 6 (10155.7 per sec) reads @ chr4:125000000-130000000
ForkPoolWorker-26 countReadsInRegions_worker: processing 5000000 (7055995.7 per sec) @ chr4:125000000-130000000
ForkPoolWorker-26,  processing 10 (15302.1 per sec) reads @ chr7:20000000-25000000
ForkPoolWorker-26 countReadsInRegions_worker: processing 5000000 (7079861.6 per sec) @ chr7:20000000-25000000
ForkPoolWorker-26,  processing 0 (0.0 per sec) reads @ chrUn_KI270330v1:0-1652
ForkPoolWorker-26 countReadsInRegions_worker: processing 1652 (333814.6 per sec) @ chrUn_KI270330v1:0-1652
ForkPoolWorker-26,  processing 44 (44416.2 per sec) reads @ chr7:155000000-159345973
ForkPoolWorker-26 countReadsInRegions_worker: processing 4345973 (7101387.7 per sec) @ chr7:155000000-159345973
ForkPoolWorker-26,  processing 20 (28464.9 per sec) reads @ chr5:85000000-90000000
ForkPoolWorker-26 countReadsInRegions_worker: processing 5000000 (7086395.0 per sec) @ chr5:85000000-90000000
ForkPoolWorker-26,  processing 0 (0.0 per sec) reads @ chrUn_GL000224v1:0-179693
ForkPoolWorker-26 countReadsInRegions_worker: processing 179693 (6003800.3 per sec) @ chrUn_GL000224v1:0-179693
ForkPoolWorker-26,  processing 8 (13194.8 per sec) reads @ chr4:85000000-90000000
ForkPoolWorker-26 countReadsInRegions_worker: processing 5000000 (7112020.3 per sec) @ chr4:85000000-90000000
ForkPoolWorker-26,  processing 17 (21502.8 per sec) reads @ chr10:30000000-35000000
ForkPoolWorker-26 countReadsInRegions_worker: processing 5000000 (7081059.3 per sec) @ chr10:30000000-35000000
ForkPoolWorker-26,  processing 2 (4295.2 per sec) reads @ chr16:35000000-40000000
ForkPoolWorker-26 countReadsInRegions_worker: processing 5000000 (7805363.2 per sec) @ chr16:35000000-40000000
ForkPoolWorker-26,  processing 5 (11535.5 per sec) reads @ chr18:80000000-80373285
ForkPoolWorker-26 countReadsInRegions_worker: processing 373285 (7719584.9 per sec) @ chr18:80000000-80373285
ForkPoolWorker-48,  processing 8 (138.0 per sec) reads @ chr4:65000000-70000000
ForkPoolWorker-48 countReadsInRegions_worker: processing 5000000 (6295114.7 per sec) @ chr4:65000000-70000000
ForkPoolWorker-48,  processing 0 (0.0 per sec) reads @ chrUn_KI270302v1:0-2274
ForkPoolWorker-48 countReadsInRegions_worker: processing 2274 (255569.3 per sec) @ chrUn_KI270302v1:0-2274
ForkPoolWorker-48,  processing 0 (0.0 per sec) reads @ chrUn_KI270757v1:0-71251
ForkPoolWorker-48 countReadsInRegions_worker: processing 71251 (5299951.3 per sec) @ chrUn_KI270757v1:0-71251
ForkPoolWorker-48,  processing 0 (0.0 per sec) reads @ chr15:5000000-10000000
ForkPoolWorker-48 countReadsInRegions_worker: processing 5000000 (7104503.2 per sec) @ chr15:5000000-10000000
ForkPoolWorker-48,  processing 0 (0.0 per sec) reads @ chrUn_KI270746v1:0-66486
ForkPoolWorker-48 countReadsInRegions_worker: processing 66486 (5425762.6 per sec) @ chrUn_KI270746v1:0-66486
ForkPoolWorker-48,  processing 34 (31062.2 per sec) reads @ chr17:55000000-60000000
ForkPoolWorker-48 countReadsInRegions_worker: processing 5000000 (7136247.9 per sec) @ chr17:55000000-60000000
ForkPoolWorker-48,  processing 66 (51036.9 per sec) reads @ chr19:35000000-40000000
ForkPoolWorker-48 countReadsInRegions_worker: processing 5000000 (7122677.4 per sec) @ chr19:35000000-40000000
ForkPoolWorker-48,  processing 51 (40566.9 per sec) reads @ chr14:100000000-105000000
ForkPoolWorker-48 countReadsInRegions_worker: processing 5000000 (7105167.5 per sec) @ chr14:100000000-105000000
ForkPoolWorker-48,  processing 8 (12543.7 per sec) reads @ chr2:145000000-150000000
ForkPoolWorker-48 countReadsInRegions_worker: processing 5000000 (7085540.3 per sec) @ chr2:145000000-150000000
ForkPoolWorker-48,  processing 5 (8720.0 per sec) reads @ chr5:25000000-30000000
ForkPoolWorker-48 countReadsInRegions_worker: processing 5000000 (7091906.7 per sec) @ chr5:25000000-30000000
ForkPoolWorker-48,  processing 15 (20262.3 per sec) reads @ chr4:55000000-60000000
ForkPoolWorker-48 countReadsInRegions_worker: processing 5000000 (7115550.6 per sec) @ chr4:55000000-60000000
ForkPoolWorker-48,  processing 12 (17604.6 per sec) reads @ chr4:35000000-40000000
ForkPoolWorker-48 countReadsInRegions_worker: processing 5000000 (7149229.1 per sec) @ chr4:35000000-40000000
ForkPoolWorker-48,  processing 58 (45650.1 per sec) reads @ chr1:40000000-45000000
ForkPoolWorker-48 countReadsInRegions_worker: processing 5000000 (7103391.4 per sec) @ chr1:40000000-45000000
ForkPoolWorker-48,  processing 0 (0.0 per sec) reads @ chrUn_KI270371v1:0-2805
ForkPoolWorker-48 countReadsInRegions_worker: processing 2805 (574548.2 per sec) @ chrUn_KI270371v1:0-2805
ForkPoolWorker-48,  processing 8 (13226.0 per sec) reads @ chr19:20000000-25000000
ForkPoolWorker-48 countReadsInRegions_worker: processing 5000000 (7111480.1 per sec) @ chr19:20000000-25000000
ForkPoolWorker-48,  processing 35 (31885.5 per sec) reads @ chr1:200000000-205000000
ForkPoolWorker-48 countReadsInRegions_worker: processing 5000000 (8007676.4 per sec) @ chr1:200000000-205000000
ForkPoolWorker-3,  processing 18 (279.5 per sec) reads @ chr17:60000000-65000000
ForkPoolWorker-3 countReadsInRegions_worker: processing 5000000 (6309922.6 per sec) @ chr17:60000000-65000000
ForkPoolWorker-3,  processing 30 (22377.6 per sec) reads @ chr9:120000000-125000000
ForkPoolWorker-3 countReadsInRegions_worker: processing 5000000 (6933985.4 per sec) @ chr9:120000000-125000000
ForkPoolWorker-3,  processing 20 (24513.8 per sec) reads @ chr3:95000000-100000000
ForkPoolWorker-3 countReadsInRegions_worker: processing 5000000 (6985419.0 per sec) @ chr3:95000000-100000000
ForkPoolWorker-3,  processing 35 (31617.6 per sec) reads @ chr3:15000000-20000000
ForkPoolWorker-3 countReadsInRegions_worker: processing 5000000 (6997632.6 per sec) @ chr3:15000000-20000000
ForkPoolWorker-3,  processing 16 (22126.2 per sec) reads @ chr4:50000000-55000000
ForkPoolWorker-3 countReadsInRegions_worker: processing 5000000 (6980956.7 per sec) @ chr4:50000000-55000000
ForkPoolWorker-3,  processing 36 (39882.4 per sec) reads @ chr6:90000000-95000000
ForkPoolWorker-3 countReadsInRegions_worker: processing 5000000 (7035144.7 per sec) @ chr6:90000000-95000000
ForkPoolWorker-3,  processing 5 (8552.8 per sec) reads @ chr3:25000000-30000000
ForkPoolWorker-3 countReadsInRegions_worker: processing 5000000 (7061510.2 per sec) @ chr3:25000000-30000000
ForkPoolWorker-3,  processing 0 (0.0 per sec) reads @ chr5:45000000-50000000
ForkPoolWorker-3 countReadsInRegions_worker: processing 5000000 (7056368.5 per sec) @ chr5:45000000-50000000
ForkPoolWorker-3,  processing 6 (10022.2 per sec) reads @ chr3:135000000-140000000
ForkPoolWorker-3 countReadsInRegions_worker: processing 5000000 (7033429.3 per sec) @ chr3:135000000-140000000
ForkPoolWorker-3,  processing 10 (14242.1 per sec) reads @ chr3:130000000-135000000
ForkPoolWorker-3 countReadsInRegions_worker: processing 5000000 (7056705.6 per sec) @ chr3:130000000-135000000
ForkPoolWorker-3,  processing 6 (9758.0 per sec) reads @ chr13:70000000-75000000
ForkPoolWorker-3 countReadsInRegions_worker: processing 5000000 (7083058.6 per sec) @ chr13:70000000-75000000
ForkPoolWorker-3,  processing 20 (27060.0 per sec) reads @ chr6:155000000-160000000
ForkPoolWorker-3 countReadsInRegions_worker: processing 5000000 (8014249.6 per sec) @ chr6:155000000-160000000
ForkPoolWorker-39,  processing 0 (0.0 per sec) reads @ chrUn_KI270312v1:0-998
ForkPoolWorker-39 countReadsInRegions_worker: processing 998 (24461.4 per sec) @ chrUn_KI270312v1:0-998
ForkPoolWorker-39,  processing 25 (4297.3 per sec) reads @ chr4:120000000-125000000
ForkPoolWorker-39 countReadsInRegions_worker: processing 5000000 (6760433.3 per sec) @ chr4:120000000-125000000
ForkPoolWorker-39,  processing 0 (0.0 per sec) reads @ chr17_KI270730v1_random:0-112551
ForkPoolWorker-39 countReadsInRegions_worker: processing 112551 (5570841.5 per sec) @ chr17_KI270730v1_random:0-112551
ForkPoolWorker-39,  processing 47 (46220.9 per sec) reads @ chr16:30000000-35000000
ForkPoolWorker-39 countReadsInRegions_worker: processing 5000000 (7072753.4 per sec) @ chr16:30000000-35000000
ForkPoolWorker-39,  processing 4 (7169.8 per sec) reads @ chr12:80000000-85000000
ForkPoolWorker-39 countReadsInRegions_worker: processing 5000000 (7125838.2 per sec) @ chr12:80000000-85000000
ForkPoolWorker-39,  processing 30 (32827.8 per sec) reads @ chr1:230000000-235000000
ForkPoolWorker-39 countReadsInRegions_worker: processing 5000000 (7112758.4 per sec) @ chr1:230000000-235000000
ForkPoolWorker-39,  processing 15 (20500.0 per sec) reads @ chr15:60000000-65000000
ForkPoolWorker-39 countReadsInRegions_worker: processing 5000000 (7114206.1 per sec) @ chr15:60000000-65000000
ForkPoolWorker-39,  processing 0 (0.0 per sec) reads @ chrUn_KI270747v1:0-198735
ForkPoolWorker-39 countReadsInRegions_worker: processing 198735 (6387052.1 per sec) @ chrUn_KI270747v1:0-198735
ForkPoolWorker-39,  processing 9 (13491.3 per sec) reads @ chr6:130000000-135000000
ForkPoolWorker-39 countReadsInRegions_worker: processing 5000000 (7125567.0 per sec) @ chr6:130000000-135000000
ForkPoolWorker-39,  processing 0 (0.0 per sec) reads @ chr2_KI270716v1_random:0-153799
ForkPoolWorker-39 countReadsInRegions_worker: processing 153799 (6419215.1 per sec) @ chr2_KI270716v1_random:0-153799
ForkPoolWorker-39,  processing 11 (18656.4 per sec) reads @ chr7:135000000-140000000
ForkPoolWorker-39 countReadsInRegions_worker: processing 5000000 (7078700.2 per sec) @ chr7:135000000-140000000
ForkPoolWorker-39,  processing 62 (45622.3 per sec) reads @ chr16:65000000-70000000
ForkPoolWorker-39 countReadsInRegions_worker: processing 5000000 (7105338.4 per sec) @ chr16:65000000-70000000
ForkPoolWorker-39,  processing 21 (24244.5 per sec) reads @ chr22:30000000-35000000
ForkPoolWorker-39 countReadsInRegions_worker: processing 5000000 (7044564.3 per sec) @ chr22:30000000-35000000
ForkPoolWorker-39,  processing 11 (16378.2 per sec) reads @ chr7:95000000-100000000
ForkPoolWorker-39 countReadsInRegions_worker: processing 5000000 (7046791.7 per sec) @ chr7:95000000-100000000
ForkPoolWorker-39,  processing 10 (14538.3 per sec) reads @ chr5:5000000-10000000
ForkPoolWorker-39 countReadsInRegions_worker: processing 5000000 (7073869.9 per sec) @ chr5:5000000-10000000
ForkPoolWorker-39,  processing 8 (14557.2 per sec) reads @ chr17:25000000-30000000
ForkPoolWorker-39 countReadsInRegions_worker: processing 5000000 (8047259.4 per sec) @ chr17:25000000-30000000
ForkPoolWorker-17,  processing 6 (97.7 per sec) reads @ chr2:195000000-200000000
ForkPoolWorker-17 countReadsInRegions_worker: processing 5000000 (6324304.4 per sec) @ chr2:195000000-200000000
ForkPoolWorker-17,  processing 29 (19888.0 per sec) reads @ chr6:105000000-110000000
ForkPoolWorker-17 countReadsInRegions_worker: processing 5000000 (7016000.5 per sec) @ chr6:105000000-110000000
ForkPoolWorker-17,  processing 10 (15557.5 per sec) reads @ chrX:140000000-145000000
ForkPoolWorker-17 countReadsInRegions_worker: processing 5000000 (7084132.9 per sec) @ chrX:140000000-145000000
ForkPoolWorker-17,  processing 7 (7539.8 per sec) reads @ chr4:165000000-170000000
ForkPoolWorker-17 countReadsInRegions_worker: processing 5000000 (7060751.7 per sec) @ chr4:165000000-170000000
ForkPoolWorker-17,  processing 5 (8442.6 per sec) reads @ chr2:75000000-80000000
ForkPoolWorker-17 countReadsInRegions_worker: processing 5000000 (7032931.7 per sec) @ chr2:75000000-80000000
ForkPoolWorker-17,  processing 17 (22429.4 per sec) reads @ chr8:5000000-10000000
ForkPoolWorker-17 countReadsInRegions_worker: processing 5000000 (7083845.8 per sec) @ chr8:5000000-10000000
ForkPoolWorker-17,  processing 27 (32645.2 per sec) reads @ chrX:5000000-10000000
ForkPoolWorker-17 countReadsInRegions_worker: processing 5000000 (7065985.5 per sec) @ chrX:5000000-10000000
ForkPoolWorker-17,  processing 51 (51919.8 per sec) reads @ chr4:40000000-45000000
ForkPoolWorker-17 countReadsInRegions_worker: processing 5000000 (7045572.5 per sec) @ chr4:40000000-45000000
ForkPoolWorker-17,  processing 41 (40216.7 per sec) reads @ chr10:45000000-50000000
ForkPoolWorker-17 countReadsInRegions_worker: processing 5000000 (7020028.2 per sec) @ chr10:45000000-50000000
ForkPoolWorker-17,  processing 31 (31135.9 per sec) reads @ chr13:95000000-100000000
ForkPoolWorker-17 countReadsInRegions_worker: processing 5000000 (6962924.2 per sec) @ chr13:95000000-100000000
ForkPoolWorker-17,  processing 6 (9694.1 per sec) reads @ chr12:15000000-20000000
ForkPoolWorker-17 countReadsInRegions_worker: processing 5000000 (7059703.5 per sec) @ chr12:15000000-20000000
ForkPoolWorker-17,  processing 103 (61522.8 per sec) reads @ chr19:15000000-20000000
ForkPoolWorker-17 countReadsInRegions_worker: processing 5000000 (7961254.2 per sec) @ chr19:15000000-20000000
ForkPoolWorker-50,  processing 8 (138.5 per sec) reads @ chr6:45000000-50000000
ForkPoolWorker-50 countReadsInRegions_worker: processing 5000000 (6451647.8 per sec) @ chr6:45000000-50000000
ForkPoolWorker-50,  processing 13 (17801.5 per sec) reads @ chr1:55000000-60000000
ForkPoolWorker-50 countReadsInRegions_worker: processing 5000000 (7052619.1 per sec) @ chr1:55000000-60000000
ForkPoolWorker-50,  processing 6 (7180.0 per sec) reads @ chr9:20000000-25000000
ForkPoolWorker-50 countReadsInRegions_worker: processing 5000000 (7080036.1 per sec) @ chr9:20000000-25000000
ForkPoolWorker-50,  processing 11 (17670.4 per sec) reads @ chr15:50000000-55000000
ForkPoolWorker-50 countReadsInRegions_worker: processing 5000000 (7128139.2 per sec) @ chr15:50000000-55000000
ForkPoolWorker-50,  processing 14 (19757.8 per sec) reads @ chr17:70000000-75000000
ForkPoolWorker-50 countReadsInRegions_worker: processing 5000000 (7063458.1 per sec) @ chr17:70000000-75000000
ForkPoolWorker-50,  processing 0 (0.0 per sec) reads @ chr16:40000000-45000000
ForkPoolWorker-50 countReadsInRegions_worker: processing 5000000 (7086957.8 per sec) @ chr16:40000000-45000000
ForkPoolWorker-50,  processing 69 (50755.3 per sec) reads @ chr22:45000000-50000000
ForkPoolWorker-50 countReadsInRegions_worker: processing 5000000 (7111453.5 per sec) @ chr22:45000000-50000000
ForkPoolWorker-50,  processing 0 (0.0 per sec) reads @ chr1:125000000-130000000
ForkPoolWorker-50 countReadsInRegions_worker: processing 5000000 (7149580.1 per sec) @ chr1:125000000-130000000
ForkPoolWorker-50,  processing 4 (7594.9 per sec) reads @ chr4:45000000-50000000
ForkPoolWorker-50 countReadsInRegions_worker: processing 5000000 (7137195.1 per sec) @ chr4:45000000-50000000
ForkPoolWorker-50,  processing 20 (25040.6 per sec) reads @ chr9:105000000-110000000
ForkPoolWorker-50 countReadsInRegions_worker: processing 5000000 (7109303.1 per sec) @ chr9:105000000-110000000
ForkPoolWorker-50,  processing 32 (37087.0 per sec) reads @ chr15:85000000-90000000
ForkPoolWorker-50 countReadsInRegions_worker: processing 5000000 (7109958.7 per sec) @ chr15:85000000-90000000
ForkPoolWorker-50,  processing 21 (28765.6 per sec) reads @ chr2:130000000-135000000
ForkPoolWorker-50 countReadsInRegions_worker: processing 5000000 (7997348.9 per sec) @ chr2:130000000-135000000
ForkPoolWorker-20,  processing 11 (175.9 per sec) reads @ chr15:90000000-95000000
ForkPoolWorker-20 countReadsInRegions_worker: processing 5000000 (6272276.6 per sec) @ chr15:90000000-95000000
ForkPoolWorker-20,  processing 7 (7294.4 per sec) reads @ chr8:55000000-60000000
ForkPoolWorker-20 countReadsInRegions_worker: processing 5000000 (6903510.9 per sec) @ chr8:55000000-60000000
ForkPoolWorker-20,  processing 13 (18932.6 per sec) reads @ chr13:75000000-80000000
ForkPoolWorker-20 countReadsInRegions_worker: processing 5000000 (6989288.2 per sec) @ chr13:75000000-80000000
ForkPoolWorker-20,  processing 19 (25226.9 per sec) reads @ chr12:75000000-80000000
ForkPoolWorker-20 countReadsInRegions_worker: processing 5000000 (6974880.6 per sec) @ chr12:75000000-80000000
ForkPoolWorker-20,  processing 27 (27334.3 per sec) reads @ chr2:25000000-30000000
ForkPoolWorker-20 countReadsInRegions_worker: processing 5000000 (6994911.1 per sec) @ chr2:25000000-30000000
ForkPoolWorker-20,  processing 11 (15757.3 per sec) reads @ chr10:20000000-25000000
ForkPoolWorker-20 countReadsInRegions_worker: processing 5000000 (7023545.4 per sec) @ chr10:20000000-25000000
ForkPoolWorker-20,  processing 5 (8734.5 per sec) reads @ chr7:15000000-20000000
ForkPoolWorker-20 countReadsInRegions_worker: processing 5000000 (7043267.8 per sec) @ chr7:15000000-20000000
ForkPoolWorker-20,  processing 5 (8771.0 per sec) reads @ chr4:95000000-100000000
ForkPoolWorker-20 countReadsInRegions_worker: processing 5000000 (7035350.0 per sec) @ chr4:95000000-100000000
ForkPoolWorker-20,  processing 10 (15592.2 per sec) reads @ chr9:115000000-120000000
ForkPoolWorker-20 countReadsInRegions_worker: processing 5000000 (7001924.5 per sec) @ chr9:115000000-120000000
ForkPoolWorker-20,  processing 11 (15508.4 per sec) reads @ chr4:10000000-15000000
ForkPoolWorker-20 countReadsInRegions_worker: processing 5000000 (7054500.4 per sec) @ chr4:10000000-15000000
ForkPoolWorker-20,  processing 10 (14232.5 per sec) reads @ chr16:10000000-15000000
ForkPoolWorker-20 countReadsInRegions_worker: processing 5000000 (7071885.2 per sec) @ chr16:10000000-15000000
ForkPoolWorker-20,  processing 9 (14768.7 per sec) reads @ chr3:145000000-150000000
ForkPoolWorker-20 countReadsInRegions_worker: processing 5000000 (7982445.2 per sec) @ chr3:145000000-150000000
ForkPoolWorker-23,  processing 0 (0.0 per sec) reads @ chr17_KI270729v1_random:0-280839
ForkPoolWorker-23 countReadsInRegions_worker: processing 280839 (3268017.3 per sec) @ chr17_KI270729v1_random:0-280839
ForkPoolWorker-23,  processing 2 (2414.7 per sec) reads @ chr1:120000000-125000000
ForkPoolWorker-23 countReadsInRegions_worker: processing 5000000 (7661044.7 per sec) @ chr1:120000000-125000000
ForkPoolWorker-23,  processing 34 (26800.7 per sec) reads @ chr9:125000000-130000000
ForkPoolWorker-23 countReadsInRegions_worker: processing 5000000 (7105210.8 per sec) @ chr9:125000000-130000000
ForkPoolWorker-23,  processing 13 (12130.4 per sec) reads @ chr12:10000000-15000000
ForkPoolWorker-23 countReadsInRegions_worker: processing 5000000 (7094010.6 per sec) @ chr12:10000000-15000000
ForkPoolWorker-23,  processing 19 (22743.1 per sec) reads @ chr3:190000000-195000000
ForkPoolWorker-23 countReadsInRegions_worker: processing 5000000 (7119217.4 per sec) @ chr3:190000000-195000000
ForkPoolWorker-23,  processing 11 (15898.5 per sec) reads @ chr8:105000000-110000000
ForkPoolWorker-23 countReadsInRegions_worker: processing 5000000 (7122312.2 per sec) @ chr8:105000000-110000000
ForkPoolWorker-23,  processing 10 (16200.5 per sec) reads @ chr8:75000000-80000000
ForkPoolWorker-23 countReadsInRegions_worker: processing 5000000 (7053935.7 per sec) @ chr8:75000000-80000000
ForkPoolWorker-23,  processing 11 (15719.7 per sec) reads @ chrX:65000000-70000000
ForkPoolWorker-23 countReadsInRegions_worker: processing 5000000 (7042931.9 per sec) @ chrX:65000000-70000000
ForkPoolWorker-23,  processing 44 (42968.4 per sec) reads @ chr2:230000000-235000000
ForkPoolWorker-23 countReadsInRegions_worker: processing 5000000 (6969454.3 per sec) @ chr2:230000000-235000000
ForkPoolWorker-23,  processing 0 (0.0 per sec) reads @ chr3_GL000221v1_random:0-155397
ForkPoolWorker-23 countReadsInRegions_worker: processing 155397 (5876200.3 per sec) @ chr3_GL000221v1_random:0-155397
ForkPoolWorker-23,  processing 0 (0.0 per sec) reads @ chr4:190000000-190214555
ForkPoolWorker-23 countReadsInRegions_worker: processing 214555 (6213982.1 per sec) @ chr4:190000000-190214555
ForkPoolWorker-23,  processing 0 (0.0 per sec) reads @ chrUn_KI270333v1:0-2699
ForkPoolWorker-23 countReadsInRegions_worker: processing 2699 (495770.6 per sec) @ chrUn_KI270333v1:0-2699
ForkPoolWorker-23,  processing 3 (5381.9 per sec) reads @ chrX:60000000-65000000
ForkPoolWorker-23 countReadsInRegions_worker: processing 5000000 (6970292.8 per sec) @ chrX:60000000-65000000
ForkPoolWorker-23,  processing 21 (24298.0 per sec) reads @ chr10:85000000-90000000
ForkPoolWorker-23 countReadsInRegions_worker: processing 5000000 (6992947.2 per sec) @ chr10:85000000-90000000
ForkPoolWorker-23,  processing 5 (8078.4 per sec) reads @ chr3:150000000-155000000
ForkPoolWorker-23 countReadsInRegions_worker: processing 5000000 (7189177.2 per sec) @ chr3:150000000-155000000
ForkPoolWorker-23,  processing 6 (10989.4 per sec) reads @ chr8:90000000-95000000
ForkPoolWorker-23 countReadsInRegions_worker: processing 5000000 (8276158.2 per sec) @ chr8:90000000-95000000
ForkPoolWorker-35,  processing 42 (732.0 per sec) reads @ chr12:50000000-55000000
ForkPoolWorker-35 countReadsInRegions_worker: processing 5000000 (6262699.6 per sec) @ chr12:50000000-55000000
ForkPoolWorker-35,  processing 0 (0.0 per sec) reads @ chrUn_KI270384v1:0-1658
ForkPoolWorker-35 countReadsInRegions_worker: processing 1658 (331497.6 per sec) @ chrUn_KI270384v1:0-1658
ForkPoolWorker-35,  processing 8 (13097.0 per sec) reads @ chr2:135000000-140000000
ForkPoolWorker-35 countReadsInRegions_worker: processing 5000000 (7029956.4 per sec) @ chr2:135000000-140000000
ForkPoolWorker-35,  processing 20 (19747.2 per sec) reads @ chr6:160000000-165000000
ForkPoolWorker-35 countReadsInRegions_worker: processing 5000000 (6971071.3 per sec) @ chr6:160000000-165000000
ForkPoolWorker-35,  processing 0 (0.0 per sec) reads @ chrUn_KI270515v1:0-6361
ForkPoolWorker-35 countReadsInRegions_worker: processing 6361 (1104211.9 per sec) @ chrUn_KI270515v1:0-6361
ForkPoolWorker-35,  processing 2 (3766.8 per sec) reads @ chr1:190000000-195000000
ForkPoolWorker-35 countReadsInRegions_worker: processing 5000000 (7103545.4 per sec) @ chr1:190000000-195000000
ForkPoolWorker-35,  processing 2 (2972.6 per sec) reads @ chr22:10000000-15000000
ForkPoolWorker-35 countReadsInRegions_worker: processing 5000000 (7080626.5 per sec) @ chr22:10000000-15000000
ForkPoolWorker-35,  processing 0 (0.0 per sec) reads @ chrUn_KI270751v1:0-150742
ForkPoolWorker-35 countReadsInRegions_worker: processing 150742 (5849959.5 per sec) @ chrUn_KI270751v1:0-150742
ForkPoolWorker-35,  processing 74 (46842.5 per sec) reads @ chr13:110000000-114364328
ForkPoolWorker-35 countReadsInRegions_worker: processing 4364328 (7017586.6 per sec) @ chr13:110000000-114364328
ForkPoolWorker-35,  processing 0 (0.0 per sec) reads @ chr2:90000000-95000000
ForkPoolWorker-35 countReadsInRegions_worker: processing 5000000 (7082089.9 per sec) @ chr2:90000000-95000000
ForkPoolWorker-35,  processing 0 (0.0 per sec) reads @ chrUn_KI270385v1:0-990
ForkPoolWorker-35 countReadsInRegions_worker: processing 990 (200191.0 per sec) @ chrUn_KI270385v1:0-990
ForkPoolWorker-35,  processing 0 (0.0 per sec) reads @ chrUn_KI270466v1:0-1233
ForkPoolWorker-35 countReadsInRegions_worker: processing 1233 (278505.9 per sec) @ chrUn_KI270466v1:0-1233
ForkPoolWorker-35,  processing 20 (25724.0 per sec) reads @ chr15:65000000-70000000
ForkPoolWorker-35 countReadsInRegions_worker: processing 5000000 (7116139.7 per sec) @ chr15:65000000-70000000
ForkPoolWorker-35,  processing 4 (7605.3 per sec) reads @ chrX:125000000-130000000
ForkPoolWorker-35 countReadsInRegions_worker: processing 5000000 (7125421.8 per sec) @ chrX:125000000-130000000
ForkPoolWorker-35,  processing 0 (0.0 per sec) reads @ chrUn_KI270373v1:0-1451
ForkPoolWorker-35 countReadsInRegions_worker: processing 1451 (280690.7 per sec) @ chrUn_KI270373v1:0-1451
ForkPoolWorker-35,  processing 5 (7606.6 per sec) reads @ chr12:70000000-75000000
ForkPoolWorker-35 countReadsInRegions_worker: processing 5000000 (7080944.5 per sec) @ chr12:70000000-75000000
ForkPoolWorker-35,  processing 0 (0.0 per sec) reads @ chrY:50000000-55000000
ForkPoolWorker-35 countReadsInRegions_worker: processing 5000000 (7084669.0 per sec) @ chrY:50000000-55000000
ForkPoolWorker-35,  processing 65 (46683.2 per sec) reads @ chr9:130000000-135000000
ForkPoolWorker-35 countReadsInRegions_worker: processing 5000000 (8024292.3 per sec) @ chr9:130000000-135000000
ForkPoolWorker-35,  processing 0 (0.0 per sec) reads @ chrUn_KI270381v1:0-1930
ForkPoolWorker-35 countReadsInRegions_worker: processing 1930 (428579.3 per sec) @ chrUn_KI270381v1:0-1930
ForkPoolWorker-35,  processing 0 (0.0 per sec) reads @ chr14_GL000194v1_random:0-191469
ForkPoolWorker-35 countReadsInRegions_worker: processing 191469 (7534212.0 per sec) @ chr14_GL000194v1_random:0-191469
ForkPoolWorker-44,  processing 17 (295.5 per sec) reads @ chr13:65000000-70000000
ForkPoolWorker-44 countReadsInRegions_worker: processing 5000000 (6366746.0 per sec) @ chr13:65000000-70000000
ForkPoolWorker-44,  processing 8 (8158.1 per sec) reads @ chr13:85000000-90000000
ForkPoolWorker-44 countReadsInRegions_worker: processing 5000000 (7031309.4 per sec) @ chr13:85000000-90000000
ForkPoolWorker-44,  processing 0 (0.0 per sec) reads @ chrUn_KI270588v1:0-6158
ForkPoolWorker-44 countReadsInRegions_worker: processing 6158 (1068972.9 per sec) @ chrUn_KI270588v1:0-6158
ForkPoolWorker-44,  processing 40 (38488.7 per sec) reads @ chr7:65000000-70000000
ForkPoolWorker-44 countReadsInRegions_worker: processing 5000000 (7097756.1 per sec) @ chr7:65000000-70000000
ForkPoolWorker-44,  processing 0 (0.0 per sec) reads @ chr16_KI270728v1_random:0-1872759
ForkPoolWorker-44 countReadsInRegions_worker: processing 1872759 (7064768.6 per sec) @ chr16_KI270728v1_random:0-1872759
ForkPoolWorker-44,  processing 0 (0.0 per sec) reads @ chr2_KI270715v1_random:0-161471
ForkPoolWorker-44 countReadsInRegions_worker: processing 161471 (5926463.4 per sec) @ chr2_KI270715v1_random:0-161471
ForkPoolWorker-44,  processing 17 (22882.9 per sec) reads @ chr11:125000000-130000000
ForkPoolWorker-44 countReadsInRegions_worker: processing 5000000 (7162343.2 per sec) @ chr11:125000000-130000000
ForkPoolWorker-44,  processing 7 (11925.3 per sec) reads @ chr4:70000000-75000000
ForkPoolWorker-44 countReadsInRegions_worker: processing 5000000 (7117656.5 per sec) @ chr4:70000000-75000000
ForkPoolWorker-44,  processing 28 (30639.3 per sec) reads @ chr10:75000000-80000000
ForkPoolWorker-44 countReadsInRegions_worker: processing 5000000 (7105856.0 per sec) @ chr10:75000000-80000000
ForkPoolWorker-44,  processing 17 (21133.1 per sec) reads @ chr4:75000000-80000000
ForkPoolWorker-44 countReadsInRegions_worker: processing 5000000 (7104987.0 per sec) @ chr4:75000000-80000000
ForkPoolWorker-44,  processing 243 (86155.2 per sec) reads @ chrM:0-16569
ForkPoolWorker-44 countReadsInRegions_worker: processing 16569 (1774336.1 per sec) @ chrM:0-16569
ForkPoolWorker-44,  processing 58 (51583.9 per sec) reads @ chr1:155000000-160000000
ForkPoolWorker-44 countReadsInRegions_worker: processing 5000000 (7100399.6 per sec) @ chr1:155000000-160000000
ForkPoolWorker-44,  processing 27 (32117.5 per sec) reads @ chr1:90000000-95000000
ForkPoolWorker-44 countReadsInRegions_worker: processing 5000000 (7110621.7 per sec) @ chr1:90000000-95000000
ForkPoolWorker-44,  processing 20 (23912.8 per sec) reads @ chr3:140000000-145000000
ForkPoolWorker-44 countReadsInRegions_worker: processing 5000000 (7114968.8 per sec) @ chr3:140000000-145000000
ForkPoolWorker-44,  processing 8 (11070.4 per sec) reads @ chr5:40000000-45000000
ForkPoolWorker-44 countReadsInRegions_worker: processing 5000000 (7537470.8 per sec) @ chr5:40000000-45000000
ForkPoolWorker-44,  processing 61 (56145.0 per sec) reads @ chr14:65000000-70000000
ForkPoolWorker-44 countReadsInRegions_worker: processing 5000000 (8275766.3 per sec) @ chr14:65000000-70000000
ForkPoolWorker-13,  processing 67 (1061.3 per sec) reads @ chr20:35000000-40000000
ForkPoolWorker-13 countReadsInRegions_worker: processing 5000000 (6271773.9 per sec) @ chr20:35000000-40000000
ForkPoolWorker-13,  processing 5 (5553.9 per sec) reads @ chr5:100000000-105000000
ForkPoolWorker-13 countReadsInRegions_worker: processing 5000000 (6959901.7 per sec) @ chr5:100000000-105000000
ForkPoolWorker-13,  processing 0 (0.0 per sec) reads @ chrUn_KI270756v1:0-79590
ForkPoolWorker-13 countReadsInRegions_worker: processing 79590 (5373262.1 per sec) @ chrUn_KI270756v1:0-79590
ForkPoolWorker-13,  processing 246 (71021.4 per sec) reads @ chr17:75000000-80000000
ForkPoolWorker-13 countReadsInRegions_worker: processing 5000000 (7037845.6 per sec) @ chr17:75000000-80000000
ForkPoolWorker-13,  processing 82 (54845.0 per sec) reads @ chr8:130000000-135000000
ForkPoolWorker-13 countReadsInRegions_worker: processing 5000000 (7066630.8 per sec) @ chr8:130000000-135000000
ForkPoolWorker-13,  processing 22 (25731.9 per sec) reads @ chr2:155000000-160000000
ForkPoolWorker-13 countReadsInRegions_worker: processing 5000000 (7002018.0 per sec) @ chr2:155000000-160000000
ForkPoolWorker-13,  processing 7 (10802.1 per sec) reads @ chr13:60000000-65000000
ForkPoolWorker-13 countReadsInRegions_worker: processing 5000000 (7015434.8 per sec) @ chr13:60000000-65000000
ForkPoolWorker-13,  processing 73 (55538.6 per sec) reads @ chr6:0-5000000
ForkPoolWorker-13 countReadsInRegions_worker: processing 5000000 (7060466.5 per sec) @ chr6:0-5000000
ForkPoolWorker-13,  processing 0 (0.0 per sec) reads @ chrUn_KI270580v1:0-1553
ForkPoolWorker-13 countReadsInRegions_worker: processing 1553 (300894.0 per sec) @ chrUn_KI270580v1:0-1553
ForkPoolWorker-13,  processing 163 (68121.9 per sec) reads @ chr19:0-5000000
ForkPoolWorker-13 countReadsInRegions_worker: processing 5000000 (7007169.7 per sec) @ chr19:0-5000000
ForkPoolWorker-13,  processing 1 (2093.0 per sec) reads @ chr1_KI270711v1_random:0-42210
ForkPoolWorker-13 countReadsInRegions_worker: processing 42210 (4141614.0 per sec) @ chr1_KI270711v1_random:0-42210
ForkPoolWorker-13,  processing 16 (20189.2 per sec) reads @ chr10:0-5000000
ForkPoolWorker-13 countReadsInRegions_worker: processing 5000000 (7031981.3 per sec) @ chr10:0-5000000
ForkPoolWorker-13,  processing 9 (14920.4 per sec) reads @ chr4:170000000-175000000
ForkPoolWorker-13 countReadsInRegions_worker: processing 5000000 (6971256.7 per sec) @ chr4:170000000-175000000
ForkPoolWorker-13,  processing 51 (43161.7 per sec) reads @ chr1:20000000-25000000
ForkPoolWorker-13 countReadsInRegions_worker: processing 5000000 (7052628.6 per sec) @ chr1:20000000-25000000
ForkPoolWorker-13,  processing 21 (31356.5 per sec) reads @ chr20:50000000-55000000
ForkPoolWorker-13 countReadsInRegions_worker: processing 5000000 (8089022.9 per sec) @ chr20:50000000-55000000
ForkPoolWorker-13,  processing 12 (18773.5 per sec) reads @ chr5:120000000-125000000
ForkPoolWorker-13 countReadsInRegions_worker: processing 5000000 (8253663.9 per sec) @ chr5:120000000-125000000
ForkPoolWorker-42,  processing 10 (174.0 per sec) reads @ chr12:95000000-100000000
ForkPoolWorker-42 countReadsInRegions_worker: processing 5000000 (6391686.6 per sec) @ chr12:95000000-100000000
ForkPoolWorker-42,  processing 0 (0.0 per sec) reads @ chr18:15000000-20000000
ForkPoolWorker-42 countReadsInRegions_worker: processing 5000000 (7033995.5 per sec) @ chr18:15000000-20000000
ForkPoolWorker-42,  processing 3 (4413.5 per sec) reads @ chr1:100000000-105000000
ForkPoolWorker-42 countReadsInRegions_worker: processing 5000000 (7125557.4 per sec) @ chr1:100000000-105000000
ForkPoolWorker-42,  processing 12 (15797.8 per sec) reads @ chr11:40000000-45000000
ForkPoolWorker-42 countReadsInRegions_worker: processing 5000000 (7076409.6 per sec) @ chr11:40000000-45000000
ForkPoolWorker-42,  processing 10 (14256.6 per sec) reads @ chr3:85000000-90000000
ForkPoolWorker-42 countReadsInRegions_worker: processing 5000000 (7118697.8 per sec) @ chr3:85000000-90000000
ForkPoolWorker-42,  processing 35 (36499.4 per sec) reads @ chr3:35000000-40000000
ForkPoolWorker-42 countReadsInRegions_worker: processing 5000000 (7130240.4 per sec) @ chr3:35000000-40000000
ForkPoolWorker-42,  processing 2 (3682.4 per sec) reads @ chr7:110000000-115000000
ForkPoolWorker-42 countReadsInRegions_worker: processing 5000000 (7133361.7 per sec) @ chr7:110000000-115000000
ForkPoolWorker-42,  processing 8 (13768.7 per sec) reads @ chr5:155000000-160000000
ForkPoolWorker-42 countReadsInRegions_worker: processing 5000000 (7133922.3 per sec) @ chr5:155000000-160000000
ForkPoolWorker-42,  processing 0 (0.0 per sec) reads @ chrUn_KI270423v1:0-981
ForkPoolWorker-42 countReadsInRegions_worker: processing 981 (191930.8 per sec) @ chrUn_KI270423v1:0-981
ForkPoolWorker-42,  processing 9 (14347.7 per sec) reads @ chr6:135000000-140000000
ForkPoolWorker-42 countReadsInRegions_worker: processing 5000000 (7108891.0 per sec) @ chr6:135000000-140000000
ForkPoolWorker-42,  processing 0 (0.0 per sec) reads @ chrUn_KI270390v1:0-2387
ForkPoolWorker-42 countReadsInRegions_worker: processing 2387 (450495.1 per sec) @ chrUn_KI270390v1:0-2387
ForkPoolWorker-42,  processing 38 (41987.2 per sec) reads @ chr9:30000000-35000000
ForkPoolWorker-42 countReadsInRegions_worker: processing 5000000 (7146086.5 per sec) @ chr9:30000000-35000000
ForkPoolWorker-42,  processing 65 (54417.1 per sec) reads @ chrX:95000000-100000000
ForkPoolWorker-42 countReadsInRegions_worker: processing 5000000 (7114474.0 per sec) @ chrX:95000000-100000000
ForkPoolWorker-42,  processing 11 (15529.2 per sec) reads @ chr3:160000000-165000000
ForkPoolWorker-42 countReadsInRegions_worker: processing 5000000 (7850015.3 per sec) @ chr3:160000000-165000000
ForkPoolWorker-42,  processing 0 (0.0 per sec) reads @ chrUn_KI270743v1:0-210658
ForkPoolWorker-42 countReadsInRegions_worker: processing 210658 (7092795.3 per sec) @ chrUn_KI270743v1:0-210658
ForkPoolWorker-42,  processing 50 (47222.5 per sec) reads @ chr1:25000000-30000000
ForkPoolWorker-42 countReadsInRegions_worker: processing 5000000 (8353130.6 per sec) @ chr1:25000000-30000000
ForkPoolWorker-15,  processing 0 (0.0 per sec) reads @ chrUn_KI270753v1:0-62944
ForkPoolWorker-15 countReadsInRegions_worker: processing 62944 (1197573.5 per sec) @ chrUn_KI270753v1:0-62944
ForkPoolWorker-15,  processing 11 (10241.4 per sec) reads @ chr4:100000000-105000000
ForkPoolWorker-15 countReadsInRegions_worker: processing 5000000 (6943731.4 per sec) @ chr4:100000000-105000000
ForkPoolWorker-15,  processing 23 (21480.5 per sec) reads @ chr6:115000000-120000000
ForkPoolWorker-15 countReadsInRegions_worker: processing 5000000 (6973029.9 per sec) @ chr6:115000000-120000000
ForkPoolWorker-15,  processing 26 (24989.0 per sec) reads @ chr13:45000000-50000000
ForkPoolWorker-15 countReadsInRegions_worker: processing 5000000 (6991543.7 per sec) @ chr13:45000000-50000000
ForkPoolWorker-15,  processing 5 (8153.8 per sec) reads @ chr7:50000000-55000000
ForkPoolWorker-15 countReadsInRegions_worker: processing 5000000 (6992634.8 per sec) @ chr7:50000000-55000000
ForkPoolWorker-15,  processing 16 (18824.4 per sec) reads @ chr3:70000000-75000000
ForkPoolWorker-15 countReadsInRegions_worker: processing 5000000 (6994722.2 per sec) @ chr3:70000000-75000000
ForkPoolWorker-15,  processing 0 (0.0 per sec) reads @ chrUn_KI270372v1:0-1650
ForkPoolWorker-15 countReadsInRegions_worker: processing 1650 (334765.2 per sec) @ chrUn_KI270372v1:0-1650
ForkPoolWorker-15,  processing 0 (0.0 per sec) reads @ chrUn_KI270465v1:0-1774
ForkPoolWorker-15 countReadsInRegions_worker: processing 1774 (379008.5 per sec) @ chrUn_KI270465v1:0-1774
ForkPoolWorker-15,  processing 10 (17780.0 per sec) reads @ chr5:15000000-20000000
ForkPoolWorker-15 countReadsInRegions_worker: processing 5000000 (7043752.7 per sec) @ chr5:15000000-20000000
ForkPoolWorker-15,  processing 11 (15132.0 per sec) reads @ chr15:55000000-60000000
ForkPoolWorker-15 countReadsInRegions_worker: processing 5000000 (7075495.2 per sec) @ chr15:55000000-60000000
ForkPoolWorker-15,  processing 1 (2659.7 per sec) reads @ chrEBV:0-171823
ForkPoolWorker-15 countReadsInRegions_worker: processing 171823 (6054895.6 per sec) @ chrEBV:0-171823
ForkPoolWorker-15,  processing 19 (23166.2 per sec) reads @ chr18:75000000-80000000
ForkPoolWorker-15 countReadsInRegions_worker: processing 5000000 (7026317.5 per sec) @ chr18:75000000-80000000
ForkPoolWorker-15,  processing 0 (0.0 per sec) reads @ chrUn_KI270429v1:0-1361
ForkPoolWorker-15 countReadsInRegions_worker: processing 1361 (258593.3 per sec) @ chrUn_KI270429v1:0-1361
ForkPoolWorker-15,  processing 10 (15420.2 per sec) reads @ chr2:55000000-60000000
ForkPoolWorker-15 countReadsInRegions_worker: processing 5000000 (7067604.8 per sec) @ chr2:55000000-60000000
ForkPoolWorker-15,  processing 17 (22578.6 per sec) reads @ chr2:80000000-85000000
ForkPoolWorker-15 countReadsInRegions_worker: processing 5000000 (7065654.6 per sec) @ chr2:80000000-85000000
ForkPoolWorker-15,  processing 0 (0.0 per sec) reads @ chr1_KI270714v1_random:0-41717
ForkPoolWorker-15 countReadsInRegions_worker: processing 41717 (4438255.4 per sec) @ chr1_KI270714v1_random:0-41717
ForkPoolWorker-15,  processing 7 (11231.9 per sec) reads @ chr8:30000000-35000000
ForkPoolWorker-15 countReadsInRegions_worker: processing 5000000 (7087360.2 per sec) @ chr8:30000000-35000000
ForkPoolWorker-15,  processing 6 (10485.8 per sec) reads @ chr2:60000000-65000000
ForkPoolWorker-15 countReadsInRegions_worker: processing 5000000 (8024424.3 per sec) @ chr2:60000000-65000000
ForkPoolWorker-22,  processing 16 (260.9 per sec) reads @ chr6:145000000-150000000
ForkPoolWorker-22 countReadsInRegions_worker: processing 5000000 (6311694.4 per sec) @ chr6:145000000-150000000
ForkPoolWorker-22,  processing 1 (1563.9 per sec) reads @ chr6:55000000-60000000
ForkPoolWorker-22 countReadsInRegions_worker: processing 5000000 (6977937.1 per sec) @ chr6:55000000-60000000
ForkPoolWorker-22,  processing 52 (38243.7 per sec) reads @ chr1:110000000-115000000
ForkPoolWorker-22 countReadsInRegions_worker: processing 5000000 (6982560.5 per sec) @ chr1:110000000-115000000
ForkPoolWorker-22,  processing 39 (33923.2 per sec) reads @ chr21:40000000-45000000
ForkPoolWorker-22 countReadsInRegions_worker: processing 5000000 (7001816.9 per sec) @ chr21:40000000-45000000
ForkPoolWorker-22,  processing 41 (40586.8 per sec) reads @ chr15:75000000-80000000
ForkPoolWorker-22 countReadsInRegions_worker: processing 5000000 (6975920.0 per sec) @ chr15:75000000-80000000
ForkPoolWorker-22,  processing 11 (15768.1 per sec) reads @ chr12:40000000-45000000
ForkPoolWorker-22 countReadsInRegions_worker: processing 5000000 (7021708.8 per sec) @ chr12:40000000-45000000
ForkPoolWorker-22,  processing 27 (36088.7 per sec) reads @ chrX:75000000-80000000
ForkPoolWorker-22 countReadsInRegions_worker: processing 5000000 (7062404.3 per sec) @ chrX:75000000-80000000
ForkPoolWorker-22,  processing 37 (33532.7 per sec) reads @ chr9:95000000-100000000
ForkPoolWorker-22 countReadsInRegions_worker: processing 5000000 (7055737.0 per sec) @ chr9:95000000-100000000
ForkPoolWorker-22,  processing 0 (0.0 per sec) reads @ chrUn_KI270419v1:0-1029
ForkPoolWorker-22 countReadsInRegions_worker: processing 1029 (126160.2 per sec) @ chrUn_KI270419v1:0-1029
ForkPoolWorker-22,  processing 13 (19849.3 per sec) reads @ chr10:25000000-30000000
ForkPoolWorker-22 countReadsInRegions_worker: processing 5000000 (7034038.0 per sec) @ chr10:25000000-30000000
ForkPoolWorker-22,  processing 0 (0.0 per sec) reads @ chrY_KI270740v1_random:0-37240
ForkPoolWorker-22 countReadsInRegions_worker: processing 37240 (3770661.5 per sec) @ chrY_KI270740v1_random:0-37240
ForkPoolWorker-22,  processing 0 (0.0 per sec) reads @ chrUn_KI270316v1:0-1444
ForkPoolWorker-22 countReadsInRegions_worker: processing 1444 (286891.9 per sec) @ chrUn_KI270316v1:0-1444
ForkPoolWorker-22,  processing 19 (23838.4 per sec) reads @ chr11:45000000-50000000
ForkPoolWorker-22 countReadsInRegions_worker: processing 5000000 (7068371.9 per sec) @ chr11:45000000-50000000
ForkPoolWorker-22,  processing 75 (56915.7 per sec) reads @ chr5:150000000-155000000
ForkPoolWorker-22 countReadsInRegions_worker: processing 5000000 (7101106.4 per sec) @ chr5:150000000-155000000
ForkPoolWorker-22,  processing 12 (18163.7 per sec) reads @ chr3:175000000-180000000
ForkPoolWorker-22 countReadsInRegions_worker: processing 5000000 (8098428.4 per sec) @ chr3:175000000-180000000
ForkPoolWorker-22,  processing 2 (4790.8 per sec) reads @ chr12:35000000-40000000
ForkPoolWorker-22 countReadsInRegions_worker: processing 5000000 (8292917.7 per sec) @ chr12:35000000-40000000
ForkPoolWorker-9,  processing 0 (0.0 per sec) reads @ chr1_KI270708v1_random:0-127682
ForkPoolWorker-9 countReadsInRegions_worker: processing 127682 (2096996.0 per sec) @ chr1_KI270708v1_random:0-127682
ForkPoolWorker-9,  processing 7 (7497.5 per sec) reads @ chr8:115000000-120000000
ForkPoolWorker-9 countReadsInRegions_worker: processing 5000000 (7148052.1 per sec) @ chr8:115000000-120000000
ForkPoolWorker-9,  processing 7 (7461.3 per sec) reads @ chr12:20000000-25000000
ForkPoolWorker-9 countReadsInRegions_worker: processing 5000000 (7142226.6 per sec) @ chr12:20000000-25000000
ForkPoolWorker-9,  processing 0 (0.0 per sec) reads @ chrY:40000000-45000000
ForkPoolWorker-9 countReadsInRegions_worker: processing 5000000 (7118272.5 per sec) @ chrY:40000000-45000000
ForkPoolWorker-9,  processing 18 (24213.4 per sec) reads @ chr1:235000000-240000000
ForkPoolWorker-9 countReadsInRegions_worker: processing 5000000 (7155322.4 per sec) @ chr1:235000000-240000000
ForkPoolWorker-9,  processing 0 (0.0 per sec) reads @ chrUn_KI270424v1:0-2140
ForkPoolWorker-9 countReadsInRegions_worker: processing 2140 (409948.0 per sec) @ chrUn_KI270424v1:0-2140
ForkPoolWorker-9,  processing 0 (0.0 per sec) reads @ chr13:0-5000000
ForkPoolWorker-9 countReadsInRegions_worker: processing 5000000 (7146775.7 per sec) @ chr13:0-5000000
ForkPoolWorker-9,  processing 41 (39632.7 per sec) reads @ chr12:130000000-133275309
ForkPoolWorker-9 countReadsInRegions_worker: processing 3275309 (7042824.4 per sec) @ chr12:130000000-133275309
ForkPoolWorker-9,  processing 11 (16337.6 per sec) reads @ chr6:80000000-85000000
ForkPoolWorker-9 countReadsInRegions_worker: processing 5000000 (7097513.5 per sec) @ chr6:80000000-85000000
ForkPoolWorker-9,  processing 7 (11819.7 per sec) reads @ chr13:30000000-35000000
ForkPoolWorker-9 countReadsInRegions_worker: processing 5000000 (7109876.8 per sec) @ chr13:30000000-35000000
ForkPoolWorker-9,  processing 0 (0.0 per sec) reads @ chr1:130000000-135000000
ForkPoolWorker-9 countReadsInRegions_worker: processing 5000000 (7104686.1 per sec) @ chr1:130000000-135000000
ForkPoolWorker-9,  processing 54 (44867.8 per sec) reads @ chr1:5000000-10000000
ForkPoolWorker-9 countReadsInRegions_worker: processing 5000000 (7105461.2 per sec) @ chr1:5000000-10000000
ForkPoolWorker-9,  processing 2 (3726.6 per sec) reads @ chr9:15000000-20000000
ForkPoolWorker-9 countReadsInRegions_worker: processing 5000000 (7110976.1 per sec) @ chr9:15000000-20000000
ForkPoolWorker-9,  processing 8 (13066.4 per sec) reads @ chr14:30000000-35000000
ForkPoolWorker-9 countReadsInRegions_worker: processing 5000000 (7613800.3 per sec) @ chr14:30000000-35000000
ForkPoolWorker-9,  processing 5 (10053.5 per sec) reads @ chr12:60000000-65000000
ForkPoolWorker-9 countReadsInRegions_worker: processing 5000000 (8341840.3 per sec) @ chr12:60000000-65000000
ForkPoolWorker-9,  processing 13 (21543.2 per sec) reads @ chrX:110000000-115000000
ForkPoolWorker-9 countReadsInRegions_worker: processing 5000000 (8335706.3 per sec) @ chrX:110000000-115000000
ForkPoolWorker-34,  processing 25 (410.0 per sec) reads @ chr7:30000000-35000000
ForkPoolWorker-34 countReadsInRegions_worker: processing 5000000 (6322693.3 per sec) @ chr7:30000000-35000000
ForkPoolWorker-34,  processing 30 (31433.7 per sec) reads @ chr19:40000000-45000000
ForkPoolWorker-34 countReadsInRegions_worker: processing 5000000 (7078480.4 per sec) @ chr19:40000000-45000000
ForkPoolWorker-34,  processing 0 (0.0 per sec) reads @ chrUn_KI270388v1:0-1216
ForkPoolWorker-34 countReadsInRegions_worker: processing 1216 (226286.6 per sec) @ chrUn_KI270388v1:0-1216
ForkPoolWorker-34,  processing 18 (19857.3 per sec) reads @ chr20:5000000-10000000
ForkPoolWorker-34 countReadsInRegions_worker: processing 5000000 (7100779.4 per sec) @ chr20:5000000-10000000
ForkPoolWorker-34,  processing 33 (36110.6 per sec) reads @ chr3:5000000-10000000
ForkPoolWorker-34 countReadsInRegions_worker: processing 5000000 (7074215.9 per sec) @ chr3:5000000-10000000
ForkPoolWorker-34,  processing 7 (10806.1 per sec) reads @ chr3:20000000-25000000
ForkPoolWorker-34 countReadsInRegions_worker: processing 5000000 (7077054.3 per sec) @ chr3:20000000-25000000
ForkPoolWorker-34,  processing 31 (31128.4 per sec) reads @ chr1:70000000-75000000
ForkPoolWorker-34 countReadsInRegions_worker: processing 5000000 (7060694.7 per sec) @ chr1:70000000-75000000
ForkPoolWorker-34,  processing 0 (0.0 per sec) reads @ chr22_KI270732v1_random:0-41543
ForkPoolWorker-34 countReadsInRegions_worker: processing 41543 (4159262.2 per sec) @ chr22_KI270732v1_random:0-41543
ForkPoolWorker-34,  processing 4 (7076.0 per sec) reads @ chr1:195000000-200000000
ForkPoolWorker-34 countReadsInRegions_worker: processing 5000000 (7101794.1 per sec) @ chr1:195000000-200000000
ForkPoolWorker-34,  processing 8 (13606.8 per sec) reads @ chr1:180000000-185000000
ForkPoolWorker-34 countReadsInRegions_worker: processing 5000000 (7107855.0 per sec) @ chr1:180000000-185000000
ForkPoolWorker-34,  processing 116 (67238.7 per sec) reads @ chr17:5000000-10000000
ForkPoolWorker-34 countReadsInRegions_worker: processing 5000000 (7092873.4 per sec) @ chr17:5000000-10000000
ForkPoolWorker-34,  processing 15 (21312.5 per sec) reads @ chr2:10000000-15000000
ForkPoolWorker-34 countReadsInRegions_worker: processing 5000000 (7128214.3 per sec) @ chr2:10000000-15000000
ForkPoolWorker-34,  processing 11 (17390.6 per sec) reads @ chr4:130000000-135000000
ForkPoolWorker-34 countReadsInRegions_worker: processing 5000000 (7103374.6 per sec) @ chr4:130000000-135000000
ForkPoolWorker-34,  processing 4 (7936.2 per sec) reads @ chr4:160000000-165000000
ForkPoolWorker-34 countReadsInRegions_worker: processing 5000000 (7882006.2 per sec) @ chr4:160000000-165000000
ForkPoolWorker-34,  processing 7 (13700.5 per sec) reads @ chr18:40000000-45000000
ForkPoolWorker-34 countReadsInRegions_worker: processing 5000000 (8283487.2 per sec) @ chr18:40000000-45000000
ForkPoolWorker-34,  processing 0 (0.0 per sec) reads @ chr17_GL000205v2_random:0-185591
ForkPoolWorker-34 countReadsInRegions_worker: processing 185591 (7087351.5 per sec) @ chr17_GL000205v2_random:0-185591
