# packages in environment at /work/pa-hilario/anaconda3/envs/deeptools:
#
# Name                    Version                   Build  Channel
_openmp_mutex             4.5                      20_gnu    conda-forge
alabaster                 1.0.0              pyhd8ed1ab_1    conda-forge
babel                     2.18.0             pyhcf101f3_0    conda-forge
backports.zstd            1.3.0           py312h90b7ffd_0    conda-forge
bedops                    2.4.42               hd6d6fdc_1    bioconda
brotli                    1.2.0                hed03a55_1    conda-forge
brotli-bin                1.2.0                hb03c661_1    conda-forge
brotli-python             1.2.0           py312hdb49522_1    conda-forge
bzip2                     1.0.8                hda65f42_8    conda-forge
c-ares                    1.34.6               hb03c661_0    conda-forge
ca-certificates           2026.1.4             hbd8a1cb_0    conda-forge
certifi                   2026.01.04      py312h06a4308_0  
charset-normalizer        3.4.4              pyhd8ed1ab_0    conda-forge
click                     8.3.1                    pypi_0    pypi
colorama                  0.4.6              pyhd8ed1ab_1    conda-forge
contourpy                 1.3.3           py312h0a2e395_4    conda-forge
cycler                    0.12.1             pyhcf101f3_2    conda-forge
cython                    3.2.4           py312h47b2149_0  
deeptools                 3.5.6              pyhdfd78af_0    bioconda
deeptoolsintervals        0.1.9           py312ha9c1134_11    bioconda
docutils                  0.22.4             pyhd8ed1ab_0    conda-forge
fonttools                 4.61.1          py312h8a5da7c_0    conda-forge
freetype                  2.14.1               ha770c72_0    conda-forge
gencode-utr-fix           1.0.0                    pypi_0    pypi
h2                        4.3.0              pyhcf101f3_0    conda-forge
hpack                     4.1.0              pyhd8ed1ab_0    conda-forge
htslib                    1.22.1               h566b1c6_0    bioconda
hyperframe                6.1.0              pyhd8ed1ab_0    conda-forge
icu                       78.2                 h33c6efd_0    conda-forge
idna                      3.11               pyhd8ed1ab_0    conda-forge
imagesize                 1.4.1              pyhd8ed1ab_0    conda-forge
importlib-metadata        8.7.0              pyhe01879c_1    conda-forge
jansson                   2.15.0               h280c20c_0    conda-forge
jinja2                    3.1.6              pyhcf101f3_1    conda-forge
keyutils                  1.6.3                hb9d3cd8_0    conda-forge
kiwisolver                1.4.9           py312h0a2e395_2    conda-forge
krb5                      1.22.2               ha1258a1_0    conda-forge
lcms2                     2.18                 h0c24ade_0    conda-forge
ld_impl_linux-64          2.45.1          default_hbd61a6d_101    conda-forge
lerc                      4.0.0                h0aef613_1    conda-forge
libblas                   3.11.0          5_h4a7cf45_openblas    conda-forge
libbrotlicommon           1.2.0                hb03c661_1    conda-forge
libbrotlidec              1.2.0                hb03c661_1    conda-forge
libbrotlienc              1.2.0                hb03c661_1    conda-forge
libcblas                  3.11.0          5_h0358290_openblas    conda-forge
libcurl                   8.18.0               hcf29cc6_1    conda-forge
libdeflate                1.25                 h17f619e_0    conda-forge
libedit                   3.1.20250104    pl5321h7949ede_0    conda-forge
libev                     4.33                 hd590300_2    conda-forge
libexpat                  2.7.3                hecca717_0    conda-forge
libffi                    3.5.2                h3435931_0    conda-forge
libfreetype               2.14.1               ha770c72_0    conda-forge
libfreetype6              2.14.1               h73754d4_0    conda-forge
libgcc                    15.2.0              he0feb66_17    conda-forge
libgcc-ng                 15.2.0              h69a702a_17    conda-forge
libgfortran               15.2.0              h69a702a_17    conda-forge
libgfortran5              15.2.0              h68bc16d_17    conda-forge
libgomp                   15.2.0              he0feb66_17    conda-forge
libiconv                  1.18                 h3b78370_2    conda-forge
libjpeg-turbo             3.1.2                hb03c661_0    conda-forge
liblapack                 3.11.0          5_h47877c9_openblas    conda-forge
liblzma                   5.8.2                hb03c661_0    conda-forge
libnghttp2                1.67.0               had1ee68_0    conda-forge
libnsl                    2.0.1                hb9d3cd8_1    conda-forge
libopenblas               0.3.30          pthreads_h94d23a6_4    conda-forge
libopenssl-static         3.6.1                hb03c661_1    conda-forge
libpng                    1.6.55               h421ea60_0    conda-forge
libsqlite                 3.51.2               hf4e2dac_0    conda-forge
libssh2                   1.11.1               hcf80075_0    conda-forge
libstdcxx                 15.2.0              h934c35e_17    conda-forge
libstdcxx-ng              15.2.0              hdf11a46_17    conda-forge
libtiff                   4.7.1                h9d88235_1    conda-forge
libuuid                   2.41.3               h5347b49_0    conda-forge
libwebp-base              1.6.0                hd42ef1d_0    conda-forge
libxcb                    1.17.0               h8a09558_0    conda-forge
libxcrypt                 4.4.36               hd590300_1    conda-forge
libzlib                   1.3.1                hb9d3cd8_2    conda-forge
markupsafe                3.0.3           py312h8a5da7c_0    conda-forge
matplotlib-base           3.10.8          py312he3d6523_0    conda-forge
munkres                   1.1.4              pyhd8ed1ab_1    conda-forge
mysql-connector-c         6.1.11            h659d440_1008    conda-forge
narwhals                  2.16.0             pyhcf101f3_0    conda-forge
natsort                   8.4.0                    pypi_0    pypi
ncls                      0.0.70                   pypi_0    pypi
ncurses                   6.5                  h2d0b736_3    conda-forge
numpy                     2.4.2           py312h33ff503_1    conda-forge
numpydoc                  1.10.0             pyhcf101f3_0    conda-forge
openjpeg                  2.5.4                h55fea9a_0    conda-forge
openssl                   3.6.1                h35e630c_1    conda-forge
packaging                 26.0               pyhcf101f3_0    conda-forge
pandas                    3.0.0                    pypi_0    pypi
pillow                    12.1.1          py312h50c33e8_0    conda-forge
pip                       26.0.1             pyh8b19718_0    conda-forge
plotly                    6.5.2              pyhd8ed1ab_0    conda-forge
pthread-stubs             0.4               hb9d3cd8_1002    conda-forge
py2bit                    0.3.3           py312h0fa9677_1    bioconda
pybigwig                  0.3.25          py312h83fe50f_0    bioconda
pygments                  2.19.2             pyhd8ed1ab_0    conda-forge
pyparsing                 3.3.2              pyhcf101f3_0    conda-forge
pyranges                  0.1.4                    pypi_0    pypi
pysam                     0.23.3          py312h8f9e533_2    bioconda
pysocks                   1.7.1              pyha55dd90_7    conda-forge
python                    3.12.12         hd63d673_2_cpython    conda-forge
python-dateutil           2.9.0.post0        pyhe01879c_2    conda-forge
python_abi                3.12                    8_cp312    conda-forge
pytz                      2025.2             pyhd8ed1ab_0    conda-forge
qhull                     2020.2               h434a139_5    conda-forge
readline                  8.3                  h853b02a_0    conda-forge
requests                  2.32.5             pyhcf101f3_1    conda-forge
roman-numerals            4.1.0              pyhd8ed1ab_0    conda-forge
samtools                  1.22.1               h96c455f_0    bioconda
scipy                     1.17.0          py312h54fa4ab_1    conda-forge
setuptools                82.0.0             pyh332efcf_0    conda-forge
six                       1.17.0             pyhe01879c_1    conda-forge
snowballstemmer           3.0.1              pyhd8ed1ab_0    conda-forge
sorted-nearest            0.0.41                   pypi_0    pypi
sphinx                    9.1.0              pyhd8ed1ab_0    conda-forge
sphinxcontrib-applehelp   2.0.0              pyhd8ed1ab_1    conda-forge
sphinxcontrib-devhelp     2.0.0              pyhd8ed1ab_1    conda-forge
sphinxcontrib-htmlhelp    2.1.0              pyhd8ed1ab_1    conda-forge
sphinxcontrib-jsmath      1.0.1              pyhd8ed1ab_1    conda-forge
sphinxcontrib-qthelp      2.0.0              pyhd8ed1ab_1    conda-forge
sphinxcontrib-serializinghtml 1.1.10             pyhd8ed1ab_1    conda-forge
tabulate                  0.9.0                    pypi_0    pypi
tk                        8.6.13          noxft_h366c992_103    conda-forge
tomli                     2.4.0              pyhcf101f3_0    conda-forge
tqdm                      4.67.3                   pypi_0    pypi
tzdata                    2025c                hc9c84f9_1    conda-forge
ucsc-bigwiginfo           482                  h0b57e2e_0    bioconda
unicodedata2              17.0.1          py312h4c3975b_0    conda-forge
urllib3                   2.6.3              pyhd8ed1ab_0    conda-forge
wheel                     0.46.3             pyhd8ed1ab_0    conda-forge
xorg-libxau               1.0.12               hb03c661_1    conda-forge
xorg-libxdmcp             1.1.5                hb03c661_1    conda-forge
zipp                      3.23.0             pyhcf101f3_1    conda-forge
zlib                      1.3.1                hb9d3cd8_2    conda-forge
zlib-ng                   2.3.3                hceb46e0_1    conda-forge
zstd                      1.5.7                hb78ec9c_6    conda-forge
Specified --scaleFactor: 1.0
normalization: CPM
bamFilesList: ['output/SNRNP70-Con-rep1_L1_R1.genome.Aligned.sort.dedup.bam']
binLength: 1
numberOfSamples: None
blackListFileName: None
skipZeroOverZero: False
bed_and_bin: False
genomeChunkSize: None
defaultFragmentLength: read length
numberOfProcessors: 48
verbose: True
region: None
bedFile: None
minMappingQuality: None
ignoreDuplicates: False
chrsToSkip: []
stepSize: 1
center_read: False
samFlag_include: None
samFlag_exclude: None
minFragmentLength: 0
maxFragmentLength: 0
zerosToNans: False
smoothLength: None
save_data: False
out_file_for_raw_data: None
maxPairedFragmentLength: 1000
filter_strand: None
Offset: [1]
Final scaling factor: 8.703901959248332
ForkPoolWorker-17,  processing 0 (0.0 per sec) reads @ chr13:5000000-10000000
ForkPoolWorker-17 countReadsInRegions_worker: processing 5000000 (11101005.5 per sec) @ chr13:5000000-10000000
ForkPoolWorker-17,  processing 14 (12102.3 per sec) reads @ chr9:60000000-65000000
ForkPoolWorker-17 countReadsInRegions_worker: processing 5000000 (11381766.8 per sec) @ chr9:60000000-65000000
ForkPoolWorker-17,  processing 0 (0.0 per sec) reads @ chrUn_KI270442v1:0-392061
ForkPoolWorker-17 countReadsInRegions_worker: processing 392061 (10178152.4 per sec) @ chrUn_KI270442v1:0-392061
ForkPoolWorker-17,  processing 745 (55440.8 per sec) reads @ chr7:0-5000000
ForkPoolWorker-17 countReadsInRegions_worker: processing 5000000 (11527937.4 per sec) @ chr7:0-5000000
ForkPoolWorker-17,  processing 16 (17716.2 per sec) reads @ chr2:140000000-145000000
ForkPoolWorker-17 countReadsInRegions_worker: processing 5000000 (11995721.4 per sec) @ chr2:140000000-145000000
ForkPoolWorker-17,  processing 170 (48908.1 per sec) reads @ chr7:145000000-150000000
ForkPoolWorker-17 countReadsInRegions_worker: processing 5000000 (11802951.7 per sec) @ chr7:145000000-150000000
ForkPoolWorker-17,  processing 1218 (59935.5 per sec) reads @ chr1:25000000-30000000
ForkPoolWorker-17 countReadsInRegions_worker: processing 5000000 (11427793.0 per sec) @ chr1:25000000-30000000
ForkPoolWorker-17,  processing 137 (48837.3 per sec) reads @ chr11:45000000-50000000
ForkPoolWorker-17 countReadsInRegions_worker: processing 5000000 (11834830.0 per sec) @ chr11:45000000-50000000
ForkPoolWorker-17,  processing 16 (21183.4 per sec) reads @ chr8:30000000-35000000
ForkPoolWorker-17 countReadsInRegions_worker: processing 5000000 (11824087.0 per sec) @ chr8:30000000-35000000
ForkPoolWorker-17,  processing 882 (58169.0 per sec) reads @ chr19:10000000-15000000
ForkPoolWorker-17 countReadsInRegions_worker: processing 5000000 (11447336.2 per sec) @ chr19:10000000-15000000
ForkPoolWorker-17,  processing 0 (0.0 per sec) reads @ chr5:45000000-50000000
ForkPoolWorker-17 countReadsInRegions_worker: processing 5000000 (10987193.5 per sec) @ chr5:45000000-50000000
ForkPoolWorker-17,  processing 198 (50843.2 per sec) reads @ chr20:30000000-35000000
ForkPoolWorker-17 countReadsInRegions_worker: processing 5000000 (11665685.8 per sec) @ chr20:30000000-35000000
ForkPoolWorker-17,  processing 0 (0.0 per sec) reads @ chr1_KI270706v1_random:0-175055
ForkPoolWorker-17 countReadsInRegions_worker: processing 175055 (8654234.2 per sec) @ chr1_KI270706v1_random:0-175055
ForkPoolWorker-17,  processing 0 (0.0 per sec) reads @ chrUn_KI270396v1:0-1880
ForkPoolWorker-17 countReadsInRegions_worker: processing 1880 (331621.3 per sec) @ chrUn_KI270396v1:0-1880
ForkPoolWorker-17,  processing 0 (0.0 per sec) reads @ chrUn_KI270529v1:0-1899
ForkPoolWorker-17 countReadsInRegions_worker: processing 1899 (345867.5 per sec) @ chrUn_KI270529v1:0-1899
ForkPoolWorker-7,  processing 0 (0.0 per sec) reads @ chrUn_KI270516v1:0-1300
ForkPoolWorker-7 countReadsInRegions_worker: processing 1300 (57729.4 per sec) @ chrUn_KI270516v1:0-1300
ForkPoolWorker-7,  processing 6 (1708.7 per sec) reads @ chr4:130000000-135000000
ForkPoolWorker-7 countReadsInRegions_worker: processing 5000000 (10141594.8 per sec) @ chr4:130000000-135000000
ForkPoolWorker-7,  processing 98 (40156.5 per sec) reads @ chr10:115000000-120000000
ForkPoolWorker-7 countReadsInRegions_worker: processing 5000000 (11256032.8 per sec) @ chr10:115000000-120000000
ForkPoolWorker-7,  processing 0 (0.0 per sec) reads @ chr1:130000000-135000000
ForkPoolWorker-7 countReadsInRegions_worker: processing 5000000 (11233230.4 per sec) @ chr1:130000000-135000000
ForkPoolWorker-7,  processing 20 (22227.4 per sec) reads @ chr9:0-5000000
ForkPoolWorker-7 countReadsInRegions_worker: processing 5000000 (11482774.9 per sec) @ chr9:0-5000000
ForkPoolWorker-7,  processing 44 (34495.2 per sec) reads @ chr5:110000000-115000000
ForkPoolWorker-7 countReadsInRegions_worker: processing 5000000 (11463267.2 per sec) @ chr5:110000000-115000000
ForkPoolWorker-7,  processing 273 (52515.4 per sec) reads @ chr17:45000000-50000000
ForkPoolWorker-7 countReadsInRegions_worker: processing 5000000 (11483334.5 per sec) @ chr17:45000000-50000000
ForkPoolWorker-7,  processing 919 (58801.6 per sec) reads @ chr22:50000000-50818468
ForkPoolWorker-7 countReadsInRegions_worker: processing 818468 (9282608.6 per sec) @ chr22:50000000-50818468
ForkPoolWorker-7,  processing 813 (54582.2 per sec) reads @ chr11:65000000-70000000
ForkPoolWorker-7 countReadsInRegions_worker: processing 5000000 (11592553.2 per sec) @ chr11:65000000-70000000
ForkPoolWorker-7,  processing 49 (32401.2 per sec) reads @ chr14:55000000-60000000
ForkPoolWorker-7 countReadsInRegions_worker: processing 5000000 (11810070.4 per sec) @ chr14:55000000-60000000
ForkPoolWorker-7,  processing 0 (0.0 per sec) reads @ chrUn_GL000224v1:0-179693
ForkPoolWorker-7 countReadsInRegions_worker: processing 179693 (7823930.7 per sec) @ chrUn_GL000224v1:0-179693
ForkPoolWorker-7,  processing 727 (54527.0 per sec) reads @ chr12:120000000-125000000
ForkPoolWorker-7 countReadsInRegions_worker: processing 5000000 (11704659.9 per sec) @ chr12:120000000-125000000
ForkPoolWorker-7,  processing 283 (53118.6 per sec) reads @ chr6:25000000-30000000
ForkPoolWorker-7 countReadsInRegions_worker: processing 5000000 (11926098.8 per sec) @ chr6:25000000-30000000
ForkPoolWorker-7,  processing 461 (53655.2 per sec) reads @ chr19:40000000-45000000
ForkPoolWorker-7 countReadsInRegions_worker: processing 5000000 (11719016.6 per sec) @ chr19:40000000-45000000
ForkPoolWorker-7,  processing 0 (0.0 per sec) reads @ chrUn_KI270748v1:0-93321
ForkPoolWorker-7 countReadsInRegions_worker: processing 93321 (7072687.0 per sec) @ chrUn_KI270748v1:0-93321
ForkPoolWorker-4,  processing 33 (5156.2 per sec) reads @ chr9:15000000-20000000
ForkPoolWorker-4 countReadsInRegions_worker: processing 5000000 (9824957.9 per sec) @ chr9:15000000-20000000
ForkPoolWorker-4,  processing 67 (25791.0 per sec) reads @ chr2:175000000-180000000
ForkPoolWorker-4 countReadsInRegions_worker: processing 5000000 (11216186.1 per sec) @ chr2:175000000-180000000
ForkPoolWorker-4,  processing 63 (37732.6 per sec) reads @ chr10:5000000-10000000
ForkPoolWorker-4 countReadsInRegions_worker: processing 5000000 (11162426.3 per sec) @ chr10:5000000-10000000
ForkPoolWorker-4,  processing 634 (55827.8 per sec) reads @ chr19:5000000-10000000
ForkPoolWorker-4 countReadsInRegions_worker: processing 5000000 (11139640.2 per sec) @ chr19:5000000-10000000
ForkPoolWorker-4,  processing 0 (0.0 per sec) reads @ chrUn_KI270747v1:0-198735
ForkPoolWorker-4 countReadsInRegions_worker: processing 198735 (8885377.2 per sec) @ chrUn_KI270747v1:0-198735
ForkPoolWorker-4,  processing 48 (34867.8 per sec) reads @ chr1:85000000-90000000
ForkPoolWorker-4 countReadsInRegions_worker: processing 5000000 (11860579.0 per sec) @ chr1:85000000-90000000
ForkPoolWorker-4,  processing 7 (12284.6 per sec) reads @ chrX:155000000-156040895
ForkPoolWorker-4 countReadsInRegions_worker: processing 1040895 (11295078.1 per sec) @ chrX:155000000-156040895
ForkPoolWorker-4,  processing 32 (28387.8 per sec) reads @ chr7:120000000-125000000
ForkPoolWorker-4 countReadsInRegions_worker: processing 5000000 (12216530.9 per sec) @ chr7:120000000-125000000
ForkPoolWorker-4,  processing 0 (0.0 per sec) reads @ chrUn_KI270393v1:0-1308
ForkPoolWorker-4 countReadsInRegions_worker: processing 1308 (225192.9 per sec) @ chrUn_KI270393v1:0-1308
ForkPoolWorker-4,  processing 16 (20453.8 per sec) reads @ chr6:100000000-105000000
ForkPoolWorker-4 countReadsInRegions_worker: processing 5000000 (12206647.0 per sec) @ chr6:100000000-105000000
ForkPoolWorker-4,  processing 212 (50568.3 per sec) reads @ chr14:45000000-50000000
ForkPoolWorker-4 countReadsInRegions_worker: processing 5000000 (11993807.4 per sec) @ chr14:45000000-50000000
ForkPoolWorker-4,  processing 3458 (59663.8 per sec) reads @ chr16:0-5000000
ForkPoolWorker-4 countReadsInRegions_worker: processing 5000000 (10614863.3 per sec) @ chr16:0-5000000
ForkPoolWorker-4,  processing 0 (0.0 per sec) reads @ chr13:0-5000000
ForkPoolWorker-4 countReadsInRegions_worker: processing 5000000 (12030893.7 per sec) @ chr13:0-5000000
ForkPoolWorker-4,  processing 47 (32274.4 per sec) reads @ chr15:55000000-60000000
ForkPoolWorker-4 countReadsInRegions_worker: processing 5000000 (11866243.1 per sec) @ chr15:55000000-60000000
ForkPoolWorker-4,  processing 0 (0.0 per sec) reads @ chrUn_GL000216v2:0-176608
ForkPoolWorker-4 countReadsInRegions_worker: processing 176608 (9428468.7 per sec) @ chrUn_GL000216v2:0-176608
ForkPoolWorker-21,  processing 14 (7440.5 per sec) reads @ chrX:5000000-10000000
ForkPoolWorker-21 countReadsInRegions_worker: processing 5000000 (10920704.4 per sec) @ chrX:5000000-10000000
ForkPoolWorker-21,  processing 209 (47484.4 per sec) reads @ chr2:230000000-235000000
ForkPoolWorker-21 countReadsInRegions_worker: processing 5000000 (11263874.1 per sec) @ chr2:230000000-235000000
ForkPoolWorker-21,  processing 11 (15550.2 per sec) reads @ chr8:5000000-10000000
ForkPoolWorker-21 countReadsInRegions_worker: processing 5000000 (11347101.5 per sec) @ chr8:5000000-10000000
ForkPoolWorker-21,  processing 437 (55276.4 per sec) reads @ chr19:55000000-58617616
ForkPoolWorker-21 countReadsInRegions_worker: processing 3617616 (11734920.5 per sec) @ chr19:55000000-58617616
ForkPoolWorker-21,  processing 0 (0.0 per sec) reads @ chrUn_KI270548v1:0-1599
ForkPoolWorker-21 countReadsInRegions_worker: processing 1599 (290786.2 per sec) @ chrUn_KI270548v1:0-1599
ForkPoolWorker-21,  processing 25 (28164.8 per sec) reads @ chr13:100000000-105000000
ForkPoolWorker-21 countReadsInRegions_worker: processing 5000000 (12193212.1 per sec) @ chr13:100000000-105000000
ForkPoolWorker-21,  processing 9 (14228.7 per sec) reads @ chr16:60000000-65000000
ForkPoolWorker-21 countReadsInRegions_worker: processing 5000000 (12020088.2 per sec) @ chr16:60000000-65000000
ForkPoolWorker-21,  processing 0 (0.0 per sec) reads @ chr1_KI270709v1_random:0-66860
ForkPoolWorker-21 countReadsInRegions_worker: processing 66860 (6036489.7 per sec) @ chr1_KI270709v1_random:0-66860
ForkPoolWorker-21,  processing 151 (47303.0 per sec) reads @ chr1:110000000-115000000
ForkPoolWorker-21 countReadsInRegions_worker: processing 5000000 (12176002.2 per sec) @ chr1:110000000-115000000
ForkPoolWorker-21,  processing 37 (31742.5 per sec) reads @ chr2:105000000-110000000
ForkPoolWorker-21 countReadsInRegions_worker: processing 5000000 (12152091.2 per sec) @ chr2:105000000-110000000
ForkPoolWorker-21,  processing 276 (51276.9 per sec) reads @ chr20:0-5000000
ForkPoolWorker-21 countReadsInRegions_worker: processing 5000000 (11923827.2 per sec) @ chr20:0-5000000
ForkPoolWorker-21,  processing 49 (35898.8 per sec) reads @ chr16:5000000-10000000
ForkPoolWorker-21 countReadsInRegions_worker: processing 5000000 (12007816.8 per sec) @ chr16:5000000-10000000
ForkPoolWorker-21,  processing 14 (17990.3 per sec) reads @ chr4:25000000-30000000
ForkPoolWorker-21 countReadsInRegions_worker: processing 5000000 (11920865.3 per sec) @ chr4:25000000-30000000
ForkPoolWorker-21,  processing 122 (47057.7 per sec) reads @ chr2:60000000-65000000
ForkPoolWorker-21 countReadsInRegions_worker: processing 5000000 (11900179.7 per sec) @ chr2:60000000-65000000
ForkPoolWorker-21,  processing 0 (0.0 per sec) reads @ chrUn_KI270391v1:0-1484
ForkPoolWorker-21 countReadsInRegions_worker: processing 1484 (271331.6 per sec) @ chrUn_KI270391v1:0-1484
ForkPoolWorker-30,  processing 0 (0.0 per sec) reads @ chr1:125000000-130000000
ForkPoolWorker-30 countReadsInRegions_worker: processing 5000000 (10075457.2 per sec) @ chr1:125000000-130000000
ForkPoolWorker-30,  processing 38 (22133.5 per sec) reads @ chr6:130000000-135000000
ForkPoolWorker-30 countReadsInRegions_worker: processing 5000000 (11219540.4 per sec) @ chr6:130000000-135000000
ForkPoolWorker-30,  processing 36 (28651.8 per sec) reads @ chr3:65000000-70000000
ForkPoolWorker-30 countReadsInRegions_worker: processing 5000000 (11395793.9 per sec) @ chr3:65000000-70000000
ForkPoolWorker-30,  processing 24 (23077.3 per sec) reads @ chr2:180000000-185000000
ForkPoolWorker-30 countReadsInRegions_worker: processing 5000000 (11393849.8 per sec) @ chr2:180000000-185000000
ForkPoolWorker-30,  processing 13 (19038.4 per sec) reads @ chr12:85000000-90000000
ForkPoolWorker-30 countReadsInRegions_worker: processing 5000000 (11467153.4 per sec) @ chr12:85000000-90000000
ForkPoolWorker-30,  processing 0 (0.0 per sec) reads @ chr1_KI270714v1_random:0-41717
ForkPoolWorker-30 countReadsInRegions_worker: processing 41717 (5177658.2 per sec) @ chr1_KI270714v1_random:0-41717
ForkPoolWorker-30,  processing 1626 (56106.7 per sec) reads @ chr1:0-5000000
ForkPoolWorker-30 countReadsInRegions_worker: processing 5000000 (10890121.1 per sec) @ chr1:0-5000000
ForkPoolWorker-30,  processing 801 (57190.2 per sec) reads @ chr15:80000000-85000000
ForkPoolWorker-30 countReadsInRegions_worker: processing 5000000 (11564209.2 per sec) @ chr15:80000000-85000000
ForkPoolWorker-30,  processing 0 (0.0 per sec) reads @ chrUn_KI270395v1:0-1143
ForkPoolWorker-30 countReadsInRegions_worker: processing 1143 (142813.0 per sec) @ chrUn_KI270395v1:0-1143
ForkPoolWorker-30,  processing 38 (30745.3 per sec) reads @ chr8:25000000-30000000
ForkPoolWorker-30 countReadsInRegions_worker: processing 5000000 (11951272.9 per sec) @ chr8:25000000-30000000
ForkPoolWorker-30,  processing 0 (0.0 per sec) reads @ chr22_KI270737v1_random:0-103838
ForkPoolWorker-30 countReadsInRegions_worker: processing 103838 (7513121.5 per sec) @ chr22_KI270737v1_random:0-103838
ForkPoolWorker-30,  processing 19 (24596.2 per sec) reads @ chr18:80000000-80373285
ForkPoolWorker-30 countReadsInRegions_worker: processing 373285 (9968615.6 per sec) @ chr18:80000000-80373285
ForkPoolWorker-30,  processing 17 (16832.7 per sec) reads @ chr10:50000000-55000000
ForkPoolWorker-30 countReadsInRegions_worker: processing 5000000 (11935628.5 per sec) @ chr10:50000000-55000000
ForkPoolWorker-30,  processing 1279 (41343.1 per sec) reads @ chr16:85000000-90000000
ForkPoolWorker-30 countReadsInRegions_worker: processing 5000000 (10698527.0 per sec) @ chr16:85000000-90000000
ForkPoolWorker-30,  processing 14 (16772.4 per sec) reads @ chr13:55000000-60000000
ForkPoolWorker-30 countReadsInRegions_worker: processing 5000000 (12100603.7 per sec) @ chr13:55000000-60000000
ForkPoolWorker-31,  processing 70 (8254.4 per sec) reads @ chr5:130000000-135000000
ForkPoolWorker-31 countReadsInRegions_worker: processing 5000000 (9995762.7 per sec) @ chr5:130000000-135000000
ForkPoolWorker-31,  processing 27 (26422.4 per sec) reads @ chr18:60000000-65000000
ForkPoolWorker-31 countReadsInRegions_worker: processing 5000000 (11125232.8 per sec) @ chr18:60000000-65000000
ForkPoolWorker-31,  processing 0 (0.0 per sec) reads @ chr22_KI270738v1_random:0-99375
ForkPoolWorker-31 countReadsInRegions_worker: processing 99375 (7471837.1 per sec) @ chr22_KI270738v1_random:0-99375
ForkPoolWorker-31,  processing 103 (44336.3 per sec) reads @ chr6:75000000-80000000
ForkPoolWorker-31 countReadsInRegions_worker: processing 5000000 (11774436.8 per sec) @ chr6:75000000-80000000
ForkPoolWorker-31,  processing 23 (25373.2 per sec) reads @ chr2:15000000-20000000
ForkPoolWorker-31 countReadsInRegions_worker: processing 5000000 (11753452.1 per sec) @ chr2:15000000-20000000
ForkPoolWorker-31,  processing 71 (39116.7 per sec) reads @ chr3:140000000-145000000
ForkPoolWorker-31 countReadsInRegions_worker: processing 5000000 (11563246.4 per sec) @ chr3:140000000-145000000
ForkPoolWorker-31,  processing 5 (8616.1 per sec) reads @ chr13:80000000-85000000
ForkPoolWorker-31 countReadsInRegions_worker: processing 5000000 (11505504.4 per sec) @ chr13:80000000-85000000
ForkPoolWorker-31,  processing 185 (52284.0 per sec) reads @ chr8:100000000-105000000
ForkPoolWorker-31 countReadsInRegions_worker: processing 5000000 (11655843.5 per sec) @ chr8:100000000-105000000
ForkPoolWorker-31,  processing 0 (0.0 per sec) reads @ chr22_KI270735v1_random:0-42811
ForkPoolWorker-31 countReadsInRegions_worker: processing 42811 (5330948.8 per sec) @ chr22_KI270735v1_random:0-42811
ForkPoolWorker-31,  processing 83 (43456.2 per sec) reads @ chr18:75000000-80000000
ForkPoolWorker-31 countReadsInRegions_worker: processing 5000000 (11845043.9 per sec) @ chr18:75000000-80000000
ForkPoolWorker-31,  processing 20 (23510.7 per sec) reads @ chr13:35000000-40000000
ForkPoolWorker-31 countReadsInRegions_worker: processing 5000000 (11845472.1 per sec) @ chr13:35000000-40000000
ForkPoolWorker-31,  processing 0 (0.0 per sec) reads @ chrUn_KI270412v1:0-1179
ForkPoolWorker-31 countReadsInRegions_worker: processing 1179 (224981.1 per sec) @ chrUn_KI270412v1:0-1179
ForkPoolWorker-31,  processing 19 (24193.0 per sec) reads @ chr3:145000000-150000000
ForkPoolWorker-31 countReadsInRegions_worker: processing 5000000 (10890273.8 per sec) @ chr3:145000000-150000000
ForkPoolWorker-31,  processing 38 (30376.1 per sec) reads @ chr12:15000000-20000000
ForkPoolWorker-31 countReadsInRegions_worker: processing 5000000 (11912509.3 per sec) @ chr12:15000000-20000000
ForkPoolWorker-31,  processing 296 (52660.1 per sec) reads @ chr6:40000000-45000000
ForkPoolWorker-31 countReadsInRegions_worker: processing 5000000 (11861189.5 per sec) @ chr6:40000000-45000000
ForkPoolWorker-22,  processing 32 (5801.3 per sec) reads @ chr5:105000000-110000000
ForkPoolWorker-22 countReadsInRegions_worker: processing 5000000 (9692622.4 per sec) @ chr5:105000000-110000000
ForkPoolWorker-22,  processing 10 (8660.5 per sec) reads @ chr2:210000000-215000000
ForkPoolWorker-22 countReadsInRegions_worker: processing 5000000 (10947235.2 per sec) @ chr2:210000000-215000000
ForkPoolWorker-22,  processing 66 (37627.3 per sec) reads @ chr11:130000000-135000000
ForkPoolWorker-22 countReadsInRegions_worker: processing 5000000 (11339432.1 per sec) @ chr11:130000000-135000000
ForkPoolWorker-22,  processing 953 (57493.4 per sec) reads @ chr20:60000000-64444167
ForkPoolWorker-22 countReadsInRegions_worker: processing 4444167 (11212864.5 per sec) @ chr20:60000000-64444167
ForkPoolWorker-22,  processing 23 (24805.6 per sec) reads @ chr4:155000000-160000000
ForkPoolWorker-22 countReadsInRegions_worker: processing 5000000 (12105227.6 per sec) @ chr4:155000000-160000000
ForkPoolWorker-22,  processing 298 (54143.5 per sec) reads @ chr21:40000000-45000000
ForkPoolWorker-22 countReadsInRegions_worker: processing 5000000 (11944962.6 per sec) @ chr21:40000000-45000000
ForkPoolWorker-22,  processing 96 (42808.1 per sec) reads @ chr1:220000000-225000000
ForkPoolWorker-22 countReadsInRegions_worker: processing 5000000 (12159912.4 per sec) @ chr1:220000000-225000000
ForkPoolWorker-22,  processing 60 (37735.5 per sec) reads @ chr9:85000000-90000000
ForkPoolWorker-22 countReadsInRegions_worker: processing 5000000 (12225504.3 per sec) @ chr9:85000000-90000000
ForkPoolWorker-22,  processing 48 (32232.9 per sec) reads @ chr3:170000000-175000000
ForkPoolWorker-22 countReadsInRegions_worker: processing 5000000 (12229582.2 per sec) @ chr3:170000000-175000000
ForkPoolWorker-22,  processing 2146 (61983.4 per sec) reads @ chr22_KI270733v1_random:0-179772
ForkPoolWorker-22 countReadsInRegions_worker: processing 179772 (3269683.4 per sec) @ chr22_KI270733v1_random:0-179772
ForkPoolWorker-22,  processing 0 (0.0 per sec) reads @ chr22_KI270734v1_random:0-165050
ForkPoolWorker-22 countReadsInRegions_worker: processing 165050 (9537105.5 per sec) @ chr22_KI270734v1_random:0-165050
ForkPoolWorker-22,  processing 2 (4290.8 per sec) reads @ chr11:50000000-55000000
ForkPoolWorker-22 countReadsInRegions_worker: processing 5000000 (12030348.5 per sec) @ chr11:50000000-55000000
ForkPoolWorker-22,  processing 26 (26182.9 per sec) reads @ chr15:35000000-40000000
ForkPoolWorker-22 countReadsInRegions_worker: processing 5000000 (12135636.1 per sec) @ chr15:35000000-40000000
ForkPoolWorker-22,  processing 38 (32781.5 per sec) reads @ chr11:40000000-45000000
ForkPoolWorker-22 countReadsInRegions_worker: processing 5000000 (12004366.4 per sec) @ chr11:40000000-45000000
ForkPoolWorker-22,  processing 0 (0.0 per sec) reads @ chrUn_GL000219v1:0-179198
ForkPoolWorker-22 countReadsInRegions_worker: processing 179198 (9575514.9 per sec) @ chrUn_GL000219v1:0-179198
ForkPoolWorker-1,  processing 32 (3708.3 per sec) reads @ chr4:50000000-55000000
ForkPoolWorker-1 countReadsInRegions_worker: processing 5000000 (10636365.6 per sec) @ chr4:50000000-55000000
ForkPoolWorker-1,  processing 0 (0.0 per sec) reads @ chr1:135000000-140000000
ForkPoolWorker-1 countReadsInRegions_worker: processing 5000000 (11282368.6 per sec) @ chr1:135000000-140000000
ForkPoolWorker-1,  processing 0 (0.0 per sec) reads @ chrUn_KI270466v1:0-1233
ForkPoolWorker-1 countReadsInRegions_worker: processing 1233 (235499.9 per sec) @ chrUn_KI270466v1:0-1233
ForkPoolWorker-1,  processing 0 (0.0 per sec) reads @ chrUn_KI270530v1:0-2168
ForkPoolWorker-1 countReadsInRegions_worker: processing 2168 (420808.5 per sec) @ chrUn_KI270530v1:0-2168
ForkPoolWorker-1,  processing 1 (2554.4 per sec) reads @ chr3:90000000-95000000
ForkPoolWorker-1 countReadsInRegions_worker: processing 5000000 (11371824.1 per sec) @ chr3:90000000-95000000
ForkPoolWorker-1,  processing 39 (30080.5 per sec) reads @ chr13:20000000-25000000
ForkPoolWorker-1 countReadsInRegions_worker: processing 5000000 (11474839.5 per sec) @ chr13:20000000-25000000
ForkPoolWorker-1,  processing 90 (42027.1 per sec) reads @ chr2:170000000-175000000
ForkPoolWorker-1 countReadsInRegions_worker: processing 5000000 (11322241.5 per sec) @ chr2:170000000-175000000
ForkPoolWorker-1,  processing 149 (49552.1 per sec) reads @ chr1:115000000-120000000
ForkPoolWorker-1 countReadsInRegions_worker: processing 5000000 (11556447.5 per sec) @ chr1:115000000-120000000
ForkPoolWorker-1,  processing 79 (41789.6 per sec) reads @ chr2:35000000-40000000
ForkPoolWorker-1 countReadsInRegions_worker: processing 5000000 (11654593.3 per sec) @ chr2:35000000-40000000
ForkPoolWorker-1,  processing 77 (42140.1 per sec) reads @ chr6:15000000-20000000
ForkPoolWorker-1 countReadsInRegions_worker: processing 5000000 (11946017.3 per sec) @ chr6:15000000-20000000
ForkPoolWorker-1,  processing 0 (0.0 per sec) reads @ chrUn_KI270312v1:0-998
ForkPoolWorker-1 countReadsInRegions_worker: processing 998 (179784.2 per sec) @ chrUn_KI270312v1:0-998
ForkPoolWorker-1,  processing 42 (30467.1 per sec) reads @ chr7:30000000-35000000
ForkPoolWorker-1 countReadsInRegions_worker: processing 5000000 (11921583.6 per sec) @ chr7:30000000-35000000
ForkPoolWorker-1,  processing 11 (15898.5 per sec) reads @ chr4:185000000-190000000
ForkPoolWorker-1 countReadsInRegions_worker: processing 5000000 (10810039.6 per sec) @ chr4:185000000-190000000
ForkPoolWorker-1,  processing 39 (33383.2 per sec) reads @ chr5:30000000-35000000
ForkPoolWorker-1 countReadsInRegions_worker: processing 5000000 (11711490.4 per sec) @ chr5:30000000-35000000
ForkPoolWorker-1,  processing 62 (35942.9 per sec) reads @ chr1:175000000-180000000
ForkPoolWorker-1 countReadsInRegions_worker: processing 5000000 (11905401.8 per sec) @ chr1:175000000-180000000
ForkPoolWorker-33,  processing 0 (0.0 per sec) reads @ chrUn_KI270424v1:0-2140
ForkPoolWorker-33 countReadsInRegions_worker: processing 2140 (130637.1 per sec) @ chrUn_KI270424v1:0-2140
ForkPoolWorker-33,  processing 0 (0.0 per sec) reads @ chrUn_KI270330v1:0-1652
ForkPoolWorker-33 countReadsInRegions_worker: processing 1652 (142665.8 per sec) @ chrUn_KI270330v1:0-1652
ForkPoolWorker-33,  processing 24 (13243.4 per sec) reads @ chr5:100000000-105000000
ForkPoolWorker-33 countReadsInRegions_worker: processing 5000000 (10878557.5 per sec) @ chr5:100000000-105000000
ForkPoolWorker-33,  processing 54 (33214.9 per sec) reads @ chr18:5000000-10000000
ForkPoolWorker-33 countReadsInRegions_worker: processing 5000000 (11193204.1 per sec) @ chr18:5000000-10000000
ForkPoolWorker-33,  processing 0 (0.0 per sec) reads @ chr22_KI270731v1_random:0-150754
ForkPoolWorker-33 countReadsInRegions_worker: processing 150754 (8378826.0 per sec) @ chr22_KI270731v1_random:0-150754
ForkPoolWorker-33,  processing 3 (5722.1 per sec) reads @ chr22:10000000-15000000
ForkPoolWorker-33 countReadsInRegions_worker: processing 5000000 (11866102.1 per sec) @ chr22:10000000-15000000
ForkPoolWorker-33,  processing 135 (46900.6 per sec) reads @ chr20:55000000-60000000
ForkPoolWorker-33 countReadsInRegions_worker: processing 5000000 (11631897.4 per sec) @ chr20:55000000-60000000
ForkPoolWorker-33,  processing 280 (52758.5 per sec) reads @ chr15:70000000-75000000
ForkPoolWorker-33 countReadsInRegions_worker: processing 5000000 (11553900.8 per sec) @ chr15:70000000-75000000
ForkPoolWorker-33,  processing 71 (41597.4 per sec) reads @ chr2:155000000-160000000
ForkPoolWorker-33 countReadsInRegions_worker: processing 5000000 (11417701.3 per sec) @ chr2:155000000-160000000
ForkPoolWorker-33,  processing 12 (17055.8 per sec) reads @ chr9:5000000-10000000
ForkPoolWorker-33 countReadsInRegions_worker: processing 5000000 (11719016.6 per sec) @ chr9:5000000-10000000
ForkPoolWorker-33,  processing 20 (24293.7 per sec) reads @ chr4:140000000-145000000
ForkPoolWorker-33 countReadsInRegions_worker: processing 5000000 (11900746.9 per sec) @ chr4:140000000-145000000
ForkPoolWorker-33,  processing 24 (27067.3 per sec) reads @ chrX:125000000-130000000
ForkPoolWorker-33 countReadsInRegions_worker: processing 5000000 (11891953.8 per sec) @ chrX:125000000-130000000
ForkPoolWorker-33,  processing 1252 (58791.6 per sec) reads @ chr19:45000000-50000000
ForkPoolWorker-33 countReadsInRegions_worker: processing 5000000 (10500145.2 per sec) @ chr19:45000000-50000000
ForkPoolWorker-33,  processing 157 (52204.4 per sec) reads @ chr4:135000000-140000000
ForkPoolWorker-33 countReadsInRegions_worker: processing 5000000 (11874554.5 per sec) @ chr4:135000000-140000000
ForkPoolWorker-33,  processing 853 (58450.3 per sec) reads @ chr11:0-5000000
ForkPoolWorker-33 countReadsInRegions_worker: processing 5000000 (11549224.1 per sec) @ chr11:0-5000000
ForkPoolWorker-29,  processing 115 (8395.6 per sec) reads @ chr9:95000000-100000000
ForkPoolWorker-29 countReadsInRegions_worker: processing 5000000 (9906857.7 per sec) @ chr9:95000000-100000000
ForkPoolWorker-29,  processing 0 (0.0 per sec) reads @ chrUn_GL000226v1:0-15008
ForkPoolWorker-29 countReadsInRegions_worker: processing 15008 (2320753.4 per sec) @ chrUn_GL000226v1:0-15008
ForkPoolWorker-29,  processing 38 (30533.2 per sec) reads @ chr5:125000000-130000000
ForkPoolWorker-29 countReadsInRegions_worker: processing 5000000 (11303134.9 per sec) @ chr5:125000000-130000000
ForkPoolWorker-29,  processing 26 (27833.6 per sec) reads @ chrX:75000000-80000000
ForkPoolWorker-29 countReadsInRegions_worker: processing 5000000 (11442408.3 per sec) @ chrX:75000000-80000000
ForkPoolWorker-29,  processing 44 (32331.7 per sec) reads @ chr5:55000000-60000000
ForkPoolWorker-29 countReadsInRegions_worker: processing 5000000 (11427145.4 per sec) @ chr5:55000000-60000000
ForkPoolWorker-29,  processing 0 (0.0 per sec) reads @ chrUn_KI270583v1:0-1400
ForkPoolWorker-29 countReadsInRegions_worker: processing 1400 (269631.1 per sec) @ chrUn_KI270583v1:0-1400
ForkPoolWorker-29,  processing 290 (55449.9 per sec) reads @ chr8:20000000-25000000
ForkPoolWorker-29 countReadsInRegions_worker: processing 5000000 (11404600.1 per sec) @ chr8:20000000-25000000
ForkPoolWorker-29,  processing 0 (0.0 per sec) reads @ chr16:40000000-45000000
ForkPoolWorker-29 countReadsInRegions_worker: processing 5000000 (11424281.9 per sec) @ chr16:40000000-45000000
ForkPoolWorker-29,  processing 17 (21126.9 per sec) reads @ chr14:80000000-85000000
ForkPoolWorker-29 countReadsInRegions_worker: processing 5000000 (11629839.7 per sec) @ chr14:80000000-85000000
ForkPoolWorker-29,  processing 252 (55714.8 per sec) reads @ chr5:180000000-181538259
ForkPoolWorker-29 countReadsInRegions_worker: processing 1538259 (11283141.3 per sec) @ chr5:180000000-181538259
ForkPoolWorker-29,  processing 92 (41594.9 per sec) reads @ chr3:5000000-10000000
ForkPoolWorker-29 countReadsInRegions_worker: processing 5000000 (12159757.3 per sec) @ chr3:5000000-10000000
ForkPoolWorker-29,  processing 115 (41349.8 per sec) reads @ chr14:90000000-95000000
ForkPoolWorker-29 countReadsInRegions_worker: processing 5000000 (12076410.4 per sec) @ chr14:90000000-95000000
ForkPoolWorker-29,  processing 0 (0.0 per sec) reads @ chrUn_KI270749v1:0-158759
ForkPoolWorker-29 countReadsInRegions_worker: processing 158759 (8386442.2 per sec) @ chrUn_KI270749v1:0-158759
ForkPoolWorker-29,  processing 137 (47837.1 per sec) reads @ chr7:40000000-45000000
ForkPoolWorker-29 countReadsInRegions_worker: processing 5000000 (12176702.1 per sec) @ chr7:40000000-45000000
ForkPoolWorker-29,  processing 42 (33169.0 per sec) reads @ chr2:150000000-155000000
ForkPoolWorker-29 countReadsInRegions_worker: processing 5000000 (12177635.4 per sec) @ chr2:150000000-155000000
ForkPoolWorker-35,  processing 132 (7353.4 per sec) reads @ chr16:10000000-15000000
ForkPoolWorker-35 countReadsInRegions_worker: processing 5000000 (9543019.4 per sec) @ chr16:10000000-15000000
ForkPoolWorker-35,  processing 73 (30312.3 per sec) reads @ chr2:10000000-15000000
ForkPoolWorker-35 countReadsInRegions_worker: processing 5000000 (10860265.4 per sec) @ chr2:10000000-15000000
ForkPoolWorker-35,  processing 0 (0.0 per sec) reads @ chrUn_KI270372v1:0-1650
ForkPoolWorker-35 countReadsInRegions_worker: processing 1650 (317051.6 per sec) @ chrUn_KI270372v1:0-1650
ForkPoolWorker-35,  processing 101 (42829.3 per sec) reads @ chr20:45000000-50000000
ForkPoolWorker-35 countReadsInRegions_worker: processing 5000000 (11427008.4 per sec) @ chr20:45000000-50000000
ForkPoolWorker-35,  processing 13 (18654.1 per sec) reads @ chr2:185000000-190000000
ForkPoolWorker-35 countReadsInRegions_worker: processing 5000000 (11666419.1 per sec) @ chr2:185000000-190000000
ForkPoolWorker-35,  processing 53 (34647.5 per sec) reads @ chr20:25000000-30000000
ForkPoolWorker-35 countReadsInRegions_worker: processing 5000000 (11424406.4 per sec) @ chr20:25000000-30000000
ForkPoolWorker-35,  processing 228 (51672.4 per sec) reads @ chr12:5000000-10000000
ForkPoolWorker-35 countReadsInRegions_worker: processing 5000000 (11359110.9 per sec) @ chr12:5000000-10000000
ForkPoolWorker-35,  processing 19 (21923.5 per sec) reads @ chr8:60000000-65000000
ForkPoolWorker-35 countReadsInRegions_worker: processing 5000000 (11210316.4 per sec) @ chr8:60000000-65000000
ForkPoolWorker-35,  processing 0 (0.0 per sec) reads @ chrUn_KI270315v1:0-2276
ForkPoolWorker-35 countReadsInRegions_worker: processing 2276 (423411.5 per sec) @ chrUn_KI270315v1:0-2276
ForkPoolWorker-35,  processing 24 (25705.6 per sec) reads @ chr4:125000000-130000000
ForkPoolWorker-35 countReadsInRegions_worker: processing 5000000 (11649931.9 per sec) @ chr4:125000000-130000000
ForkPoolWorker-35,  processing 0 (0.0 per sec) reads @ chrUn_KI270588v1:0-6158
ForkPoolWorker-35 countReadsInRegions_worker: processing 6158 (1117392.3 per sec) @ chrUn_KI270588v1:0-6158
ForkPoolWorker-35,  processing 18 (21832.7 per sec) reads @ chr5:165000000-170000000
ForkPoolWorker-35 countReadsInRegions_worker: processing 5000000 (11589830.4 per sec) @ chr5:165000000-170000000
ForkPoolWorker-35,  processing 67 (40745.0 per sec) reads @ chr6:85000000-90000000
ForkPoolWorker-35 countReadsInRegions_worker: processing 5000000 (10673023.5 per sec) @ chr6:85000000-90000000
ForkPoolWorker-35,  processing 71 (41331.8 per sec) reads @ chr2:125000000-130000000
ForkPoolWorker-35 countReadsInRegions_worker: processing 5000000 (11688513.9 per sec) @ chr2:125000000-130000000
ForkPoolWorker-35,  processing 74 (41175.2 per sec) reads @ chr2:0-5000000
ForkPoolWorker-35 countReadsInRegions_worker: processing 5000000 (11733960.0 per sec) @ chr2:0-5000000
ForkPoolWorker-13,  processing 76 (8384.0 per sec) reads @ chr1:90000000-95000000
ForkPoolWorker-13 countReadsInRegions_worker: processing 5000000 (9939504.7 per sec) @ chr1:90000000-95000000
ForkPoolWorker-13,  processing 0 (0.0 per sec) reads @ chr1_KI270710v1_random:0-40176
ForkPoolWorker-13 countReadsInRegions_worker: processing 40176 (4853129.4 per sec) @ chr1_KI270710v1_random:0-40176
ForkPoolWorker-13,  processing 82 (38312.7 per sec) reads @ chr13:40000000-45000000
ForkPoolWorker-13 countReadsInRegions_worker: processing 5000000 (11120348.2 per sec) @ chr13:40000000-45000000
ForkPoolWorker-13,  processing 116 (43456.5 per sec) reads @ chr11:5000000-10000000
ForkPoolWorker-13 countReadsInRegions_worker: processing 5000000 (11056986.0 per sec) @ chr11:5000000-10000000
ForkPoolWorker-13,  processing 0 (0.0 per sec) reads @ chrUn_KI270317v1:0-37690
ForkPoolWorker-13 countReadsInRegions_worker: processing 37690 (4919044.0 per sec) @ chrUn_KI270317v1:0-37690
ForkPoolWorker-13,  processing 86 (39972.3 per sec) reads @ chr2:30000000-35000000
ForkPoolWorker-13 countReadsInRegions_worker: processing 5000000 (11367743.4 per sec) @ chr2:30000000-35000000
ForkPoolWorker-13,  processing 0 (0.0 per sec) reads @ chr22_KI270739v1_random:0-73985
ForkPoolWorker-13 countReadsInRegions_worker: processing 73985 (6814281.9 per sec) @ chr22_KI270739v1_random:0-73985
ForkPoolWorker-13,  processing 119 (44921.4 per sec) reads @ chr21:30000000-35000000
ForkPoolWorker-13 countReadsInRegions_worker: processing 5000000 (11687315.4 per sec) @ chr21:30000000-35000000
ForkPoolWorker-13,  processing 14 (19540.9 per sec) reads @ chr7:60000000-65000000
ForkPoolWorker-13 countReadsInRegions_worker: processing 5000000 (11941874.6 per sec) @ chr7:60000000-65000000
ForkPoolWorker-13,  processing 0 (0.0 per sec) reads @ chr9:55000000-60000000
ForkPoolWorker-13 countReadsInRegions_worker: processing 5000000 (12015694.3 per sec) @ chr9:55000000-60000000
ForkPoolWorker-13,  processing 112 (45942.5 per sec) reads @ chr1:180000000-185000000
ForkPoolWorker-13 countReadsInRegions_worker: processing 5000000 (11907936.8 per sec) @ chr1:180000000-185000000
ForkPoolWorker-13,  processing 49 (37286.1 per sec) reads @ chr3:135000000-140000000
ForkPoolWorker-13 countReadsInRegions_worker: processing 5000000 (11934147.9 per sec) @ chr3:135000000-140000000
ForkPoolWorker-13,  processing 658 (55772.6 per sec) reads @ chr3:45000000-50000000
ForkPoolWorker-13 countReadsInRegions_worker: processing 5000000 (10863815.3 per sec) @ chr3:45000000-50000000
ForkPoolWorker-13,  processing 33 (31862.8 per sec) reads @ chr5:65000000-70000000
ForkPoolWorker-13 countReadsInRegions_worker: processing 5000000 (11814009.0 per sec) @ chr5:65000000-70000000
ForkPoolWorker-13,  processing 73 (40018.8 per sec) reads @ chr15:60000000-65000000
ForkPoolWorker-13 countReadsInRegions_worker: processing 5000000 (11898268.9 per sec) @ chr15:60000000-65000000
ForkPoolWorker-2,  processing 0 (0.0 per sec) reads @ chrUn_KI270329v1:0-1040
ForkPoolWorker-2 countReadsInRegions_worker: processing 1040 (59232.7 per sec) @ chrUn_KI270329v1:0-1040
ForkPoolWorker-2,  processing 0 (0.0 per sec) reads @ chrUn_KI270386v1:0-1788
ForkPoolWorker-2 countReadsInRegions_worker: processing 1788 (146207.4 per sec) @ chrUn_KI270386v1:0-1788
ForkPoolWorker-2,  processing 398 (16074.5 per sec) reads @ chr9:130000000-135000000
ForkPoolWorker-2 countReadsInRegions_worker: processing 5000000 (10326123.3 per sec) @ chr9:130000000-135000000
ForkPoolWorker-2,  processing 38 (31838.5 per sec) reads @ chrX:135000000-140000000
ForkPoolWorker-2 countReadsInRegions_worker: processing 5000000 (11520990.1 per sec) @ chrX:135000000-140000000
ForkPoolWorker-2,  processing 24 (25549.1 per sec) reads @ chr12:40000000-45000000
ForkPoolWorker-2 countReadsInRegions_worker: processing 5000000 (11534709.1 per sec) @ chr12:40000000-45000000
ForkPoolWorker-2,  processing 0 (0.0 per sec) reads @ chrUn_KI270515v1:0-6361
ForkPoolWorker-2 countReadsInRegions_worker: processing 6361 (1108110.1 per sec) @ chrUn_KI270515v1:0-6361
ForkPoolWorker-2,  processing 304 (52276.2 per sec) reads @ chr1:225000000-230000000
ForkPoolWorker-2 countReadsInRegions_worker: processing 5000000 (11571853.7 per sec) @ chr1:225000000-230000000
ForkPoolWorker-2,  processing 372 (54637.4 per sec) reads @ chr16:65000000-70000000
ForkPoolWorker-2 countReadsInRegions_worker: processing 5000000 (11515802.5 per sec) @ chr16:65000000-70000000
ForkPoolWorker-2,  processing 71 (42854.5 per sec) reads @ chr18:10000000-15000000
ForkPoolWorker-2 countReadsInRegions_worker: processing 5000000 (11599266.4 per sec) @ chr18:10000000-15000000
ForkPoolWorker-2,  processing 0 (0.0 per sec) reads @ chr11:135000000-135086622
ForkPoolWorker-2 countReadsInRegions_worker: processing 86622 (7088736.3 per sec) @ chr11:135000000-135086622
ForkPoolWorker-2,  processing 21 (24487.2 per sec) reads @ chr2:225000000-230000000
ForkPoolWorker-2 countReadsInRegions_worker: processing 5000000 (11819808.6 per sec) @ chr2:225000000-230000000
ForkPoolWorker-2,  processing 22 (25371.1 per sec) reads @ chr8:85000000-90000000
ForkPoolWorker-2 countReadsInRegions_worker: processing 5000000 (11821021.2 per sec) @ chr8:85000000-90000000
ForkPoolWorker-2,  processing 105 (46657.7 per sec) reads @ chr12:105000000-110000000
ForkPoolWorker-2 countReadsInRegions_worker: processing 5000000 (11653667.2 per sec) @ chr12:105000000-110000000
ForkPoolWorker-2,  processing 20 (25297.4 per sec) reads @ chr1:100000000-105000000
ForkPoolWorker-2 countReadsInRegions_worker: processing 5000000 (10941900.5 per sec) @ chr1:100000000-105000000
ForkPoolWorker-2,  processing 0 (0.0 per sec) reads @ chrUn_KI270467v1:0-3920
ForkPoolWorker-2 countReadsInRegions_worker: processing 3920 (726671.6 per sec) @ chrUn_KI270467v1:0-3920
ForkPoolWorker-2,  processing 0 (0.0 per sec) reads @ chr1_KI270708v1_random:0-127682
ForkPoolWorker-2 countReadsInRegions_worker: processing 127682 (8335727.1 per sec) @ chr1_KI270708v1_random:0-127682
ForkPoolWorker-2,  processing 0 (0.0 per sec) reads @ chrUn_KI270304v1:0-2165
ForkPoolWorker-2 countReadsInRegions_worker: processing 2165 (396674.3 per sec) @ chrUn_KI270304v1:0-2165
ForkPoolWorker-2,  processing 0 (0.0 per sec) reads @ chrUn_KI270392v1:0-971
ForkPoolWorker-2 countReadsInRegions_worker: processing 971 (179396.9 per sec) @ chrUn_KI270392v1:0-971
ForkPoolWorker-2,  processing 8 (12318.1 per sec) reads @ chrX:55000000-60000000
ForkPoolWorker-2 countReadsInRegions_worker: processing 5000000 (11776288.1 per sec) @ chrX:55000000-60000000
ForkPoolWorker-2,  processing 29 (28728.1 per sec) reads @ chr4:105000000-110000000
ForkPoolWorker-2 countReadsInRegions_worker: processing 5000000 (12060138.8 per sec) @ chr4:105000000-110000000
ForkPoolWorker-41,  processing 799 (15493.1 per sec) reads @ chr5:175000000-180000000
ForkPoolWorker-41 countReadsInRegions_worker: processing 5000000 (9575280.1 per sec) @ chr5:175000000-180000000
ForkPoolWorker-41,  processing 327 (52141.8 per sec) reads @ chr7:5000000-10000000
ForkPoolWorker-41 countReadsInRegions_worker: processing 5000000 (11198900.4 per sec) @ chr7:5000000-10000000
ForkPoolWorker-41,  processing 541 (56187.2 per sec) reads @ chr19:35000000-40000000
ForkPoolWorker-41 countReadsInRegions_worker: processing 5000000 (10976060.6 per sec) @ chr19:35000000-40000000
ForkPoolWorker-41,  processing 50 (34105.6 per sec) reads @ chr2:220000000-225000000
ForkPoolWorker-41 countReadsInRegions_worker: processing 5000000 (11210861.7 per sec) @ chr2:220000000-225000000
ForkPoolWorker-41,  processing 47 (35410.9 per sec) reads @ chr6:145000000-150000000
ForkPoolWorker-41 countReadsInRegions_worker: processing 5000000 (11505586.4 per sec) @ chr6:145000000-150000000
ForkPoolWorker-41,  processing 0 (0.0 per sec) reads @ chrUn_KI270379v1:0-1045
ForkPoolWorker-41 countReadsInRegions_worker: processing 1045 (205323.8 per sec) @ chrUn_KI270379v1:0-1045
ForkPoolWorker-41,  processing 0 (0.0 per sec) reads @ chrUn_KI270519v1:0-138126
ForkPoolWorker-41 countReadsInRegions_worker: processing 138126 (8228828.4 per sec) @ chrUn_KI270519v1:0-138126
ForkPoolWorker-41,  processing 28 (24507.6 per sec) reads @ chrX:120000000-125000000
ForkPoolWorker-41 countReadsInRegions_worker: processing 5000000 (11784559.9 per sec) @ chrX:120000000-125000000
ForkPoolWorker-41,  processing 43 (32750.1 per sec) reads @ chr8:90000000-95000000
ForkPoolWorker-41 countReadsInRegions_worker: processing 5000000 (11915365.6 per sec) @ chr8:90000000-95000000
ForkPoolWorker-41,  processing 99 (41862.7 per sec) reads @ chr16:55000000-60000000
ForkPoolWorker-41 countReadsInRegions_worker: processing 5000000 (11959963.0 per sec) @ chr16:55000000-60000000
ForkPoolWorker-41,  processing 69 (39193.8 per sec) reads @ chr6:150000000-155000000
ForkPoolWorker-41 countReadsInRegions_worker: processing 5000000 (11866639.3 per sec) @ chr6:150000000-155000000
ForkPoolWorker-41,  processing 61 (37954.7 per sec) reads @ chr2:40000000-45000000
ForkPoolWorker-41 countReadsInRegions_worker: processing 5000000 (11040611.4 per sec) @ chr2:40000000-45000000
ForkPoolWorker-41,  processing 16 (20945.3 per sec) reads @ chr10:35000000-40000000
ForkPoolWorker-41 countReadsInRegions_worker: processing 5000000 (11801045.5 per sec) @ chr10:35000000-40000000
ForkPoolWorker-41,  processing 41 (36472.2 per sec) reads @ chr5:50000000-55000000
ForkPoolWorker-41 countReadsInRegions_worker: processing 5000000 (11902969.2 per sec) @ chr5:50000000-55000000
ForkPoolWorker-41,  processing 1 (2413.3 per sec) reads @ chr14_GL000009v2_random:0-201709
ForkPoolWorker-41 countReadsInRegions_worker: processing 201709 (9440179.3 per sec) @ chr14_GL000009v2_random:0-201709
ForkPoolWorker-32,  processing 26 (2281.2 per sec) reads @ chr8:15000000-20000000
ForkPoolWorker-32 countReadsInRegions_worker: processing 5000000 (9748396.2 per sec) @ chr8:15000000-20000000
ForkPoolWorker-32,  processing 86 (35384.6 per sec) reads @ chr3:110000000-115000000
ForkPoolWorker-32 countReadsInRegions_worker: processing 5000000 (11288921.6 per sec) @ chr3:110000000-115000000
ForkPoolWorker-32,  processing 22 (23248.9 per sec) reads @ chr18:70000000-75000000
ForkPoolWorker-32 countReadsInRegions_worker: processing 5000000 (11488398.5 per sec) @ chr18:70000000-75000000
ForkPoolWorker-32,  processing 3 (5874.4 per sec) reads @ chr16:90000000-90338345
ForkPoolWorker-32 countReadsInRegions_worker: processing 338345 (9570683.4 per sec) @ chr16:90000000-90338345
ForkPoolWorker-32,  processing 0 (0.0 per sec) reads @ chrUn_KI270744v1:0-168472
ForkPoolWorker-32 countReadsInRegions_worker: processing 168472 (8460825.7 per sec) @ chrUn_KI270744v1:0-168472
ForkPoolWorker-32,  processing 214 (47963.1 per sec) reads @ chrX:45000000-50000000
ForkPoolWorker-32 countReadsInRegions_worker: processing 5000000 (11635847.1 per sec) @ chrX:45000000-50000000
ForkPoolWorker-32,  processing 134 (45031.4 per sec) reads @ chr1:45000000-50000000
ForkPoolWorker-32 countReadsInRegions_worker: processing 5000000 (11624630.9 per sec) @ chr1:45000000-50000000
ForkPoolWorker-32,  processing 111 (47991.7 per sec) reads @ chr6:80000000-85000000
ForkPoolWorker-32 countReadsInRegions_worker: processing 5000000 (11814874.3 per sec) @ chr6:80000000-85000000
ForkPoolWorker-32,  processing 6 (8924.1 per sec) reads @ chrX:60000000-65000000
ForkPoolWorker-32 countReadsInRegions_worker: processing 5000000 (11642985.4 per sec) @ chrX:60000000-65000000
ForkPoolWorker-32,  processing 74 (41279.2 per sec) reads @ chr6:115000000-120000000
ForkPoolWorker-32 countReadsInRegions_worker: processing 5000000 (11904482.7 per sec) @ chr6:115000000-120000000
ForkPoolWorker-32,  processing 239 (51074.5 per sec) reads @ chr1:30000000-35000000
ForkPoolWorker-32 countReadsInRegions_worker: processing 5000000 (11781680.0 per sec) @ chr1:30000000-35000000
ForkPoolWorker-32,  processing 8 (11953.8 per sec) reads @ chr6:65000000-70000000
ForkPoolWorker-32 countReadsInRegions_worker: processing 5000000 (10885045.2 per sec) @ chr6:65000000-70000000
ForkPoolWorker-32,  processing 0 (0.0 per sec) reads @ chrUn_KI270590v1:0-4685
ForkPoolWorker-32 countReadsInRegions_worker: processing 4685 (759373.7 per sec) @ chrUn_KI270590v1:0-4685
ForkPoolWorker-32,  processing 61 (37242.0 per sec) reads @ chr1:235000000-240000000
ForkPoolWorker-32 countReadsInRegions_worker: processing 5000000 (11758388.0 per sec) @ chr1:235000000-240000000
ForkPoolWorker-32,  processing 0 (0.0 per sec) reads @ chr13:10000000-15000000
ForkPoolWorker-32 countReadsInRegions_worker: processing 5000000 (11991736.2 per sec) @ chr13:10000000-15000000
ForkPoolWorker-20,  processing 57 (7275.6 per sec) reads @ chr4:15000000-20000000
ForkPoolWorker-20 countReadsInRegions_worker: processing 5000000 (9677602.7 per sec) @ chr4:15000000-20000000
ForkPoolWorker-20,  processing 248 (27719.1 per sec) reads @ chr1:150000000-155000000
ForkPoolWorker-20 countReadsInRegions_worker: processing 5000000 (10789550.6 per sec) @ chr1:150000000-155000000
ForkPoolWorker-20,  processing 5 (9455.1 per sec) reads @ chr21:20000000-25000000
ForkPoolWorker-20 countReadsInRegions_worker: processing 5000000 (10922251.4 per sec) @ chr21:20000000-25000000
ForkPoolWorker-20,  processing 45 (34100.0 per sec) reads @ chr3:165000000-170000000
ForkPoolWorker-20 countReadsInRegions_worker: processing 5000000 (10996659.3 per sec) @ chr3:165000000-170000000
ForkPoolWorker-20,  processing 59 (36918.4 per sec) reads @ chr3:185000000-190000000
ForkPoolWorker-20 countReadsInRegions_worker: processing 5000000 (11367102.6 per sec) @ chr3:185000000-190000000
ForkPoolWorker-20,  processing 0 (0.0 per sec) reads @ chrUn_KI270435v1:0-92983
ForkPoolWorker-20 countReadsInRegions_worker: processing 92983 (7138654.4 per sec) @ chrUn_KI270435v1:0-92983
ForkPoolWorker-20,  processing 16 (20379.2 per sec) reads @ chr10:105000000-110000000
ForkPoolWorker-20 countReadsInRegions_worker: processing 5000000 (11570934.3 per sec) @ chr10:105000000-110000000
ForkPoolWorker-20,  processing 148 (48496.6 per sec) reads @ chr15:40000000-45000000
ForkPoolWorker-20 countReadsInRegions_worker: processing 5000000 (11761718.2 per sec) @ chr15:40000000-45000000
ForkPoolWorker-20,  processing 161 (49947.0 per sec) reads @ chrX:50000000-55000000
ForkPoolWorker-20 countReadsInRegions_worker: processing 5000000 (11771852.5 per sec) @ chrX:50000000-55000000
ForkPoolWorker-20,  processing 54 (36343.5 per sec) reads @ chr3:30000000-35000000
ForkPoolWorker-20 countReadsInRegions_worker: processing 5000000 (11797805.8 per sec) @ chr3:30000000-35000000
ForkPoolWorker-20,  processing 87 (42839.2 per sec) reads @ chr18:35000000-40000000
ForkPoolWorker-20 countReadsInRegions_worker: processing 5000000 (10927094.4 per sec) @ chr18:35000000-40000000
ForkPoolWorker-20,  processing 75 (39415.2 per sec) reads @ chr11:30000000-35000000
ForkPoolWorker-20 countReadsInRegions_worker: processing 5000000 (11629833.2 per sec) @ chr11:30000000-35000000
ForkPoolWorker-20,  processing 0 (0.0 per sec) reads @ chrUn_KI270390v1:0-2387
ForkPoolWorker-20 countReadsInRegions_worker: processing 2387 (417924.7 per sec) @ chrUn_KI270390v1:0-2387
ForkPoolWorker-20,  processing 37 (30405.4 per sec) reads @ chr10:15000000-20000000
ForkPoolWorker-20 countReadsInRegions_worker: processing 5000000 (11826134.0 per sec) @ chr10:15000000-20000000
ForkPoolWorker-20,  processing 0 (0.0 per sec) reads @ chrUn_KI270371v1:0-2805
ForkPoolWorker-20 countReadsInRegions_worker: processing 2805 (417970.1 per sec) @ chrUn_KI270371v1:0-2805
ForkPoolWorker-19,  processing 0 (0.0 per sec) reads @ chrUn_KI270423v1:0-981
ForkPoolWorker-19 countReadsInRegions_worker: processing 981 (41207.1 per sec) @ chrUn_KI270423v1:0-981
ForkPoolWorker-19,  processing 54 (9093.2 per sec) reads @ chr21:25000000-30000000
ForkPoolWorker-19 countReadsInRegions_worker: processing 5000000 (9813583.5 per sec) @ chr21:25000000-30000000
ForkPoolWorker-19,  processing 56 (31192.7 per sec) reads @ chr14:50000000-55000000
ForkPoolWorker-19 countReadsInRegions_worker: processing 5000000 (10875099.4 per sec) @ chr14:50000000-55000000
ForkPoolWorker-19,  processing 0 (0.0 per sec) reads @ chrUn_KI270755v1:0-36723
ForkPoolWorker-19 countReadsInRegions_worker: processing 36723 (4669761.9 per sec) @ chrUn_KI270755v1:0-36723
ForkPoolWorker-19,  processing 0 (0.0 per sec) reads @ chrEBV:0-171823
ForkPoolWorker-19 countReadsInRegions_worker: processing 171823 (8459653.7 per sec) @ chrEBV:0-171823
ForkPoolWorker-19,  processing 0 (0.0 per sec) reads @ chrUn_KI270743v1:0-210658
ForkPoolWorker-19 countReadsInRegions_worker: processing 210658 (9157144.3 per sec) @ chrUn_KI270743v1:0-210658
ForkPoolWorker-19,  processing 0 (0.0 per sec) reads @ chrUn_KI270383v1:0-1750
ForkPoolWorker-19 countReadsInRegions_worker: processing 1750 (295933.2 per sec) @ chrUn_KI270383v1:0-1750
ForkPoolWorker-19,  processing 147 (43392.4 per sec) reads @ chr1:240000000-245000000
ForkPoolWorker-19 countReadsInRegions_worker: processing 5000000 (11716783.9 per sec) @ chr1:240000000-245000000
ForkPoolWorker-19,  processing 0 (0.0 per sec) reads @ chrUn_KI270387v1:0-1537
ForkPoolWorker-19 countReadsInRegions_worker: processing 1537 (254215.3 per sec) @ chrUn_KI270387v1:0-1537
ForkPoolWorker-19,  processing 3 (5430.7 per sec) reads @ chrUn_GL000195v1:0-182896
ForkPoolWorker-19 countReadsInRegions_worker: processing 182896 (9086532.6 per sec) @ chrUn_GL000195v1:0-182896
ForkPoolWorker-19,  processing 124 (45570.3 per sec) reads @ chr12:95000000-100000000
ForkPoolWorker-19 countReadsInRegions_worker: processing 5000000 (12061546.8 per sec) @ chr12:95000000-100000000
ForkPoolWorker-19,  processing 0 (0.0 per sec) reads @ chrUn_KI270745v1:0-41891
ForkPoolWorker-19 countReadsInRegions_worker: processing 41891 (3401285.2 per sec) @ chrUn_KI270745v1:0-41891
ForkPoolWorker-19,  processing 65 (32309.8 per sec) reads @ chr18:30000000-35000000
ForkPoolWorker-19 countReadsInRegions_worker: processing 5000000 (11937354.2 per sec) @ chr18:30000000-35000000
ForkPoolWorker-19,  processing 34 (25556.7 per sec) reads @ chr2:110000000-115000000
ForkPoolWorker-19 countReadsInRegions_worker: processing 5000000 (11952001.7 per sec) @ chr2:110000000-115000000
ForkPoolWorker-19,  processing 61 (34644.9 per sec) reads @ chr6:20000000-25000000
ForkPoolWorker-19 countReadsInRegions_worker: processing 5000000 (11867586.1 per sec) @ chr6:20000000-25000000
ForkPoolWorker-19,  processing 31 (27717.6 per sec) reads @ chr1:55000000-60000000
ForkPoolWorker-19 countReadsInRegions_worker: processing 5000000 (11958796.7 per sec) @ chr1:55000000-60000000
ForkPoolWorker-19,  processing 212 (50236.9 per sec) reads @ chr3:10000000-15000000
ForkPoolWorker-19 countReadsInRegions_worker: processing 5000000 (11643890.5 per sec) @ chr3:10000000-15000000
ForkPoolWorker-19,  processing 41 (12941.5 per sec) reads @ chr5:10000000-15000000
ForkPoolWorker-19 countReadsInRegions_worker: processing 5000000 (11004501.2 per sec) @ chr5:10000000-15000000
ForkPoolWorker-19,  processing 40 (30834.8 per sec) reads @ chr4:110000000-115000000
ForkPoolWorker-19 countReadsInRegions_worker: processing 5000000 (11871872.3 per sec) @ chr4:110000000-115000000
ForkPoolWorker-19,  processing 16 (19163.0 per sec) reads @ chr1:190000000-195000000
ForkPoolWorker-19 countReadsInRegions_worker: processing 5000000 (11924851.0 per sec) @ chr1:190000000-195000000
ForkPoolWorker-8,  processing 183 (12156.8 per sec) reads @ chr3:180000000-185000000
ForkPoolWorker-8 countReadsInRegions_worker: processing 5000000 (9536193.5 per sec) @ chr3:180000000-185000000
ForkPoolWorker-8,  processing 73 (38737.9 per sec) reads @ chr10:75000000-80000000
ForkPoolWorker-8 countReadsInRegions_worker: processing 5000000 (10985541.7 per sec) @ chr10:75000000-80000000
ForkPoolWorker-8,  processing 0 (0.0 per sec) reads @ chrUn_KI270509v1:0-2318
ForkPoolWorker-8 countReadsInRegions_worker: processing 2318 (431378.0 per sec) @ chrUn_KI270509v1:0-2318
ForkPoolWorker-8,  processing 4 (8608.1 per sec) reads @ chrY:15000000-20000000
ForkPoolWorker-8 countReadsInRegions_worker: processing 5000000 (11408558.4 per sec) @ chrY:15000000-20000000
ForkPoolWorker-8,  processing 38 (31794.0 per sec) reads @ chr2:120000000-125000000
ForkPoolWorker-8 countReadsInRegions_worker: processing 5000000 (11638094.3 per sec) @ chr2:120000000-125000000
ForkPoolWorker-8,  processing 503 (54332.6 per sec) reads @ chr9:125000000-130000000
ForkPoolWorker-8 countReadsInRegions_worker: processing 5000000 (11278054.6 per sec) @ chr9:125000000-130000000
ForkPoolWorker-8,  processing 0 (0.0 per sec) reads @ chr9_KI270717v1_random:0-40062
ForkPoolWorker-8 countReadsInRegions_worker: processing 40062 (4856422.2 per sec) @ chr9_KI270717v1_random:0-40062
ForkPoolWorker-8,  processing 1004 (60022.0 per sec) reads @ chr6:35000000-40000000
ForkPoolWorker-8 countReadsInRegions_worker: processing 5000000 (11012354.3 per sec) @ chr6:35000000-40000000
ForkPoolWorker-8,  processing 44 (35703.1 per sec) reads @ chr3:75000000-80000000
ForkPoolWorker-8 countReadsInRegions_worker: processing 5000000 (11356994.8 per sec) @ chr3:75000000-80000000
ForkPoolWorker-8,  processing 31 (29350.7 per sec) reads @ chr12:90000000-95000000
ForkPoolWorker-8 countReadsInRegions_worker: processing 5000000 (11600729.3 per sec) @ chr12:90000000-95000000
ForkPoolWorker-8,  processing 859 (57371.1 per sec) reads @ chr4:0-5000000
ForkPoolWorker-8 countReadsInRegions_worker: processing 5000000 (11333396.0 per sec) @ chr4:0-5000000
ForkPoolWorker-8,  processing 3 (6496.1 per sec) reads @ chr14_GL000225v1_random:0-211173
ForkPoolWorker-8 countReadsInRegions_worker: processing 211173 (9059815.1 per sec) @ chr14_GL000225v1_random:0-211173
ForkPoolWorker-8,  processing 99 (47374.3 per sec) reads @ chr14:25000000-30000000
ForkPoolWorker-8 countReadsInRegions_worker: processing 5000000 (10941500.9 per sec) @ chr14:25000000-30000000
ForkPoolWorker-8,  processing 0 (0.0 per sec) reads @ chr9:50000000-55000000
ForkPoolWorker-8 countReadsInRegions_worker: processing 5000000 (11941181.0 per sec) @ chr9:50000000-55000000
ForkPoolWorker-8,  processing 172 (52201.2 per sec) reads @ chrX:130000000-135000000
ForkPoolWorker-8 countReadsInRegions_worker: processing 5000000 (11642914.3 per sec) @ chrX:130000000-135000000
ForkPoolWorker-48,  processing 34 (7642.8 per sec) reads @ chr5:155000000-160000000
ForkPoolWorker-48 countReadsInRegions_worker: processing 5000000 (10229475.8 per sec) @ chr5:155000000-160000000
ForkPoolWorker-48,  processing 26 (25461.6 per sec) reads @ chr2:145000000-150000000
ForkPoolWorker-48 countReadsInRegions_worker: processing 5000000 (11130009.5 per sec) @ chr2:145000000-150000000
ForkPoolWorker-48,  processing 0 (0.0 per sec) reads @ chrUn_KI270579v1:0-31033
ForkPoolWorker-48 countReadsInRegions_worker: processing 31033 (4129237.9 per sec) @ chrUn_KI270579v1:0-31033
ForkPoolWorker-48,  processing 0 (0.0 per sec) reads @ chrUn_KI270336v1:0-1026
ForkPoolWorker-48 countReadsInRegions_worker: processing 1026 (195580.4 per sec) @ chrUn_KI270336v1:0-1026
ForkPoolWorker-48,  processing 125 (44818.6 per sec) reads @ chr5:140000000-145000000
ForkPoolWorker-48 countReadsInRegions_worker: processing 5000000 (11167395.5 per sec) @ chr5:140000000-145000000
ForkPoolWorker-48,  processing 0 (0.0 per sec) reads @ chrUn_KI270414v1:0-2489
ForkPoolWorker-48 countReadsInRegions_worker: processing 2489 (480712.0 per sec) @ chrUn_KI270414v1:0-2489
ForkPoolWorker-48,  processing 6 (10242.5 per sec) reads @ chr9:40000000-45000000
ForkPoolWorker-48 countReadsInRegions_worker: processing 5000000 (11351757.2 per sec) @ chr9:40000000-45000000
ForkPoolWorker-48,  processing 239 (51829.7 per sec) reads @ chr6:0-5000000
ForkPoolWorker-48 countReadsInRegions_worker: processing 5000000 (11589683.1 per sec) @ chr6:0-5000000
ForkPoolWorker-48,  processing 5 (10111.6 per sec) reads @ chrUn_KI270742v1:0-186739
ForkPoolWorker-48 countReadsInRegions_worker: processing 186739 (8789291.5 per sec) @ chrUn_KI270742v1:0-186739
ForkPoolWorker-48,  processing 0 (0.0 per sec) reads @ chrUn_KI270422v1:0-1445
ForkPoolWorker-48 countReadsInRegions_worker: processing 1445 (268603.5 per sec) @ chrUn_KI270422v1:0-1445
ForkPoolWorker-48,  processing 18 (21369.2 per sec) reads @ chr10:55000000-60000000
ForkPoolWorker-48 countReadsInRegions_worker: processing 5000000 (11805443.3 per sec) @ chr10:55000000-60000000
ForkPoolWorker-48,  processing 0 (0.0 per sec) reads @ chrUn_KI270425v1:0-1884
ForkPoolWorker-48 countReadsInRegions_worker: processing 1884 (327845.9 per sec) @ chrUn_KI270425v1:0-1884
ForkPoolWorker-48,  processing 84 (39339.2 per sec) reads @ chr6:165000000-170000000
ForkPoolWorker-48 countReadsInRegions_worker: processing 5000000 (11816258.9 per sec) @ chr6:165000000-170000000
ForkPoolWorker-48,  processing 460 (56898.8 per sec) reads @ chr16:25000000-30000000
ForkPoolWorker-48 countReadsInRegions_worker: processing 5000000 (11619948.3 per sec) @ chr16:25000000-30000000
ForkPoolWorker-48,  processing 0 (0.0 per sec) reads @ chrUn_KI270385v1:0-990
ForkPoolWorker-48 countReadsInRegions_worker: processing 990 (177854.2 per sec) @ chrUn_KI270385v1:0-990
ForkPoolWorker-48,  processing 30 (28149.7 per sec) reads @ chrX:35000000-40000000
ForkPoolWorker-48 countReadsInRegions_worker: processing 5000000 (11765354.0 per sec) @ chrX:35000000-40000000
ForkPoolWorker-48,  processing 163 (47679.2 per sec) reads @ chr12:110000000-115000000
ForkPoolWorker-48 countReadsInRegions_worker: processing 5000000 (10864997.3 per sec) @ chr12:110000000-115000000
ForkPoolWorker-48,  processing 0 (0.0 per sec) reads @ chrUn_KI270420v1:0-2321
ForkPoolWorker-48 countReadsInRegions_worker: processing 2321 (397184.0 per sec) @ chrUn_KI270420v1:0-2321
ForkPoolWorker-48,  processing 32 (28777.4 per sec) reads @ chr5:35000000-40000000
ForkPoolWorker-48 countReadsInRegions_worker: processing 5000000 (11602006.4 per sec) @ chr5:35000000-40000000
ForkPoolWorker-48,  processing 66 (40895.9 per sec) reads @ chr4:75000000-80000000
ForkPoolWorker-48 countReadsInRegions_worker: processing 5000000 (11795078.6 per sec) @ chr4:75000000-80000000
ForkPoolWorker-45,  processing 0 (0.0 per sec) reads @ chrUn_KI270754v1:0-40191
ForkPoolWorker-45 countReadsInRegions_worker: processing 40191 (1198053.2 per sec) @ chrUn_KI270754v1:0-40191
ForkPoolWorker-45,  processing 4 (2689.5 per sec) reads @ chrX:90000000-95000000
ForkPoolWorker-45 countReadsInRegions_worker: processing 5000000 (11084547.2 per sec) @ chrX:90000000-95000000
ForkPoolWorker-45,  processing 17 (17532.1 per sec) reads @ chr21:10000000-15000000
ForkPoolWorker-45 countReadsInRegions_worker: processing 5000000 (11393014.2 per sec) @ chr21:10000000-15000000
ForkPoolWorker-45,  processing 46 (33003.4 per sec) reads @ chr9:20000000-25000000
ForkPoolWorker-45 countReadsInRegions_worker: processing 5000000 (11205374.8 per sec) @ chr9:20000000-25000000
ForkPoolWorker-45,  processing 63 (37539.6 per sec) reads @ chr10:110000000-115000000
ForkPoolWorker-45 countReadsInRegions_worker: processing 5000000 (11328125.0 per sec) @ chr10:110000000-115000000
ForkPoolWorker-45,  processing 12742 (61789.6 per sec) reads @ chr1:145000000-150000000
ForkPoolWorker-45 countReadsInRegions_worker: processing 5000000 (7843726.3 per sec) @ chr1:145000000-150000000
ForkPoolWorker-45,  processing 148 (46853.1 per sec) reads @ chr20:40000000-45000000
ForkPoolWorker-45 countReadsInRegions_worker: processing 5000000 (11760346.3 per sec) @ chr20:40000000-45000000
ForkPoolWorker-45,  processing 162 (48886.8 per sec) reads @ chr2:95000000-100000000
ForkPoolWorker-45 countReadsInRegions_worker: processing 5000000 (11731551.0 per sec) @ chr2:95000000-100000000
ForkPoolWorker-45,  processing 0 (0.0 per sec) reads @ chrUn_KI270366v1:0-8320
ForkPoolWorker-45 countReadsInRegions_worker: processing 8320 (1450640.6 per sec) @ chrUn_KI270366v1:0-8320
ForkPoolWorker-45,  processing 54 (35612.0 per sec) reads @ chr12:25000000-30000000
ForkPoolWorker-45 countReadsInRegions_worker: processing 5000000 (11742396.0 per sec) @ chr12:25000000-30000000
ForkPoolWorker-45,  processing 1 (2050.0 per sec) reads @ chr18:65000000-70000000
ForkPoolWorker-45 countReadsInRegions_worker: processing 5000000 (11783195.9 per sec) @ chr18:65000000-70000000
ForkPoolWorker-45,  processing 49 (34247.8 per sec) reads @ chr12:65000000-70000000
ForkPoolWorker-45 countReadsInRegions_worker: processing 5000000 (10947526.7 per sec) @ chr12:65000000-70000000
ForkPoolWorker-45,  processing 100 (43369.9 per sec) reads @ chr2:20000000-25000000
ForkPoolWorker-45 countReadsInRegions_worker: processing 5000000 (11582040.7 per sec) @ chr2:20000000-25000000
ForkPoolWorker-45,  processing 0 (0.0 per sec) reads @ chrUn_KI270584v1:0-4513
ForkPoolWorker-45 countReadsInRegions_worker: processing 4513 (756006.6 per sec) @ chrUn_KI270584v1:0-4513
ForkPoolWorker-45,  processing 43 (34911.9 per sec) reads @ chr11:25000000-30000000
ForkPoolWorker-45 countReadsInRegions_worker: processing 5000000 (11649556.5 per sec) @ chr11:25000000-30000000
ForkPoolWorker-34,  processing 75 (4974.0 per sec) reads @ chr3:55000000-60000000
ForkPoolWorker-34 countReadsInRegions_worker: processing 5000000 (9507306.1 per sec) @ chr3:55000000-60000000
ForkPoolWorker-34,  processing 0 (0.0 per sec) reads @ chrY_KI270740v1_random:0-37240
ForkPoolWorker-34 countReadsInRegions_worker: processing 37240 (4525187.0 per sec) @ chrY_KI270740v1_random:0-37240
ForkPoolWorker-34,  processing 178 (45176.5 per sec) reads @ chr10:70000000-75000000
ForkPoolWorker-34 countReadsInRegions_worker: processing 5000000 (10931434.6 per sec) @ chr10:70000000-75000000
ForkPoolWorker-34,  processing 6 (11120.6 per sec) reads @ chrUn_GL000220v1:0-161802
ForkPoolWorker-34 countReadsInRegions_worker: processing 161802 (8513627.3 per sec) @ chrUn_GL000220v1:0-161802
ForkPoolWorker-34,  processing 149 (45804.1 per sec) reads @ chr15:65000000-70000000
ForkPoolWorker-34 countReadsInRegions_worker: processing 5000000 (11928805.5 per sec) @ chr15:65000000-70000000
ForkPoolWorker-34,  processing 240 (56296.2 per sec) reads @ chr5:5000000-10000000
ForkPoolWorker-34 countReadsInRegions_worker: processing 5000000 (11973025.3 per sec) @ chr5:5000000-10000000
ForkPoolWorker-34,  processing 134 (45424.5 per sec) reads @ chr16:20000000-25000000
ForkPoolWorker-34 countReadsInRegions_worker: processing 5000000 (11718518.9 per sec) @ chr16:20000000-25000000
ForkPoolWorker-34,  processing 0 (0.0 per sec) reads @ chr14_KI270725v1_random:0-172810
ForkPoolWorker-34 countReadsInRegions_worker: processing 172810 (9231934.9 per sec) @ chr14_KI270725v1_random:0-172810
ForkPoolWorker-34,  processing 8 (12534.3 per sec) reads @ chr6:60000000-65000000
ForkPoolWorker-34 countReadsInRegions_worker: processing 5000000 (11890504.2 per sec) @ chr6:60000000-65000000
ForkPoolWorker-34,  processing 32 (29530.9 per sec) reads @ chr4:10000000-15000000
ForkPoolWorker-34 countReadsInRegions_worker: processing 5000000 (11922491.8 per sec) @ chr4:10000000-15000000
ForkPoolWorker-34,  processing 143 (46516.6 per sec) reads @ chr2:235000000-240000000
ForkPoolWorker-34 countReadsInRegions_worker: processing 5000000 (11890915.4 per sec) @ chr2:235000000-240000000
ForkPoolWorker-34,  processing 34 (29884.0 per sec) reads @ chr8:65000000-70000000
ForkPoolWorker-34 countReadsInRegions_worker: processing 5000000 (12087463.8 per sec) @ chr8:65000000-70000000
ForkPoolWorker-34,  processing 17 (20916.2 per sec) reads @ chr1:95000000-100000000
ForkPoolWorker-34 countReadsInRegions_worker: processing 5000000 (10902769.1 per sec) @ chr1:95000000-100000000
ForkPoolWorker-34,  processing 18 (21908.7 per sec) reads @ chr18:25000000-30000000
ForkPoolWorker-34 countReadsInRegions_worker: processing 5000000 (11718499.2 per sec) @ chr18:25000000-30000000
ForkPoolWorker-34,  processing 0 (0.0 per sec) reads @ chrUn_KI270373v1:0-1451
ForkPoolWorker-34 countReadsInRegions_worker: processing 1451 (268185.6 per sec) @ chrUn_KI270373v1:0-1451
ForkPoolWorker-34,  processing 21 (24065.7 per sec) reads @ chr7:10000000-15000000
ForkPoolWorker-34 countReadsInRegions_worker: processing 5000000 (11787640.0 per sec) @ chr7:10000000-15000000
ForkPoolWorker-34,  processing 0 (0.0 per sec) reads @ chr14_KI270726v1_random:0-43739
ForkPoolWorker-34 countReadsInRegions_worker: processing 43739 (5333604.6 per sec) @ chr14_KI270726v1_random:0-43739
ForkPoolWorker-12,  processing 44 (12714.4 per sec) reads @ chr7:35000000-40000000
ForkPoolWorker-12 countReadsInRegions_worker: processing 5000000 (10462449.7 per sec) @ chr7:35000000-40000000
ForkPoolWorker-12,  processing 591 (55551.8 per sec) reads @ chr22:35000000-40000000
ForkPoolWorker-12 countReadsInRegions_worker: processing 5000000 (11030959.7 per sec) @ chr22:35000000-40000000
ForkPoolWorker-12,  processing 23 (25988.4 per sec) reads @ chrX:110000000-115000000
ForkPoolWorker-12 countReadsInRegions_worker: processing 5000000 (11281227.6 per sec) @ chrX:110000000-115000000
ForkPoolWorker-12,  processing 0 (0.0 per sec) reads @ chrUn_KI270448v1:0-7992
ForkPoolWorker-12 countReadsInRegions_worker: processing 7992 (1360867.1 per sec) @ chrUn_KI270448v1:0-7992
ForkPoolWorker-12,  processing 0 (0.0 per sec) reads @ chrUn_KI270508v1:0-1951
ForkPoolWorker-12 countReadsInRegions_worker: processing 1951 (363095.7 per sec) @ chrUn_KI270508v1:0-1951
ForkPoolWorker-12,  processing 12 (19262.0 per sec) reads @ chr19:25000000-30000000
ForkPoolWorker-12 countReadsInRegions_worker: processing 5000000 (11512685.8 per sec) @ chr19:25000000-30000000
ForkPoolWorker-12,  processing 107 (44456.7 per sec) reads @ chr4:5000000-10000000
ForkPoolWorker-12 countReadsInRegions_worker: processing 5000000 (11659258.5 per sec) @ chr4:5000000-10000000
ForkPoolWorker-12,  processing 85 (43203.6 per sec) reads @ chr14:95000000-100000000
ForkPoolWorker-12 countReadsInRegions_worker: processing 5000000 (11837702.6 per sec) @ chr14:95000000-100000000
ForkPoolWorker-12,  processing 51 (38949.3 per sec) reads @ chr8:45000000-50000000
ForkPoolWorker-12 countReadsInRegions_worker: processing 5000000 (12004180.8 per sec) @ chr8:45000000-50000000
ForkPoolWorker-12,  processing 0 (0.0 per sec) reads @ chrUn_KI270756v1:0-79590
ForkPoolWorker-12 countReadsInRegions_worker: processing 79590 (7008264.3 per sec) @ chrUn_KI270756v1:0-79590
ForkPoolWorker-12,  processing 142 (48363.1 per sec) reads @ chr1:10000000-15000000
ForkPoolWorker-12 countReadsInRegions_worker: processing 5000000 (11613481.3 per sec) @ chr1:10000000-15000000
ForkPoolWorker-12,  processing 520 (60348.0 per sec) reads @ chrM:0-16569
ForkPoolWorker-12 countReadsInRegions_worker: processing 16569 (1139474.7 per sec) @ chrM:0-16569
ForkPoolWorker-12,  processing 313 (52974.6 per sec) reads @ chr12:45000000-50000000
ForkPoolWorker-12 countReadsInRegions_worker: processing 5000000 (11564049.8 per sec) @ chr12:45000000-50000000
ForkPoolWorker-12,  processing 1193 (58330.3 per sec) reads @ chr9:135000000-138394717
ForkPoolWorker-12 countReadsInRegions_worker: processing 3394717 (9998430.6 per sec) @ chr9:135000000-138394717
ForkPoolWorker-12,  processing 0 (0.0 per sec) reads @ chr14:5000000-10000000
ForkPoolWorker-12 countReadsInRegions_worker: processing 5000000 (11992579.7 per sec) @ chr14:5000000-10000000
ForkPoolWorker-12,  processing 211 (49693.9 per sec) reads @ chr17:25000000-30000000
ForkPoolWorker-12 countReadsInRegions_worker: processing 5000000 (11893585.9 per sec) @ chr17:25000000-30000000
ForkPoolWorker-12,  processing 0 (0.0 per sec) reads @ chrUn_KI270589v1:0-44474
ForkPoolWorker-12 countReadsInRegions_worker: processing 44474 (5457024.7 per sec) @ chrUn_KI270589v1:0-44474
ForkPoolWorker-12,  processing 0 (0.0 per sec) reads @ chrUn_GL000214v1:0-137718
ForkPoolWorker-12 countReadsInRegions_worker: processing 137718 (8738217.9 per sec) @ chrUn_GL000214v1:0-137718
ForkPoolWorker-12,  processing 0 (0.0 per sec) reads @ chrUn_KI270381v1:0-1930
ForkPoolWorker-12 countReadsInRegions_worker: processing 1930 (359283.1 per sec) @ chrUn_KI270381v1:0-1930
ForkPoolWorker-12,  processing 0 (0.0 per sec) reads @ chr22:0-5000000
ForkPoolWorker-12 countReadsInRegions_worker: processing 5000000 (12275856.0 per sec) @ chr22:0-5000000
ForkPoolWorker-40,  processing 0 (0.0 per sec) reads @ chrUn_KI270378v1:0-1048
ForkPoolWorker-40 countReadsInRegions_worker: processing 1048 (49876.7 per sec) @ chrUn_KI270378v1:0-1048
ForkPoolWorker-40,  processing 109 (10288.7 per sec) reads @ chr2:130000000-135000000
ForkPoolWorker-40 countReadsInRegions_worker: processing 5000000 (9565405.4 per sec) @ chr2:130000000-135000000
ForkPoolWorker-40,  processing 317 (42611.1 per sec) reads @ chr1:40000000-45000000
ForkPoolWorker-40 countReadsInRegions_worker: processing 5000000 (11146455.0 per sec) @ chr1:40000000-45000000
ForkPoolWorker-40,  processing 93 (35957.8 per sec) reads @ chr17:70000000-75000000
ForkPoolWorker-40 countReadsInRegions_worker: processing 5000000 (11615333.8 per sec) @ chr17:70000000-75000000
ForkPoolWorker-40,  processing 0 (0.0 per sec) reads @ chr4_GL000008v2_random:0-209709
ForkPoolWorker-40 countReadsInRegions_worker: processing 209709 (8859800.7 per sec) @ chr4_GL000008v2_random:0-209709
ForkPoolWorker-40,  processing 50 (34072.3 per sec) reads @ chr6:135000000-140000000
ForkPoolWorker-40 countReadsInRegions_worker: processing 5000000 (11841218.3 per sec) @ chr6:135000000-140000000
ForkPoolWorker-40,  processing 20 (23033.0 per sec) reads @ chr12:80000000-85000000
ForkPoolWorker-40 countReadsInRegions_worker: processing 5000000 (11910702.9 per sec) @ chr12:80000000-85000000
ForkPoolWorker-40,  processing 0 (0.0 per sec) reads @ chr17_GL000205v2_random:0-185591
ForkPoolWorker-40 countReadsInRegions_worker: processing 185591 (9450805.8 per sec) @ chr17_GL000205v2_random:0-185591
ForkPoolWorker-40,  processing 50 (31574.1 per sec) reads @ chr5:80000000-85000000
ForkPoolWorker-40 countReadsInRegions_worker: processing 5000000 (11722036.3 per sec) @ chr5:80000000-85000000
ForkPoolWorker-40,  processing 48 (33443.0 per sec) reads @ chr4:150000000-155000000
ForkPoolWorker-40 countReadsInRegions_worker: processing 5000000 (11907071.4 per sec) @ chr4:150000000-155000000
ForkPoolWorker-40,  processing 0 (0.0 per sec) reads @ chrUn_KI270517v1:0-3253
ForkPoolWorker-40 countReadsInRegions_worker: processing 3253 (531001.0 per sec) @ chrUn_KI270517v1:0-3253
ForkPoolWorker-40,  processing 7 (10152.2 per sec) reads @ chr11:95000000-100000000
ForkPoolWorker-40 countReadsInRegions_worker: processing 5000000 (11883227.6 per sec) @ chr11:95000000-100000000
ForkPoolWorker-40,  processing 0 (0.0 per sec) reads @ chrUn_KI270418v1:0-2145
ForkPoolWorker-40 countReadsInRegions_worker: processing 2145 (360563.6 per sec) @ chrUn_KI270418v1:0-2145
ForkPoolWorker-40,  processing 0 (0.0 per sec) reads @ chr22_KI270736v1_random:0-181920
ForkPoolWorker-40 countReadsInRegions_worker: processing 181920 (9035046.9 per sec) @ chr22_KI270736v1_random:0-181920
ForkPoolWorker-40,  processing 25 (24005.9 per sec) reads @ chr6:70000000-75000000
ForkPoolWorker-40 countReadsInRegions_worker: processing 5000000 (11754282.1 per sec) @ chr6:70000000-75000000
ForkPoolWorker-40,  processing 3 (5379.6 per sec) reads @ chr14_GL000194v1_random:0-191469
ForkPoolWorker-40 countReadsInRegions_worker: processing 191469 (9307933.5 per sec) @ chr14_GL000194v1_random:0-191469
ForkPoolWorker-40,  processing 0 (0.0 per sec) reads @ chrUn_KI270518v1:0-2186
ForkPoolWorker-40 countReadsInRegions_worker: processing 2186 (385015.1 per sec) @ chrUn_KI270518v1:0-2186
ForkPoolWorker-40,  processing 68 (39070.2 per sec) reads @ chr11:125000000-130000000
ForkPoolWorker-40 countReadsInRegions_worker: processing 5000000 (11933299.0 per sec) @ chr11:125000000-130000000
ForkPoolWorker-40,  processing 9 (13310.6 per sec) reads @ chr13:105000000-110000000
ForkPoolWorker-40 countReadsInRegions_worker: processing 5000000 (11869366.1 per sec) @ chr13:105000000-110000000
ForkPoolWorker-40,  processing 695 (56913.3 per sec) reads @ chr17:5000000-10000000
ForkPoolWorker-40 countReadsInRegions_worker: processing 5000000 (11823987.0 per sec) @ chr17:5000000-10000000
ForkPoolWorker-15,  processing 94 (9729.6 per sec) reads @ chr3:195000000-198295559
ForkPoolWorker-15 countReadsInRegions_worker: processing 3295559 (10081605.2 per sec) @ chr3:195000000-198295559
ForkPoolWorker-15,  processing 125 (46698.9 per sec) reads @ chr17:50000000-55000000
ForkPoolWorker-15 countReadsInRegions_worker: processing 5000000 (12212170.1 per sec) @ chr17:50000000-55000000
ForkPoolWorker-15,  processing 0 (0.0 per sec) reads @ chr22_KI270732v1_random:0-41543
ForkPoolWorker-15 countReadsInRegions_worker: processing 41543 (4730391.5 per sec) @ chr22_KI270732v1_random:0-41543
ForkPoolWorker-15,  processing 61 (35019.5 per sec) reads @ chr3:15000000-20000000
ForkPoolWorker-15 countReadsInRegions_worker: processing 5000000 (12128919.3 per sec) @ chr3:15000000-20000000
ForkPoolWorker-15,  processing 0 (0.0 per sec) reads @ chrUn_KI270593v1:0-3041
ForkPoolWorker-15 countReadsInRegions_worker: processing 3041 (526321.6 per sec) @ chrUn_KI270593v1:0-3041
ForkPoolWorker-15,  processing 4 (8317.9 per sec) reads @ chrY:20000000-25000000
ForkPoolWorker-15 countReadsInRegions_worker: processing 5000000 (12156120.3 per sec) @ chrY:20000000-25000000
ForkPoolWorker-15,  processing 0 (0.0 per sec) reads @ chrUn_KI270316v1:0-1444
ForkPoolWorker-15 countReadsInRegions_worker: processing 1444 (256993.9 per sec) @ chrUn_KI270316v1:0-1444
ForkPoolWorker-15,  processing 85 (42974.4 per sec) reads @ chr13:25000000-30000000
ForkPoolWorker-15 countReadsInRegions_worker: processing 5000000 (12128252.9 per sec) @ chr13:25000000-30000000
ForkPoolWorker-15,  processing 21 (24365.3 per sec) reads @ chrX:95000000-100000000
ForkPoolWorker-15 countReadsInRegions_worker: processing 5000000 (12294596.3 per sec) @ chrX:95000000-100000000
ForkPoolWorker-15,  processing 20 (23386.1 per sec) reads @ chr1:80000000-85000000
ForkPoolWorker-15 countReadsInRegions_worker: processing 5000000 (12263523.3 per sec) @ chr1:80000000-85000000
ForkPoolWorker-15,  processing 0 (0.0 per sec) reads @ chrUn_GL000218v1:0-161147
ForkPoolWorker-15 countReadsInRegions_worker: processing 161147 (8703988.3 per sec) @ chrUn_GL000218v1:0-161147
ForkPoolWorker-15,  processing 0 (0.0 per sec) reads @ chrUn_KI270538v1:0-91309
ForkPoolWorker-15 countReadsInRegions_worker: processing 91309 (7827692.9 per sec) @ chrUn_KI270538v1:0-91309
ForkPoolWorker-15,  processing 21 (25523.1 per sec) reads @ chr6:95000000-100000000
ForkPoolWorker-15 countReadsInRegions_worker: processing 5000000 (12218046.9 per sec) @ chr6:95000000-100000000
ForkPoolWorker-15,  processing 0 (0.0 per sec) reads @ chrUn_KI270746v1:0-66486
ForkPoolWorker-15 countReadsInRegions_worker: processing 66486 (6604360.0 per sec) @ chrUn_KI270746v1:0-66486
ForkPoolWorker-15,  processing 0 (0.0 per sec) reads @ chr14_KI270722v1_random:0-194050
ForkPoolWorker-15 countReadsInRegions_worker: processing 194050 (9754136.9 per sec) @ chr14_KI270722v1_random:0-194050
ForkPoolWorker-15,  processing 374 (53985.9 per sec) reads @ chr22:20000000-25000000
ForkPoolWorker-15 countReadsInRegions_worker: processing 5000000 (12011572.0 per sec) @ chr22:20000000-25000000
ForkPoolWorker-15,  processing 42 (33734.3 per sec) reads @ chrX:15000000-20000000
ForkPoolWorker-15 countReadsInRegions_worker: processing 5000000 (12121383.1 per sec) @ chrX:15000000-20000000
ForkPoolWorker-15,  processing 10 (15471.4 per sec) reads @ chr5:20000000-25000000
ForkPoolWorker-15 countReadsInRegions_worker: processing 5000000 (12002971.6 per sec) @ chr5:20000000-25000000
ForkPoolWorker-15,  processing 94 (47115.7 per sec) reads @ chr7:50000000-55000000
ForkPoolWorker-15 countReadsInRegions_worker: processing 5000000 (11915548.4 per sec) @ chr7:50000000-55000000
ForkPoolWorker-15,  processing 22 (24613.1 per sec) reads @ chr18:55000000-60000000
ForkPoolWorker-15 countReadsInRegions_worker: processing 5000000 (12310322.1 per sec) @ chr18:55000000-60000000
ForkPoolWorker-10,  processing 138 (9854.2 per sec) reads @ chr7:135000000-140000000
ForkPoolWorker-10 countReadsInRegions_worker: processing 5000000 (9713304.6 per sec) @ chr7:135000000-140000000
ForkPoolWorker-10,  processing 105 (43496.5 per sec) reads @ chr16:75000000-80000000
ForkPoolWorker-10 countReadsInRegions_worker: processing 5000000 (11233218.3 per sec) @ chr16:75000000-80000000
ForkPoolWorker-10,  processing 181 (48702.1 per sec) reads @ chr20:35000000-40000000
ForkPoolWorker-10 countReadsInRegions_worker: processing 5000000 (11129023.1 per sec) @ chr20:35000000-40000000
ForkPoolWorker-10,  processing 84 (44001.7 per sec) reads @ chr1_KI270713v1_random:0-40745
ForkPoolWorker-10 countReadsInRegions_worker: processing 40745 (4141248.9 per sec) @ chr1_KI270713v1_random:0-40745
ForkPoolWorker-10,  processing 0 (0.0 per sec) reads @ chrUn_KI270322v1:0-21476
ForkPoolWorker-10 countReadsInRegions_worker: processing 21476 (3393365.0 per sec) @ chrUn_KI270322v1:0-21476
ForkPoolWorker-10,  processing 2276 (62116.4 per sec) reads @ chr12:60000000-65000000
ForkPoolWorker-10 countReadsInRegions_worker: processing 5000000 (10935641.3 per sec) @ chr12:60000000-65000000
ForkPoolWorker-10,  processing 34 (27989.5 per sec) reads @ chrX:65000000-70000000
ForkPoolWorker-10 countReadsInRegions_worker: processing 5000000 (11547964.9 per sec) @ chrX:65000000-70000000
ForkPoolWorker-10,  processing 75 (42845.7 per sec) reads @ chr15:95000000-100000000
ForkPoolWorker-10 countReadsInRegions_worker: processing 5000000 (11571560.0 per sec) @ chr15:95000000-100000000
ForkPoolWorker-10,  processing 94 (41103.5 per sec) reads @ chr10:95000000-100000000
ForkPoolWorker-10 countReadsInRegions_worker: processing 5000000 (11667353.8 per sec) @ chr10:95000000-100000000
ForkPoolWorker-10,  processing 13 (19179.0 per sec) reads @ chr4:60000000-65000000
ForkPoolWorker-10 countReadsInRegions_worker: processing 5000000 (11862222.7 per sec) @ chr4:60000000-65000000
ForkPoolWorker-10,  processing 97 (45220.3 per sec) reads @ chr7:65000000-70000000
ForkPoolWorker-10 countReadsInRegions_worker: processing 5000000 (11708038.2 per sec) @ chr7:65000000-70000000
ForkPoolWorker-10,  processing 42 (33624.9 per sec) reads @ chr7:130000000-135000000
ForkPoolWorker-10 countReadsInRegions_worker: processing 5000000 (10928791.3 per sec) @ chr7:130000000-135000000
ForkPoolWorker-10,  processing 59 (37855.9 per sec) reads @ chr3:130000000-135000000
ForkPoolWorker-10 countReadsInRegions_worker: processing 5000000 (11753359.9 per sec) @ chr3:130000000-135000000
ForkPoolWorker-10,  processing 117 (45940.2 per sec) reads @ chrX:40000000-45000000
ForkPoolWorker-10 countReadsInRegions_worker: processing 5000000 (11986260.0 per sec) @ chrX:40000000-45000000
ForkPoolWorker-10,  processing 79 (42705.2 per sec) reads @ chr5:170000000-175000000
ForkPoolWorker-10 countReadsInRegions_worker: processing 5000000 (11871697.6 per sec) @ chr5:170000000-175000000
ForkPoolWorker-11,  processing 60 (11372.8 per sec) reads @ chr5:40000000-45000000
ForkPoolWorker-11 countReadsInRegions_worker: processing 5000000 (10917691.2 per sec) @ chr5:40000000-45000000
ForkPoolWorker-11,  processing 34 (23692.7 per sec) reads @ chr4:55000000-60000000
ForkPoolWorker-11 countReadsInRegions_worker: processing 5000000 (11171946.5 per sec) @ chr4:55000000-60000000
ForkPoolWorker-11,  processing 442 (60085.6 per sec) reads @ chr4:65000000-70000000
ForkPoolWorker-11 countReadsInRegions_worker: processing 5000000 (11457555.5 per sec) @ chr4:65000000-70000000
ForkPoolWorker-11,  processing 0 (0.0 per sec) reads @ chrUn_KI270340v1:0-1428
ForkPoolWorker-11 countReadsInRegions_worker: processing 1428 (243217.2 per sec) @ chrUn_KI270340v1:0-1428
ForkPoolWorker-11,  processing 51 (38424.6 per sec) reads @ chr3:190000000-195000000
ForkPoolWorker-11 countReadsInRegions_worker: processing 5000000 (11725975.4 per sec) @ chr3:190000000-195000000
ForkPoolWorker-11,  processing 73 (38762.4 per sec) reads @ chr8:40000000-45000000
ForkPoolWorker-11 countReadsInRegions_worker: processing 5000000 (11574140.0 per sec) @ chr8:40000000-45000000
ForkPoolWorker-11,  processing 871 (57560.3 per sec) reads @ chr19:15000000-20000000
ForkPoolWorker-11 countReadsInRegions_worker: processing 5000000 (11467604.9 per sec) @ chr19:15000000-20000000
ForkPoolWorker-11,  processing 34 (30066.7 per sec) reads @ chr15:30000000-35000000
ForkPoolWorker-11 countReadsInRegions_worker: processing 5000000 (11846174.7 per sec) @ chr15:30000000-35000000
ForkPoolWorker-11,  processing 146 (49221.8 per sec) reads @ chr22:30000000-35000000
ForkPoolWorker-11 countReadsInRegions_worker: processing 5000000 (11730081.1 per sec) @ chr22:30000000-35000000
ForkPoolWorker-11,  processing 0 (0.0 per sec) reads @ chr11_KI270721v1_random:0-100316
ForkPoolWorker-11 countReadsInRegions_worker: processing 100316 (7342776.9 per sec) @ chr11_KI270721v1_random:0-100316
ForkPoolWorker-11,  processing 36 (32444.1 per sec) reads @ chr15:50000000-55000000
ForkPoolWorker-11 countReadsInRegions_worker: processing 5000000 (11977011.7 per sec) @ chr15:50000000-55000000
ForkPoolWorker-11,  processing 27 (27229.2 per sec) reads @ chr15:20000000-25000000
ForkPoolWorker-11 countReadsInRegions_worker: processing 5000000 (10794843.4 per sec) @ chr15:20000000-25000000
ForkPoolWorker-11,  processing 52 (33487.5 per sec) reads @ chr15:25000000-30000000
ForkPoolWorker-11 countReadsInRegions_worker: processing 5000000 (11881638.7 per sec) @ chr15:25000000-30000000
ForkPoolWorker-11,  processing 30 (28591.0 per sec) reads @ chr4:165000000-170000000
ForkPoolWorker-11 countReadsInRegions_worker: processing 5000000 (11904800.3 per sec) @ chr4:165000000-170000000
ForkPoolWorker-11,  processing 136 (50529.3 per sec) reads @ chr8:35000000-40000000
ForkPoolWorker-11 countReadsInRegions_worker: processing 5000000 (12058162.5 per sec) @ chr8:35000000-40000000
ForkPoolWorker-25,  processing 0 (0.0 per sec) reads @ chr14:0-5000000
ForkPoolWorker-25 countReadsInRegions_worker: processing 5000000 (10735181.2 per sec) @ chr14:0-5000000
ForkPoolWorker-25,  processing 265 (48619.5 per sec) reads @ chr3:85000000-90000000
ForkPoolWorker-25 countReadsInRegions_worker: processing 5000000 (11079481.7 per sec) @ chr3:85000000-90000000
ForkPoolWorker-25,  processing 27 (28318.6 per sec) reads @ chr10:60000000-65000000
ForkPoolWorker-25 countReadsInRegions_worker: processing 5000000 (11492163.2 per sec) @ chr10:60000000-65000000
ForkPoolWorker-25,  processing 27 (27294.8 per sec) reads @ chr8:130000000-135000000
ForkPoolWorker-25 countReadsInRegions_worker: processing 5000000 (11424779.8 per sec) @ chr8:130000000-135000000
ForkPoolWorker-25,  processing 107 (47606.9 per sec) reads @ chr11:120000000-125000000
ForkPoolWorker-25 countReadsInRegions_worker: processing 5000000 (11525834.0 per sec) @ chr11:120000000-125000000
ForkPoolWorker-25,  processing 262 (52080.9 per sec) reads @ chr22:45000000-50000000
ForkPoolWorker-25 countReadsInRegions_worker: processing 5000000 (11723785.9 per sec) @ chr22:45000000-50000000
ForkPoolWorker-25,  processing 25 (24528.1 per sec) reads @ chr12:70000000-75000000
ForkPoolWorker-25 countReadsInRegions_worker: processing 5000000 (11873848.5 per sec) @ chr12:70000000-75000000
ForkPoolWorker-25,  processing 7 (11678.7 per sec) reads @ chr18:40000000-45000000
ForkPoolWorker-25 countReadsInRegions_worker: processing 5000000 (11922132.6 per sec) @ chr18:40000000-45000000
ForkPoolWorker-25,  processing 167 (48781.2 per sec) reads @ chr19:30000000-35000000
ForkPoolWorker-25 countReadsInRegions_worker: processing 5000000 (11817564.0 per sec) @ chr19:30000000-35000000
ForkPoolWorker-25,  processing 14 (19685.0 per sec) reads @ chr4:45000000-50000000
ForkPoolWorker-25 countReadsInRegions_worker: processing 5000000 (11919286.6 per sec) @ chr4:45000000-50000000
ForkPoolWorker-25,  processing 235 (53603.5 per sec) reads @ chr15:85000000-90000000
ForkPoolWorker-25 countReadsInRegions_worker: processing 5000000 (11841392.2 per sec) @ chr15:85000000-90000000
ForkPoolWorker-25,  processing 2 (4450.2 per sec) reads @ chrY:5000000-10000000
ForkPoolWorker-25 countReadsInRegions_worker: processing 5000000 (11976929.7 per sec) @ chrY:5000000-10000000
ForkPoolWorker-25,  processing 0 (0.0 per sec) reads @ chrUn_KI270411v1:0-2646
ForkPoolWorker-25 countReadsInRegions_worker: processing 2646 (478491.4 per sec) @ chrUn_KI270411v1:0-2646
ForkPoolWorker-25,  processing 66 (40406.4 per sec) reads @ chr1:245000000-248956422
ForkPoolWorker-25 countReadsInRegions_worker: processing 3956422 (11866629.2 per sec) @ chr1:245000000-248956422
ForkPoolWorker-25,  processing 192 (49490.3 per sec) reads @ chr2:70000000-75000000
ForkPoolWorker-25 countReadsInRegions_worker: processing 5000000 (11971747.1 per sec) @ chr2:70000000-75000000
ForkPoolWorker-43,  processing 30 (5347.6 per sec) reads @ chr5:120000000-125000000
ForkPoolWorker-43 countReadsInRegions_worker: processing 5000000 (9897226.4 per sec) @ chr5:120000000-125000000
ForkPoolWorker-43,  processing 24 (16077.8 per sec) reads @ chr2:50000000-55000000
ForkPoolWorker-43 countReadsInRegions_worker: processing 5000000 (10915350.0 per sec) @ chr2:50000000-55000000
ForkPoolWorker-43,  processing 42 (29064.6 per sec) reads @ chr7:45000000-50000000
ForkPoolWorker-43 countReadsInRegions_worker: processing 5000000 (11388516.3 per sec) @ chr7:45000000-50000000
ForkPoolWorker-43,  processing 1 (2517.6 per sec) reads @ chr3_GL000221v1_random:0-155397
ForkPoolWorker-43 countReadsInRegions_worker: processing 155397 (8429672.3 per sec) @ chr3_GL000221v1_random:0-155397
ForkPoolWorker-43,  processing 17 (17910.9 per sec) reads @ chr8:55000000-60000000
ForkPoolWorker-43 countReadsInRegions_worker: processing 5000000 (11961757.1 per sec) @ chr8:55000000-60000000
ForkPoolWorker-43,  processing 0 (0.0 per sec) reads @ chrUn_KI270468v1:0-4055
ForkPoolWorker-43 countReadsInRegions_worker: processing 4055 (706807.2 per sec) @ chrUn_KI270468v1:0-4055
ForkPoolWorker-43,  processing 49 (33380.0 per sec) reads @ chr8:95000000-100000000
ForkPoolWorker-43 countReadsInRegions_worker: processing 5000000 (11766595.1 per sec) @ chr8:95000000-100000000
ForkPoolWorker-43,  processing 26 (25408.2 per sec) reads @ chr9:10000000-15000000
ForkPoolWorker-43 countReadsInRegions_worker: processing 5000000 (11700754.7 per sec) @ chr9:10000000-15000000
ForkPoolWorker-43,  processing 84 (39995.6 per sec) reads @ chr13:75000000-80000000
ForkPoolWorker-43 countReadsInRegions_worker: processing 5000000 (11606417.7 per sec) @ chr13:75000000-80000000
ForkPoolWorker-43,  processing 13 (17178.9 per sec) reads @ chr6:170000000-170805979
ForkPoolWorker-43 countReadsInRegions_worker: processing 805979 (11054101.0 per sec) @ chr6:170000000-170805979
ForkPoolWorker-43,  processing 0 (0.0 per sec) reads @ chrUn_KI270507v1:0-5353
ForkPoolWorker-43 countReadsInRegions_worker: processing 5353 (783969.7 per sec) @ chrUn_KI270507v1:0-5353
ForkPoolWorker-43,  processing 2109 (58562.8 per sec) reads @ chr8:140000000-145000000
ForkPoolWorker-43 countReadsInRegions_worker: processing 5000000 (11201089.6 per sec) @ chr8:140000000-145000000
ForkPoolWorker-43,  processing 224 (50384.7 per sec) reads @ chr11:70000000-75000000
ForkPoolWorker-43 countReadsInRegions_worker: processing 5000000 (11853238.5 per sec) @ chr11:70000000-75000000
ForkPoolWorker-43,  processing 11 (15953.4 per sec) reads @ chr16:35000000-40000000
ForkPoolWorker-43 countReadsInRegions_worker: processing 5000000 (12074567.9 per sec) @ chr16:35000000-40000000
ForkPoolWorker-43,  processing 0 (0.0 per sec) reads @ chr14_KI270723v1_random:0-38115
ForkPoolWorker-43 countReadsInRegions_worker: processing 38115 (4447514.2 per sec) @ chr14_KI270723v1_random:0-38115
ForkPoolWorker-43,  processing 0 (0.0 per sec) reads @ chrUn_KI270438v1:0-112505
ForkPoolWorker-43 countReadsInRegions_worker: processing 112505 (8063846.5 per sec) @ chrUn_KI270438v1:0-112505
ForkPoolWorker-43,  processing 68 (38883.8 per sec) reads @ chr13:45000000-50000000
ForkPoolWorker-43 countReadsInRegions_worker: processing 5000000 (12159531.7 per sec) @ chr13:45000000-50000000
ForkPoolWorker-43,  processing 39 (31505.8 per sec) reads @ chr2:195000000-200000000
ForkPoolWorker-43 countReadsInRegions_worker: processing 5000000 (12018104.4 per sec) @ chr2:195000000-200000000
ForkPoolWorker-43,  processing 319 (53170.5 per sec) reads @ chr10:100000000-105000000
ForkPoolWorker-43 countReadsInRegions_worker: processing 5000000 (12016795.9 per sec) @ chr10:100000000-105000000
ForkPoolWorker-43,  processing 0 (0.0 per sec) reads @ chr1_KI270711v1_random:0-42210
ForkPoolWorker-43 countReadsInRegions_worker: processing 42210 (5011225.1 per sec) @ chr1_KI270711v1_random:0-42210
ForkPoolWorker-6,  processing 123 (14046.1 per sec) reads @ chr1:105000000-110000000
ForkPoolWorker-6 countReadsInRegions_worker: processing 5000000 (9989301.7 per sec) @ chr1:105000000-110000000
ForkPoolWorker-6,  processing 34 (13692.4 per sec) reads @ chr4:85000000-90000000
ForkPoolWorker-6 countReadsInRegions_worker: processing 5000000 (11135819.0 per sec) @ chr4:85000000-90000000
ForkPoolWorker-6,  processing 82 (43110.2 per sec) reads @ chr13:50000000-55000000
ForkPoolWorker-6 countReadsInRegions_worker: processing 5000000 (11121103.1 per sec) @ chr13:50000000-55000000
ForkPoolWorker-6,  processing 0 (0.0 per sec) reads @ chr9_KI270718v1_random:0-38054
ForkPoolWorker-6 countReadsInRegions_worker: processing 38054 (4856831.2 per sec) @ chr9_KI270718v1_random:0-38054
ForkPoolWorker-6,  processing 111 (51240.1 per sec) reads @ chr4:115000000-120000000
ForkPoolWorker-6 countReadsInRegions_worker: processing 5000000 (11509349.8 per sec) @ chr4:115000000-120000000
ForkPoolWorker-6,  processing 643 (56429.5 per sec) reads @ chr6:30000000-35000000
ForkPoolWorker-6 countReadsInRegions_worker: processing 5000000 (11321838.1 per sec) @ chr6:30000000-35000000
ForkPoolWorker-6,  processing 0 (0.0 per sec) reads @ chrUn_KI270752v1:0-27745
ForkPoolWorker-6 countReadsInRegions_worker: processing 27745 (4051631.7 per sec) @ chrUn_KI270752v1:0-27745
ForkPoolWorker-6,  processing 100 (44539.7 per sec) reads @ chr17:30000000-35000000
ForkPoolWorker-6 countReadsInRegions_worker: processing 5000000 (11813689.6 per sec) @ chr17:30000000-35000000
ForkPoolWorker-6,  processing 26 (27776.8 per sec) reads @ chr20:10000000-15000000
ForkPoolWorker-6 countReadsInRegions_worker: processing 5000000 (11890072.7 per sec) @ chr20:10000000-15000000
ForkPoolWorker-6,  processing 37 (32425.7 per sec) reads @ chr10:25000000-30000000
ForkPoolWorker-6 countReadsInRegions_worker: processing 5000000 (11909154.0 per sec) @ chr10:25000000-30000000
ForkPoolWorker-6,  processing 100 (44854.1 per sec) reads @ chr16:15000000-20000000
ForkPoolWorker-6 countReadsInRegions_worker: processing 5000000 (11936131.2 per sec) @ chr16:15000000-20000000
ForkPoolWorker-6,  processing 42 (33708.5 per sec) reads @ chr13:70000000-75000000
ForkPoolWorker-6 countReadsInRegions_worker: processing 5000000 (11030785.6 per sec) @ chr13:70000000-75000000
ForkPoolWorker-6,  processing 54 (38670.4 per sec) reads @ chr11:105000000-110000000
ForkPoolWorker-6 countReadsInRegions_worker: processing 5000000 (11737788.9 per sec) @ chr11:105000000-110000000
ForkPoolWorker-6,  processing 16 (20809.0 per sec) reads @ chr14:40000000-45000000
ForkPoolWorker-6 countReadsInRegions_worker: processing 5000000 (11797268.2 per sec) @ chr14:40000000-45000000
ForkPoolWorker-6,  processing 14 (19757.8 per sec) reads @ chr13:15000000-20000000
ForkPoolWorker-6 countReadsInRegions_worker: processing 5000000 (12154521.0 per sec) @ chr13:15000000-20000000
ForkPoolWorker-5,  processing 45 (7063.0 per sec) reads @ chr5:95000000-100000000
ForkPoolWorker-5 countReadsInRegions_worker: processing 5000000 (9907943.6 per sec) @ chr5:95000000-100000000
ForkPoolWorker-5,  processing 227 (50368.0 per sec) reads @ chr22:15000000-20000000
ForkPoolWorker-5 countReadsInRegions_worker: processing 5000000 (11047922.5 per sec) @ chr22:15000000-20000000
ForkPoolWorker-5,  processing 57 (38510.8 per sec) reads @ chr10:0-5000000
ForkPoolWorker-5 countReadsInRegions_worker: processing 5000000 (11173625.1 per sec) @ chr10:0-5000000
ForkPoolWorker-5,  processing 6 (10828.7 per sec) reads @ chrX:25000000-30000000
ForkPoolWorker-5 countReadsInRegions_worker: processing 5000000 (11462139.4 per sec) @ chrX:25000000-30000000
ForkPoolWorker-5,  processing 0 (0.0 per sec) reads @ chr1_KI270707v1_random:0-32032
ForkPoolWorker-5 countReadsInRegions_worker: processing 32032 (4302704.4 per sec) @ chr1_KI270707v1_random:0-32032
ForkPoolWorker-5,  processing 68 (40507.4 per sec) reads @ chr10:65000000-70000000
ForkPoolWorker-5 countReadsInRegions_worker: processing 5000000 (11467410.5 per sec) @ chr10:65000000-70000000
ForkPoolWorker-5,  processing 96 (46070.2 per sec) reads @ chr17:65000000-70000000
ForkPoolWorker-5 countReadsInRegions_worker: processing 5000000 (11605139.5 per sec) @ chr17:65000000-70000000
ForkPoolWorker-5,  processing 0 (0.0 per sec) reads @ chrY:30000000-35000000
ForkPoolWorker-5 countReadsInRegions_worker: processing 5000000 (11840516.4 per sec) @ chrY:30000000-35000000
ForkPoolWorker-5,  processing 7 (12305.2 per sec) reads @ chr4:160000000-165000000
ForkPoolWorker-5 countReadsInRegions_worker: processing 5000000 (11883739.3 per sec) @ chr4:160000000-165000000
ForkPoolWorker-5,  processing 18 (22597.3 per sec) reads @ chr8:0-5000000
ForkPoolWorker-5 countReadsInRegions_worker: processing 5000000 (11978988.9 per sec) @ chr8:0-5000000
ForkPoolWorker-5,  processing 246 (52685.8 per sec) reads @ chr14:105000000-107043718
ForkPoolWorker-5 countReadsInRegions_worker: processing 2043718 (11330497.5 per sec) @ chr14:105000000-107043718
ForkPoolWorker-5,  processing 205 (55380.2 per sec) reads @ chr7:140000000-145000000
ForkPoolWorker-5 countReadsInRegions_worker: processing 5000000 (11965504.0 per sec) @ chr7:140000000-145000000
ForkPoolWorker-5,  processing 110 (44928.8 per sec) reads @ chr11:55000000-60000000
ForkPoolWorker-5 countReadsInRegions_worker: processing 5000000 (12027588.6 per sec) @ chr11:55000000-60000000
ForkPoolWorker-5,  processing 11 (16807.8 per sec) reads @ chr13:60000000-65000000
ForkPoolWorker-5 countReadsInRegions_worker: processing 5000000 (12275446.4 per sec) @ chr13:60000000-65000000
ForkPoolWorker-5,  processing 89 (44937.2 per sec) reads @ chr4:80000000-85000000
ForkPoolWorker-5 countReadsInRegions_worker: processing 5000000 (12240146.3 per sec) @ chr4:80000000-85000000
ForkPoolWorker-3,  processing 41 (4425.3 per sec) reads @ chr13:30000000-35000000
ForkPoolWorker-3 countReadsInRegions_worker: processing 5000000 (10397330.7 per sec) @ chr13:30000000-35000000
ForkPoolWorker-3,  processing 0 (0.0 per sec) reads @ chrY:35000000-40000000
ForkPoolWorker-3 countReadsInRegions_worker: processing 5000000 (11198625.3 per sec) @ chrY:35000000-40000000
ForkPoolWorker-3,  processing 38 (28800.8 per sec) reads @ chr10:45000000-50000000
ForkPoolWorker-3 countReadsInRegions_worker: processing 5000000 (11490607.9 per sec) @ chr10:45000000-50000000
ForkPoolWorker-3,  processing 45 (33506.8 per sec) reads @ chr3:25000000-30000000
ForkPoolWorker-3 countReadsInRegions_worker: processing 5000000 (11524225.2 per sec) @ chr3:25000000-30000000
ForkPoolWorker-3,  processing 0 (0.0 per sec) reads @ chrUn_KI270333v1:0-2699
ForkPoolWorker-3 countReadsInRegions_worker: processing 2699 (500394.6 per sec) @ chrUn_KI270333v1:0-2699
ForkPoolWorker-3,  processing 67 (40988.7 per sec) reads @ chr18:20000000-25000000
ForkPoolWorker-3 countReadsInRegions_worker: processing 5000000 (11537520.4 per sec) @ chr18:20000000-25000000
ForkPoolWorker-3,  processing 30 (30795.2 per sec) reads @ chr3:105000000-110000000
ForkPoolWorker-3 countReadsInRegions_worker: processing 5000000 (11796372.4 per sec) @ chr3:105000000-110000000
ForkPoolWorker-3,  processing 156 (46504.0 per sec) reads @ chr22:25000000-30000000
ForkPoolWorker-3 countReadsInRegions_worker: processing 5000000 (11769077.9 per sec) @ chr22:25000000-30000000
ForkPoolWorker-3,  processing 161 (47044.9 per sec) reads @ chr7:70000000-75000000
ForkPoolWorker-3 countReadsInRegions_worker: processing 5000000 (11874756.2 per sec) @ chr7:70000000-75000000
ForkPoolWorker-3,  processing 48 (37921.8 per sec) reads @ chr13:90000000-95000000
ForkPoolWorker-3 countReadsInRegions_worker: processing 5000000 (11994534.5 per sec) @ chr13:90000000-95000000
ForkPoolWorker-3,  processing 33 (30541.0 per sec) reads @ chr3:155000000-160000000
ForkPoolWorker-3 countReadsInRegions_worker: processing 5000000 (12007149.9 per sec) @ chr3:155000000-160000000
ForkPoolWorker-3,  processing 38 (33455.8 per sec) reads @ chrX:20000000-25000000
ForkPoolWorker-3 countReadsInRegions_worker: processing 5000000 (11833981.9 per sec) @ chrX:20000000-25000000
ForkPoolWorker-3,  processing 3 (6207.7 per sec) reads @ chr5:25000000-30000000
ForkPoolWorker-3 countReadsInRegions_worker: processing 5000000 (12090348.8 per sec) @ chr5:25000000-30000000
ForkPoolWorker-3,  processing 56 (40927.2 per sec) reads @ chr10:80000000-85000000
ForkPoolWorker-3 countReadsInRegions_worker: processing 5000000 (12121193.9 per sec) @ chr10:80000000-85000000
ForkPoolWorker-3,  processing 95 (44009.2 per sec) reads @ chr9:75000000-80000000
ForkPoolWorker-3 countReadsInRegions_worker: processing 5000000 (12196041.4 per sec) @ chr9:75000000-80000000
ForkPoolWorker-9,  processing 51 (6125.7 per sec) reads @ chr12:100000000-105000000
ForkPoolWorker-9 countReadsInRegions_worker: processing 5000000 (9748169.6 per sec) @ chr12:100000000-105000000
ForkPoolWorker-9,  processing 0 (0.0 per sec) reads @ chrUn_KI270587v1:0-2969
ForkPoolWorker-9 countReadsInRegions_worker: processing 2969 (551940.8 per sec) @ chrUn_KI270587v1:0-2969
ForkPoolWorker-9,  processing 13 (17865.6 per sec) reads @ chr8:105000000-110000000
ForkPoolWorker-9 countReadsInRegions_worker: processing 5000000 (11294454.2 per sec) @ chr8:105000000-110000000
ForkPoolWorker-9,  processing 13 (18055.0 per sec) reads @ chrX:80000000-85000000
ForkPoolWorker-9 countReadsInRegions_worker: processing 5000000 (11258709.8 per sec) @ chrX:80000000-85000000
ForkPoolWorker-9,  processing 0 (0.0 per sec) reads @ chrUn_KI270539v1:0-993
ForkPoolWorker-9 countReadsInRegions_worker: processing 993 (194034.2 per sec) @ chrUn_KI270539v1:0-993
ForkPoolWorker-9,  processing 57 (37667.5 per sec) reads @ chr7:105000000-110000000
ForkPoolWorker-9 countReadsInRegions_worker: processing 5000000 (11478105.3 per sec) @ chr7:105000000-110000000
ForkPoolWorker-9,  processing 65 (42092.0 per sec) reads @ chr5:90000000-95000000
ForkPoolWorker-9 countReadsInRegions_worker: processing 5000000 (11595264.5 per sec) @ chr5:90000000-95000000
ForkPoolWorker-9,  processing 0 (0.0 per sec) reads @ chr18:15000000-20000000
ForkPoolWorker-9 countReadsInRegions_worker: processing 5000000 (11824753.7 per sec) @ chr18:15000000-20000000
ForkPoolWorker-9,  processing 100 (41651.5 per sec) reads @ chr1:200000000-205000000
ForkPoolWorker-9 countReadsInRegions_worker: processing 5000000 (11955531.2 per sec) @ chr1:200000000-205000000
ForkPoolWorker-9,  processing 121 (47140.1 per sec) reads @ chr14:65000000-70000000
ForkPoolWorker-9 countReadsInRegions_worker: processing 5000000 (12042908.0 per sec) @ chr14:65000000-70000000
ForkPoolWorker-9,  processing 43 (33461.1 per sec) reads @ chr10:90000000-95000000
ForkPoolWorker-9 countReadsInRegions_worker: processing 5000000 (11992312.2 per sec) @ chr10:90000000-95000000
ForkPoolWorker-9,  processing 0 (0.0 per sec) reads @ chr22:5000000-10000000
ForkPoolWorker-9 countReadsInRegions_worker: processing 5000000 (11211946.6 per sec) @ chr22:5000000-10000000
ForkPoolWorker-9,  processing 18 (22678.7 per sec) reads @ chr19:20000000-25000000
ForkPoolWorker-9 countReadsInRegions_worker: processing 5000000 (11857742.3 per sec) @ chr19:20000000-25000000
ForkPoolWorker-9,  processing 14 (18488.7 per sec) reads @ chr9:65000000-70000000
ForkPoolWorker-9 countReadsInRegions_worker: processing 5000000 (12112995.6 per sec) @ chr9:65000000-70000000
ForkPoolWorker-9,  processing 1367 (62383.6 per sec) reads @ chr1:5000000-10000000
ForkPoolWorker-9 countReadsInRegions_worker: processing 5000000 (11363524.1 per sec) @ chr1:5000000-10000000
ForkPoolWorker-27,  processing 0 (0.0 per sec) reads @ chrUn_KI270302v1:0-2274
ForkPoolWorker-27 countReadsInRegions_worker: processing 2274 (137112.9 per sec) @ chrUn_KI270302v1:0-2274
ForkPoolWorker-27,  processing 0 (0.0 per sec) reads @ chrUn_KI270362v1:0-3530
ForkPoolWorker-27 countReadsInRegions_worker: processing 3530 (243887.0 per sec) @ chrUn_KI270362v1:0-3530
ForkPoolWorker-27,  processing 83 (21323.5 per sec) reads @ chr6:5000000-10000000
ForkPoolWorker-27 countReadsInRegions_worker: processing 5000000 (10406808.7 per sec) @ chr6:5000000-10000000
ForkPoolWorker-27,  processing 0 (0.0 per sec) reads @ chrUn_KI270544v1:0-1202
ForkPoolWorker-27 countReadsInRegions_worker: processing 1202 (221938.4 per sec) @ chrUn_KI270544v1:0-1202
ForkPoolWorker-27,  processing 19 (22467.4 per sec) reads @ chr6:90000000-95000000
ForkPoolWorker-27 countReadsInRegions_worker: processing 5000000 (10908150.9 per sec) @ chr6:90000000-95000000
ForkPoolWorker-27,  processing 209 (48004.5 per sec) reads @ chr17:60000000-65000000
ForkPoolWorker-27 countReadsInRegions_worker: processing 5000000 (11352783.4 per sec) @ chr17:60000000-65000000
ForkPoolWorker-27,  processing 84 (40496.7 per sec) reads @ chr1:160000000-165000000
ForkPoolWorker-27 countReadsInRegions_worker: processing 5000000 (11540301.2 per sec) @ chr1:160000000-165000000
ForkPoolWorker-27,  processing 0 (0.0 per sec) reads @ chrUn_KI270581v1:0-7046
ForkPoolWorker-27 countReadsInRegions_worker: processing 7046 (1240839.1 per sec) @ chrUn_KI270581v1:0-7046
ForkPoolWorker-27,  processing 0 (0.0 per sec) reads @ chr14:10000000-15000000
ForkPoolWorker-27 countReadsInRegions_worker: processing 5000000 (11417502.4 per sec) @ chr14:10000000-15000000
ForkPoolWorker-27,  processing 32 (31169.9 per sec) reads @ chr7:110000000-115000000
ForkPoolWorker-27 countReadsInRegions_worker: processing 5000000 (11368945.1 per sec) @ chr7:110000000-115000000
ForkPoolWorker-27,  processing 3 (5966.3 per sec) reads @ chr13:65000000-70000000
ForkPoolWorker-27 countReadsInRegions_worker: processing 5000000 (11441777.7 per sec) @ chr13:65000000-70000000
ForkPoolWorker-27,  processing 43 (34932.2 per sec) reads @ chr3:20000000-25000000
ForkPoolWorker-27 countReadsInRegions_worker: processing 5000000 (11523440.0 per sec) @ chr3:20000000-25000000
ForkPoolWorker-27,  processing 43 (33263.6 per sec) reads @ chr3:100000000-105000000
ForkPoolWorker-27 countReadsInRegions_worker: processing 5000000 (11768978.8 per sec) @ chr3:100000000-105000000
ForkPoolWorker-27,  processing 0 (0.0 per sec) reads @ chr9_KI270720v1_random:0-39050
ForkPoolWorker-27 countReadsInRegions_worker: processing 39050 (4753804.2 per sec) @ chr9_KI270720v1_random:0-39050
ForkPoolWorker-27,  processing 11 (16507.1 per sec) reads @ chr4:90000000-95000000
ForkPoolWorker-27 countReadsInRegions_worker: processing 5000000 (10757444.6 per sec) @ chr4:90000000-95000000
ForkPoolWorker-27,  processing 298 (52521.3 per sec) reads @ chr3:50000000-55000000
ForkPoolWorker-27 countReadsInRegions_worker: processing 5000000 (11693969.2 per sec) @ chr3:50000000-55000000
ForkPoolWorker-27,  processing 227 (53057.0 per sec) reads @ chr13:110000000-114364328
ForkPoolWorker-27 countReadsInRegions_worker: processing 4364328 (11882211.0 per sec) @ chr13:110000000-114364328
ForkPoolWorker-27,  processing 34 (30569.4 per sec) reads @ chr17:10000000-15000000
ForkPoolWorker-27 countReadsInRegions_worker: processing 5000000 (12166014.3 per sec) @ chr17:10000000-15000000
ForkPoolWorker-27,  processing 0 (0.0 per sec) reads @ chrUn_KI270305v1:0-1472
ForkPoolWorker-27 countReadsInRegions_worker: processing 1472 (216898.5 per sec) @ chrUn_KI270305v1:0-1472
ForkPoolWorker-27,  processing 22 (25803.9 per sec) reads @ chr2:190000000-195000000
ForkPoolWorker-27 countReadsInRegions_worker: processing 5000000 (12198581.1 per sec) @ chr2:190000000-195000000
ForkPoolWorker-18,  processing 355 (22910.9 per sec) reads @ chr1:120000000-125000000
ForkPoolWorker-18 countReadsInRegions_worker: processing 5000000 (10070531.8 per sec) @ chr1:120000000-125000000
ForkPoolWorker-18,  processing 3 (6177.2 per sec) reads @ chr8:145000000-145138636
ForkPoolWorker-18 countReadsInRegions_worker: processing 138636 (8088152.2 per sec) @ chr8:145000000-145138636
ForkPoolWorker-18,  processing 412 (55170.6 per sec) reads @ chr14:20000000-25000000
ForkPoolWorker-18 countReadsInRegions_worker: processing 5000000 (11816978.0 per sec) @ chr14:20000000-25000000
ForkPoolWorker-18,  processing 268 (53484.0 per sec) reads @ chrX:70000000-75000000
ForkPoolWorker-18 countReadsInRegions_worker: processing 5000000 (11645442.3 per sec) @ chrX:70000000-75000000
ForkPoolWorker-18,  processing 221 (51651.7 per sec) reads @ chr14:30000000-35000000
ForkPoolWorker-18 countReadsInRegions_worker: processing 5000000 (11567277.3 per sec) @ chr14:30000000-35000000
ForkPoolWorker-18,  processing 0 (0.0 per sec) reads @ chrUn_KI270528v1:0-2983
ForkPoolWorker-18 countReadsInRegions_worker: processing 2983 (560204.6 per sec) @ chrUn_KI270528v1:0-2983
ForkPoolWorker-18,  processing 172 (50822.1 per sec) reads @ chr7:25000000-30000000
ForkPoolWorker-18 countReadsInRegions_worker: processing 5000000 (11405090.1 per sec) @ chr7:25000000-30000000
ForkPoolWorker-18,  processing 61 (37932.2 per sec) reads @ chr18:50000000-55000000
ForkPoolWorker-18 countReadsInRegions_worker: processing 5000000 (11599497.3 per sec) @ chr18:50000000-55000000
ForkPoolWorker-18,  processing 6 (9931.3 per sec) reads @ chrX:85000000-90000000
ForkPoolWorker-18 countReadsInRegions_worker: processing 5000000 (11730579.8 per sec) @ chrX:85000000-90000000
ForkPoolWorker-18,  processing 52 (38629.8 per sec) reads @ chrX:145000000-150000000
ForkPoolWorker-18 countReadsInRegions_worker: processing 5000000 (11668833.9 per sec) @ chrX:145000000-150000000
ForkPoolWorker-18,  processing 10 (16250.7 per sec) reads @ chr2:90000000-95000000
ForkPoolWorker-18 countReadsInRegions_worker: processing 5000000 (11699958.3 per sec) @ chr2:90000000-95000000
ForkPoolWorker-18,  processing 172 (48590.3 per sec) reads @ chr1:20000000-25000000
ForkPoolWorker-18 countReadsInRegions_worker: processing 5000000 (10918276.6 per sec) @ chr1:20000000-25000000
ForkPoolWorker-18,  processing 44 (34169.5 per sec) reads @ chr5:75000000-80000000
ForkPoolWorker-18 countReadsInRegions_worker: processing 5000000 (11872907.4 per sec) @ chr5:75000000-80000000
ForkPoolWorker-18,  processing 14 (19077.4 per sec) reads @ chr2:80000000-85000000
ForkPoolWorker-18 countReadsInRegions_worker: processing 5000000 (11834135.5 per sec) @ chr2:80000000-85000000
ForkPoolWorker-18,  processing 61 (40695.5 per sec) reads @ chr14:35000000-40000000
ForkPoolWorker-18 countReadsInRegions_worker: processing 5000000 (11916401.5 per sec) @ chr14:35000000-40000000
ForkPoolWorker-24,  processing 9 (6490.5 per sec) reads @ chr5:15000000-20000000
ForkPoolWorker-24 countReadsInRegions_worker: processing 5000000 (11202423.9 per sec) @ chr5:15000000-20000000
ForkPoolWorker-24,  processing 0 (0.0 per sec) reads @ chr15:5000000-10000000
ForkPoolWorker-24 countReadsInRegions_worker: processing 5000000 (11682608.2 per sec) @ chr15:5000000-10000000
ForkPoolWorker-24,  processing 0 (0.0 per sec) reads @ chr17_KI270730v1_random:0-112551
ForkPoolWorker-24 countReadsInRegions_worker: processing 112551 (7495960.6 per sec) @ chr17_KI270730v1_random:0-112551
ForkPoolWorker-24,  processing 114 (45305.2 per sec) reads @ chr1:205000000-210000000
ForkPoolWorker-24 countReadsInRegions_worker: processing 5000000 (11152981.5 per sec) @ chr1:205000000-210000000
ForkPoolWorker-24,  processing 123 (44919.4 per sec) reads @ chr15:90000000-95000000
ForkPoolWorker-24 countReadsInRegions_worker: processing 5000000 (11378463.0 per sec) @ chr15:90000000-95000000
ForkPoolWorker-24,  processing 75 (44683.6 per sec) reads @ chr2:165000000-170000000
ForkPoolWorker-24 countReadsInRegions_worker: processing 5000000 (11438470.2 per sec) @ chr2:165000000-170000000
ForkPoolWorker-24,  processing 43 (36252.3 per sec) reads @ chr1:70000000-75000000
ForkPoolWorker-24 countReadsInRegions_worker: processing 5000000 (11901476.3 per sec) @ chr1:70000000-75000000
ForkPoolWorker-24,  processing 94 (42108.8 per sec) reads @ chr14:70000000-75000000
ForkPoolWorker-24 countReadsInRegions_worker: processing 5000000 (11998219.6 per sec) @ chr14:70000000-75000000
ForkPoolWorker-24,  processing 146 (48275.0 per sec) reads @ chr17:55000000-60000000
ForkPoolWorker-24 countReadsInRegions_worker: processing 5000000 (11995248.0 per sec) @ chr17:55000000-60000000
ForkPoolWorker-24,  processing 134 (50438.5 per sec) reads @ chr12:125000000-130000000
ForkPoolWorker-24 countReadsInRegions_worker: processing 5000000 (11874372.9 per sec) @ chr12:125000000-130000000
ForkPoolWorker-24,  processing 31 (29437.0 per sec) reads @ chr11:110000000-115000000
ForkPoolWorker-24 countReadsInRegions_worker: processing 5000000 (11106284.8 per sec) @ chr11:110000000-115000000
ForkPoolWorker-24,  processing 42 (33929.3 per sec) reads @ chr4:180000000-185000000
ForkPoolWorker-24 countReadsInRegions_worker: processing 5000000 (11980487.6 per sec) @ chr4:180000000-185000000
ForkPoolWorker-24,  processing 293 (53705.0 per sec) reads @ chr17:35000000-40000000
ForkPoolWorker-24 countReadsInRegions_worker: processing 5000000 (11972205.0 per sec) @ chr17:35000000-40000000
ForkPoolWorker-24,  processing 167 (52712.9 per sec) reads @ chr1:170000000-175000000
ForkPoolWorker-24 countReadsInRegions_worker: processing 5000000 (11941119.8 per sec) @ chr1:170000000-175000000
ForkPoolWorker-24,  processing 82 (43137.2 per sec) reads @ chr16:80000000-85000000
ForkPoolWorker-24 countReadsInRegions_worker: processing 5000000 (11886069.8 per sec) @ chr16:80000000-85000000
ForkPoolWorker-39,  processing 0 (0.0 per sec) reads @ chrUn_KI270384v1:0-1658
ForkPoolWorker-39 countReadsInRegions_worker: processing 1658 (77999.0 per sec) @ chrUn_KI270384v1:0-1658
ForkPoolWorker-39,  processing 13 (3867.1 per sec) reads @ chr14:15000000-20000000
ForkPoolWorker-39 countReadsInRegions_worker: processing 5000000 (10334962.6 per sec) @ chr14:15000000-20000000
ForkPoolWorker-39,  processing 223 (53674.4 per sec) reads @ chr5:145000000-150000000
ForkPoolWorker-39 countReadsInRegions_worker: processing 5000000 (11125917.5 per sec) @ chr5:145000000-150000000
ForkPoolWorker-39,  processing 2671 (58387.2 per sec) reads @ chr1:140000000-145000000
ForkPoolWorker-39 countReadsInRegions_worker: processing 5000000 (10338258.9 per sec) @ chr1:140000000-145000000
ForkPoolWorker-39,  processing 0 (0.0 per sec) reads @ chrUn_KI270751v1:0-150742
ForkPoolWorker-39 countReadsInRegions_worker: processing 150742 (8358885.9 per sec) @ chrUn_KI270751v1:0-150742
ForkPoolWorker-39,  processing 46 (30791.3 per sec) reads @ chr3:120000000-125000000
ForkPoolWorker-39 countReadsInRegions_worker: processing 5000000 (11917843.9 per sec) @ chr3:120000000-125000000
ForkPoolWorker-39,  processing 672 (41165.7 per sec) reads @ chr1:15000000-20000000
ForkPoolWorker-39 countReadsInRegions_worker: processing 5000000 (11511213.4 per sec) @ chr1:15000000-20000000
ForkPoolWorker-39,  processing 0 (0.0 per sec) reads @ chrUn_KI270522v1:0-5674
ForkPoolWorker-39 countReadsInRegions_worker: processing 5674 (961127.6 per sec) @ chrUn_KI270522v1:0-5674
ForkPoolWorker-39,  processing 0 (0.0 per sec) reads @ chrUn_KI270510v1:0-2415
ForkPoolWorker-39 countReadsInRegions_worker: processing 2415 (340925.7 per sec) @ chrUn_KI270510v1:0-2415
ForkPoolWorker-39,  processing 11 (14275.2 per sec) reads @ chr5:160000000-165000000
ForkPoolWorker-39 countReadsInRegions_worker: processing 5000000 (11810921.8 per sec) @ chr5:160000000-165000000
ForkPoolWorker-39,  processing 69 (41056.5 per sec) reads @ chr3:150000000-155000000
ForkPoolWorker-39 countReadsInRegions_worker: processing 5000000 (11868707.8 per sec) @ chr3:150000000-155000000
ForkPoolWorker-39,  processing 0 (0.0 per sec) reads @ chr9_KI270719v1_random:0-176845
ForkPoolWorker-39 countReadsInRegions_worker: processing 176845 (9135087.4 per sec) @ chr9_KI270719v1_random:0-176845
ForkPoolWorker-39,  processing 18 (20148.8 per sec) reads @ chr5:115000000-120000000
ForkPoolWorker-39 countReadsInRegions_worker: processing 5000000 (11830343.6 per sec) @ chr5:115000000-120000000
ForkPoolWorker-39,  processing 112 (43220.4 per sec) reads @ chr7:95000000-100000000
ForkPoolWorker-39 countReadsInRegions_worker: processing 5000000 (11691244.2 per sec) @ chr7:95000000-100000000
ForkPoolWorker-39,  processing 559 (56427.4 per sec) reads @ chr7:100000000-105000000
ForkPoolWorker-39 countReadsInRegions_worker: processing 5000000 (10724761.3 per sec) @ chr7:100000000-105000000
ForkPoolWorker-39,  processing 133 (47266.8 per sec) reads @ chr4:20000000-25000000
ForkPoolWorker-39 countReadsInRegions_worker: processing 5000000 (11512496.2 per sec) @ chr4:20000000-25000000
ForkPoolWorker-39,  processing 0 (0.0 per sec) reads @ chr14_KI270724v1_random:0-39555
ForkPoolWorker-39 countReadsInRegions_worker: processing 39555 (4789563.6 per sec) @ chr14_KI270724v1_random:0-39555
ForkPoolWorker-39,  processing 146 (48782.6 per sec) reads @ chrX:105000000-110000000
ForkPoolWorker-39 countReadsInRegions_worker: processing 5000000 (11781355.7 per sec) @ chrX:105000000-110000000
ForkPoolWorker-39,  processing 30 (29746.8 per sec) reads @ chr7:55000000-60000000
ForkPoolWorker-39 countReadsInRegions_worker: processing 5000000 (12051731.9 per sec) @ chr7:55000000-60000000
ForkPoolWorker-39,  processing 84 (41503.3 per sec) reads @ chr14:60000000-65000000
ForkPoolWorker-39 countReadsInRegions_worker: processing 5000000 (12193956.5 per sec) @ chr14:60000000-65000000
ForkPoolWorker-38,  processing 16 (3353.8 per sec) reads @ chrX:140000000-145000000
ForkPoolWorker-38 countReadsInRegions_worker: processing 5000000 (10060406.0 per sec) @ chrX:140000000-145000000
ForkPoolWorker-38,  processing 45 (28715.0 per sec) reads @ chr18:0-5000000
ForkPoolWorker-38 countReadsInRegions_worker: processing 5000000 (11125775.8 per sec) @ chr18:0-5000000
ForkPoolWorker-38,  processing 32 (27817.1 per sec) reads @ chr4:95000000-100000000
ForkPoolWorker-38 countReadsInRegions_worker: processing 5000000 (11061546.7 per sec) @ chr4:95000000-100000000
ForkPoolWorker-38,  processing 69 (38190.4 per sec) reads @ chr7:20000000-25000000
ForkPoolWorker-38 countReadsInRegions_worker: processing 5000000 (11148718.5 per sec) @ chr7:20000000-25000000
ForkPoolWorker-38,  processing 19 (23598.4 per sec) reads @ chr11:35000000-40000000
ForkPoolWorker-38 countReadsInRegions_worker: processing 5000000 (11488933.5 per sec) @ chr11:35000000-40000000
ForkPoolWorker-38,  processing 220 (56060.0 per sec) reads @ chr1:60000000-65000000
ForkPoolWorker-38 countReadsInRegions_worker: processing 5000000 (11869648.2 per sec) @ chr1:60000000-65000000
ForkPoolWorker-38,  processing 0 (0.0 per sec) reads @ chrUn_KI270376v1:0-1136
ForkPoolWorker-38 countReadsInRegions_worker: processing 1136 (214347.4 per sec) @ chrUn_KI270376v1:0-1136
ForkPoolWorker-38,  processing 107 (43835.8 per sec) reads @ chr9:110000000-115000000
ForkPoolWorker-38 countReadsInRegions_worker: processing 5000000 (12021686.8 per sec) @ chr9:110000000-115000000
ForkPoolWorker-38,  processing 237 (51995.5 per sec) reads @ chr15:75000000-80000000
ForkPoolWorker-38 countReadsInRegions_worker: processing 5000000 (11739812.7 per sec) @ chr15:75000000-80000000
ForkPoolWorker-38,  processing 711 (56983.0 per sec) reads @ chr17:0-5000000
ForkPoolWorker-38 countReadsInRegions_worker: processing 5000000 (11586263.9 per sec) @ chr17:0-5000000
ForkPoolWorker-38,  processing 15 (20818.8 per sec) reads @ chr9:115000000-120000000
ForkPoolWorker-38 countReadsInRegions_worker: processing 5000000 (11021770.8 per sec) @ chr9:115000000-120000000
ForkPoolWorker-38,  processing 36 (27920.7 per sec) reads @ chr11:90000000-95000000
ForkPoolWorker-38 countReadsInRegions_worker: processing 5000000 (11718355.2 per sec) @ chr11:90000000-95000000
ForkPoolWorker-38,  processing 17 (22007.2 per sec) reads @ chr11:80000000-85000000
ForkPoolWorker-38 countReadsInRegions_worker: processing 5000000 (11979789.5 per sec) @ chr11:80000000-85000000
ForkPoolWorker-38,  processing 25 (28673.1 per sec) reads @ chr3:95000000-100000000
ForkPoolWorker-38 countReadsInRegions_worker: processing 5000000 (12176313.2 per sec) @ chr3:95000000-100000000
ForkPoolWorker-38,  processing 0 (0.0 per sec) reads @ chrY:40000000-45000000
ForkPoolWorker-38 countReadsInRegions_worker: processing 5000000 (12202321.6 per sec) @ chrY:40000000-45000000
ForkPoolWorker-23,  processing 85 (9303.4 per sec) reads @ chr16:50000000-55000000
ForkPoolWorker-23 countReadsInRegions_worker: processing 5000000 (9561079.3 per sec) @ chr16:50000000-55000000
ForkPoolWorker-23,  processing 0 (0.0 per sec) reads @ chrUn_KI270753v1:0-62944
ForkPoolWorker-23 countReadsInRegions_worker: processing 62944 (5247173.2 per sec) @ chrUn_KI270753v1:0-62944
ForkPoolWorker-23,  processing 35 (26642.6 per sec) reads @ chr4:40000000-45000000
ForkPoolWorker-23 countReadsInRegions_worker: processing 5000000 (11360790.8 per sec) @ chr4:40000000-45000000
ForkPoolWorker-23,  processing 24 (23679.9 per sec) reads @ chr1:215000000-220000000
ForkPoolWorker-23 countReadsInRegions_worker: processing 5000000 (11785314.9 per sec) @ chr1:215000000-220000000
ForkPoolWorker-23,  processing 27 (25026.8 per sec) reads @ chr1:195000000-200000000
ForkPoolWorker-23 countReadsInRegions_worker: processing 5000000 (11802759.1 per sec) @ chr1:195000000-200000000
ForkPoolWorker-23,  processing 65 (38135.4 per sec) reads @ chr10:120000000-125000000
ForkPoolWorker-23 countReadsInRegions_worker: processing 5000000 (11583627.2 per sec) @ chr10:120000000-125000000
ForkPoolWorker-23,  processing 260 (52175.4 per sec) reads @ chr2:215000000-220000000
ForkPoolWorker-23 countReadsInRegions_worker: processing 5000000 (11379876.9 per sec) @ chr2:215000000-220000000
ForkPoolWorker-23,  processing 18 (21921.4 per sec) reads @ chr7:85000000-90000000
ForkPoolWorker-23 countReadsInRegions_worker: processing 5000000 (11387706.2 per sec) @ chr7:85000000-90000000
ForkPoolWorker-23,  processing 39 (31402.9 per sec) reads @ chr10:10000000-15000000
ForkPoolWorker-23 countReadsInRegions_worker: processing 5000000 (11564234.8 per sec) @ chr10:10000000-15000000
ForkPoolWorker-23,  processing 34 (31431.9 per sec) reads @ chr2:55000000-60000000
ForkPoolWorker-23 countReadsInRegions_worker: processing 5000000 (11654528.6 per sec) @ chr2:55000000-60000000
ForkPoolWorker-23,  processing 1164 (62271.8 per sec) reads @ chrX:115000000-120000000
ForkPoolWorker-23 countReadsInRegions_worker: processing 5000000 (10322590.8 per sec) @ chrX:115000000-120000000
ForkPoolWorker-23,  processing 2336 (58994.7 per sec) reads @ chr19:0-5000000
ForkPoolWorker-23 countReadsInRegions_worker: processing 5000000 (10828666.0 per sec) @ chr19:0-5000000
ForkPoolWorker-23,  processing 20 (22733.4 per sec) reads @ chr3:175000000-180000000
ForkPoolWorker-23 countReadsInRegions_worker: processing 5000000 (11670593.7 per sec) @ chr3:175000000-180000000
ForkPoolWorker-23,  processing 58 (36993.6 per sec) reads @ chr1:75000000-80000000
ForkPoolWorker-23 countReadsInRegions_worker: processing 5000000 (11680109.6 per sec) @ chr1:75000000-80000000
ForkPoolWorker-23,  processing 0 (0.0 per sec) reads @ chrY:0-5000000
ForkPoolWorker-23 countReadsInRegions_worker: processing 5000000 (11980083.8 per sec) @ chrY:0-5000000
ForkPoolWorker-26,  processing 566 (36246.1 per sec) reads @ chr17:40000000-45000000
ForkPoolWorker-26 countReadsInRegions_worker: processing 5000000 (10411045.1 per sec) @ chr17:40000000-45000000
ForkPoolWorker-26,  processing 95 (32009.9 per sec) reads @ chr3:35000000-40000000
ForkPoolWorker-26 countReadsInRegions_worker: processing 5000000 (11159907.7 per sec) @ chr3:35000000-40000000
ForkPoolWorker-26,  processing 0 (0.0 per sec) reads @ chrUn_KI270310v1:0-1201
ForkPoolWorker-26 countReadsInRegions_worker: processing 1201 (235632.9 per sec) @ chrUn_KI270310v1:0-1201
ForkPoolWorker-26,  processing 53 (29635.8 per sec) reads @ chr3:160000000-165000000
ForkPoolWorker-26 countReadsInRegions_worker: processing 5000000 (11623290.8 per sec) @ chr3:160000000-165000000
ForkPoolWorker-26,  processing 2 (4450.2 per sec) reads @ chr3:80000000-85000000
ForkPoolWorker-26 countReadsInRegions_worker: processing 5000000 (11672451.4 per sec) @ chr3:80000000-85000000
ForkPoolWorker-26,  processing 0 (0.0 per sec) reads @ chrUn_KI270521v1:0-7642
ForkPoolWorker-26 countReadsInRegions_worker: processing 7642 (1335925.9 per sec) @ chrUn_KI270521v1:0-7642
ForkPoolWorker-26,  processing 4846 (64909.6 per sec) reads @ chr10:85000000-90000000
ForkPoolWorker-26 countReadsInRegions_worker: processing 5000000 (9788098.6 per sec) @ chr10:85000000-90000000
ForkPoolWorker-26,  processing 97 (45702.9 per sec) reads @ chrX:100000000-105000000
ForkPoolWorker-26 countReadsInRegions_worker: processing 5000000 (11288763.6 per sec) @ chrX:100000000-105000000
ForkPoolWorker-26,  processing 8 (13117.4 per sec) reads @ chr6:45000000-50000000
ForkPoolWorker-26 countReadsInRegions_worker: processing 5000000 (11374032.1 per sec) @ chr6:45000000-50000000
ForkPoolWorker-26,  processing 0 (0.0 per sec) reads @ chr15_KI270727v1_random:0-448248
ForkPoolWorker-26 countReadsInRegions_worker: processing 448248 (10045460.9 per sec) @ chr15_KI270727v1_random:0-448248
ForkPoolWorker-26,  processing 8 (11720.0 per sec) reads @ chr11:20000000-25000000
ForkPoolWorker-26 countReadsInRegions_worker: processing 5000000 (11610832.2 per sec) @ chr11:20000000-25000000
ForkPoolWorker-26,  processing 0 (0.0 per sec) reads @ chr15:15000000-20000000
ForkPoolWorker-26 countReadsInRegions_worker: processing 5000000 (11686240.8 per sec) @ chr15:15000000-20000000
ForkPoolWorker-26,  processing 0 (0.0 per sec) reads @ chr9:45000000-50000000
ForkPoolWorker-26 countReadsInRegions_worker: processing 5000000 (10761386.0 per sec) @ chr9:45000000-50000000
ForkPoolWorker-26,  processing 250 (51252.6 per sec) reads @ chr10:130000000-133797422
ForkPoolWorker-26 countReadsInRegions_worker: processing 3797422 (11634350.6 per sec) @ chr10:130000000-133797422
ForkPoolWorker-26,  processing 0 (0.0 per sec) reads @ chr4:190000000-190214555
ForkPoolWorker-26 countReadsInRegions_worker: processing 214555 (9130569.1 per sec) @ chr4:190000000-190214555
ForkPoolWorker-26,  processing 83 (45176.1 per sec) reads @ chr6:110000000-115000000
ForkPoolWorker-26 countReadsInRegions_worker: processing 5000000 (12008772.6 per sec) @ chr6:110000000-115000000
ForkPoolWorker-26,  processing 264 (55248.8 per sec) reads @ chr6:120000000-125000000
ForkPoolWorker-26 countReadsInRegions_worker: processing 5000000 (11934630.1 per sec) @ chr6:120000000-125000000
ForkPoolWorker-26,  processing 7 (12162.4 per sec) reads @ chrY:10000000-15000000
ForkPoolWorker-26 countReadsInRegions_worker: processing 5000000 (12170356.4 per sec) @ chrY:10000000-15000000
ForkPoolWorker-26,  processing 0 (0.0 per sec) reads @ chrUn_KI270303v1:0-1942
ForkPoolWorker-26 countReadsInRegions_worker: processing 1942 (335890.2 per sec) @ chrUn_KI270303v1:0-1942
ForkPoolWorker-26,  processing 162 (48760.5 per sec) reads @ chr1:230000000-235000000
ForkPoolWorker-26 countReadsInRegions_worker: processing 5000000 (12000457.8 per sec) @ chr1:230000000-235000000
ForkPoolWorker-42,  processing 34 (6174.2 per sec) reads @ chr9:105000000-110000000
ForkPoolWorker-42 countReadsInRegions_worker: processing 5000000 (9724794.8 per sec) @ chr9:105000000-110000000
ForkPoolWorker-42,  processing 90 (38912.2 per sec) reads @ chr5:70000000-75000000
ForkPoolWorker-42 countReadsInRegions_worker: processing 5000000 (10914537.6 per sec) @ chr5:70000000-75000000
ForkPoolWorker-42,  processing 29 (27241.8 per sec) reads @ chr14:85000000-90000000
ForkPoolWorker-42 countReadsInRegions_worker: processing 5000000 (11437191.4 per sec) @ chr14:85000000-90000000
ForkPoolWorker-42,  processing 115 (45427.1 per sec) reads @ chr5:135000000-140000000
ForkPoolWorker-42 countReadsInRegions_worker: processing 5000000 (11439793.0 per sec) @ chr5:135000000-140000000
ForkPoolWorker-42,  processing 0 (0.0 per sec) reads @ chrUn_KI270375v1:0-2378
ForkPoolWorker-42 countReadsInRegions_worker: processing 2378 (451008.6 per sec) @ chrUn_KI270375v1:0-2378
ForkPoolWorker-42,  processing 123 (44927.2 per sec) reads @ chr7:75000000-80000000
ForkPoolWorker-42 countReadsInRegions_worker: processing 5000000 (11363905.8 per sec) @ chr7:75000000-80000000
ForkPoolWorker-42,  processing 48 (34175.3 per sec) reads @ chr4:70000000-75000000
ForkPoolWorker-42 countReadsInRegions_worker: processing 5000000 (11387786.6 per sec) @ chr4:70000000-75000000
ForkPoolWorker-42,  processing 28 (29619.3 per sec) reads @ chr8:80000000-85000000
ForkPoolWorker-42 countReadsInRegions_worker: processing 5000000 (11327874.2 per sec) @ chr8:80000000-85000000
ForkPoolWorker-42,  processing 32 (31462.2 per sec) reads @ chr20:20000000-25000000
ForkPoolWorker-42 countReadsInRegions_worker: processing 5000000 (11646457.6 per sec) @ chr20:20000000-25000000
ForkPoolWorker-42,  processing 125 (48241.4 per sec) reads @ chr6:155000000-160000000
ForkPoolWorker-42 countReadsInRegions_worker: processing 5000000 (11637655.1 per sec) @ chr6:155000000-160000000
ForkPoolWorker-42,  processing 16 (20510.0 per sec) reads @ chr9:100000000-105000000
ForkPoolWorker-42 countReadsInRegions_worker: processing 5000000 (10727630.5 per sec) @ chr9:100000000-105000000
ForkPoolWorker-42,  processing 553 (62092.1 per sec) reads @ chr21:15000000-20000000
ForkPoolWorker-42 countReadsInRegions_worker: processing 5000000 (11377129.7 per sec) @ chr21:15000000-20000000
ForkPoolWorker-42,  processing 39 (32986.1 per sec) reads @ chr6:160000000-165000000
ForkPoolWorker-42 countReadsInRegions_worker: processing 5000000 (11700819.9 per sec) @ chr6:160000000-165000000
ForkPoolWorker-42,  processing 64 (40746.1 per sec) reads @ chr8:120000000-125000000
ForkPoolWorker-42 countReadsInRegions_worker: processing 5000000 (11994301.3 per sec) @ chr8:120000000-125000000
ForkPoolWorker-42,  processing 151 (47662.5 per sec) reads @ chr12:0-5000000
ForkPoolWorker-42 countReadsInRegions_worker: processing 5000000 (11997732.2 per sec) @ chr12:0-5000000
ForkPoolWorker-36,  processing 0 (0.0 per sec) reads @ chrUn_KI270320v1:0-4416
ForkPoolWorker-36 countReadsInRegions_worker: processing 4416 (317283.3 per sec) @ chrUn_KI270320v1:0-4416
ForkPoolWorker-36,  processing 0 (0.0 per sec) reads @ chrY:50000000-55000000
ForkPoolWorker-36 countReadsInRegions_worker: processing 5000000 (10911357.5 per sec) @ chrY:50000000-55000000
ForkPoolWorker-36,  processing 0 (0.0 per sec) reads @ chrUn_KI270334v1:0-1368
ForkPoolWorker-36 countReadsInRegions_worker: processing 1368 (248411.5 per sec) @ chrUn_KI270334v1:0-1368
ForkPoolWorker-36,  processing 0 (0.0 per sec) reads @ chr5_GL000208v1_random:0-92689
ForkPoolWorker-36 countReadsInRegions_worker: processing 92689 (7482741.7 per sec) @ chr5_GL000208v1_random:0-92689
ForkPoolWorker-36,  processing 105 (35033.2 per sec) reads @ chr7:125000000-130000000
ForkPoolWorker-36 countReadsInRegions_worker: processing 5000000 (11191394.2 per sec) @ chr7:125000000-130000000
ForkPoolWorker-36,  processing 41 (33000.7 per sec) reads @ chr11:85000000-90000000
ForkPoolWorker-36 countReadsInRegions_worker: processing 5000000 (10970755.1 per sec) @ chr11:85000000-90000000
ForkPoolWorker-36,  processing 0 (0.0 per sec) reads @ chrY:45000000-50000000
ForkPoolWorker-36 countReadsInRegions_worker: processing 5000000 (11324613.8 per sec) @ chrY:45000000-50000000
ForkPoolWorker-36,  processing 26 (27228.9 per sec) reads @ chr4:35000000-40000000
ForkPoolWorker-36 countReadsInRegions_worker: processing 5000000 (11527785.3 per sec) @ chr4:35000000-40000000
ForkPoolWorker-36,  processing 317 (53202.9 per sec) reads @ chr12:55000000-60000000
ForkPoolWorker-36 countReadsInRegions_worker: processing 5000000 (11820841.3 per sec) @ chr12:55000000-60000000
ForkPoolWorker-36,  processing 287 (53670.0 per sec) reads @ chr2:240000000-242193529
ForkPoolWorker-36 countReadsInRegions_worker: processing 2193529 (11584104.5 per sec) @ chr2:240000000-242193529
ForkPoolWorker-36,  processing 49 (37057.5 per sec) reads @ chr8:135000000-140000000
ForkPoolWorker-36 countReadsInRegions_worker: processing 5000000 (12108037.2 per sec) @ chr8:135000000-140000000
ForkPoolWorker-36,  processing 0 (0.0 per sec) reads @ chrUn_KI270419v1:0-1029
ForkPoolWorker-36 countReadsInRegions_worker: processing 1029 (185090.4 per sec) @ chrUn_KI270419v1:0-1029
ForkPoolWorker-36,  processing 33 (31629.8 per sec) reads @ chr8:75000000-80000000
ForkPoolWorker-36 countReadsInRegions_worker: processing 5000000 (12046553.7 per sec) @ chr8:75000000-80000000
ForkPoolWorker-36,  processing 0 (0.0 per sec) reads @ chrUn_KI270338v1:0-1428
ForkPoolWorker-36 countReadsInRegions_worker: processing 1428 (255960.1 per sec) @ chrUn_KI270338v1:0-1428
ForkPoolWorker-36,  processing 740 (58643.9 per sec) reads @ chr17:75000000-80000000
ForkPoolWorker-36 countReadsInRegions_worker: processing 5000000 (11701107.2 per sec) @ chr17:75000000-80000000
ForkPoolWorker-36,  processing 283 (52787.9 per sec) reads @ chr5:0-5000000
ForkPoolWorker-36 countReadsInRegions_worker: processing 5000000 (12010911.6 per sec) @ chr5:0-5000000
ForkPoolWorker-36,  processing 54 (35218.8 per sec) reads @ chr2:5000000-10000000
ForkPoolWorker-36 countReadsInRegions_worker: processing 5000000 (11981555.3 per sec) @ chr2:5000000-10000000
ForkPoolWorker-36,  processing 0 (0.0 per sec) reads @ chr15:10000000-15000000
ForkPoolWorker-36 countReadsInRegions_worker: processing 5000000 (12284657.7 per sec) @ chr15:10000000-15000000
ForkPoolWorker-36,  processing 45 (34581.1 per sec) reads @ chr12:10000000-15000000
ForkPoolWorker-36 countReadsInRegions_worker: processing 5000000 (12293666.6 per sec) @ chr12:10000000-15000000
ForkPoolWorker-36,  processing 71 (38326.3 per sec) reads @ chr10:20000000-25000000
ForkPoolWorker-36 countReadsInRegions_worker: processing 5000000 (12272687.9 per sec) @ chr10:20000000-25000000
ForkPoolWorker-44,  processing 0 (0.0 per sec) reads @ chrUn_KI270417v1:0-2043
ForkPoolWorker-44 countReadsInRegions_worker: processing 2043 (86620.8 per sec) @ chrUn_KI270417v1:0-2043
ForkPoolWorker-44,  processing 0 (0.0 per sec) reads @ chrUn_KI270388v1:0-1216
ForkPoolWorker-44 countReadsInRegions_worker: processing 1216 (116325.1 per sec) @ chrUn_KI270388v1:0-1216
ForkPoolWorker-44,  processing 37 (12561.9 per sec) reads @ chr9:80000000-85000000
ForkPoolWorker-44 countReadsInRegions_worker: processing 5000000 (10860169.8 per sec) @ chr9:80000000-85000000
ForkPoolWorker-44,  processing 92 (44074.9 per sec) reads @ chr4:100000000-105000000
ForkPoolWorker-44 countReadsInRegions_worker: processing 5000000 (11229080.2 per sec) @ chr4:100000000-105000000
ForkPoolWorker-44,  processing 44 (32207.6 per sec) reads @ chr3:60000000-65000000
ForkPoolWorker-44 countReadsInRegions_worker: processing 5000000 (11505624.3 per sec) @ chr3:60000000-65000000
ForkPoolWorker-44,  processing 19 (20262.3 per sec) reads @ chr2:160000000-165000000
ForkPoolWorker-44 countReadsInRegions_worker: processing 5000000 (11494670.2 per sec) @ chr2:160000000-165000000
ForkPoolWorker-44,  processing 0 (0.0 per sec) reads @ chrUn_KI270582v1:0-6504
ForkPoolWorker-44 countReadsInRegions_worker: processing 6504 (1200165.1 per sec) @ chrUn_KI270582v1:0-6504
ForkPoolWorker-44,  processing 10 (16045.5 per sec) reads @ chr12:35000000-40000000
ForkPoolWorker-44 countReadsInRegions_worker: processing 5000000 (11357210.1 per sec) @ chr12:35000000-40000000
ForkPoolWorker-44,  processing 0 (0.0 per sec) reads @ chrUn_GL000213v1:0-164239
ForkPoolWorker-44 countReadsInRegions_worker: processing 164239 (8709708.9 per sec) @ chrUn_GL000213v1:0-164239
ForkPoolWorker-44,  processing 0 (0.0 per sec) reads @ chrUn_KI270337v1:0-1121
ForkPoolWorker-44 countReadsInRegions_worker: processing 1121 (218424.9 per sec) @ chrUn_KI270337v1:0-1121
ForkPoolWorker-44,  processing 353 (53239.5 per sec) reads @ chr1:155000000-160000000
ForkPoolWorker-44 countReadsInRegions_worker: processing 5000000 (11740213.6 per sec) @ chr1:155000000-160000000
ForkPoolWorker-44,  processing 36 (28186.5 per sec) reads @ chr15:45000000-50000000
ForkPoolWorker-44 countReadsInRegions_worker: processing 5000000 (11825720.6 per sec) @ chr15:45000000-50000000
ForkPoolWorker-44,  processing 157 (48017.0 per sec) reads @ chr10:125000000-130000000
ForkPoolWorker-44 countReadsInRegions_worker: processing 5000000 (11839112.6 per sec) @ chr10:125000000-130000000
ForkPoolWorker-44,  processing 239 (52289.3 per sec) reads @ chr12:50000000-55000000
ForkPoolWorker-44 countReadsInRegions_worker: processing 5000000 (11795841.6 per sec) @ chr12:50000000-55000000
ForkPoolWorker-44,  processing 460 (55772.1 per sec) reads @ chr12:130000000-133275309
ForkPoolWorker-44 countReadsInRegions_worker: processing 3275309 (10380746.9 per sec) @ chr12:130000000-133275309
ForkPoolWorker-44,  processing 144 (49176.0 per sec) reads @ chr5:150000000-155000000
ForkPoolWorker-44 countReadsInRegions_worker: processing 5000000 (12174319.9 per sec) @ chr5:150000000-155000000
ForkPoolWorker-44,  processing 27 (26397.7 per sec) reads @ chr7:15000000-20000000
ForkPoolWorker-44 countReadsInRegions_worker: processing 5000000 (12145672.6 per sec) @ chr7:15000000-20000000
ForkPoolWorker-44,  processing 27 (27453.6 per sec) reads @ chr8:115000000-120000000
ForkPoolWorker-44 countReadsInRegions_worker: processing 5000000 (12156451.5 per sec) @ chr8:115000000-120000000
ForkPoolWorker-44,  processing 74 (41361.7 per sec) reads @ chr8:125000000-130000000
ForkPoolWorker-44 countReadsInRegions_worker: processing 5000000 (12204380.9 per sec) @ chr8:125000000-130000000
ForkPoolWorker-44,  processing 45 (36401.9 per sec) reads @ chr20:5000000-10000000
ForkPoolWorker-44 countReadsInRegions_worker: processing 5000000 (12200632.0 per sec) @ chr20:5000000-10000000
ForkPoolWorker-28,  processing 0 (0.0 per sec) reads @ chr1_KI270712v1_random:0-176043
ForkPoolWorker-28 countReadsInRegions_worker: processing 176043 (5723415.7 per sec) @ chr1_KI270712v1_random:0-176043
ForkPoolWorker-28,  processing 16 (8829.0 per sec) reads @ chr3:0-5000000
ForkPoolWorker-28 countReadsInRegions_worker: processing 5000000 (11437921.2 per sec) @ chr3:0-5000000
ForkPoolWorker-28,  processing 0 (0.0 per sec) reads @ chr15:0-5000000
ForkPoolWorker-28 countReadsInRegions_worker: processing 5000000 (11371238.3 per sec) @ chr15:0-5000000
ForkPoolWorker-28,  processing 0 (0.0 per sec) reads @ chrUn_KI270757v1:0-71251
ForkPoolWorker-28 countReadsInRegions_worker: processing 71251 (6952872.2 per sec) @ chrUn_KI270757v1:0-71251
ForkPoolWorker-28,  processing 38 (30266.5 per sec) reads @ chr12:75000000-80000000
ForkPoolWorker-28 countReadsInRegions_worker: processing 5000000 (11624295.8 per sec) @ chr12:75000000-80000000
ForkPoolWorker-28,  processing 553 (54804.8 per sec) reads @ chr14:100000000-105000000
ForkPoolWorker-28 countReadsInRegions_worker: processing 5000000 (11458488.3 per sec) @ chr14:100000000-105000000
ForkPoolWorker-28,  processing 0 (0.0 per sec) reads @ chrUn_KI270311v1:0-12399
ForkPoolWorker-28 countReadsInRegions_worker: processing 12399 (1957436.6 per sec) @ chrUn_KI270311v1:0-12399
ForkPoolWorker-28,  processing 20 (22832.4 per sec) reads @ chr2:75000000-80000000
ForkPoolWorker-28 countReadsInRegions_worker: processing 5000000 (11708822.6 per sec) @ chr2:75000000-80000000
ForkPoolWorker-28,  processing 297 (53887.1 per sec) reads @ chr7:150000000-155000000
ForkPoolWorker-28 countReadsInRegions_worker: processing 5000000 (11431250.1 per sec) @ chr7:150000000-155000000
ForkPoolWorker-28,  processing 0 (0.0 per sec) reads @ chrUn_KI270511v1:0-8127
ForkPoolWorker-28 countReadsInRegions_worker: processing 8127 (1393301.0 per sec) @ chrUn_KI270511v1:0-8127
ForkPoolWorker-28,  processing 0 (0.0 per sec) reads @ chr17_KI270729v1_random:0-280839
ForkPoolWorker-28 countReadsInRegions_worker: processing 280839 (9794079.4 per sec) @ chr17_KI270729v1_random:0-280839
ForkPoolWorker-28,  processing 89 (40329.8 per sec) reads @ chr8:70000000-75000000
ForkPoolWorker-28 countReadsInRegions_worker: processing 5000000 (11654897.8 per sec) @ chr8:70000000-75000000
ForkPoolWorker-28,  processing 0 (0.0 per sec) reads @ chrUn_KI270363v1:0-1803
ForkPoolWorker-28 countReadsInRegions_worker: processing 1803 (323052.2 per sec) @ chrUn_KI270363v1:0-1803
ForkPoolWorker-28,  processing 77 (39213.4 per sec) reads @ chr2:85000000-90000000
ForkPoolWorker-28 countReadsInRegions_worker: processing 5000000 (11799691.0 per sec) @ chr2:85000000-90000000
ForkPoolWorker-28,  processing 227 (50137.3 per sec) reads @ chr1:35000000-40000000
ForkPoolWorker-28 countReadsInRegions_worker: processing 5000000 (11694803.9 per sec) @ chr1:35000000-40000000
ForkPoolWorker-28,  processing 36 (31011.5 per sec) reads @ chr10:40000000-45000000
ForkPoolWorker-28 countReadsInRegions_worker: processing 5000000 (10688080.0 per sec) @ chr10:40000000-45000000
ForkPoolWorker-28,  processing 39 (30069.5 per sec) reads @ chr6:140000000-145000000
ForkPoolWorker-28 countReadsInRegions_worker: processing 5000000 (11756351.2 per sec) @ chr6:140000000-145000000
ForkPoolWorker-28,  processing 45 (32514.0 per sec) reads @ chr1:165000000-170000000
ForkPoolWorker-28 countReadsInRegions_worker: processing 5000000 (11786957.6 per sec) @ chr1:165000000-170000000
ForkPoolWorker-28,  processing 414 (59636.7 per sec) reads @ chr6:105000000-110000000
ForkPoolWorker-28 countReadsInRegions_worker: processing 5000000 (11426566.3 per sec) @ chr6:105000000-110000000
ForkPoolWorker-28,  processing 251 (52783.7 per sec) reads @ chr2:25000000-30000000
ForkPoolWorker-28 countReadsInRegions_worker: processing 5000000 (11755020.0 per sec) @ chr2:25000000-30000000
ForkPoolWorker-47,  processing 554 (21379.2 per sec) reads @ chr22:40000000-45000000
ForkPoolWorker-47 countReadsInRegions_worker: processing 5000000 (9767611.0 per sec) @ chr22:40000000-45000000
ForkPoolWorker-47,  processing 0 (0.0 per sec) reads @ chrUn_KI270591v1:0-5796
ForkPoolWorker-47 countReadsInRegions_worker: processing 5796 (962703.4 per sec) @ chrUn_KI270591v1:0-5796
ForkPoolWorker-47,  processing 110 (42184.6 per sec) reads @ chr13:95000000-100000000
ForkPoolWorker-47 countReadsInRegions_worker: processing 5000000 (10996330.6 per sec) @ chr13:95000000-100000000
ForkPoolWorker-47,  processing 0 (0.0 per sec) reads @ chrUn_KI270335v1:0-1048
ForkPoolWorker-47 countReadsInRegions_worker: processing 1048 (192841.6 per sec) @ chrUn_KI270335v1:0-1048
ForkPoolWorker-47,  processing 70 (40653.7 per sec) reads @ chr6:125000000-130000000
ForkPoolWorker-47 countReadsInRegions_worker: processing 5000000 (11504507.1 per sec) @ chr6:125000000-130000000
ForkPoolWorker-47,  processing 72 (40759.9 per sec) reads @ chr2:200000000-205000000
ForkPoolWorker-47 countReadsInRegions_worker: processing 5000000 (11559014.5 per sec) @ chr2:200000000-205000000
ForkPoolWorker-47,  processing 339 (53663.5 per sec) reads @ chr17:15000000-20000000
ForkPoolWorker-47 countReadsInRegions_worker: processing 5000000 (11355414.4 per sec) @ chr17:15000000-20000000
ForkPoolWorker-47,  processing 26 (28872.6 per sec) reads @ chr2:135000000-140000000
ForkPoolWorker-47 countReadsInRegions_worker: processing 5000000 (11384998.4 per sec) @ chr2:135000000-140000000
ForkPoolWorker-47,  processing 17 (22123.2 per sec) reads @ chr6:55000000-60000000
ForkPoolWorker-47 countReadsInRegions_worker: processing 5000000 (11366769.9 per sec) @ chr6:55000000-60000000
ForkPoolWorker-47,  processing 0 (0.0 per sec) reads @ chrUn_KI270394v1:0-970
ForkPoolWorker-47 countReadsInRegions_worker: processing 970 (178129.4 per sec) @ chrUn_KI270394v1:0-970
ForkPoolWorker-47,  processing 15 (20567.0 per sec) reads @ chr8:50000000-55000000
ForkPoolWorker-47 countReadsInRegions_worker: processing 5000000 (11492837.1 per sec) @ chr8:50000000-55000000
ForkPoolWorker-47,  processing 87 (44214.8 per sec) reads @ chr18:45000000-50000000
ForkPoolWorker-47 countReadsInRegions_worker: processing 5000000 (11607554.7 per sec) @ chr18:45000000-50000000
ForkPoolWorker-47,  processing 44 (34827.2 per sec) reads @ chr2:205000000-210000000
ForkPoolWorker-47 countReadsInRegions_worker: processing 5000000 (10628807.8 per sec) @ chr2:205000000-210000000
ForkPoolWorker-47,  processing 29 (30077.8 per sec) reads @ chr4:175000000-180000000
ForkPoolWorker-47 countReadsInRegions_worker: processing 5000000 (11669710.5 per sec) @ chr4:175000000-180000000
ForkPoolWorker-47,  processing 0 (0.0 per sec) reads @ chrUn_KI270389v1:0-1298
ForkPoolWorker-47 countReadsInRegions_worker: processing 1298 (233076.7 per sec) @ chrUn_KI270389v1:0-1298
ForkPoolWorker-47,  processing 84 (42597.2 per sec) reads @ chr12:115000000-120000000
ForkPoolWorker-47 countReadsInRegions_worker: processing 5000000 (11758071.5 per sec) @ chr12:115000000-120000000
ForkPoolWorker-47,  processing 792 (57873.6 per sec) reads @ chrX:150000000-155000000
ForkPoolWorker-47 countReadsInRegions_worker: processing 5000000 (11611359.4 per sec) @ chrX:150000000-155000000
ForkPoolWorker-47,  processing 28 (28637.0 per sec) reads @ chr3:115000000-120000000
ForkPoolWorker-47 countReadsInRegions_worker: processing 5000000 (12035568.1 per sec) @ chr3:115000000-120000000
ForkPoolWorker-47,  processing 473 (56183.8 per sec) reads @ chr21:45000000-46709983
ForkPoolWorker-47 countReadsInRegions_worker: processing 1709983 (11280129.8 per sec) @ chr21:45000000-46709983
ForkPoolWorker-47,  processing 189 (50698.6 per sec) reads @ chr7:155000000-159345973
ForkPoolWorker-47 countReadsInRegions_worker: processing 4345973 (12104883.1 per sec) @ chr7:155000000-159345973
ForkPoolWorker-46,  processing 73 (5360.1 per sec) reads @ chr3:40000000-45000000
ForkPoolWorker-46 countReadsInRegions_worker: processing 5000000 (9193764.8 per sec) @ chr3:40000000-45000000
ForkPoolWorker-46,  processing 0 (0.0 per sec) reads @ chrUn_KI270512v1:0-22689
ForkPoolWorker-46 countReadsInRegions_worker: processing 22689 (2856422.2 per sec) @ chrUn_KI270512v1:0-22689
ForkPoolWorker-46,  processing 0 (0.0 per sec) reads @ chrUn_KI270580v1:0-1553
ForkPoolWorker-46 countReadsInRegions_worker: processing 1553 (275283.3 per sec) @ chrUn_KI270580v1:0-1553
ForkPoolWorker-46,  processing 641 (52573.4 per sec) reads @ chr11:60000000-65000000
ForkPoolWorker-46 countReadsInRegions_worker: processing 5000000 (11039408.4 per sec) @ chr11:60000000-65000000
ForkPoolWorker-46,  processing 0 (0.0 per sec) reads @ chrUn_KI270741v1:0-157432
ForkPoolWorker-46 countReadsInRegions_worker: processing 157432 (7955251.2 per sec) @ chrUn_KI270741v1:0-157432
ForkPoolWorker-46,  processing 605 (56191.5 per sec) reads @ chr16:30000000-35000000
ForkPoolWorker-46 countReadsInRegions_worker: processing 5000000 (11525460.2 per sec) @ chr16:30000000-35000000
ForkPoolWorker-46,  processing 69 (39693.7 per sec) reads @ chr12:30000000-35000000
ForkPoolWorker-46 countReadsInRegions_worker: processing 5000000 (11953466.4 per sec) @ chr12:30000000-35000000
ForkPoolWorker-46,  processing 68 (40261.5 per sec) reads @ chr8:10000000-15000000
ForkPoolWorker-46 countReadsInRegions_worker: processing 5000000 (11893370.1 per sec) @ chr8:10000000-15000000
ForkPoolWorker-46,  processing 12 (16518.4 per sec) reads @ chr13:85000000-90000000
ForkPoolWorker-46 countReadsInRegions_worker: processing 5000000 (12064114.1 per sec) @ chr13:85000000-90000000
ForkPoolWorker-46,  processing 88 (43520.7 per sec) reads @ chr20:15000000-20000000
ForkPoolWorker-46 countReadsInRegions_worker: processing 5000000 (11875737.9 per sec) @ chr20:15000000-20000000
ForkPoolWorker-46,  processing 0 (0.0 per sec) reads @ chrUn_KI270750v1:0-148850
ForkPoolWorker-46 countReadsInRegions_worker: processing 148850 (8567615.6 per sec) @ chrUn_KI270750v1:0-148850
ForkPoolWorker-46,  processing 55 (36420.4 per sec) reads @ chr20:50000000-55000000
ForkPoolWorker-46 countReadsInRegions_worker: processing 5000000 (11821647.5 per sec) @ chr20:50000000-55000000
ForkPoolWorker-46,  processing 371 (53312.6 per sec) reads @ chr19:50000000-55000000
ForkPoolWorker-46 countReadsInRegions_worker: processing 5000000 (11773022.3 per sec) @ chr19:50000000-55000000
ForkPoolWorker-46,  processing 0 (0.0 per sec) reads @ chrUn_KI270364v1:0-2855
ForkPoolWorker-46 countReadsInRegions_worker: processing 2855 (482366.1 per sec) @ chrUn_KI270364v1:0-2855
ForkPoolWorker-46,  processing 0 (0.0 per sec) reads @ chr16_KI270728v1_random:0-1872759
ForkPoolWorker-46 countReadsInRegions_worker: processing 1872759 (9247110.0 per sec) @ chr16_KI270728v1_random:0-1872759
ForkPoolWorker-46,  processing 116 (44066.6 per sec) reads @ chr9:120000000-125000000
ForkPoolWorker-46 countReadsInRegions_worker: processing 5000000 (12154584.4 per sec) @ chr9:120000000-125000000
ForkPoolWorker-46,  processing 34 (30867.2 per sec) reads @ chr17:20000000-25000000
ForkPoolWorker-46 countReadsInRegions_worker: processing 5000000 (12128512.4 per sec) @ chr17:20000000-25000000
ForkPoolWorker-46,  processing 105 (45294.9 per sec) reads @ chr9:90000000-95000000
ForkPoolWorker-46 countReadsInRegions_worker: processing 5000000 (12169798.5 per sec) @ chr9:90000000-95000000
ForkPoolWorker-46,  processing 11 (16360.8 per sec) reads @ chr5:85000000-90000000
ForkPoolWorker-46 countReadsInRegions_worker: processing 5000000 (12163657.5 per sec) @ chr5:85000000-90000000
ForkPoolWorker-46,  processing 74 (41616.9 per sec) reads @ chr21:35000000-40000000
ForkPoolWorker-46 countReadsInRegions_worker: processing 5000000 (12094406.8 per sec) @ chr21:35000000-40000000
ForkPoolWorker-16,  processing 1713 (27825.9 per sec) reads @ chr17:80000000-83257441
ForkPoolWorker-16 countReadsInRegions_worker: processing 3257441 (9455756.2 per sec) @ chr17:80000000-83257441
ForkPoolWorker-16,  processing 10 (13543.1 per sec) reads @ chrX:30000000-35000000
ForkPoolWorker-16 countReadsInRegions_worker: processing 5000000 (12175648.7 per sec) @ chrX:30000000-35000000
ForkPoolWorker-16,  processing 235 (50629.8 per sec) reads @ chr16:70000000-75000000
ForkPoolWorker-16 countReadsInRegions_worker: processing 5000000 (12103648.7 per sec) @ chr16:70000000-75000000
ForkPoolWorker-16,  processing 24 (23481.1 per sec) reads @ chr9:25000000-30000000
ForkPoolWorker-16 countReadsInRegions_worker: processing 5000000 (12153732.1 per sec) @ chr9:25000000-30000000
ForkPoolWorker-16,  processing 34 (30283.8 per sec) reads @ chr7:115000000-120000000
ForkPoolWorker-16 countReadsInRegions_worker: processing 5000000 (12131578.5 per sec) @ chr7:115000000-120000000
ForkPoolWorker-16,  processing 0 (0.0 per sec) reads @ chrY:55000000-57227415
ForkPoolWorker-16 countReadsInRegions_worker: processing 2227415 (11861281.9 per sec) @ chrY:55000000-57227415
ForkPoolWorker-16,  processing 277 (52447.7 per sec) reads @ chr9:35000000-40000000
ForkPoolWorker-16 countReadsInRegions_worker: processing 5000000 (11656005.5 per sec) @ chr9:35000000-40000000
ForkPoolWorker-16,  processing 148 (45975.2 per sec) reads @ chr1:50000000-55000000
ForkPoolWorker-16 countReadsInRegions_worker: processing 5000000 (11615211.6 per sec) @ chr1:50000000-55000000
ForkPoolWorker-16,  processing 26 (26741.5 per sec) reads @ chr2:115000000-120000000
ForkPoolWorker-16 countReadsInRegions_worker: processing 5000000 (11727332.7 per sec) @ chr2:115000000-120000000
ForkPoolWorker-16,  processing 30 (28061.8 per sec) reads @ chr9:70000000-75000000
ForkPoolWorker-16 countReadsInRegions_worker: processing 5000000 (11737171.3 per sec) @ chr9:70000000-75000000
ForkPoolWorker-16,  processing 305 (51631.1 per sec) reads @ chr3:125000000-130000000
ForkPoolWorker-16 countReadsInRegions_worker: processing 5000000 (10584187.7 per sec) @ chr3:125000000-130000000
ForkPoolWorker-16,  processing 20 (23026.6 per sec) reads @ chr7:80000000-85000000
ForkPoolWorker-16 countReadsInRegions_worker: processing 5000000 (11693043.3 per sec) @ chr7:80000000-85000000
ForkPoolWorker-16,  processing 206 (50897.0 per sec) reads @ chrX:0-5000000
ForkPoolWorker-16 countReadsInRegions_worker: processing 5000000 (11670665.1 per sec) @ chrX:0-5000000
ForkPoolWorker-16,  processing 3 (5349.9 per sec) reads @ chr8:110000000-115000000
ForkPoolWorker-16 countReadsInRegions_worker: processing 5000000 (11462910.0 per sec) @ chr8:110000000-115000000
ForkPoolWorker-16,  processing 1102 (61685.9 per sec) reads @ chr6:10000000-15000000
ForkPoolWorker-16 countReadsInRegions_worker: processing 5000000 (11495438.9 per sec) @ chr6:10000000-15000000
ForkPoolWorker-14,  processing 365 (14675.9 per sec) reads @ chr6:50000000-55000000
ForkPoolWorker-14 countReadsInRegions_worker: processing 5000000 (9658668.9 per sec) @ chr6:50000000-55000000
ForkPoolWorker-14,  processing 30 (26921.1 per sec) reads @ chr5:60000000-65000000
ForkPoolWorker-14 countReadsInRegions_worker: processing 5000000 (11119180.8 per sec) @ chr5:60000000-65000000
ForkPoolWorker-14,  processing 56 (28384.4 per sec) reads @ chr2:100000000-105000000
ForkPoolWorker-14 countReadsInRegions_worker: processing 5000000 (11081273.2 per sec) @ chr2:100000000-105000000
ForkPoolWorker-14,  processing 26 (28547.6 per sec) reads @ chr11:100000000-105000000
ForkPoolWorker-14 countReadsInRegions_worker: processing 5000000 (11238768.7 per sec) @ chr11:100000000-105000000
ForkPoolWorker-14,  processing 0 (0.0 per sec) reads @ chr21:0-5000000
ForkPoolWorker-14 countReadsInRegions_worker: processing 5000000 (11479877.2 per sec) @ chr21:0-5000000
ForkPoolWorker-14,  processing 44 (35503.9 per sec) reads @ chr15:100000000-101991189
ForkPoolWorker-14 countReadsInRegions_worker: processing 1991189 (11794852.5 per sec) @ chr15:100000000-101991189
ForkPoolWorker-14,  processing 39 (30541.0 per sec) reads @ chr1:65000000-70000000
ForkPoolWorker-14 countReadsInRegions_worker: processing 5000000 (12199602.9 per sec) @ chr1:65000000-70000000
ForkPoolWorker-14,  processing 119 (47580.8 per sec) reads @ chr14:75000000-80000000
ForkPoolWorker-14 countReadsInRegions_worker: processing 5000000 (11979036.8 per sec) @ chr14:75000000-80000000
ForkPoolWorker-14,  processing 32 (29350.0 per sec) reads @ chr12:20000000-25000000
ForkPoolWorker-14 countReadsInRegions_worker: processing 5000000 (12175874.9 per sec) @ chr12:20000000-25000000
ForkPoolWorker-14,  processing 39 (30552.5 per sec) reads @ chr3:70000000-75000000
ForkPoolWorker-14 countReadsInRegions_worker: processing 5000000 (12062393.2 per sec) @ chr3:70000000-75000000
ForkPoolWorker-14,  processing 17 (20800.2 per sec) reads @ chr4:30000000-35000000
ForkPoolWorker-14 countReadsInRegions_worker: processing 5000000 (12061609.2 per sec) @ chr4:30000000-35000000
ForkPoolWorker-14,  processing 34 (30654.8 per sec) reads @ chr11:15000000-20000000
ForkPoolWorker-14 countReadsInRegions_worker: processing 5000000 (12029410.0 per sec) @ chr11:15000000-20000000
ForkPoolWorker-14,  processing 34 (30840.5 per sec) reads @ chr1:185000000-190000000
ForkPoolWorker-14 countReadsInRegions_worker: processing 5000000 (12188612.8 per sec) @ chr1:185000000-190000000
ForkPoolWorker-14,  processing 172 (49086.2 per sec) reads @ chr11:115000000-120000000
ForkPoolWorker-14 countReadsInRegions_worker: processing 5000000 (12182375.0 per sec) @ chr11:115000000-120000000
ForkPoolWorker-14,  processing 84 (43330.7 per sec) reads @ chr7:90000000-95000000
ForkPoolWorker-14 countReadsInRegions_worker: processing 5000000 (12137237.5 per sec) @ chr7:90000000-95000000
ForkPoolWorker-37,  processing 65 (14279.0 per sec) reads @ chr1:210000000-215000000
ForkPoolWorker-37 countReadsInRegions_worker: processing 5000000 (10904951.8 per sec) @ chr1:210000000-215000000
ForkPoolWorker-37,  processing 43 (29702.7 per sec) reads @ chr10:30000000-35000000
ForkPoolWorker-37 countReadsInRegions_worker: processing 5000000 (11263226.8 per sec) @ chr10:30000000-35000000
ForkPoolWorker-37,  processing 42 (34040.7 per sec) reads @ chr2:65000000-70000000
ForkPoolWorker-37 countReadsInRegions_worker: processing 5000000 (11164696.3 per sec) @ chr2:65000000-70000000
ForkPoolWorker-37,  processing 467 (56010.4 per sec) reads @ chr21:5000000-10000000
ForkPoolWorker-37 countReadsInRegions_worker: processing 5000000 (11174982.6 per sec) @ chr21:5000000-10000000
ForkPoolWorker-37,  processing 23 (25473.7 per sec) reads @ chr4:170000000-175000000
ForkPoolWorker-37 countReadsInRegions_worker: processing 5000000 (11513583.3 per sec) @ chr4:170000000-175000000
ForkPoolWorker-37,  processing 0 (0.0 per sec) reads @ chrUn_KI270429v1:0-1361
ForkPoolWorker-37 countReadsInRegions_worker: processing 1361 (268822.6 per sec) @ chrUn_KI270429v1:0-1361
ForkPoolWorker-37,  processing 0 (0.0 per sec) reads @ chr2_KI270716v1_random:0-153799
ForkPoolWorker-37 countReadsInRegions_worker: processing 153799 (8676374.4 per sec) @ chr2_KI270716v1_random:0-153799
ForkPoolWorker-37,  processing 0 (0.0 per sec) reads @ chrUn_KI270465v1:0-1774
ForkPoolWorker-37 countReadsInRegions_worker: processing 1774 (349082.6 per sec) @ chrUn_KI270465v1:0-1774
ForkPoolWorker-37,  processing 0 (0.0 per sec) reads @ chr2_KI270715v1_random:0-161471
ForkPoolWorker-37 countReadsInRegions_worker: processing 161471 (9297636.8 per sec) @ chr2_KI270715v1_random:0-161471
ForkPoolWorker-37,  processing 75 (37502.7 per sec) reads @ chr2:45000000-50000000
ForkPoolWorker-37 countReadsInRegions_worker: processing 5000000 (11630046.0 per sec) @ chr2:45000000-50000000
ForkPoolWorker-37,  processing 55 (34899.7 per sec) reads @ chr4:145000000-150000000
ForkPoolWorker-37 countReadsInRegions_worker: processing 5000000 (11809239.1 per sec) @ chr4:145000000-150000000
ForkPoolWorker-37,  processing 88 (42596.5 per sec) reads @ chr9:30000000-35000000
ForkPoolWorker-37 countReadsInRegions_worker: processing 5000000 (11775454.9 per sec) @ chr9:30000000-35000000
ForkPoolWorker-37,  processing 0 (0.0 per sec) reads @ chrY:25000000-30000000
ForkPoolWorker-37 countReadsInRegions_worker: processing 5000000 (11690892.2 per sec) @ chrY:25000000-30000000
ForkPoolWorker-37,  processing 72 (40227.8 per sec) reads @ chr11:10000000-15000000
ForkPoolWorker-37 countReadsInRegions_worker: processing 5000000 (10924453.3 per sec) @ chr11:10000000-15000000
ForkPoolWorker-37,  processing 0 (0.0 per sec) reads @ chrUn_KI270382v1:0-4215
ForkPoolWorker-37 countReadsInRegions_worker: processing 4215 (741475.1 per sec) @ chrUn_KI270382v1:0-4215
ForkPoolWorker-37,  processing 58 (38755.7 per sec) reads @ chrX:10000000-15000000
ForkPoolWorker-37 countReadsInRegions_worker: processing 5000000 (11680786.2 per sec) @ chrX:10000000-15000000
ForkPoolWorker-37,  processing 39 (30003.3 per sec) reads @ chr4:120000000-125000000
ForkPoolWorker-37 countReadsInRegions_worker: processing 5000000 (11792034.4 per sec) @ chr4:120000000-125000000
ForkPoolWorker-37,  processing 0 (0.0 per sec) reads @ chrUn_KI270374v1:0-2656
ForkPoolWorker-37 countReadsInRegions_worker: processing 2656 (443315.3 per sec) @ chrUn_KI270374v1:0-2656
ForkPoolWorker-37,  processing 30 (30349.5 per sec) reads @ chr16:45000000-50000000
ForkPoolWorker-37 countReadsInRegions_worker: processing 5000000 (12109645.3 per sec) @ chr16:45000000-50000000
ForkPoolWorker-37,  processing 57 (37239.1 per sec) reads @ chr11:75000000-80000000
ForkPoolWorker-37 countReadsInRegions_worker: processing 5000000 (12130385.5 per sec) @ chr11:75000000-80000000
