# packages in environment at /work/pa-hilario/anaconda3/envs/deeptools:
#
# Name                    Version                   Build  Channel
_openmp_mutex             4.5                      20_gnu    conda-forge
alabaster                 1.0.0              pyhd8ed1ab_1    conda-forge
babel                     2.18.0             pyhcf101f3_0    conda-forge
backports.zstd            1.3.0           py312h90b7ffd_0    conda-forge
bedops                    2.4.42               hd6d6fdc_1    bioconda
brotli                    1.2.0                hed03a55_1    conda-forge
brotli-bin                1.2.0                hb03c661_1    conda-forge
brotli-python             1.2.0           py312hdb49522_1    conda-forge
bzip2                     1.0.8                hda65f42_8    conda-forge
c-ares                    1.34.6               hb03c661_0    conda-forge
ca-certificates           2026.1.4             hbd8a1cb_0    conda-forge
certifi                   2026.01.04      py312h06a4308_0  
charset-normalizer        3.4.4              pyhd8ed1ab_0    conda-forge
click                     8.3.1                    pypi_0    pypi
colorama                  0.4.6              pyhd8ed1ab_1    conda-forge
contourpy                 1.3.3           py312h0a2e395_4    conda-forge
cycler                    0.12.1             pyhcf101f3_2    conda-forge
cython                    3.2.4           py312h47b2149_0  
deeptools                 3.5.6              pyhdfd78af_0    bioconda
deeptoolsintervals        0.1.9           py312ha9c1134_11    bioconda
docutils                  0.22.4             pyhd8ed1ab_0    conda-forge
fonttools                 4.61.1          py312h8a5da7c_0    conda-forge
freetype                  2.14.1               ha770c72_0    conda-forge
gencode-utr-fix           1.0.0                    pypi_0    pypi
h2                        4.3.0              pyhcf101f3_0    conda-forge
hpack                     4.1.0              pyhd8ed1ab_0    conda-forge
htslib                    1.22.1               h566b1c6_0    bioconda
hyperframe                6.1.0              pyhd8ed1ab_0    conda-forge
icu                       78.2                 h33c6efd_0    conda-forge
idna                      3.11               pyhd8ed1ab_0    conda-forge
imagesize                 1.4.1              pyhd8ed1ab_0    conda-forge
importlib-metadata        8.7.0              pyhe01879c_1    conda-forge
jansson                   2.15.0               h280c20c_0    conda-forge
jinja2                    3.1.6              pyhcf101f3_1    conda-forge
keyutils                  1.6.3                hb9d3cd8_0    conda-forge
kiwisolver                1.4.9           py312h0a2e395_2    conda-forge
krb5                      1.22.2               ha1258a1_0    conda-forge
lcms2                     2.18                 h0c24ade_0    conda-forge
ld_impl_linux-64          2.45.1          default_hbd61a6d_101    conda-forge
lerc                      4.0.0                h0aef613_1    conda-forge
libblas                   3.11.0          5_h4a7cf45_openblas    conda-forge
libbrotlicommon           1.2.0                hb03c661_1    conda-forge
libbrotlidec              1.2.0                hb03c661_1    conda-forge
libbrotlienc              1.2.0                hb03c661_1    conda-forge
libcblas                  3.11.0          5_h0358290_openblas    conda-forge
libcurl                   8.18.0               hcf29cc6_1    conda-forge
libdeflate                1.25                 h17f619e_0    conda-forge
libedit                   3.1.20250104    pl5321h7949ede_0    conda-forge
libev                     4.33                 hd590300_2    conda-forge
libexpat                  2.7.3                hecca717_0    conda-forge
libffi                    3.5.2                h3435931_0    conda-forge
libfreetype               2.14.1               ha770c72_0    conda-forge
libfreetype6              2.14.1               h73754d4_0    conda-forge
libgcc                    15.2.0              he0feb66_17    conda-forge
libgcc-ng                 15.2.0              h69a702a_17    conda-forge
libgfortran               15.2.0              h69a702a_17    conda-forge
libgfortran5              15.2.0              h68bc16d_17    conda-forge
libgomp                   15.2.0              he0feb66_17    conda-forge
libiconv                  1.18                 h3b78370_2    conda-forge
libjpeg-turbo             3.1.2                hb03c661_0    conda-forge
liblapack                 3.11.0          5_h47877c9_openblas    conda-forge
liblzma                   5.8.2                hb03c661_0    conda-forge
libnghttp2                1.67.0               had1ee68_0    conda-forge
libnsl                    2.0.1                hb9d3cd8_1    conda-forge
libopenblas               0.3.30          pthreads_h94d23a6_4    conda-forge
libopenssl-static         3.6.1                hb03c661_1    conda-forge
libpng                    1.6.55               h421ea60_0    conda-forge
libsqlite                 3.51.2               hf4e2dac_0    conda-forge
libssh2                   1.11.1               hcf80075_0    conda-forge
libstdcxx                 15.2.0              h934c35e_17    conda-forge
libstdcxx-ng              15.2.0              hdf11a46_17    conda-forge
libtiff                   4.7.1                h9d88235_1    conda-forge
libuuid                   2.41.3               h5347b49_0    conda-forge
libwebp-base              1.6.0                hd42ef1d_0    conda-forge
libxcb                    1.17.0               h8a09558_0    conda-forge
libxcrypt                 4.4.36               hd590300_1    conda-forge
libzlib                   1.3.1                hb9d3cd8_2    conda-forge
markupsafe                3.0.3           py312h8a5da7c_0    conda-forge
matplotlib-base           3.10.8          py312he3d6523_0    conda-forge
munkres                   1.1.4              pyhd8ed1ab_1    conda-forge
mysql-connector-c         6.1.11            h659d440_1008    conda-forge
narwhals                  2.16.0             pyhcf101f3_0    conda-forge
natsort                   8.4.0                    pypi_0    pypi
ncls                      0.0.70                   pypi_0    pypi
ncurses                   6.5                  h2d0b736_3    conda-forge
numpy                     2.4.2           py312h33ff503_1    conda-forge
numpydoc                  1.10.0             pyhcf101f3_0    conda-forge
openjpeg                  2.5.4                h55fea9a_0    conda-forge
openssl                   3.6.1                h35e630c_1    conda-forge
packaging                 26.0               pyhcf101f3_0    conda-forge
pandas                    3.0.0                    pypi_0    pypi
pillow                    12.1.1          py312h50c33e8_0    conda-forge
pip                       26.0.1             pyh8b19718_0    conda-forge
plotly                    6.5.2              pyhd8ed1ab_0    conda-forge
pthread-stubs             0.4               hb9d3cd8_1002    conda-forge
py2bit                    0.3.3           py312h0fa9677_1    bioconda
pybigwig                  0.3.25          py312h83fe50f_0    bioconda
pygments                  2.19.2             pyhd8ed1ab_0    conda-forge
pyparsing                 3.3.2              pyhcf101f3_0    conda-forge
pyranges                  0.1.4                    pypi_0    pypi
pysam                     0.23.3          py312h8f9e533_2    bioconda
pysocks                   1.7.1              pyha55dd90_7    conda-forge
python                    3.12.12         hd63d673_2_cpython    conda-forge
python-dateutil           2.9.0.post0        pyhe01879c_2    conda-forge
python_abi                3.12                    8_cp312    conda-forge
pytz                      2025.2             pyhd8ed1ab_0    conda-forge
qhull                     2020.2               h434a139_5    conda-forge
readline                  8.3                  h853b02a_0    conda-forge
requests                  2.32.5             pyhcf101f3_1    conda-forge
roman-numerals            4.1.0              pyhd8ed1ab_0    conda-forge
samtools                  1.22.1               h96c455f_0    bioconda
scipy                     1.17.0          py312h54fa4ab_1    conda-forge
setuptools                82.0.0             pyh332efcf_0    conda-forge
six                       1.17.0             pyhe01879c_1    conda-forge
snowballstemmer           3.0.1              pyhd8ed1ab_0    conda-forge
sorted-nearest            0.0.41                   pypi_0    pypi
sphinx                    9.1.0              pyhd8ed1ab_0    conda-forge
sphinxcontrib-applehelp   2.0.0              pyhd8ed1ab_1    conda-forge
sphinxcontrib-devhelp     2.0.0              pyhd8ed1ab_1    conda-forge
sphinxcontrib-htmlhelp    2.1.0              pyhd8ed1ab_1    conda-forge
sphinxcontrib-jsmath      1.0.1              pyhd8ed1ab_1    conda-forge
sphinxcontrib-qthelp      2.0.0              pyhd8ed1ab_1    conda-forge
sphinxcontrib-serializinghtml 1.1.10             pyhd8ed1ab_1    conda-forge
tabulate                  0.9.0                    pypi_0    pypi
tk                        8.6.13          noxft_h366c992_103    conda-forge
tomli                     2.4.0              pyhcf101f3_0    conda-forge
tqdm                      4.67.3                   pypi_0    pypi
tzdata                    2025c                hc9c84f9_1    conda-forge
ucsc-bigwiginfo           482                  h0b57e2e_0    bioconda
unicodedata2              17.0.1          py312h4c3975b_0    conda-forge
urllib3                   2.6.3              pyhd8ed1ab_0    conda-forge
wheel                     0.46.3             pyhd8ed1ab_0    conda-forge
xorg-libxau               1.0.12               hb03c661_1    conda-forge
xorg-libxdmcp             1.1.5                hb03c661_1    conda-forge
zipp                      3.23.0             pyhcf101f3_1    conda-forge
zlib                      1.3.1                hb9d3cd8_2    conda-forge
zlib-ng                   2.3.3                hceb46e0_1    conda-forge
zstd                      1.5.7                hb78ec9c_6    conda-forge
Specified --scaleFactor: 1.0
normalization: CPM
bamFilesList: ['output/SNRNP70-Con-rep2_L2_R1.genome.Aligned.sort.dedup.bam']
binLength: 1
numberOfSamples: None
blackListFileName: None
skipZeroOverZero: False
bed_and_bin: False
genomeChunkSize: None
defaultFragmentLength: read length
numberOfProcessors: 48
verbose: True
region: None
bedFile: None
minMappingQuality: None
ignoreDuplicates: False
chrsToSkip: []
stepSize: 1
center_read: False
samFlag_include: None
samFlag_exclude: None
minFragmentLength: 0
maxFragmentLength: 0
zerosToNans: False
smoothLength: None
save_data: False
out_file_for_raw_data: None
maxPairedFragmentLength: 1000
filter_strand: None
Offset: [1]
Final scaling factor: 4.5572204600969775
ForkPoolWorker-8,  processing 64 (8345.8 per sec) reads @ chr20:20000000-25000000
ForkPoolWorker-8 countReadsInRegions_worker: processing 5000000 (9717445.3 per sec) @ chr20:20000000-25000000
ForkPoolWorker-8,  processing 397 (52422.2 per sec) reads @ chr2:25000000-30000000
ForkPoolWorker-8 countReadsInRegions_worker: processing 5000000 (11096676.4 per sec) @ chr2:25000000-30000000
ForkPoolWorker-8,  processing 100 (40587.4 per sec) reads @ chr10:110000000-115000000
ForkPoolWorker-8 countReadsInRegions_worker: processing 5000000 (11114384.0 per sec) @ chr10:110000000-115000000
ForkPoolWorker-8,  processing 56 (36455.2 per sec) reads @ chr2:110000000-115000000
ForkPoolWorker-8 countReadsInRegions_worker: processing 5000000 (11212276.3 per sec) @ chr2:110000000-115000000
ForkPoolWorker-8,  processing 75 (41610.2 per sec) reads @ chr2:205000000-210000000
ForkPoolWorker-8 countReadsInRegions_worker: processing 5000000 (11372952.7 per sec) @ chr2:205000000-210000000
ForkPoolWorker-8,  processing 0 (0.0 per sec) reads @ chr2_KI270716v1_random:0-153799
ForkPoolWorker-8 countReadsInRegions_worker: processing 153799 (8125863.0 per sec) @ chr2_KI270716v1_random:0-153799
ForkPoolWorker-8,  processing 53 (32461.8 per sec) reads @ chr8:0-5000000
ForkPoolWorker-8 countReadsInRegions_worker: processing 5000000 (11747289.7 per sec) @ chr8:0-5000000
ForkPoolWorker-8,  processing 373 (52828.9 per sec) reads @ chr15:65000000-70000000
ForkPoolWorker-8 countReadsInRegions_worker: processing 5000000 (11633181.4 per sec) @ chr15:65000000-70000000
ForkPoolWorker-8,  processing 0 (0.0 per sec) reads @ chr1_KI270708v1_random:0-127682
ForkPoolWorker-8 countReadsInRegions_worker: processing 127682 (7747260.4 per sec) @ chr1_KI270708v1_random:0-127682
ForkPoolWorker-8,  processing 0 (0.0 per sec) reads @ chr15:0-5000000
ForkPoolWorker-8 countReadsInRegions_worker: processing 5000000 (11923135.7 per sec) @ chr15:0-5000000
ForkPoolWorker-8,  processing 109 (44420.8 per sec) reads @ chr3:130000000-135000000
ForkPoolWorker-8 countReadsInRegions_worker: processing 5000000 (11927862.4 per sec) @ chr3:130000000-135000000
ForkPoolWorker-8,  processing 0 (0.0 per sec) reads @ chrUn_KI270528v1:0-2983
ForkPoolWorker-8 countReadsInRegions_worker: processing 2983 (463204.2 per sec) @ chrUn_KI270528v1:0-2983
ForkPoolWorker-8,  processing 0 (0.0 per sec) reads @ chr22_KI270739v1_random:0-73985
ForkPoolWorker-8 countReadsInRegions_worker: processing 73985 (5314260.0 per sec) @ chr22_KI270739v1_random:0-73985
ForkPoolWorker-8,  processing 60 (37288.2 per sec) reads @ chr4:35000000-40000000
ForkPoolWorker-8 countReadsInRegions_worker: processing 5000000 (11683246.0 per sec) @ chr4:35000000-40000000
ForkPoolWorker-8,  processing 21 (23215.7 per sec) reads @ chr3:0-5000000
ForkPoolWorker-8 countReadsInRegions_worker: processing 5000000 (11840416.1 per sec) @ chr3:0-5000000
ForkPoolWorker-6,  processing 0 (0.0 per sec) reads @ chrUn_KI270750v1:0-148850
ForkPoolWorker-6 countReadsInRegions_worker: processing 148850 (2448744.7 per sec) @ chrUn_KI270750v1:0-148850
ForkPoolWorker-6,  processing 0 (0.0 per sec) reads @ chrUn_KI270747v1:0-198735
ForkPoolWorker-6 countReadsInRegions_worker: processing 198735 (8615021.3 per sec) @ chrUn_KI270747v1:0-198735
ForkPoolWorker-6,  processing 244 (45557.8 per sec) reads @ chr16:20000000-25000000
ForkPoolWorker-6 countReadsInRegions_worker: processing 5000000 (11582833.9 per sec) @ chr16:20000000-25000000
ForkPoolWorker-6,  processing 0 (0.0 per sec) reads @ chrUn_GL000213v1:0-164239
ForkPoolWorker-6 countReadsInRegions_worker: processing 164239 (8611714.9 per sec) @ chrUn_GL000213v1:0-164239
ForkPoolWorker-6,  processing 723 (52964.5 per sec) reads @ chr12:55000000-60000000
ForkPoolWorker-6 countReadsInRegions_worker: processing 5000000 (11401103.3 per sec) @ chr12:55000000-60000000
ForkPoolWorker-6,  processing 456 (53119.0 per sec) reads @ chrX:50000000-55000000
ForkPoolWorker-6 countReadsInRegions_worker: processing 5000000 (11482020.5 per sec) @ chrX:50000000-55000000
ForkPoolWorker-6,  processing 0 (0.0 per sec) reads @ chr9:55000000-60000000
ForkPoolWorker-6 countReadsInRegions_worker: processing 5000000 (11552971.5 per sec) @ chr9:55000000-60000000
ForkPoolWorker-6,  processing 0 (0.0 per sec) reads @ chrUn_KI270590v1:0-4685
ForkPoolWorker-6 countReadsInRegions_worker: processing 4685 (681356.2 per sec) @ chrUn_KI270590v1:0-4685
ForkPoolWorker-6,  processing 309 (49254.7 per sec) reads @ chr7:70000000-75000000
ForkPoolWorker-6 countReadsInRegions_worker: processing 5000000 (11622208.6 per sec) @ chr7:70000000-75000000
ForkPoolWorker-6,  processing 85 (41893.8 per sec) reads @ chrX:145000000-150000000
ForkPoolWorker-6 countReadsInRegions_worker: processing 5000000 (11711915.6 per sec) @ chrX:145000000-150000000
ForkPoolWorker-6,  processing 34 (29234.6 per sec) reads @ chr3:145000000-150000000
ForkPoolWorker-6 countReadsInRegions_worker: processing 5000000 (11736783.8 per sec) @ chr3:145000000-150000000
ForkPoolWorker-6,  processing 43 (32166.1 per sec) reads @ chr8:25000000-30000000
ForkPoolWorker-6 countReadsInRegions_worker: processing 5000000 (11840643.4 per sec) @ chr8:25000000-30000000
ForkPoolWorker-6,  processing 0 (0.0 per sec) reads @ chr14:10000000-15000000
ForkPoolWorker-6 countReadsInRegions_worker: processing 5000000 (11708711.5 per sec) @ chr14:10000000-15000000
ForkPoolWorker-6,  processing 1 (2142.1 per sec) reads @ chrY:0-5000000
ForkPoolWorker-6 countReadsInRegions_worker: processing 5000000 (11845706.3 per sec) @ chrY:0-5000000
ForkPoolWorker-6,  processing 195 (46224.1 per sec) reads @ chrX:40000000-45000000
ForkPoolWorker-6 countReadsInRegions_worker: processing 5000000 (11676272.8 per sec) @ chrX:40000000-45000000
ForkPoolWorker-7,  processing 129 (15654.0 per sec) reads @ chr10:65000000-70000000
ForkPoolWorker-7 countReadsInRegions_worker: processing 5000000 (10100122.2 per sec) @ chr10:65000000-70000000
ForkPoolWorker-7,  processing 44 (30835.3 per sec) reads @ chr4:50000000-55000000
ForkPoolWorker-7 countReadsInRegions_worker: processing 5000000 (11192170.6 per sec) @ chr4:50000000-55000000
ForkPoolWorker-7,  processing 85 (40758.6 per sec) reads @ chr7:50000000-55000000
ForkPoolWorker-7 countReadsInRegions_worker: processing 5000000 (11087495.0 per sec) @ chr7:50000000-55000000
ForkPoolWorker-7,  processing 105 (45421.0 per sec) reads @ chr18:30000000-35000000
ForkPoolWorker-7 countReadsInRegions_worker: processing 5000000 (11137611.0 per sec) @ chr18:30000000-35000000
ForkPoolWorker-7,  processing 0 (0.0 per sec) reads @ chrUn_KI270744v1:0-168472
ForkPoolWorker-7 countReadsInRegions_worker: processing 168472 (8269333.1 per sec) @ chrUn_KI270744v1:0-168472
ForkPoolWorker-7,  processing 68 (37716.6 per sec) reads @ chr8:90000000-95000000
ForkPoolWorker-7 countReadsInRegions_worker: processing 5000000 (11830330.3 per sec) @ chr8:90000000-95000000
ForkPoolWorker-7,  processing 0 (0.0 per sec) reads @ chrUn_KI270316v1:0-1444
ForkPoolWorker-7 countReadsInRegions_worker: processing 1444 (218003.6 per sec) @ chrUn_KI270316v1:0-1444
ForkPoolWorker-7,  processing 0 (0.0 per sec) reads @ chr17_KI270729v1_random:0-280839
ForkPoolWorker-7 countReadsInRegions_worker: processing 280839 (9616178.3 per sec) @ chr17_KI270729v1_random:0-280839
ForkPoolWorker-7,  processing 413 (51212.0 per sec) reads @ chr2:70000000-75000000
ForkPoolWorker-7 countReadsInRegions_worker: processing 5000000 (11525441.2 per sec) @ chr2:70000000-75000000
ForkPoolWorker-7,  processing 119 (41496.7 per sec) reads @ chr13:40000000-45000000
ForkPoolWorker-7 countReadsInRegions_worker: processing 5000000 (11738459.0 per sec) @ chr13:40000000-45000000
ForkPoolWorker-7,  processing 366 (48149.9 per sec) reads @ chr10:70000000-75000000
ForkPoolWorker-7 countReadsInRegions_worker: processing 5000000 (11678769.7 per sec) @ chr10:70000000-75000000
ForkPoolWorker-7,  processing 0 (0.0 per sec) reads @ chrUn_KI270755v1:0-36723
ForkPoolWorker-7 countReadsInRegions_worker: processing 36723 (3861401.0 per sec) @ chrUn_KI270755v1:0-36723
ForkPoolWorker-7,  processing 19 (17654.4 per sec) reads @ chr14:80000000-85000000
ForkPoolWorker-7 countReadsInRegions_worker: processing 5000000 (11864417.1 per sec) @ chr14:80000000-85000000
ForkPoolWorker-7,  processing 58 (36206.2 per sec) reads @ chr8:115000000-120000000
ForkPoolWorker-7 countReadsInRegions_worker: processing 5000000 (11795125.0 per sec) @ chr8:115000000-120000000
ForkPoolWorker-7,  processing 133 (43755.8 per sec) reads @ chr13:50000000-55000000
ForkPoolWorker-7 countReadsInRegions_worker: processing 5000000 (11852568.6 per sec) @ chr13:50000000-55000000
ForkPoolWorker-12,  processing 0 (0.0 per sec) reads @ chr22_KI270735v1_random:0-42811
ForkPoolWorker-12 countReadsInRegions_worker: processing 42811 (1139803.4 per sec) @ chr22_KI270735v1_random:0-42811
ForkPoolWorker-12,  processing 0 (0.0 per sec) reads @ chrUn_KI270411v1:0-2646
ForkPoolWorker-12 countReadsInRegions_worker: processing 2646 (181084.5 per sec) @ chrUn_KI270411v1:0-2646
ForkPoolWorker-12,  processing 320 (40562.6 per sec) reads @ chr2:95000000-100000000
ForkPoolWorker-12 countReadsInRegions_worker: processing 5000000 (10972592.0 per sec) @ chr2:95000000-100000000
ForkPoolWorker-12,  processing 341 (47526.3 per sec) reads @ chr11:45000000-50000000
ForkPoolWorker-12 countReadsInRegions_worker: processing 5000000 (11036097.1 per sec) @ chr11:45000000-50000000
ForkPoolWorker-12,  processing 14 (18219.1 per sec) reads @ chr12:80000000-85000000
ForkPoolWorker-12 countReadsInRegions_worker: processing 5000000 (11223257.1 per sec) @ chr12:80000000-85000000
ForkPoolWorker-12,  processing 182 (46909.8 per sec) reads @ chr2:60000000-65000000
ForkPoolWorker-12 countReadsInRegions_worker: processing 5000000 (11073795.1 per sec) @ chr2:60000000-65000000
ForkPoolWorker-12,  processing 75 (40637.2 per sec) reads @ chrX:10000000-15000000
ForkPoolWorker-12 countReadsInRegions_worker: processing 5000000 (11225371.7 per sec) @ chrX:10000000-15000000
ForkPoolWorker-12,  processing 9 (13357.7 per sec) reads @ chrX:90000000-95000000
ForkPoolWorker-12 countReadsInRegions_worker: processing 5000000 (11372576.5 per sec) @ chrX:90000000-95000000
ForkPoolWorker-12,  processing 33 (29293.6 per sec) reads @ chr15:35000000-40000000
ForkPoolWorker-12 countReadsInRegions_worker: processing 5000000 (11593238.9 per sec) @ chr15:35000000-40000000
ForkPoolWorker-12,  processing 21 (22555.8 per sec) reads @ chr4:175000000-180000000
ForkPoolWorker-12 countReadsInRegions_worker: processing 5000000 (11706201.8 per sec) @ chr4:175000000-180000000
ForkPoolWorker-12,  processing 10 (14974.3 per sec) reads @ chr2:90000000-95000000
ForkPoolWorker-12 countReadsInRegions_worker: processing 5000000 (11660334.7 per sec) @ chr2:90000000-95000000
ForkPoolWorker-12,  processing 196 (48765.2 per sec) reads @ chr3:195000000-198295559
ForkPoolWorker-12 countReadsInRegions_worker: processing 3295559 (11627296.3 per sec) @ chr3:195000000-198295559
ForkPoolWorker-12,  processing 25 (22042.8 per sec) reads @ chr3:115000000-120000000
ForkPoolWorker-12 countReadsInRegions_worker: processing 5000000 (11997540.0 per sec) @ chr3:115000000-120000000
ForkPoolWorker-12,  processing 3 (5955.0 per sec) reads @ chrY:15000000-20000000
ForkPoolWorker-12 countReadsInRegions_worker: processing 5000000 (12099207.5 per sec) @ chrY:15000000-20000000
ForkPoolWorker-12,  processing 0 (0.0 per sec) reads @ chrUn_KI270751v1:0-150742
ForkPoolWorker-12 countReadsInRegions_worker: processing 150742 (7526519.9 per sec) @ chrUn_KI270751v1:0-150742
ForkPoolWorker-24,  processing 387 (13479.0 per sec) reads @ chr12:50000000-55000000
ForkPoolWorker-24 countReadsInRegions_worker: processing 5000000 (9427249.6 per sec) @ chr12:50000000-55000000
ForkPoolWorker-24,  processing 0 (0.0 per sec) reads @ chrY:25000000-30000000
ForkPoolWorker-24 countReadsInRegions_worker: processing 5000000 (11438626.2 per sec) @ chrY:25000000-30000000
ForkPoolWorker-24,  processing 106 (40155.0 per sec) reads @ chrX:15000000-20000000
ForkPoolWorker-24 countReadsInRegions_worker: processing 5000000 (11803297.1 per sec) @ chrX:15000000-20000000
ForkPoolWorker-24,  processing 391 (53974.9 per sec) reads @ chr17:60000000-65000000
ForkPoolWorker-24 countReadsInRegions_worker: processing 5000000 (11893484.7 per sec) @ chr17:60000000-65000000
ForkPoolWorker-24,  processing 17 (20971.5 per sec) reads @ chrX:80000000-85000000
ForkPoolWorker-24 countReadsInRegions_worker: processing 5000000 (12006826.8 per sec) @ chrX:80000000-85000000
ForkPoolWorker-24,  processing 104 (42782.2 per sec) reads @ chr18:5000000-10000000
ForkPoolWorker-24 countReadsInRegions_worker: processing 5000000 (12061276.3 per sec) @ chr18:5000000-10000000
ForkPoolWorker-24,  processing 434 (60277.8 per sec) reads @ chr4:65000000-70000000
ForkPoolWorker-24 countReadsInRegions_worker: processing 5000000 (11905327.4 per sec) @ chr4:65000000-70000000
ForkPoolWorker-24,  processing 1242 (56940.0 per sec) reads @ chr14:100000000-105000000
ForkPoolWorker-24 countReadsInRegions_worker: processing 5000000 (11523921.3 per sec) @ chr14:100000000-105000000
ForkPoolWorker-24,  processing 111 (45523.4 per sec) reads @ chr2:30000000-35000000
ForkPoolWorker-24 countReadsInRegions_worker: processing 5000000 (12073622.5 per sec) @ chr2:30000000-35000000
ForkPoolWorker-24,  processing 0 (0.0 per sec) reads @ chrUn_KI270388v1:0-1216
ForkPoolWorker-24 countReadsInRegions_worker: processing 1216 (181931.7 per sec) @ chrUn_KI270388v1:0-1216
ForkPoolWorker-24,  processing 0 (0.0 per sec) reads @ chrUn_KI270375v1:0-2378
ForkPoolWorker-24 countReadsInRegions_worker: processing 2378 (379862.7 per sec) @ chrUn_KI270375v1:0-2378
ForkPoolWorker-24,  processing 160 (48307.6 per sec) reads @ chr6:150000000-155000000
ForkPoolWorker-24 countReadsInRegions_worker: processing 5000000 (12047460.2 per sec) @ chr6:150000000-155000000
ForkPoolWorker-24,  processing 1975 (57240.6 per sec) reads @ chr11:65000000-70000000
ForkPoolWorker-24 countReadsInRegions_worker: processing 5000000 (11160353.1 per sec) @ chr11:65000000-70000000
ForkPoolWorker-24,  processing 0 (0.0 per sec) reads @ chr9_KI270720v1_random:0-39050
ForkPoolWorker-24 countReadsInRegions_worker: processing 39050 (3456819.6 per sec) @ chr9_KI270720v1_random:0-39050
ForkPoolWorker-24,  processing 26 (25713.7 per sec) reads @ chr10:105000000-110000000
ForkPoolWorker-24 countReadsInRegions_worker: processing 5000000 (12034628.8 per sec) @ chr10:105000000-110000000
ForkPoolWorker-33,  processing 138 (11081.6 per sec) reads @ chr8:120000000-125000000
ForkPoolWorker-33 countReadsInRegions_worker: processing 5000000 (9467924.9 per sec) @ chr8:120000000-125000000
ForkPoolWorker-33,  processing 81 (35071.6 per sec) reads @ chr4:105000000-110000000
ForkPoolWorker-33 countReadsInRegions_worker: processing 5000000 (11288301.8 per sec) @ chr4:105000000-110000000
ForkPoolWorker-33,  processing 0 (0.0 per sec) reads @ chrUn_KI270509v1:0-2318
ForkPoolWorker-33 countReadsInRegions_worker: processing 2318 (371268.1 per sec) @ chrUn_KI270509v1:0-2318
ForkPoolWorker-33,  processing 232 (43694.6 per sec) reads @ chr1:110000000-115000000
ForkPoolWorker-33 countReadsInRegions_worker: processing 5000000 (11346561.2 per sec) @ chr1:110000000-115000000
ForkPoolWorker-33,  processing 130 (44147.0 per sec) reads @ chr12:30000000-35000000
ForkPoolWorker-33 countReadsInRegions_worker: processing 5000000 (11508560.3 per sec) @ chr12:30000000-35000000
ForkPoolWorker-33,  processing 0 (0.0 per sec) reads @ chr17_KI270730v1_random:0-112551
ForkPoolWorker-33 countReadsInRegions_worker: processing 112551 (7274526.3 per sec) @ chr17_KI270730v1_random:0-112551
ForkPoolWorker-33,  processing 367 (57561.5 per sec) reads @ chr4:135000000-140000000
ForkPoolWorker-33 countReadsInRegions_worker: processing 5000000 (11350073.8 per sec) @ chr4:135000000-140000000
ForkPoolWorker-33,  processing 251 (50567.8 per sec) reads @ chr10:75000000-80000000
ForkPoolWorker-33 countReadsInRegions_worker: processing 5000000 (11458175.2 per sec) @ chr10:75000000-80000000
ForkPoolWorker-33,  processing 2013 (57359.8 per sec) reads @ chr11:0-5000000
ForkPoolWorker-33 countReadsInRegions_worker: processing 5000000 (10954560.4 per sec) @ chr11:0-5000000
ForkPoolWorker-33,  processing 39 (33424.2 per sec) reads @ chr8:30000000-35000000
ForkPoolWorker-33 countReadsInRegions_worker: processing 5000000 (11755679.0 per sec) @ chr8:30000000-35000000
ForkPoolWorker-33,  processing 0 (0.0 per sec) reads @ chrUn_KI270420v1:0-2321
ForkPoolWorker-33 countReadsInRegions_worker: processing 2321 (337107.1 per sec) @ chrUn_KI270420v1:0-2321
ForkPoolWorker-33,  processing 150 (46417.7 per sec) reads @ chr4:80000000-85000000
ForkPoolWorker-33 countReadsInRegions_worker: processing 5000000 (11849742.4 per sec) @ chr4:80000000-85000000
ForkPoolWorker-33,  processing 130 (43336.5 per sec) reads @ chr3:30000000-35000000
ForkPoolWorker-33 countReadsInRegions_worker: processing 5000000 (11785295.0 per sec) @ chr3:30000000-35000000
ForkPoolWorker-33,  processing 0 (0.0 per sec) reads @ chrUn_KI270519v1:0-138126
ForkPoolWorker-33 countReadsInRegions_worker: processing 138126 (8080202.4 per sec) @ chrUn_KI270519v1:0-138126
ForkPoolWorker-33,  processing 49 (33132.5 per sec) reads @ chr8:60000000-65000000
ForkPoolWorker-33 countReadsInRegions_worker: processing 5000000 (11664057.2 per sec) @ chr8:60000000-65000000
ForkPoolWorker-45,  processing 0 (0.0 per sec) reads @ chrUn_KI270338v1:0-1428
ForkPoolWorker-45 countReadsInRegions_worker: processing 1428 (74240.1 per sec) @ chrUn_KI270338v1:0-1428
ForkPoolWorker-45,  processing 407 (24103.2 per sec) reads @ chrX:0-5000000
ForkPoolWorker-45 countReadsInRegions_worker: processing 5000000 (10184710.2 per sec) @ chrX:0-5000000
ForkPoolWorker-45,  processing 0 (0.0 per sec) reads @ chrUn_KI270544v1:0-1202
ForkPoolWorker-45 countReadsInRegions_worker: processing 1202 (192352.3 per sec) @ chrUn_KI270544v1:0-1202
ForkPoolWorker-45,  processing 25 (25556.3 per sec) reads @ chr5:120000000-125000000
ForkPoolWorker-45 countReadsInRegions_worker: processing 5000000 (11579917.5 per sec) @ chr5:120000000-125000000
ForkPoolWorker-45,  processing 97 (40627.9 per sec) reads @ chr12:10000000-15000000
ForkPoolWorker-45 countReadsInRegions_worker: processing 5000000 (11773954.2 per sec) @ chr12:10000000-15000000
ForkPoolWorker-45,  processing 96 (39846.9 per sec) reads @ chr2:200000000-205000000
ForkPoolWorker-45 countReadsInRegions_worker: processing 5000000 (11837662.5 per sec) @ chr2:200000000-205000000
ForkPoolWorker-45,  processing 120 (44604.4 per sec) reads @ chrX:100000000-105000000
ForkPoolWorker-45 countReadsInRegions_worker: processing 5000000 (11928364.5 per sec) @ chrX:100000000-105000000
ForkPoolWorker-45,  processing 3 (5882.6 per sec) reads @ chr16:35000000-40000000
ForkPoolWorker-45 countReadsInRegions_worker: processing 5000000 (11952151.5 per sec) @ chr16:35000000-40000000
ForkPoolWorker-45,  processing 652 (54538.8 per sec) reads @ chr1:150000000-155000000
ForkPoolWorker-45 countReadsInRegions_worker: processing 5000000 (11592111.1 per sec) @ chr1:150000000-155000000
ForkPoolWorker-45,  processing 52 (37282.7 per sec) reads @ chr2:55000000-60000000
ForkPoolWorker-45 countReadsInRegions_worker: processing 5000000 (12040370.5 per sec) @ chr2:55000000-60000000
ForkPoolWorker-45,  processing 554 (55397.4 per sec) reads @ chr2:215000000-220000000
ForkPoolWorker-45 countReadsInRegions_worker: processing 5000000 (11805483.2 per sec) @ chr2:215000000-220000000
ForkPoolWorker-45,  processing 46 (34088.0 per sec) reads @ chr9:15000000-20000000
ForkPoolWorker-45 countReadsInRegions_worker: processing 5000000 (11975192.5 per sec) @ chr9:15000000-20000000
ForkPoolWorker-45,  processing 71 (38775.5 per sec) reads @ chr11:110000000-115000000
ForkPoolWorker-45 countReadsInRegions_worker: processing 5000000 (11787553.9 per sec) @ chr11:110000000-115000000
ForkPoolWorker-45,  processing 286 (50214.4 per sec) reads @ chr9:90000000-95000000
ForkPoolWorker-45 countReadsInRegions_worker: processing 5000000 (11776374.0 per sec) @ chr9:90000000-95000000
ForkPoolWorker-45,  processing 0 (0.0 per sec) reads @ chrUn_KI270512v1:0-22689
ForkPoolWorker-45 countReadsInRegions_worker: processing 22689 (2899148.9 per sec) @ chrUn_KI270512v1:0-22689
ForkPoolWorker-16,  processing 224 (9959.2 per sec) reads @ chr4:5000000-10000000
ForkPoolWorker-16 countReadsInRegions_worker: processing 5000000 (8522496.4 per sec) @ chr4:5000000-10000000
ForkPoolWorker-16,  processing 100 (33890.6 per sec) reads @ chr8:70000000-75000000
ForkPoolWorker-16 countReadsInRegions_worker: processing 5000000 (11299998.3 per sec) @ chr8:70000000-75000000
ForkPoolWorker-16,  processing 2 (4599.0 per sec) reads @ chr17_GL000205v2_random:0-185591
ForkPoolWorker-16 countReadsInRegions_worker: processing 185591 (8253722.5 per sec) @ chr17_GL000205v2_random:0-185591
ForkPoolWorker-16,  processing 37 (27921.8 per sec) reads @ chr9:5000000-10000000
ForkPoolWorker-16 countReadsInRegions_worker: processing 5000000 (11740220.1 per sec) @ chr9:5000000-10000000
ForkPoolWorker-16,  processing 8 (11736.4 per sec) reads @ chr3:80000000-85000000
ForkPoolWorker-16 countReadsInRegions_worker: processing 5000000 (12003576.2 per sec) @ chr3:80000000-85000000
ForkPoolWorker-16,  processing 82 (41268.6 per sec) reads @ chr7:115000000-120000000
ForkPoolWorker-16 countReadsInRegions_worker: processing 5000000 (11815160.5 per sec) @ chr7:115000000-120000000
ForkPoolWorker-16,  processing 0 (0.0 per sec) reads @ chrUn_KI270465v1:0-1774
ForkPoolWorker-16 countReadsInRegions_worker: processing 1774 (267564.3 per sec) @ chrUn_KI270465v1:0-1774
ForkPoolWorker-16,  processing 0 (0.0 per sec) reads @ chrUn_KI270381v1:0-1930
ForkPoolWorker-16 countReadsInRegions_worker: processing 1930 (304392.2 per sec) @ chrUn_KI270381v1:0-1930
ForkPoolWorker-16,  processing 35 (28389.2 per sec) reads @ chr5:100000000-105000000
ForkPoolWorker-16 countReadsInRegions_worker: processing 5000000 (11738380.2 per sec) @ chr5:100000000-105000000
ForkPoolWorker-16,  processing 72 (37122.3 per sec) reads @ chr15:55000000-60000000
ForkPoolWorker-16 countReadsInRegions_worker: processing 5000000 (11575743.6 per sec) @ chr15:55000000-60000000
ForkPoolWorker-16,  processing 36 (30454.8 per sec) reads @ chr1:215000000-220000000
ForkPoolWorker-16 countReadsInRegions_worker: processing 5000000 (11637190.1 per sec) @ chr1:215000000-220000000
ForkPoolWorker-16,  processing 7 (10607.0 per sec) reads @ chr4:160000000-165000000
ForkPoolWorker-16 countReadsInRegions_worker: processing 5000000 (11633523.4 per sec) @ chr4:160000000-165000000
ForkPoolWorker-16,  processing 461 (53003.7 per sec) reads @ chr22:15000000-20000000
ForkPoolWorker-16 countReadsInRegions_worker: processing 5000000 (11488562.1 per sec) @ chr22:15000000-20000000
ForkPoolWorker-16,  processing 1113 (57239.2 per sec) reads @ chr12:130000000-133275309
ForkPoolWorker-16 countReadsInRegions_worker: processing 3275309 (10791158.9 per sec) @ chr12:130000000-133275309
ForkPoolWorker-16,  processing 1009 (56955.9 per sec) reads @ chr16:25000000-30000000
ForkPoolWorker-16 countReadsInRegions_worker: processing 5000000 (11677846.2 per sec) @ chr16:25000000-30000000
ForkPoolWorker-2,  processing 86 (13858.5 per sec) reads @ chr17:10000000-15000000
ForkPoolWorker-2 countReadsInRegions_worker: processing 5000000 (10441061.8 per sec) @ chr17:10000000-15000000
ForkPoolWorker-2,  processing 141 (43768.3 per sec) reads @ chr10:5000000-10000000
ForkPoolWorker-2 countReadsInRegions_worker: processing 5000000 (11316327.5 per sec) @ chr10:5000000-10000000
ForkPoolWorker-2,  processing 239 (49276.8 per sec) reads @ chr9:120000000-125000000
ForkPoolWorker-2 countReadsInRegions_worker: processing 5000000 (11248679.2 per sec) @ chr9:120000000-125000000
ForkPoolWorker-2,  processing 0 (0.0 per sec) reads @ chr15_KI270727v1_random:0-448248
ForkPoolWorker-2 countReadsInRegions_worker: processing 448248 (10217927.2 per sec) @ chr15_KI270727v1_random:0-448248
ForkPoolWorker-2,  processing 0 (0.0 per sec) reads @ chrUn_KI270304v1:0-2165
ForkPoolWorker-2 countReadsInRegions_worker: processing 2165 (313992.7 per sec) @ chrUn_KI270304v1:0-2165
ForkPoolWorker-2,  processing 2072 (58717.9 per sec) reads @ chrX:150000000-155000000
ForkPoolWorker-2 countReadsInRegions_worker: processing 5000000 (10726615.4 per sec) @ chrX:150000000-155000000
ForkPoolWorker-2,  processing 6124 (61855.0 per sec) reads @ chr22_KI270733v1_random:0-179772
ForkPoolWorker-2 countReadsInRegions_worker: processing 179772 (1483330.5 per sec) @ chr22_KI270733v1_random:0-179772
ForkPoolWorker-2,  processing 163 (44062.4 per sec) reads @ chr13:75000000-80000000
ForkPoolWorker-2 countReadsInRegions_worker: processing 5000000 (12020508.5 per sec) @ chr13:75000000-80000000
ForkPoolWorker-2,  processing 240 (49563.4 per sec) reads @ chr7:155000000-159345973
ForkPoolWorker-2 countReadsInRegions_worker: processing 4345973 (11834704.1 per sec) @ chr7:155000000-159345973
ForkPoolWorker-2,  processing 20 (23872.0 per sec) reads @ chr13:55000000-60000000
ForkPoolWorker-2 countReadsInRegions_worker: processing 5000000 (11828181.7 per sec) @ chr13:55000000-60000000
ForkPoolWorker-2,  processing 32 (29524.4 per sec) reads @ chr5:50000000-55000000
ForkPoolWorker-2 countReadsInRegions_worker: processing 5000000 (11800242.1 per sec) @ chr5:50000000-55000000
ForkPoolWorker-2,  processing 39 (32689.4 per sec) reads @ chr1:100000000-105000000
ForkPoolWorker-2 countReadsInRegions_worker: processing 5000000 (11790370.4 per sec) @ chr1:100000000-105000000
ForkPoolWorker-2,  processing 141 (45394.3 per sec) reads @ chr18:20000000-25000000
ForkPoolWorker-2 countReadsInRegions_worker: processing 5000000 (11939440.6 per sec) @ chr18:20000000-25000000
ForkPoolWorker-2,  processing 1256 (57413.0 per sec) reads @ chr19:35000000-40000000
ForkPoolWorker-2 countReadsInRegions_worker: processing 5000000 (11429680.1 per sec) @ chr19:35000000-40000000
ForkPoolWorker-2,  processing 43 (33141.3 per sec) reads @ chr4:170000000-175000000
ForkPoolWorker-2 countReadsInRegions_worker: processing 5000000 (12098244.2 per sec) @ chr4:170000000-175000000
ForkPoolWorker-36,  processing 17 (2790.6 per sec) reads @ chr13:60000000-65000000
ForkPoolWorker-36 countReadsInRegions_worker: processing 5000000 (9667863.6 per sec) @ chr13:60000000-65000000
ForkPoolWorker-36,  processing 66 (35431.2 per sec) reads @ chr14:25000000-30000000
ForkPoolWorker-36 countReadsInRegions_worker: processing 5000000 (11448142.4 per sec) @ chr14:25000000-30000000
ForkPoolWorker-36,  processing 0 (0.0 per sec) reads @ chr21:0-5000000
ForkPoolWorker-36 countReadsInRegions_worker: processing 5000000 (11860988.2 per sec) @ chr21:0-5000000
ForkPoolWorker-36,  processing 691 (57177.4 per sec) reads @ chr6:25000000-30000000
ForkPoolWorker-36 countReadsInRegions_worker: processing 5000000 (11663395.6 per sec) @ chr6:25000000-30000000
ForkPoolWorker-36,  processing 0 (0.0 per sec) reads @ chrUn_KI270386v1:0-1788
ForkPoolWorker-36 countReadsInRegions_worker: processing 1788 (272290.2 per sec) @ chrUn_KI270386v1:0-1788
ForkPoolWorker-36,  processing 56 (36534.6 per sec) reads @ chr12:15000000-20000000
ForkPoolWorker-36 countReadsInRegions_worker: processing 5000000 (11970387.3 per sec) @ chr12:15000000-20000000
ForkPoolWorker-36,  processing 0 (0.0 per sec) reads @ chr11_KI270721v1_random:0-100316
ForkPoolWorker-36 countReadsInRegions_worker: processing 100316 (6779932.0 per sec) @ chr11_KI270721v1_random:0-100316
ForkPoolWorker-36,  processing 53 (34701.5 per sec) reads @ chr5:35000000-40000000
ForkPoolWorker-36 countReadsInRegions_worker: processing 5000000 (12001323.1 per sec) @ chr5:35000000-40000000
ForkPoolWorker-36,  processing 66 (39980.4 per sec) reads @ chr11:85000000-90000000
ForkPoolWorker-36 countReadsInRegions_worker: processing 5000000 (12068515.7 per sec) @ chr11:85000000-90000000
ForkPoolWorker-36,  processing 0 (0.0 per sec) reads @ chrUn_KI270417v1:0-2043
ForkPoolWorker-36 countReadsInRegions_worker: processing 2043 (322918.4 per sec) @ chrUn_KI270417v1:0-2043
ForkPoolWorker-36,  processing 60 (34836.4 per sec) reads @ chr10:30000000-35000000
ForkPoolWorker-36 countReadsInRegions_worker: processing 5000000 (12002106.1 per sec) @ chr10:30000000-35000000
ForkPoolWorker-36,  processing 112 (44208.7 per sec) reads @ chr10:15000000-20000000
ForkPoolWorker-36 countReadsInRegions_worker: processing 5000000 (12037999.9 per sec) @ chr10:15000000-20000000
ForkPoolWorker-36,  processing 260 (50970.7 per sec) reads @ chr16:55000000-60000000
ForkPoolWorker-36 countReadsInRegions_worker: processing 5000000 (11730061.5 per sec) @ chr16:55000000-60000000
ForkPoolWorker-36,  processing 95 (44278.1 per sec) reads @ chr7:45000000-50000000
ForkPoolWorker-36 countReadsInRegions_worker: processing 5000000 (12016919.9 per sec) @ chr7:45000000-50000000
ForkPoolWorker-36,  processing 41 (35116.7 per sec) reads @ chr8:80000000-85000000
ForkPoolWorker-36 countReadsInRegions_worker: processing 5000000 (12117467.9 per sec) @ chr8:80000000-85000000
ForkPoolWorker-31,  processing 0 (0.0 per sec) reads @ chrUn_KI270336v1:0-1026
ForkPoolWorker-31 countReadsInRegions_worker: processing 1026 (48111.2 per sec) @ chrUn_KI270336v1:0-1026
ForkPoolWorker-31,  processing 35 (16201.4 per sec) reads @ chr4:30000000-35000000
ForkPoolWorker-31 countReadsInRegions_worker: processing 5000000 (10676403.2 per sec) @ chr4:30000000-35000000
ForkPoolWorker-31,  processing 0 (0.0 per sec) reads @ chrUn_KI270315v1:0-2276
ForkPoolWorker-31 countReadsInRegions_worker: processing 2276 (356030.1 per sec) @ chrUn_KI270315v1:0-2276
ForkPoolWorker-31,  processing 254 (48826.9 per sec) reads @ chr16:15000000-20000000
ForkPoolWorker-31 countReadsInRegions_worker: processing 5000000 (11217152.0 per sec) @ chr16:15000000-20000000
ForkPoolWorker-31,  processing 221 (53235.8 per sec) reads @ chr1:170000000-175000000
ForkPoolWorker-31 countReadsInRegions_worker: processing 5000000 (11366184.7 per sec) @ chr1:170000000-175000000
ForkPoolWorker-31,  processing 116 (43448.8 per sec) reads @ chr11:125000000-130000000
ForkPoolWorker-31 countReadsInRegions_worker: processing 5000000 (11622949.4 per sec) @ chr11:125000000-130000000
ForkPoolWorker-31,  processing 41 (33613.5 per sec) reads @ chr2:180000000-185000000
ForkPoolWorker-31 countReadsInRegions_worker: processing 5000000 (11937197.9 per sec) @ chr2:180000000-185000000
ForkPoolWorker-31,  processing 19 (22347.7 per sec) reads @ chr2:160000000-165000000
ForkPoolWorker-31 countReadsInRegions_worker: processing 5000000 (11814548.1 per sec) @ chr2:160000000-165000000
ForkPoolWorker-31,  processing 26 (27427.5 per sec) reads @ chr5:110000000-115000000
ForkPoolWorker-31 countReadsInRegions_worker: processing 5000000 (11884116.4 per sec) @ chr5:110000000-115000000
ForkPoolWorker-31,  processing 0 (0.0 per sec) reads @ chrY:30000000-35000000
ForkPoolWorker-31 countReadsInRegions_worker: processing 5000000 (11952335.5 per sec) @ chrY:30000000-35000000
ForkPoolWorker-31,  processing 187 (47671.2 per sec) reads @ chr7:65000000-70000000
ForkPoolWorker-31 countReadsInRegions_worker: processing 5000000 (11839767.7 per sec) @ chr7:65000000-70000000
ForkPoolWorker-31,  processing 0 (0.0 per sec) reads @ chrUn_KI270756v1:0-79590
ForkPoolWorker-31 countReadsInRegions_worker: processing 79590 (5882891.1 per sec) @ chrUn_KI270756v1:0-79590
ForkPoolWorker-31,  processing 65 (39637.9 per sec) reads @ chr20:5000000-10000000
ForkPoolWorker-31 countReadsInRegions_worker: processing 5000000 (11841084.6 per sec) @ chr20:5000000-10000000
ForkPoolWorker-31,  processing 210 (47971.5 per sec) reads @ chr14:70000000-75000000
ForkPoolWorker-31 countReadsInRegions_worker: processing 5000000 (11671392.6 per sec) @ chr14:70000000-75000000
ForkPoolWorker-31,  processing 45 (34198.9 per sec) reads @ chr8:5000000-10000000
ForkPoolWorker-31 countReadsInRegions_worker: processing 5000000 (11714061.3 per sec) @ chr8:5000000-10000000
ForkPoolWorker-17,  processing 279 (13310.6 per sec) reads @ chr7:95000000-100000000
ForkPoolWorker-17 countReadsInRegions_worker: processing 5000000 (9529394.7 per sec) @ chr7:95000000-100000000
ForkPoolWorker-17,  processing 54 (31597.7 per sec) reads @ chr13:35000000-40000000
ForkPoolWorker-17 countReadsInRegions_worker: processing 5000000 (11246821.1 per sec) @ chr13:35000000-40000000
ForkPoolWorker-17,  processing 91 (41072.0 per sec) reads @ chr12:75000000-80000000
ForkPoolWorker-17 countReadsInRegions_worker: processing 5000000 (11323189.1 per sec) @ chr12:75000000-80000000
ForkPoolWorker-17,  processing 1436 (54428.2 per sec) reads @ chr11:60000000-65000000
ForkPoolWorker-17 countReadsInRegions_worker: processing 5000000 (10775203.5 per sec) @ chr11:60000000-65000000
ForkPoolWorker-17,  processing 274 (49787.3 per sec) reads @ chr7:40000000-45000000
ForkPoolWorker-17 countReadsInRegions_worker: processing 5000000 (11417943.8 per sec) @ chr7:40000000-45000000
ForkPoolWorker-17,  processing 68 (39728.7 per sec) reads @ chr9:20000000-25000000
ForkPoolWorker-17 countReadsInRegions_worker: processing 5000000 (11485982.3 per sec) @ chr9:20000000-25000000
ForkPoolWorker-17,  processing 0 (0.0 per sec) reads @ chrUn_KI270330v1:0-1652
ForkPoolWorker-17 countReadsInRegions_worker: processing 1652 (260439.4 per sec) @ chrUn_KI270330v1:0-1652
ForkPoolWorker-17,  processing 0 (0.0 per sec) reads @ chr1_KI270712v1_random:0-176043
ForkPoolWorker-17 countReadsInRegions_worker: processing 176043 (8325848.3 per sec) @ chr1_KI270712v1_random:0-176043
ForkPoolWorker-17,  processing 143 (44059.8 per sec) reads @ chr1:245000000-248956422
ForkPoolWorker-17 countReadsInRegions_worker: processing 3956422 (11523082.1 per sec) @ chr1:245000000-248956422
ForkPoolWorker-17,  processing 13 (17348.4 per sec) reads @ chr5:25000000-30000000
ForkPoolWorker-17 countReadsInRegions_worker: processing 5000000 (12174390.6 per sec) @ chr5:25000000-30000000
ForkPoolWorker-17,  processing 0 (0.0 per sec) reads @ chrUn_KI270385v1:0-990
ForkPoolWorker-17 countReadsInRegions_worker: processing 990 (143283.7 per sec) @ chrUn_KI270385v1:0-990
ForkPoolWorker-17,  processing 67 (41344.5 per sec) reads @ chr3:190000000-195000000
ForkPoolWorker-17 countReadsInRegions_worker: processing 5000000 (11907118.7 per sec) @ chr3:190000000-195000000
ForkPoolWorker-17,  processing 1794 (56744.3 per sec) reads @ chr7:0-5000000
ForkPoolWorker-17 countReadsInRegions_worker: processing 5000000 (11288532.7 per sec) @ chr7:0-5000000
ForkPoolWorker-17,  processing 601 (55357.9 per sec) reads @ chr12:5000000-10000000
ForkPoolWorker-17 countReadsInRegions_worker: processing 5000000 (11690735.8 per sec) @ chr12:5000000-10000000
ForkPoolWorker-17,  processing 96 (42958.8 per sec) reads @ chr2:155000000-160000000
ForkPoolWorker-17 countReadsInRegions_worker: processing 5000000 (11979324.2 per sec) @ chr2:155000000-160000000
ForkPoolWorker-18,  processing 0 (0.0 per sec) reads @ chrUn_KI270329v1:0-1040
ForkPoolWorker-18 countReadsInRegions_worker: processing 1040 (38623.3 per sec) @ chrUn_KI270329v1:0-1040
ForkPoolWorker-18,  processing 9 (936.0 per sec) reads @ chr13:85000000-90000000
ForkPoolWorker-18 countReadsInRegions_worker: processing 5000000 (9961548.5 per sec) @ chr13:85000000-90000000
ForkPoolWorker-18,  processing 8 (8570.7 per sec) reads @ chr9:40000000-45000000
ForkPoolWorker-18 countReadsInRegions_worker: processing 5000000 (11306864.5 per sec) @ chr9:40000000-45000000
ForkPoolWorker-18,  processing 60 (31308.6 per sec) reads @ chr21:25000000-30000000
ForkPoolWorker-18 countReadsInRegions_worker: processing 5000000 (11557842.3 per sec) @ chr21:25000000-30000000
ForkPoolWorker-18,  processing 105 (39920.4 per sec) reads @ chr6:145000000-150000000
ForkPoolWorker-18 countReadsInRegions_worker: processing 5000000 (11762377.9 per sec) @ chr6:145000000-150000000
ForkPoolWorker-18,  processing 64 (38097.6 per sec) reads @ chr3:25000000-30000000
ForkPoolWorker-18 countReadsInRegions_worker: processing 5000000 (11494695.4 per sec) @ chr3:25000000-30000000
ForkPoolWorker-18,  processing 39 (33637.2 per sec) reads @ chr5:155000000-160000000
ForkPoolWorker-18 countReadsInRegions_worker: processing 5000000 (11499807.3 per sec) @ chr5:155000000-160000000
ForkPoolWorker-18,  processing 771 (55349.7 per sec) reads @ chr3:50000000-55000000
ForkPoolWorker-18 countReadsInRegions_worker: processing 5000000 (11267668.6 per sec) @ chr3:50000000-55000000
ForkPoolWorker-18,  processing 680 (55075.2 per sec) reads @ chr3:125000000-130000000
ForkPoolWorker-18 countReadsInRegions_worker: processing 5000000 (11312994.4 per sec) @ chr3:125000000-130000000
ForkPoolWorker-18,  processing 48 (32094.1 per sec) reads @ chr3:160000000-165000000
ForkPoolWorker-18 countReadsInRegions_worker: processing 5000000 (11632716.8 per sec) @ chr3:160000000-165000000
ForkPoolWorker-18,  processing 0 (0.0 per sec) reads @ chrUn_KI270303v1:0-1942
ForkPoolWorker-18 countReadsInRegions_worker: processing 1942 (299957.2 per sec) @ chrUn_KI270303v1:0-1942
ForkPoolWorker-18,  processing 62 (38749.3 per sec) reads @ chr3:70000000-75000000
ForkPoolWorker-18 countReadsInRegions_worker: processing 5000000 (11700937.5 per sec) @ chr3:70000000-75000000
ForkPoolWorker-18,  processing 357 (54181.7 per sec) reads @ chr20:40000000-45000000
ForkPoolWorker-18 countReadsInRegions_worker: processing 5000000 (11634749.7 per sec) @ chr20:40000000-45000000
ForkPoolWorker-18,  processing 98 (45259.0 per sec) reads @ chr14:35000000-40000000
ForkPoolWorker-18 countReadsInRegions_worker: processing 5000000 (11903482.6 per sec) @ chr14:35000000-40000000
ForkPoolWorker-18,  processing 0 (0.0 per sec) reads @ chrUn_KI270511v1:0-8127
ForkPoolWorker-18 countReadsInRegions_worker: processing 8127 (1106904.0 per sec) @ chrUn_KI270511v1:0-8127
ForkPoolWorker-28,  processing 740 (25038.8 per sec) reads @ chr21:40000000-45000000
ForkPoolWorker-28 countReadsInRegions_worker: processing 5000000 (9899300.7 per sec) @ chr21:40000000-45000000
ForkPoolWorker-28,  processing 121 (43185.1 per sec) reads @ chr8:45000000-50000000
ForkPoolWorker-28 countReadsInRegions_worker: processing 5000000 (11220927.1 per sec) @ chr8:45000000-50000000
ForkPoolWorker-28,  processing 94 (42943.5 per sec) reads @ chr12:100000000-105000000
ForkPoolWorker-28 countReadsInRegions_worker: processing 5000000 (11033043.1 per sec) @ chr12:100000000-105000000
ForkPoolWorker-28,  processing 70 (39457.2 per sec) reads @ chr2:50000000-55000000
ForkPoolWorker-28 countReadsInRegions_worker: processing 5000000 (11159462.3 per sec) @ chr2:50000000-55000000
ForkPoolWorker-28,  processing 0 (0.0 per sec) reads @ chrUn_KI270582v1:0-6504
ForkPoolWorker-28 countReadsInRegions_worker: processing 6504 (959878.7 per sec) @ chrUn_KI270582v1:0-6504
ForkPoolWorker-28,  processing 627 (57051.1 per sec) reads @ chr15:80000000-85000000
ForkPoolWorker-28 countReadsInRegions_worker: processing 5000000 (11136008.2 per sec) @ chr15:80000000-85000000
ForkPoolWorker-28,  processing 81 (41932.7 per sec) reads @ chr13:30000000-35000000
ForkPoolWorker-28 countReadsInRegions_worker: processing 5000000 (11344658.4 per sec) @ chr13:30000000-35000000
ForkPoolWorker-28,  processing 33 (31400.2 per sec) reads @ chr4:25000000-30000000
ForkPoolWorker-28 countReadsInRegions_worker: processing 5000000 (11838497.8 per sec) @ chr4:25000000-30000000
ForkPoolWorker-28,  processing 28 (28518.8 per sec) reads @ chr3:175000000-180000000
ForkPoolWorker-28 countReadsInRegions_worker: processing 5000000 (11660321.7 per sec) @ chr3:175000000-180000000
ForkPoolWorker-28,  processing 0 (0.0 per sec) reads @ chr22:0-5000000
ForkPoolWorker-28 countReadsInRegions_worker: processing 5000000 (11856616.0 per sec) @ chr22:0-5000000
ForkPoolWorker-28,  processing 0 (0.0 per sec) reads @ chrUn_GL000226v1:0-15008
ForkPoolWorker-28 countReadsInRegions_worker: processing 15008 (2049225.7 per sec) @ chrUn_GL000226v1:0-15008
ForkPoolWorker-28,  processing 285 (52065.7 per sec) reads @ chr20:15000000-20000000
ForkPoolWorker-28 countReadsInRegions_worker: processing 5000000 (11829436.1 per sec) @ chr20:15000000-20000000
ForkPoolWorker-28,  processing 51 (35067.1 per sec) reads @ chr4:180000000-185000000
ForkPoolWorker-28 countReadsInRegions_worker: processing 5000000 (11927482.5 per sec) @ chr4:180000000-185000000
ForkPoolWorker-28,  processing 0 (0.0 per sec) reads @ chrUn_KI270593v1:0-3041
ForkPoolWorker-28 countReadsInRegions_worker: processing 3041 (476550.7 per sec) @ chrUn_KI270593v1:0-3041
ForkPoolWorker-28,  processing 130 (44225.8 per sec) reads @ chr1:90000000-95000000
ForkPoolWorker-28 countReadsInRegions_worker: processing 5000000 (11984136.6 per sec) @ chr1:90000000-95000000
ForkPoolWorker-40,  processing 0 (0.0 per sec) reads @ chrUn_KI270579v1:0-31033
ForkPoolWorker-40 countReadsInRegions_worker: processing 31033 (953133.6 per sec) @ chrUn_KI270579v1:0-31033
ForkPoolWorker-40,  processing 71 (25785.4 per sec) reads @ chr10:10000000-15000000
ForkPoolWorker-40 countReadsInRegions_worker: processing 5000000 (10679415.2 per sec) @ chr10:10000000-15000000
ForkPoolWorker-40,  processing 0 (0.0 per sec) reads @ chrUn_KI270741v1:0-157432
ForkPoolWorker-40 countReadsInRegions_worker: processing 157432 (6445582.2 per sec) @ chrUn_KI270741v1:0-157432
ForkPoolWorker-40,  processing 0 (0.0 per sec) reads @ chrUn_KI270530v1:0-2168
ForkPoolWorker-40 countReadsInRegions_worker: processing 2168 (310117.0 per sec) @ chrUn_KI270530v1:0-2168
ForkPoolWorker-40,  processing 0 (0.0 per sec) reads @ chrUn_KI270757v1:0-71251
ForkPoolWorker-40 countReadsInRegions_worker: processing 71251 (5842816.0 per sec) @ chrUn_KI270757v1:0-71251
ForkPoolWorker-40,  processing 38 (26891.1 per sec) reads @ chr8:75000000-80000000
ForkPoolWorker-40 countReadsInRegions_worker: processing 5000000 (11977634.2 per sec) @ chr8:75000000-80000000
ForkPoolWorker-40,  processing 103 (42684.8 per sec) reads @ chr2:65000000-70000000
ForkPoolWorker-40 countReadsInRegions_worker: processing 5000000 (11964582.4 per sec) @ chr2:65000000-70000000
ForkPoolWorker-40,  processing 54 (35339.7 per sec) reads @ chr12:20000000-25000000
ForkPoolWorker-40 countReadsInRegions_worker: processing 5000000 (11692450.1 per sec) @ chr12:20000000-25000000
ForkPoolWorker-40,  processing 70 (40374.2 per sec) reads @ chr6:125000000-130000000
ForkPoolWorker-40 countReadsInRegions_worker: processing 5000000 (11513545.4 per sec) @ chr6:125000000-130000000
ForkPoolWorker-40,  processing 67 (42482.0 per sec) reads @ chr10:80000000-85000000
ForkPoolWorker-40 countReadsInRegions_worker: processing 5000000 (11302604.9 per sec) @ chr10:80000000-85000000
ForkPoolWorker-40,  processing 23 (23997.3 per sec) reads @ chr2:140000000-145000000
ForkPoolWorker-40 countReadsInRegions_worker: processing 5000000 (11532216.4 per sec) @ chr2:140000000-145000000
ForkPoolWorker-40,  processing 82 (38364.0 per sec) reads @ chr7:20000000-25000000
ForkPoolWorker-40 countReadsInRegions_worker: processing 5000000 (11540694.9 per sec) @ chr7:20000000-25000000
ForkPoolWorker-40,  processing 228 (50413.9 per sec) reads @ chr1:205000000-210000000
ForkPoolWorker-40 countReadsInRegions_worker: processing 5000000 (11569332.1 per sec) @ chr1:205000000-210000000
ForkPoolWorker-40,  processing 67 (41229.2 per sec) reads @ chr4:55000000-60000000
ForkPoolWorker-40 countReadsInRegions_worker: processing 5000000 (11529040.1 per sec) @ chr4:55000000-60000000
ForkPoolWorker-40,  processing 484 (53803.1 per sec) reads @ chr1:30000000-35000000
ForkPoolWorker-40 countReadsInRegions_worker: processing 5000000 (11636047.3 per sec) @ chr1:30000000-35000000
ForkPoolWorker-1,  processing 0 (0.0 per sec) reads @ chrUn_KI270529v1:0-1899
ForkPoolWorker-1 countReadsInRegions_worker: processing 1899 (164947.5 per sec) @ chrUn_KI270529v1:0-1899
ForkPoolWorker-1,  processing 163 (19639.5 per sec) reads @ chr10:0-5000000
ForkPoolWorker-1 countReadsInRegions_worker: processing 5000000 (10233818.7 per sec) @ chr10:0-5000000
ForkPoolWorker-1,  processing 148 (42628.6 per sec) reads @ chr2:85000000-90000000
ForkPoolWorker-1 countReadsInRegions_worker: processing 5000000 (11267928.9 per sec) @ chr2:85000000-90000000
ForkPoolWorker-1,  processing 57 (36679.2 per sec) reads @ chr4:85000000-90000000
ForkPoolWorker-1 countReadsInRegions_worker: processing 5000000 (11870783.7 per sec) @ chr4:85000000-90000000
ForkPoolWorker-1,  processing 0 (0.0 per sec) reads @ chrUn_KI270521v1:0-7642
ForkPoolWorker-1 countReadsInRegions_worker: processing 7642 (1143561.0 per sec) @ chrUn_KI270521v1:0-7642
ForkPoolWorker-1,  processing 1580 (59371.1 per sec) reads @ chr6:35000000-40000000
ForkPoolWorker-1 countReadsInRegions_worker: processing 5000000 (11172434.6 per sec) @ chr6:35000000-40000000
ForkPoolWorker-1,  processing 44 (33899.6 per sec) reads @ chr3:95000000-100000000
ForkPoolWorker-1 countReadsInRegions_worker: processing 5000000 (11848724.7 per sec) @ chr3:95000000-100000000
ForkPoolWorker-1,  processing 51 (37547.7 per sec) reads @ chr6:95000000-100000000
ForkPoolWorker-1 countReadsInRegions_worker: processing 5000000 (11923501.8 per sec) @ chr6:95000000-100000000
ForkPoolWorker-1,  processing 0 (0.0 per sec) reads @ chrUn_KI270333v1:0-2699
ForkPoolWorker-1 countReadsInRegions_worker: processing 2699 (421397.7 per sec) @ chrUn_KI270333v1:0-2699
ForkPoolWorker-1,  processing 0 (0.0 per sec) reads @ chrUn_KI270580v1:0-1553
ForkPoolWorker-1 countReadsInRegions_worker: processing 1553 (239344.3 per sec) @ chrUn_KI270580v1:0-1553
ForkPoolWorker-1,  processing 38 (31245.6 per sec) reads @ chr2:185000000-190000000
ForkPoolWorker-1 countReadsInRegions_worker: processing 5000000 (11915595.7 per sec) @ chr2:185000000-190000000
ForkPoolWorker-1,  processing 0 (0.0 per sec) reads @ chr15:10000000-15000000
ForkPoolWorker-1 countReadsInRegions_worker: processing 5000000 (12094553.3 per sec) @ chr15:10000000-15000000
ForkPoolWorker-1,  processing 0 (0.0 per sec) reads @ chrUn_KI270539v1:0-993
ForkPoolWorker-1 countReadsInRegions_worker: processing 993 (149083.4 per sec) @ chrUn_KI270539v1:0-993
ForkPoolWorker-1,  processing 364 (54187.3 per sec) reads @ chr7:25000000-30000000
ForkPoolWorker-1 countReadsInRegions_worker: processing 5000000 (11916252.5 per sec) @ chr7:25000000-30000000
ForkPoolWorker-1,  processing 0 (0.0 per sec) reads @ chrUn_KI270448v1:0-7992
ForkPoolWorker-1 countReadsInRegions_worker: processing 7992 (1146640.1 per sec) @ chrUn_KI270448v1:0-7992
ForkPoolWorker-1,  processing 65 (38825.1 per sec) reads @ chr5:65000000-70000000
ForkPoolWorker-1 countReadsInRegions_worker: processing 5000000 (11995138.2 per sec) @ chr5:65000000-70000000
ForkPoolWorker-1,  processing 50 (35442.8 per sec) reads @ chr10:60000000-65000000
ForkPoolWorker-1 countReadsInRegions_worker: processing 5000000 (11983506.6 per sec) @ chr10:60000000-65000000
ForkPoolWorker-1,  processing 0 (0.0 per sec) reads @ chr1_KI270714v1_random:0-41717
ForkPoolWorker-1 countReadsInRegions_worker: processing 41717 (4466465.3 per sec) @ chr1_KI270714v1_random:0-41717
ForkPoolWorker-1,  processing 76 (41078.2 per sec) reads @ chr3:150000000-155000000
ForkPoolWorker-1 countReadsInRegions_worker: processing 5000000 (12040743.8 per sec) @ chr3:150000000-155000000
ForkPoolWorker-1,  processing 6 (10672.5 per sec) reads @ chrX:85000000-90000000
ForkPoolWorker-1 countReadsInRegions_worker: processing 5000000 (12003981.6 per sec) @ chrX:85000000-90000000
ForkPoolWorker-42,  processing 176 (21171.2 per sec) reads @ chr18:75000000-80000000
ForkPoolWorker-42 countReadsInRegions_worker: processing 5000000 (8863987.2 per sec) @ chr18:75000000-80000000
ForkPoolWorker-42,  processing 52 (29581.4 per sec) reads @ chr18:0-5000000
ForkPoolWorker-42 countReadsInRegions_worker: processing 5000000 (11375704.1 per sec) @ chr18:0-5000000
ForkPoolWorker-42,  processing 208 (47808.8 per sec) reads @ chr17:30000000-35000000
ForkPoolWorker-42 countReadsInRegions_worker: processing 5000000 (11157176.6 per sec) @ chr17:30000000-35000000
ForkPoolWorker-42,  processing 0 (0.0 per sec) reads @ chr1:130000000-135000000
ForkPoolWorker-42 countReadsInRegions_worker: processing 5000000 (11273901.5 per sec) @ chr1:130000000-135000000
ForkPoolWorker-42,  processing 93 (43597.9 per sec) reads @ chr2:105000000-110000000
ForkPoolWorker-42 countReadsInRegions_worker: processing 5000000 (11437210.1 per sec) @ chr2:105000000-110000000
ForkPoolWorker-42,  processing 0 (0.0 per sec) reads @ chr5_GL000208v1_random:0-92689
ForkPoolWorker-42 countReadsInRegions_worker: processing 92689 (6663681.5 per sec) @ chr5_GL000208v1_random:0-92689
ForkPoolWorker-42,  processing 0 (0.0 per sec) reads @ chrUn_KI270746v1:0-66486
ForkPoolWorker-42 countReadsInRegions_worker: processing 66486 (6037683.7 per sec) @ chrUn_KI270746v1:0-66486
ForkPoolWorker-42,  processing 22 (23660.2 per sec) reads @ chr1:80000000-85000000
ForkPoolWorker-42 countReadsInRegions_worker: processing 5000000 (11664790.3 per sec) @ chr1:80000000-85000000
ForkPoolWorker-42,  processing 198 (48931.9 per sec) reads @ chr1:220000000-225000000
ForkPoolWorker-42 countReadsInRegions_worker: processing 5000000 (11599029.0 per sec) @ chr1:220000000-225000000
ForkPoolWorker-42,  processing 39 (31609.2 per sec) reads @ chr4:165000000-170000000
ForkPoolWorker-42 countReadsInRegions_worker: processing 5000000 (11862699.1 per sec) @ chr4:165000000-170000000
ForkPoolWorker-42,  processing 301 (50647.3 per sec) reads @ chr12:0-5000000
ForkPoolWorker-42 countReadsInRegions_worker: processing 5000000 (11601210.6 per sec) @ chr12:0-5000000
ForkPoolWorker-42,  processing 75 (40779.5 per sec) reads @ chrX:110000000-115000000
ForkPoolWorker-42 countReadsInRegions_worker: processing 5000000 (11746460.6 per sec) @ chrX:110000000-115000000
ForkPoolWorker-42,  processing 2073 (57605.8 per sec) reads @ chr22:50000000-50818468
ForkPoolWorker-42 countReadsInRegions_worker: processing 818468 (7425159.3 per sec) @ chr22:50000000-50818468
ForkPoolWorker-42,  processing 124 (45997.5 per sec) reads @ chr5:10000000-15000000
ForkPoolWorker-42 countReadsInRegions_worker: processing 5000000 (11970018.3 per sec) @ chr5:10000000-15000000
ForkPoolWorker-42,  processing 45 (35200.2 per sec) reads @ chr3:20000000-25000000
ForkPoolWorker-42 countReadsInRegions_worker: processing 5000000 (12073977.0 per sec) @ chr3:20000000-25000000
ForkPoolWorker-37,  processing 1 (389.4 per sec) reads @ chr1_KI270711v1_random:0-42210
ForkPoolWorker-37 countReadsInRegions_worker: processing 42210 (777671.5 per sec) @ chr1_KI270711v1_random:0-42210
ForkPoolWorker-37,  processing 483 (36976.8 per sec) reads @ chr16:70000000-75000000
ForkPoolWorker-37 countReadsInRegions_worker: processing 5000000 (10760187.8 per sec) @ chr16:70000000-75000000
ForkPoolWorker-37,  processing 364 (32882.3 per sec) reads @ chr1:10000000-15000000
ForkPoolWorker-37 countReadsInRegions_worker: processing 5000000 (11182121.0 per sec) @ chr1:10000000-15000000
ForkPoolWorker-37,  processing 86 (38673.8 per sec) reads @ chr8:95000000-100000000
ForkPoolWorker-37 countReadsInRegions_worker: processing 5000000 (11452112.1 per sec) @ chr8:95000000-100000000
ForkPoolWorker-37,  processing 316 (52872.2 per sec) reads @ chr1:230000000-235000000
ForkPoolWorker-37 countReadsInRegions_worker: processing 5000000 (11499176.7 per sec) @ chr1:230000000-235000000
ForkPoolWorker-37,  processing 43 (34478.1 per sec) reads @ chr5:105000000-110000000
ForkPoolWorker-37 countReadsInRegions_worker: processing 5000000 (11442464.5 per sec) @ chr5:105000000-110000000
ForkPoolWorker-37,  processing 7779 (60580.6 per sec) reads @ chr16:0-5000000
ForkPoolWorker-37 countReadsInRegions_worker: processing 5000000 (9048122.0 per sec) @ chr16:0-5000000
ForkPoolWorker-37,  processing 96 (43296.0 per sec) reads @ chr9:85000000-90000000
ForkPoolWorker-37 countReadsInRegions_worker: processing 5000000 (11750218.7 per sec) @ chr9:85000000-90000000
ForkPoolWorker-37,  processing 0 (0.0 per sec) reads @ chrUn_KI270382v1:0-4215
ForkPoolWorker-37 countReadsInRegions_worker: processing 4215 (611074.3 per sec) @ chrUn_KI270382v1:0-4215
ForkPoolWorker-37,  processing 769 (54985.9 per sec) reads @ chr16:65000000-70000000
ForkPoolWorker-37 countReadsInRegions_worker: processing 5000000 (11378524.7 per sec) @ chr16:65000000-70000000
ForkPoolWorker-37,  processing 90 (41260.0 per sec) reads @ chr5:90000000-95000000
ForkPoolWorker-37 countReadsInRegions_worker: processing 5000000 (11708705.0 per sec) @ chr5:90000000-95000000
ForkPoolWorker-37,  processing 0 (0.0 per sec) reads @ chr22_KI270738v1_random:0-99375
ForkPoolWorker-37 countReadsInRegions_worker: processing 99375 (6719690.5 per sec) @ chr22_KI270738v1_random:0-99375
ForkPoolWorker-37,  processing 1178 (56157.3 per sec) reads @ chr9:125000000-130000000
ForkPoolWorker-37 countReadsInRegions_worker: processing 5000000 (11255422.7 per sec) @ chr9:125000000-130000000
ForkPoolWorker-37,  processing 0 (0.0 per sec) reads @ chr14:0-5000000
ForkPoolWorker-37 countReadsInRegions_worker: processing 5000000 (11823273.8 per sec) @ chr14:0-5000000
ForkPoolWorker-37,  processing 1859 (56243.1 per sec) reads @ chr3:45000000-50000000
ForkPoolWorker-37 countReadsInRegions_worker: processing 5000000 (11095560.9 per sec) @ chr3:45000000-50000000
ForkPoolWorker-3,  processing 3 (741.5 per sec) reads @ chrY:20000000-25000000
ForkPoolWorker-3 countReadsInRegions_worker: processing 5000000 (9841237.7 per sec) @ chrY:20000000-25000000
ForkPoolWorker-3,  processing 1317 (56281.9 per sec) reads @ chr17:40000000-45000000
ForkPoolWorker-3 countReadsInRegions_worker: processing 5000000 (10635103.4 per sec) @ chr17:40000000-45000000
ForkPoolWorker-3,  processing 41 (32203.5 per sec) reads @ chr12:70000000-75000000
ForkPoolWorker-3 countReadsInRegions_worker: processing 5000000 (11249662.7 per sec) @ chr12:70000000-75000000
ForkPoolWorker-3,  processing 12 (17703.7 per sec) reads @ chr3:90000000-95000000
ForkPoolWorker-3 countReadsInRegions_worker: processing 5000000 (11224110.0 per sec) @ chr3:90000000-95000000
ForkPoolWorker-3,  processing 90 (41587.2 per sec) reads @ chr2:120000000-125000000
ForkPoolWorker-3 countReadsInRegions_worker: processing 5000000 (11449473.6 per sec) @ chr2:120000000-125000000
ForkPoolWorker-3,  processing 82 (41603.1 per sec) reads @ chr3:135000000-140000000
ForkPoolWorker-3 countReadsInRegions_worker: processing 5000000 (11670743.1 per sec) @ chr3:135000000-140000000
ForkPoolWorker-3,  processing 30 (28604.0 per sec) reads @ chrX:75000000-80000000
ForkPoolWorker-3 countReadsInRegions_worker: processing 5000000 (11835063.8 per sec) @ chrX:75000000-80000000
ForkPoolWorker-3,  processing 26 (27113.8 per sec) reads @ chr2:190000000-195000000
ForkPoolWorker-3 countReadsInRegions_worker: processing 5000000 (11927787.8 per sec) @ chr2:190000000-195000000
ForkPoolWorker-3,  processing 55 (30877.6 per sec) reads @ chr4:150000000-155000000
ForkPoolWorker-3 countReadsInRegions_worker: processing 5000000 (12014703.1 per sec) @ chr4:150000000-155000000
ForkPoolWorker-3,  processing 0 (0.0 per sec) reads @ chrY:40000000-45000000
ForkPoolWorker-3 countReadsInRegions_worker: processing 5000000 (11849320.6 per sec) @ chrY:40000000-45000000
ForkPoolWorker-3,  processing 127 (49008.8 per sec) reads @ chr13:20000000-25000000
ForkPoolWorker-3 countReadsInRegions_worker: processing 5000000 (11895137.5 per sec) @ chr13:20000000-25000000
ForkPoolWorker-3,  processing 4 (7850.8 per sec) reads @ chrX:25000000-30000000
ForkPoolWorker-3 countReadsInRegions_worker: processing 5000000 (12130217.1 per sec) @ chrX:25000000-30000000
ForkPoolWorker-3,  processing 0 (0.0 per sec) reads @ chrUn_KI270583v1:0-1400
ForkPoolWorker-3 countReadsInRegions_worker: processing 1400 (209707.7 per sec) @ chrUn_KI270583v1:0-1400
ForkPoolWorker-3,  processing 4 (8326.2 per sec) reads @ chr8:145000000-145138636
ForkPoolWorker-3 countReadsInRegions_worker: processing 138636 (7594712.0 per sec) @ chr8:145000000-145138636
ForkPoolWorker-3,  processing 548 (54496.0 per sec) reads @ chr10:130000000-133797422
ForkPoolWorker-3 countReadsInRegions_worker: processing 3797422 (11598547.0 per sec) @ chr10:130000000-133797422
ForkPoolWorker-47,  processing 23 (6585.8 per sec) reads @ chr11:100000000-105000000
ForkPoolWorker-47 countReadsInRegions_worker: processing 5000000 (10234682.8 per sec) @ chr11:100000000-105000000
ForkPoolWorker-47,  processing 1094 (55824.7 per sec) reads @ chr7:100000000-105000000
ForkPoolWorker-47 countReadsInRegions_worker: processing 5000000 (10814075.3 per sec) @ chr7:100000000-105000000
ForkPoolWorker-47,  processing 0 (0.0 per sec) reads @ chrY:35000000-40000000
ForkPoolWorker-47 countReadsInRegions_worker: processing 5000000 (11204674.3 per sec) @ chrY:35000000-40000000
ForkPoolWorker-47,  processing 974 (57307.9 per sec) reads @ chr21:5000000-10000000
ForkPoolWorker-47 countReadsInRegions_worker: processing 5000000 (10923173.0 per sec) @ chr21:5000000-10000000
ForkPoolWorker-47,  processing 34 (30200.4 per sec) reads @ chr7:15000000-20000000
ForkPoolWorker-47 countReadsInRegions_worker: processing 5000000 (11387687.6 per sec) @ chr7:15000000-20000000
ForkPoolWorker-47,  processing 84 (40063.9 per sec) reads @ chr2:100000000-105000000
ForkPoolWorker-47 countReadsInRegions_worker: processing 5000000 (11439936.5 per sec) @ chr2:100000000-105000000
ForkPoolWorker-47,  processing 3 (7239.9 per sec) reads @ chrUn_KI270442v1:0-392061
ForkPoolWorker-47 countReadsInRegions_worker: processing 392061 (9798147.1 per sec) @ chrUn_KI270442v1:0-392061
ForkPoolWorker-47,  processing 121 (43130.0 per sec) reads @ chr14:60000000-65000000
ForkPoolWorker-47 countReadsInRegions_worker: processing 5000000 (11745243.6 per sec) @ chr14:60000000-65000000
ForkPoolWorker-47,  processing 173 (46573.5 per sec) reads @ chr13:25000000-30000000
ForkPoolWorker-47 countReadsInRegions_worker: processing 5000000 (11795025.5 per sec) @ chr13:25000000-30000000
ForkPoolWorker-47,  processing 2717 (54352.8 per sec) reads @ chr16:85000000-90000000
ForkPoolWorker-47 countReadsInRegions_worker: processing 5000000 (10580706.0 per sec) @ chr16:85000000-90000000
ForkPoolWorker-47,  processing 215 (48868.8 per sec) reads @ chr13:95000000-100000000
ForkPoolWorker-47 countReadsInRegions_worker: processing 5000000 (11787057.0 per sec) @ chr13:95000000-100000000
ForkPoolWorker-47,  processing 8 (12734.1 per sec) reads @ chrUn_GL000195v1:0-182896
ForkPoolWorker-47 countReadsInRegions_worker: processing 182896 (7997346.0 per sec) @ chrUn_GL000195v1:0-182896
ForkPoolWorker-47,  processing 0 (0.0 per sec) reads @ chr2_KI270715v1_random:0-161471
ForkPoolWorker-47 countReadsInRegions_worker: processing 161471 (8109714.3 per sec) @ chr2_KI270715v1_random:0-161471
ForkPoolWorker-47,  processing 13 (16644.1 per sec) reads @ chrY:10000000-15000000
ForkPoolWorker-47 countReadsInRegions_worker: processing 5000000 (11812738.0 per sec) @ chrY:10000000-15000000
ForkPoolWorker-47,  processing 154 (46755.2 per sec) reads @ chr5:70000000-75000000
ForkPoolWorker-47 countReadsInRegions_worker: processing 5000000 (12100806.2 per sec) @ chr5:70000000-75000000
ForkPoolWorker-43,  processing 0 (0.0 per sec) reads @ chrUn_KI270364v1:0-2855
ForkPoolWorker-43 countReadsInRegions_worker: processing 2855 (161987.1 per sec) @ chrUn_KI270364v1:0-2855
ForkPoolWorker-43,  processing 27 (2572.0 per sec) reads @ chr4:155000000-160000000
ForkPoolWorker-43 countReadsInRegions_worker: processing 5000000 (10194067.0 per sec) @ chr4:155000000-160000000
ForkPoolWorker-43,  processing 0 (0.0 per sec) reads @ chrUn_KI270423v1:0-981
ForkPoolWorker-43 countReadsInRegions_worker: processing 981 (151244.7 per sec) @ chrUn_KI270423v1:0-981
ForkPoolWorker-43,  processing 0 (0.0 per sec) reads @ chrUn_KI270591v1:0-5796
ForkPoolWorker-43 countReadsInRegions_worker: processing 5796 (906048.5 per sec) @ chrUn_KI270591v1:0-5796
ForkPoolWorker-43,  processing 464 (53923.6 per sec) reads @ chr6:0-5000000
ForkPoolWorker-43 countReadsInRegions_worker: processing 5000000 (11447829.9 per sec) @ chr6:0-5000000
ForkPoolWorker-43,  processing 33 (29127.1 per sec) reads @ chrX:120000000-125000000
ForkPoolWorker-43 countReadsInRegions_worker: processing 5000000 (11866236.4 per sec) @ chrX:120000000-125000000
ForkPoolWorker-43,  processing 1473 (57671.8 per sec) reads @ chr17:5000000-10000000
ForkPoolWorker-43 countReadsInRegions_worker: processing 5000000 (11322816.2 per sec) @ chr17:5000000-10000000
ForkPoolWorker-43,  processing 70 (38219.4 per sec) reads @ chr1:70000000-75000000
ForkPoolWorker-43 countReadsInRegions_worker: processing 5000000 (11808660.6 per sec) @ chr1:70000000-75000000
ForkPoolWorker-43,  processing 1005 (56729.4 per sec) reads @ chr19:40000000-45000000
ForkPoolWorker-43 countReadsInRegions_worker: processing 5000000 (11354885.7 per sec) @ chr19:40000000-45000000
ForkPoolWorker-43,  processing 1 (2768.5 per sec) reads @ chrUn_GL000224v1:0-179693
ForkPoolWorker-43 countReadsInRegions_worker: processing 179693 (8428712.8 per sec) @ chrUn_GL000224v1:0-179693
ForkPoolWorker-43,  processing 197 (48117.7 per sec) reads @ chr12:105000000-110000000
ForkPoolWorker-43 countReadsInRegions_worker: processing 5000000 (11877971.0 per sec) @ chr12:105000000-110000000
ForkPoolWorker-43,  processing 220 (49845.9 per sec) reads @ chr7:135000000-140000000
ForkPoolWorker-43 countReadsInRegions_worker: processing 5000000 (11966671.5 per sec) @ chr7:135000000-140000000
ForkPoolWorker-43,  processing 70 (39929.5 per sec) reads @ chr3:75000000-80000000
ForkPoolWorker-43 countReadsInRegions_worker: processing 5000000 (11905449.1 per sec) @ chr3:75000000-80000000
ForkPoolWorker-43,  processing 3143 (60139.2 per sec) reads @ chr1:25000000-30000000
ForkPoolWorker-43 countReadsInRegions_worker: processing 5000000 (10650702.1 per sec) @ chr1:25000000-30000000
ForkPoolWorker-43,  processing 68 (39795.3 per sec) reads @ chr10:90000000-95000000
ForkPoolWorker-43 countReadsInRegions_worker: processing 5000000 (11824140.4 per sec) @ chr10:90000000-95000000
ForkPoolWorker-43,  processing 380 (53715.1 per sec) reads @ chr15:85000000-90000000
ForkPoolWorker-43 countReadsInRegions_worker: processing 5000000 (11765235.2 per sec) @ chr15:85000000-90000000
ForkPoolWorker-43,  processing 224 (50140.0 per sec) reads @ chr17:55000000-60000000
ForkPoolWorker-43 countReadsInRegions_worker: processing 5000000 (12041283.0 per sec) @ chr17:55000000-60000000
ForkPoolWorker-21,  processing 1168 (27492.5 per sec) reads @ chr1:120000000-125000000
ForkPoolWorker-21 countReadsInRegions_worker: processing 5000000 (9339616.3 per sec) @ chr1:120000000-125000000
ForkPoolWorker-21,  processing 0 (0.0 per sec) reads @ chr15:5000000-10000000
ForkPoolWorker-21 countReadsInRegions_worker: processing 5000000 (11283558.4 per sec) @ chr15:5000000-10000000
ForkPoolWorker-21,  processing 0 (0.0 per sec) reads @ chrUn_KI270588v1:0-6158
ForkPoolWorker-21 countReadsInRegions_worker: processing 6158 (939868.4 per sec) @ chrUn_KI270588v1:0-6158
ForkPoolWorker-21,  processing 0 (0.0 per sec) reads @ chr1:135000000-140000000
ForkPoolWorker-21 countReadsInRegions_worker: processing 5000000 (11546998.4 per sec) @ chr1:135000000-140000000
ForkPoolWorker-21,  processing 116 (37919.0 per sec) reads @ chr2:45000000-50000000
ForkPoolWorker-21 countReadsInRegions_worker: processing 5000000 (11534265.1 per sec) @ chr2:45000000-50000000
ForkPoolWorker-21,  processing 0 (0.0 per sec) reads @ chr9_KI270719v1_random:0-176845
ForkPoolWorker-21 countReadsInRegions_worker: processing 176845 (8434537.8 per sec) @ chr9_KI270719v1_random:0-176845
ForkPoolWorker-21,  processing 64 (35269.4 per sec) reads @ chr3:65000000-70000000
ForkPoolWorker-21 countReadsInRegions_worker: processing 5000000 (11512572.1 per sec) @ chr3:65000000-70000000
ForkPoolWorker-21,  processing 75 (36787.8 per sec) reads @ chr15:30000000-35000000
ForkPoolWorker-21 countReadsInRegions_worker: processing 5000000 (11396010.7 per sec) @ chr15:30000000-35000000
ForkPoolWorker-21,  processing 193 (47817.4 per sec) reads @ chr17:70000000-75000000
ForkPoolWorker-21 countReadsInRegions_worker: processing 5000000 (11496333.7 per sec) @ chr17:70000000-75000000
ForkPoolWorker-21,  processing 166 (49243.5 per sec) reads @ chr1:180000000-185000000
ForkPoolWorker-21 countReadsInRegions_worker: processing 5000000 (11380766.2 per sec) @ chr1:180000000-185000000
ForkPoolWorker-21,  processing 27 (25778.8 per sec) reads @ chr1:195000000-200000000
ForkPoolWorker-21 countReadsInRegions_worker: processing 5000000 (11659226.1 per sec) @ chr1:195000000-200000000
ForkPoolWorker-21,  processing 5 (8415.5 per sec) reads @ chr6:65000000-70000000
ForkPoolWorker-21 countReadsInRegions_worker: processing 5000000 (11648068.3 per sec) @ chr6:65000000-70000000
ForkPoolWorker-21,  processing 16 (20610.8 per sec) reads @ chr6:100000000-105000000
ForkPoolWorker-21 countReadsInRegions_worker: processing 5000000 (11761151.0 per sec) @ chr6:100000000-105000000
ForkPoolWorker-21,  processing 112 (42485.5 per sec) reads @ chr16:50000000-55000000
ForkPoolWorker-21 countReadsInRegions_worker: processing 5000000 (11894314.5 per sec) @ chr16:50000000-55000000
ForkPoolWorker-21,  processing 215 (52183.1 per sec) reads @ chr1:60000000-65000000
ForkPoolWorker-21 countReadsInRegions_worker: processing 5000000 (11916591.0 per sec) @ chr1:60000000-65000000
ForkPoolWorker-20,  processing 173 (13106.5 per sec) reads @ chr14:95000000-100000000
ForkPoolWorker-20 countReadsInRegions_worker: processing 5000000 (9755474.9 per sec) @ chr14:95000000-100000000
ForkPoolWorker-20,  processing 26 (15453.0 per sec) reads @ chr1:95000000-100000000
ForkPoolWorker-20 countReadsInRegions_worker: processing 5000000 (11034355.0 per sec) @ chr1:95000000-100000000
ForkPoolWorker-20,  processing 856 (54955.9 per sec) reads @ chr22:20000000-25000000
ForkPoolWorker-20 countReadsInRegions_worker: processing 5000000 (10762639.7 per sec) @ chr22:20000000-25000000
ForkPoolWorker-20,  processing 0 (0.0 per sec) reads @ chrUn_KI270748v1:0-93321
ForkPoolWorker-20 countReadsInRegions_worker: processing 93321 (6828026.9 per sec) @ chrUn_KI270748v1:0-93321
ForkPoolWorker-20,  processing 0 (0.0 per sec) reads @ chrUn_KI270363v1:0-1803
ForkPoolWorker-20 countReadsInRegions_worker: processing 1803 (271674.5 per sec) @ chrUn_KI270363v1:0-1803
ForkPoolWorker-20,  processing 0 (0.0 per sec) reads @ chrUn_KI270389v1:0-1298
ForkPoolWorker-20 countReadsInRegions_worker: processing 1298 (201562.6 per sec) @ chrUn_KI270389v1:0-1298
ForkPoolWorker-20,  processing 618 (53749.7 per sec) reads @ chr6:40000000-45000000
ForkPoolWorker-20 countReadsInRegions_worker: processing 5000000 (11237907.5 per sec) @ chr6:40000000-45000000
ForkPoolWorker-20,  processing 72 (39945.8 per sec) reads @ chr17:20000000-25000000
ForkPoolWorker-20 countReadsInRegions_worker: processing 5000000 (11446267.8 per sec) @ chr17:20000000-25000000
ForkPoolWorker-20,  processing 93 (43739.7 per sec) reads @ chr18:50000000-55000000
ForkPoolWorker-20 countReadsInRegions_worker: processing 5000000 (11517035.7 per sec) @ chr18:50000000-55000000
ForkPoolWorker-20,  processing 0 (0.0 per sec) reads @ chr22_KI270732v1_random:0-41543
ForkPoolWorker-20 countReadsInRegions_worker: processing 41543 (4601715.9 per sec) @ chr22_KI270732v1_random:0-41543
ForkPoolWorker-20,  processing 0 (0.0 per sec) reads @ chrUn_KI270584v1:0-4513
ForkPoolWorker-20 countReadsInRegions_worker: processing 4513 (685556.3 per sec) @ chrUn_KI270584v1:0-4513
ForkPoolWorker-20,  processing 33 (27343.3 per sec) reads @ chr8:15000000-20000000
ForkPoolWorker-20 countReadsInRegions_worker: processing 5000000 (11794295.8 per sec) @ chr8:15000000-20000000
ForkPoolWorker-20,  processing 188 (46468.8 per sec) reads @ chr2:130000000-135000000
ForkPoolWorker-20 countReadsInRegions_worker: processing 5000000 (11866807.1 per sec) @ chr2:130000000-135000000
ForkPoolWorker-20,  processing 28 (27594.1 per sec) reads @ chr7:80000000-85000000
ForkPoolWorker-20 countReadsInRegions_worker: processing 5000000 (11931683.1 per sec) @ chr7:80000000-85000000
ForkPoolWorker-20,  processing 0 (0.0 per sec) reads @ chrUn_KI270507v1:0-5353
ForkPoolWorker-20 countReadsInRegions_worker: processing 5353 (780074.7 per sec) @ chrUn_KI270507v1:0-5353
ForkPoolWorker-20,  processing 36 (27761.5 per sec) reads @ chr9:100000000-105000000
ForkPoolWorker-20 countReadsInRegions_worker: processing 5000000 (11965995.5 per sec) @ chr9:100000000-105000000
ForkPoolWorker-20,  processing 151 (45917.5 per sec) reads @ chr5:130000000-135000000
ForkPoolWorker-20 countReadsInRegions_worker: processing 5000000 (11950217.3 per sec) @ chr5:130000000-135000000
ForkPoolWorker-20,  processing 0 (0.0 per sec) reads @ chrUn_KI270742v1:0-186739
ForkPoolWorker-20 countReadsInRegions_worker: processing 186739 (8576498.3 per sec) @ chrUn_KI270742v1:0-186739
ForkPoolWorker-20,  processing 0 (0.0 per sec) reads @ chr9:50000000-55000000
ForkPoolWorker-20 countReadsInRegions_worker: processing 5000000 (12025326.5 per sec) @ chr9:50000000-55000000
ForkPoolWorker-20,  processing 29 (23817.3 per sec) reads @ chr14:15000000-20000000
ForkPoolWorker-20 countReadsInRegions_worker: processing 5000000 (11909066.1 per sec) @ chr14:15000000-20000000
ForkPoolWorker-22,  processing 47 (5150.0 per sec) reads @ chr15:45000000-50000000
ForkPoolWorker-22 countReadsInRegions_worker: processing 5000000 (10292321.0 per sec) @ chr15:45000000-50000000
ForkPoolWorker-22,  processing 319 (51536.2 per sec) reads @ chr8:35000000-40000000
ForkPoolWorker-22 countReadsInRegions_worker: processing 5000000 (10869727.7 per sec) @ chr8:35000000-40000000
ForkPoolWorker-22,  processing 72 (38896.2 per sec) reads @ chr4:10000000-15000000
ForkPoolWorker-22 countReadsInRegions_worker: processing 5000000 (11210765.8 per sec) @ chr4:10000000-15000000
ForkPoolWorker-22,  processing 1 (2896.6 per sec) reads @ chrEBV:0-171823
ForkPoolWorker-22 countReadsInRegions_worker: processing 171823 (8385240.7 per sec) @ chrEBV:0-171823
ForkPoolWorker-22,  processing 78 (39717.8 per sec) reads @ chr9:105000000-110000000
ForkPoolWorker-22 countReadsInRegions_worker: processing 5000000 (11480637.6 per sec) @ chr9:105000000-110000000
ForkPoolWorker-22,  processing 0 (0.0 per sec) reads @ chr22_KI270737v1_random:0-103838
ForkPoolWorker-22 countReadsInRegions_worker: processing 103838 (7298824.2 per sec) @ chr22_KI270737v1_random:0-103838
ForkPoolWorker-22,  processing 115 (44982.3 per sec) reads @ chr2:40000000-45000000
ForkPoolWorker-22 countReadsInRegions_worker: processing 5000000 (11709280.3 per sec) @ chr2:40000000-45000000
ForkPoolWorker-22,  processing 27 (24459.2 per sec) reads @ chr6:45000000-50000000
ForkPoolWorker-22 countReadsInRegions_worker: processing 5000000 (11786851.6 per sec) @ chr6:45000000-50000000
ForkPoolWorker-22,  processing 1672 (54962.9 per sec) reads @ chr6:30000000-35000000
ForkPoolWorker-22 countReadsInRegions_worker: processing 5000000 (11092321.4 per sec) @ chr6:30000000-35000000
ForkPoolWorker-22,  processing 34 (28116.4 per sec) reads @ chr5:165000000-170000000
ForkPoolWorker-22 countReadsInRegions_worker: processing 5000000 (11884500.3 per sec) @ chr5:165000000-170000000
ForkPoolWorker-22,  processing 26 (25086.7 per sec) reads @ chr12:85000000-90000000
ForkPoolWorker-22 countReadsInRegions_worker: processing 5000000 (11820108.4 per sec) @ chr12:85000000-90000000
ForkPoolWorker-22,  processing 32 (28026.3 per sec) reads @ chr13:15000000-20000000
ForkPoolWorker-22 countReadsInRegions_worker: processing 5000000 (11768232.6 per sec) @ chr13:15000000-20000000
ForkPoolWorker-22,  processing 436 (51000.3 per sec) reads @ chr17:25000000-30000000
ForkPoolWorker-22 countReadsInRegions_worker: processing 5000000 (11631839.3 per sec) @ chr17:25000000-30000000
ForkPoolWorker-22,  processing 60 (33599.2 per sec) reads @ chr2:150000000-155000000
ForkPoolWorker-22 countReadsInRegions_worker: processing 5000000 (11862504.5 per sec) @ chr2:150000000-155000000
ForkPoolWorker-22,  processing 0 (0.0 per sec) reads @ chr1:125000000-130000000
ForkPoolWorker-22 countReadsInRegions_worker: processing 5000000 (12096548.5 per sec) @ chr1:125000000-130000000
ForkPoolWorker-29,  processing 504 (26950.0 per sec) reads @ chr1:35000000-40000000
ForkPoolWorker-29 countReadsInRegions_worker: processing 5000000 (10172029.2 per sec) @ chr1:35000000-40000000
ForkPoolWorker-29,  processing 0 (0.0 per sec) reads @ chrUn_KI270387v1:0-1537
ForkPoolWorker-29 countReadsInRegions_worker: processing 1537 (150002.2 per sec) @ chrUn_KI270387v1:0-1537
ForkPoolWorker-29,  processing 558 (51853.8 per sec) reads @ chr20:0-5000000
ForkPoolWorker-29 countReadsInRegions_worker: processing 5000000 (10801365.1 per sec) @ chr20:0-5000000
ForkPoolWorker-29,  processing 0 (0.0 per sec) reads @ chrUn_KI270749v1:0-158759
ForkPoolWorker-29 countReadsInRegions_worker: processing 158759 (8110639.6 per sec) @ chrUn_KI270749v1:0-158759
ForkPoolWorker-29,  processing 653 (54810.5 per sec) reads @ chr5:0-5000000
ForkPoolWorker-29 countReadsInRegions_worker: processing 5000000 (11526492.8 per sec) @ chr5:0-5000000
ForkPoolWorker-29,  processing 207 (49199.3 per sec) reads @ chr3:35000000-40000000
ForkPoolWorker-29 countReadsInRegions_worker: processing 5000000 (11375506.6 per sec) @ chr3:35000000-40000000
ForkPoolWorker-29,  processing 405 (51561.5 per sec) reads @ chr1:20000000-25000000
ForkPoolWorker-29 countReadsInRegions_worker: processing 5000000 (11297167.8 per sec) @ chr1:20000000-25000000
ForkPoolWorker-29,  processing 129 (43240.2 per sec) reads @ chr15:60000000-65000000
ForkPoolWorker-29 countReadsInRegions_worker: processing 5000000 (11377901.2 per sec) @ chr15:60000000-65000000
ForkPoolWorker-29,  processing 3684 (62123.6 per sec) reads @ chr12:60000000-65000000
ForkPoolWorker-29 countReadsInRegions_worker: processing 5000000 (10290765.4 per sec) @ chr12:60000000-65000000
ForkPoolWorker-29,  processing 29 (27732.5 per sec) reads @ chr10:50000000-55000000
ForkPoolWorker-29 countReadsInRegions_worker: processing 5000000 (11769593.1 per sec) @ chr10:50000000-55000000
ForkPoolWorker-29,  processing 113 (41765.6 per sec) reads @ chr16:75000000-80000000
ForkPoolWorker-29 countReadsInRegions_worker: processing 5000000 (11596187.7 per sec) @ chr16:75000000-80000000
ForkPoolWorker-29,  processing 629 (56996.9 per sec) reads @ chr14:45000000-50000000
ForkPoolWorker-29 countReadsInRegions_worker: processing 5000000 (11478073.9 per sec) @ chr14:45000000-50000000
ForkPoolWorker-29,  processing 523 (53463.8 per sec) reads @ chrX:45000000-50000000
ForkPoolWorker-29 countReadsInRegions_worker: processing 5000000 (11564483.5 per sec) @ chrX:45000000-50000000
ForkPoolWorker-29,  processing 19 (21773.7 per sec) reads @ chr11:35000000-40000000
ForkPoolWorker-29 countReadsInRegions_worker: processing 5000000 (11957426.2 per sec) @ chr11:35000000-40000000
ForkPoolWorker-29,  processing 218 (48561.2 per sec) reads @ chr16:10000000-15000000
ForkPoolWorker-29 countReadsInRegions_worker: processing 5000000 (11946663.8 per sec) @ chr16:10000000-15000000
ForkPoolWorker-35,  processing 0 (0.0 per sec) reads @ chr14_KI270724v1_random:0-39555
ForkPoolWorker-35 countReadsInRegions_worker: processing 39555 (1586764.0 per sec) @ chr14_KI270724v1_random:0-39555
ForkPoolWorker-35,  processing 1580 (47249.0 per sec) reads @ chr19:5000000-10000000
ForkPoolWorker-35 countReadsInRegions_worker: processing 5000000 (10425443.6 per sec) @ chr19:5000000-10000000
ForkPoolWorker-35,  processing 2113 (58844.9 per sec) reads @ chr17:75000000-80000000
ForkPoolWorker-35 countReadsInRegions_worker: processing 5000000 (10727992.7 per sec) @ chr17:75000000-80000000
ForkPoolWorker-35,  processing 246 (49823.7 per sec) reads @ chr11:5000000-10000000
ForkPoolWorker-35 countReadsInRegions_worker: processing 5000000 (11341750.2 per sec) @ chr11:5000000-10000000
ForkPoolWorker-35,  processing 1517 (54830.6 per sec) reads @ chr1:5000000-10000000
ForkPoolWorker-35 countReadsInRegions_worker: processing 5000000 (10788945.6 per sec) @ chr1:5000000-10000000
ForkPoolWorker-35,  processing 0 (0.0 per sec) reads @ chrUn_KI270340v1:0-1428
ForkPoolWorker-35 countReadsInRegions_worker: processing 1428 (221528.5 per sec) @ chrUn_KI270340v1:0-1428
ForkPoolWorker-35,  processing 20 (23696.6 per sec) reads @ chr9:10000000-15000000
ForkPoolWorker-35 countReadsInRegions_worker: processing 5000000 (11685290.1 per sec) @ chr9:10000000-15000000
ForkPoolWorker-35,  processing 151 (48024.0 per sec) reads @ chr6:15000000-20000000
ForkPoolWorker-35 countReadsInRegions_worker: processing 5000000 (11657884.5 per sec) @ chr6:15000000-20000000
ForkPoolWorker-35,  processing 4750 (58087.1 per sec) reads @ chr19:0-5000000
ForkPoolWorker-35 countReadsInRegions_worker: processing 5000000 (9957452.4 per sec) @ chr19:0-5000000
ForkPoolWorker-35,  processing 46 (33020.4 per sec) reads @ chr15:50000000-55000000
ForkPoolWorker-35 countReadsInRegions_worker: processing 5000000 (11951163.9 per sec) @ chr15:50000000-55000000
ForkPoolWorker-35,  processing 0 (0.0 per sec) reads @ chrUn_KI270394v1:0-970
ForkPoolWorker-35 countReadsInRegions_worker: processing 970 (140500.6 per sec) @ chrUn_KI270394v1:0-970
ForkPoolWorker-35,  processing 57 (33930.6 per sec) reads @ chr7:35000000-40000000
ForkPoolWorker-35 countReadsInRegions_worker: processing 5000000 (11910615.0 per sec) @ chr7:35000000-40000000
ForkPoolWorker-35,  processing 1552 (55799.4 per sec) reads @ chr5:175000000-180000000
ForkPoolWorker-35 countReadsInRegions_worker: processing 5000000 (10971432.4 per sec) @ chr5:175000000-180000000
ForkPoolWorker-35,  processing 59 (35211.1 per sec) reads @ chr2:220000000-225000000
ForkPoolWorker-35 countReadsInRegions_worker: processing 5000000 (11837221.5 per sec) @ chr2:220000000-225000000
ForkPoolWorker-35,  processing 369 (53072.4 per sec) reads @ chr7:145000000-150000000
ForkPoolWorker-35 countReadsInRegions_worker: processing 5000000 (11775812.0 per sec) @ chr7:145000000-150000000
ForkPoolWorker-15,  processing 77 (7969.6 per sec) reads @ chr10:45000000-50000000
ForkPoolWorker-15 countReadsInRegions_worker: processing 5000000 (9734680.7 per sec) @ chr10:45000000-50000000
ForkPoolWorker-15,  processing 0 (0.0 per sec) reads @ chrUn_KI270412v1:0-1179
ForkPoolWorker-15 countReadsInRegions_worker: processing 1179 (181264.8 per sec) @ chrUn_KI270412v1:0-1179
ForkPoolWorker-15,  processing 312 (52895.0 per sec) reads @ chrX:105000000-110000000
ForkPoolWorker-15 countReadsInRegions_worker: processing 5000000 (11091640.9 per sec) @ chrX:105000000-110000000
ForkPoolWorker-15,  processing 29 (26505.7 per sec) reads @ chr7:120000000-125000000
ForkPoolWorker-15 countReadsInRegions_worker: processing 5000000 (11226603.6 per sec) @ chr7:120000000-125000000
ForkPoolWorker-15,  processing 142 (44828.5 per sec) reads @ chr20:25000000-30000000
ForkPoolWorker-15 countReadsInRegions_worker: processing 5000000 (11194148.1 per sec) @ chr20:25000000-30000000
ForkPoolWorker-15,  processing 30 (28552.1 per sec) reads @ chr7:10000000-15000000
ForkPoolWorker-15 countReadsInRegions_worker: processing 5000000 (11405201.7 per sec) @ chr7:10000000-15000000
ForkPoolWorker-15,  processing 146 (50227.1 per sec) reads @ chr6:115000000-120000000
ForkPoolWorker-15 countReadsInRegions_worker: processing 5000000 (11573520.5 per sec) @ chr6:115000000-120000000
ForkPoolWorker-15,  processing 25 (30157.5 per sec) reads @ chr1_KI270713v1_random:0-40745
ForkPoolWorker-15 countReadsInRegions_worker: processing 40745 (4017889.6 per sec) @ chr1_KI270713v1_random:0-40745
ForkPoolWorker-15,  processing 65 (39899.0 per sec) reads @ chrX:20000000-25000000
ForkPoolWorker-15 countReadsInRegions_worker: processing 5000000 (11923420.5 per sec) @ chrX:20000000-25000000
ForkPoolWorker-15,  processing 107 (41535.4 per sec) reads @ chr3:185000000-190000000
ForkPoolWorker-15 countReadsInRegions_worker: processing 5000000 (11814541.5 per sec) @ chr3:185000000-190000000
ForkPoolWorker-15,  processing 145 (47495.0 per sec) reads @ chr8:10000000-15000000
ForkPoolWorker-15 countReadsInRegions_worker: processing 5000000 (11909214.9 per sec) @ chr8:10000000-15000000
ForkPoolWorker-15,  processing 283 (51951.5 per sec) reads @ chr2:230000000-235000000
ForkPoolWorker-15 countReadsInRegions_worker: processing 5000000 (11907416.2 per sec) @ chr2:230000000-235000000
ForkPoolWorker-15,  processing 148 (46101.5 per sec) reads @ chr2:0-5000000
ForkPoolWorker-15 countReadsInRegions_worker: processing 5000000 (11934161.4 per sec) @ chr2:0-5000000
ForkPoolWorker-15,  processing 469 (52712.6 per sec) reads @ chr20:35000000-40000000
ForkPoolWorker-15 countReadsInRegions_worker: processing 5000000 (11842896.8 per sec) @ chr20:35000000-40000000
ForkPoolWorker-15,  processing 202 (51051.4 per sec) reads @ chr17:65000000-70000000
ForkPoolWorker-15 countReadsInRegions_worker: processing 5000000 (11725496.8 per sec) @ chr17:65000000-70000000
ForkPoolWorker-30,  processing 264 (12404.9 per sec) reads @ chr10:115000000-120000000
ForkPoolWorker-30 countReadsInRegions_worker: processing 5000000 (9141318.8 per sec) @ chr10:115000000-120000000
ForkPoolWorker-30,  processing 0 (0.0 per sec) reads @ chrUn_KI270362v1:0-3530
ForkPoolWorker-30 countReadsInRegions_worker: processing 3530 (519268.2 per sec) @ chrUn_KI270362v1:0-3530
ForkPoolWorker-30,  processing 199 (51216.0 per sec) reads @ chr6:120000000-125000000
ForkPoolWorker-30 countReadsInRegions_worker: processing 5000000 (10750849.1 per sec) @ chr6:120000000-125000000
ForkPoolWorker-30,  processing 0 (0.0 per sec) reads @ chr22_KI270731v1_random:0-150754
ForkPoolWorker-30 countReadsInRegions_worker: processing 150754 (7346952.3 per sec) @ chr22_KI270731v1_random:0-150754
ForkPoolWorker-30,  processing 1 (2316.0 per sec) reads @ chrUn_KI270745v1:0-41891
ForkPoolWorker-30 countReadsInRegions_worker: processing 41891 (3972408.2 per sec) @ chrUn_KI270745v1:0-41891
ForkPoolWorker-30,  processing 3329 (60957.9 per sec) reads @ chr1:140000000-145000000
ForkPoolWorker-30 countReadsInRegions_worker: processing 5000000 (10488051.6 per sec) @ chr1:140000000-145000000
ForkPoolWorker-30,  processing 46 (33443.9 per sec) reads @ chr4:140000000-145000000
ForkPoolWorker-30 countReadsInRegions_worker: processing 5000000 (11980118.0 per sec) @ chr4:140000000-145000000
ForkPoolWorker-30,  processing 323 (50990.3 per sec) reads @ chr9:110000000-115000000
ForkPoolWorker-30 countReadsInRegions_worker: processing 5000000 (11876242.3 per sec) @ chr9:110000000-115000000
ForkPoolWorker-30,  processing 0 (0.0 per sec) reads @ chr4_GL000008v2_random:0-209709
ForkPoolWorker-30 countReadsInRegions_worker: processing 209709 (9235924.8 per sec) @ chr4_GL000008v2_random:0-209709
ForkPoolWorker-30,  processing 0 (0.0 per sec) reads @ chr14_KI270722v1_random:0-194050
ForkPoolWorker-30 countReadsInRegions_worker: processing 194050 (9219477.5 per sec) @ chr14_KI270722v1_random:0-194050
ForkPoolWorker-30,  processing 773 (51928.3 per sec) reads @ chr1:155000000-160000000
ForkPoolWorker-30 countReadsInRegions_worker: processing 5000000 (11536416.0 per sec) @ chr1:155000000-160000000
ForkPoolWorker-30,  processing 1189 (60659.1 per sec) reads @ chrX:115000000-120000000
ForkPoolWorker-30 countReadsInRegions_worker: processing 5000000 (11506432.3 per sec) @ chrX:115000000-120000000
ForkPoolWorker-30,  processing 59 (35719.4 per sec) reads @ chr3:155000000-160000000
ForkPoolWorker-30 countReadsInRegions_worker: processing 5000000 (11820994.5 per sec) @ chr3:155000000-160000000
ForkPoolWorker-30,  processing 85 (40730.7 per sec) reads @ chr3:85000000-90000000
ForkPoolWorker-30 countReadsInRegions_worker: processing 5000000 (12037633.7 per sec) @ chr3:85000000-90000000
ForkPoolWorker-30,  processing 11 (12280.4 per sec) reads @ chr18:65000000-70000000
ForkPoolWorker-30 countReadsInRegions_worker: processing 5000000 (11884944.8 per sec) @ chr18:65000000-70000000
ForkPoolWorker-30,  processing 579 (51981.0 per sec) reads @ chr7:150000000-155000000
ForkPoolWorker-30 countReadsInRegions_worker: processing 5000000 (11466488.8 per sec) @ chr7:150000000-155000000
ForkPoolWorker-30,  processing 0 (0.0 per sec) reads @ chr1_KI270707v1_random:0-32032
ForkPoolWorker-30 countReadsInRegions_worker: processing 32032 (3663011.8 per sec) @ chr1_KI270707v1_random:0-32032
ForkPoolWorker-30,  processing 32 (27973.7 per sec) reads @ chr5:85000000-90000000
ForkPoolWorker-30 countReadsInRegions_worker: processing 5000000 (11871973.1 per sec) @ chr5:85000000-90000000
ForkPoolWorker-30,  processing 6 (9690.3 per sec) reads @ chr22:10000000-15000000
ForkPoolWorker-30 countReadsInRegions_worker: processing 5000000 (12145335.0 per sec) @ chr22:10000000-15000000
ForkPoolWorker-30,  processing 0 (0.0 per sec) reads @ chrUn_KI270425v1:0-1884
ForkPoolWorker-30 countReadsInRegions_worker: processing 1884 (183918.7 per sec) @ chrUn_KI270425v1:0-1884
ForkPoolWorker-48,  processing 177 (21591.8 per sec) reads @ chr2:175000000-180000000
ForkPoolWorker-48 countReadsInRegions_worker: processing 5000000 (10360373.6 per sec) @ chr2:175000000-180000000
ForkPoolWorker-48,  processing 215 (48033.2 per sec) reads @ chr21:30000000-35000000
ForkPoolWorker-48 countReadsInRegions_worker: processing 5000000 (11433362.8 per sec) @ chr21:30000000-35000000
ForkPoolWorker-48,  processing 0 (0.0 per sec) reads @ chr14:5000000-10000000
ForkPoolWorker-48 countReadsInRegions_worker: processing 5000000 (11851637.5 per sec) @ chr14:5000000-10000000
ForkPoolWorker-48,  processing 436 (53312.2 per sec) reads @ chr13:110000000-114364328
ForkPoolWorker-48 countReadsInRegions_worker: processing 4364328 (11791799.5 per sec) @ chr13:110000000-114364328
ForkPoolWorker-48,  processing 1149 (57965.5 per sec) reads @ chr19:55000000-58617616
ForkPoolWorker-48 countReadsInRegions_worker: processing 3617616 (11495874.1 per sec) @ chr19:55000000-58617616
ForkPoolWorker-48,  processing 132 (46568.1 per sec) reads @ chr2:10000000-15000000
ForkPoolWorker-48 countReadsInRegions_worker: processing 5000000 (12206668.3 per sec) @ chr2:10000000-15000000
ForkPoolWorker-48,  processing 160 (48283.2 per sec) reads @ chr1:210000000-215000000
ForkPoolWorker-48 countReadsInRegions_worker: processing 5000000 (12119505.7 per sec) @ chr1:210000000-215000000
ForkPoolWorker-48,  processing 62 (38859.4 per sec) reads @ chr9:70000000-75000000
ForkPoolWorker-48 countReadsInRegions_worker: processing 5000000 (12199844.2 per sec) @ chr9:70000000-75000000
ForkPoolWorker-48,  processing 0 (0.0 per sec) reads @ chr3_GL000221v1_random:0-155397
ForkPoolWorker-48 countReadsInRegions_worker: processing 155397 (7840140.7 per sec) @ chr3_GL000221v1_random:0-155397
ForkPoolWorker-48,  processing 124 (45626.3 per sec) reads @ chr6:20000000-25000000
ForkPoolWorker-48 countReadsInRegions_worker: processing 5000000 (12139239.8 per sec) @ chr6:20000000-25000000
ForkPoolWorker-48,  processing 81 (41860.4 per sec) reads @ chr7:90000000-95000000
ForkPoolWorker-48 countReadsInRegions_worker: processing 5000000 (12150049.5 per sec) @ chr7:90000000-95000000
ForkPoolWorker-48,  processing 259 (50477.4 per sec) reads @ chr1:200000000-205000000
ForkPoolWorker-48 countReadsInRegions_worker: processing 5000000 (12045280.5 per sec) @ chr1:200000000-205000000
ForkPoolWorker-48,  processing 257 (51502.0 per sec) reads @ chr6:155000000-160000000
ForkPoolWorker-48 countReadsInRegions_worker: processing 5000000 (11862786.3 per sec) @ chr6:155000000-160000000
ForkPoolWorker-48,  processing 31 (28881.3 per sec) reads @ chr13:105000000-110000000
ForkPoolWorker-48 countReadsInRegions_worker: processing 5000000 (12197006.0 per sec) @ chr13:105000000-110000000
ForkPoolWorker-48,  processing 397 (54938.8 per sec) reads @ chr3:180000000-185000000
ForkPoolWorker-48 countReadsInRegions_worker: processing 5000000 (11905036.8 per sec) @ chr3:180000000-185000000
ForkPoolWorker-10,  processing 171 (10358.8 per sec) reads @ chr18:45000000-50000000
ForkPoolWorker-10 countReadsInRegions_worker: processing 5000000 (9949558.4 per sec) @ chr18:45000000-50000000
ForkPoolWorker-10,  processing 0 (0.0 per sec) reads @ chrUn_KI270466v1:0-1233
ForkPoolWorker-10 countReadsInRegions_worker: processing 1233 (196720.2 per sec) @ chrUn_KI270466v1:0-1233
ForkPoolWorker-10,  processing 0 (0.0 per sec) reads @ chrUn_KI270548v1:0-1599
ForkPoolWorker-10 countReadsInRegions_worker: processing 1599 (263762.6 per sec) @ chrUn_KI270548v1:0-1599
ForkPoolWorker-10,  processing 38 (31636.3 per sec) reads @ chr8:50000000-55000000
ForkPoolWorker-10 countReadsInRegions_worker: processing 5000000 (11005852.6 per sec) @ chr8:50000000-55000000
ForkPoolWorker-10,  processing 71 (37299.0 per sec) reads @ chr6:160000000-165000000
ForkPoolWorker-10 countReadsInRegions_worker: processing 5000000 (11124206.0 per sec) @ chr6:160000000-165000000
ForkPoolWorker-10,  processing 241 (49419.5 per sec) reads @ chr20:45000000-50000000
ForkPoolWorker-10 countReadsInRegions_worker: processing 5000000 (11258830.7 per sec) @ chr20:45000000-50000000
ForkPoolWorker-10,  processing 89 (45121.8 per sec) reads @ chr5:40000000-45000000
ForkPoolWorker-10 countReadsInRegions_worker: processing 5000000 (11838791.8 per sec) @ chr5:40000000-45000000
ForkPoolWorker-10,  processing 0 (0.0 per sec) reads @ chr9_KI270718v1_random:0-38054
ForkPoolWorker-10 countReadsInRegions_worker: processing 38054 (4117162.6 per sec) @ chr9_KI270718v1_random:0-38054
ForkPoolWorker-10,  processing 229 (50282.5 per sec) reads @ chr16:80000000-85000000
ForkPoolWorker-10 countReadsInRegions_worker: processing 5000000 (11649938.3 per sec) @ chr16:80000000-85000000
ForkPoolWorker-10,  processing 0 (0.0 per sec) reads @ chrUn_KI270302v1:0-2274
ForkPoolWorker-10 countReadsInRegions_worker: processing 2274 (357436.9 per sec) @ chrUn_KI270302v1:0-2274
ForkPoolWorker-10,  processing 395 (53287.1 per sec) reads @ chr20:30000000-35000000
ForkPoolWorker-10 countReadsInRegions_worker: processing 5000000 (11805283.8 per sec) @ chr20:30000000-35000000
ForkPoolWorker-10,  processing 218 (50556.1 per sec) reads @ chr5:140000000-145000000
ForkPoolWorker-10 countReadsInRegions_worker: processing 5000000 (11773405.6 per sec) @ chr5:140000000-145000000
ForkPoolWorker-10,  processing 323 (56363.8 per sec) reads @ chr6:105000000-110000000
ForkPoolWorker-10 countReadsInRegions_worker: processing 5000000 (11833621.3 per sec) @ chr6:105000000-110000000
ForkPoolWorker-10,  processing 2770 (58356.0 per sec) reads @ chr9:135000000-138394717
ForkPoolWorker-10 countReadsInRegions_worker: processing 3394717 (10189349.8 per sec) @ chr9:135000000-138394717
ForkPoolWorker-10,  processing 0 (0.0 per sec) reads @ chrUn_KI270320v1:0-4416
ForkPoolWorker-10 countReadsInRegions_worker: processing 4416 (643976.3 per sec) @ chrUn_KI270320v1:0-4416
ForkPoolWorker-10,  processing 250 (52468.2 per sec) reads @ chr1:240000000-245000000
ForkPoolWorker-10 countReadsInRegions_worker: processing 5000000 (12015687.4 per sec) @ chr1:240000000-245000000
ForkPoolWorker-10,  processing 19 (21382.3 per sec) reads @ chr2:145000000-150000000
ForkPoolWorker-10 countReadsInRegions_worker: processing 5000000 (12166219.0 per sec) @ chr2:145000000-150000000
ForkPoolWorker-10,  processing 483 (53967.9 per sec) reads @ chr15:75000000-80000000
ForkPoolWorker-10 countReadsInRegions_worker: processing 5000000 (11775137.6 per sec) @ chr15:75000000-80000000
ForkPoolWorker-10,  processing 0 (0.0 per sec) reads @ chrUn_KI270378v1:0-1048
ForkPoolWorker-10 countReadsInRegions_worker: processing 1048 (154151.5 per sec) @ chrUn_KI270378v1:0-1048
ForkPoolWorker-10,  processing 68 (38620.5 per sec) reads @ chr12:25000000-30000000
ForkPoolWorker-10 countReadsInRegions_worker: processing 5000000 (12220674.1 per sec) @ chr12:25000000-30000000
ForkPoolWorker-32,  processing 42 (5933.5 per sec) reads @ chr6:70000000-75000000
ForkPoolWorker-32 countReadsInRegions_worker: processing 5000000 (9485486.9 per sec) @ chr6:70000000-75000000
ForkPoolWorker-32,  processing 343 (51781.5 per sec) reads @ chr5:150000000-155000000
ForkPoolWorker-32 countReadsInRegions_worker: processing 5000000 (11364817.2 per sec) @ chr5:150000000-155000000
ForkPoolWorker-32,  processing 5241 (58015.5 per sec) reads @ chr8:140000000-145000000
ForkPoolWorker-32 countReadsInRegions_worker: processing 5000000 (9955793.2 per sec) @ chr8:140000000-145000000
ForkPoolWorker-32,  processing 39 (31676.6 per sec) reads @ chrX:5000000-10000000
ForkPoolWorker-32 countReadsInRegions_worker: processing 5000000 (12013051.3 per sec) @ chrX:5000000-10000000
ForkPoolWorker-32,  processing 22 (22059.5 per sec) reads @ chr4:130000000-135000000
ForkPoolWorker-32 countReadsInRegions_worker: processing 5000000 (11909363.6 per sec) @ chr4:130000000-135000000
ForkPoolWorker-32,  processing 7 (11388.7 per sec) reads @ chr9:60000000-65000000
ForkPoolWorker-32 countReadsInRegions_worker: processing 5000000 (12013195.8 per sec) @ chr9:60000000-65000000
ForkPoolWorker-32,  processing 90 (43853.1 per sec) reads @ chr16:45000000-50000000
ForkPoolWorker-32 countReadsInRegions_worker: processing 5000000 (12009921.1 per sec) @ chr16:45000000-50000000
ForkPoolWorker-32,  processing 831 (60323.1 per sec) reads @ chr6:50000000-55000000
ForkPoolWorker-32 countReadsInRegions_worker: processing 5000000 (11712857.5 per sec) @ chr6:50000000-55000000
ForkPoolWorker-32,  processing 30 (28813.6 per sec) reads @ chr11:20000000-25000000
ForkPoolWorker-32 countReadsInRegions_worker: processing 5000000 (12055722.5 per sec) @ chr11:20000000-25000000
ForkPoolWorker-32,  processing 32 (29215.9 per sec) reads @ chr3:105000000-110000000
ForkPoolWorker-32 countReadsInRegions_worker: processing 5000000 (11863229.2 per sec) @ chr3:105000000-110000000
ForkPoolWorker-32,  processing 120 (46286.2 per sec) reads @ chr11:130000000-135000000
ForkPoolWorker-32 countReadsInRegions_worker: processing 5000000 (11923291.7 per sec) @ chr11:130000000-135000000
ForkPoolWorker-32,  processing 0 (0.0 per sec) reads @ chrUn_KI270335v1:0-1048
ForkPoolWorker-32 countReadsInRegions_worker: processing 1048 (164507.1 per sec) @ chrUn_KI270335v1:0-1048
ForkPoolWorker-32,  processing 246 (54262.4 per sec) reads @ chr4:20000000-25000000
ForkPoolWorker-32 countReadsInRegions_worker: processing 5000000 (11937293.1 per sec) @ chr4:20000000-25000000
ForkPoolWorker-32,  processing 452 (52677.9 per sec) reads @ chr3:10000000-15000000
ForkPoolWorker-32 countReadsInRegions_worker: processing 5000000 (11940249.6 per sec) @ chr3:10000000-15000000
ForkPoolWorker-32,  processing 0 (0.0 per sec) reads @ chr13:0-5000000
ForkPoolWorker-32 countReadsInRegions_worker: processing 5000000 (12206860.1 per sec) @ chr13:0-5000000
ForkPoolWorker-19,  processing 122 (10240.9 per sec) reads @ chr13:45000000-50000000
ForkPoolWorker-19 countReadsInRegions_worker: processing 5000000 (9612921.2 per sec) @ chr13:45000000-50000000
ForkPoolWorker-19,  processing 99 (43056.4 per sec) reads @ chr4:115000000-120000000
ForkPoolWorker-19 countReadsInRegions_worker: processing 5000000 (11079312.0 per sec) @ chr4:115000000-120000000
ForkPoolWorker-19,  processing 0 (0.0 per sec) reads @ chrUn_KI270310v1:0-1201
ForkPoolWorker-19 countReadsInRegions_worker: processing 1201 (196036.7 per sec) @ chrUn_KI270310v1:0-1201
ForkPoolWorker-19,  processing 41 (32861.9 per sec) reads @ chr6:55000000-60000000
ForkPoolWorker-19 countReadsInRegions_worker: processing 5000000 (11131273.7 per sec) @ chr6:55000000-60000000
ForkPoolWorker-19,  processing 0 (0.0 per sec) reads @ chr1_KI270710v1_random:0-40176
ForkPoolWorker-19 countReadsInRegions_worker: processing 40176 (4378825.9 per sec) @ chr1_KI270710v1_random:0-40176
ForkPoolWorker-19,  processing 0 (0.0 per sec) reads @ chrUn_KI270393v1:0-1308
ForkPoolWorker-19 countReadsInRegions_worker: processing 1308 (203590.4 per sec) @ chrUn_KI270393v1:0-1308
ForkPoolWorker-19,  processing 135 (44835.8 per sec) reads @ chr15:25000000-30000000
ForkPoolWorker-19 countReadsInRegions_worker: processing 5000000 (11121586.7 per sec) @ chr15:25000000-30000000
ForkPoolWorker-19,  processing 0 (0.0 per sec) reads @ chrUn_KI270391v1:0-1484
ForkPoolWorker-19 countReadsInRegions_worker: processing 1484 (243500.0 per sec) @ chrUn_KI270391v1:0-1484
ForkPoolWorker-19,  processing 0 (0.0 per sec) reads @ chrUn_KI270374v1:0-2656
ForkPoolWorker-19 countReadsInRegions_worker: processing 2656 (438102.5 per sec) @ chrUn_KI270374v1:0-2656
ForkPoolWorker-19,  processing 26 (26787.5 per sec) reads @ chrX:125000000-130000000
ForkPoolWorker-19 countReadsInRegions_worker: processing 5000000 (11558084.4 per sec) @ chrX:125000000-130000000
ForkPoolWorker-19,  processing 252 (51677.7 per sec) reads @ chr15:90000000-95000000
ForkPoolWorker-19 countReadsInRegions_worker: processing 5000000 (11536669.9 per sec) @ chr15:90000000-95000000
ForkPoolWorker-19,  processing 1103 (56916.2 per sec) reads @ chr21:45000000-46709983
ForkPoolWorker-19 countReadsInRegions_worker: processing 1709983 (10322562.3 per sec) @ chr21:45000000-46709983
ForkPoolWorker-19,  processing 72 (37514.3 per sec) reads @ chr11:40000000-45000000
ForkPoolWorker-19 countReadsInRegions_worker: processing 5000000 (12230316.9 per sec) @ chr11:40000000-45000000
ForkPoolWorker-19,  processing 98 (41381.4 per sec) reads @ chr3:140000000-145000000
ForkPoolWorker-19 countReadsInRegions_worker: processing 5000000 (12024237.1 per sec) @ chr3:140000000-145000000
ForkPoolWorker-19,  processing 262 (50529.1 per sec) reads @ chr10:125000000-130000000
ForkPoolWorker-19 countReadsInRegions_worker: processing 5000000 (11891724.5 per sec) @ chr10:125000000-130000000
ForkPoolWorker-19,  processing 0 (0.0 per sec) reads @ chr1_KI270706v1_random:0-175055
ForkPoolWorker-19 countReadsInRegions_worker: processing 175055 (8246668.5 per sec) @ chr1_KI270706v1_random:0-175055
ForkPoolWorker-19,  processing 207 (50053.1 per sec) reads @ chr1:115000000-120000000
ForkPoolWorker-19 countReadsInRegions_worker: processing 5000000 (12126780.1 per sec) @ chr1:115000000-120000000
ForkPoolWorker-19,  processing 9 (11781.8 per sec) reads @ chr18:40000000-45000000
ForkPoolWorker-19 countReadsInRegions_worker: processing 5000000 (12168237.9 per sec) @ chr18:40000000-45000000
ForkPoolWorker-19,  processing 65 (37760.4 per sec) reads @ chr10:20000000-25000000
ForkPoolWorker-19 countReadsInRegions_worker: processing 5000000 (12167186.0 per sec) @ chr10:20000000-25000000
ForkPoolWorker-19,  processing 171 (48174.8 per sec) reads @ chr5:170000000-175000000
ForkPoolWorker-19 countReadsInRegions_worker: processing 5000000 (12161118.2 per sec) @ chr5:170000000-175000000
ForkPoolWorker-9,  processing 55 (7555.1 per sec) reads @ chr5:60000000-65000000
ForkPoolWorker-9 countReadsInRegions_worker: processing 5000000 (10487076.1 per sec) @ chr5:60000000-65000000
ForkPoolWorker-9,  processing 38 (26823.2 per sec) reads @ chr4:185000000-190000000
ForkPoolWorker-9 countReadsInRegions_worker: processing 5000000 (11401022.7 per sec) @ chr4:185000000-190000000
ForkPoolWorker-9,  processing 0 (0.0 per sec) reads @ chrUn_KI270510v1:0-2415
ForkPoolWorker-9 countReadsInRegions_worker: processing 2415 (358760.5 per sec) @ chrUn_KI270510v1:0-2415
ForkPoolWorker-9,  processing 268 (49704.8 per sec) reads @ chr2:235000000-240000000
ForkPoolWorker-9 countReadsInRegions_worker: processing 5000000 (11055668.7 per sec) @ chr2:235000000-240000000
ForkPoolWorker-9,  processing 969 (49971.5 per sec) reads @ chr1:15000000-20000000
ForkPoolWorker-9 countReadsInRegions_worker: processing 5000000 (10799029.0 per sec) @ chr1:15000000-20000000
ForkPoolWorker-9,  processing 876 (57337.9 per sec) reads @ chr19:50000000-55000000
ForkPoolWorker-9 countReadsInRegions_worker: processing 5000000 (10882249.3 per sec) @ chr19:50000000-55000000
ForkPoolWorker-9,  processing 57 (37960.5 per sec) reads @ chr10:40000000-45000000
ForkPoolWorker-9 countReadsInRegions_worker: processing 5000000 (11438906.9 per sec) @ chr10:40000000-45000000
ForkPoolWorker-9,  processing 30 (30445.0 per sec) reads @ chr14:85000000-90000000
ForkPoolWorker-9 countReadsInRegions_worker: processing 5000000 (11801716.3 per sec) @ chr14:85000000-90000000
ForkPoolWorker-9,  processing 549 (60746.9 per sec) reads @ chr21:15000000-20000000
ForkPoolWorker-9 countReadsInRegions_worker: processing 5000000 (11670080.6 per sec) @ chr21:15000000-20000000
ForkPoolWorker-9,  processing 667 (54415.3 per sec) reads @ chr10:100000000-105000000
ForkPoolWorker-9 countReadsInRegions_worker: processing 5000000 (11630181.5 per sec) @ chr10:100000000-105000000
ForkPoolWorker-9,  processing 30 (28080.6 per sec) reads @ chr1:185000000-190000000
ForkPoolWorker-9 countReadsInRegions_worker: processing 5000000 (11991455.1 per sec) @ chr1:185000000-190000000
ForkPoolWorker-9,  processing 121 (45480.0 per sec) reads @ chr1:235000000-240000000
ForkPoolWorker-9 countReadsInRegions_worker: processing 5000000 (11949720.2 per sec) @ chr1:235000000-240000000
ForkPoolWorker-9,  processing 222 (52264.0 per sec) reads @ chr6:165000000-170000000
ForkPoolWorker-9 countReadsInRegions_worker: processing 5000000 (11962255.2 per sec) @ chr6:165000000-170000000
ForkPoolWorker-9,  processing 0 (0.0 per sec) reads @ chr13:5000000-10000000
ForkPoolWorker-9 countReadsInRegions_worker: processing 5000000 (12187217.4 per sec) @ chr13:5000000-10000000
ForkPoolWorker-9,  processing 134 (45679.2 per sec) reads @ chr6:5000000-10000000
ForkPoolWorker-9 countReadsInRegions_worker: processing 5000000 (12124158.1 per sec) @ chr6:5000000-10000000
ForkPoolWorker-14,  processing 239 (14975.6 per sec) reads @ chr7:140000000-145000000
ForkPoolWorker-14 countReadsInRegions_worker: processing 5000000 (9969200.9 per sec) @ chr7:140000000-145000000
ForkPoolWorker-14,  processing 64 (29257.3 per sec) reads @ chr8:65000000-70000000
ForkPoolWorker-14 countReadsInRegions_worker: processing 5000000 (11328480.0 per sec) @ chr8:65000000-70000000
ForkPoolWorker-14,  processing 202 (47821.3 per sec) reads @ chr9:95000000-100000000
ForkPoolWorker-14 countReadsInRegions_worker: processing 5000000 (11504797.4 per sec) @ chr9:95000000-100000000
ForkPoolWorker-14,  processing 352 (50488.9 per sec) reads @ chr15:40000000-45000000
ForkPoolWorker-14 countReadsInRegions_worker: processing 5000000 (11644588.7 per sec) @ chr15:40000000-45000000
ForkPoolWorker-14,  processing 3 (5645.1 per sec) reads @ chrY:5000000-10000000
ForkPoolWorker-14 countReadsInRegions_worker: processing 5000000 (11876323.0 per sec) @ chrY:5000000-10000000
ForkPoolWorker-14,  processing 309 (51806.4 per sec) reads @ chr22:30000000-35000000
ForkPoolWorker-14 countReadsInRegions_worker: processing 5000000 (11874016.6 per sec) @ chr22:30000000-35000000
ForkPoolWorker-14,  processing 691 (55653.4 per sec) reads @ chr17:15000000-20000000
ForkPoolWorker-14 countReadsInRegions_worker: processing 5000000 (11649841.3 per sec) @ chr17:15000000-20000000
ForkPoolWorker-14,  processing 26 (25319.7 per sec) reads @ chr8:85000000-90000000
ForkPoolWorker-14 countReadsInRegions_worker: processing 5000000 (11749961.9 per sec) @ chr8:85000000-90000000
ForkPoolWorker-14,  processing 48 (31276.5 per sec) reads @ chr9:0-5000000
ForkPoolWorker-14 countReadsInRegions_worker: processing 5000000 (11956437.7 per sec) @ chr9:0-5000000
ForkPoolWorker-14,  processing 90 (43018.5 per sec) reads @ chr3:60000000-65000000
ForkPoolWorker-14 countReadsInRegions_worker: processing 5000000 (12001213.2 per sec) @ chr3:60000000-65000000
ForkPoolWorker-14,  processing 128 (45168.3 per sec) reads @ chr11:30000000-35000000
ForkPoolWorker-14 countReadsInRegions_worker: processing 5000000 (12016300.2 per sec) @ chr11:30000000-35000000
ForkPoolWorker-14,  processing 586 (55588.9 per sec) reads @ chr14:105000000-107043718
ForkPoolWorker-14 countReadsInRegions_worker: processing 2043718 (11269053.5 per sec) @ chr14:105000000-107043718
ForkPoolWorker-14,  processing 69 (37424.9 per sec) reads @ chr12:90000000-95000000
ForkPoolWorker-14 countReadsInRegions_worker: processing 5000000 (12191142.3 per sec) @ chr12:90000000-95000000
ForkPoolWorker-14,  processing 0 (0.0 per sec) reads @ chrUn_GL000216v2:0-176608
ForkPoolWorker-14 countReadsInRegions_worker: processing 176608 (8314599.2 per sec) @ chrUn_GL000216v2:0-176608
ForkPoolWorker-14,  processing 77 (17885.7 per sec) reads @ chr11:90000000-95000000
ForkPoolWorker-14 countReadsInRegions_worker: processing 5000000 (12032591.8 per sec) @ chr11:90000000-95000000
ForkPoolWorker-41,  processing 104 (9604.5 per sec) reads @ chr2:125000000-130000000
ForkPoolWorker-41 countReadsInRegions_worker: processing 5000000 (9590580.1 per sec) @ chr2:125000000-130000000
ForkPoolWorker-41,  processing 2 (4034.9 per sec) reads @ chr4:190000000-190214555
ForkPoolWorker-41 countReadsInRegions_worker: processing 214555 (8627171.6 per sec) @ chr4:190000000-190214555
ForkPoolWorker-41,  processing 21744 (60679.2 per sec) reads @ chr1:145000000-150000000
ForkPoolWorker-41 countReadsInRegions_worker: processing 5000000 (6559868.8 per sec) @ chr1:145000000-150000000
ForkPoolWorker-41,  processing 75 (39326.5 per sec) reads @ chr4:110000000-115000000
ForkPoolWorker-41 countReadsInRegions_worker: processing 5000000 (12138263.1 per sec) @ chr4:110000000-115000000
ForkPoolWorker-41,  processing 559 (52177.9 per sec) reads @ chr15:70000000-75000000
ForkPoolWorker-41 countReadsInRegions_worker: processing 5000000 (11802466.8 per sec) @ chr15:70000000-75000000
ForkPoolWorker-41,  processing 2623 (55994.1 per sec) reads @ chr19:45000000-50000000
ForkPoolWorker-41 countReadsInRegions_worker: processing 5000000 (10931434.6 per sec) @ chr19:45000000-50000000
ForkPoolWorker-41,  processing 0 (0.0 per sec) reads @ chrUn_KI270753v1:0-62944
ForkPoolWorker-41 countReadsInRegions_worker: processing 62944 (5364890.7 per sec) @ chrUn_KI270753v1:0-62944
ForkPoolWorker-41,  processing 128 (43594.9 per sec) reads @ chr11:15000000-20000000
ForkPoolWorker-41 countReadsInRegions_worker: processing 5000000 (12107191.4 per sec) @ chr11:15000000-20000000
ForkPoolWorker-41,  processing 34 (29852.7 per sec) reads @ chr2:210000000-215000000
ForkPoolWorker-41 countReadsInRegions_worker: processing 5000000 (12022286.3 per sec) @ chr2:210000000-215000000
ForkPoolWorker-41,  processing 655 (54254.2 per sec) reads @ chr11:70000000-75000000
ForkPoolWorker-41 countReadsInRegions_worker: processing 5000000 (11695338.7 per sec) @ chr11:70000000-75000000
ForkPoolWorker-41,  processing 1407 (55791.9 per sec) reads @ chr12:120000000-125000000
ForkPoolWorker-41 countReadsInRegions_worker: processing 5000000 (11457436.6 per sec) @ chr12:120000000-125000000
ForkPoolWorker-41,  processing 21 (19950.3 per sec) reads @ chr10:55000000-60000000
ForkPoolWorker-41 countReadsInRegions_worker: processing 5000000 (12021962.4 per sec) @ chr10:55000000-60000000
ForkPoolWorker-41,  processing 31 (26470.6 per sec) reads @ chr12:40000000-45000000
ForkPoolWorker-41 countReadsInRegions_worker: processing 5000000 (12056124.5 per sec) @ chr12:40000000-45000000
ForkPoolWorker-41,  processing 75 (36762.0 per sec) reads @ chr1:165000000-170000000
ForkPoolWorker-41 countReadsInRegions_worker: processing 5000000 (11924017.1 per sec) @ chr1:165000000-170000000
ForkPoolWorker-41,  processing 29 (24210.8 per sec) reads @ chr5:160000000-165000000
ForkPoolWorker-41 countReadsInRegions_worker: processing 5000000 (12037875.5 per sec) @ chr5:160000000-165000000
ForkPoolWorker-11,  processing 0 (0.0 per sec) reads @ chrUn_KI270522v1:0-5674
ForkPoolWorker-11 countReadsInRegions_worker: processing 5674 (483198.3 per sec) @ chrUn_KI270522v1:0-5674
ForkPoolWorker-11,  processing 82 (9203.7 per sec) reads @ chr7:105000000-110000000
ForkPoolWorker-11 countReadsInRegions_worker: processing 5000000 (10248311.7 per sec) @ chr7:105000000-110000000
ForkPoolWorker-11,  processing 128 (44150.6 per sec) reads @ chr5:5000000-10000000
ForkPoolWorker-11 countReadsInRegions_worker: processing 5000000 (11196759.8 per sec) @ chr5:5000000-10000000
ForkPoolWorker-11,  processing 415 (56329.4 per sec) reads @ chr5:180000000-181538259
ForkPoolWorker-11 countReadsInRegions_worker: processing 1538259 (11095239.0 per sec) @ chr5:180000000-181538259
ForkPoolWorker-11,  processing 0 (0.0 per sec) reads @ chrUn_GL000214v1:0-137718
ForkPoolWorker-11 countReadsInRegions_worker: processing 137718 (7513705.8 per sec) @ chrUn_GL000214v1:0-137718
ForkPoolWorker-11,  processing 63 (36674.7 per sec) reads @ chr2:195000000-200000000
ForkPoolWorker-11 countReadsInRegions_worker: processing 5000000 (12253992.8 per sec) @ chr2:195000000-200000000
ForkPoolWorker-11,  processing 67 (36232.4 per sec) reads @ chr6:130000000-135000000
ForkPoolWorker-11 countReadsInRegions_worker: processing 5000000 (12210989.7 per sec) @ chr6:130000000-135000000
ForkPoolWorker-11,  processing 137 (45583.0 per sec) reads @ chr21:35000000-40000000
ForkPoolWorker-11 countReadsInRegions_worker: processing 5000000 (12244470.0 per sec) @ chr21:35000000-40000000
ForkPoolWorker-11,  processing 706 (55415.4 per sec) reads @ chr7:5000000-10000000
ForkPoolWorker-11 countReadsInRegions_worker: processing 5000000 (11918534.7 per sec) @ chr7:5000000-10000000
ForkPoolWorker-11,  processing 101 (43280.0 per sec) reads @ chr8:125000000-130000000
ForkPoolWorker-11 countReadsInRegions_worker: processing 5000000 (12206504.9 per sec) @ chr8:125000000-130000000
ForkPoolWorker-11,  processing 0 (0.0 per sec) reads @ chrUn_KI270390v1:0-2387
ForkPoolWorker-11 countReadsInRegions_worker: processing 2387 (352106.8 per sec) @ chrUn_KI270390v1:0-2387
ForkPoolWorker-11,  processing 77 (39950.7 per sec) reads @ chr6:140000000-145000000
ForkPoolWorker-11 countReadsInRegions_worker: processing 5000000 (12075478.7 per sec) @ chr6:140000000-145000000
ForkPoolWorker-11,  processing 566 (53669.8 per sec) reads @ chr22:45000000-50000000
ForkPoolWorker-11 countReadsInRegions_worker: processing 5000000 (11760966.3 per sec) @ chr22:45000000-50000000
ForkPoolWorker-11,  processing 0 (0.0 per sec) reads @ chr14_KI270726v1_random:0-43739
ForkPoolWorker-11 countReadsInRegions_worker: processing 43739 (4479420.4 per sec) @ chr14_KI270726v1_random:0-43739
ForkPoolWorker-11,  processing 136 (46840.6 per sec) reads @ chr6:85000000-90000000
ForkPoolWorker-11 countReadsInRegions_worker: processing 5000000 (12135594.0 per sec) @ chr6:85000000-90000000
ForkPoolWorker-11,  processing 3029 (62817.9 per sec) reads @ chr10:85000000-90000000
ForkPoolWorker-11 countReadsInRegions_worker: processing 5000000 (10867423.9 per sec) @ chr10:85000000-90000000
ForkPoolWorker-11,  processing 91 (42221.4 per sec) reads @ chr10:25000000-30000000
ForkPoolWorker-11 countReadsInRegions_worker: processing 5000000 (11994507.1 per sec) @ chr10:25000000-30000000
ForkPoolWorker-11,  processing 125 (42778.1 per sec) reads @ chr11:10000000-15000000
ForkPoolWorker-11 countReadsInRegions_worker: processing 5000000 (12128954.3 per sec) @ chr11:10000000-15000000
ForkPoolWorker-11,  processing 27 (26299.6 per sec) reads @ chr7:85000000-90000000
ForkPoolWorker-11 countReadsInRegions_worker: processing 5000000 (12139029.0 per sec) @ chr7:85000000-90000000
ForkPoolWorker-11,  processing 4 (8228.2 per sec) reads @ chrUn_GL000220v1:0-161802
ForkPoolWorker-11 countReadsInRegions_worker: processing 161802 (8560233.8 per sec) @ chrUn_GL000220v1:0-161802
ForkPoolWorker-13,  processing 0 (0.0 per sec) reads @ chrUn_KI270372v1:0-1650
ForkPoolWorker-13 countReadsInRegions_worker: processing 1650 (60264.6 per sec) @ chrUn_KI270372v1:0-1650
ForkPoolWorker-13,  processing 3701 (38219.4 per sec) reads @ chr17:80000000-83257441
ForkPoolWorker-13 countReadsInRegions_worker: processing 3257441 (8014153.9 per sec) @ chr17:80000000-83257441
ForkPoolWorker-13,  processing 57 (31166.1 per sec) reads @ chr4:15000000-20000000
ForkPoolWorker-13 countReadsInRegions_worker: processing 5000000 (12098446.6 per sec) @ chr4:15000000-20000000
ForkPoolWorker-13,  processing 233 (47188.5 per sec) reads @ chr20:55000000-60000000
ForkPoolWorker-13 countReadsInRegions_worker: processing 5000000 (12157783.5 per sec) @ chr20:55000000-60000000
ForkPoolWorker-13,  processing 0 (0.0 per sec) reads @ chrUn_KI270395v1:0-1143
ForkPoolWorker-13 countReadsInRegions_worker: processing 1143 (166960.0 per sec) @ chrUn_KI270395v1:0-1143
ForkPoolWorker-13,  processing 92 (41252.5 per sec) reads @ chr3:120000000-125000000
ForkPoolWorker-13 countReadsInRegions_worker: processing 5000000 (12211771.8 per sec) @ chr3:120000000-125000000
ForkPoolWorker-13,  processing 10 (13644.5 per sec) reads @ chr13:65000000-70000000
ForkPoolWorker-13 countReadsInRegions_worker: processing 5000000 (12205815.8 per sec) @ chr13:65000000-70000000
ForkPoolWorker-13,  processing 0 (0.0 per sec) reads @ chrUn_KI270508v1:0-1951
ForkPoolWorker-13 countReadsInRegions_worker: processing 1951 (285892.0 per sec) @ chrUn_KI270508v1:0-1951
ForkPoolWorker-13,  processing 0 (0.0 per sec) reads @ chrUn_KI270337v1:0-1121
ForkPoolWorker-13 countReadsInRegions_worker: processing 1121 (179657.4 per sec) @ chrUn_KI270337v1:0-1121
ForkPoolWorker-13,  processing 43 (30925.1 per sec) reads @ chr15:20000000-25000000
ForkPoolWorker-13 countReadsInRegions_worker: processing 5000000 (12272939.3 per sec) @ chr15:20000000-25000000
ForkPoolWorker-13,  processing 34 (28641.6 per sec) reads @ chr18:25000000-30000000
ForkPoolWorker-13 countReadsInRegions_worker: processing 5000000 (12096046.1 per sec) @ chr18:25000000-30000000
ForkPoolWorker-13,  processing 0 (0.0 per sec) reads @ chrUn_KI270435v1:0-92983
ForkPoolWorker-13 countReadsInRegions_worker: processing 92983 (6520413.4 per sec) @ chrUn_KI270435v1:0-92983
ForkPoolWorker-13,  processing 17 (20413.2 per sec) reads @ chrX:60000000-65000000
ForkPoolWorker-13 countReadsInRegions_worker: processing 5000000 (11999455.3 per sec) @ chrX:60000000-65000000
ForkPoolWorker-13,  processing 76 (37001.4 per sec) reads @ chr1:175000000-180000000
ForkPoolWorker-13 countReadsInRegions_worker: processing 5000000 (12160272.0 per sec) @ chr1:175000000-180000000
ForkPoolWorker-13,  processing 107 (45451.7 per sec) reads @ chr2:165000000-170000000
ForkPoolWorker-13 countReadsInRegions_worker: processing 5000000 (12026491.9 per sec) @ chr2:165000000-170000000
ForkPoolWorker-13,  processing 93 (42964.0 per sec) reads @ chr3:165000000-170000000
ForkPoolWorker-13 countReadsInRegions_worker: processing 5000000 (12051939.7 per sec) @ chr3:165000000-170000000
ForkPoolWorker-13,  processing 103 (42710.2 per sec) reads @ chr13:90000000-95000000
ForkPoolWorker-13 countReadsInRegions_worker: processing 5000000 (11905455.8 per sec) @ chr13:90000000-95000000
ForkPoolWorker-13,  processing 65 (39334.8 per sec) reads @ chr6:90000000-95000000
ForkPoolWorker-13 countReadsInRegions_worker: processing 5000000 (11909945.3 per sec) @ chr6:90000000-95000000
ForkPoolWorker-13,  processing 0 (0.0 per sec) reads @ chrUn_KI270518v1:0-2186
ForkPoolWorker-13 countReadsInRegions_worker: processing 2186 (315435.0 per sec) @ chrUn_KI270518v1:0-2186
ForkPoolWorker-13,  processing 71 (40080.2 per sec) reads @ chrX:135000000-140000000
ForkPoolWorker-13 countReadsInRegions_worker: processing 5000000 (12146502.7 per sec) @ chrX:135000000-140000000
ForkPoolWorker-4,  processing 25 (4594.6 per sec) reads @ chr4:95000000-100000000
ForkPoolWorker-4 countReadsInRegions_worker: processing 5000000 (9717738.0 per sec) @ chr4:95000000-100000000
ForkPoolWorker-4,  processing 2 (4539.3 per sec) reads @ chrUn_GL000218v1:0-161147
ForkPoolWorker-4 countReadsInRegions_worker: processing 161147 (8116183.2 per sec) @ chrUn_GL000218v1:0-161147
ForkPoolWorker-4,  processing 180 (45962.2 per sec) reads @ chr14:90000000-95000000
ForkPoolWorker-4 countReadsInRegions_worker: processing 5000000 (11837388.5 per sec) @ chr14:90000000-95000000
ForkPoolWorker-4,  processing 47 (33600.2 per sec) reads @ chr2:5000000-10000000
ForkPoolWorker-4 countReadsInRegions_worker: processing 5000000 (11566939.2 per sec) @ chr2:5000000-10000000
ForkPoolWorker-4,  processing 1602 (56481.6 per sec) reads @ chr17:0-5000000
ForkPoolWorker-4 countReadsInRegions_worker: processing 5000000 (10967387.3 per sec) @ chr17:0-5000000
ForkPoolWorker-4,  processing 28 (28408.4 per sec) reads @ chrX:155000000-156040895
ForkPoolWorker-4 countReadsInRegions_worker: processing 1040895 (11193402.8 per sec) @ chrX:155000000-156040895
ForkPoolWorker-4,  processing 38 (28264.5 per sec) reads @ chr13:100000000-105000000
ForkPoolWorker-4 countReadsInRegions_worker: processing 5000000 (12288516.0 per sec) @ chr13:100000000-105000000
ForkPoolWorker-4,  processing 2000 (57662.8 per sec) reads @ chr19:15000000-20000000
ForkPoolWorker-4 countReadsInRegions_worker: processing 5000000 (11291772.4 per sec) @ chr19:15000000-20000000
ForkPoolWorker-4,  processing 22 (22925.4 per sec) reads @ chr11:95000000-100000000
ForkPoolWorker-4 countReadsInRegions_worker: processing 5000000 (12122097.7 per sec) @ chr11:95000000-100000000
ForkPoolWorker-4,  processing 0 (0.0 per sec) reads @ chrUn_KI270366v1:0-8320
ForkPoolWorker-4 countReadsInRegions_worker: processing 8320 (1103450.1 per sec) @ chrUn_KI270366v1:0-8320
ForkPoolWorker-4,  processing 41 (31466.9 per sec) reads @ chr10:35000000-40000000
ForkPoolWorker-4 countReadsInRegions_worker: processing 5000000 (12044146.0 per sec) @ chr10:35000000-40000000
ForkPoolWorker-4,  processing 0 (0.0 per sec) reads @ chrUn_KI270311v1:0-12399
ForkPoolWorker-4 countReadsInRegions_worker: processing 12399 (1638009.9 per sec) @ chrUn_KI270311v1:0-12399
ForkPoolWorker-4,  processing 0 (0.0 per sec) reads @ chrUn_KI270392v1:0-971
ForkPoolWorker-4 countReadsInRegions_worker: processing 971 (148637.6 per sec) @ chrUn_KI270392v1:0-971
ForkPoolWorker-4,  processing 187 (47240.5 per sec) reads @ chrX:130000000-135000000
ForkPoolWorker-4 countReadsInRegions_worker: processing 5000000 (11937490.1 per sec) @ chrX:130000000-135000000
ForkPoolWorker-4,  processing 46 (30019.9 per sec) reads @ chr11:105000000-110000000
ForkPoolWorker-4 countReadsInRegions_worker: processing 5000000 (12027374.8 per sec) @ chr11:105000000-110000000
ForkPoolWorker-4,  processing 0 (0.0 per sec) reads @ chrUn_KI270419v1:0-1029
ForkPoolWorker-4 countReadsInRegions_worker: processing 1029 (149916.2 per sec) @ chrUn_KI270419v1:0-1029
ForkPoolWorker-4,  processing 11 (15581.7 per sec) reads @ chr5:20000000-25000000
ForkPoolWorker-4 countReadsInRegions_worker: processing 5000000 (11988068.8 per sec) @ chr5:20000000-25000000
ForkPoolWorker-4,  processing 0 (0.0 per sec) reads @ chrUn_KI270376v1:0-1136
ForkPoolWorker-4 countReadsInRegions_worker: processing 1136 (169130.0 per sec) @ chrUn_KI270376v1:0-1136
ForkPoolWorker-4,  processing 138 (44872.8 per sec) reads @ chr12:115000000-120000000
ForkPoolWorker-4 countReadsInRegions_worker: processing 5000000 (11987513.8 per sec) @ chr12:115000000-120000000
ForkPoolWorker-4,  processing 963 (57818.9 per sec) reads @ chr14:20000000-25000000
ForkPoolWorker-4 countReadsInRegions_worker: processing 5000000 (11746408.0 per sec) @ chr14:20000000-25000000
ForkPoolWorker-38,  processing 62 (6083.0 per sec) reads @ chr8:135000000-140000000
ForkPoolWorker-38 countReadsInRegions_worker: processing 5000000 (9412512.4 per sec) @ chr8:135000000-140000000
ForkPoolWorker-38,  processing 162 (44361.0 per sec) reads @ chr11:120000000-125000000
ForkPoolWorker-38 countReadsInRegions_worker: processing 5000000 (11333965.7 per sec) @ chr11:120000000-125000000
ForkPoolWorker-38,  processing 25 (24718.9 per sec) reads @ chr6:60000000-65000000
ForkPoolWorker-38 countReadsInRegions_worker: processing 5000000 (11653583.0 per sec) @ chr6:60000000-65000000
ForkPoolWorker-38,  processing 0 (0.0 per sec) reads @ chr11:50000000-55000000
ForkPoolWorker-38 countReadsInRegions_worker: processing 5000000 (11825113.8 per sec) @ chr11:50000000-55000000
ForkPoolWorker-38,  processing 516 (59451.2 per sec) reads @ chr8:100000000-105000000
ForkPoolWorker-38 countReadsInRegions_worker: processing 5000000 (11324118.5 per sec) @ chr8:100000000-105000000
ForkPoolWorker-38,  processing 177 (48589.0 per sec) reads @ chr3:40000000-45000000
ForkPoolWorker-38 countReadsInRegions_worker: processing 5000000 (11390996.8 per sec) @ chr3:40000000-45000000
ForkPoolWorker-38,  processing 0 (0.0 per sec) reads @ chrUn_KI270468v1:0-4055
ForkPoolWorker-38 countReadsInRegions_worker: processing 4055 (626996.3 per sec) @ chrUn_KI270468v1:0-4055
ForkPoolWorker-38,  processing 87 (41986.5 per sec) reads @ chr1:75000000-80000000
ForkPoolWorker-38 countReadsInRegions_worker: processing 5000000 (11514525.3 per sec) @ chr1:75000000-80000000
ForkPoolWorker-38,  processing 109 (46226.4 per sec) reads @ chr16:5000000-10000000
ForkPoolWorker-38 countReadsInRegions_worker: processing 5000000 (11597906.4 per sec) @ chr16:5000000-10000000
ForkPoolWorker-38,  processing 392 (54013.4 per sec) reads @ chrX:70000000-75000000
ForkPoolWorker-38 countReadsInRegions_worker: processing 5000000 (11564489.8 per sec) @ chrX:70000000-75000000
ForkPoolWorker-38,  processing 2 (3874.6 per sec) reads @ chr21:20000000-25000000
ForkPoolWorker-38 countReadsInRegions_worker: processing 5000000 (11755230.9 per sec) @ chr21:20000000-25000000
ForkPoolWorker-38,  processing 0 (0.0 per sec) reads @ chr9:45000000-50000000
ForkPoolWorker-38 countReadsInRegions_worker: processing 5000000 (11782692.8 per sec) @ chr9:45000000-50000000
ForkPoolWorker-38,  processing 0 (0.0 per sec) reads @ chr13:10000000-15000000
ForkPoolWorker-38 countReadsInRegions_worker: processing 5000000 (11916266.0 per sec) @ chr13:10000000-15000000
ForkPoolWorker-38,  processing 11 (16999.8 per sec) reads @ chr7:60000000-65000000
ForkPoolWorker-38 countReadsInRegions_worker: processing 5000000 (12039430.4 per sec) @ chr7:60000000-65000000
ForkPoolWorker-38,  processing 414 (57022.3 per sec) reads @ chr8:20000000-25000000
ForkPoolWorker-38 countReadsInRegions_worker: processing 5000000 (11958899.0 per sec) @ chr8:20000000-25000000
ForkPoolWorker-34,  processing 0 (0.0 per sec) reads @ chrUn_KI270517v1:0-3253
ForkPoolWorker-34 countReadsInRegions_worker: processing 3253 (92309.4 per sec) @ chrUn_KI270517v1:0-3253
ForkPoolWorker-34,  processing 181 (12790.7 per sec) reads @ chr9:30000000-35000000
ForkPoolWorker-34 countReadsInRegions_worker: processing 5000000 (9964241.6 per sec) @ chr9:30000000-35000000
ForkPoolWorker-34,  processing 0 (0.0 per sec) reads @ chrY:55000000-57227415
ForkPoolWorker-34 countReadsInRegions_worker: processing 2227415 (11727368.5 per sec) @ chrY:55000000-57227415
ForkPoolWorker-34,  processing 67 (32975.6 per sec) reads @ chr6:135000000-140000000
ForkPoolWorker-34 countReadsInRegions_worker: processing 5000000 (12235968.5 per sec) @ chr6:135000000-140000000
ForkPoolWorker-34,  processing 0 (0.0 per sec) reads @ chrUn_KI270752v1:0-27745
ForkPoolWorker-34 countReadsInRegions_worker: processing 27745 (3147798.5 per sec) @ chrUn_KI270752v1:0-27745
ForkPoolWorker-34,  processing 177 (46788.4 per sec) reads @ chr14:65000000-70000000
ForkPoolWorker-34 countReadsInRegions_worker: processing 5000000 (12086676.6 per sec) @ chr14:65000000-70000000
ForkPoolWorker-34,  processing 33 (29689.4 per sec) reads @ chr2:75000000-80000000
ForkPoolWorker-34 countReadsInRegions_worker: processing 5000000 (12181794.7 per sec) @ chr2:75000000-80000000
ForkPoolWorker-34,  processing 49 (34253.5 per sec) reads @ chr2:115000000-120000000
ForkPoolWorker-34 countReadsInRegions_worker: processing 5000000 (12255912.0 per sec) @ chr2:115000000-120000000
ForkPoolWorker-34,  processing 298 (50529.7 per sec) reads @ chr10:95000000-100000000
ForkPoolWorker-34 countReadsInRegions_worker: processing 5000000 (12120395.3 per sec) @ chr10:95000000-100000000
ForkPoolWorker-34,  processing 0 (0.0 per sec) reads @ chrUn_KI270422v1:0-1445
ForkPoolWorker-34 countReadsInRegions_worker: processing 1445 (218311.7 per sec) @ chrUn_KI270422v1:0-1445
ForkPoolWorker-34,  processing 0 (0.0 per sec) reads @ chrUn_KI270589v1:0-44474
ForkPoolWorker-34 countReadsInRegions_worker: processing 44474 (4821211.0 per sec) @ chrUn_KI270589v1:0-44474
ForkPoolWorker-34,  processing 0 (0.0 per sec) reads @ chr16_KI270728v1_random:0-1872759
ForkPoolWorker-34 countReadsInRegions_worker: processing 1872759 (11930787.9 per sec) @ chr16_KI270728v1_random:0-1872759
ForkPoolWorker-34,  processing 709 (55593.7 per sec) reads @ chr2:240000000-242193529
ForkPoolWorker-34 countReadsInRegions_worker: processing 2193529 (11316627.3 per sec) @ chr2:240000000-242193529
ForkPoolWorker-34,  processing 42 (31362.1 per sec) reads @ chr2:15000000-20000000
ForkPoolWorker-34 countReadsInRegions_worker: processing 5000000 (12172016.4 per sec) @ chr2:15000000-20000000
ForkPoolWorker-34,  processing 27 (24688.5 per sec) reads @ chr8:55000000-60000000
ForkPoolWorker-34 countReadsInRegions_worker: processing 5000000 (11947800.4 per sec) @ chr8:55000000-60000000
ForkPoolWorker-34,  processing 1 (2135.6 per sec) reads @ chr5:45000000-50000000
ForkPoolWorker-34 countReadsInRegions_worker: processing 5000000 (12203926.4 per sec) @ chr5:45000000-50000000
ForkPoolWorker-34,  processing 68 (39318.0 per sec) reads @ chr18:60000000-65000000
ForkPoolWorker-34 countReadsInRegions_worker: processing 5000000 (12087422.0 per sec) @ chr18:60000000-65000000
ForkPoolWorker-34,  processing 1 (2411.9 per sec) reads @ chrUn_GL000219v1:0-179198
ForkPoolWorker-34 countReadsInRegions_worker: processing 179198 (8207599.1 per sec) @ chrUn_GL000219v1:0-179198
ForkPoolWorker-34,  processing 49 (34599.5 per sec) reads @ chr4:125000000-130000000
ForkPoolWorker-34 countReadsInRegions_worker: processing 5000000 (12079631.1 per sec) @ chr4:125000000-130000000
ForkPoolWorker-34,  processing 32 (29108.2 per sec) reads @ chr5:15000000-20000000
ForkPoolWorker-34 countReadsInRegions_worker: processing 5000000 (12251422.8 per sec) @ chr5:15000000-20000000
ForkPoolWorker-27,  processing 831 (24277.3 per sec) reads @ chr1:225000000-230000000
ForkPoolWorker-27 countReadsInRegions_worker: processing 5000000 (9775369.3 per sec) @ chr1:225000000-230000000
ForkPoolWorker-27,  processing 0 (0.0 per sec) reads @ chrUn_KI270515v1:0-6361
ForkPoolWorker-27 countReadsInRegions_worker: processing 6361 (894910.5 per sec) @ chrUn_KI270515v1:0-6361
ForkPoolWorker-27,  processing 117 (41468.1 per sec) reads @ chr7:30000000-35000000
ForkPoolWorker-27 countReadsInRegions_worker: processing 5000000 (11034105.4 per sec) @ chr7:30000000-35000000
ForkPoolWorker-27,  processing 124 (41402.1 per sec) reads @ chr18:35000000-40000000
ForkPoolWorker-27 countReadsInRegions_worker: processing 5000000 (11095766.4 per sec) @ chr18:35000000-40000000
ForkPoolWorker-27,  processing 77 (40731.7 per sec) reads @ chr1:65000000-70000000
ForkPoolWorker-27 countReadsInRegions_worker: processing 5000000 (11189638.6 per sec) @ chr1:65000000-70000000
ForkPoolWorker-27,  processing 0 (0.0 per sec) reads @ chrUn_KI270429v1:0-1361
ForkPoolWorker-27 countReadsInRegions_worker: processing 1361 (211142.5 per sec) @ chrUn_KI270429v1:0-1361
ForkPoolWorker-27,  processing 4 (8038.9 per sec) reads @ chr14_GL000194v1_random:0-191469
ForkPoolWorker-27 countReadsInRegions_worker: processing 191469 (8507194.8 per sec) @ chr14_GL000194v1_random:0-191469
ForkPoolWorker-27,  processing 213 (48800.3 per sec) reads @ chr2:20000000-25000000
ForkPoolWorker-27 countReadsInRegions_worker: processing 5000000 (11698476.7 per sec) @ chr2:20000000-25000000
ForkPoolWorker-27,  processing 20 (22531.9 per sec) reads @ chr4:45000000-50000000
ForkPoolWorker-27 countReadsInRegions_worker: processing 5000000 (11694843.0 per sec) @ chr4:45000000-50000000
ForkPoolWorker-27,  processing 183 (47984.3 per sec) reads @ chr3:5000000-10000000
ForkPoolWorker-27 countReadsInRegions_worker: processing 5000000 (11717327.3 per sec) @ chr3:5000000-10000000
ForkPoolWorker-27,  processing 0 (0.0 per sec) reads @ chrUn_KI270467v1:0-3920
ForkPoolWorker-27 countReadsInRegions_worker: processing 3920 (621589.8 per sec) @ chrUn_KI270467v1:0-3920
ForkPoolWorker-27,  processing 13 (19390.5 per sec) reads @ chr14:40000000-45000000
ForkPoolWorker-27 countReadsInRegions_worker: processing 5000000 (11803795.4 per sec) @ chr14:40000000-45000000
ForkPoolWorker-27,  processing 12 (15807.7 per sec) reads @ chr4:90000000-95000000
ForkPoolWorker-27 countReadsInRegions_worker: processing 5000000 (11935309.3 per sec) @ chr4:90000000-95000000
ForkPoolWorker-27,  processing 0 (0.0 per sec) reads @ chrUn_KI270379v1:0-1045
ForkPoolWorker-27 countReadsInRegions_worker: processing 1045 (157002.8 per sec) @ chrUn_KI270379v1:0-1045
ForkPoolWorker-27,  processing 256 (49913.6 per sec) reads @ chr5:135000000-140000000
ForkPoolWorker-27 countReadsInRegions_worker: processing 5000000 (11754677.4 per sec) @ chr5:135000000-140000000
ForkPoolWorker-27,  processing 321 (53999.6 per sec) reads @ chr1:105000000-110000000
ForkPoolWorker-27 countReadsInRegions_worker: processing 5000000 (11784083.1 per sec) @ chr1:105000000-110000000
ForkPoolWorker-27,  processing 0 (0.0 per sec) reads @ chr1_KI270709v1_random:0-66860
ForkPoolWorker-27 countReadsInRegions_worker: processing 66860 (5556173.0 per sec) @ chr1_KI270709v1_random:0-66860
ForkPoolWorker-27,  processing 175 (47576.0 per sec) reads @ chr10:120000000-125000000
ForkPoolWorker-27 countReadsInRegions_worker: processing 5000000 (12029775.7 per sec) @ chr10:120000000-125000000
ForkPoolWorker-27,  processing 32 (29992.8 per sec) reads @ chr21:10000000-15000000
ForkPoolWorker-27 countReadsInRegions_worker: processing 5000000 (12111610.5 per sec) @ chr21:10000000-15000000
ForkPoolWorker-27,  processing 61 (34626.1 per sec) reads @ chr4:70000000-75000000
ForkPoolWorker-27 countReadsInRegions_worker: processing 5000000 (12172503.9 per sec) @ chr4:70000000-75000000
ForkPoolWorker-5,  processing 64 (8313.5 per sec) reads @ chr7:130000000-135000000
ForkPoolWorker-5 countReadsInRegions_worker: processing 5000000 (9743282.9 per sec) @ chr7:130000000-135000000
ForkPoolWorker-5,  processing 85 (43073.1 per sec) reads @ chr4:100000000-105000000
ForkPoolWorker-5 countReadsInRegions_worker: processing 5000000 (11244149.8 per sec) @ chr4:100000000-105000000
ForkPoolWorker-5,  processing 0 (0.0 per sec) reads @ chrUn_KI270587v1:0-2969
ForkPoolWorker-5 countReadsInRegions_worker: processing 2969 (457490.4 per sec) @ chrUn_KI270587v1:0-2969
ForkPoolWorker-5,  processing 140 (46729.5 per sec) reads @ chr6:110000000-115000000
ForkPoolWorker-5 countReadsInRegions_worker: processing 5000000 (11093594.7 per sec) @ chr6:110000000-115000000
ForkPoolWorker-5,  processing 179 (49770.0 per sec) reads @ chr14:75000000-80000000
ForkPoolWorker-5 countReadsInRegions_worker: processing 5000000 (11158173.9 per sec) @ chr14:75000000-80000000
ForkPoolWorker-5,  processing 0 (0.0 per sec) reads @ chrY_KI270740v1_random:0-37240
ForkPoolWorker-5 countReadsInRegions_worker: processing 37240 (4238119.1 per sec) @ chrY_KI270740v1_random:0-37240
ForkPoolWorker-5,  processing 111 (46320.5 per sec) reads @ chr18:10000000-15000000
ForkPoolWorker-5 countReadsInRegions_worker: processing 5000000 (11405400.2 per sec) @ chr18:10000000-15000000
ForkPoolWorker-5,  processing 0 (0.0 per sec) reads @ chrUn_KI270305v1:0-1472
ForkPoolWorker-5 countReadsInRegions_worker: processing 1472 (232797.2 per sec) @ chrUn_KI270305v1:0-1472
ForkPoolWorker-5,  processing 147 (49843.4 per sec) reads @ chr12:125000000-130000000
ForkPoolWorker-5 countReadsInRegions_worker: processing 5000000 (11448242.4 per sec) @ chr12:125000000-130000000
ForkPoolWorker-5,  processing 13 (20315.2 per sec) reads @ chr16:90000000-90338345
ForkPoolWorker-5 countReadsInRegions_worker: processing 338345 (9697826.8 per sec) @ chr16:90000000-90338345
ForkPoolWorker-5,  processing 32 (28532.7 per sec) reads @ chr6:170000000-170805979
ForkPoolWorker-5 countReadsInRegions_worker: processing 805979 (10954839.1 per sec) @ chr6:170000000-170805979
ForkPoolWorker-5,  processing 32 (27956.2 per sec) reads @ chr19:20000000-25000000
ForkPoolWorker-5 countReadsInRegions_worker: processing 5000000 (12174659.2 per sec) @ chr19:20000000-25000000
ForkPoolWorker-5,  processing 282 (49113.2 per sec) reads @ chr1:50000000-55000000
ForkPoolWorker-5 countReadsInRegions_worker: processing 5000000 (12071016.4 per sec) @ chr1:50000000-55000000
ForkPoolWorker-5,  processing 6 (8981.4 per sec) reads @ chr16:60000000-65000000
ForkPoolWorker-5 countReadsInRegions_worker: processing 5000000 (12051918.9 per sec) @ chr16:60000000-65000000
ForkPoolWorker-5,  processing 9 (12450.1 per sec) reads @ chr9:65000000-70000000
ForkPoolWorker-5 countReadsInRegions_worker: processing 5000000 (12084782.1 per sec) @ chr9:65000000-70000000
ForkPoolWorker-5,  processing 2135 (57667.1 per sec) reads @ chr19:10000000-15000000
ForkPoolWorker-5 countReadsInRegions_worker: processing 5000000 (11005269.2 per sec) @ chr19:10000000-15000000
ForkPoolWorker-5,  processing 0 (0.0 per sec) reads @ chrUn_KI270754v1:0-40191
ForkPoolWorker-5 countReadsInRegions_worker: processing 40191 (3501366.1 per sec) @ chrUn_KI270754v1:0-40191
ForkPoolWorker-5,  processing 16 (20809.0 per sec) reads @ chr13:80000000-85000000
ForkPoolWorker-5 countReadsInRegions_worker: processing 5000000 (12141355.2 per sec) @ chr13:80000000-85000000
ForkPoolWorker-5,  processing 67 (37888.4 per sec) reads @ chr11:25000000-30000000
ForkPoolWorker-5 countReadsInRegions_worker: processing 5000000 (12128835.1 per sec) @ chr11:25000000-30000000
ForkPoolWorker-5,  processing 71 (36692.4 per sec) reads @ chr5:30000000-35000000
ForkPoolWorker-5 countReadsInRegions_worker: processing 5000000 (12183273.8 per sec) @ chr5:30000000-35000000
ForkPoolWorker-23,  processing 0 (0.0 per sec) reads @ chrUn_KI270384v1:0-1658
ForkPoolWorker-23 countReadsInRegions_worker: processing 1658 (113912.9 per sec) @ chrUn_KI270384v1:0-1658
ForkPoolWorker-23,  processing 0 (0.0 per sec) reads @ chrUn_KI270317v1:0-37690
ForkPoolWorker-23 countReadsInRegions_worker: processing 37690 (2858442.7 per sec) @ chrUn_KI270317v1:0-37690
ForkPoolWorker-23,  processing 116 (29616.5 per sec) reads @ chr12:65000000-70000000
ForkPoolWorker-23 countReadsInRegions_worker: processing 5000000 (10390824.2 per sec) @ chr12:65000000-70000000
ForkPoolWorker-23,  processing 134 (44493.1 per sec) reads @ chr6:75000000-80000000
ForkPoolWorker-23 countReadsInRegions_worker: processing 5000000 (10986525.8 per sec) @ chr6:75000000-80000000
ForkPoolWorker-23,  processing 0 (0.0 per sec) reads @ chrUn_KI270396v1:0-1880
ForkPoolWorker-23 countReadsInRegions_worker: processing 1880 (299650.1 per sec) @ chrUn_KI270396v1:0-1880
ForkPoolWorker-23,  processing 0 (0.0 per sec) reads @ chrY:50000000-55000000
ForkPoolWorker-23 countReadsInRegions_worker: processing 5000000 (11366258.6 per sec) @ chrY:50000000-55000000
ForkPoolWorker-23,  processing 0 (0.0 per sec) reads @ chr14_KI270723v1_random:0-38115
ForkPoolWorker-23 countReadsInRegions_worker: processing 38115 (4487337.8 per sec) @ chr14_KI270723v1_random:0-38115
ForkPoolWorker-23,  processing 650 (53418.1 per sec) reads @ chr1:40000000-45000000
ForkPoolWorker-23 countReadsInRegions_worker: processing 5000000 (11254359.6 per sec) @ chr1:40000000-45000000
ForkPoolWorker-23,  processing 64 (40360.2 per sec) reads @ chr6:80000000-85000000
ForkPoolWorker-23 countReadsInRegions_worker: processing 5000000 (11311060.2 per sec) @ chr6:80000000-85000000
ForkPoolWorker-23,  processing 71 (39178.5 per sec) reads @ chr5:75000000-80000000
ForkPoolWorker-23 countReadsInRegions_worker: processing 5000000 (11265804.3 per sec) @ chr5:75000000-80000000
ForkPoolWorker-23,  processing 148 (50267.8 per sec) reads @ chr15:95000000-100000000
ForkPoolWorker-23 countReadsInRegions_worker: processing 5000000 (11263293.3 per sec) @ chr15:95000000-100000000
ForkPoolWorker-23,  processing 0 (0.0 per sec) reads @ chrUn_KI270538v1:0-91309
ForkPoolWorker-23 countReadsInRegions_worker: processing 91309 (6842186.5 per sec) @ chrUn_KI270538v1:0-91309
ForkPoolWorker-23,  processing 49 (37137.9 per sec) reads @ chr9:25000000-30000000
ForkPoolWorker-23 countReadsInRegions_worker: processing 5000000 (11451943.3 per sec) @ chr9:25000000-30000000
ForkPoolWorker-23,  processing 32 (28820.6 per sec) reads @ chr20:10000000-15000000
ForkPoolWorker-23 countReadsInRegions_worker: processing 5000000 (11644414.1 per sec) @ chr20:10000000-15000000
ForkPoolWorker-23,  processing 58 (38219.9 per sec) reads @ chr7:55000000-60000000
ForkPoolWorker-23 countReadsInRegions_worker: processing 5000000 (11650326.7 per sec) @ chr7:55000000-60000000
ForkPoolWorker-23,  processing 0 (0.0 per sec) reads @ chrY:45000000-50000000
ForkPoolWorker-23 countReadsInRegions_worker: processing 5000000 (11689237.1 per sec) @ chrY:45000000-50000000
ForkPoolWorker-23,  processing 188 (46248.0 per sec) reads @ chr7:75000000-80000000
ForkPoolWorker-23 countReadsInRegions_worker: processing 5000000 (11607143.5 per sec) @ chr7:75000000-80000000
ForkPoolWorker-23,  processing 30 (26903.8 per sec) reads @ chr4:120000000-125000000
ForkPoolWorker-23 countReadsInRegions_worker: processing 5000000 (11950326.3 per sec) @ chr4:120000000-125000000
ForkPoolWorker-23,  processing 0 (0.0 per sec) reads @ chr11:135000000-135086622
ForkPoolWorker-23 countReadsInRegions_worker: processing 86622 (6661880.9 per sec) @ chr11:135000000-135086622
ForkPoolWorker-23,  processing 118 (44608.2 per sec) reads @ chr8:40000000-45000000
ForkPoolWorker-23 countReadsInRegions_worker: processing 5000000 (11969786.0 per sec) @ chr8:40000000-45000000
ForkPoolWorker-39,  processing 11 (3263.6 per sec) reads @ chrX:30000000-35000000
ForkPoolWorker-39 countReadsInRegions_worker: processing 5000000 (10120457.0 per sec) @ chrX:30000000-35000000
ForkPoolWorker-39,  processing 53 (32170.5 per sec) reads @ chr5:80000000-85000000
ForkPoolWorker-39 countReadsInRegions_worker: processing 5000000 (11428814.3 per sec) @ chr5:80000000-85000000
ForkPoolWorker-39,  processing 198 (30100.5 per sec) reads @ chr1:45000000-50000000
ForkPoolWorker-39 countReadsInRegions_worker: processing 5000000 (11449742.4 per sec) @ chr1:45000000-50000000
ForkPoolWorker-39,  processing 1563 (60342.2 per sec) reads @ chrM:0-16569
ForkPoolWorker-39 countReadsInRegions_worker: processing 16569 (499413.8 per sec) @ chrM:0-16569
ForkPoolWorker-39,  processing 83 (41627.1 per sec) reads @ chr3:15000000-20000000
ForkPoolWorker-39 countReadsInRegions_worker: processing 5000000 (11424929.2 per sec) @ chr3:15000000-20000000
ForkPoolWorker-39,  processing 453 (53055.4 per sec) reads @ chr17:45000000-50000000
ForkPoolWorker-39 countReadsInRegions_worker: processing 5000000 (11503781.4 per sec) @ chr17:45000000-50000000
ForkPoolWorker-39,  processing 73 (40324.5 per sec) reads @ chr4:75000000-80000000
ForkPoolWorker-39 countReadsInRegions_worker: processing 5000000 (11682608.2 per sec) @ chr4:75000000-80000000
ForkPoolWorker-39,  processing 162 (46821.8 per sec) reads @ chr3:55000000-60000000
ForkPoolWorker-39 countReadsInRegions_worker: processing 5000000 (11847573.4 per sec) @ chr3:55000000-60000000
ForkPoolWorker-39,  processing 16 (20945.3 per sec) reads @ chr12:35000000-40000000
ForkPoolWorker-39 countReadsInRegions_worker: processing 5000000 (11965592.7 per sec) @ chr12:35000000-40000000
ForkPoolWorker-39,  processing 5 (8487.1 per sec) reads @ chr8:110000000-115000000
ForkPoolWorker-39 countReadsInRegions_worker: processing 5000000 (11873263.7 per sec) @ chr8:110000000-115000000
ForkPoolWorker-39,  processing 222 (48981.4 per sec) reads @ chr7:125000000-130000000
ForkPoolWorker-39 countReadsInRegions_worker: processing 5000000 (11722907.8 per sec) @ chr7:125000000-130000000
ForkPoolWorker-39,  processing 72 (38005.3 per sec) reads @ chr5:125000000-130000000
ForkPoolWorker-39 countReadsInRegions_worker: processing 5000000 (11702589.4 per sec) @ chr5:125000000-130000000
ForkPoolWorker-39,  processing 67 (40387.8 per sec) reads @ chr3:100000000-105000000
ForkPoolWorker-39 countReadsInRegions_worker: processing 5000000 (11856294.3 per sec) @ chr3:100000000-105000000
ForkPoolWorker-39,  processing 36 (31675.0 per sec) reads @ chr8:105000000-110000000
ForkPoolWorker-39 countReadsInRegions_worker: processing 5000000 (11834943.6 per sec) @ chr8:105000000-110000000
ForkPoolWorker-39,  processing 7 (8355.2 per sec) reads @ chrX:95000000-100000000
ForkPoolWorker-39 countReadsInRegions_worker: processing 5000000 (11906422.4 per sec) @ chrX:95000000-100000000
ForkPoolWorker-25,  processing 70 (7069.3 per sec) reads @ chr14:55000000-60000000
ForkPoolWorker-25 countReadsInRegions_worker: processing 5000000 (9527152.2 per sec) @ chr14:55000000-60000000
ForkPoolWorker-25,  processing 0 (0.0 per sec) reads @ chrUn_KI270322v1:0-21476
ForkPoolWorker-25 countReadsInRegions_worker: processing 21476 (2602550.4 per sec) @ chrUn_KI270322v1:0-21476
ForkPoolWorker-25,  processing 318 (49144.8 per sec) reads @ chr22:25000000-30000000
ForkPoolWorker-25 countReadsInRegions_worker: processing 5000000 (11045996.4 per sec) @ chr22:25000000-30000000
ForkPoolWorker-25,  processing 0 (0.0 per sec) reads @ chr16:40000000-45000000
ForkPoolWorker-25 countReadsInRegions_worker: processing 5000000 (11144820.1 per sec) @ chr16:40000000-45000000
ForkPoolWorker-25,  processing 74 (39644.7 per sec) reads @ chr1:85000000-90000000
ForkPoolWorker-25 countReadsInRegions_worker: processing 5000000 (11338567.7 per sec) @ chr1:85000000-90000000
ForkPoolWorker-25,  processing 75 (39789.1 per sec) reads @ chr3:170000000-175000000
ForkPoolWorker-25 countReadsInRegions_worker: processing 5000000 (11587217.7 per sec) @ chr3:170000000-175000000
ForkPoolWorker-25,  processing 75 (41407.5 per sec) reads @ chr1:55000000-60000000
ForkPoolWorker-25 countReadsInRegions_worker: processing 5000000 (11698737.8 per sec) @ chr1:55000000-60000000
ForkPoolWorker-25,  processing 0 (0.0 per sec) reads @ chrUn_KI270424v1:0-2140
ForkPoolWorker-25 countReadsInRegions_worker: processing 2140 (339851.2 per sec) @ chrUn_KI270424v1:0-2140
ForkPoolWorker-25,  processing 2005 (57691.5 per sec) reads @ chr20:60000000-64444167
ForkPoolWorker-25 countReadsInRegions_worker: processing 4444167 (10821677.2 per sec) @ chr20:60000000-64444167
ForkPoolWorker-25,  processing 0 (0.0 per sec) reads @ chr14_KI270725v1_random:0-172810
ForkPoolWorker-25 countReadsInRegions_worker: processing 172810 (8309270.6 per sec) @ chr14_KI270725v1_random:0-172810
ForkPoolWorker-25,  processing 547 (55210.8 per sec) reads @ chr17:35000000-40000000
ForkPoolWorker-25 countReadsInRegions_worker: processing 5000000 (11814455.0 per sec) @ chr17:35000000-40000000
ForkPoolWorker-25,  processing 37 (30730.5 per sec) reads @ chr2:80000000-85000000
ForkPoolWorker-25 countReadsInRegions_worker: processing 5000000 (12078455.3 per sec) @ chr2:80000000-85000000
ForkPoolWorker-25,  processing 0 (0.0 per sec) reads @ chrUn_KI270371v1:0-2805
ForkPoolWorker-25 countReadsInRegions_worker: processing 2805 (410488.9 per sec) @ chrUn_KI270371v1:0-2805
ForkPoolWorker-25,  processing 0 (0.0 per sec) reads @ chrUn_KI270438v1:0-112505
ForkPoolWorker-25 countReadsInRegions_worker: processing 112505 (7496587.1 per sec) @ chrUn_KI270438v1:0-112505
ForkPoolWorker-25,  processing 1280 (56844.8 per sec) reads @ chr22:35000000-40000000
ForkPoolWorker-25 countReadsInRegions_worker: processing 5000000 (11428409.5 per sec) @ chr22:35000000-40000000
ForkPoolWorker-25,  processing 594 (55361.1 per sec) reads @ chr9:35000000-40000000
ForkPoolWorker-25 countReadsInRegions_worker: processing 5000000 (11787971.3 per sec) @ chr9:35000000-40000000
ForkPoolWorker-25,  processing 10 (14794.7 per sec) reads @ chr4:60000000-65000000
ForkPoolWorker-25 countReadsInRegions_worker: processing 5000000 (12063427.1 per sec) @ chr4:60000000-65000000
ForkPoolWorker-25,  processing 179 (49179.9 per sec) reads @ chr1:160000000-165000000
ForkPoolWorker-25 countReadsInRegions_worker: processing 5000000 (11915758.2 per sec) @ chr1:160000000-165000000
ForkPoolWorker-25,  processing 37 (32371.6 per sec) reads @ chr19:25000000-30000000
ForkPoolWorker-25 countReadsInRegions_worker: processing 5000000 (11451636.9 per sec) @ chr19:25000000-30000000
ForkPoolWorker-25,  processing 144 (45842.9 per sec) reads @ chr11:55000000-60000000
ForkPoolWorker-25 countReadsInRegions_worker: processing 5000000 (11876417.2 per sec) @ chr11:55000000-60000000
ForkPoolWorker-26,  processing 0 (0.0 per sec) reads @ chrUn_KI270414v1:0-2489
ForkPoolWorker-26 countReadsInRegions_worker: processing 2489 (81311.2 per sec) @ chrUn_KI270414v1:0-2489
ForkPoolWorker-26,  processing 150 (17944.8 per sec) reads @ chr11:75000000-80000000
ForkPoolWorker-26 countReadsInRegions_worker: processing 5000000 (10289543.5 per sec) @ chr11:75000000-80000000
ForkPoolWorker-26,  processing 294 (47074.8 per sec) reads @ chr19:30000000-35000000
ForkPoolWorker-26 countReadsInRegions_worker: processing 5000000 (10988874.6 per sec) @ chr19:30000000-35000000
ForkPoolWorker-26,  processing 63 (35588.0 per sec) reads @ chr9:80000000-85000000
ForkPoolWorker-26 countReadsInRegions_worker: processing 5000000 (11027421.4 per sec) @ chr9:80000000-85000000
ForkPoolWorker-26,  processing 0 (0.0 per sec) reads @ chrUn_KI270581v1:0-7046
ForkPoolWorker-26 countReadsInRegions_worker: processing 7046 (1078775.9 per sec) @ chrUn_KI270581v1:0-7046
ForkPoolWorker-26,  processing 0 (0.0 per sec) reads @ chr22_KI270736v1_random:0-181920
ForkPoolWorker-26 countReadsInRegions_worker: processing 181920 (8368551.4 per sec) @ chr22_KI270736v1_random:0-181920
ForkPoolWorker-26,  processing 124 (42707.6 per sec) reads @ chr2:170000000-175000000
ForkPoolWorker-26 countReadsInRegions_worker: processing 5000000 (11812451.9 per sec) @ chr2:170000000-175000000
ForkPoolWorker-26,  processing 413 (51380.7 per sec) reads @ chr11:115000000-120000000
ForkPoolWorker-26 countReadsInRegions_worker: processing 5000000 (11547138.3 per sec) @ chr11:115000000-120000000
ForkPoolWorker-26,  processing 1509 (61268.9 per sec) reads @ chr6:10000000-15000000
ForkPoolWorker-26 countReadsInRegions_worker: processing 5000000 (11070726.1 per sec) @ chr6:10000000-15000000
ForkPoolWorker-26,  processing 115 (43074.2 per sec) reads @ chr15:100000000-101991189
ForkPoolWorker-26 countReadsInRegions_worker: processing 1991189 (11423765.2 per sec) @ chr15:100000000-101991189
ForkPoolWorker-26,  processing 0 (0.0 per sec) reads @ chrUn_KI270334v1:0-1368
ForkPoolWorker-26 countReadsInRegions_worker: processing 1368 (207756.1 per sec) @ chrUn_KI270334v1:0-1368
ForkPoolWorker-26,  processing 47 (33209.6 per sec) reads @ chr18:55000000-60000000
ForkPoolWorker-26 countReadsInRegions_worker: processing 5000000 (12162684.0 per sec) @ chr18:55000000-60000000
ForkPoolWorker-26,  processing 1831 (56620.4 per sec) reads @ chr4:0-5000000
ForkPoolWorker-26 countReadsInRegions_worker: processing 5000000 (11294119.7 per sec) @ chr4:0-5000000
ForkPoolWorker-26,  processing 74 (40064.3 per sec) reads @ chr4:145000000-150000000
ForkPoolWorker-26 countReadsInRegions_worker: processing 5000000 (12182544.8 per sec) @ chr4:145000000-150000000
ForkPoolWorker-26,  processing 90 (41377.5 per sec) reads @ chr14:50000000-55000000
ForkPoolWorker-26 countReadsInRegions_worker: processing 5000000 (12093876.7 per sec) @ chr14:50000000-55000000
ForkPoolWorker-26,  processing 0 (0.0 per sec) reads @ chr9_KI270717v1_random:0-40062
ForkPoolWorker-26 countReadsInRegions_worker: processing 40062 (4076769.5 per sec) @ chr9_KI270717v1_random:0-40062
ForkPoolWorker-26,  processing 45 (33411.9 per sec) reads @ chr2:225000000-230000000
ForkPoolWorker-26 countReadsInRegions_worker: processing 5000000 (12156458.6 per sec) @ chr2:225000000-230000000
ForkPoolWorker-26,  processing 475 (53774.6 per sec) reads @ chr12:110000000-115000000
ForkPoolWorker-26 countReadsInRegions_worker: processing 5000000 (11968788.7 per sec) @ chr12:110000000-115000000
ForkPoolWorker-26,  processing 0 (0.0 per sec) reads @ chr18:15000000-20000000
ForkPoolWorker-26 countReadsInRegions_worker: processing 5000000 (12145947.0 per sec) @ chr18:15000000-20000000
ForkPoolWorker-26,  processing 63 (39216.6 per sec) reads @ chrX:35000000-40000000
ForkPoolWorker-26 countReadsInRegions_worker: processing 5000000 (12211316.7 per sec) @ chrX:35000000-40000000
ForkPoolWorker-44,  processing 58 (13308.7 per sec) reads @ chr4:40000000-45000000
ForkPoolWorker-44 countReadsInRegions_worker: processing 5000000 (10230818.2 per sec) @ chr4:40000000-45000000
ForkPoolWorker-44,  processing 0 (0.0 per sec) reads @ chr14_GL000009v2_random:0-201709
ForkPoolWorker-44 countReadsInRegions_worker: processing 201709 (8750363.2 per sec) @ chr14_GL000009v2_random:0-201709
ForkPoolWorker-44,  processing 0 (0.0 per sec) reads @ chr15:15000000-20000000
ForkPoolWorker-44 countReadsInRegions_worker: processing 5000000 (12013835.8 per sec) @ chr15:15000000-20000000
ForkPoolWorker-44,  processing 44 (32456.8 per sec) reads @ chr5:115000000-120000000
ForkPoolWorker-44 countReadsInRegions_worker: processing 5000000 (12024609.4 per sec) @ chr5:115000000-120000000
ForkPoolWorker-44,  processing 41 (28921.4 per sec) reads @ chr5:55000000-60000000
ForkPoolWorker-44 countReadsInRegions_worker: processing 5000000 (11812877.8 per sec) @ chr5:55000000-60000000
ForkPoolWorker-44,  processing 325 (56717.5 per sec) reads @ chr12:95000000-100000000
ForkPoolWorker-44 countReadsInRegions_worker: processing 5000000 (11798595.6 per sec) @ chr12:95000000-100000000
ForkPoolWorker-44,  processing 58 (36853.5 per sec) reads @ chr13:70000000-75000000
ForkPoolWorker-44 countReadsInRegions_worker: processing 5000000 (12086182.0 per sec) @ chr13:70000000-75000000
ForkPoolWorker-44,  processing 47 (35596.3 per sec) reads @ chr18:80000000-80373285
ForkPoolWorker-44 countReadsInRegions_worker: processing 373285 (9831712.8 per sec) @ chr18:80000000-80373285
ForkPoolWorker-44,  processing 0 (0.0 per sec) reads @ chrUn_KI270373v1:0-1451
ForkPoolWorker-44 countReadsInRegions_worker: processing 1451 (212690.8 per sec) @ chrUn_KI270373v1:0-1451
ForkPoolWorker-44,  processing 45 (34486.3 per sec) reads @ chr9:115000000-120000000
ForkPoolWorker-44 countReadsInRegions_worker: processing 5000000 (11969704.1 per sec) @ chr9:115000000-120000000
ForkPoolWorker-44,  processing 0 (0.0 per sec) reads @ chrUn_KI270418v1:0-2145
ForkPoolWorker-44 countReadsInRegions_worker: processing 2145 (290237.5 per sec) @ chrUn_KI270418v1:0-2145
ForkPoolWorker-44,  processing 984 (51559.6 per sec) reads @ chr9:130000000-135000000
ForkPoolWorker-44 countReadsInRegions_worker: processing 5000000 (11484648.8 per sec) @ chr9:130000000-135000000
ForkPoolWorker-44,  processing 29 (26674.3 per sec) reads @ chrX:55000000-60000000
ForkPoolWorker-44 countReadsInRegions_worker: processing 5000000 (11987232.8 per sec) @ chrX:55000000-60000000
ForkPoolWorker-44,  processing 131 (43756.8 per sec) reads @ chr2:35000000-40000000
ForkPoolWorker-44 countReadsInRegions_worker: processing 5000000 (11742593.2 per sec) @ chr2:35000000-40000000
ForkPoolWorker-44,  processing 0 (0.0 per sec) reads @ chrUn_KI270743v1:0-210658
ForkPoolWorker-44 countReadsInRegions_worker: processing 210658 (8260229.3 per sec) @ chrUn_KI270743v1:0-210658
ForkPoolWorker-44,  processing 1368 (54546.6 per sec) reads @ chr22:40000000-45000000
ForkPoolWorker-44 countReadsInRegions_worker: processing 5000000 (11320200.3 per sec) @ chr22:40000000-45000000
ForkPoolWorker-44,  processing 198 (48520.2 per sec) reads @ chr14:30000000-35000000
ForkPoolWorker-44 countReadsInRegions_worker: processing 5000000 (11946942.8 per sec) @ chr14:30000000-35000000
ForkPoolWorker-44,  processing 28 (28015.4 per sec) reads @ chr5:95000000-100000000
ForkPoolWorker-44 countReadsInRegions_worker: processing 5000000 (12169410.0 per sec) @ chr5:95000000-100000000
ForkPoolWorker-44,  processing 48 (34461.9 per sec) reads @ chr2:135000000-140000000
ForkPoolWorker-44 countReadsInRegions_worker: processing 5000000 (12177847.6 per sec) @ chr2:135000000-140000000
ForkPoolWorker-44,  processing 91 (45292.7 per sec) reads @ chr3:110000000-115000000
ForkPoolWorker-44 countReadsInRegions_worker: processing 5000000 (12209951.7 per sec) @ chr3:110000000-115000000
ForkPoolWorker-46,  processing 118 (7473.1 per sec) reads @ chr20:50000000-55000000
ForkPoolWorker-46 countReadsInRegions_worker: processing 5000000 (9564929.9 per sec) @ chr20:50000000-55000000
ForkPoolWorker-46,  processing 0 (0.0 per sec) reads @ chrUn_KI270516v1:0-1300
ForkPoolWorker-46 countReadsInRegions_worker: processing 1300 (201761.2 per sec) @ chrUn_KI270516v1:0-1300
ForkPoolWorker-46,  processing 0 (0.0 per sec) reads @ chr22_KI270734v1_random:0-165050
ForkPoolWorker-46 countReadsInRegions_worker: processing 165050 (8238856.0 per sec) @ chr22_KI270734v1_random:0-165050
ForkPoolWorker-46,  processing 3 (5727.3 per sec) reads @ chr14_GL000225v1_random:0-211173
ForkPoolWorker-46 countReadsInRegions_worker: processing 211173 (9002630.1 per sec) @ chr14_GL000225v1_random:0-211173
ForkPoolWorker-46,  processing 631 (53378.4 per sec) reads @ chr12:45000000-50000000
ForkPoolWorker-46 countReadsInRegions_worker: processing 5000000 (11531791.5 per sec) @ chr12:45000000-50000000
ForkPoolWorker-46,  processing 26 (27531.4 per sec) reads @ chr11:80000000-85000000
ForkPoolWorker-46 countReadsInRegions_worker: processing 5000000 (11823160.4 per sec) @ chr11:80000000-85000000
ForkPoolWorker-46,  processing 10 (14963.6 per sec) reads @ chrX:140000000-145000000
ForkPoolWorker-46 countReadsInRegions_worker: processing 5000000 (11976615.0 per sec) @ chrX:140000000-145000000
ForkPoolWorker-46,  processing 188 (49317.0 per sec) reads @ chr9:75000000-80000000
ForkPoolWorker-46 countReadsInRegions_worker: processing 5000000 (11996277.2 per sec) @ chr9:75000000-80000000
ForkPoolWorker-46,  processing 22 (23648.0 per sec) reads @ chr7:110000000-115000000
ForkPoolWorker-46 countReadsInRegions_worker: processing 5000000 (11902415.2 per sec) @ chr7:110000000-115000000
ForkPoolWorker-46,  processing 0 (0.0 per sec) reads @ chrUn_KI270312v1:0-998
ForkPoolWorker-46 countReadsInRegions_worker: processing 998 (149002.1 per sec) @ chrUn_KI270312v1:0-998
ForkPoolWorker-46,  processing 19 (21827.4 per sec) reads @ chr18:70000000-75000000
ForkPoolWorker-46 countReadsInRegions_worker: processing 5000000 (11977682.1 per sec) @ chr18:70000000-75000000
ForkPoolWorker-46,  processing 0 (0.0 per sec) reads @ chrUn_KI270383v1:0-1750
ForkPoolWorker-46 countReadsInRegions_worker: processing 1750 (272894.1 per sec) @ chrUn_KI270383v1:0-1750
ForkPoolWorker-46,  processing 0 (0.0 per sec) reads @ chr22:5000000-10000000
ForkPoolWorker-46 countReadsInRegions_worker: processing 5000000 (11870562.0 per sec) @ chr22:5000000-10000000
ForkPoolWorker-46,  processing 3476 (54510.8 per sec) reads @ chr1:0-5000000
ForkPoolWorker-46 countReadsInRegions_worker: processing 5000000 (10416009.2 per sec) @ chr1:0-5000000
ForkPoolWorker-46,  processing 24 (21495.5 per sec) reads @ chr1:190000000-195000000
ForkPoolWorker-46 countReadsInRegions_worker: processing 5000000 (11816938.1 per sec) @ chr1:190000000-195000000
ForkPoolWorker-46,  processing 208 (48529.5 per sec) reads @ chr17:50000000-55000000
ForkPoolWorker-46 countReadsInRegions_worker: processing 5000000 (11875368.1 per sec) @ chr17:50000000-55000000
ForkPoolWorker-46,  processing 71 (36276.7 per sec) reads @ chrX:65000000-70000000
ForkPoolWorker-46 countReadsInRegions_worker: processing 5000000 (12029651.5 per sec) @ chrX:65000000-70000000
ForkPoolWorker-46,  processing 87 (43343.0 per sec) reads @ chr8:130000000-135000000
ForkPoolWorker-46 countReadsInRegions_worker: processing 5000000 (12119855.9 per sec) @ chr8:130000000-135000000
ForkPoolWorker-46,  processing 1343 (58877.7 per sec) reads @ chr16:30000000-35000000
ForkPoolWorker-46 countReadsInRegions_worker: processing 5000000 (11518832.2 per sec) @ chr16:30000000-35000000
ForkPoolWorker-46,  processing 195 (51426.6 per sec) reads @ chr5:145000000-150000000
ForkPoolWorker-46 countReadsInRegions_worker: processing 5000000 (12012026.0 per sec) @ chr5:145000000-150000000
