Building DAG of jobs...
Relative file path './annotations/genome_ref/chrNameLength.txt' starts with './'. This is redundant and strongly discouraged. It can also lead to inconsistent results of the file-matching approach used by Snakemake. You can simply omit the './' for relative file paths.
Relative file path './annotations/genome_ref/chrNameLength.txt' starts with './'. This is redundant and strongly discouraged. It can also lead to inconsistent results of the file-matching approach used by Snakemake. You can simply omit the './' for relative file paths.
Relative file path './annotations/genome_ref/chrNameLength.txt' starts with './'. This is redundant and strongly discouraged. It can also lead to inconsistent results of the file-matching approach used by Snakemake. You can simply omit the './' for relative file paths.
Relative file path './annotations/genome_ref/chrNameLength.txt' starts with './'. This is redundant and strongly discouraged. It can also lead to inconsistent results of the file-matching approach used by Snakemake. You can simply omit the './' for relative file paths.
Relative file path './annotations/genome_ref/chrNameLength.txt' starts with './'. This is redundant and strongly discouraged. It can also lead to inconsistent results of the file-matching approach used by Snakemake. You can simply omit the './' for relative file paths.
Relative file path './annotations/genome_ref/chrNameLength.txt' starts with './'. This is redundant and strongly discouraged. It can also lead to inconsistent results of the file-matching approach used by Snakemake. You can simply omit the './' for relative file paths.
Relative file path './annotations/genome_ref/chrNameLength.txt' starts with './'. This is redundant and strongly discouraged. It can also lead to inconsistent results of the file-matching approach used by Snakemake. You can simply omit the './' for relative file paths.
Relative file path './annotations/genome_ref/chrNameLength.txt' starts with './'. This is redundant and strongly discouraged. It can also lead to inconsistent results of the file-matching approach used by Snakemake. You can simply omit the './' for relative file paths.
Relative file path './annotations/genome_ref/chrNameLength.txt' starts with './'. This is redundant and strongly discouraged. It can also lead to inconsistent results of the file-matching approach used by Snakemake. You can simply omit the './' for relative file paths.
Relative file path './annotations/genome_ref/chrNameLength.txt' starts with './'. This is redundant and strongly discouraged. It can also lead to inconsistent results of the file-matching approach used by Snakemake. You can simply omit the './' for relative file paths.
Relative file path './annotations/genome_ref/chrNameLength.txt' starts with './'. This is redundant and strongly discouraged. It can also lead to inconsistent results of the file-matching approach used by Snakemake. You can simply omit the './' for relative file paths.
Relative file path './annotations/genome_ref/chrNameLength.txt' starts with './'. This is redundant and strongly discouraged. It can also lead to inconsistent results of the file-matching approach used by Snakemake. You can simply omit the './' for relative file paths.
Relative file path './annotations/genome_ref/chrNameLength.txt' starts with './'. This is redundant and strongly discouraged. It can also lead to inconsistent results of the file-matching approach used by Snakemake. You can simply omit the './' for relative file paths.
Relative file path './annotations/genome_ref/chrNameLength.txt' starts with './'. This is redundant and strongly discouraged. It can also lead to inconsistent results of the file-matching approach used by Snakemake. You can simply omit the './' for relative file paths.
Relative file path './annotations/genome_ref/chrNameLength.txt' starts with './'. This is redundant and strongly discouraged. It can also lead to inconsistent results of the file-matching approach used by Snakemake. You can simply omit the './' for relative file paths.
Relative file path './annotations/genome_ref/chrNameLength.txt' starts with './'. This is redundant and strongly discouraged. It can also lead to inconsistent results of the file-matching approach used by Snakemake. You can simply omit the './' for relative file paths.
Relative file path './annotations/genome_ref/chrNameLength.txt' starts with './'. This is redundant and strongly discouraged. It can also lead to inconsistent results of the file-matching approach used by Snakemake. You can simply omit the './' for relative file paths.
Relative file path './annotations/repeatmasker.grch38.sort.unique.bed.gz' starts with './'. This is redundant and strongly discouraged. It can also lead to inconsistent results of the file-matching approach used by Snakemake. You can simply omit the './' for relative file paths.
Relative file path './annotations/repeatmasker.grch38.tsv.gz' starts with './'. This is redundant and strongly discouraged. It can also lead to inconsistent results of the file-matching approach used by Snakemake. You can simply omit the './' for relative file paths.
Relative file path './annotations/GRCh38_no_alt_analysis_set_GCA_000001405.15.fasta' starts with './'. This is redundant and strongly discouraged. It can also lead to inconsistent results of the file-matching approach used by Snakemake. You can simply omit the './' for relative file paths.
Relative file path './annotations/repeatmasker.grch38.sort.unique.bed.gz' starts with './'. This is redundant and strongly discouraged. It can also lead to inconsistent results of the file-matching approach used by Snakemake. You can simply omit the './' for relative file paths.
Relative file path './annotations/genome_ref/chrNameLength.txt' starts with './'. This is redundant and strongly discouraged. It can also lead to inconsistent results of the file-matching approach used by Snakemake. You can simply omit the './' for relative file paths.
Relative file path './annotations/repeatmasker.grch38.sort.unique.bed.gz' starts with './'. This is redundant and strongly discouraged. It can also lead to inconsistent results of the file-matching approach used by Snakemake. You can simply omit the './' for relative file paths.
Relative file path './annotations/genome_ref/chrNameLength.txt' starts with './'. This is redundant and strongly discouraged. It can also lead to inconsistent results of the file-matching approach used by Snakemake. You can simply omit the './' for relative file paths.
Relative file path './annotations/repeatmasker.grch38.sort.unique.bed.gz' starts with './'. This is redundant and strongly discouraged. It can also lead to inconsistent results of the file-matching approach used by Snakemake. You can simply omit the './' for relative file paths.
Relative file path './annotations/genome_ref/chrNameLength.txt' starts with './'. This is redundant and strongly discouraged. It can also lead to inconsistent results of the file-matching approach used by Snakemake. You can simply omit the './' for relative file paths.
Relative file path './annotations/repeatmasker.grch38.sort.unique.bed.gz' starts with './'. This is redundant and strongly discouraged. It can also lead to inconsistent results of the file-matching approach used by Snakemake. You can simply omit the './' for relative file paths.
Relative file path './annotations/genome_ref/chrNameLength.txt' starts with './'. This is redundant and strongly discouraged. It can also lead to inconsistent results of the file-matching approach used by Snakemake. You can simply omit the './' for relative file paths.
Relative file path './annotations/repeatmasker.grch38.sort.unique.bed.gz' starts with './'. This is redundant and strongly discouraged. It can also lead to inconsistent results of the file-matching approach used by Snakemake. You can simply omit the './' for relative file paths.
Relative file path './annotations/genome_ref/chrNameLength.txt' starts with './'. This is redundant and strongly discouraged. It can also lead to inconsistent results of the file-matching approach used by Snakemake. You can simply omit the './' for relative file paths.
Relative file path './annotations/repeatmasker.grch38.sort.unique.bed.gz' starts with './'. This is redundant and strongly discouraged. It can also lead to inconsistent results of the file-matching approach used by Snakemake. You can simply omit the './' for relative file paths.
Relative file path './annotations/genome_ref/chrNameLength.txt' starts with './'. This is redundant and strongly discouraged. It can also lead to inconsistent results of the file-matching approach used by Snakemake. You can simply omit the './' for relative file paths.
Relative file path './annotations/repeatmasker.grch38.sort.unique.bed.gz' starts with './'. This is redundant and strongly discouraged. It can also lead to inconsistent results of the file-matching approach used by Snakemake. You can simply omit the './' for relative file paths.
Relative file path './annotations/genome_ref/chrNameLength.txt' starts with './'. This is redundant and strongly discouraged. It can also lead to inconsistent results of the file-matching approach used by Snakemake. You can simply omit the './' for relative file paths.
Relative file path './annotations/repeatmasker.grch38.sort.unique.bed.gz' starts with './'. This is redundant and strongly discouraged. It can also lead to inconsistent results of the file-matching approach used by Snakemake. You can simply omit the './' for relative file paths.
Relative file path './annotations/gencode.v38.annotation.k562_totalrna.gt1.tiled_partition.features.tsv.gz' starts with './'. This is redundant and strongly discouraged. It can also lead to inconsistent results of the file-matching approach used by Snakemake. You can simply omit the './' for relative file paths.
Relative file path './annotations/accession_type_ranking.txt' starts with './'. This is redundant and strongly discouraged. It can also lead to inconsistent results of the file-matching approach used by Snakemake. You can simply omit the './' for relative file paths.
Relative file path './annotations/gencode.v38.annotation.k562_totalrna.gt1.gff3.gz' starts with './'. This is redundant and strongly discouraged. It can also lead to inconsistent results of the file-matching approach used by Snakemake. You can simply omit the './' for relative file paths.
Relative file path './annotations/accession_type_ranking.txt' starts with './'. This is redundant and strongly discouraged. It can also lead to inconsistent results of the file-matching approach used by Snakemake. You can simply omit the './' for relative file paths.
Relative file path './annotations/gencode.v38.annotation.k562_totalrna.gt1.tiled_partition.bed.gz' starts with './'. This is redundant and strongly discouraged. It can also lead to inconsistent results of the file-matching approach used by Snakemake. You can simply omit the './' for relative file paths.
Relative file path './annotations/gencode.v38.annotation.k562_totalrna.gt1.tiled_partition.features.tsv.gz' starts with './'. This is redundant and strongly discouraged. It can also lead to inconsistent results of the file-matching approach used by Snakemake. You can simply omit the './' for relative file paths.
Relative file path './annotations/genome_ref/chrNameLength.txt' starts with './'. This is redundant and strongly discouraged. It can also lead to inconsistent results of the file-matching approach used by Snakemake. You can simply omit the './' for relative file paths.
Relative file path './annotations/gencode.v38.annotation.k562_totalrna.gt1.tiled_partition.bed.gz' starts with './'. This is redundant and strongly discouraged. It can also lead to inconsistent results of the file-matching approach used by Snakemake. You can simply omit the './' for relative file paths.
Relative file path './annotations/gencode.v38.annotation.k562_totalrna.gt1.tiled_partition.nuc.gz' starts with './'. This is redundant and strongly discouraged. It can also lead to inconsistent results of the file-matching approach used by Snakemake. You can simply omit the './' for relative file paths.
Relative file path './annotations/gencode.v38.annotation.k562_totalrna.gt1.tiled_partition.bed.gz' starts with './'. This is redundant and strongly discouraged. It can also lead to inconsistent results of the file-matching approach used by Snakemake. You can simply omit the './' for relative file paths.
Relative file path './annotations/GRCh38_no_alt_analysis_set_GCA_000001405.15.fasta' starts with './'. This is redundant and strongly discouraged. It can also lead to inconsistent results of the file-matching approach used by Snakemake. You can simply omit the './' for relative file paths.
Relative file path './annotations/gencode.v38.annotation.k562_totalrna.gt1.tiled_partition.nuc.gz' starts with './'. This is redundant and strongly discouraged. It can also lead to inconsistent results of the file-matching approach used by Snakemake. You can simply omit the './' for relative file paths.
Relative file path './annotations/genome_ref/chrNameLength.txt' starts with './'. This is redundant and strongly discouraged. It can also lead to inconsistent results of the file-matching approach used by Snakemake. You can simply omit the './' for relative file paths.
Relative file path './annotations/gencode.v38.annotation.k562_totalrna.gt1.tiled_partition.bed.gz' starts with './'. This is redundant and strongly discouraged. It can also lead to inconsistent results of the file-matching approach used by Snakemake. You can simply omit the './' for relative file paths.
Relative file path './annotations/genome_ref/chrNameLength.txt' starts with './'. This is redundant and strongly discouraged. It can also lead to inconsistent results of the file-matching approach used by Snakemake. You can simply omit the './' for relative file paths.
Relative file path './annotations/gencode.v38.annotation.k562_totalrna.gt1.tiled_partition.bed.gz' starts with './'. This is redundant and strongly discouraged. It can also lead to inconsistent results of the file-matching approach used by Snakemake. You can simply omit the './' for relative file paths.
Relative file path './annotations/genome_ref/chrNameLength.txt' starts with './'. This is redundant and strongly discouraged. It can also lead to inconsistent results of the file-matching approach used by Snakemake. You can simply omit the './' for relative file paths.
Relative file path './annotations/gencode.v38.annotation.k562_totalrna.gt1.tiled_partition.bed.gz' starts with './'. This is redundant and strongly discouraged. It can also lead to inconsistent results of the file-matching approach used by Snakemake. You can simply omit the './' for relative file paths.
Relative file path './annotations/gencode.v38.annotation.k562_totalrna.gt1.tiled_partition.features.tsv.gz' starts with './'. This is redundant and strongly discouraged. It can also lead to inconsistent results of the file-matching approach used by Snakemake. You can simply omit the './' for relative file paths.
Relative file path './annotations/accession_type_ranking.txt' starts with './'. This is redundant and strongly discouraged. It can also lead to inconsistent results of the file-matching approach used by Snakemake. You can simply omit the './' for relative file paths.
Relative file path './annotations/gencode.v38.annotation.k562_totalrna.gt1.tiled_partition.features.tsv.gz' starts with './'. This is redundant and strongly discouraged. It can also lead to inconsistent results of the file-matching approach used by Snakemake. You can simply omit the './' for relative file paths.
Relative file path './annotations/accession_type_ranking.txt' starts with './'. This is redundant and strongly discouraged. It can also lead to inconsistent results of the file-matching approach used by Snakemake. You can simply omit the './' for relative file paths.
Relative file path './annotations/genome_ref/chrNameLength.txt' starts with './'. This is redundant and strongly discouraged. It can also lead to inconsistent results of the file-matching approach used by Snakemake. You can simply omit the './' for relative file paths.
Relative file path './annotations/gencode.v38.annotation.k562_totalrna.gt1.tiled_partition.bed.gz' starts with './'. This is redundant and strongly discouraged. It can also lead to inconsistent results of the file-matching approach used by Snakemake. You can simply omit the './' for relative file paths.
Relative file path './annotations/gencode.v38.annotation.k562_totalrna.gt1.tiled_partition.nuc.gz' starts with './'. This is redundant and strongly discouraged. It can also lead to inconsistent results of the file-matching approach used by Snakemake. You can simply omit the './' for relative file paths.
Relative file path './annotations/genome_ref/chrNameLength.txt' starts with './'. This is redundant and strongly discouraged. It can also lead to inconsistent results of the file-matching approach used by Snakemake. You can simply omit the './' for relative file paths.
Relative file path './annotations/gencode.v38.annotation.k562_totalrna.gt1.tiled_partition.bed.gz' starts with './'. This is redundant and strongly discouraged. It can also lead to inconsistent results of the file-matching approach used by Snakemake. You can simply omit the './' for relative file paths.
Relative file path './annotations/genome_ref/chrNameLength.txt' starts with './'. This is redundant and strongly discouraged. It can also lead to inconsistent results of the file-matching approach used by Snakemake. You can simply omit the './' for relative file paths.
Relative file path './annotations/gencode.v38.annotation.k562_totalrna.gt1.tiled_partition.bed.gz' starts with './'. This is redundant and strongly discouraged. It can also lead to inconsistent results of the file-matching approach used by Snakemake. You can simply omit the './' for relative file paths.
Relative file path './annotations/genome_ref/chrNameLength.txt' starts with './'. This is redundant and strongly discouraged. It can also lead to inconsistent results of the file-matching approach used by Snakemake. You can simply omit the './' for relative file paths.
Relative file path './annotations/gencode.v38.annotation.k562_totalrna.gt1.tiled_partition.bed.gz' starts with './'. This is redundant and strongly discouraged. It can also lead to inconsistent results of the file-matching approach used by Snakemake. You can simply omit the './' for relative file paths.
Relative file path './annotations/gencode.v38.annotation.k562_totalrna.gt1.tiled_partition.features.tsv.gz' starts with './'. This is redundant and strongly discouraged. It can also lead to inconsistent results of the file-matching approach used by Snakemake. You can simply omit the './' for relative file paths.
Relative file path './annotations/accession_type_ranking.txt' starts with './'. This is redundant and strongly discouraged. It can also lead to inconsistent results of the file-matching approach used by Snakemake. You can simply omit the './' for relative file paths.
Relative file path './annotations/repeatmasker.grch38.sort.unique.bed.gz' starts with './'. This is redundant and strongly discouraged. It can also lead to inconsistent results of the file-matching approach used by Snakemake. You can simply omit the './' for relative file paths.
Relative file path './annotations/repeatmasker.grch38.sort.unique.bed.gz' starts with './'. This is redundant and strongly discouraged. It can also lead to inconsistent results of the file-matching approach used by Snakemake. You can simply omit the './' for relative file paths.
Relative file path './annotations/repeatmasker.grch38.sort.unique.bed.gz' starts with './'. This is redundant and strongly discouraged. It can also lead to inconsistent results of the file-matching approach used by Snakemake. You can simply omit the './' for relative file paths.
Relative file path './annotations/repeatmasker.grch38.sort.unique.bed.gz' starts with './'. This is redundant and strongly discouraged. It can also lead to inconsistent results of the file-matching approach used by Snakemake. You can simply omit the './' for relative file paths.
Relative file path './annotations/repeatmasker.grch38.sort.unique.bed.gz' starts with './'. This is redundant and strongly discouraged. It can also lead to inconsistent results of the file-matching approach used by Snakemake. You can simply omit the './' for relative file paths.
Relative file path './annotations/repeatmasker.grch38.sort.unique.bed.gz' starts with './'. This is redundant and strongly discouraged. It can also lead to inconsistent results of the file-matching approach used by Snakemake. You can simply omit the './' for relative file paths.
Relative file path './annotations/GRCh38_no_alt_analysis_set_GCA_000001405.15.fasta' starts with './'. This is redundant and strongly discouraged. It can also lead to inconsistent results of the file-matching approach used by Snakemake. You can simply omit the './' for relative file paths.
Relative file path './annotations/gencode.v38.annotation.k562_totalrna.gt1.tiled_partition.features.tsv.gz' starts with './'. This is redundant and strongly discouraged. It can also lead to inconsistent results of the file-matching approach used by Snakemake. You can simply omit the './' for relative file paths.
Relative file path './annotations/GRCh38_no_alt_analysis_set_GCA_000001405.15.fasta' starts with './'. This is redundant and strongly discouraged. It can also lead to inconsistent results of the file-matching approach used by Snakemake. You can simply omit the './' for relative file paths.
Relative file path './annotations/gencode.v38.annotation.k562_totalrna.gt1.tiled_partition.features.tsv.gz' starts with './'. This is redundant and strongly discouraged. It can also lead to inconsistent results of the file-matching approach used by Snakemake. You can simply omit the './' for relative file paths.
Relative file path './annotations/c5.go.v7.5.1.symbols.gmt' starts with './'. This is redundant and strongly discouraged. It can also lead to inconsistent results of the file-matching approach used by Snakemake. You can simply omit the './' for relative file paths.
Relative file path './annotations/encode3_go_terms.reference.tsv.gz' starts with './'. This is redundant and strongly discouraged. It can also lead to inconsistent results of the file-matching approach used by Snakemake. You can simply omit the './' for relative file paths.
Relative file path './annotations/encode3_go_terms.jaccard_index.rds' starts with './'. This is redundant and strongly discouraged. It can also lead to inconsistent results of the file-matching approach used by Snakemake. You can simply omit the './' for relative file paths.
Relative file path './annotations/c5.go.v7.5.1.symbols.gmt' starts with './'. This is redundant and strongly discouraged. It can also lead to inconsistent results of the file-matching approach used by Snakemake. You can simply omit the './' for relative file paths.
Relative file path './annotations/encode3_go_terms.reference.tsv.gz' starts with './'. This is redundant and strongly discouraged. It can also lead to inconsistent results of the file-matching approach used by Snakemake. You can simply omit the './' for relative file paths.
Relative file path './annotations/encode3_go_terms.jaccard_index.rds' starts with './'. This is redundant and strongly discouraged. It can also lead to inconsistent results of the file-matching approach used by Snakemake. You can simply omit the './' for relative file paths.
Relative file path './tools/encode3_feature_summary.reference.tsv' starts with './'. This is redundant and strongly discouraged. It can also lead to inconsistent results of the file-matching approach used by Snakemake. You can simply omit the './' for relative file paths.
Relative file path './tools/encode3_eclip_enrichment.reference.tsv' starts with './'. This is redundant and strongly discouraged. It can also lead to inconsistent results of the file-matching approach used by Snakemake. You can simply omit the './' for relative file paths.
Relative file path './tools/encode3_class_assignment.reference.tsv' starts with './'. This is redundant and strongly discouraged. It can also lead to inconsistent results of the file-matching approach used by Snakemake. You can simply omit the './' for relative file paths.
Using shell: /usr/bin/bash
Provided cores: 30
Rules claiming more threads will be scaled down.
Singularity containers: ignored
Job stats:
job                                    count
-----------------------------------  -------
align_reads                                8
all                                        1
call_enriched_re                           4
call_enriched_windows                      4
check_window_concordance                   2
consult_encode_reference                   1
consult_term_reference                     2
dedup_umi                                  8
extract_umi                                8
find_reproducible_enriched_re              2
find_reproducible_enriched_windows         2
finemap_windows                            2
fit_input_betabinomial_model               4
fit_input_betabinomial_re_model            4
get_nt_coverage                            2
index_bams                                16
make_genome_count_table                    2
make_repeat_count_tables                   2
make_scaled_bigwig                         8
make_unscaled_bigwig                       8
partition_bam_reads                        8
quantify_repeats                           8
run_homer                                  2
run_initial_fastqc                         8
run_trimmed_fastqc                         8
sample_background_windows_by_region        2
sort_bam                                   8
trim_fastq                                 8
total                                    142

Select jobs to execute...

[Fri Oct 24 13:27:51 2025]
rule run_initial_fastqc:
    input: input/mimic_N288_L1_1.fq.gz
    output: output/fastqc/initial/SNRNP70_CTL_IN_2_fastqc.html, output/fastqc/initial/SNRNP70_CTL_IN_2_fastqc.zip, output/fastqc/initial/SNRNP70_CTL_IN_2_fastqc
    jobid: 2
    benchmark: benchmarks/fastqc/unassigned_experiment.SNRNP70_CTL_IN_2.initial_fastqc.txt
    reason: Missing output files: output/fastqc/initial/SNRNP70_CTL_IN_2_fastqc.html
    wildcards: replicate_label=SNRNP70_CTL_IN_2
    resources: tmpdir=/tmp

zcat input/mimic_N288_L1_1.fq.gz | fastqc stdin:SNRNP70_CTL_IN_2 --extract --outdir output/fastqc/initial -t 1

[Fri Oct 24 13:27:51 2025]
rule trim_fastq:
    input: input/mimic_N291_L1_1.fq.gz, input/InvRiL19.fasta
    output: output/fastqs/trimmed/SNRNP70_OSM_IP_2-trimmed.fastq.gz, output/fastqs/trimmed/SNRNP70_OSM_IP_2-trimmed.log
    jobid: 32
    benchmark: benchmarks/trim/unassigned_experiment.SNRNP70_OSM_IP_2.trim.txt
    reason: Missing output files: output/fastqs/trimmed/SNRNP70_OSM_IP_2-trimmed.fastq.gz; Updated input files: input/mimic_N291_L1_1.fq.gz, input/InvRiL19.fasta
    wildcards: replicate_label=SNRNP70_OSM_IP_2
    threads: 8
    resources: tmpdir=/tmp

zcat input/mimic_N291_L1_1.fq.gz | skewer -t 8 -x input/InvRiL19.fasta -o output/fastqs/trimmed/SNRNP70_OSM_IP_2 -z -r 0.2 -d 0.2 -q 13 -l 20 -

[Fri Oct 24 13:27:51 2025]
rule run_initial_fastqc:
    input: input/N291_L1_1.fq.gz
    output: output/fastqc/initial/SNRNP70_OSM_IP_1_fastqc.html, output/fastqc/initial/SNRNP70_OSM_IP_1_fastqc.zip, output/fastqc/initial/SNRNP70_OSM_IP_1_fastqc
    jobid: 7
    benchmark: benchmarks/fastqc/unassigned_experiment.SNRNP70_OSM_IP_1.initial_fastqc.txt
    reason: Missing output files: output/fastqc/initial/SNRNP70_OSM_IP_1_fastqc.html
    wildcards: replicate_label=SNRNP70_OSM_IP_1
    resources: tmpdir=/tmp

zcat input/N291_L1_1.fq.gz | fastqc stdin:SNRNP70_OSM_IP_1 --extract --outdir output/fastqc/initial -t 1

[Fri Oct 24 13:27:52 2025]
rule trim_fastq:
    input: input/N289_L1_1.fq.gz, input/InvRiL19.fasta
    output: output/fastqs/trimmed/SNRNP70_CTL_IP_1-trimmed.fastq.gz, output/fastqs/trimmed/SNRNP70_CTL_IP_1-trimmed.log
    jobid: 23
    benchmark: benchmarks/trim/unassigned_experiment.SNRNP70_CTL_IP_1.trim.txt
    reason: Missing output files: output/fastqs/trimmed/SNRNP70_CTL_IP_1-trimmed.fastq.gz; Updated input files: input/N289_L1_1.fq.gz, input/InvRiL19.fasta
    wildcards: replicate_label=SNRNP70_CTL_IP_1
    threads: 8
    resources: tmpdir=/tmp

zcat input/N289_L1_1.fq.gz | skewer -t 8 -x input/InvRiL19.fasta -o output/fastqs/trimmed/SNRNP70_CTL_IP_1 -z -r 0.2 -d 0.2 -q 13 -l 20 -

[Fri Oct 24 13:27:52 2025]
rule run_initial_fastqc:
    input: input/mimic_N290_L1_1.fq.gz
    output: output/fastqc/initial/SNRNP70_OSM_IN_2_fastqc.html, output/fastqc/initial/SNRNP70_OSM_IN_2_fastqc.zip, output/fastqc/initial/SNRNP70_OSM_IN_2_fastqc
    jobid: 4
    benchmark: benchmarks/fastqc/unassigned_experiment.SNRNP70_OSM_IN_2.initial_fastqc.txt
    reason: Missing output files: output/fastqc/initial/SNRNP70_OSM_IN_2_fastqc.html
    wildcards: replicate_label=SNRNP70_OSM_IN_2
    resources: tmpdir=/tmp

zcat input/mimic_N290_L1_1.fq.gz | fastqc stdin:SNRNP70_OSM_IN_2 --extract --outdir output/fastqc/initial -t 1

[Fri Oct 24 13:27:52 2025]
rule run_initial_fastqc:
    input: input/mimic_N291_L1_1.fq.gz
    output: output/fastqc/initial/SNRNP70_OSM_IP_2_fastqc.html, output/fastqc/initial/SNRNP70_OSM_IP_2_fastqc.zip, output/fastqc/initial/SNRNP70_OSM_IP_2_fastqc
    jobid: 8
    benchmark: benchmarks/fastqc/unassigned_experiment.SNRNP70_OSM_IP_2.initial_fastqc.txt
    reason: Missing output files: output/fastqc/initial/SNRNP70_OSM_IP_2_fastqc.html
    wildcards: replicate_label=SNRNP70_OSM_IP_2
    resources: tmpdir=/tmp

zcat input/mimic_N291_L1_1.fq.gz | fastqc stdin:SNRNP70_OSM_IP_2 --extract --outdir output/fastqc/initial -t 1

[Fri Oct 24 13:27:52 2025]
rule run_initial_fastqc:
    input: input/N289_L1_1.fq.gz
    output: output/fastqc/initial/SNRNP70_CTL_IP_1_fastqc.html, output/fastqc/initial/SNRNP70_CTL_IP_1_fastqc.zip, output/fastqc/initial/SNRNP70_CTL_IP_1_fastqc
    jobid: 5
    benchmark: benchmarks/fastqc/unassigned_experiment.SNRNP70_CTL_IP_1.initial_fastqc.txt
    reason: Missing output files: output/fastqc/initial/SNRNP70_CTL_IP_1_fastqc.html
    wildcards: replicate_label=SNRNP70_CTL_IP_1
    resources: tmpdir=/tmp

zcat input/N289_L1_1.fq.gz | fastqc stdin:SNRNP70_CTL_IP_1 --extract --outdir output/fastqc/initial -t 1

[Fri Oct 24 13:27:52 2025]
rule trim_fastq:
    input: input/mimic_N290_L1_1.fq.gz, input/InvRiL19.fasta
    output: output/fastqs/trimmed/SNRNP70_OSM_IN_2-trimmed.fastq.gz, output/fastqs/trimmed/SNRNP70_OSM_IN_2-trimmed.log
    jobid: 20
    benchmark: benchmarks/trim/unassigned_experiment.SNRNP70_OSM_IN_2.trim.txt
    reason: Missing output files: output/fastqs/trimmed/SNRNP70_OSM_IN_2-trimmed.fastq.gz; Updated input files: input/mimic_N290_L1_1.fq.gz, input/InvRiL19.fasta
    wildcards: replicate_label=SNRNP70_OSM_IN_2
    threads: 8
    resources: tmpdir=/tmp

zcat input/mimic_N290_L1_1.fq.gz | skewer -t 8 -x input/InvRiL19.fasta -o output/fastqs/trimmed/SNRNP70_OSM_IN_2 -z -r 0.2 -d 0.2 -q 13 -l 20 -

[Fri Oct 24 13:27:52 2025]
rule run_initial_fastqc:
    input: input/N288_L1_1.fq.gz
    output: output/fastqc/initial/SNRNP70_CTL_IN_1_fastqc.html, output/fastqc/initial/SNRNP70_CTL_IN_1_fastqc.zip, output/fastqc/initial/SNRNP70_CTL_IN_1_fastqc
    jobid: 1
    benchmark: benchmarks/fastqc/unassigned_experiment.SNRNP70_CTL_IN_1.initial_fastqc.txt
    reason: Missing output files: output/fastqc/initial/SNRNP70_CTL_IN_1_fastqc.html
    wildcards: replicate_label=SNRNP70_CTL_IN_1
    resources: tmpdir=/tmp

zcat input/N288_L1_1.fq.gz | fastqc stdin:SNRNP70_CTL_IN_1 --extract --outdir output/fastqc/initial -t 1
[Fri Oct 24 13:28:51 2025]
Finished job 4.
1 of 142 steps (1%) done
Select jobs to execute...

[Fri Oct 24 13:28:51 2025]
rule run_initial_fastqc:
    input: input/N290_L1_1.fq.gz
    output: output/fastqc/initial/SNRNP70_OSM_IN_1_fastqc.html, output/fastqc/initial/SNRNP70_OSM_IN_1_fastqc.zip, output/fastqc/initial/SNRNP70_OSM_IN_1_fastqc
    jobid: 3
    benchmark: benchmarks/fastqc/unassigned_experiment.SNRNP70_OSM_IN_1.initial_fastqc.txt
    reason: Missing output files: output/fastqc/initial/SNRNP70_OSM_IN_1_fastqc.html
    wildcards: replicate_label=SNRNP70_OSM_IN_1
    resources: tmpdir=/tmp

zcat input/N290_L1_1.fq.gz | fastqc stdin:SNRNP70_OSM_IN_1 --extract --outdir output/fastqc/initial -t 1
[Fri Oct 24 13:30:09 2025]
Finished job 3.
2 of 142 steps (1%) done
Select jobs to execute...

[Fri Oct 24 13:30:09 2025]
rule run_initial_fastqc:
    input: input/mimic_N289_L1_1.fq.gz
    output: output/fastqc/initial/SNRNP70_CTL_IP_2_fastqc.html, output/fastqc/initial/SNRNP70_CTL_IP_2_fastqc.zip, output/fastqc/initial/SNRNP70_CTL_IP_2_fastqc
    jobid: 6
    benchmark: benchmarks/fastqc/unassigned_experiment.SNRNP70_CTL_IP_2.initial_fastqc.txt
    reason: Missing output files: output/fastqc/initial/SNRNP70_CTL_IP_2_fastqc.html
    wildcards: replicate_label=SNRNP70_CTL_IP_2
    resources: tmpdir=/tmp

zcat input/mimic_N289_L1_1.fq.gz | fastqc stdin:SNRNP70_CTL_IP_2 --extract --outdir output/fastqc/initial -t 1
[Fri Oct 24 13:30:13 2025]
Finished job 5.
3 of 142 steps (2%) done
Select jobs to execute...
[Fri Oct 24 13:31:32 2025]
Finished job 6.
4 of 142 steps (3%) done
[Fri Oct 24 13:31:51 2025]
Finished job 20.
5 of 142 steps (4%) done

[Fri Oct 24 13:31:51 2025]
rule extract_umi:
    input: output/fastqs/trimmed/SNRNP70_OSM_IN_2-trimmed.fastq.gz
    output: output/fastqs/umi/SNRNP70_OSM_IN_2.trimmed.umi.fq.gz, output/fastp/SNRNP70_OSM_IN_2.fastp.json, output/fastp/SNRNP70_OSM_IN_2.fastp.html
    jobid: 19
    benchmark: benchmarks/umi/unassigned_experiment.SNRNP70_OSM_IN_2.extract_umi.txt
    reason: Missing output files: output/fastqs/umi/SNRNP70_OSM_IN_2.trimmed.umi.fq.gz; Input files updated by another job: output/fastqs/trimmed/SNRNP70_OSM_IN_2-trimmed.fastq.gz
    wildcards: replicate_label=SNRNP70_OSM_IN_2
    threads: 8
    resources: tmpdir=/tmp

fastp -i output/fastqs/trimmed/SNRNP70_OSM_IN_2-trimmed.fastq.gz -o output/fastqs/umi/SNRNP70_OSM_IN_2.trimmed.umi.fq.gz -A -U --umi_len=10 --umi_loc=read1 -j output/fastp/SNRNP70_OSM_IN_2.fastp.json -h output/fastp/SNRNP70_OSM_IN_2.fastp.html -w 8
[Fri Oct 24 13:32:21 2025]
Finished job 19.
6 of 142 steps (4%) done
Removing temporary output output/fastqs/trimmed/SNRNP70_OSM_IN_2-trimmed.fastq.gz.
Select jobs to execute...

[Fri Oct 24 13:32:21 2025]
rule trim_fastq:
    input: input/mimic_N288_L1_1.fq.gz, input/InvRiL19.fasta
    output: output/fastqs/trimmed/SNRNP70_CTL_IN_2-trimmed.fastq.gz, output/fastqs/trimmed/SNRNP70_CTL_IN_2-trimmed.log
    jobid: 14
    benchmark: benchmarks/trim/unassigned_experiment.SNRNP70_CTL_IN_2.trim.txt
    reason: Missing output files: output/fastqs/trimmed/SNRNP70_CTL_IN_2-trimmed.fastq.gz; Updated input files: input/mimic_N288_L1_1.fq.gz, input/InvRiL19.fasta
    wildcards: replicate_label=SNRNP70_CTL_IN_2
    threads: 8
    resources: tmpdir=/tmp

zcat input/mimic_N288_L1_1.fq.gz | skewer -t 8 -x input/InvRiL19.fasta -o output/fastqs/trimmed/SNRNP70_CTL_IN_2 -z -r 0.2 -d 0.2 -q 13 -l 20 -

[Fri Oct 24 13:32:21 2025]
rule run_trimmed_fastqc:
    input: output/fastqs/umi/SNRNP70_OSM_IN_2.trimmed.umi.fq.gz
    output: output/fastqc/processed/SNRNP70_OSM_IN_2.trimmed.umi_fastqc.html, output/fastqc/processed/SNRNP70_OSM_IN_2.trimmed.umi_fastqc.zip
    jobid: 18
    benchmark: benchmarks/fastqc/unassigned_experiment.SNRNP70_OSM_IN_2.trimmed_fastqc.txt
    reason: Missing output files: output/fastqc/processed/SNRNP70_OSM_IN_2.trimmed.umi_fastqc.html; Input files updated by another job: output/fastqs/umi/SNRNP70_OSM_IN_2.trimmed.umi.fq.gz
    wildcards: replicate_label=SNRNP70_OSM_IN_2
    resources: tmpdir=/tmp

fastqc output/fastqs/umi/SNRNP70_OSM_IN_2.trimmed.umi.fq.gz --extract --outdir output/fastqc/processed -t 1
[Fri Oct 24 13:33:07 2025]
Finished job 2.
7 of 142 steps (5%) done
Select jobs to execute...
[Fri Oct 24 13:33:17 2025]
Finished job 18.
8 of 142 steps (6%) done
[Fri Oct 24 13:36:23 2025]
Finished job 1.
9 of 142 steps (6%) done
[Fri Oct 24 13:37:13 2025]
Finished job 8.
10 of 142 steps (7%) done
[Fri Oct 24 13:39:17 2025]
Finished job 23.
11 of 142 steps (8%) done

[Fri Oct 24 13:39:17 2025]
rule extract_umi:
    input: output/fastqs/trimmed/SNRNP70_CTL_IP_1-trimmed.fastq.gz
    output: output/fastqs/umi/SNRNP70_CTL_IP_1.trimmed.umi.fq.gz, output/fastp/SNRNP70_CTL_IP_1.fastp.json, output/fastp/SNRNP70_CTL_IP_1.fastp.html
    jobid: 22
    benchmark: benchmarks/umi/unassigned_experiment.SNRNP70_CTL_IP_1.extract_umi.txt
    reason: Missing output files: output/fastqs/umi/SNRNP70_CTL_IP_1.trimmed.umi.fq.gz; Input files updated by another job: output/fastqs/trimmed/SNRNP70_CTL_IP_1-trimmed.fastq.gz
    wildcards: replicate_label=SNRNP70_CTL_IP_1
    threads: 8
    resources: tmpdir=/tmp

fastp -i output/fastqs/trimmed/SNRNP70_CTL_IP_1-trimmed.fastq.gz -o output/fastqs/umi/SNRNP70_CTL_IP_1.trimmed.umi.fq.gz -A -U --umi_len=10 --umi_loc=read1 -j output/fastp/SNRNP70_CTL_IP_1.fastp.json -h output/fastp/SNRNP70_CTL_IP_1.fastp.html -w 8
[Fri Oct 24 13:40:58 2025]
Finished job 22.
12 of 142 steps (8%) done
Removing temporary output output/fastqs/trimmed/SNRNP70_CTL_IP_1-trimmed.fastq.gz.
Select jobs to execute...

[Fri Oct 24 13:40:59 2025]
rule run_trimmed_fastqc:
    input: output/fastqs/umi/SNRNP70_CTL_IP_1.trimmed.umi.fq.gz
    output: output/fastqc/processed/SNRNP70_CTL_IP_1.trimmed.umi_fastqc.html, output/fastqc/processed/SNRNP70_CTL_IP_1.trimmed.umi_fastqc.zip
    jobid: 21
    benchmark: benchmarks/fastqc/unassigned_experiment.SNRNP70_CTL_IP_1.trimmed_fastqc.txt
    reason: Missing output files: output/fastqc/processed/SNRNP70_CTL_IP_1.trimmed.umi_fastqc.html; Input files updated by another job: output/fastqs/umi/SNRNP70_CTL_IP_1.trimmed.umi.fq.gz
    wildcards: replicate_label=SNRNP70_CTL_IP_1
    resources: tmpdir=/tmp

fastqc output/fastqs/umi/SNRNP70_CTL_IP_1.trimmed.umi.fq.gz --extract --outdir output/fastqc/processed -t 1

[Fri Oct 24 13:40:59 2025]
rule trim_fastq:
    input: input/N291_L1_1.fq.gz, input/InvRiL19.fasta
    output: output/fastqs/trimmed/SNRNP70_OSM_IP_1-trimmed.fastq.gz, output/fastqs/trimmed/SNRNP70_OSM_IP_1-trimmed.log
    jobid: 29
    benchmark: benchmarks/trim/unassigned_experiment.SNRNP70_OSM_IP_1.trim.txt
    reason: Missing output files: output/fastqs/trimmed/SNRNP70_OSM_IP_1-trimmed.fastq.gz; Updated input files: input/N291_L1_1.fq.gz, input/InvRiL19.fasta
    wildcards: replicate_label=SNRNP70_OSM_IP_1
    threads: 8
    resources: tmpdir=/tmp

zcat input/N291_L1_1.fq.gz | skewer -t 8 -x input/InvRiL19.fasta -o output/fastqs/trimmed/SNRNP70_OSM_IP_1 -z -r 0.2 -d 0.2 -q 13 -l 20 -
[Fri Oct 24 13:43:01 2025]
Finished job 7.
13 of 142 steps (9%) done
Select jobs to execute...
[Fri Oct 24 13:43:34 2025]
Finished job 21.
14 of 142 steps (10%) done
[Fri Oct 24 13:59:58 2025]
Finished job 14.
15 of 142 steps (11%) done

[Fri Oct 24 13:59:58 2025]
rule extract_umi:
    input: output/fastqs/trimmed/SNRNP70_CTL_IN_2-trimmed.fastq.gz
    output: output/fastqs/umi/SNRNP70_CTL_IN_2.trimmed.umi.fq.gz, output/fastp/SNRNP70_CTL_IN_2.fastp.json, output/fastp/SNRNP70_CTL_IN_2.fastp.html
    jobid: 13
    benchmark: benchmarks/umi/unassigned_experiment.SNRNP70_CTL_IN_2.extract_umi.txt
    reason: Missing output files: output/fastqs/umi/SNRNP70_CTL_IN_2.trimmed.umi.fq.gz; Input files updated by another job: output/fastqs/trimmed/SNRNP70_CTL_IN_2-trimmed.fastq.gz
    wildcards: replicate_label=SNRNP70_CTL_IN_2
    threads: 8
    resources: tmpdir=/tmp

fastp -i output/fastqs/trimmed/SNRNP70_CTL_IN_2-trimmed.fastq.gz -o output/fastqs/umi/SNRNP70_CTL_IN_2.trimmed.umi.fq.gz -A -U --umi_len=10 --umi_loc=read1 -j output/fastp/SNRNP70_CTL_IN_2.fastp.json -h output/fastp/SNRNP70_CTL_IN_2.fastp.html -w 8
[Fri Oct 24 14:03:27 2025]
Finished job 13.
16 of 142 steps (11%) done
Removing temporary output output/fastqs/trimmed/SNRNP70_CTL_IN_2-trimmed.fastq.gz.
Select jobs to execute...

[Fri Oct 24 14:03:28 2025]
rule align_reads:
    input: output/fastqs/umi/SNRNP70_CTL_IN_2.trimmed.umi.fq.gz
    output: output/bams/raw/genome/SNRNP70_CTL_IN_2.genome.Aligned.out.bam, output/bams/raw/genome/SNRNP70_CTL_IN_2.genome.Log.final.out
    jobid: 39
    benchmark: benchmarks/align/unassigned_experiment.SNRNP70_CTL_IN_2.align_reads_genome.txt
    reason: Missing output files: output/bams/raw/genome/SNRNP70_CTL_IN_2.genome.Aligned.out.bam; Input files updated by another job: output/fastqs/umi/SNRNP70_CTL_IN_2.trimmed.umi.fq.gz
    wildcards: replicate_label=SNRNP70_CTL_IN_2
    threads: 8
    resources: tmpdir=/tmp

STAR --alignEndsType EndToEnd --genomeDir ./annotations/genome_ref --genomeLoad NoSharedMemory --outBAMcompression 10 --outFileNamePrefix output/bams/raw/genome/SNRNP70_CTL_IN_2.genome. --winAnchorMultimapNmax 100 --outFilterMultimapNmax 100 --outFilterMultimapScoreRange 1 --outSAMmultNmax 1 --outMultimapperOrder Random --outFilterScoreMin 10 --outFilterType BySJout --limitOutSJcollapsed 5000000 --outReadsUnmapped None --outSAMattrRGline ID:SNRNP70_CTL_IN_2 --outSAMattributes All --outSAMmode Full --outSAMtype BAM Unsorted --outSAMunmapped Within --readFilesCommand zcat --outStd Log --readFilesIn output/fastqs/umi/SNRNP70_CTL_IN_2.trimmed.umi.fq.gz --runMode alignReads --runThreadN 8

[Fri Oct 24 14:03:28 2025]
rule run_trimmed_fastqc:
    input: output/fastqs/umi/SNRNP70_CTL_IN_2.trimmed.umi.fq.gz
    output: output/fastqc/processed/SNRNP70_CTL_IN_2.trimmed.umi_fastqc.html, output/fastqc/processed/SNRNP70_CTL_IN_2.trimmed.umi_fastqc.zip
    jobid: 12
    benchmark: benchmarks/fastqc/unassigned_experiment.SNRNP70_CTL_IN_2.trimmed_fastqc.txt
    reason: Missing output files: output/fastqc/processed/SNRNP70_CTL_IN_2.trimmed.umi_fastqc.html; Input files updated by another job: output/fastqs/umi/SNRNP70_CTL_IN_2.trimmed.umi.fq.gz
    wildcards: replicate_label=SNRNP70_CTL_IN_2
    resources: tmpdir=/tmp

fastqc output/fastqs/umi/SNRNP70_CTL_IN_2.trimmed.umi.fq.gz --extract --outdir output/fastqc/processed -t 1
[Fri Oct 24 14:09:55 2025]
Finished job 12.
17 of 142 steps (12%) done
Select jobs to execute...
[Fri Oct 24 14:10:42 2025]
Finished job 39.
18 of 142 steps (13%) done

[Fri Oct 24 14:10:42 2025]
rule trim_fastq:
    input: input/N288_L1_1.fq.gz, input/InvRiL19.fasta
    output: output/fastqs/trimmed/SNRNP70_CTL_IN_1-trimmed.fastq.gz, output/fastqs/trimmed/SNRNP70_CTL_IN_1-trimmed.log
    jobid: 11
    benchmark: benchmarks/trim/unassigned_experiment.SNRNP70_CTL_IN_1.trim.txt
    reason: Missing output files: output/fastqs/trimmed/SNRNP70_CTL_IN_1-trimmed.fastq.gz; Updated input files: input/N288_L1_1.fq.gz, input/InvRiL19.fasta
    wildcards: replicate_label=SNRNP70_CTL_IN_1
    threads: 8
    resources: tmpdir=/tmp

zcat input/N288_L1_1.fq.gz | skewer -t 8 -x input/InvRiL19.fasta -o output/fastqs/trimmed/SNRNP70_CTL_IN_1 -z -r 0.2 -d 0.2 -q 13 -l 20 -

[Fri Oct 24 14:10:42 2025]
rule sort_bam:
    input: output/bams/raw/genome/SNRNP70_CTL_IN_2.genome.Aligned.out.bam
    output: output/bams/raw/genome/SNRNP70_CTL_IN_2.genome.Aligned.sort.bam
    jobid: 38
    benchmark: benchmarks/sort/genome/unassigned_experiment.SNRNP70_CTL_IN_2.sort_bam.txt
    reason: Missing output files: output/bams/raw/genome/SNRNP70_CTL_IN_2.genome.Aligned.sort.bam; Input files updated by another job: output/bams/raw/genome/SNRNP70_CTL_IN_2.genome.Aligned.out.bam
    wildcards: ref=genome, replicate_label=SNRNP70_CTL_IN_2
    threads: 2
    resources: tmpdir=/tmp

samtools sort -T SNRNP70_CTL_IN_2 -@ 2 -o output/bams/raw/genome/SNRNP70_CTL_IN_2.genome.Aligned.sort.bam output/bams/raw/genome/SNRNP70_CTL_IN_2.genome.Aligned.out.bam;
[Fri Oct 24 14:14:33 2025]
Finished job 38.
19 of 142 steps (13%) done
Removing temporary output output/bams/raw/genome/SNRNP70_CTL_IN_2.genome.Aligned.out.bam.
Select jobs to execute...

[Fri Oct 24 14:14:34 2025]
rule index_bams:
    input: output/bams/raw/genome/SNRNP70_CTL_IN_2.genome.Aligned.sort.bam
    output: output/bams/raw/genome/SNRNP70_CTL_IN_2.genome.Aligned.sort.bam.bai
    jobid: 40
    benchmark: benchmarks/index_bam/raw/genome/sort/unassigned_experiment.SNRNP70_CTL_IN_2.genome.index_bam.txt
    reason: Missing output files: output/bams/raw/genome/SNRNP70_CTL_IN_2.genome.Aligned.sort.bam.bai; Input files updated by another job: output/bams/raw/genome/SNRNP70_CTL_IN_2.genome.Aligned.sort.bam
    wildcards: round=raw, ref=genome, replicate_label=SNRNP70_CTL_IN_2.genome, mid=sort
    threads: 2
    resources: tmpdir=/tmp

samtools index -@ 2 output/bams/raw/genome/SNRNP70_CTL_IN_2.genome.Aligned.sort.bam;
[Fri Oct 24 14:14:47 2025]
Finished job 40.
20 of 142 steps (14%) done
Select jobs to execute...

[Fri Oct 24 14:14:47 2025]
rule dedup_umi:
    input: output/bams/raw/genome/SNRNP70_CTL_IN_2.genome.Aligned.sort.bam, output/bams/raw/genome/SNRNP70_CTL_IN_2.genome.Aligned.sort.bam.bai
    output: output/bams/dedup/genome/SNRNP70_CTL_IN_2.genome.Aligned.sort.dedup.bam
    jobid: 37
    benchmark: benchmarks/dedup/genome/unassigned_experiment.SNRNP70_CTL_IN_2.dedup_umi.txt
    reason: Missing output files: output/bams/dedup/genome/SNRNP70_CTL_IN_2.genome.Aligned.sort.dedup.bam; Input files updated by another job: output/bams/raw/genome/SNRNP70_CTL_IN_2.genome.Aligned.sort.bam, output/bams/raw/genome/SNRNP70_CTL_IN_2.genome.Aligned.sort.bam.bai
    wildcards: replicate_label=SNRNP70_CTL_IN_2
    resources: tmpdir=/tmp

java -server -Xms8G -Xmx8G -Xss20M -jar installation/UMICollapse-1.0.0/umicollapse.jar bam -i output/bams/raw/genome/SNRNP70_CTL_IN_2.genome.Aligned.sort.bam -o output/bams/dedup/genome/SNRNP70_CTL_IN_2.genome.Aligned.sort.dedup.bam --umi-sep : --two-pass
[Fri Oct 24 14:17:59 2025]
Finished job 32.
21 of 142 steps (15%) done
Select jobs to execute...

[Fri Oct 24 14:17:59 2025]
rule extract_umi:
    input: output/fastqs/trimmed/SNRNP70_OSM_IP_2-trimmed.fastq.gz
    output: output/fastqs/umi/SNRNP70_OSM_IP_2.trimmed.umi.fq.gz, output/fastp/SNRNP70_OSM_IP_2.fastp.json, output/fastp/SNRNP70_OSM_IP_2.fastp.html
    jobid: 31
    benchmark: benchmarks/umi/unassigned_experiment.SNRNP70_OSM_IP_2.extract_umi.txt
    reason: Missing output files: output/fastqs/umi/SNRNP70_OSM_IP_2.trimmed.umi.fq.gz; Input files updated by another job: output/fastqs/trimmed/SNRNP70_OSM_IP_2-trimmed.fastq.gz
    wildcards: replicate_label=SNRNP70_OSM_IP_2
    threads: 8
    resources: tmpdir=/tmp

fastp -i output/fastqs/trimmed/SNRNP70_OSM_IP_2-trimmed.fastq.gz -o output/fastqs/umi/SNRNP70_OSM_IP_2.trimmed.umi.fq.gz -A -U --umi_len=10 --umi_loc=read1 -j output/fastp/SNRNP70_OSM_IP_2.fastp.json -h output/fastp/SNRNP70_OSM_IP_2.fastp.html -w 8
[Fri Oct 24 14:21:00 2025]
Finished job 37.
22 of 142 steps (15%) done
Select jobs to execute...

[Fri Oct 24 14:21:00 2025]
rule make_unscaled_bigwig:
    input: ./annotations/genome_ref/chrNameLength.txt, output/bams/dedup/genome/SNRNP70_CTL_IN_2.genome.Aligned.sort.dedup.bam
    output: output/bedgraphs/unscaled/plus/SNRNP70_CTL_IN_2.unscaled.plus.bg, output/bedgraphs/unscaled/minus/SNRNP70_CTL_IN_2.unscaled.minus.bg, output/bigwigs/unscaled/plus/SNRNP70_CTL_IN_2.unscaled.plus.bw, output/bigwigs/unscaled/minus/SNRNP70_CTL_IN_2.unscaled.minus.bw
    jobid: 74
    benchmark: benchmarks/bigwigs/unassigned_experiment.SNRNP70_CTL_IN_2.make_bigwig.txt
    reason: Missing output files: output/bigwigs/unscaled/plus/SNRNP70_CTL_IN_2.unscaled.plus.bw; Input files updated by another job: output/bams/dedup/genome/SNRNP70_CTL_IN_2.genome.Aligned.sort.dedup.bam
    wildcards: replicate_label=SNRNP70_CTL_IN_2
    resources: tmpdir=/tmp

bedtools genomecov -5 -strand + -bg -ibam output/bams/dedup/genome/SNRNP70_CTL_IN_2.genome.Aligned.sort.dedup.bam | sort -k1,1 -k2,2n | grep -v EBV > output/bedgraphs/unscaled/plus/SNRNP70_CTL_IN_2.unscaled.plus.bg;bedtools genomecov -5 -strand - -bg -ibam output/bams/dedup/genome/SNRNP70_CTL_IN_2.genome.Aligned.sort.dedup.bam | sort -k1,1 -k2,2n | grep -v EBV > output/bedgraphs/unscaled/minus/SNRNP70_CTL_IN_2.unscaled.minus.bg;bedGraphToBigWig output/bedgraphs/unscaled/plus/SNRNP70_CTL_IN_2.unscaled.plus.bg ./annotations/genome_ref/chrNameLength.txt output/bigwigs/unscaled/plus/SNRNP70_CTL_IN_2.unscaled.plus.bw;bedGraphToBigWig output/bedgraphs/unscaled/minus/SNRNP70_CTL_IN_2.unscaled.minus.bg ./annotations/genome_ref/chrNameLength.txt output/bigwigs/unscaled/minus/SNRNP70_CTL_IN_2.unscaled.minus.bw;

[Fri Oct 24 14:21:00 2025]
rule partition_bam_reads:
    input: ./annotations/genome_ref/chrNameLength.txt, output/bams/dedup/genome/SNRNP70_CTL_IN_2.genome.Aligned.sort.dedup.bam, ./annotations/gencode.v38.annotation.k562_totalrna.gt1.tiled_partition.bed.gz
    output: output/counts/genome/vectors/SNRNP70_CTL_IN_2.counts
    jobid: 104
    benchmark: benchmarks/counts/unassigned_experiment.SNRNP70_CTL_IN_2.partition_bam_reads.txt
    reason: Missing output files: output/counts/genome/vectors/SNRNP70_CTL_IN_2.counts; Input files updated by another job: output/bams/dedup/genome/SNRNP70_CTL_IN_2.genome.Aligned.sort.dedup.bam
    wildcards: replicate_label=SNRNP70_CTL_IN_2
    resources: tmpdir=/tmp

bedtools bamtobed -i output/bams/dedup/genome/SNRNP70_CTL_IN_2.genome.Aligned.sort.dedup.bam | awk '($1 != "chrEBV") && ($4 !~ "/2$")' | bedtools flank -s -l 1 -r 0 -g ./annotations/genome_ref/chrNameLength.txt -i - | bedtools shift -p 1 -m -1 -g ./annotations/genome_ref/chrNameLength.txt -i - | bedtools sort -i - | bedtools coverage -counts -s -a ./annotations/gencode.v38.annotation.k562_totalrna.gt1.tiled_partition.bed.gz -b - | cut -f 7 | awk 'BEGIN {print "SNRNP70_CTL_IN_2"} {print}' > output/counts/genome/vectors/SNRNP70_CTL_IN_2.counts;

[Fri Oct 24 14:21:00 2025]
rule index_bams:
    input: output/bams/dedup/genome/SNRNP70_CTL_IN_2.genome.Aligned.sort.dedup.bam
    output: output/bams/dedup/genome/SNRNP70_CTL_IN_2.genome.Aligned.sort.dedup.bam.bai
    jobid: 66
    benchmark: benchmarks/index_bam/dedup/genome/sort.dedup/unassigned_experiment.SNRNP70_CTL_IN_2.genome.index_bam.txt
    reason: Missing output files: output/bams/dedup/genome/SNRNP70_CTL_IN_2.genome.Aligned.sort.dedup.bam.bai; Input files updated by another job: output/bams/dedup/genome/SNRNP70_CTL_IN_2.genome.Aligned.sort.dedup.bam
    wildcards: round=dedup, ref=genome, replicate_label=SNRNP70_CTL_IN_2.genome, mid=sort.dedup
    threads: 2
    resources: tmpdir=/tmp

samtools index -@ 2 output/bams/dedup/genome/SNRNP70_CTL_IN_2.genome.Aligned.sort.dedup.bam;

[Fri Oct 24 14:21:00 2025]
rule make_scaled_bigwig:
    input: ./annotations/genome_ref/chrNameLength.txt, output/bams/dedup/genome/SNRNP70_CTL_IN_2.genome.Aligned.sort.dedup.bam
    output: output/bedgraphs/scaled/plus/SNRNP70_CTL_IN_2.scaled.plus.bg, output/bedgraphs/scaled/minus/SNRNP70_CTL_IN_2.scaled.minus.bg, output/bigwigs/scaled/plus/SNRNP70_CTL_IN_2.scaled.plus.bw, output/bigwigs/scaled/minus/SNRNP70_CTL_IN_2.scaled.minus.bw
    jobid: 82
    benchmark: benchmarks/bigwigs/unassigned_experiment.SNRNP70_CTL_IN_2.make_bigwig.txt
    reason: Missing output files: output/bigwigs/scaled/plus/SNRNP70_CTL_IN_2.scaled.plus.bw; Input files updated by another job: output/bams/dedup/genome/SNRNP70_CTL_IN_2.genome.Aligned.sort.dedup.bam
    wildcards: replicate_label=SNRNP70_CTL_IN_2
    resources: tmpdir=/tmp

factor=$(samtools idxstats output/bams/dedup/genome/SNRNP70_CTL_IN_2.genome.Aligned.sort.dedup.bam | cut -f 3 | paste -sd+ | bc | xargs -I {} echo 'scale=6; 10^6 / {}' | bc);bedtools genomecov -scale $factor -5 -strand + -bg -ibam output/bams/dedup/genome/SNRNP70_CTL_IN_2.genome.Aligned.sort.dedup.bam | sort -k1,1 -k2,2n | grep -v EBV > output/bedgraphs/scaled/plus/SNRNP70_CTL_IN_2.scaled.plus.bg;bedtools genomecov -scale $factor -5 -strand - -bg -ibam output/bams/dedup/genome/SNRNP70_CTL_IN_2.genome.Aligned.sort.dedup.bam | sort -k1,1 -k2,2n | grep -v EBV > output/bedgraphs/scaled/minus/SNRNP70_CTL_IN_2.scaled.minus.bg;bedGraphToBigWig output/bedgraphs/scaled/plus/SNRNP70_CTL_IN_2.scaled.plus.bg ./annotations/genome_ref/chrNameLength.txt output/bigwigs/scaled/plus/SNRNP70_CTL_IN_2.scaled.plus.bw;bedGraphToBigWig output/bedgraphs/scaled/minus/SNRNP70_CTL_IN_2.scaled.minus.bg ./annotations/genome_ref/chrNameLength.txt output/bigwigs/scaled/minus/SNRNP70_CTL_IN_2.scaled.minus.bw;

[Fri Oct 24 14:21:00 2025]
rule quantify_repeats:
    input: ./annotations/genome_ref/chrNameLength.txt, output/bams/dedup/genome/SNRNP70_CTL_IN_2.genome.Aligned.sort.dedup.bam, ./annotations/repeatmasker.grch38.sort.unique.bed.gz
    output: output/counts/repeats/vectors/SNRNP70_CTL_IN_2.counts
    jobid: 91
    benchmark: benchmarks/repeats/unassigned_experiment.SNRNP70_CTL_IN_2.quantify_repeats.txt
    reason: Missing output files: output/counts/repeats/vectors/SNRNP70_CTL_IN_2.counts; Input files updated by another job: output/bams/dedup/genome/SNRNP70_CTL_IN_2.genome.Aligned.sort.dedup.bam
    wildcards: replicate_label=SNRNP70_CTL_IN_2
    resources: tmpdir=/tmp

bedtools bamtobed -i output/bams/dedup/genome/SNRNP70_CTL_IN_2.genome.Aligned.sort.dedup.bam | awk '($1 != "chrEBV") && ($4 !~ "/2$")' | bedtools flank -s -l 1 -r 0 -g ./annotations/genome_ref/chrNameLength.txt -i - | bedtools shift -p 1 -m -1 -g ./annotations/genome_ref/chrNameLength.txt -i - | bedtools sort -i - | bedtools coverage -s -counts -a ./annotations/repeatmasker.grch38.sort.unique.bed.gz -b - | awk 'BEGIN {print "SNRNP70_CTL_IN_2"} {print $NF}' > output/counts/repeats/vectors/SNRNP70_CTL_IN_2.counts
[Fri Oct 24 14:21:02 2025]
Finished job 66.
23 of 142 steps (16%) done
Select jobs to execute...
[Fri Oct 24 14:21:58 2025]
Finished job 104.
24 of 142 steps (17%) done
[Fri Oct 24 14:22:10 2025]
Finished job 74.
25 of 142 steps (18%) done
Removing temporary output output/bedgraphs/unscaled/plus/SNRNP70_CTL_IN_2.unscaled.plus.bg.
Removing temporary output output/bedgraphs/unscaled/minus/SNRNP70_CTL_IN_2.unscaled.minus.bg.
[Fri Oct 24 14:22:13 2025]
Finished job 82.
26 of 142 steps (18%) done
Removing temporary output output/bedgraphs/scaled/plus/SNRNP70_CTL_IN_2.scaled.plus.bg.
Removing temporary output output/bedgraphs/scaled/minus/SNRNP70_CTL_IN_2.scaled.minus.bg.
[Fri Oct 24 14:22:16 2025]
Finished job 91.
27 of 142 steps (19%) done
[Fri Oct 24 14:25:13 2025]
Finished job 31.
28 of 142 steps (20%) done
Removing temporary output output/fastqs/trimmed/SNRNP70_OSM_IP_2-trimmed.fastq.gz.

[Fri Oct 24 14:25:15 2025]
rule align_reads:
    input: output/fastqs/umi/SNRNP70_CTL_IP_1.trimmed.umi.fq.gz
    output: output/bams/raw/genome/SNRNP70_CTL_IP_1.genome.Aligned.out.bam, output/bams/raw/genome/SNRNP70_CTL_IP_1.genome.Log.final.out
    jobid: 51
    benchmark: benchmarks/align/unassigned_experiment.SNRNP70_CTL_IP_1.align_reads_genome.txt
    reason: Missing output files: output/bams/raw/genome/SNRNP70_CTL_IP_1.genome.Aligned.out.bam; Input files updated by another job: output/fastqs/umi/SNRNP70_CTL_IP_1.trimmed.umi.fq.gz
    wildcards: replicate_label=SNRNP70_CTL_IP_1
    threads: 8
    resources: tmpdir=/tmp

STAR --alignEndsType EndToEnd --genomeDir ./annotations/genome_ref --genomeLoad NoSharedMemory --outBAMcompression 10 --outFileNamePrefix output/bams/raw/genome/SNRNP70_CTL_IP_1.genome. --winAnchorMultimapNmax 100 --outFilterMultimapNmax 100 --outFilterMultimapScoreRange 1 --outSAMmultNmax 1 --outMultimapperOrder Random --outFilterScoreMin 10 --outFilterType BySJout --limitOutSJcollapsed 5000000 --outReadsUnmapped None --outSAMattrRGline ID:SNRNP70_CTL_IP_1 --outSAMattributes All --outSAMmode Full --outSAMtype BAM Unsorted --outSAMunmapped Within --readFilesCommand zcat --outStd Log --readFilesIn output/fastqs/umi/SNRNP70_CTL_IP_1.trimmed.umi.fq.gz --runMode alignReads --runThreadN 8

[Fri Oct 24 14:25:15 2025]
rule run_trimmed_fastqc:
    input: output/fastqs/umi/SNRNP70_OSM_IP_2.trimmed.umi.fq.gz
    output: output/fastqc/processed/SNRNP70_OSM_IP_2.trimmed.umi_fastqc.html, output/fastqc/processed/SNRNP70_OSM_IP_2.trimmed.umi_fastqc.zip
    jobid: 30
    benchmark: benchmarks/fastqc/unassigned_experiment.SNRNP70_OSM_IP_2.trimmed_fastqc.txt
    reason: Missing output files: output/fastqc/processed/SNRNP70_OSM_IP_2.trimmed.umi_fastqc.html; Input files updated by another job: output/fastqs/umi/SNRNP70_OSM_IP_2.trimmed.umi.fq.gz
    wildcards: replicate_label=SNRNP70_OSM_IP_2
    resources: tmpdir=/tmp

fastqc output/fastqs/umi/SNRNP70_OSM_IP_2.trimmed.umi.fq.gz --extract --outdir output/fastqc/processed -t 1
[Fri Oct 24 14:28:13 2025]
Finished job 51.
29 of 142 steps (20%) done
Select jobs to execute...

[Fri Oct 24 14:28:13 2025]
rule trim_fastq:
    input: input/mimic_N289_L1_1.fq.gz, input/InvRiL19.fasta
    output: output/fastqs/trimmed/SNRNP70_CTL_IP_2-trimmed.fastq.gz, output/fastqs/trimmed/SNRNP70_CTL_IP_2-trimmed.log
    jobid: 26
    benchmark: benchmarks/trim/unassigned_experiment.SNRNP70_CTL_IP_2.trim.txt
    reason: Missing output files: output/fastqs/trimmed/SNRNP70_CTL_IP_2-trimmed.fastq.gz; Updated input files: input/mimic_N289_L1_1.fq.gz, input/InvRiL19.fasta
    wildcards: replicate_label=SNRNP70_CTL_IP_2
    threads: 8
    resources: tmpdir=/tmp

zcat input/mimic_N289_L1_1.fq.gz | skewer -t 8 -x input/InvRiL19.fasta -o output/fastqs/trimmed/SNRNP70_CTL_IP_2 -z -r 0.2 -d 0.2 -q 13 -l 20 -

[Fri Oct 24 14:28:13 2025]
rule sort_bam:
    input: output/bams/raw/genome/SNRNP70_CTL_IP_1.genome.Aligned.out.bam
    output: output/bams/raw/genome/SNRNP70_CTL_IP_1.genome.Aligned.sort.bam
    jobid: 50
    benchmark: benchmarks/sort/genome/unassigned_experiment.SNRNP70_CTL_IP_1.sort_bam.txt
    reason: Missing output files: output/bams/raw/genome/SNRNP70_CTL_IP_1.genome.Aligned.sort.bam; Input files updated by another job: output/bams/raw/genome/SNRNP70_CTL_IP_1.genome.Aligned.out.bam
    wildcards: ref=genome, replicate_label=SNRNP70_CTL_IP_1
    threads: 2
    resources: tmpdir=/tmp

samtools sort -T SNRNP70_CTL_IP_1 -@ 2 -o output/bams/raw/genome/SNRNP70_CTL_IP_1.genome.Aligned.sort.bam output/bams/raw/genome/SNRNP70_CTL_IP_1.genome.Aligned.out.bam;
[Fri Oct 24 14:30:21 2025]
Finished job 50.
30 of 142 steps (21%) done
Removing temporary output output/bams/raw/genome/SNRNP70_CTL_IP_1.genome.Aligned.out.bam.
Select jobs to execute...

[Fri Oct 24 14:30:22 2025]
rule index_bams:
    input: output/bams/raw/genome/SNRNP70_CTL_IP_1.genome.Aligned.sort.bam
    output: output/bams/raw/genome/SNRNP70_CTL_IP_1.genome.Aligned.sort.bam.bai
    jobid: 52
    benchmark: benchmarks/index_bam/raw/genome/sort/unassigned_experiment.SNRNP70_CTL_IP_1.genome.index_bam.txt
    reason: Missing output files: output/bams/raw/genome/SNRNP70_CTL_IP_1.genome.Aligned.sort.bam.bai; Input files updated by another job: output/bams/raw/genome/SNRNP70_CTL_IP_1.genome.Aligned.sort.bam
    wildcards: round=raw, ref=genome, replicate_label=SNRNP70_CTL_IP_1.genome, mid=sort
    threads: 2
    resources: tmpdir=/tmp

samtools index -@ 2 output/bams/raw/genome/SNRNP70_CTL_IP_1.genome.Aligned.sort.bam;
[Fri Oct 24 14:30:28 2025]
Finished job 52.
31 of 142 steps (22%) done
Select jobs to execute...

[Fri Oct 24 14:30:28 2025]
rule dedup_umi:
    input: output/bams/raw/genome/SNRNP70_CTL_IP_1.genome.Aligned.sort.bam, output/bams/raw/genome/SNRNP70_CTL_IP_1.genome.Aligned.sort.bam.bai
    output: output/bams/dedup/genome/SNRNP70_CTL_IP_1.genome.Aligned.sort.dedup.bam
    jobid: 49
    benchmark: benchmarks/dedup/genome/unassigned_experiment.SNRNP70_CTL_IP_1.dedup_umi.txt
    reason: Missing output files: output/bams/dedup/genome/SNRNP70_CTL_IP_1.genome.Aligned.sort.dedup.bam; Input files updated by another job: output/bams/raw/genome/SNRNP70_CTL_IP_1.genome.Aligned.sort.bam.bai, output/bams/raw/genome/SNRNP70_CTL_IP_1.genome.Aligned.sort.bam
    wildcards: replicate_label=SNRNP70_CTL_IP_1
    resources: tmpdir=/tmp

java -server -Xms8G -Xmx8G -Xss20M -jar installation/UMICollapse-1.0.0/umicollapse.jar bam -i output/bams/raw/genome/SNRNP70_CTL_IP_1.genome.Aligned.sort.bam -o output/bams/dedup/genome/SNRNP70_CTL_IP_1.genome.Aligned.sort.dedup.bam --umi-sep : --two-pass
[Fri Oct 24 14:33:40 2025]
Finished job 49.
32 of 142 steps (23%) done
Select jobs to execute...

[Fri Oct 24 14:33:40 2025]
rule index_bams:
    input: output/bams/dedup/genome/SNRNP70_CTL_IP_1.genome.Aligned.sort.dedup.bam
    output: output/bams/dedup/genome/SNRNP70_CTL_IP_1.genome.Aligned.sort.dedup.bam.bai
    jobid: 69
    benchmark: benchmarks/index_bam/dedup/genome/sort.dedup/unassigned_experiment.SNRNP70_CTL_IP_1.genome.index_bam.txt
    reason: Missing output files: output/bams/dedup/genome/SNRNP70_CTL_IP_1.genome.Aligned.sort.dedup.bam.bai; Input files updated by another job: output/bams/dedup/genome/SNRNP70_CTL_IP_1.genome.Aligned.sort.dedup.bam
    wildcards: round=dedup, ref=genome, replicate_label=SNRNP70_CTL_IP_1.genome, mid=sort.dedup
    threads: 2
    resources: tmpdir=/tmp

samtools index -@ 2 output/bams/dedup/genome/SNRNP70_CTL_IP_1.genome.Aligned.sort.dedup.bam;

[Fri Oct 24 14:33:40 2025]
rule make_scaled_bigwig:
    input: ./annotations/genome_ref/chrNameLength.txt, output/bams/dedup/genome/SNRNP70_CTL_IP_1.genome.Aligned.sort.dedup.bam
    output: output/bedgraphs/scaled/plus/SNRNP70_CTL_IP_1.scaled.plus.bg, output/bedgraphs/scaled/minus/SNRNP70_CTL_IP_1.scaled.minus.bg, output/bigwigs/scaled/plus/SNRNP70_CTL_IP_1.scaled.plus.bw, output/bigwigs/scaled/minus/SNRNP70_CTL_IP_1.scaled.minus.bw
    jobid: 85
    benchmark: benchmarks/bigwigs/unassigned_experiment.SNRNP70_CTL_IP_1.make_bigwig.txt
    reason: Missing output files: output/bigwigs/scaled/plus/SNRNP70_CTL_IP_1.scaled.plus.bw; Input files updated by another job: output/bams/dedup/genome/SNRNP70_CTL_IP_1.genome.Aligned.sort.dedup.bam
    wildcards: replicate_label=SNRNP70_CTL_IP_1
    resources: tmpdir=/tmp

factor=$(samtools idxstats output/bams/dedup/genome/SNRNP70_CTL_IP_1.genome.Aligned.sort.dedup.bam | cut -f 3 | paste -sd+ | bc | xargs -I {} echo 'scale=6; 10^6 / {}' | bc);bedtools genomecov -scale $factor -5 -strand + -bg -ibam output/bams/dedup/genome/SNRNP70_CTL_IP_1.genome.Aligned.sort.dedup.bam | sort -k1,1 -k2,2n | grep -v EBV > output/bedgraphs/scaled/plus/SNRNP70_CTL_IP_1.scaled.plus.bg;bedtools genomecov -scale $factor -5 -strand - -bg -ibam output/bams/dedup/genome/SNRNP70_CTL_IP_1.genome.Aligned.sort.dedup.bam | sort -k1,1 -k2,2n | grep -v EBV > output/bedgraphs/scaled/minus/SNRNP70_CTL_IP_1.scaled.minus.bg;bedGraphToBigWig output/bedgraphs/scaled/plus/SNRNP70_CTL_IP_1.scaled.plus.bg ./annotations/genome_ref/chrNameLength.txt output/bigwigs/scaled/plus/SNRNP70_CTL_IP_1.scaled.plus.bw;bedGraphToBigWig output/bedgraphs/scaled/minus/SNRNP70_CTL_IP_1.scaled.minus.bg ./annotations/genome_ref/chrNameLength.txt output/bigwigs/scaled/minus/SNRNP70_CTL_IP_1.scaled.minus.bw;

[Fri Oct 24 14:33:40 2025]
rule partition_bam_reads:
    input: ./annotations/genome_ref/chrNameLength.txt, output/bams/dedup/genome/SNRNP70_CTL_IP_1.genome.Aligned.sort.dedup.bam, ./annotations/gencode.v38.annotation.k562_totalrna.gt1.tiled_partition.bed.gz
    output: output/counts/genome/vectors/SNRNP70_CTL_IP_1.counts
    jobid: 105
    benchmark: benchmarks/counts/unassigned_experiment.SNRNP70_CTL_IP_1.partition_bam_reads.txt
    reason: Missing output files: output/counts/genome/vectors/SNRNP70_CTL_IP_1.counts; Input files updated by another job: output/bams/dedup/genome/SNRNP70_CTL_IP_1.genome.Aligned.sort.dedup.bam
    wildcards: replicate_label=SNRNP70_CTL_IP_1
    resources: tmpdir=/tmp

bedtools bamtobed -i output/bams/dedup/genome/SNRNP70_CTL_IP_1.genome.Aligned.sort.dedup.bam | awk '($1 != "chrEBV") && ($4 !~ "/2$")' | bedtools flank -s -l 1 -r 0 -g ./annotations/genome_ref/chrNameLength.txt -i - | bedtools shift -p 1 -m -1 -g ./annotations/genome_ref/chrNameLength.txt -i - | bedtools sort -i - | bedtools coverage -counts -s -a ./annotations/gencode.v38.annotation.k562_totalrna.gt1.tiled_partition.bed.gz -b - | cut -f 7 | awk 'BEGIN {print "SNRNP70_CTL_IP_1"} {print}' > output/counts/genome/vectors/SNRNP70_CTL_IP_1.counts;

[Fri Oct 24 14:33:40 2025]
rule quantify_repeats:
    input: ./annotations/genome_ref/chrNameLength.txt, output/bams/dedup/genome/SNRNP70_CTL_IP_1.genome.Aligned.sort.dedup.bam, ./annotations/repeatmasker.grch38.sort.unique.bed.gz
    output: output/counts/repeats/vectors/SNRNP70_CTL_IP_1.counts
    jobid: 94
    benchmark: benchmarks/repeats/unassigned_experiment.SNRNP70_CTL_IP_1.quantify_repeats.txt
    reason: Missing output files: output/counts/repeats/vectors/SNRNP70_CTL_IP_1.counts; Input files updated by another job: output/bams/dedup/genome/SNRNP70_CTL_IP_1.genome.Aligned.sort.dedup.bam
    wildcards: replicate_label=SNRNP70_CTL_IP_1
    resources: tmpdir=/tmp

bedtools bamtobed -i output/bams/dedup/genome/SNRNP70_CTL_IP_1.genome.Aligned.sort.dedup.bam | awk '($1 != "chrEBV") && ($4 !~ "/2$")' | bedtools flank -s -l 1 -r 0 -g ./annotations/genome_ref/chrNameLength.txt -i - | bedtools shift -p 1 -m -1 -g ./annotations/genome_ref/chrNameLength.txt -i - | bedtools sort -i - | bedtools coverage -s -counts -a ./annotations/repeatmasker.grch38.sort.unique.bed.gz -b - | awk 'BEGIN {print "SNRNP70_CTL_IP_1"} {print $NF}' > output/counts/repeats/vectors/SNRNP70_CTL_IP_1.counts
[Fri Oct 24 14:33:40 2025]
Finished job 69.
33 of 142 steps (23%) done
Select jobs to execute...

[Fri Oct 24 14:33:40 2025]
rule make_unscaled_bigwig:
    input: ./annotations/genome_ref/chrNameLength.txt, output/bams/dedup/genome/SNRNP70_CTL_IP_1.genome.Aligned.sort.dedup.bam
    output: output/bedgraphs/unscaled/plus/SNRNP70_CTL_IP_1.unscaled.plus.bg, output/bedgraphs/unscaled/minus/SNRNP70_CTL_IP_1.unscaled.minus.bg, output/bigwigs/unscaled/plus/SNRNP70_CTL_IP_1.unscaled.plus.bw, output/bigwigs/unscaled/minus/SNRNP70_CTL_IP_1.unscaled.minus.bw
    jobid: 77
    benchmark: benchmarks/bigwigs/unassigned_experiment.SNRNP70_CTL_IP_1.make_bigwig.txt
    reason: Missing output files: output/bigwigs/unscaled/plus/SNRNP70_CTL_IP_1.unscaled.plus.bw; Input files updated by another job: output/bams/dedup/genome/SNRNP70_CTL_IP_1.genome.Aligned.sort.dedup.bam
    wildcards: replicate_label=SNRNP70_CTL_IP_1
    resources: tmpdir=/tmp

bedtools genomecov -5 -strand + -bg -ibam output/bams/dedup/genome/SNRNP70_CTL_IP_1.genome.Aligned.sort.dedup.bam | sort -k1,1 -k2,2n | grep -v EBV > output/bedgraphs/unscaled/plus/SNRNP70_CTL_IP_1.unscaled.plus.bg;bedtools genomecov -5 -strand - -bg -ibam output/bams/dedup/genome/SNRNP70_CTL_IP_1.genome.Aligned.sort.dedup.bam | sort -k1,1 -k2,2n | grep -v EBV > output/bedgraphs/unscaled/minus/SNRNP70_CTL_IP_1.unscaled.minus.bg;bedGraphToBigWig output/bedgraphs/unscaled/plus/SNRNP70_CTL_IP_1.unscaled.plus.bg ./annotations/genome_ref/chrNameLength.txt output/bigwigs/unscaled/plus/SNRNP70_CTL_IP_1.unscaled.plus.bw;bedGraphToBigWig output/bedgraphs/unscaled/minus/SNRNP70_CTL_IP_1.unscaled.minus.bg ./annotations/genome_ref/chrNameLength.txt output/bigwigs/unscaled/minus/SNRNP70_CTL_IP_1.unscaled.minus.bw;
[Fri Oct 24 14:34:03 2025]
Finished job 105.
34 of 142 steps (24%) done
Select jobs to execute...
[Fri Oct 24 14:34:11 2025]
Finished job 94.
35 of 142 steps (25%) done
[Fri Oct 24 14:34:25 2025]
Finished job 77.
36 of 142 steps (25%) done
Removing temporary output output/bedgraphs/unscaled/plus/SNRNP70_CTL_IP_1.unscaled.plus.bg.
Removing temporary output output/bedgraphs/unscaled/minus/SNRNP70_CTL_IP_1.unscaled.minus.bg.
[Fri Oct 24 14:34:26 2025]
Finished job 85.
37 of 142 steps (26%) done
Removing temporary output output/bedgraphs/scaled/plus/SNRNP70_CTL_IP_1.scaled.plus.bg.
Removing temporary output output/bedgraphs/scaled/minus/SNRNP70_CTL_IP_1.scaled.minus.bg.
[Fri Oct 24 14:35:04 2025]
Finished job 26.
38 of 142 steps (27%) done

[Fri Oct 24 14:35:04 2025]
rule extract_umi:
    input: output/fastqs/trimmed/SNRNP70_CTL_IP_2-trimmed.fastq.gz
    output: output/fastqs/umi/SNRNP70_CTL_IP_2.trimmed.umi.fq.gz, output/fastp/SNRNP70_CTL_IP_2.fastp.json, output/fastp/SNRNP70_CTL_IP_2.fastp.html
    jobid: 25
    benchmark: benchmarks/umi/unassigned_experiment.SNRNP70_CTL_IP_2.extract_umi.txt
    reason: Missing output files: output/fastqs/umi/SNRNP70_CTL_IP_2.trimmed.umi.fq.gz; Input files updated by another job: output/fastqs/trimmed/SNRNP70_CTL_IP_2-trimmed.fastq.gz
    wildcards: replicate_label=SNRNP70_CTL_IP_2
    threads: 8
    resources: tmpdir=/tmp

fastp -i output/fastqs/trimmed/SNRNP70_CTL_IP_2-trimmed.fastq.gz -o output/fastqs/umi/SNRNP70_CTL_IP_2.trimmed.umi.fq.gz -A -U --umi_len=10 --umi_loc=read1 -j output/fastp/SNRNP70_CTL_IP_2.fastp.json -h output/fastp/SNRNP70_CTL_IP_2.fastp.html -w 8
[Fri Oct 24 14:36:05 2025]
Finished job 25.
39 of 142 steps (27%) done
Removing temporary output output/fastqs/trimmed/SNRNP70_CTL_IP_2-trimmed.fastq.gz.
Select jobs to execute...

[Fri Oct 24 14:36:06 2025]
rule align_reads:
    input: output/fastqs/umi/SNRNP70_CTL_IP_2.trimmed.umi.fq.gz
    output: output/bams/raw/genome/SNRNP70_CTL_IP_2.genome.Aligned.out.bam, output/bams/raw/genome/SNRNP70_CTL_IP_2.genome.Log.final.out
    jobid: 55
    benchmark: benchmarks/align/unassigned_experiment.SNRNP70_CTL_IP_2.align_reads_genome.txt
    reason: Missing output files: output/bams/raw/genome/SNRNP70_CTL_IP_2.genome.Aligned.out.bam; Input files updated by another job: output/fastqs/umi/SNRNP70_CTL_IP_2.trimmed.umi.fq.gz
    wildcards: replicate_label=SNRNP70_CTL_IP_2
    threads: 8
    resources: tmpdir=/tmp

STAR --alignEndsType EndToEnd --genomeDir ./annotations/genome_ref --genomeLoad NoSharedMemory --outBAMcompression 10 --outFileNamePrefix output/bams/raw/genome/SNRNP70_CTL_IP_2.genome. --winAnchorMultimapNmax 100 --outFilterMultimapNmax 100 --outFilterMultimapScoreRange 1 --outSAMmultNmax 1 --outMultimapperOrder Random --outFilterScoreMin 10 --outFilterType BySJout --limitOutSJcollapsed 5000000 --outReadsUnmapped None --outSAMattrRGline ID:SNRNP70_CTL_IP_2 --outSAMattributes All --outSAMmode Full --outSAMtype BAM Unsorted --outSAMunmapped Within --readFilesCommand zcat --outStd Log --readFilesIn output/fastqs/umi/SNRNP70_CTL_IP_2.trimmed.umi.fq.gz --runMode alignReads --runThreadN 8

[Fri Oct 24 14:36:06 2025]
rule run_trimmed_fastqc:
    input: output/fastqs/umi/SNRNP70_CTL_IP_2.trimmed.umi.fq.gz
    output: output/fastqc/processed/SNRNP70_CTL_IP_2.trimmed.umi_fastqc.html, output/fastqc/processed/SNRNP70_CTL_IP_2.trimmed.umi_fastqc.zip
    jobid: 24
    benchmark: benchmarks/fastqc/unassigned_experiment.SNRNP70_CTL_IP_2.trimmed_fastqc.txt
    reason: Missing output files: output/fastqc/processed/SNRNP70_CTL_IP_2.trimmed.umi_fastqc.html; Input files updated by another job: output/fastqs/umi/SNRNP70_CTL_IP_2.trimmed.umi.fq.gz
    wildcards: replicate_label=SNRNP70_CTL_IP_2
    resources: tmpdir=/tmp

fastqc output/fastqs/umi/SNRNP70_CTL_IP_2.trimmed.umi.fq.gz --extract --outdir output/fastqc/processed -t 1
[Fri Oct 24 14:36:19 2025]
Finished job 30.
40 of 142 steps (28%) done
Select jobs to execute...
[Fri Oct 24 14:37:35 2025]
Finished job 24.
41 of 142 steps (29%) done
[Fri Oct 24 14:38:06 2025]
Finished job 55.
42 of 142 steps (30%) done

[Fri Oct 24 14:38:06 2025]
rule align_reads:
    input: output/fastqs/umi/SNRNP70_OSM_IP_2.trimmed.umi.fq.gz
    output: output/bams/raw/genome/SNRNP70_OSM_IP_2.genome.Aligned.out.bam, output/bams/raw/genome/SNRNP70_OSM_IP_2.genome.Log.final.out
    jobid: 63
    benchmark: benchmarks/align/unassigned_experiment.SNRNP70_OSM_IP_2.align_reads_genome.txt
    reason: Missing output files: output/bams/raw/genome/SNRNP70_OSM_IP_2.genome.Aligned.out.bam; Input files updated by another job: output/fastqs/umi/SNRNP70_OSM_IP_2.trimmed.umi.fq.gz
    wildcards: replicate_label=SNRNP70_OSM_IP_2
    threads: 8
    resources: tmpdir=/tmp

STAR --alignEndsType EndToEnd --genomeDir ./annotations/genome_ref --genomeLoad NoSharedMemory --outBAMcompression 10 --outFileNamePrefix output/bams/raw/genome/SNRNP70_OSM_IP_2.genome. --winAnchorMultimapNmax 100 --outFilterMultimapNmax 100 --outFilterMultimapScoreRange 1 --outSAMmultNmax 1 --outMultimapperOrder Random --outFilterScoreMin 10 --outFilterType BySJout --limitOutSJcollapsed 5000000 --outReadsUnmapped None --outSAMattrRGline ID:SNRNP70_OSM_IP_2 --outSAMattributes All --outSAMmode Full --outSAMtype BAM Unsorted --outSAMunmapped Within --readFilesCommand zcat --outStd Log --readFilesIn output/fastqs/umi/SNRNP70_OSM_IP_2.trimmed.umi.fq.gz --runMode alignReads --runThreadN 8

[Fri Oct 24 14:38:06 2025]
rule sort_bam:
    input: output/bams/raw/genome/SNRNP70_CTL_IP_2.genome.Aligned.out.bam
    output: output/bams/raw/genome/SNRNP70_CTL_IP_2.genome.Aligned.sort.bam
    jobid: 54
    benchmark: benchmarks/sort/genome/unassigned_experiment.SNRNP70_CTL_IP_2.sort_bam.txt
    reason: Missing output files: output/bams/raw/genome/SNRNP70_CTL_IP_2.genome.Aligned.sort.bam; Input files updated by another job: output/bams/raw/genome/SNRNP70_CTL_IP_2.genome.Aligned.out.bam
    wildcards: ref=genome, replicate_label=SNRNP70_CTL_IP_2
    threads: 2
    resources: tmpdir=/tmp

samtools sort -T SNRNP70_CTL_IP_2 -@ 2 -o output/bams/raw/genome/SNRNP70_CTL_IP_2.genome.Aligned.sort.bam output/bams/raw/genome/SNRNP70_CTL_IP_2.genome.Aligned.out.bam;
[Fri Oct 24 14:39:22 2025]
Finished job 54.
43 of 142 steps (30%) done
Removing temporary output output/bams/raw/genome/SNRNP70_CTL_IP_2.genome.Aligned.out.bam.
Select jobs to execute...

[Fri Oct 24 14:39:23 2025]
rule index_bams:
    input: output/bams/raw/genome/SNRNP70_CTL_IP_2.genome.Aligned.sort.bam
    output: output/bams/raw/genome/SNRNP70_CTL_IP_2.genome.Aligned.sort.bam.bai
    jobid: 56
    benchmark: benchmarks/index_bam/raw/genome/sort/unassigned_experiment.SNRNP70_CTL_IP_2.genome.index_bam.txt
    reason: Missing output files: output/bams/raw/genome/SNRNP70_CTL_IP_2.genome.Aligned.sort.bam.bai; Input files updated by another job: output/bams/raw/genome/SNRNP70_CTL_IP_2.genome.Aligned.sort.bam
    wildcards: round=raw, ref=genome, replicate_label=SNRNP70_CTL_IP_2.genome, mid=sort
    threads: 2
    resources: tmpdir=/tmp

samtools index -@ 2 output/bams/raw/genome/SNRNP70_CTL_IP_2.genome.Aligned.sort.bam;
[Fri Oct 24 14:39:27 2025]
Finished job 56.
44 of 142 steps (31%) done
Select jobs to execute...

[Fri Oct 24 14:39:27 2025]
rule dedup_umi:
    input: output/bams/raw/genome/SNRNP70_CTL_IP_2.genome.Aligned.sort.bam, output/bams/raw/genome/SNRNP70_CTL_IP_2.genome.Aligned.sort.bam.bai
    output: output/bams/dedup/genome/SNRNP70_CTL_IP_2.genome.Aligned.sort.dedup.bam
    jobid: 53
    benchmark: benchmarks/dedup/genome/unassigned_experiment.SNRNP70_CTL_IP_2.dedup_umi.txt
    reason: Missing output files: output/bams/dedup/genome/SNRNP70_CTL_IP_2.genome.Aligned.sort.dedup.bam; Input files updated by another job: output/bams/raw/genome/SNRNP70_CTL_IP_2.genome.Aligned.sort.bam.bai, output/bams/raw/genome/SNRNP70_CTL_IP_2.genome.Aligned.sort.bam
    wildcards: replicate_label=SNRNP70_CTL_IP_2
    resources: tmpdir=/tmp

java -server -Xms8G -Xmx8G -Xss20M -jar installation/UMICollapse-1.0.0/umicollapse.jar bam -i output/bams/raw/genome/SNRNP70_CTL_IP_2.genome.Aligned.sort.bam -o output/bams/dedup/genome/SNRNP70_CTL_IP_2.genome.Aligned.sort.dedup.bam --umi-sep : --two-pass
[Fri Oct 24 14:41:38 2025]
Finished job 53.
45 of 142 steps (32%) done
Select jobs to execute...

[Fri Oct 24 14:41:39 2025]
rule make_scaled_bigwig:
    input: ./annotations/genome_ref/chrNameLength.txt, output/bams/dedup/genome/SNRNP70_CTL_IP_2.genome.Aligned.sort.dedup.bam
    output: output/bedgraphs/scaled/plus/SNRNP70_CTL_IP_2.scaled.plus.bg, output/bedgraphs/scaled/minus/SNRNP70_CTL_IP_2.scaled.minus.bg, output/bigwigs/scaled/plus/SNRNP70_CTL_IP_2.scaled.plus.bw, output/bigwigs/scaled/minus/SNRNP70_CTL_IP_2.scaled.minus.bw
    jobid: 86
    benchmark: benchmarks/bigwigs/unassigned_experiment.SNRNP70_CTL_IP_2.make_bigwig.txt
    reason: Missing output files: output/bigwigs/scaled/plus/SNRNP70_CTL_IP_2.scaled.plus.bw; Input files updated by another job: output/bams/dedup/genome/SNRNP70_CTL_IP_2.genome.Aligned.sort.dedup.bam
    wildcards: replicate_label=SNRNP70_CTL_IP_2
    resources: tmpdir=/tmp

factor=$(samtools idxstats output/bams/dedup/genome/SNRNP70_CTL_IP_2.genome.Aligned.sort.dedup.bam | cut -f 3 | paste -sd+ | bc | xargs -I {} echo 'scale=6; 10^6 / {}' | bc);bedtools genomecov -scale $factor -5 -strand + -bg -ibam output/bams/dedup/genome/SNRNP70_CTL_IP_2.genome.Aligned.sort.dedup.bam | sort -k1,1 -k2,2n | grep -v EBV > output/bedgraphs/scaled/plus/SNRNP70_CTL_IP_2.scaled.plus.bg;bedtools genomecov -scale $factor -5 -strand - -bg -ibam output/bams/dedup/genome/SNRNP70_CTL_IP_2.genome.Aligned.sort.dedup.bam | sort -k1,1 -k2,2n | grep -v EBV > output/bedgraphs/scaled/minus/SNRNP70_CTL_IP_2.scaled.minus.bg;bedGraphToBigWig output/bedgraphs/scaled/plus/SNRNP70_CTL_IP_2.scaled.plus.bg ./annotations/genome_ref/chrNameLength.txt output/bigwigs/scaled/plus/SNRNP70_CTL_IP_2.scaled.plus.bw;bedGraphToBigWig output/bedgraphs/scaled/minus/SNRNP70_CTL_IP_2.scaled.minus.bg ./annotations/genome_ref/chrNameLength.txt output/bigwigs/scaled/minus/SNRNP70_CTL_IP_2.scaled.minus.bw;

[Fri Oct 24 14:41:39 2025]
rule make_unscaled_bigwig:
    input: ./annotations/genome_ref/chrNameLength.txt, output/bams/dedup/genome/SNRNP70_CTL_IP_2.genome.Aligned.sort.dedup.bam
    output: output/bedgraphs/unscaled/plus/SNRNP70_CTL_IP_2.unscaled.plus.bg, output/bedgraphs/unscaled/minus/SNRNP70_CTL_IP_2.unscaled.minus.bg, output/bigwigs/unscaled/plus/SNRNP70_CTL_IP_2.unscaled.plus.bw, output/bigwigs/unscaled/minus/SNRNP70_CTL_IP_2.unscaled.minus.bw
    jobid: 78
    benchmark: benchmarks/bigwigs/unassigned_experiment.SNRNP70_CTL_IP_2.make_bigwig.txt
    reason: Missing output files: output/bigwigs/unscaled/plus/SNRNP70_CTL_IP_2.unscaled.plus.bw; Input files updated by another job: output/bams/dedup/genome/SNRNP70_CTL_IP_2.genome.Aligned.sort.dedup.bam
    wildcards: replicate_label=SNRNP70_CTL_IP_2
    resources: tmpdir=/tmp

bedtools genomecov -5 -strand + -bg -ibam output/bams/dedup/genome/SNRNP70_CTL_IP_2.genome.Aligned.sort.dedup.bam | sort -k1,1 -k2,2n | grep -v EBV > output/bedgraphs/unscaled/plus/SNRNP70_CTL_IP_2.unscaled.plus.bg;bedtools genomecov -5 -strand - -bg -ibam output/bams/dedup/genome/SNRNP70_CTL_IP_2.genome.Aligned.sort.dedup.bam | sort -k1,1 -k2,2n | grep -v EBV > output/bedgraphs/unscaled/minus/SNRNP70_CTL_IP_2.unscaled.minus.bg;bedGraphToBigWig output/bedgraphs/unscaled/plus/SNRNP70_CTL_IP_2.unscaled.plus.bg ./annotations/genome_ref/chrNameLength.txt output/bigwigs/unscaled/plus/SNRNP70_CTL_IP_2.unscaled.plus.bw;bedGraphToBigWig output/bedgraphs/unscaled/minus/SNRNP70_CTL_IP_2.unscaled.minus.bg ./annotations/genome_ref/chrNameLength.txt output/bigwigs/unscaled/minus/SNRNP70_CTL_IP_2.unscaled.minus.bw;

[Fri Oct 24 14:41:39 2025]
rule index_bams:
    input: output/bams/dedup/genome/SNRNP70_CTL_IP_2.genome.Aligned.sort.dedup.bam
    output: output/bams/dedup/genome/SNRNP70_CTL_IP_2.genome.Aligned.sort.dedup.bam.bai
    jobid: 70
    benchmark: benchmarks/index_bam/dedup/genome/sort.dedup/unassigned_experiment.SNRNP70_CTL_IP_2.genome.index_bam.txt
    reason: Missing output files: output/bams/dedup/genome/SNRNP70_CTL_IP_2.genome.Aligned.sort.dedup.bam.bai; Input files updated by another job: output/bams/dedup/genome/SNRNP70_CTL_IP_2.genome.Aligned.sort.dedup.bam
    wildcards: round=dedup, ref=genome, replicate_label=SNRNP70_CTL_IP_2.genome, mid=sort.dedup
    threads: 2
    resources: tmpdir=/tmp

samtools index -@ 2 output/bams/dedup/genome/SNRNP70_CTL_IP_2.genome.Aligned.sort.dedup.bam;

[Fri Oct 24 14:41:39 2025]
rule partition_bam_reads:
    input: ./annotations/genome_ref/chrNameLength.txt, output/bams/dedup/genome/SNRNP70_CTL_IP_2.genome.Aligned.sort.dedup.bam, ./annotations/gencode.v38.annotation.k562_totalrna.gt1.tiled_partition.bed.gz
    output: output/counts/genome/vectors/SNRNP70_CTL_IP_2.counts
    jobid: 100
    benchmark: benchmarks/counts/unassigned_experiment.SNRNP70_CTL_IP_2.partition_bam_reads.txt
    reason: Missing output files: output/counts/genome/vectors/SNRNP70_CTL_IP_2.counts; Input files updated by another job: output/bams/dedup/genome/SNRNP70_CTL_IP_2.genome.Aligned.sort.dedup.bam
    wildcards: replicate_label=SNRNP70_CTL_IP_2
    resources: tmpdir=/tmp

bedtools bamtobed -i output/bams/dedup/genome/SNRNP70_CTL_IP_2.genome.Aligned.sort.dedup.bam | awk '($1 != "chrEBV") && ($4 !~ "/2$")' | bedtools flank -s -l 1 -r 0 -g ./annotations/genome_ref/chrNameLength.txt -i - | bedtools shift -p 1 -m -1 -g ./annotations/genome_ref/chrNameLength.txt -i - | bedtools sort -i - | bedtools coverage -counts -s -a ./annotations/gencode.v38.annotation.k562_totalrna.gt1.tiled_partition.bed.gz -b - | cut -f 7 | awk 'BEGIN {print "SNRNP70_CTL_IP_2"} {print}' > output/counts/genome/vectors/SNRNP70_CTL_IP_2.counts;

[Fri Oct 24 14:41:39 2025]
rule quantify_repeats:
    input: ./annotations/genome_ref/chrNameLength.txt, output/bams/dedup/genome/SNRNP70_CTL_IP_2.genome.Aligned.sort.dedup.bam, ./annotations/repeatmasker.grch38.sort.unique.bed.gz
    output: output/counts/repeats/vectors/SNRNP70_CTL_IP_2.counts
    jobid: 95
    benchmark: benchmarks/repeats/unassigned_experiment.SNRNP70_CTL_IP_2.quantify_repeats.txt
    reason: Missing output files: output/counts/repeats/vectors/SNRNP70_CTL_IP_2.counts; Input files updated by another job: output/bams/dedup/genome/SNRNP70_CTL_IP_2.genome.Aligned.sort.dedup.bam
    wildcards: replicate_label=SNRNP70_CTL_IP_2
    resources: tmpdir=/tmp

bedtools bamtobed -i output/bams/dedup/genome/SNRNP70_CTL_IP_2.genome.Aligned.sort.dedup.bam | awk '($1 != "chrEBV") && ($4 !~ "/2$")' | bedtools flank -s -l 1 -r 0 -g ./annotations/genome_ref/chrNameLength.txt -i - | bedtools shift -p 1 -m -1 -g ./annotations/genome_ref/chrNameLength.txt -i - | bedtools sort -i - | bedtools coverage -s -counts -a ./annotations/repeatmasker.grch38.sort.unique.bed.gz -b - | awk 'BEGIN {print "SNRNP70_CTL_IP_2"} {print $NF}' > output/counts/repeats/vectors/SNRNP70_CTL_IP_2.counts
[Fri Oct 24 14:41:39 2025]
Finished job 70.
46 of 142 steps (32%) done
Select jobs to execute...
[Fri Oct 24 14:41:59 2025]
Finished job 100.
47 of 142 steps (33%) done
[Fri Oct 24 14:42:07 2025]
Finished job 95.
48 of 142 steps (34%) done
[Fri Oct 24 14:42:22 2025]
Finished job 78.
49 of 142 steps (35%) done
Removing temporary output output/bedgraphs/unscaled/plus/SNRNP70_CTL_IP_2.unscaled.plus.bg.
Removing temporary output output/bedgraphs/unscaled/minus/SNRNP70_CTL_IP_2.unscaled.minus.bg.
[Fri Oct 24 14:42:24 2025]
Finished job 86.
50 of 142 steps (35%) done
Removing temporary output output/bedgraphs/scaled/plus/SNRNP70_CTL_IP_2.scaled.plus.bg.
Removing temporary output output/bedgraphs/scaled/minus/SNRNP70_CTL_IP_2.scaled.minus.bg.
[Fri Oct 24 14:49:23 2025]
Finished job 63.
51 of 142 steps (36%) done

[Fri Oct 24 14:49:25 2025]
rule align_reads:
    input: output/fastqs/umi/SNRNP70_OSM_IN_2.trimmed.umi.fq.gz
    output: output/bams/raw/genome/SNRNP70_OSM_IN_2.genome.Aligned.out.bam, output/bams/raw/genome/SNRNP70_OSM_IN_2.genome.Log.final.out
    jobid: 47
    benchmark: benchmarks/align/unassigned_experiment.SNRNP70_OSM_IN_2.align_reads_genome.txt
    reason: Missing output files: output/bams/raw/genome/SNRNP70_OSM_IN_2.genome.Aligned.out.bam; Input files updated by another job: output/fastqs/umi/SNRNP70_OSM_IN_2.trimmed.umi.fq.gz
    wildcards: replicate_label=SNRNP70_OSM_IN_2
    threads: 8
    resources: tmpdir=/tmp

STAR --alignEndsType EndToEnd --genomeDir ./annotations/genome_ref --genomeLoad NoSharedMemory --outBAMcompression 10 --outFileNamePrefix output/bams/raw/genome/SNRNP70_OSM_IN_2.genome. --winAnchorMultimapNmax 100 --outFilterMultimapNmax 100 --outFilterMultimapScoreRange 1 --outSAMmultNmax 1 --outMultimapperOrder Random --outFilterScoreMin 10 --outFilterType BySJout --limitOutSJcollapsed 5000000 --outReadsUnmapped None --outSAMattrRGline ID:SNRNP70_OSM_IN_2 --outSAMattributes All --outSAMmode Full --outSAMtype BAM Unsorted --outSAMunmapped Within --readFilesCommand zcat --outStd Log --readFilesIn output/fastqs/umi/SNRNP70_OSM_IN_2.trimmed.umi.fq.gz --runMode alignReads --runThreadN 8

[Fri Oct 24 14:49:25 2025]
rule sort_bam:
    input: output/bams/raw/genome/SNRNP70_OSM_IP_2.genome.Aligned.out.bam
    output: output/bams/raw/genome/SNRNP70_OSM_IP_2.genome.Aligned.sort.bam
    jobid: 62
    benchmark: benchmarks/sort/genome/unassigned_experiment.SNRNP70_OSM_IP_2.sort_bam.txt
    reason: Missing output files: output/bams/raw/genome/SNRNP70_OSM_IP_2.genome.Aligned.sort.bam; Input files updated by another job: output/bams/raw/genome/SNRNP70_OSM_IP_2.genome.Aligned.out.bam
    wildcards: ref=genome, replicate_label=SNRNP70_OSM_IP_2
    threads: 2
    resources: tmpdir=/tmp

samtools sort -T SNRNP70_OSM_IP_2 -@ 2 -o output/bams/raw/genome/SNRNP70_OSM_IP_2.genome.Aligned.sort.bam output/bams/raw/genome/SNRNP70_OSM_IP_2.genome.Aligned.out.bam;
[Fri Oct 24 14:50:58 2025]
Finished job 47.
52 of 142 steps (37%) done
Select jobs to execute...

[Fri Oct 24 14:50:58 2025]
rule sort_bam:
    input: output/bams/raw/genome/SNRNP70_OSM_IN_2.genome.Aligned.out.bam
    output: output/bams/raw/genome/SNRNP70_OSM_IN_2.genome.Aligned.sort.bam
    jobid: 46
    benchmark: benchmarks/sort/genome/unassigned_experiment.SNRNP70_OSM_IN_2.sort_bam.txt
    reason: Missing output files: output/bams/raw/genome/SNRNP70_OSM_IN_2.genome.Aligned.sort.bam; Input files updated by another job: output/bams/raw/genome/SNRNP70_OSM_IN_2.genome.Aligned.out.bam
    wildcards: ref=genome, replicate_label=SNRNP70_OSM_IN_2
    threads: 2
    resources: tmpdir=/tmp

samtools sort -T SNRNP70_OSM_IN_2 -@ 2 -o output/bams/raw/genome/SNRNP70_OSM_IN_2.genome.Aligned.sort.bam output/bams/raw/genome/SNRNP70_OSM_IN_2.genome.Aligned.out.bam;

[Fri Oct 24 14:50:58 2025]
rule trim_fastq:
    input: input/N290_L1_1.fq.gz, input/InvRiL19.fasta
    output: output/fastqs/trimmed/SNRNP70_OSM_IN_1-trimmed.fastq.gz, output/fastqs/trimmed/SNRNP70_OSM_IN_1-trimmed.log
    jobid: 17
    benchmark: benchmarks/trim/unassigned_experiment.SNRNP70_OSM_IN_1.trim.txt
    reason: Missing output files: output/fastqs/trimmed/SNRNP70_OSM_IN_1-trimmed.fastq.gz; Updated input files: input/N290_L1_1.fq.gz, input/InvRiL19.fasta
    wildcards: replicate_label=SNRNP70_OSM_IN_1
    threads: 8
    resources: tmpdir=/tmp

zcat input/N290_L1_1.fq.gz | skewer -t 8 -x input/InvRiL19.fasta -o output/fastqs/trimmed/SNRNP70_OSM_IN_1 -z -r 0.2 -d 0.2 -q 13 -l 20 -
[Fri Oct 24 14:51:27 2025]
Finished job 46.
53 of 142 steps (37%) done
Removing temporary output output/bams/raw/genome/SNRNP70_OSM_IN_2.genome.Aligned.out.bam.
Select jobs to execute...

[Fri Oct 24 14:51:27 2025]
rule index_bams:
    input: output/bams/raw/genome/SNRNP70_OSM_IN_2.genome.Aligned.sort.bam
    output: output/bams/raw/genome/SNRNP70_OSM_IN_2.genome.Aligned.sort.bam.bai
    jobid: 48
    benchmark: benchmarks/index_bam/raw/genome/sort/unassigned_experiment.SNRNP70_OSM_IN_2.genome.index_bam.txt
    reason: Missing output files: output/bams/raw/genome/SNRNP70_OSM_IN_2.genome.Aligned.sort.bam.bai; Input files updated by another job: output/bams/raw/genome/SNRNP70_OSM_IN_2.genome.Aligned.sort.bam
    wildcards: round=raw, ref=genome, replicate_label=SNRNP70_OSM_IN_2.genome, mid=sort
    threads: 2
    resources: tmpdir=/tmp

samtools index -@ 2 output/bams/raw/genome/SNRNP70_OSM_IN_2.genome.Aligned.sort.bam;
[Fri Oct 24 14:51:29 2025]
Finished job 48.
54 of 142 steps (38%) done
Select jobs to execute...

[Fri Oct 24 14:51:29 2025]
rule dedup_umi:
    input: output/bams/raw/genome/SNRNP70_OSM_IN_2.genome.Aligned.sort.bam, output/bams/raw/genome/SNRNP70_OSM_IN_2.genome.Aligned.sort.bam.bai
    output: output/bams/dedup/genome/SNRNP70_OSM_IN_2.genome.Aligned.sort.dedup.bam
    jobid: 45
    benchmark: benchmarks/dedup/genome/unassigned_experiment.SNRNP70_OSM_IN_2.dedup_umi.txt
    reason: Missing output files: output/bams/dedup/genome/SNRNP70_OSM_IN_2.genome.Aligned.sort.dedup.bam; Input files updated by another job: output/bams/raw/genome/SNRNP70_OSM_IN_2.genome.Aligned.sort.bam.bai, output/bams/raw/genome/SNRNP70_OSM_IN_2.genome.Aligned.sort.bam
    wildcards: replicate_label=SNRNP70_OSM_IN_2
    resources: tmpdir=/tmp

java -server -Xms8G -Xmx8G -Xss20M -jar installation/UMICollapse-1.0.0/umicollapse.jar bam -i output/bams/raw/genome/SNRNP70_OSM_IN_2.genome.Aligned.sort.bam -o output/bams/dedup/genome/SNRNP70_OSM_IN_2.genome.Aligned.sort.dedup.bam --umi-sep : --two-pass
[Fri Oct 24 14:52:35 2025]
Finished job 45.
55 of 142 steps (39%) done
Select jobs to execute...

[Fri Oct 24 14:52:35 2025]
rule make_scaled_bigwig:
    input: ./annotations/genome_ref/chrNameLength.txt, output/bams/dedup/genome/SNRNP70_OSM_IN_2.genome.Aligned.sort.dedup.bam
    output: output/bedgraphs/scaled/plus/SNRNP70_OSM_IN_2.scaled.plus.bg, output/bedgraphs/scaled/minus/SNRNP70_OSM_IN_2.scaled.minus.bg, output/bigwigs/scaled/plus/SNRNP70_OSM_IN_2.scaled.plus.bw, output/bigwigs/scaled/minus/SNRNP70_OSM_IN_2.scaled.minus.bw
    jobid: 84
    benchmark: benchmarks/bigwigs/unassigned_experiment.SNRNP70_OSM_IN_2.make_bigwig.txt
    reason: Missing output files: output/bigwigs/scaled/plus/SNRNP70_OSM_IN_2.scaled.plus.bw; Input files updated by another job: output/bams/dedup/genome/SNRNP70_OSM_IN_2.genome.Aligned.sort.dedup.bam
    wildcards: replicate_label=SNRNP70_OSM_IN_2
    resources: tmpdir=/tmp

factor=$(samtools idxstats output/bams/dedup/genome/SNRNP70_OSM_IN_2.genome.Aligned.sort.dedup.bam | cut -f 3 | paste -sd+ | bc | xargs -I {} echo 'scale=6; 10^6 / {}' | bc);bedtools genomecov -scale $factor -5 -strand + -bg -ibam output/bams/dedup/genome/SNRNP70_OSM_IN_2.genome.Aligned.sort.dedup.bam | sort -k1,1 -k2,2n | grep -v EBV > output/bedgraphs/scaled/plus/SNRNP70_OSM_IN_2.scaled.plus.bg;bedtools genomecov -scale $factor -5 -strand - -bg -ibam output/bams/dedup/genome/SNRNP70_OSM_IN_2.genome.Aligned.sort.dedup.bam | sort -k1,1 -k2,2n | grep -v EBV > output/bedgraphs/scaled/minus/SNRNP70_OSM_IN_2.scaled.minus.bg;bedGraphToBigWig output/bedgraphs/scaled/plus/SNRNP70_OSM_IN_2.scaled.plus.bg ./annotations/genome_ref/chrNameLength.txt output/bigwigs/scaled/plus/SNRNP70_OSM_IN_2.scaled.plus.bw;bedGraphToBigWig output/bedgraphs/scaled/minus/SNRNP70_OSM_IN_2.scaled.minus.bg ./annotations/genome_ref/chrNameLength.txt output/bigwigs/scaled/minus/SNRNP70_OSM_IN_2.scaled.minus.bw;

[Fri Oct 24 14:52:35 2025]
rule make_unscaled_bigwig:
    input: ./annotations/genome_ref/chrNameLength.txt, output/bams/dedup/genome/SNRNP70_OSM_IN_2.genome.Aligned.sort.dedup.bam
    output: output/bedgraphs/unscaled/plus/SNRNP70_OSM_IN_2.unscaled.plus.bg, output/bedgraphs/unscaled/minus/SNRNP70_OSM_IN_2.unscaled.minus.bg, output/bigwigs/unscaled/plus/SNRNP70_OSM_IN_2.unscaled.plus.bw, output/bigwigs/unscaled/minus/SNRNP70_OSM_IN_2.unscaled.minus.bw
    jobid: 76
    benchmark: benchmarks/bigwigs/unassigned_experiment.SNRNP70_OSM_IN_2.make_bigwig.txt
    reason: Missing output files: output/bigwigs/unscaled/plus/SNRNP70_OSM_IN_2.unscaled.plus.bw; Input files updated by another job: output/bams/dedup/genome/SNRNP70_OSM_IN_2.genome.Aligned.sort.dedup.bam
    wildcards: replicate_label=SNRNP70_OSM_IN_2
    resources: tmpdir=/tmp

bedtools genomecov -5 -strand + -bg -ibam output/bams/dedup/genome/SNRNP70_OSM_IN_2.genome.Aligned.sort.dedup.bam | sort -k1,1 -k2,2n | grep -v EBV > output/bedgraphs/unscaled/plus/SNRNP70_OSM_IN_2.unscaled.plus.bg;bedtools genomecov -5 -strand - -bg -ibam output/bams/dedup/genome/SNRNP70_OSM_IN_2.genome.Aligned.sort.dedup.bam | sort -k1,1 -k2,2n | grep -v EBV > output/bedgraphs/unscaled/minus/SNRNP70_OSM_IN_2.unscaled.minus.bg;bedGraphToBigWig output/bedgraphs/unscaled/plus/SNRNP70_OSM_IN_2.unscaled.plus.bg ./annotations/genome_ref/chrNameLength.txt output/bigwigs/unscaled/plus/SNRNP70_OSM_IN_2.unscaled.plus.bw;bedGraphToBigWig output/bedgraphs/unscaled/minus/SNRNP70_OSM_IN_2.unscaled.minus.bg ./annotations/genome_ref/chrNameLength.txt output/bigwigs/unscaled/minus/SNRNP70_OSM_IN_2.unscaled.minus.bw;

[Fri Oct 24 14:52:35 2025]
rule quantify_repeats:
    input: ./annotations/genome_ref/chrNameLength.txt, output/bams/dedup/genome/SNRNP70_OSM_IN_2.genome.Aligned.sort.dedup.bam, ./annotations/repeatmasker.grch38.sort.unique.bed.gz
    output: output/counts/repeats/vectors/SNRNP70_OSM_IN_2.counts
    jobid: 93
    benchmark: benchmarks/repeats/unassigned_experiment.SNRNP70_OSM_IN_2.quantify_repeats.txt
    reason: Missing output files: output/counts/repeats/vectors/SNRNP70_OSM_IN_2.counts; Input files updated by another job: output/bams/dedup/genome/SNRNP70_OSM_IN_2.genome.Aligned.sort.dedup.bam
    wildcards: replicate_label=SNRNP70_OSM_IN_2
    resources: tmpdir=/tmp

bedtools bamtobed -i output/bams/dedup/genome/SNRNP70_OSM_IN_2.genome.Aligned.sort.dedup.bam | awk '($1 != "chrEBV") && ($4 !~ "/2$")' | bedtools flank -s -l 1 -r 0 -g ./annotations/genome_ref/chrNameLength.txt -i - | bedtools shift -p 1 -m -1 -g ./annotations/genome_ref/chrNameLength.txt -i - | bedtools sort -i - | bedtools coverage -s -counts -a ./annotations/repeatmasker.grch38.sort.unique.bed.gz -b - | awk 'BEGIN {print "SNRNP70_OSM_IN_2"} {print $NF}' > output/counts/repeats/vectors/SNRNP70_OSM_IN_2.counts

[Fri Oct 24 14:52:35 2025]
rule partition_bam_reads:
    input: ./annotations/genome_ref/chrNameLength.txt, output/bams/dedup/genome/SNRNP70_OSM_IN_2.genome.Aligned.sort.dedup.bam, ./annotations/gencode.v38.annotation.k562_totalrna.gt1.tiled_partition.bed.gz
    output: output/counts/genome/vectors/SNRNP70_OSM_IN_2.counts
    jobid: 113
    benchmark: benchmarks/counts/unassigned_experiment.SNRNP70_OSM_IN_2.partition_bam_reads.txt
    reason: Missing output files: output/counts/genome/vectors/SNRNP70_OSM_IN_2.counts; Input files updated by another job: output/bams/dedup/genome/SNRNP70_OSM_IN_2.genome.Aligned.sort.dedup.bam
    wildcards: replicate_label=SNRNP70_OSM_IN_2
    resources: tmpdir=/tmp

bedtools bamtobed -i output/bams/dedup/genome/SNRNP70_OSM_IN_2.genome.Aligned.sort.dedup.bam | awk '($1 != "chrEBV") && ($4 !~ "/2$")' | bedtools flank -s -l 1 -r 0 -g ./annotations/genome_ref/chrNameLength.txt -i - | bedtools shift -p 1 -m -1 -g ./annotations/genome_ref/chrNameLength.txt -i - | bedtools sort -i - | bedtools coverage -counts -s -a ./annotations/gencode.v38.annotation.k562_totalrna.gt1.tiled_partition.bed.gz -b - | cut -f 7 | awk 'BEGIN {print "SNRNP70_OSM_IN_2"} {print}' > output/counts/genome/vectors/SNRNP70_OSM_IN_2.counts;
[Fri Oct 24 14:52:55 2025]
Finished job 113.
56 of 142 steps (39%) done
Select jobs to execute...
[Fri Oct 24 14:53:02 2025]
Finished job 93.
57 of 142 steps (40%) done

[Fri Oct 24 14:53:02 2025]
rule index_bams:
    input: output/bams/dedup/genome/SNRNP70_OSM_IN_2.genome.Aligned.sort.dedup.bam
    output: output/bams/dedup/genome/SNRNP70_OSM_IN_2.genome.Aligned.sort.dedup.bam.bai
    jobid: 68
    benchmark: benchmarks/index_bam/dedup/genome/sort.dedup/unassigned_experiment.SNRNP70_OSM_IN_2.genome.index_bam.txt
    reason: Missing output files: output/bams/dedup/genome/SNRNP70_OSM_IN_2.genome.Aligned.sort.dedup.bam.bai; Input files updated by another job: output/bams/dedup/genome/SNRNP70_OSM_IN_2.genome.Aligned.sort.dedup.bam
    wildcards: round=dedup, ref=genome, replicate_label=SNRNP70_OSM_IN_2.genome, mid=sort.dedup
    threads: 2
    resources: tmpdir=/tmp

samtools index -@ 2 output/bams/dedup/genome/SNRNP70_OSM_IN_2.genome.Aligned.sort.dedup.bam;
[Fri Oct 24 14:53:03 2025]
Finished job 68.
58 of 142 steps (41%) done
[Fri Oct 24 14:53:19 2025]
Finished job 76.
59 of 142 steps (42%) done
Removing temporary output output/bedgraphs/unscaled/plus/SNRNP70_OSM_IN_2.unscaled.plus.bg.
Removing temporary output output/bedgraphs/unscaled/minus/SNRNP70_OSM_IN_2.unscaled.minus.bg.
[Fri Oct 24 14:53:20 2025]
Finished job 84.
60 of 142 steps (42%) done
Removing temporary output output/bedgraphs/scaled/plus/SNRNP70_OSM_IN_2.scaled.plus.bg.
Removing temporary output output/bedgraphs/scaled/minus/SNRNP70_OSM_IN_2.scaled.minus.bg.
[Fri Oct 24 14:56:32 2025]
Finished job 11.
61 of 142 steps (43%) done
Select jobs to execute...

[Fri Oct 24 14:56:32 2025]
rule extract_umi:
    input: output/fastqs/trimmed/SNRNP70_CTL_IN_1-trimmed.fastq.gz
    output: output/fastqs/umi/SNRNP70_CTL_IN_1.trimmed.umi.fq.gz, output/fastp/SNRNP70_CTL_IN_1.fastp.json, output/fastp/SNRNP70_CTL_IN_1.fastp.html
    jobid: 10
    benchmark: benchmarks/umi/unassigned_experiment.SNRNP70_CTL_IN_1.extract_umi.txt
    reason: Missing output files: output/fastqs/umi/SNRNP70_CTL_IN_1.trimmed.umi.fq.gz; Input files updated by another job: output/fastqs/trimmed/SNRNP70_CTL_IN_1-trimmed.fastq.gz
    wildcards: replicate_label=SNRNP70_CTL_IN_1
    threads: 8
    resources: tmpdir=/tmp

fastp -i output/fastqs/trimmed/SNRNP70_CTL_IN_1-trimmed.fastq.gz -o output/fastqs/umi/SNRNP70_CTL_IN_1.trimmed.umi.fq.gz -A -U --umi_len=10 --umi_loc=read1 -j output/fastp/SNRNP70_CTL_IN_1.fastp.json -h output/fastp/SNRNP70_CTL_IN_1.fastp.html -w 8
[Fri Oct 24 14:57:35 2025]
Finished job 17.
62 of 142 steps (44%) done
Select jobs to execute...

[Fri Oct 24 14:57:35 2025]
rule extract_umi:
    input: output/fastqs/trimmed/SNRNP70_OSM_IN_1-trimmed.fastq.gz
    output: output/fastqs/umi/SNRNP70_OSM_IN_1.trimmed.umi.fq.gz, output/fastp/SNRNP70_OSM_IN_1.fastp.json, output/fastp/SNRNP70_OSM_IN_1.fastp.html
    jobid: 16
    benchmark: benchmarks/umi/unassigned_experiment.SNRNP70_OSM_IN_1.extract_umi.txt
    reason: Missing output files: output/fastqs/umi/SNRNP70_OSM_IN_1.trimmed.umi.fq.gz; Input files updated by another job: output/fastqs/trimmed/SNRNP70_OSM_IN_1-trimmed.fastq.gz
    wildcards: replicate_label=SNRNP70_OSM_IN_1
    threads: 8
    resources: tmpdir=/tmp

fastp -i output/fastqs/trimmed/SNRNP70_OSM_IN_1-trimmed.fastq.gz -o output/fastqs/umi/SNRNP70_OSM_IN_1.trimmed.umi.fq.gz -A -U --umi_len=10 --umi_loc=read1 -j output/fastp/SNRNP70_OSM_IN_1.fastp.json -h output/fastp/SNRNP70_OSM_IN_1.fastp.html -w 8
[Fri Oct 24 14:58:24 2025]
Finished job 16.
63 of 142 steps (44%) done
Removing temporary output output/fastqs/trimmed/SNRNP70_OSM_IN_1-trimmed.fastq.gz.
Select jobs to execute...

[Fri Oct 24 14:58:24 2025]
rule run_trimmed_fastqc:
    input: output/fastqs/umi/SNRNP70_OSM_IN_1.trimmed.umi.fq.gz
    output: output/fastqc/processed/SNRNP70_OSM_IN_1.trimmed.umi_fastqc.html, output/fastqc/processed/SNRNP70_OSM_IN_1.trimmed.umi_fastqc.zip
    jobid: 15
    benchmark: benchmarks/fastqc/unassigned_experiment.SNRNP70_OSM_IN_1.trimmed_fastqc.txt
    reason: Missing output files: output/fastqc/processed/SNRNP70_OSM_IN_1.trimmed.umi_fastqc.html; Input files updated by another job: output/fastqs/umi/SNRNP70_OSM_IN_1.trimmed.umi.fq.gz
    wildcards: replicate_label=SNRNP70_OSM_IN_1
    resources: tmpdir=/tmp

fastqc output/fastqs/umi/SNRNP70_OSM_IN_1.trimmed.umi.fq.gz --extract --outdir output/fastqc/processed -t 1

[Fri Oct 24 14:58:24 2025]
rule align_reads:
    input: output/fastqs/umi/SNRNP70_OSM_IN_1.trimmed.umi.fq.gz
    output: output/bams/raw/genome/SNRNP70_OSM_IN_1.genome.Aligned.out.bam, output/bams/raw/genome/SNRNP70_OSM_IN_1.genome.Log.final.out
    jobid: 43
    benchmark: benchmarks/align/unassigned_experiment.SNRNP70_OSM_IN_1.align_reads_genome.txt
    reason: Missing output files: output/bams/raw/genome/SNRNP70_OSM_IN_1.genome.Aligned.out.bam; Input files updated by another job: output/fastqs/umi/SNRNP70_OSM_IN_1.trimmed.umi.fq.gz
    wildcards: replicate_label=SNRNP70_OSM_IN_1
    threads: 8
    resources: tmpdir=/tmp

STAR --alignEndsType EndToEnd --genomeDir ./annotations/genome_ref --genomeLoad NoSharedMemory --outBAMcompression 10 --outFileNamePrefix output/bams/raw/genome/SNRNP70_OSM_IN_1.genome. --winAnchorMultimapNmax 100 --outFilterMultimapNmax 100 --outFilterMultimapScoreRange 1 --outSAMmultNmax 1 --outMultimapperOrder Random --outFilterScoreMin 10 --outFilterType BySJout --limitOutSJcollapsed 5000000 --outReadsUnmapped None --outSAMattrRGline ID:SNRNP70_OSM_IN_1 --outSAMattributes All --outSAMmode Full --outSAMtype BAM Unsorted --outSAMunmapped Within --readFilesCommand zcat --outStd Log --readFilesIn output/fastqs/umi/SNRNP70_OSM_IN_1.trimmed.umi.fq.gz --runMode alignReads --runThreadN 8
[Fri Oct 24 14:58:41 2025]
Finished job 62.
64 of 142 steps (45%) done
Removing temporary output output/bams/raw/genome/SNRNP70_OSM_IP_2.genome.Aligned.out.bam.
Select jobs to execute...

[Fri Oct 24 14:58:44 2025]
rule index_bams:
    input: output/bams/raw/genome/SNRNP70_OSM_IP_2.genome.Aligned.sort.bam
    output: output/bams/raw/genome/SNRNP70_OSM_IP_2.genome.Aligned.sort.bam.bai
    jobid: 64
    benchmark: benchmarks/index_bam/raw/genome/sort/unassigned_experiment.SNRNP70_OSM_IP_2.genome.index_bam.txt
    reason: Missing output files: output/bams/raw/genome/SNRNP70_OSM_IP_2.genome.Aligned.sort.bam.bai; Input files updated by another job: output/bams/raw/genome/SNRNP70_OSM_IP_2.genome.Aligned.sort.bam
    wildcards: round=raw, ref=genome, replicate_label=SNRNP70_OSM_IP_2.genome, mid=sort
    threads: 2
    resources: tmpdir=/tmp

samtools index -@ 2 output/bams/raw/genome/SNRNP70_OSM_IP_2.genome.Aligned.sort.bam;
[Fri Oct 24 14:59:12 2025]
Finished job 64.
65 of 142 steps (46%) done
Select jobs to execute...

[Fri Oct 24 14:59:12 2025]
rule dedup_umi:
    input: output/bams/raw/genome/SNRNP70_OSM_IP_2.genome.Aligned.sort.bam, output/bams/raw/genome/SNRNP70_OSM_IP_2.genome.Aligned.sort.bam.bai
    output: output/bams/dedup/genome/SNRNP70_OSM_IP_2.genome.Aligned.sort.dedup.bam
    jobid: 61
    benchmark: benchmarks/dedup/genome/unassigned_experiment.SNRNP70_OSM_IP_2.dedup_umi.txt
    reason: Missing output files: output/bams/dedup/genome/SNRNP70_OSM_IP_2.genome.Aligned.sort.dedup.bam; Input files updated by another job: output/bams/raw/genome/SNRNP70_OSM_IP_2.genome.Aligned.sort.bam, output/bams/raw/genome/SNRNP70_OSM_IP_2.genome.Aligned.sort.bam.bai
    wildcards: replicate_label=SNRNP70_OSM_IP_2
    resources: tmpdir=/tmp

java -server -Xms8G -Xmx8G -Xss20M -jar installation/UMICollapse-1.0.0/umicollapse.jar bam -i output/bams/raw/genome/SNRNP70_OSM_IP_2.genome.Aligned.sort.bam -o output/bams/dedup/genome/SNRNP70_OSM_IP_2.genome.Aligned.sort.dedup.bam --umi-sep : --two-pass
[Fri Oct 24 14:59:53 2025]
Finished job 15.
66 of 142 steps (46%) done
[Fri Oct 24 15:00:31 2025]
Finished job 43.
67 of 142 steps (47%) done
Select jobs to execute...

[Fri Oct 24 15:00:31 2025]
rule sort_bam:
    input: output/bams/raw/genome/SNRNP70_OSM_IN_1.genome.Aligned.out.bam
    output: output/bams/raw/genome/SNRNP70_OSM_IN_1.genome.Aligned.sort.bam
    jobid: 42
    benchmark: benchmarks/sort/genome/unassigned_experiment.SNRNP70_OSM_IN_1.sort_bam.txt
    reason: Missing output files: output/bams/raw/genome/SNRNP70_OSM_IN_1.genome.Aligned.sort.bam; Input files updated by another job: output/bams/raw/genome/SNRNP70_OSM_IN_1.genome.Aligned.out.bam
    wildcards: ref=genome, replicate_label=SNRNP70_OSM_IN_1
    threads: 2
    resources: tmpdir=/tmp

samtools sort -T SNRNP70_OSM_IN_1 -@ 2 -o output/bams/raw/genome/SNRNP70_OSM_IN_1.genome.Aligned.sort.bam output/bams/raw/genome/SNRNP70_OSM_IN_1.genome.Aligned.out.bam;
[Fri Oct 24 15:01:24 2025]
Finished job 42.
68 of 142 steps (48%) done
Removing temporary output output/bams/raw/genome/SNRNP70_OSM_IN_1.genome.Aligned.out.bam.
Select jobs to execute...

[Fri Oct 24 15:01:24 2025]
rule index_bams:
    input: output/bams/raw/genome/SNRNP70_OSM_IN_1.genome.Aligned.sort.bam
    output: output/bams/raw/genome/SNRNP70_OSM_IN_1.genome.Aligned.sort.bam.bai
    jobid: 44
    benchmark: benchmarks/index_bam/raw/genome/sort/unassigned_experiment.SNRNP70_OSM_IN_1.genome.index_bam.txt
    reason: Missing output files: output/bams/raw/genome/SNRNP70_OSM_IN_1.genome.Aligned.sort.bam.bai; Input files updated by another job: output/bams/raw/genome/SNRNP70_OSM_IN_1.genome.Aligned.sort.bam
    wildcards: round=raw, ref=genome, replicate_label=SNRNP70_OSM_IN_1.genome, mid=sort
    threads: 2
    resources: tmpdir=/tmp

samtools index -@ 2 output/bams/raw/genome/SNRNP70_OSM_IN_1.genome.Aligned.sort.bam;
[Fri Oct 24 15:01:27 2025]
Finished job 44.
69 of 142 steps (49%) done
Select jobs to execute...

[Fri Oct 24 15:01:27 2025]
rule dedup_umi:
    input: output/bams/raw/genome/SNRNP70_OSM_IN_1.genome.Aligned.sort.bam, output/bams/raw/genome/SNRNP70_OSM_IN_1.genome.Aligned.sort.bam.bai
    output: output/bams/dedup/genome/SNRNP70_OSM_IN_1.genome.Aligned.sort.dedup.bam
    jobid: 41
    benchmark: benchmarks/dedup/genome/unassigned_experiment.SNRNP70_OSM_IN_1.dedup_umi.txt
    reason: Missing output files: output/bams/dedup/genome/SNRNP70_OSM_IN_1.genome.Aligned.sort.dedup.bam; Input files updated by another job: output/bams/raw/genome/SNRNP70_OSM_IN_1.genome.Aligned.sort.bam.bai, output/bams/raw/genome/SNRNP70_OSM_IN_1.genome.Aligned.sort.bam
    wildcards: replicate_label=SNRNP70_OSM_IN_1
    resources: tmpdir=/tmp

java -server -Xms8G -Xmx8G -Xss20M -jar installation/UMICollapse-1.0.0/umicollapse.jar bam -i output/bams/raw/genome/SNRNP70_OSM_IN_1.genome.Aligned.sort.bam -o output/bams/dedup/genome/SNRNP70_OSM_IN_1.genome.Aligned.sort.dedup.bam --umi-sep : --two-pass
[Fri Oct 24 15:02:20 2025]
Finished job 10.
70 of 142 steps (49%) done
Removing temporary output output/fastqs/trimmed/SNRNP70_CTL_IN_1-trimmed.fastq.gz.
Select jobs to execute...

[Fri Oct 24 15:02:22 2025]
rule run_trimmed_fastqc:
    input: output/fastqs/umi/SNRNP70_CTL_IN_1.trimmed.umi.fq.gz
    output: output/fastqc/processed/SNRNP70_CTL_IN_1.trimmed.umi_fastqc.html, output/fastqc/processed/SNRNP70_CTL_IN_1.trimmed.umi_fastqc.zip
    jobid: 9
    benchmark: benchmarks/fastqc/unassigned_experiment.SNRNP70_CTL_IN_1.trimmed_fastqc.txt
    reason: Missing output files: output/fastqc/processed/SNRNP70_CTL_IN_1.trimmed.umi_fastqc.html; Input files updated by another job: output/fastqs/umi/SNRNP70_CTL_IN_1.trimmed.umi.fq.gz
    wildcards: replicate_label=SNRNP70_CTL_IN_1
    resources: tmpdir=/tmp

fastqc output/fastqs/umi/SNRNP70_CTL_IN_1.trimmed.umi.fq.gz --extract --outdir output/fastqc/processed -t 1

[Fri Oct 24 15:02:22 2025]
rule align_reads:
    input: output/fastqs/umi/SNRNP70_CTL_IN_1.trimmed.umi.fq.gz
    output: output/bams/raw/genome/SNRNP70_CTL_IN_1.genome.Aligned.out.bam, output/bams/raw/genome/SNRNP70_CTL_IN_1.genome.Log.final.out
    jobid: 35
    benchmark: benchmarks/align/unassigned_experiment.SNRNP70_CTL_IN_1.align_reads_genome.txt
    reason: Missing output files: output/bams/raw/genome/SNRNP70_CTL_IN_1.genome.Aligned.out.bam; Input files updated by another job: output/fastqs/umi/SNRNP70_CTL_IN_1.trimmed.umi.fq.gz
    wildcards: replicate_label=SNRNP70_CTL_IN_1
    threads: 8
    resources: tmpdir=/tmp

STAR --alignEndsType EndToEnd --genomeDir ./annotations/genome_ref --genomeLoad NoSharedMemory --outBAMcompression 10 --outFileNamePrefix output/bams/raw/genome/SNRNP70_CTL_IN_1.genome. --winAnchorMultimapNmax 100 --outFilterMultimapNmax 100 --outFilterMultimapScoreRange 1 --outSAMmultNmax 1 --outMultimapperOrder Random --outFilterScoreMin 10 --outFilterType BySJout --limitOutSJcollapsed 5000000 --outReadsUnmapped None --outSAMattrRGline ID:SNRNP70_CTL_IN_1 --outSAMattributes All --outSAMmode Full --outSAMtype BAM Unsorted --outSAMunmapped Within --readFilesCommand zcat --outStd Log --readFilesIn output/fastqs/umi/SNRNP70_CTL_IN_1.trimmed.umi.fq.gz --runMode alignReads --runThreadN 8
[Fri Oct 24 15:03:08 2025]
Finished job 41.
71 of 142 steps (50%) done
Select jobs to execute...

[Fri Oct 24 15:03:08 2025]
rule quantify_repeats:
    input: ./annotations/genome_ref/chrNameLength.txt, output/bams/dedup/genome/SNRNP70_OSM_IN_1.genome.Aligned.sort.dedup.bam, ./annotations/repeatmasker.grch38.sort.unique.bed.gz
    output: output/counts/repeats/vectors/SNRNP70_OSM_IN_1.counts
    jobid: 92
    benchmark: benchmarks/repeats/unassigned_experiment.SNRNP70_OSM_IN_1.quantify_repeats.txt
    reason: Missing output files: output/counts/repeats/vectors/SNRNP70_OSM_IN_1.counts; Input files updated by another job: output/bams/dedup/genome/SNRNP70_OSM_IN_1.genome.Aligned.sort.dedup.bam
    wildcards: replicate_label=SNRNP70_OSM_IN_1
    resources: tmpdir=/tmp

bedtools bamtobed -i output/bams/dedup/genome/SNRNP70_OSM_IN_1.genome.Aligned.sort.dedup.bam | awk '($1 != "chrEBV") && ($4 !~ "/2$")' | bedtools flank -s -l 1 -r 0 -g ./annotations/genome_ref/chrNameLength.txt -i - | bedtools shift -p 1 -m -1 -g ./annotations/genome_ref/chrNameLength.txt -i - | bedtools sort -i - | bedtools coverage -s -counts -a ./annotations/repeatmasker.grch38.sort.unique.bed.gz -b - | awk 'BEGIN {print "SNRNP70_OSM_IN_1"} {print $NF}' > output/counts/repeats/vectors/SNRNP70_OSM_IN_1.counts

[Fri Oct 24 15:03:08 2025]
rule make_scaled_bigwig:
    input: ./annotations/genome_ref/chrNameLength.txt, output/bams/dedup/genome/SNRNP70_OSM_IN_1.genome.Aligned.sort.dedup.bam
    output: output/bedgraphs/scaled/plus/SNRNP70_OSM_IN_1.scaled.plus.bg, output/bedgraphs/scaled/minus/SNRNP70_OSM_IN_1.scaled.minus.bg, output/bigwigs/scaled/plus/SNRNP70_OSM_IN_1.scaled.plus.bw, output/bigwigs/scaled/minus/SNRNP70_OSM_IN_1.scaled.minus.bw
    jobid: 83
    benchmark: benchmarks/bigwigs/unassigned_experiment.SNRNP70_OSM_IN_1.make_bigwig.txt
    reason: Missing output files: output/bigwigs/scaled/plus/SNRNP70_OSM_IN_1.scaled.plus.bw; Input files updated by another job: output/bams/dedup/genome/SNRNP70_OSM_IN_1.genome.Aligned.sort.dedup.bam
    wildcards: replicate_label=SNRNP70_OSM_IN_1
    resources: tmpdir=/tmp

factor=$(samtools idxstats output/bams/dedup/genome/SNRNP70_OSM_IN_1.genome.Aligned.sort.dedup.bam | cut -f 3 | paste -sd+ | bc | xargs -I {} echo 'scale=6; 10^6 / {}' | bc);bedtools genomecov -scale $factor -5 -strand + -bg -ibam output/bams/dedup/genome/SNRNP70_OSM_IN_1.genome.Aligned.sort.dedup.bam | sort -k1,1 -k2,2n | grep -v EBV > output/bedgraphs/scaled/plus/SNRNP70_OSM_IN_1.scaled.plus.bg;bedtools genomecov -scale $factor -5 -strand - -bg -ibam output/bams/dedup/genome/SNRNP70_OSM_IN_1.genome.Aligned.sort.dedup.bam | sort -k1,1 -k2,2n | grep -v EBV > output/bedgraphs/scaled/minus/SNRNP70_OSM_IN_1.scaled.minus.bg;bedGraphToBigWig output/bedgraphs/scaled/plus/SNRNP70_OSM_IN_1.scaled.plus.bg ./annotations/genome_ref/chrNameLength.txt output/bigwigs/scaled/plus/SNRNP70_OSM_IN_1.scaled.plus.bw;bedGraphToBigWig output/bedgraphs/scaled/minus/SNRNP70_OSM_IN_1.scaled.minus.bg ./annotations/genome_ref/chrNameLength.txt output/bigwigs/scaled/minus/SNRNP70_OSM_IN_1.scaled.minus.bw;

[Fri Oct 24 15:03:08 2025]
rule index_bams:
    input: output/bams/dedup/genome/SNRNP70_OSM_IN_1.genome.Aligned.sort.dedup.bam
    output: output/bams/dedup/genome/SNRNP70_OSM_IN_1.genome.Aligned.sort.dedup.bam.bai
    jobid: 67
    benchmark: benchmarks/index_bam/dedup/genome/sort.dedup/unassigned_experiment.SNRNP70_OSM_IN_1.genome.index_bam.txt
    reason: Missing output files: output/bams/dedup/genome/SNRNP70_OSM_IN_1.genome.Aligned.sort.dedup.bam.bai; Input files updated by another job: output/bams/dedup/genome/SNRNP70_OSM_IN_1.genome.Aligned.sort.dedup.bam
    wildcards: round=dedup, ref=genome, replicate_label=SNRNP70_OSM_IN_1.genome, mid=sort.dedup
    threads: 2
    resources: tmpdir=/tmp

samtools index -@ 2 output/bams/dedup/genome/SNRNP70_OSM_IN_1.genome.Aligned.sort.dedup.bam;

[Fri Oct 24 15:03:08 2025]
rule partition_bam_reads:
    input: ./annotations/genome_ref/chrNameLength.txt, output/bams/dedup/genome/SNRNP70_OSM_IN_1.genome.Aligned.sort.dedup.bam, ./annotations/gencode.v38.annotation.k562_totalrna.gt1.tiled_partition.bed.gz
    output: output/counts/genome/vectors/SNRNP70_OSM_IN_1.counts
    jobid: 112
    benchmark: benchmarks/counts/unassigned_experiment.SNRNP70_OSM_IN_1.partition_bam_reads.txt
    reason: Missing output files: output/counts/genome/vectors/SNRNP70_OSM_IN_1.counts; Input files updated by another job: output/bams/dedup/genome/SNRNP70_OSM_IN_1.genome.Aligned.sort.dedup.bam
    wildcards: replicate_label=SNRNP70_OSM_IN_1
    resources: tmpdir=/tmp

bedtools bamtobed -i output/bams/dedup/genome/SNRNP70_OSM_IN_1.genome.Aligned.sort.dedup.bam | awk '($1 != "chrEBV") && ($4 !~ "/2$")' | bedtools flank -s -l 1 -r 0 -g ./annotations/genome_ref/chrNameLength.txt -i - | bedtools shift -p 1 -m -1 -g ./annotations/genome_ref/chrNameLength.txt -i - | bedtools sort -i - | bedtools coverage -counts -s -a ./annotations/gencode.v38.annotation.k562_totalrna.gt1.tiled_partition.bed.gz -b - | cut -f 7 | awk 'BEGIN {print "SNRNP70_OSM_IN_1"} {print}' > output/counts/genome/vectors/SNRNP70_OSM_IN_1.counts;

[Fri Oct 24 15:03:08 2025]
rule make_unscaled_bigwig:
    input: ./annotations/genome_ref/chrNameLength.txt, output/bams/dedup/genome/SNRNP70_OSM_IN_1.genome.Aligned.sort.dedup.bam
    output: output/bedgraphs/unscaled/plus/SNRNP70_OSM_IN_1.unscaled.plus.bg, output/bedgraphs/unscaled/minus/SNRNP70_OSM_IN_1.unscaled.minus.bg, output/bigwigs/unscaled/plus/SNRNP70_OSM_IN_1.unscaled.plus.bw, output/bigwigs/unscaled/minus/SNRNP70_OSM_IN_1.unscaled.minus.bw
    jobid: 75
    benchmark: benchmarks/bigwigs/unassigned_experiment.SNRNP70_OSM_IN_1.make_bigwig.txt
    reason: Missing output files: output/bigwigs/unscaled/plus/SNRNP70_OSM_IN_1.unscaled.plus.bw; Input files updated by another job: output/bams/dedup/genome/SNRNP70_OSM_IN_1.genome.Aligned.sort.dedup.bam
    wildcards: replicate_label=SNRNP70_OSM_IN_1
    resources: tmpdir=/tmp

bedtools genomecov -5 -strand + -bg -ibam output/bams/dedup/genome/SNRNP70_OSM_IN_1.genome.Aligned.sort.dedup.bam | sort -k1,1 -k2,2n | grep -v EBV > output/bedgraphs/unscaled/plus/SNRNP70_OSM_IN_1.unscaled.plus.bg;bedtools genomecov -5 -strand - -bg -ibam output/bams/dedup/genome/SNRNP70_OSM_IN_1.genome.Aligned.sort.dedup.bam | sort -k1,1 -k2,2n | grep -v EBV > output/bedgraphs/unscaled/minus/SNRNP70_OSM_IN_1.unscaled.minus.bg;bedGraphToBigWig output/bedgraphs/unscaled/plus/SNRNP70_OSM_IN_1.unscaled.plus.bg ./annotations/genome_ref/chrNameLength.txt output/bigwigs/unscaled/plus/SNRNP70_OSM_IN_1.unscaled.plus.bw;bedGraphToBigWig output/bedgraphs/unscaled/minus/SNRNP70_OSM_IN_1.unscaled.minus.bg ./annotations/genome_ref/chrNameLength.txt output/bigwigs/unscaled/minus/SNRNP70_OSM_IN_1.unscaled.minus.bw;
[Fri Oct 24 15:03:09 2025]
Finished job 67.
72 of 142 steps (51%) done
[Fri Oct 24 15:03:32 2025]
Finished job 112.
73 of 142 steps (51%) done
[Fri Oct 24 15:03:40 2025]
Finished job 92.
74 of 142 steps (52%) done
[Fri Oct 24 15:03:56 2025]
Finished job 75.
75 of 142 steps (53%) done
Removing temporary output output/bedgraphs/unscaled/plus/SNRNP70_OSM_IN_1.unscaled.plus.bg.
Removing temporary output output/bedgraphs/unscaled/minus/SNRNP70_OSM_IN_1.unscaled.minus.bg.
[Fri Oct 24 15:03:57 2025]
Finished job 83.
76 of 142 steps (54%) done
Removing temporary output output/bedgraphs/scaled/plus/SNRNP70_OSM_IN_1.scaled.plus.bg.
Removing temporary output output/bedgraphs/scaled/minus/SNRNP70_OSM_IN_1.scaled.minus.bg.
[Fri Oct 24 15:04:19 2025]
Finished job 29.
77 of 142 steps (54%) done
Select jobs to execute...

[Fri Oct 24 15:04:19 2025]
rule extract_umi:
    input: output/fastqs/trimmed/SNRNP70_OSM_IP_1-trimmed.fastq.gz
    output: output/fastqs/umi/SNRNP70_OSM_IP_1.trimmed.umi.fq.gz, output/fastp/SNRNP70_OSM_IP_1.fastp.json, output/fastp/SNRNP70_OSM_IP_1.fastp.html
    jobid: 28
    benchmark: benchmarks/umi/unassigned_experiment.SNRNP70_OSM_IP_1.extract_umi.txt
    reason: Missing output files: output/fastqs/umi/SNRNP70_OSM_IP_1.trimmed.umi.fq.gz; Input files updated by another job: output/fastqs/trimmed/SNRNP70_OSM_IP_1-trimmed.fastq.gz
    wildcards: replicate_label=SNRNP70_OSM_IP_1
    threads: 8
    resources: tmpdir=/tmp

fastp -i output/fastqs/trimmed/SNRNP70_OSM_IP_1-trimmed.fastq.gz -o output/fastqs/umi/SNRNP70_OSM_IP_1.trimmed.umi.fq.gz -A -U --umi_len=10 --umi_loc=read1 -j output/fastp/SNRNP70_OSM_IP_1.fastp.json -h output/fastp/SNRNP70_OSM_IP_1.fastp.html -w 8
[Fri Oct 24 15:12:01 2025]
Finished job 9.
78 of 142 steps (55%) done
[Fri Oct 24 15:13:19 2025]
Finished job 35.
79 of 142 steps (56%) done
Select jobs to execute...

[Fri Oct 24 15:13:19 2025]
rule sort_bam:
    input: output/bams/raw/genome/SNRNP70_CTL_IN_1.genome.Aligned.out.bam
    output: output/bams/raw/genome/SNRNP70_CTL_IN_1.genome.Aligned.sort.bam
    jobid: 34
    benchmark: benchmarks/sort/genome/unassigned_experiment.SNRNP70_CTL_IN_1.sort_bam.txt
    reason: Missing output files: output/bams/raw/genome/SNRNP70_CTL_IN_1.genome.Aligned.sort.bam; Input files updated by another job: output/bams/raw/genome/SNRNP70_CTL_IN_1.genome.Aligned.out.bam
    wildcards: ref=genome, replicate_label=SNRNP70_CTL_IN_1
    threads: 2
    resources: tmpdir=/tmp

samtools sort -T SNRNP70_CTL_IN_1 -@ 2 -o output/bams/raw/genome/SNRNP70_CTL_IN_1.genome.Aligned.sort.bam output/bams/raw/genome/SNRNP70_CTL_IN_1.genome.Aligned.out.bam;
[Fri Oct 24 15:16:21 2025]
Finished job 28.
80 of 142 steps (56%) done
Removing temporary output output/fastqs/trimmed/SNRNP70_OSM_IP_1-trimmed.fastq.gz.
Select jobs to execute...

[Fri Oct 24 15:16:25 2025]
rule align_reads:
    input: output/fastqs/umi/SNRNP70_OSM_IP_1.trimmed.umi.fq.gz
    output: output/bams/raw/genome/SNRNP70_OSM_IP_1.genome.Aligned.out.bam, output/bams/raw/genome/SNRNP70_OSM_IP_1.genome.Log.final.out
    jobid: 59
    benchmark: benchmarks/align/unassigned_experiment.SNRNP70_OSM_IP_1.align_reads_genome.txt
    reason: Missing output files: output/bams/raw/genome/SNRNP70_OSM_IP_1.genome.Aligned.out.bam; Input files updated by another job: output/fastqs/umi/SNRNP70_OSM_IP_1.trimmed.umi.fq.gz
    wildcards: replicate_label=SNRNP70_OSM_IP_1
    threads: 8
    resources: tmpdir=/tmp

STAR --alignEndsType EndToEnd --genomeDir ./annotations/genome_ref --genomeLoad NoSharedMemory --outBAMcompression 10 --outFileNamePrefix output/bams/raw/genome/SNRNP70_OSM_IP_1.genome. --winAnchorMultimapNmax 100 --outFilterMultimapNmax 100 --outFilterMultimapScoreRange 1 --outSAMmultNmax 1 --outMultimapperOrder Random --outFilterScoreMin 10 --outFilterType BySJout --limitOutSJcollapsed 5000000 --outReadsUnmapped None --outSAMattrRGline ID:SNRNP70_OSM_IP_1 --outSAMattributes All --outSAMmode Full --outSAMtype BAM Unsorted --outSAMunmapped Within --readFilesCommand zcat --outStd Log --readFilesIn output/fastqs/umi/SNRNP70_OSM_IP_1.trimmed.umi.fq.gz --runMode alignReads --runThreadN 8

[Fri Oct 24 15:16:25 2025]
rule run_trimmed_fastqc:
    input: output/fastqs/umi/SNRNP70_OSM_IP_1.trimmed.umi.fq.gz
    output: output/fastqc/processed/SNRNP70_OSM_IP_1.trimmed.umi_fastqc.html, output/fastqc/processed/SNRNP70_OSM_IP_1.trimmed.umi_fastqc.zip
    jobid: 27
    benchmark: benchmarks/fastqc/unassigned_experiment.SNRNP70_OSM_IP_1.trimmed_fastqc.txt
    reason: Missing output files: output/fastqc/processed/SNRNP70_OSM_IP_1.trimmed.umi_fastqc.html; Input files updated by another job: output/fastqs/umi/SNRNP70_OSM_IP_1.trimmed.umi.fq.gz
    wildcards: replicate_label=SNRNP70_OSM_IP_1
    resources: tmpdir=/tmp

fastqc output/fastqs/umi/SNRNP70_OSM_IP_1.trimmed.umi.fq.gz --extract --outdir output/fastqc/processed -t 1
[Fri Oct 24 15:17:08 2025]
Finished job 61.
81 of 142 steps (57%) done
Select jobs to execute...

[Fri Oct 24 15:17:08 2025]
rule partition_bam_reads:
    input: ./annotations/genome_ref/chrNameLength.txt, output/bams/dedup/genome/SNRNP70_OSM_IP_2.genome.Aligned.sort.dedup.bam, ./annotations/gencode.v38.annotation.k562_totalrna.gt1.tiled_partition.bed.gz
    output: output/counts/genome/vectors/SNRNP70_OSM_IP_2.counts
    jobid: 110
    benchmark: benchmarks/counts/unassigned_experiment.SNRNP70_OSM_IP_2.partition_bam_reads.txt
    reason: Missing output files: output/counts/genome/vectors/SNRNP70_OSM_IP_2.counts; Input files updated by another job: output/bams/dedup/genome/SNRNP70_OSM_IP_2.genome.Aligned.sort.dedup.bam
    wildcards: replicate_label=SNRNP70_OSM_IP_2
    resources: tmpdir=/tmp

bedtools bamtobed -i output/bams/dedup/genome/SNRNP70_OSM_IP_2.genome.Aligned.sort.dedup.bam | awk '($1 != "chrEBV") && ($4 !~ "/2$")' | bedtools flank -s -l 1 -r 0 -g ./annotations/genome_ref/chrNameLength.txt -i - | bedtools shift -p 1 -m -1 -g ./annotations/genome_ref/chrNameLength.txt -i - | bedtools sort -i - | bedtools coverage -counts -s -a ./annotations/gencode.v38.annotation.k562_totalrna.gt1.tiled_partition.bed.gz -b - | cut -f 7 | awk 'BEGIN {print "SNRNP70_OSM_IP_2"} {print}' > output/counts/genome/vectors/SNRNP70_OSM_IP_2.counts;

[Fri Oct 24 15:17:08 2025]
rule make_unscaled_bigwig:
    input: ./annotations/genome_ref/chrNameLength.txt, output/bams/dedup/genome/SNRNP70_OSM_IP_2.genome.Aligned.sort.dedup.bam
    output: output/bedgraphs/unscaled/plus/SNRNP70_OSM_IP_2.unscaled.plus.bg, output/bedgraphs/unscaled/minus/SNRNP70_OSM_IP_2.unscaled.minus.bg, output/bigwigs/unscaled/plus/SNRNP70_OSM_IP_2.unscaled.plus.bw, output/bigwigs/unscaled/minus/SNRNP70_OSM_IP_2.unscaled.minus.bw
    jobid: 80
    benchmark: benchmarks/bigwigs/unassigned_experiment.SNRNP70_OSM_IP_2.make_bigwig.txt
    reason: Missing output files: output/bigwigs/unscaled/plus/SNRNP70_OSM_IP_2.unscaled.plus.bw; Input files updated by another job: output/bams/dedup/genome/SNRNP70_OSM_IP_2.genome.Aligned.sort.dedup.bam
    wildcards: replicate_label=SNRNP70_OSM_IP_2
    resources: tmpdir=/tmp

bedtools genomecov -5 -strand + -bg -ibam output/bams/dedup/genome/SNRNP70_OSM_IP_2.genome.Aligned.sort.dedup.bam | sort -k1,1 -k2,2n | grep -v EBV > output/bedgraphs/unscaled/plus/SNRNP70_OSM_IP_2.unscaled.plus.bg;bedtools genomecov -5 -strand - -bg -ibam output/bams/dedup/genome/SNRNP70_OSM_IP_2.genome.Aligned.sort.dedup.bam | sort -k1,1 -k2,2n | grep -v EBV > output/bedgraphs/unscaled/minus/SNRNP70_OSM_IP_2.unscaled.minus.bg;bedGraphToBigWig output/bedgraphs/unscaled/plus/SNRNP70_OSM_IP_2.unscaled.plus.bg ./annotations/genome_ref/chrNameLength.txt output/bigwigs/unscaled/plus/SNRNP70_OSM_IP_2.unscaled.plus.bw;bedGraphToBigWig output/bedgraphs/unscaled/minus/SNRNP70_OSM_IP_2.unscaled.minus.bg ./annotations/genome_ref/chrNameLength.txt output/bigwigs/unscaled/minus/SNRNP70_OSM_IP_2.unscaled.minus.bw;

[Fri Oct 24 15:17:08 2025]
rule quantify_repeats:
    input: ./annotations/genome_ref/chrNameLength.txt, output/bams/dedup/genome/SNRNP70_OSM_IP_2.genome.Aligned.sort.dedup.bam, ./annotations/repeatmasker.grch38.sort.unique.bed.gz
    output: output/counts/repeats/vectors/SNRNP70_OSM_IP_2.counts
    jobid: 97
    benchmark: benchmarks/repeats/unassigned_experiment.SNRNP70_OSM_IP_2.quantify_repeats.txt
    reason: Missing output files: output/counts/repeats/vectors/SNRNP70_OSM_IP_2.counts; Input files updated by another job: output/bams/dedup/genome/SNRNP70_OSM_IP_2.genome.Aligned.sort.dedup.bam
    wildcards: replicate_label=SNRNP70_OSM_IP_2
    resources: tmpdir=/tmp

bedtools bamtobed -i output/bams/dedup/genome/SNRNP70_OSM_IP_2.genome.Aligned.sort.dedup.bam | awk '($1 != "chrEBV") && ($4 !~ "/2$")' | bedtools flank -s -l 1 -r 0 -g ./annotations/genome_ref/chrNameLength.txt -i - | bedtools shift -p 1 -m -1 -g ./annotations/genome_ref/chrNameLength.txt -i - | bedtools sort -i - | bedtools coverage -s -counts -a ./annotations/repeatmasker.grch38.sort.unique.bed.gz -b - | awk 'BEGIN {print "SNRNP70_OSM_IP_2"} {print $NF}' > output/counts/repeats/vectors/SNRNP70_OSM_IP_2.counts

[Fri Oct 24 15:17:08 2025]
rule make_scaled_bigwig:
    input: ./annotations/genome_ref/chrNameLength.txt, output/bams/dedup/genome/SNRNP70_OSM_IP_2.genome.Aligned.sort.dedup.bam
    output: output/bedgraphs/scaled/plus/SNRNP70_OSM_IP_2.scaled.plus.bg, output/bedgraphs/scaled/minus/SNRNP70_OSM_IP_2.scaled.minus.bg, output/bigwigs/scaled/plus/SNRNP70_OSM_IP_2.scaled.plus.bw, output/bigwigs/scaled/minus/SNRNP70_OSM_IP_2.scaled.minus.bw
    jobid: 88
    benchmark: benchmarks/bigwigs/unassigned_experiment.SNRNP70_OSM_IP_2.make_bigwig.txt
    reason: Missing output files: output/bigwigs/scaled/plus/SNRNP70_OSM_IP_2.scaled.plus.bw; Input files updated by another job: output/bams/dedup/genome/SNRNP70_OSM_IP_2.genome.Aligned.sort.dedup.bam
    wildcards: replicate_label=SNRNP70_OSM_IP_2
    resources: tmpdir=/tmp

factor=$(samtools idxstats output/bams/dedup/genome/SNRNP70_OSM_IP_2.genome.Aligned.sort.dedup.bam | cut -f 3 | paste -sd+ | bc | xargs -I {} echo 'scale=6; 10^6 / {}' | bc);bedtools genomecov -scale $factor -5 -strand + -bg -ibam output/bams/dedup/genome/SNRNP70_OSM_IP_2.genome.Aligned.sort.dedup.bam | sort -k1,1 -k2,2n | grep -v EBV > output/bedgraphs/scaled/plus/SNRNP70_OSM_IP_2.scaled.plus.bg;bedtools genomecov -scale $factor -5 -strand - -bg -ibam output/bams/dedup/genome/SNRNP70_OSM_IP_2.genome.Aligned.sort.dedup.bam | sort -k1,1 -k2,2n | grep -v EBV > output/bedgraphs/scaled/minus/SNRNP70_OSM_IP_2.scaled.minus.bg;bedGraphToBigWig output/bedgraphs/scaled/plus/SNRNP70_OSM_IP_2.scaled.plus.bg ./annotations/genome_ref/chrNameLength.txt output/bigwigs/scaled/plus/SNRNP70_OSM_IP_2.scaled.plus.bw;bedGraphToBigWig output/bedgraphs/scaled/minus/SNRNP70_OSM_IP_2.scaled.minus.bg ./annotations/genome_ref/chrNameLength.txt output/bigwigs/scaled/minus/SNRNP70_OSM_IP_2.scaled.minus.bw;

[Fri Oct 24 15:17:08 2025]
rule index_bams:
    input: output/bams/dedup/genome/SNRNP70_OSM_IP_2.genome.Aligned.sort.dedup.bam
    output: output/bams/dedup/genome/SNRNP70_OSM_IP_2.genome.Aligned.sort.dedup.bam.bai
    jobid: 72
    benchmark: benchmarks/index_bam/dedup/genome/sort.dedup/unassigned_experiment.SNRNP70_OSM_IP_2.genome.index_bam.txt
    reason: Missing output files: output/bams/dedup/genome/SNRNP70_OSM_IP_2.genome.Aligned.sort.dedup.bam.bai; Input files updated by another job: output/bams/dedup/genome/SNRNP70_OSM_IP_2.genome.Aligned.sort.dedup.bam
    wildcards: round=dedup, ref=genome, replicate_label=SNRNP70_OSM_IP_2.genome, mid=sort.dedup
    threads: 2
    resources: tmpdir=/tmp

samtools index -@ 2 output/bams/dedup/genome/SNRNP70_OSM_IP_2.genome.Aligned.sort.dedup.bam;
[Fri Oct 24 15:17:12 2025]
Finished job 72.
82 of 142 steps (58%) done
[Fri Oct 24 15:18:52 2025]
Finished job 80.
83 of 142 steps (58%) done
Removing temporary output output/bedgraphs/unscaled/plus/SNRNP70_OSM_IP_2.unscaled.plus.bg.
Removing temporary output output/bedgraphs/unscaled/minus/SNRNP70_OSM_IP_2.unscaled.minus.bg.
[Fri Oct 24 15:19:04 2025]
Finished job 88.
84 of 142 steps (59%) done
Removing temporary output output/bedgraphs/scaled/plus/SNRNP70_OSM_IP_2.scaled.plus.bg.
Removing temporary output output/bedgraphs/scaled/minus/SNRNP70_OSM_IP_2.scaled.minus.bg.
[Fri Oct 24 15:19:08 2025]
Finished job 110.
85 of 142 steps (60%) done
[Fri Oct 24 15:19:32 2025]
Finished job 97.
86 of 142 steps (61%) done
[Fri Oct 24 15:19:58 2025]
Finished job 34.
87 of 142 steps (61%) done
Removing temporary output output/bams/raw/genome/SNRNP70_CTL_IN_1.genome.Aligned.out.bam.
Select jobs to execute...

[Fri Oct 24 15:20:01 2025]
rule index_bams:
    input: output/bams/raw/genome/SNRNP70_CTL_IN_1.genome.Aligned.sort.bam
    output: output/bams/raw/genome/SNRNP70_CTL_IN_1.genome.Aligned.sort.bam.bai
    jobid: 36
    benchmark: benchmarks/index_bam/raw/genome/sort/unassigned_experiment.SNRNP70_CTL_IN_1.genome.index_bam.txt
    reason: Missing output files: output/bams/raw/genome/SNRNP70_CTL_IN_1.genome.Aligned.sort.bam.bai; Input files updated by another job: output/bams/raw/genome/SNRNP70_CTL_IN_1.genome.Aligned.sort.bam
    wildcards: round=raw, ref=genome, replicate_label=SNRNP70_CTL_IN_1.genome, mid=sort
    threads: 2
    resources: tmpdir=/tmp

samtools index -@ 2 output/bams/raw/genome/SNRNP70_CTL_IN_1.genome.Aligned.sort.bam;
[Fri Oct 24 15:20:21 2025]
Finished job 36.
88 of 142 steps (62%) done
Select jobs to execute...

[Fri Oct 24 15:20:21 2025]
rule dedup_umi:
    input: output/bams/raw/genome/SNRNP70_CTL_IN_1.genome.Aligned.sort.bam, output/bams/raw/genome/SNRNP70_CTL_IN_1.genome.Aligned.sort.bam.bai
    output: output/bams/dedup/genome/SNRNP70_CTL_IN_1.genome.Aligned.sort.dedup.bam
    jobid: 33
    benchmark: benchmarks/dedup/genome/unassigned_experiment.SNRNP70_CTL_IN_1.dedup_umi.txt
    reason: Missing output files: output/bams/dedup/genome/SNRNP70_CTL_IN_1.genome.Aligned.sort.dedup.bam; Input files updated by another job: output/bams/raw/genome/SNRNP70_CTL_IN_1.genome.Aligned.sort.bam.bai, output/bams/raw/genome/SNRNP70_CTL_IN_1.genome.Aligned.sort.bam
    wildcards: replicate_label=SNRNP70_CTL_IN_1
    resources: tmpdir=/tmp

java -server -Xms8G -Xmx8G -Xss20M -jar installation/UMICollapse-1.0.0/umicollapse.jar bam -i output/bams/raw/genome/SNRNP70_CTL_IN_1.genome.Aligned.sort.bam -o output/bams/dedup/genome/SNRNP70_CTL_IN_1.genome.Aligned.sort.dedup.bam --umi-sep : --two-pass
[Fri Oct 24 15:29:26 2025]
Finished job 33.
89 of 142 steps (63%) done
Select jobs to execute...

[Fri Oct 24 15:29:26 2025]
rule make_scaled_bigwig:
    input: ./annotations/genome_ref/chrNameLength.txt, output/bams/dedup/genome/SNRNP70_CTL_IN_1.genome.Aligned.sort.dedup.bam
    output: output/bedgraphs/scaled/plus/SNRNP70_CTL_IN_1.scaled.plus.bg, output/bedgraphs/scaled/minus/SNRNP70_CTL_IN_1.scaled.minus.bg, output/bigwigs/scaled/plus/SNRNP70_CTL_IN_1.scaled.plus.bw, output/bigwigs/scaled/minus/SNRNP70_CTL_IN_1.scaled.minus.bw
    jobid: 81
    benchmark: benchmarks/bigwigs/unassigned_experiment.SNRNP70_CTL_IN_1.make_bigwig.txt
    reason: Missing output files: output/bigwigs/scaled/plus/SNRNP70_CTL_IN_1.scaled.plus.bw; Input files updated by another job: output/bams/dedup/genome/SNRNP70_CTL_IN_1.genome.Aligned.sort.dedup.bam
    wildcards: replicate_label=SNRNP70_CTL_IN_1
    resources: tmpdir=/tmp

factor=$(samtools idxstats output/bams/dedup/genome/SNRNP70_CTL_IN_1.genome.Aligned.sort.dedup.bam | cut -f 3 | paste -sd+ | bc | xargs -I {} echo 'scale=6; 10^6 / {}' | bc);bedtools genomecov -scale $factor -5 -strand + -bg -ibam output/bams/dedup/genome/SNRNP70_CTL_IN_1.genome.Aligned.sort.dedup.bam | sort -k1,1 -k2,2n | grep -v EBV > output/bedgraphs/scaled/plus/SNRNP70_CTL_IN_1.scaled.plus.bg;bedtools genomecov -scale $factor -5 -strand - -bg -ibam output/bams/dedup/genome/SNRNP70_CTL_IN_1.genome.Aligned.sort.dedup.bam | sort -k1,1 -k2,2n | grep -v EBV > output/bedgraphs/scaled/minus/SNRNP70_CTL_IN_1.scaled.minus.bg;bedGraphToBigWig output/bedgraphs/scaled/plus/SNRNP70_CTL_IN_1.scaled.plus.bg ./annotations/genome_ref/chrNameLength.txt output/bigwigs/scaled/plus/SNRNP70_CTL_IN_1.scaled.plus.bw;bedGraphToBigWig output/bedgraphs/scaled/minus/SNRNP70_CTL_IN_1.scaled.minus.bg ./annotations/genome_ref/chrNameLength.txt output/bigwigs/scaled/minus/SNRNP70_CTL_IN_1.scaled.minus.bw;

[Fri Oct 24 15:29:26 2025]
rule partition_bam_reads:
    input: ./annotations/genome_ref/chrNameLength.txt, output/bams/dedup/genome/SNRNP70_CTL_IN_1.genome.Aligned.sort.dedup.bam, ./annotations/gencode.v38.annotation.k562_totalrna.gt1.tiled_partition.bed.gz
    output: output/counts/genome/vectors/SNRNP70_CTL_IN_1.counts
    jobid: 103
    benchmark: benchmarks/counts/unassigned_experiment.SNRNP70_CTL_IN_1.partition_bam_reads.txt
    reason: Missing output files: output/counts/genome/vectors/SNRNP70_CTL_IN_1.counts; Input files updated by another job: output/bams/dedup/genome/SNRNP70_CTL_IN_1.genome.Aligned.sort.dedup.bam
    wildcards: replicate_label=SNRNP70_CTL_IN_1
    resources: tmpdir=/tmp

bedtools bamtobed -i output/bams/dedup/genome/SNRNP70_CTL_IN_1.genome.Aligned.sort.dedup.bam | awk '($1 != "chrEBV") && ($4 !~ "/2$")' | bedtools flank -s -l 1 -r 0 -g ./annotations/genome_ref/chrNameLength.txt -i - | bedtools shift -p 1 -m -1 -g ./annotations/genome_ref/chrNameLength.txt -i - | bedtools sort -i - | bedtools coverage -counts -s -a ./annotations/gencode.v38.annotation.k562_totalrna.gt1.tiled_partition.bed.gz -b - | cut -f 7 | awk 'BEGIN {print "SNRNP70_CTL_IN_1"} {print}' > output/counts/genome/vectors/SNRNP70_CTL_IN_1.counts;

[Fri Oct 24 15:29:26 2025]
rule index_bams:
    input: output/bams/dedup/genome/SNRNP70_CTL_IN_1.genome.Aligned.sort.dedup.bam
    output: output/bams/dedup/genome/SNRNP70_CTL_IN_1.genome.Aligned.sort.dedup.bam.bai
    jobid: 65
    benchmark: benchmarks/index_bam/dedup/genome/sort.dedup/unassigned_experiment.SNRNP70_CTL_IN_1.genome.index_bam.txt
    reason: Missing output files: output/bams/dedup/genome/SNRNP70_CTL_IN_1.genome.Aligned.sort.dedup.bam.bai; Input files updated by another job: output/bams/dedup/genome/SNRNP70_CTL_IN_1.genome.Aligned.sort.dedup.bam
    wildcards: round=dedup, ref=genome, replicate_label=SNRNP70_CTL_IN_1.genome, mid=sort.dedup
    threads: 2
    resources: tmpdir=/tmp

samtools index -@ 2 output/bams/dedup/genome/SNRNP70_CTL_IN_1.genome.Aligned.sort.dedup.bam;

[Fri Oct 24 15:29:26 2025]
rule make_unscaled_bigwig:
    input: ./annotations/genome_ref/chrNameLength.txt, output/bams/dedup/genome/SNRNP70_CTL_IN_1.genome.Aligned.sort.dedup.bam
    output: output/bedgraphs/unscaled/plus/SNRNP70_CTL_IN_1.unscaled.plus.bg, output/bedgraphs/unscaled/minus/SNRNP70_CTL_IN_1.unscaled.minus.bg, output/bigwigs/unscaled/plus/SNRNP70_CTL_IN_1.unscaled.plus.bw, output/bigwigs/unscaled/minus/SNRNP70_CTL_IN_1.unscaled.minus.bw
    jobid: 73
    benchmark: benchmarks/bigwigs/unassigned_experiment.SNRNP70_CTL_IN_1.make_bigwig.txt
    reason: Missing output files: output/bigwigs/unscaled/plus/SNRNP70_CTL_IN_1.unscaled.plus.bw; Input files updated by another job: output/bams/dedup/genome/SNRNP70_CTL_IN_1.genome.Aligned.sort.dedup.bam
    wildcards: replicate_label=SNRNP70_CTL_IN_1
    resources: tmpdir=/tmp

bedtools genomecov -5 -strand + -bg -ibam output/bams/dedup/genome/SNRNP70_CTL_IN_1.genome.Aligned.sort.dedup.bam | sort -k1,1 -k2,2n | grep -v EBV > output/bedgraphs/unscaled/plus/SNRNP70_CTL_IN_1.unscaled.plus.bg;bedtools genomecov -5 -strand - -bg -ibam output/bams/dedup/genome/SNRNP70_CTL_IN_1.genome.Aligned.sort.dedup.bam | sort -k1,1 -k2,2n | grep -v EBV > output/bedgraphs/unscaled/minus/SNRNP70_CTL_IN_1.unscaled.minus.bg;bedGraphToBigWig output/bedgraphs/unscaled/plus/SNRNP70_CTL_IN_1.unscaled.plus.bg ./annotations/genome_ref/chrNameLength.txt output/bigwigs/unscaled/plus/SNRNP70_CTL_IN_1.unscaled.plus.bw;bedGraphToBigWig output/bedgraphs/unscaled/minus/SNRNP70_CTL_IN_1.unscaled.minus.bg ./annotations/genome_ref/chrNameLength.txt output/bigwigs/unscaled/minus/SNRNP70_CTL_IN_1.unscaled.minus.bw;

[Fri Oct 24 15:29:26 2025]
rule quantify_repeats:
    input: ./annotations/genome_ref/chrNameLength.txt, output/bams/dedup/genome/SNRNP70_CTL_IN_1.genome.Aligned.sort.dedup.bam, ./annotations/repeatmasker.grch38.sort.unique.bed.gz
    output: output/counts/repeats/vectors/SNRNP70_CTL_IN_1.counts
    jobid: 89
    benchmark: benchmarks/repeats/unassigned_experiment.SNRNP70_CTL_IN_1.quantify_repeats.txt
    reason: Missing output files: output/counts/repeats/vectors/SNRNP70_CTL_IN_1.counts; Input files updated by another job: output/bams/dedup/genome/SNRNP70_CTL_IN_1.genome.Aligned.sort.dedup.bam
    wildcards: replicate_label=SNRNP70_CTL_IN_1
    resources: tmpdir=/tmp

bedtools bamtobed -i output/bams/dedup/genome/SNRNP70_CTL_IN_1.genome.Aligned.sort.dedup.bam | awk '($1 != "chrEBV") && ($4 !~ "/2$")' | bedtools flank -s -l 1 -r 0 -g ./annotations/genome_ref/chrNameLength.txt -i - | bedtools shift -p 1 -m -1 -g ./annotations/genome_ref/chrNameLength.txt -i - | bedtools sort -i - | bedtools coverage -s -counts -a ./annotations/repeatmasker.grch38.sort.unique.bed.gz -b - | awk 'BEGIN {print "SNRNP70_CTL_IN_1"} {print $NF}' > output/counts/repeats/vectors/SNRNP70_CTL_IN_1.counts
[Fri Oct 24 15:29:28 2025]
Finished job 65.
90 of 142 steps (63%) done
[Fri Oct 24 15:30:32 2025]
Finished job 103.
91 of 142 steps (64%) done
Select jobs to execute...

[Fri Oct 24 15:30:32 2025]
rule make_genome_count_table:
    input: ./annotations/gencode.v38.annotation.k562_totalrna.gt1.tiled_partition.nuc.gz, output/counts/genome/vectors/SNRNP70_CTL_IN_1.counts, output/counts/genome/vectors/SNRNP70_CTL_IN_2.counts, output/counts/genome/vectors/SNRNP70_CTL_IP_1.counts, output/counts/genome/vectors/SNRNP70_CTL_IP_2.counts
    output: output/counts/genome/tables/SNRNP70_CTL.tsv.gz
    jobid: 101
    benchmark: benchmarks/counts/SNRNP70_CTL.all_replicates.make_genome_count_table.txt
    reason: Missing output files: output/counts/genome/tables/SNRNP70_CTL.tsv.gz; Input files updated by another job: output/counts/genome/vectors/SNRNP70_CTL_IP_2.counts, output/counts/genome/vectors/SNRNP70_CTL_IN_1.counts, output/counts/genome/vectors/SNRNP70_CTL_IN_2.counts, output/counts/genome/vectors/SNRNP70_CTL_IP_1.counts
    wildcards: experiment_label=SNRNP70_CTL
    resources: tmpdir=/tmp

paste <(zcat ./annotations/gencode.v38.annotation.k562_totalrna.gt1.tiled_partition.nuc.gz | awk -v OFS="\t" 'BEGIN {print "chr\tstart\tend\tname\tscore\tstrand\tgc"} NR > 1 {print $1,$2,$3,$4,$5,$6,$8}' ) output/counts/genome/vectors/SNRNP70_CTL_IN_1.counts output/counts/genome/vectors/SNRNP70_CTL_IN_2.counts output/counts/genome/vectors/SNRNP70_CTL_IP_1.counts output/counts/genome/vectors/SNRNP70_CTL_IP_2.counts | gzip -c > output/counts/genome/tables/SNRNP70_CTL.tsv.gz;
[Fri Oct 24 15:30:41 2025]
Finished job 73.
92 of 142 steps (65%) done
Removing temporary output output/bedgraphs/unscaled/plus/SNRNP70_CTL_IN_1.unscaled.plus.bg.
Removing temporary output output/bedgraphs/unscaled/minus/SNRNP70_CTL_IN_1.unscaled.minus.bg.
[Fri Oct 24 15:30:45 2025]
Finished job 81.
93 of 142 steps (65%) done
Removing temporary output output/bedgraphs/scaled/plus/SNRNP70_CTL_IN_1.scaled.plus.bg.
Removing temporary output output/bedgraphs/scaled/minus/SNRNP70_CTL_IN_1.scaled.minus.bg.
[Fri Oct 24 15:30:46 2025]
Finished job 101.
94 of 142 steps (66%) done
Select jobs to execute...

[Fri Oct 24 15:30:47 2025]
rule fit_input_betabinomial_model:
    input: output/counts/genome/tables/SNRNP70_CTL.tsv.gz
    output: output/input_model_coef/SNRNP70_CTL.SNRNP70_CTL_IN_2.tsv
    jobid: 108
    benchmark: benchmarks/betabinomial/SNRNP70_CTL.SNRNP70_CTL_IN_2.fit_input.txt
    reason: Missing output files: output/input_model_coef/SNRNP70_CTL.SNRNP70_CTL_IN_2.tsv; Input files updated by another job: output/counts/genome/tables/SNRNP70_CTL.tsv.gz
    wildcards: experiment_label=SNRNP70_CTL, input_replicate_label=SNRNP70_CTL_IN_2
    resources: tmpdir=/tmp

Rscript --vanilla ./tools/fit_input_betabinom.R output/counts/genome/tables/SNRNP70_CTL.tsv.gz SNRNP70_CTL SNRNP70_CTL_IN_2

[Fri Oct 24 15:30:47 2025]
rule fit_input_betabinomial_model:
    input: output/counts/genome/tables/SNRNP70_CTL.tsv.gz
    output: output/input_model_coef/SNRNP70_CTL.SNRNP70_CTL_IN_1.tsv
    jobid: 106
    benchmark: benchmarks/betabinomial/SNRNP70_CTL.SNRNP70_CTL_IN_1.fit_input.txt
    reason: Missing output files: output/input_model_coef/SNRNP70_CTL.SNRNP70_CTL_IN_1.tsv; Input files updated by another job: output/counts/genome/tables/SNRNP70_CTL.tsv.gz
    wildcards: experiment_label=SNRNP70_CTL, input_replicate_label=SNRNP70_CTL_IN_1
    resources: tmpdir=/tmp

Rscript --vanilla ./tools/fit_input_betabinom.R output/counts/genome/tables/SNRNP70_CTL.tsv.gz SNRNP70_CTL SNRNP70_CTL_IN_1
[Fri Oct 24 15:30:50 2025]
Finished job 89.
95 of 142 steps (67%) done
Select jobs to execute...

[Fri Oct 24 15:30:50 2025]
rule make_repeat_count_tables:
    input: ./annotations/repeatmasker.grch38.sort.unique.bed.gz, output/counts/repeats/vectors/SNRNP70_CTL_IN_1.counts, output/counts/repeats/vectors/SNRNP70_CTL_IN_2.counts, output/counts/repeats/vectors/SNRNP70_CTL_IP_1.counts, output/counts/repeats/vectors/SNRNP70_CTL_IP_2.counts
    output: output/counts/repeats/tables/name/SNRNP70_CTL.tsv.gz, output/counts/repeats/tables/class/SNRNP70_CTL.tsv.gz, output/counts/repeats/tables/family/SNRNP70_CTL.tsv.gz
    jobid: 122
    benchmark: benchmarks/counts/SNRNP70_CTL.all_replicates.make_repeat_count_table.txt
    reason: Missing output files: output/counts/repeats/tables/name/SNRNP70_CTL.tsv.gz, output/counts/repeats/tables/family/SNRNP70_CTL.tsv.gz; Input files updated by another job: output/counts/repeats/vectors/SNRNP70_CTL_IN_1.counts, output/counts/repeats/vectors/SNRNP70_CTL_IP_1.counts, output/counts/repeats/vectors/SNRNP70_CTL_IP_2.counts, output/counts/repeats/vectors/SNRNP70_CTL_IN_2.counts
    wildcards: experiment_label=SNRNP70_CTL
    resources: tmpdir=/tmp

echo "repeat_name" | paste - output/counts/repeats/vectors/SNRNP70_CTL_IN_1.counts output/counts/repeats/vectors/SNRNP70_CTL_IN_2.counts output/counts/repeats/vectors/SNRNP70_CTL_IP_1.counts output/counts/repeats/vectors/SNRNP70_CTL_IP_2.counts | sed -n '1p' | gzip > output/counts/repeats/tables/name/SNRNP70_CTL.tsv.gz;echo "repeat_class" | paste - output/counts/repeats/vectors/SNRNP70_CTL_IN_1.counts output/counts/repeats/vectors/SNRNP70_CTL_IN_2.counts output/counts/repeats/vectors/SNRNP70_CTL_IP_1.counts output/counts/repeats/vectors/SNRNP70_CTL_IP_2.counts | sed -n '1p' | gzip > output/counts/repeats/tables/class/SNRNP70_CTL.tsv.gz;echo "repeat_family" | paste - output/counts/repeats/vectors/SNRNP70_CTL_IN_1.counts output/counts/repeats/vectors/SNRNP70_CTL_IN_2.counts output/counts/repeats/vectors/SNRNP70_CTL_IP_1.counts output/counts/repeats/vectors/SNRNP70_CTL_IP_2.counts | sed -n '1p' | gzip > output/counts/repeats/tables/family/SNRNP70_CTL.tsv.gz;paste <(zcat ./annotations/repeatmasker.grch38.sort.unique.bed.gz | awk -v OFS="\t" 'BEGIN {print "repeat_name";} {print $7}') output/counts/repeats/vectors/SNRNP70_CTL_IN_1.counts output/counts/repeats/vectors/SNRNP70_CTL_IN_2.counts output/counts/repeats/vectors/SNRNP70_CTL_IP_1.counts output/counts/repeats/vectors/SNRNP70_CTL_IP_2.counts | awk -v OFS="\t" 'NR > 1 {for(i = 2; i <= NF; i++) {tabulation[$1][i] += $i} } END {for(name in tabulation) { printf name; for(i = 2; i <= NF; i++) {printf "\t" tabulation[name][i]} print "";} }' | sort -k 1,1 | gzip >> output/counts/repeats/tables/name/SNRNP70_CTL.tsv.gz;paste <(zcat ./annotations/repeatmasker.grch38.sort.unique.bed.gz | awk -v OFS="\t" 'BEGIN {print "repeat_class";} {print $8}') output/counts/repeats/vectors/SNRNP70_CTL_IN_1.counts output/counts/repeats/vectors/SNRNP70_CTL_IN_2.counts output/counts/repeats/vectors/SNRNP70_CTL_IP_1.counts output/counts/repeats/vectors/SNRNP70_CTL_IP_2.counts | awk -v OFS="\t" 'NR > 1 {for(i = 2; i <= NF; i++) {tabulation[$1][i] += $i} } END {for(name in tabulation) { printf name; for(i = 2; i <= NF; i++) {printf "\t" tabulation[name][i]} print "";} }' | sort -k 1,1 | gzip >> output/counts/repeats/tables/class/SNRNP70_CTL.tsv.gz;paste <(zcat ./annotations/repeatmasker.grch38.sort.unique.bed.gz | awk -v OFS="\t" 'BEGIN {print "repeat_family";} {print $9}') output/counts/repeats/vectors/SNRNP70_CTL_IN_1.counts output/counts/repeats/vectors/SNRNP70_CTL_IN_2.counts output/counts/repeats/vectors/SNRNP70_CTL_IP_1.counts output/counts/repeats/vectors/SNRNP70_CTL_IP_2.counts | awk -v OFS="\t" 'NR > 1 {for(i = 2; i <= NF; i++) {tabulation[$1][i] += $i} } END {for(name in tabulation) { printf name; for(i = 2; i <= NF; i++) {printf "\t" tabulation[name][i]} print "";} }' | sort -k 1,1 | gzip >> output/counts/repeats/tables/family/SNRNP70_CTL.tsv.gz;
[Fri Oct 24 15:31:17 2025]
Finished job 122.
96 of 142 steps (68%) done
Select jobs to execute...

[Fri Oct 24 15:31:17 2025]
rule fit_input_betabinomial_re_model:
    input: output/counts/repeats/tables/name/SNRNP70_CTL.tsv.gz
    output: output/input_model_coef_re/SNRNP70_CTL.SNRNP70_CTL_IN_2.tsv
    jobid: 128
    benchmark: benchmarks/fit_input_betabinomial_re_model/SNRNP70_CTL.SNRNP70_CTL_IN_2.fit_input.txt
    reason: Missing output files: output/input_model_coef_re/SNRNP70_CTL.SNRNP70_CTL_IN_2.tsv; Input files updated by another job: output/counts/repeats/tables/name/SNRNP70_CTL.tsv.gz
    wildcards: experiment_label=SNRNP70_CTL, input_replicate_label=SNRNP70_CTL_IN_2
    resources: tmpdir=/tmp

Rscript --vanilla ./tools/fit_input_betabinom_re.R output/counts/repeats/tables/name/SNRNP70_CTL.tsv.gz SNRNP70_CTL SNRNP70_CTL_IN_2

[Fri Oct 24 15:31:17 2025]
rule fit_input_betabinomial_re_model:
    input: output/counts/repeats/tables/name/SNRNP70_CTL.tsv.gz
    output: output/input_model_coef_re/SNRNP70_CTL.SNRNP70_CTL_IN_1.tsv
    jobid: 126
    benchmark: benchmarks/fit_input_betabinomial_re_model/SNRNP70_CTL.SNRNP70_CTL_IN_1.fit_input.txt
    reason: Missing output files: output/input_model_coef_re/SNRNP70_CTL.SNRNP70_CTL_IN_1.tsv; Input files updated by another job: output/counts/repeats/tables/name/SNRNP70_CTL.tsv.gz
    wildcards: experiment_label=SNRNP70_CTL, input_replicate_label=SNRNP70_CTL_IN_1
    resources: tmpdir=/tmp

Rscript --vanilla ./tools/fit_input_betabinom_re.R output/counts/repeats/tables/name/SNRNP70_CTL.tsv.gz SNRNP70_CTL SNRNP70_CTL_IN_1
[Fri Oct 24 15:32:17 2025]
Finished job 108.
97 of 142 steps (68%) done
Select jobs to execute...

[Fri Oct 24 15:32:17 2025]
rule call_enriched_windows:
    input: ./annotations/gencode.v38.annotation.k562_totalrna.gt1.tiled_partition.features.tsv.gz, ./annotations/accession_type_ranking.txt, output/counts/genome/vectors/SNRNP70_CTL_IP_2.counts, output/counts/genome/tables/SNRNP70_CTL.tsv.gz, output/input_model_coef/SNRNP70_CTL.SNRNP70_CTL_IN_2.tsv
    output: output/threshold_scan/SNRNP70_CTL.SNRNP70_CTL_IP_2.threshold_data.tsv, output/tested_windows/SNRNP70_CTL.SNRNP70_CTL_IP_2.tested_windows.tsv.gz, output/enriched_windows/SNRNP70_CTL.SNRNP70_CTL_IP_2.enriched_windows.tsv.gz, output/enrichment_summaries/SNRNP70_CTL.SNRNP70_CTL_IP_2.enriched_window_feature_summary.tsv, output/enrichment_summaries/SNRNP70_CTL.SNRNP70_CTL_IP_2.enriched_window_transcript_summary.tsv, output/enrichment_summaries/SNRNP70_CTL.SNRNP70_CTL_IP_2.enriched_window_gene_summary.tsv, output/all_reads/SNRNP70_CTL.SNRNP70_CTL_IP_2.all_reads_fractions_feature_data.tsv, output/all_reads/SNRNP70_CTL.SNRNP70_CTL_IP_2.all_reads_odds_feature_data.tsv, output/all_reads/SNRNP70_CTL.SNRNP70_CTL_IP_2.all_reads_odds_transcript_data.tsv, output/all_reads/SNRNP70_CTL.SNRNP70_CTL_IP_2.all_reads_odds_feature_gc_data.tsv, output/figures/threshold_scan/SNRNP70_CTL.SNRNP70_CTL_IP_2.threshold_scan.pdf, output/figures/enriched_windows/SNRNP70_CTL.SNRNP70_CTL_IP_2.enriched_window_coverage.pdf, output/figures/enriched_windows/SNRNP70_CTL.SNRNP70_CTL_IP_2.enriched_window_rates.pdf, output/figures/enriched_windows/SNRNP70_CTL.SNRNP70_CTL_IP_2.enriched_window_counts.linear.pdf, output/figures/enriched_windows/SNRNP70_CTL.SNRNP70_CTL_IP_2.enriched_window_counts.log10.pdf, output/figures/enriched_windows/SNRNP70_CTL.SNRNP70_CTL_IP_2.enriched_window_odds.feature.pdf, output/figures/enriched_windows/SNRNP70_CTL.SNRNP70_CTL_IP_2.enriched_window_odds.all_transcript_types.pdf, output/figures/enriched_windows/SNRNP70_CTL.SNRNP70_CTL_IP_2.enriched_window_odds.select_transcript_types.pdf, output/figures/enriched_windows/SNRNP70_CTL.SNRNP70_CTL_IP_2.enriched_window_counts.per_gene_feature.pdf, output/figures/all_reads/SNRNP70_CTL.SNRNP70_CTL_IP_2.all_reads_fractions.feature.pdf, output/figures/all_reads/SNRNP70_CTL.SNRNP70_CTL_IP_2.all_reads_odds.feature.pdf, output/figures/all_reads/SNRNP70_CTL.SNRNP70_CTL_IP_2.all_reads_odds.all_transcript_types.pdf, output/figures/all_reads/SNRNP70_CTL.SNRNP70_CTL_IP_2.all_reads_odds.feature_gc.pdf
    jobid: 107
    benchmark: benchmarks/call_enriched_windows/SNRNP70_CTL.SNRNP70_CTL_IP_2.call_enriched_windows.txt
    reason: Missing output files: output/tested_windows/SNRNP70_CTL.SNRNP70_CTL_IP_2.tested_windows.tsv.gz, output/enriched_windows/SNRNP70_CTL.SNRNP70_CTL_IP_2.enriched_windows.tsv.gz; Input files updated by another job: output/counts/genome/vectors/SNRNP70_CTL_IP_2.counts, output/input_model_coef/SNRNP70_CTL.SNRNP70_CTL_IN_2.tsv, output/counts/genome/tables/SNRNP70_CTL.tsv.gz
    wildcards: experiment_label=SNRNP70_CTL, clip_replicate_label=SNRNP70_CTL_IP_2
    resources: tmpdir=/tmp

Rscript --vanilla ./tools/call_enriched_windows.R output/counts/genome/tables/SNRNP70_CTL.tsv.gz ./annotations/accession_type_ranking.txt ./annotations/gencode.v38.annotation.k562_totalrna.gt1.tiled_partition.features.tsv.gz output/input_model_coef/SNRNP70_CTL.SNRNP70_CTL_IN_2.tsv SNRNP70_CTL_IN_2 SNRNP70_CTL_IP_2 SNRNP70_CTL.SNRNP70_CTL_IP_2
[Fri Oct 24 15:32:33 2025]
Finished job 106.
98 of 142 steps (69%) done
Select jobs to execute...

[Fri Oct 24 15:32:33 2025]
rule call_enriched_windows:
    input: ./annotations/gencode.v38.annotation.k562_totalrna.gt1.tiled_partition.features.tsv.gz, ./annotations/accession_type_ranking.txt, output/counts/genome/vectors/SNRNP70_CTL_IP_2.counts, output/counts/genome/tables/SNRNP70_CTL.tsv.gz, output/input_model_coef/SNRNP70_CTL.SNRNP70_CTL_IN_1.tsv
    output: output/threshold_scan/SNRNP70_CTL.SNRNP70_CTL_IP_1.threshold_data.tsv, output/tested_windows/SNRNP70_CTL.SNRNP70_CTL_IP_1.tested_windows.tsv.gz, output/enriched_windows/SNRNP70_CTL.SNRNP70_CTL_IP_1.enriched_windows.tsv.gz, output/enrichment_summaries/SNRNP70_CTL.SNRNP70_CTL_IP_1.enriched_window_feature_summary.tsv, output/enrichment_summaries/SNRNP70_CTL.SNRNP70_CTL_IP_1.enriched_window_transcript_summary.tsv, output/enrichment_summaries/SNRNP70_CTL.SNRNP70_CTL_IP_1.enriched_window_gene_summary.tsv, output/all_reads/SNRNP70_CTL.SNRNP70_CTL_IP_1.all_reads_fractions_feature_data.tsv, output/all_reads/SNRNP70_CTL.SNRNP70_CTL_IP_1.all_reads_odds_feature_data.tsv, output/all_reads/SNRNP70_CTL.SNRNP70_CTL_IP_1.all_reads_odds_transcript_data.tsv, output/all_reads/SNRNP70_CTL.SNRNP70_CTL_IP_1.all_reads_odds_feature_gc_data.tsv, output/figures/threshold_scan/SNRNP70_CTL.SNRNP70_CTL_IP_1.threshold_scan.pdf, output/figures/enriched_windows/SNRNP70_CTL.SNRNP70_CTL_IP_1.enriched_window_coverage.pdf, output/figures/enriched_windows/SNRNP70_CTL.SNRNP70_CTL_IP_1.enriched_window_rates.pdf, output/figures/enriched_windows/SNRNP70_CTL.SNRNP70_CTL_IP_1.enriched_window_counts.linear.pdf, output/figures/enriched_windows/SNRNP70_CTL.SNRNP70_CTL_IP_1.enriched_window_counts.log10.pdf, output/figures/enriched_windows/SNRNP70_CTL.SNRNP70_CTL_IP_1.enriched_window_odds.feature.pdf, output/figures/enriched_windows/SNRNP70_CTL.SNRNP70_CTL_IP_1.enriched_window_odds.all_transcript_types.pdf, output/figures/enriched_windows/SNRNP70_CTL.SNRNP70_CTL_IP_1.enriched_window_odds.select_transcript_types.pdf, output/figures/enriched_windows/SNRNP70_CTL.SNRNP70_CTL_IP_1.enriched_window_counts.per_gene_feature.pdf, output/figures/all_reads/SNRNP70_CTL.SNRNP70_CTL_IP_1.all_reads_fractions.feature.pdf, output/figures/all_reads/SNRNP70_CTL.SNRNP70_CTL_IP_1.all_reads_odds.feature.pdf, output/figures/all_reads/SNRNP70_CTL.SNRNP70_CTL_IP_1.all_reads_odds.all_transcript_types.pdf, output/figures/all_reads/SNRNP70_CTL.SNRNP70_CTL_IP_1.all_reads_odds.feature_gc.pdf
    jobid: 98
    benchmark: benchmarks/call_enriched_windows/SNRNP70_CTL.SNRNP70_CTL_IP_1.call_enriched_windows.txt
    reason: Missing output files: output/enriched_windows/SNRNP70_CTL.SNRNP70_CTL_IP_1.enriched_windows.tsv.gz, output/tested_windows/SNRNP70_CTL.SNRNP70_CTL_IP_1.tested_windows.tsv.gz; Input files updated by another job: output/input_model_coef/SNRNP70_CTL.SNRNP70_CTL_IN_1.tsv, output/counts/genome/vectors/SNRNP70_CTL_IP_2.counts, output/counts/genome/tables/SNRNP70_CTL.tsv.gz
    wildcards: experiment_label=SNRNP70_CTL, clip_replicate_label=SNRNP70_CTL_IP_1
    resources: tmpdir=/tmp

Rscript --vanilla ./tools/call_enriched_windows.R output/counts/genome/tables/SNRNP70_CTL.tsv.gz ./annotations/accession_type_ranking.txt ./annotations/gencode.v38.annotation.k562_totalrna.gt1.tiled_partition.features.tsv.gz output/input_model_coef/SNRNP70_CTL.SNRNP70_CTL_IN_1.tsv SNRNP70_CTL_IN_1 SNRNP70_CTL_IP_1 SNRNP70_CTL.SNRNP70_CTL_IP_1
[Fri Oct 24 15:32:54 2025]
Finished job 128.
99 of 142 steps (70%) done
Select jobs to execute...

[Fri Oct 24 15:32:54 2025]
rule call_enriched_re:
    input: output/counts/repeats/tables/name/SNRNP70_CTL.tsv.gz, output/counts/repeats/vectors/SNRNP70_CTL_IP_2.counts, ./annotations/repeatmasker.grch38.sort.unique.bed.gz, output/input_model_coef_re/SNRNP70_CTL.SNRNP70_CTL_IN_2.tsv
    output: output/figures/clip_scatter_re/SNRNP70_CTL.SNRNP70_CTL_IP_2.clip_test_distribution.pdf, output/enriched_re/SNRNP70_CTL.SNRNP70_CTL_IP_2.enriched_re.tsv.gz
    jobid: 127
    benchmark: benchmarks/call_enriched_re/SNRNP70_CTL.SNRNP70_CTL_IP_2.call_enriched_re.txt
    reason: Missing output files: output/enriched_re/SNRNP70_CTL.SNRNP70_CTL_IP_2.enriched_re.tsv.gz; Input files updated by another job: output/counts/repeats/tables/name/SNRNP70_CTL.tsv.gz, output/counts/repeats/vectors/SNRNP70_CTL_IP_2.counts, output/input_model_coef_re/SNRNP70_CTL.SNRNP70_CTL_IN_2.tsv
    wildcards: experiment_label=SNRNP70_CTL, clip_replicate_label=SNRNP70_CTL_IP_2
    resources: tmpdir=/tmp

Rscript --vanilla ./tools/call_enriched_re.R output/counts/repeats/tables/name/SNRNP70_CTL.tsv.gz ./annotations/repeatmasker.grch38.sort.unique.bed.gz output/input_model_coef_re/SNRNP70_CTL.SNRNP70_CTL_IN_2.tsv SNRNP70_CTL_IN_2 SNRNP70_CTL_IP_2 SNRNP70_CTL.SNRNP70_CTL_IP_2
[Fri Oct 24 15:32:55 2025]
Finished job 126.
100 of 142 steps (70%) done
Select jobs to execute...

[Fri Oct 24 15:32:55 2025]
rule call_enriched_re:
    input: output/counts/repeats/tables/name/SNRNP70_CTL.tsv.gz, output/counts/repeats/vectors/SNRNP70_CTL_IP_2.counts, ./annotations/repeatmasker.grch38.sort.unique.bed.gz, output/input_model_coef_re/SNRNP70_CTL.SNRNP70_CTL_IN_1.tsv
    output: output/figures/clip_scatter_re/SNRNP70_CTL.SNRNP70_CTL_IP_1.clip_test_distribution.pdf, output/enriched_re/SNRNP70_CTL.SNRNP70_CTL_IP_1.enriched_re.tsv.gz
    jobid: 125
    benchmark: benchmarks/call_enriched_re/SNRNP70_CTL.SNRNP70_CTL_IP_1.call_enriched_re.txt
    reason: Missing output files: output/enriched_re/SNRNP70_CTL.SNRNP70_CTL_IP_1.enriched_re.tsv.gz; Input files updated by another job: output/input_model_coef_re/SNRNP70_CTL.SNRNP70_CTL_IN_1.tsv, output/counts/repeats/tables/name/SNRNP70_CTL.tsv.gz, output/counts/repeats/vectors/SNRNP70_CTL_IP_2.counts
    wildcards: experiment_label=SNRNP70_CTL, clip_replicate_label=SNRNP70_CTL_IP_1
    resources: tmpdir=/tmp

Rscript --vanilla ./tools/call_enriched_re.R output/counts/repeats/tables/name/SNRNP70_CTL.tsv.gz ./annotations/repeatmasker.grch38.sort.unique.bed.gz output/input_model_coef_re/SNRNP70_CTL.SNRNP70_CTL_IN_1.tsv SNRNP70_CTL_IN_1 SNRNP70_CTL_IP_1 SNRNP70_CTL.SNRNP70_CTL_IP_1
[Fri Oct 24 15:33:10 2025]
Finished job 107.
101 of 142 steps (71%) done
[Fri Oct 24 15:33:27 2025]
Finished job 127.
102 of 142 steps (72%) done
[Fri Oct 24 15:33:28 2025]
Finished job 98.
103 of 142 steps (73%) done
Select jobs to execute...

[Fri Oct 24 15:33:28 2025]
rule find_reproducible_enriched_windows:
    input: output/enriched_windows/SNRNP70_CTL.SNRNP70_CTL_IP_1.enriched_windows.tsv.gz, output/enriched_windows/SNRNP70_CTL.SNRNP70_CTL_IP_2.enriched_windows.tsv.gz
    output: output/reproducible_enriched_windows/SNRNP70_CTL.reproducible_enriched_windows.tsv.gz, output/figures/reproducible_enriched_windows/SNRNP70_CTL.reproducible_enriched_window_counts.linear.pdf, output/figures/reproducible_enriched_windows/SNRNP70_CTL.reproducible_enriched_window_counts.log10.pdf
    jobid: 118
    benchmark: benchmarks/find_reproducible_enriched_windows/SNRNP70_CTL.all_replicates.reproducible.txt
    reason: Missing output files: output/reproducible_enriched_windows/SNRNP70_CTL.reproducible_enriched_windows.tsv.gz; Input files updated by another job: output/enriched_windows/SNRNP70_CTL.SNRNP70_CTL_IP_1.enriched_windows.tsv.gz, output/enriched_windows/SNRNP70_CTL.SNRNP70_CTL_IP_2.enriched_windows.tsv.gz
    wildcards: experiment_label=SNRNP70_CTL
    resources: tmpdir=/tmp

Rscript --vanilla ./tools/identify_reproducible_windows.R output/enriched_windows/ SNRNP70_CTL ./annotations/encode3_eclip_blacklist.bed

[Fri Oct 24 15:33:28 2025]
rule check_window_concordance:
    input: output/tested_windows/SNRNP70_CTL.SNRNP70_CTL_IP_1.tested_windows.tsv.gz, output/tested_windows/SNRNP70_CTL.SNRNP70_CTL_IP_2.tested_windows.tsv.gz
    output: output/figures/enrichment_reproducibility/SNRNP70_CTL.enrichment_reproducibility.pdf, output/enrichment_reproducibility/SNRNP70_CTL.enrichment_reproducibility.tsv
    jobid: 120
    benchmark: benchmarks/check_window_concordance/SNRNP70_CTL.all_replicates.concordance.txt
    reason: Missing output files: output/figures/enrichment_reproducibility/SNRNP70_CTL.enrichment_reproducibility.pdf; Input files updated by another job: output/tested_windows/SNRNP70_CTL.SNRNP70_CTL_IP_2.tested_windows.tsv.gz, output/tested_windows/SNRNP70_CTL.SNRNP70_CTL_IP_1.tested_windows.tsv.gz
    wildcards: experiment_label=SNRNP70_CTL
    resources: tmpdir=/tmp

Rscript --vanilla ./tools/check_window_concordance.R output/tested_windows SNRNP70_CTL ./annotations/encode3_eclip_blacklist.bed
[Fri Oct 24 15:33:29 2025]
Finished job 125.
104 of 142 steps (73%) done
Select jobs to execute...

[Fri Oct 24 15:33:29 2025]
rule find_reproducible_enriched_re:
    input: output/enriched_re/SNRNP70_CTL.SNRNP70_CTL_IP_1.enriched_re.tsv.gz, output/enriched_re/SNRNP70_CTL.SNRNP70_CTL_IP_2.enriched_re.tsv.gz
    output: output/reproducible_enriched_re/SNRNP70_CTL.reproducible_enriched_re.tsv.gz
    jobid: 124
    benchmark: benchmarks/find_reproducible_enriched_re/SNRNP70_CTL.all_replicates.reproducible.txt
    reason: Missing output files: output/reproducible_enriched_re/SNRNP70_CTL.reproducible_enriched_re.tsv.gz; Input files updated by another job: output/enriched_re/SNRNP70_CTL.SNRNP70_CTL_IP_1.enriched_re.tsv.gz, output/enriched_re/SNRNP70_CTL.SNRNP70_CTL_IP_2.enriched_re.tsv.gz
    wildcards: experiment_label=SNRNP70_CTL
    resources: tmpdir=/tmp

Rscript --vanilla ./tools/identify_reproducible_re.R output/enriched_re/ SNRNP70_CTL
[Fri Oct 24 15:33:32 2025]
Finished job 118.
105 of 142 steps (74%) done
Select jobs to execute...

[Fri Oct 24 15:33:32 2025]
rule sample_background_windows_by_region:
    input: output/reproducible_enriched_windows/SNRNP70_CTL.reproducible_enriched_windows.tsv.gz, ./annotations/gencode.v38.annotation.k562_totalrna.gt1.tiled_partition.features.tsv.gz
    output: output/homer/region_matched_background/variable/SNRNP70_CTL.sampled_variable_windows.bed.gz, output/homer/region_matched_background/fixed/SNRNP70_CTL.sampled_fixed_windows.bed.gz
    jobid: 139
    benchmark: benchmarks/sample_background_windows_by_region/SNRNP70_CTL.sample_background_windows_by_region.txt
    reason: Missing output files: output/homer/region_matched_background/fixed/SNRNP70_CTL.sampled_fixed_windows.bed.gz; Input files updated by another job: output/reproducible_enriched_windows/SNRNP70_CTL.reproducible_enriched_windows.tsv.gz
    wildcards: experiment_label=SNRNP70_CTL
    resources: tmpdir=/tmp

Rscript --vanilla ./tools/sample_matched_background_by_region.R output/reproducible_enriched_windows/SNRNP70_CTL.reproducible_enriched_windows.tsv.gz ./annotations/gencode.v38.annotation.k562_totalrna.gt1.tiled_partition.features.tsv.gz 75 output/homer/region_matched_background SNRNP70_CTL;

[Fri Oct 24 15:33:32 2025]
rule get_nt_coverage:
    input: output/reproducible_enriched_windows/SNRNP70_CTL.reproducible_enriched_windows.tsv.gz, output/bams/dedup/genome/SNRNP70_CTL_IP_1.genome.Aligned.sort.dedup.bam, output/bams/dedup/genome/SNRNP70_CTL_IP_2.genome.Aligned.sort.dedup.bam, output/bams/dedup/genome/SNRNP70_CTL_IN_1.genome.Aligned.sort.dedup.bam, output/bams/dedup/genome/SNRNP70_CTL_IN_2.genome.Aligned.sort.dedup.bam
    output: output/finemapping/nt_coverage/SNRNP70_CTL.nt_census.bed, output/finemapping/nt_coverage/SNRNP70_CTL.nt_coverage.input.counts, output/finemapping/nt_coverage/SNRNP70_CTL.nt_coverage.clip.counts, output/finemapping/nt_coverage/SNRNP70_CTL.nt_coverage.bed
    jobid: 135
    benchmark: benchmarks/get_nt_coverage/SNRNP70_CTL.all_replicates.reproducible.txt
    reason: Missing output files: output/finemapping/nt_coverage/SNRNP70_CTL.nt_coverage.bed; Input files updated by another job: output/bams/dedup/genome/SNRNP70_CTL_IP_1.genome.Aligned.sort.dedup.bam, output/bams/dedup/genome/SNRNP70_CTL_IN_2.genome.Aligned.sort.dedup.bam, output/bams/dedup/genome/SNRNP70_CTL_IP_2.genome.Aligned.sort.dedup.bam, output/bams/dedup/genome/SNRNP70_CTL_IN_1.genome.Aligned.sort.dedup.bam, output/reproducible_enriched_windows/SNRNP70_CTL.reproducible_enriched_windows.tsv.gz
    wildcards: experiment_label=SNRNP70_CTL
    resources: tmpdir=/tmp

zcat output/reproducible_enriched_windows/SNRNP70_CTL.reproducible_enriched_windows.tsv.gz | tail -n +2 | sort -k1,1 -k2,2n | awk -v OFS="	" '{print $1, $2 -37, $3+37,$4,$5,$6}' | bedtools merge -i - -s -c 6 -o distinct | awk -v OFS="	" '{for(i=$2;i< $3;i++) {print $1,i,i+1,"MW:" NR ":" i - $2,0,$4, NR} }' > output/finemapping/nt_coverage/SNRNP70_CTL.nt_census.bed; samtools cat output/bams/dedup/genome/SNRNP70_CTL_IN_1.genome.Aligned.sort.dedup.bam output/bams/dedup/genome/SNRNP70_CTL_IN_2.genome.Aligned.sort.dedup.bam | bedtools intersect -s -wa -a - -b output/finemapping/nt_coverage/SNRNP70_CTL.nt_census.bed | bedtools bamtobed -i - | awk '($1 != "chrEBV") && ($4 !~ "/2$")' | bedtools flank -s -l 1 -r 0 -g ./annotations/genome_ref/chrNameLength.txt -i - | bedtools shift -p 1 -m -1 -g ./annotations/genome_ref/chrNameLength.txt -i - | bedtools sort -i - | bedtools coverage -counts -s -a output/finemapping/nt_coverage/SNRNP70_CTL.nt_census.bed -b - | awk '{print $NF}' > output/finemapping/nt_coverage/SNRNP70_CTL.nt_coverage.input.counts;samtools cat output/bams/dedup/genome/SNRNP70_CTL_IP_1.genome.Aligned.sort.dedup.bam output/bams/dedup/genome/SNRNP70_CTL_IP_2.genome.Aligned.sort.dedup.bam | bedtools intersect -s -wa -a - -b output/finemapping/nt_coverage/SNRNP70_CTL.nt_census.bed | bedtools bamtobed -i - | awk '($1 != "chrEBV") && ($4 !~ "/2$")' | bedtools flank -s -l 1 -r 0 -g ./annotations/genome_ref/chrNameLength.txt -i - | bedtools shift -p 1 -m -1 -g ./annotations/genome_ref/chrNameLength.txt -i - | bedtools sort -i - | bedtools coverage -counts -s -a output/finemapping/nt_coverage/SNRNP70_CTL.nt_census.bed -b - | awk '{print $NF}' > output/finemapping/nt_coverage/SNRNP70_CTL.nt_coverage.clip.counts;paste output/finemapping/nt_coverage/SNRNP70_CTL.nt_census.bed output/finemapping/nt_coverage/SNRNP70_CTL.nt_coverage.input.counts output/finemapping/nt_coverage/SNRNP70_CTL.nt_coverage.clip.counts > output/finemapping/nt_coverage/SNRNP70_CTL.nt_coverage.bed

[Fri Oct 24 15:33:32 2025]
rule consult_term_reference:
    input: output/reproducible_enriched_windows/SNRNP70_CTL.reproducible_enriched_windows.tsv.gz, ./annotations/c5.go.v7.5.1.symbols.gmt, ./annotations/encode3_go_terms.reference.tsv.gz, ./annotations/encode3_go_terms.jaccard_index.rds
    output: output/gene_sets/SNRNP70_CTL.enriched_terms.tsv.gz, output/figures/gene_sets/SNRNP70_CTL.clustered_top_terms.pdf
    jobid: 142
    benchmark: benchmarks/consult_term_reference/SNRNP70_CTL.all_replicates.reproducible.txt
    reason: Missing output files: output/gene_sets/SNRNP70_CTL.enriched_terms.tsv.gz; Input files updated by another job: output/reproducible_enriched_windows/SNRNP70_CTL.reproducible_enriched_windows.tsv.gz
    wildcards: experiment_label=SNRNP70_CTL
    resources: tmpdir=/tmp

Rscript --vanilla ./tools/consult_term_reference.R output/reproducible_enriched_windows/SNRNP70_CTL.reproducible_enriched_windows.tsv.gz ./annotations/c5.go.v7.5.1.symbols.gmt ./annotations/encode3_go_terms.reference.tsv.gz ./annotations/encode3_go_terms.jaccard_index.rds SNRNP70_CTL 
[Fri Oct 24 15:33:33 2025]
Finished job 124.
106 of 142 steps (75%) done
[Fri Oct 24 15:33:35 2025]
Finished job 120.
107 of 142 steps (75%) done
[Fri Oct 24 15:34:00 2025]
Finished job 139.
108 of 142 steps (76%) done
[Fri Oct 24 15:34:17 2025]
Finished job 142.
109 of 142 steps (77%) done
[Fri Oct 24 15:34:41 2025]
Finished job 27.
110 of 142 steps (77%) done
[Fri Oct 24 15:34:57 2025]
Finished job 135.
111 of 142 steps (78%) done
Removing temporary output output/finemapping/nt_coverage/SNRNP70_CTL.nt_census.bed.
Removing temporary output output/finemapping/nt_coverage/SNRNP70_CTL.nt_coverage.input.counts.
Removing temporary output output/finemapping/nt_coverage/SNRNP70_CTL.nt_coverage.clip.counts.
Select jobs to execute...

[Fri Oct 24 15:34:57 2025]
rule finemap_windows:
    input: output/finemapping/nt_coverage/SNRNP70_CTL.nt_coverage.bed
    output: output/finemapping/mapped_sites/SNRNP70_CTL.finemapped_windows.bed.gz
    jobid: 134
    benchmark: benchmarks/finemap_windows/SNRNP70_CTL.all_replicates.reproducible.txt
    reason: Missing output files: output/finemapping/mapped_sites/SNRNP70_CTL.finemapped_windows.bed.gz; Input files updated by another job: output/finemapping/nt_coverage/SNRNP70_CTL.nt_coverage.bed
    wildcards: experiment_label=SNRNP70_CTL
    resources: tmpdir=/tmp

Rscript --vanilla ./tools/finemap_enriched_windows.R output/finemapping/nt_coverage/SNRNP70_CTL.nt_coverage.bed output/finemapping/mapped_sites/ SNRNP70_CTL
[Fri Oct 24 15:35:04 2025]
Finished job 59.
112 of 142 steps (79%) done
Select jobs to execute...

[Fri Oct 24 15:35:04 2025]
rule sort_bam:
    input: output/bams/raw/genome/SNRNP70_OSM_IP_1.genome.Aligned.out.bam
    output: output/bams/raw/genome/SNRNP70_OSM_IP_1.genome.Aligned.sort.bam
    jobid: 58
    benchmark: benchmarks/sort/genome/unassigned_experiment.SNRNP70_OSM_IP_1.sort_bam.txt
    reason: Missing output files: output/bams/raw/genome/SNRNP70_OSM_IP_1.genome.Aligned.sort.bam; Input files updated by another job: output/bams/raw/genome/SNRNP70_OSM_IP_1.genome.Aligned.out.bam
    wildcards: ref=genome, replicate_label=SNRNP70_OSM_IP_1
    threads: 2
    resources: tmpdir=/tmp

samtools sort -T SNRNP70_OSM_IP_1 -@ 2 -o output/bams/raw/genome/SNRNP70_OSM_IP_1.genome.Aligned.sort.bam output/bams/raw/genome/SNRNP70_OSM_IP_1.genome.Aligned.out.bam;
[Fri Oct 24 15:35:05 2025]
Finished job 134.
113 of 142 steps (80%) done
Select jobs to execute...

[Fri Oct 24 15:35:05 2025]
rule run_homer:
    input: output/finemapping/mapped_sites/SNRNP70_CTL.finemapped_windows.bed.gz, output/homer/region_matched_background/fixed/SNRNP70_CTL.sampled_fixed_windows.bed.gz, ./annotations/GRCh38_no_alt_analysis_set_GCA_000001405.15.fasta
    output: output/homer/finemapped_results/SNRNP70_CTL/homerResults.html
    jobid: 138
    benchmark: benchmarks/run_homer/SNRNP70_CTL.all_replicates.reproducible.txt
    reason: Missing output files: output/homer/finemapped_results/SNRNP70_CTL/homerResults.html; Input files updated by another job: output/homer/region_matched_background/fixed/SNRNP70_CTL.sampled_fixed_windows.bed.gz, output/finemapping/mapped_sites/SNRNP70_CTL.finemapped_windows.bed.gz
    wildcards: experiment_label=SNRNP70_CTL
    resources: tmpdir=/tmp

findMotifsGenome.pl <(zcat output/finemapping/mapped_sites/SNRNP70_CTL.finemapped_windows.bed.gz | awk -v OFS="	" '{print $4 ":"$9,$1,$2+1,$3,$6}') ./annotations/GRCh38_no_alt_analysis_set_GCA_000001405.15.fasta output/homer/finemapped_results/SNRNP70_CTL -preparsedDir output/homer/preparsed -size given -rna -nofacts -S 20 -len 5,6,7,8,9 -nlen 1 -bg <(zcat output/homer/region_matched_background/fixed/SNRNP70_CTL.sampled_fixed_windows.bed.gz | awk -v OFS="	" '{print $4,$1,$2+1,$3,$6}') 
[Fri Oct 24 15:40:35 2025]
Finished job 138.
114 of 142 steps (80%) done
[Fri Oct 24 15:53:03 2025]
Finished job 58.
115 of 142 steps (81%) done
Removing temporary output output/bams/raw/genome/SNRNP70_OSM_IP_1.genome.Aligned.out.bam.
Select jobs to execute...

[Fri Oct 24 15:53:08 2025]
rule index_bams:
    input: output/bams/raw/genome/SNRNP70_OSM_IP_1.genome.Aligned.sort.bam
    output: output/bams/raw/genome/SNRNP70_OSM_IP_1.genome.Aligned.sort.bam.bai
    jobid: 60
    benchmark: benchmarks/index_bam/raw/genome/sort/unassigned_experiment.SNRNP70_OSM_IP_1.genome.index_bam.txt
    reason: Missing output files: output/bams/raw/genome/SNRNP70_OSM_IP_1.genome.Aligned.sort.bam.bai; Input files updated by another job: output/bams/raw/genome/SNRNP70_OSM_IP_1.genome.Aligned.sort.bam
    wildcards: round=raw, ref=genome, replicate_label=SNRNP70_OSM_IP_1.genome, mid=sort
    threads: 2
    resources: tmpdir=/tmp

samtools index -@ 2 output/bams/raw/genome/SNRNP70_OSM_IP_1.genome.Aligned.sort.bam;
[Fri Oct 24 15:53:55 2025]
Finished job 60.
116 of 142 steps (82%) done
Select jobs to execute...

[Fri Oct 24 15:53:55 2025]
rule dedup_umi:
    input: output/bams/raw/genome/SNRNP70_OSM_IP_1.genome.Aligned.sort.bam, output/bams/raw/genome/SNRNP70_OSM_IP_1.genome.Aligned.sort.bam.bai
    output: output/bams/dedup/genome/SNRNP70_OSM_IP_1.genome.Aligned.sort.dedup.bam
    jobid: 57
    benchmark: benchmarks/dedup/genome/unassigned_experiment.SNRNP70_OSM_IP_1.dedup_umi.txt
    reason: Missing output files: output/bams/dedup/genome/SNRNP70_OSM_IP_1.genome.Aligned.sort.dedup.bam; Input files updated by another job: output/bams/raw/genome/SNRNP70_OSM_IP_1.genome.Aligned.sort.bam.bai, output/bams/raw/genome/SNRNP70_OSM_IP_1.genome.Aligned.sort.bam
    wildcards: replicate_label=SNRNP70_OSM_IP_1
    resources: tmpdir=/tmp

java -server -Xms8G -Xmx8G -Xss20M -jar installation/UMICollapse-1.0.0/umicollapse.jar bam -i output/bams/raw/genome/SNRNP70_OSM_IP_1.genome.Aligned.sort.bam -o output/bams/dedup/genome/SNRNP70_OSM_IP_1.genome.Aligned.sort.dedup.bam --umi-sep : --two-pass
[Fri Oct 24 16:21:27 2025]
Finished job 57.
117 of 142 steps (82%) done
Select jobs to execute...

[Fri Oct 24 16:21:33 2025]
rule index_bams:
    input: output/bams/dedup/genome/SNRNP70_OSM_IP_1.genome.Aligned.sort.dedup.bam
    output: output/bams/dedup/genome/SNRNP70_OSM_IP_1.genome.Aligned.sort.dedup.bam.bai
    jobid: 71
    benchmark: benchmarks/index_bam/dedup/genome/sort.dedup/unassigned_experiment.SNRNP70_OSM_IP_1.genome.index_bam.txt
    reason: Missing output files: output/bams/dedup/genome/SNRNP70_OSM_IP_1.genome.Aligned.sort.dedup.bam.bai; Input files updated by another job: output/bams/dedup/genome/SNRNP70_OSM_IP_1.genome.Aligned.sort.dedup.bam
    wildcards: round=dedup, ref=genome, replicate_label=SNRNP70_OSM_IP_1.genome, mid=sort.dedup
    threads: 2
    resources: tmpdir=/tmp

samtools index -@ 2 output/bams/dedup/genome/SNRNP70_OSM_IP_1.genome.Aligned.sort.dedup.bam;

[Fri Oct 24 16:21:33 2025]
rule make_scaled_bigwig:
    input: ./annotations/genome_ref/chrNameLength.txt, output/bams/dedup/genome/SNRNP70_OSM_IP_1.genome.Aligned.sort.dedup.bam
    output: output/bedgraphs/scaled/plus/SNRNP70_OSM_IP_1.scaled.plus.bg, output/bedgraphs/scaled/minus/SNRNP70_OSM_IP_1.scaled.minus.bg, output/bigwigs/scaled/plus/SNRNP70_OSM_IP_1.scaled.plus.bw, output/bigwigs/scaled/minus/SNRNP70_OSM_IP_1.scaled.minus.bw
    jobid: 87
    benchmark: benchmarks/bigwigs/unassigned_experiment.SNRNP70_OSM_IP_1.make_bigwig.txt
    reason: Missing output files: output/bigwigs/scaled/plus/SNRNP70_OSM_IP_1.scaled.plus.bw; Input files updated by another job: output/bams/dedup/genome/SNRNP70_OSM_IP_1.genome.Aligned.sort.dedup.bam
    wildcards: replicate_label=SNRNP70_OSM_IP_1
    resources: tmpdir=/tmp

factor=$(samtools idxstats output/bams/dedup/genome/SNRNP70_OSM_IP_1.genome.Aligned.sort.dedup.bam | cut -f 3 | paste -sd+ | bc | xargs -I {} echo 'scale=6; 10^6 / {}' | bc);bedtools genomecov -scale $factor -5 -strand + -bg -ibam output/bams/dedup/genome/SNRNP70_OSM_IP_1.genome.Aligned.sort.dedup.bam | sort -k1,1 -k2,2n | grep -v EBV > output/bedgraphs/scaled/plus/SNRNP70_OSM_IP_1.scaled.plus.bg;bedtools genomecov -scale $factor -5 -strand - -bg -ibam output/bams/dedup/genome/SNRNP70_OSM_IP_1.genome.Aligned.sort.dedup.bam | sort -k1,1 -k2,2n | grep -v EBV > output/bedgraphs/scaled/minus/SNRNP70_OSM_IP_1.scaled.minus.bg;bedGraphToBigWig output/bedgraphs/scaled/plus/SNRNP70_OSM_IP_1.scaled.plus.bg ./annotations/genome_ref/chrNameLength.txt output/bigwigs/scaled/plus/SNRNP70_OSM_IP_1.scaled.plus.bw;bedGraphToBigWig output/bedgraphs/scaled/minus/SNRNP70_OSM_IP_1.scaled.minus.bg ./annotations/genome_ref/chrNameLength.txt output/bigwigs/scaled/minus/SNRNP70_OSM_IP_1.scaled.minus.bw;

[Fri Oct 24 16:21:33 2025]
rule partition_bam_reads:
    input: ./annotations/genome_ref/chrNameLength.txt, output/bams/dedup/genome/SNRNP70_OSM_IP_1.genome.Aligned.sort.dedup.bam, ./annotations/gencode.v38.annotation.k562_totalrna.gt1.tiled_partition.bed.gz
    output: output/counts/genome/vectors/SNRNP70_OSM_IP_1.counts
    jobid: 114
    benchmark: benchmarks/counts/unassigned_experiment.SNRNP70_OSM_IP_1.partition_bam_reads.txt
    reason: Missing output files: output/counts/genome/vectors/SNRNP70_OSM_IP_1.counts; Input files updated by another job: output/bams/dedup/genome/SNRNP70_OSM_IP_1.genome.Aligned.sort.dedup.bam
    wildcards: replicate_label=SNRNP70_OSM_IP_1
    resources: tmpdir=/tmp

bedtools bamtobed -i output/bams/dedup/genome/SNRNP70_OSM_IP_1.genome.Aligned.sort.dedup.bam | awk '($1 != "chrEBV") && ($4 !~ "/2$")' | bedtools flank -s -l 1 -r 0 -g ./annotations/genome_ref/chrNameLength.txt -i - | bedtools shift -p 1 -m -1 -g ./annotations/genome_ref/chrNameLength.txt -i - | bedtools sort -i - | bedtools coverage -counts -s -a ./annotations/gencode.v38.annotation.k562_totalrna.gt1.tiled_partition.bed.gz -b - | cut -f 7 | awk 'BEGIN {print "SNRNP70_OSM_IP_1"} {print}' > output/counts/genome/vectors/SNRNP70_OSM_IP_1.counts;

[Fri Oct 24 16:21:33 2025]
rule make_unscaled_bigwig:
    input: ./annotations/genome_ref/chrNameLength.txt, output/bams/dedup/genome/SNRNP70_OSM_IP_1.genome.Aligned.sort.dedup.bam
    output: output/bedgraphs/unscaled/plus/SNRNP70_OSM_IP_1.unscaled.plus.bg, output/bedgraphs/unscaled/minus/SNRNP70_OSM_IP_1.unscaled.minus.bg, output/bigwigs/unscaled/plus/SNRNP70_OSM_IP_1.unscaled.plus.bw, output/bigwigs/unscaled/minus/SNRNP70_OSM_IP_1.unscaled.minus.bw
    jobid: 79
    benchmark: benchmarks/bigwigs/unassigned_experiment.SNRNP70_OSM_IP_1.make_bigwig.txt
    reason: Missing output files: output/bigwigs/unscaled/plus/SNRNP70_OSM_IP_1.unscaled.plus.bw; Input files updated by another job: output/bams/dedup/genome/SNRNP70_OSM_IP_1.genome.Aligned.sort.dedup.bam
    wildcards: replicate_label=SNRNP70_OSM_IP_1
    resources: tmpdir=/tmp

bedtools genomecov -5 -strand + -bg -ibam output/bams/dedup/genome/SNRNP70_OSM_IP_1.genome.Aligned.sort.dedup.bam | sort -k1,1 -k2,2n | grep -v EBV > output/bedgraphs/unscaled/plus/SNRNP70_OSM_IP_1.unscaled.plus.bg;bedtools genomecov -5 -strand - -bg -ibam output/bams/dedup/genome/SNRNP70_OSM_IP_1.genome.Aligned.sort.dedup.bam | sort -k1,1 -k2,2n | grep -v EBV > output/bedgraphs/unscaled/minus/SNRNP70_OSM_IP_1.unscaled.minus.bg;bedGraphToBigWig output/bedgraphs/unscaled/plus/SNRNP70_OSM_IP_1.unscaled.plus.bg ./annotations/genome_ref/chrNameLength.txt output/bigwigs/unscaled/plus/SNRNP70_OSM_IP_1.unscaled.plus.bw;bedGraphToBigWig output/bedgraphs/unscaled/minus/SNRNP70_OSM_IP_1.unscaled.minus.bg ./annotations/genome_ref/chrNameLength.txt output/bigwigs/unscaled/minus/SNRNP70_OSM_IP_1.unscaled.minus.bw;

[Fri Oct 24 16:21:33 2025]
rule quantify_repeats:
    input: ./annotations/genome_ref/chrNameLength.txt, output/bams/dedup/genome/SNRNP70_OSM_IP_1.genome.Aligned.sort.dedup.bam, ./annotations/repeatmasker.grch38.sort.unique.bed.gz
    output: output/counts/repeats/vectors/SNRNP70_OSM_IP_1.counts
    jobid: 96
    benchmark: benchmarks/repeats/unassigned_experiment.SNRNP70_OSM_IP_1.quantify_repeats.txt
    reason: Missing output files: output/counts/repeats/vectors/SNRNP70_OSM_IP_1.counts; Input files updated by another job: output/bams/dedup/genome/SNRNP70_OSM_IP_1.genome.Aligned.sort.dedup.bam
    wildcards: replicate_label=SNRNP70_OSM_IP_1
    resources: tmpdir=/tmp

bedtools bamtobed -i output/bams/dedup/genome/SNRNP70_OSM_IP_1.genome.Aligned.sort.dedup.bam | awk '($1 != "chrEBV") && ($4 !~ "/2$")' | bedtools flank -s -l 1 -r 0 -g ./annotations/genome_ref/chrNameLength.txt -i - | bedtools shift -p 1 -m -1 -g ./annotations/genome_ref/chrNameLength.txt -i - | bedtools sort -i - | bedtools coverage -s -counts -a ./annotations/repeatmasker.grch38.sort.unique.bed.gz -b - | awk 'BEGIN {print "SNRNP70_OSM_IP_1"} {print $NF}' > output/counts/repeats/vectors/SNRNP70_OSM_IP_1.counts
[Fri Oct 24 16:21:38 2025]
Finished job 71.
118 of 142 steps (83%) done
[Fri Oct 24 16:23:44 2025]
Finished job 79.
119 of 142 steps (84%) done
Removing temporary output output/bedgraphs/unscaled/plus/SNRNP70_OSM_IP_1.unscaled.plus.bg.
Removing temporary output output/bedgraphs/unscaled/minus/SNRNP70_OSM_IP_1.unscaled.minus.bg.
[Fri Oct 24 16:23:53 2025]
Finished job 87.
120 of 142 steps (85%) done
Removing temporary output output/bedgraphs/scaled/plus/SNRNP70_OSM_IP_1.scaled.plus.bg.
Removing temporary output output/bedgraphs/scaled/minus/SNRNP70_OSM_IP_1.scaled.minus.bg.
[Fri Oct 24 16:24:08 2025]
Finished job 114.
121 of 142 steps (85%) done
Select jobs to execute...

[Fri Oct 24 16:24:08 2025]
rule make_genome_count_table:
    input: ./annotations/gencode.v38.annotation.k562_totalrna.gt1.tiled_partition.nuc.gz, output/counts/genome/vectors/SNRNP70_OSM_IN_1.counts, output/counts/genome/vectors/SNRNP70_OSM_IN_2.counts, output/counts/genome/vectors/SNRNP70_OSM_IP_1.counts, output/counts/genome/vectors/SNRNP70_OSM_IP_2.counts
    output: output/counts/genome/tables/SNRNP70_OSM.tsv.gz
    jobid: 111
    benchmark: benchmarks/counts/SNRNP70_OSM.all_replicates.make_genome_count_table.txt
    reason: Missing output files: output/counts/genome/tables/SNRNP70_OSM.tsv.gz; Input files updated by another job: output/counts/genome/vectors/SNRNP70_OSM_IN_1.counts, output/counts/genome/vectors/SNRNP70_OSM_IP_1.counts, output/counts/genome/vectors/SNRNP70_OSM_IN_2.counts, output/counts/genome/vectors/SNRNP70_OSM_IP_2.counts
    wildcards: experiment_label=SNRNP70_OSM
    resources: tmpdir=/tmp

paste <(zcat ./annotations/gencode.v38.annotation.k562_totalrna.gt1.tiled_partition.nuc.gz | awk -v OFS="\t" 'BEGIN {print "chr\tstart\tend\tname\tscore\tstrand\tgc"} NR > 1 {print $1,$2,$3,$4,$5,$6,$8}' ) output/counts/genome/vectors/SNRNP70_OSM_IN_1.counts output/counts/genome/vectors/SNRNP70_OSM_IN_2.counts output/counts/genome/vectors/SNRNP70_OSM_IP_1.counts output/counts/genome/vectors/SNRNP70_OSM_IP_2.counts | gzip -c > output/counts/genome/tables/SNRNP70_OSM.tsv.gz;
[Fri Oct 24 16:24:23 2025]
Finished job 111.
122 of 142 steps (86%) done
Select jobs to execute...

[Fri Oct 24 16:24:23 2025]
rule fit_input_betabinomial_model:
    input: output/counts/genome/tables/SNRNP70_OSM.tsv.gz
    output: output/input_model_coef/SNRNP70_OSM.SNRNP70_OSM_IN_2.tsv
    jobid: 117
    benchmark: benchmarks/betabinomial/SNRNP70_OSM.SNRNP70_OSM_IN_2.fit_input.txt
    reason: Missing output files: output/input_model_coef/SNRNP70_OSM.SNRNP70_OSM_IN_2.tsv; Input files updated by another job: output/counts/genome/tables/SNRNP70_OSM.tsv.gz
    wildcards: experiment_label=SNRNP70_OSM, input_replicate_label=SNRNP70_OSM_IN_2
    resources: tmpdir=/tmp

Rscript --vanilla ./tools/fit_input_betabinom.R output/counts/genome/tables/SNRNP70_OSM.tsv.gz SNRNP70_OSM SNRNP70_OSM_IN_2

[Fri Oct 24 16:24:23 2025]
rule fit_input_betabinomial_model:
    input: output/counts/genome/tables/SNRNP70_OSM.tsv.gz
    output: output/input_model_coef/SNRNP70_OSM.SNRNP70_OSM_IN_1.tsv
    jobid: 115
    benchmark: benchmarks/betabinomial/SNRNP70_OSM.SNRNP70_OSM_IN_1.fit_input.txt
    reason: Missing output files: output/input_model_coef/SNRNP70_OSM.SNRNP70_OSM_IN_1.tsv; Input files updated by another job: output/counts/genome/tables/SNRNP70_OSM.tsv.gz
    wildcards: experiment_label=SNRNP70_OSM, input_replicate_label=SNRNP70_OSM_IN_1
    resources: tmpdir=/tmp

Rscript --vanilla ./tools/fit_input_betabinom.R output/counts/genome/tables/SNRNP70_OSM.tsv.gz SNRNP70_OSM SNRNP70_OSM_IN_1
[Fri Oct 24 16:24:43 2025]
Finished job 96.
123 of 142 steps (87%) done
Select jobs to execute...

[Fri Oct 24 16:24:43 2025]
rule make_repeat_count_tables:
    input: ./annotations/repeatmasker.grch38.sort.unique.bed.gz, output/counts/repeats/vectors/SNRNP70_OSM_IN_1.counts, output/counts/repeats/vectors/SNRNP70_OSM_IN_2.counts, output/counts/repeats/vectors/SNRNP70_OSM_IP_1.counts, output/counts/repeats/vectors/SNRNP70_OSM_IP_2.counts
    output: output/counts/repeats/tables/name/SNRNP70_OSM.tsv.gz, output/counts/repeats/tables/class/SNRNP70_OSM.tsv.gz, output/counts/repeats/tables/family/SNRNP70_OSM.tsv.gz
    jobid: 123
    benchmark: benchmarks/counts/SNRNP70_OSM.all_replicates.make_repeat_count_table.txt
    reason: Missing output files: output/counts/repeats/tables/family/SNRNP70_OSM.tsv.gz, output/counts/repeats/tables/name/SNRNP70_OSM.tsv.gz; Input files updated by another job: output/counts/repeats/vectors/SNRNP70_OSM_IP_2.counts, output/counts/repeats/vectors/SNRNP70_OSM_IN_2.counts, output/counts/repeats/vectors/SNRNP70_OSM_IN_1.counts, output/counts/repeats/vectors/SNRNP70_OSM_IP_1.counts
    wildcards: experiment_label=SNRNP70_OSM
    resources: tmpdir=/tmp

echo "repeat_name" | paste - output/counts/repeats/vectors/SNRNP70_OSM_IN_1.counts output/counts/repeats/vectors/SNRNP70_OSM_IN_2.counts output/counts/repeats/vectors/SNRNP70_OSM_IP_1.counts output/counts/repeats/vectors/SNRNP70_OSM_IP_2.counts | sed -n '1p' | gzip > output/counts/repeats/tables/name/SNRNP70_OSM.tsv.gz;echo "repeat_class" | paste - output/counts/repeats/vectors/SNRNP70_OSM_IN_1.counts output/counts/repeats/vectors/SNRNP70_OSM_IN_2.counts output/counts/repeats/vectors/SNRNP70_OSM_IP_1.counts output/counts/repeats/vectors/SNRNP70_OSM_IP_2.counts | sed -n '1p' | gzip > output/counts/repeats/tables/class/SNRNP70_OSM.tsv.gz;echo "repeat_family" | paste - output/counts/repeats/vectors/SNRNP70_OSM_IN_1.counts output/counts/repeats/vectors/SNRNP70_OSM_IN_2.counts output/counts/repeats/vectors/SNRNP70_OSM_IP_1.counts output/counts/repeats/vectors/SNRNP70_OSM_IP_2.counts | sed -n '1p' | gzip > output/counts/repeats/tables/family/SNRNP70_OSM.tsv.gz;paste <(zcat ./annotations/repeatmasker.grch38.sort.unique.bed.gz | awk -v OFS="\t" 'BEGIN {print "repeat_name";} {print $7}') output/counts/repeats/vectors/SNRNP70_OSM_IN_1.counts output/counts/repeats/vectors/SNRNP70_OSM_IN_2.counts output/counts/repeats/vectors/SNRNP70_OSM_IP_1.counts output/counts/repeats/vectors/SNRNP70_OSM_IP_2.counts | awk -v OFS="\t" 'NR > 1 {for(i = 2; i <= NF; i++) {tabulation[$1][i] += $i} } END {for(name in tabulation) { printf name; for(i = 2; i <= NF; i++) {printf "\t" tabulation[name][i]} print "";} }' | sort -k 1,1 | gzip >> output/counts/repeats/tables/name/SNRNP70_OSM.tsv.gz;paste <(zcat ./annotations/repeatmasker.grch38.sort.unique.bed.gz | awk -v OFS="\t" 'BEGIN {print "repeat_class";} {print $8}') output/counts/repeats/vectors/SNRNP70_OSM_IN_1.counts output/counts/repeats/vectors/SNRNP70_OSM_IN_2.counts output/counts/repeats/vectors/SNRNP70_OSM_IP_1.counts output/counts/repeats/vectors/SNRNP70_OSM_IP_2.counts | awk -v OFS="\t" 'NR > 1 {for(i = 2; i <= NF; i++) {tabulation[$1][i] += $i} } END {for(name in tabulation) { printf name; for(i = 2; i <= NF; i++) {printf "\t" tabulation[name][i]} print "";} }' | sort -k 1,1 | gzip >> output/counts/repeats/tables/class/SNRNP70_OSM.tsv.gz;paste <(zcat ./annotations/repeatmasker.grch38.sort.unique.bed.gz | awk -v OFS="\t" 'BEGIN {print "repeat_family";} {print $9}') output/counts/repeats/vectors/SNRNP70_OSM_IN_1.counts output/counts/repeats/vectors/SNRNP70_OSM_IN_2.counts output/counts/repeats/vectors/SNRNP70_OSM_IP_1.counts output/counts/repeats/vectors/SNRNP70_OSM_IP_2.counts | awk -v OFS="\t" 'NR > 1 {for(i = 2; i <= NF; i++) {tabulation[$1][i] += $i} } END {for(name in tabulation) { printf name; for(i = 2; i <= NF; i++) {printf "\t" tabulation[name][i]} print "";} }' | sort -k 1,1 | gzip >> output/counts/repeats/tables/family/SNRNP70_OSM.tsv.gz;
[Fri Oct 24 16:25:10 2025]
Finished job 123.
124 of 142 steps (87%) done
Select jobs to execute...

[Fri Oct 24 16:25:10 2025]
rule fit_input_betabinomial_re_model:
    input: output/counts/repeats/tables/name/SNRNP70_OSM.tsv.gz
    output: output/input_model_coef_re/SNRNP70_OSM.SNRNP70_OSM_IN_2.tsv
    jobid: 133
    benchmark: benchmarks/fit_input_betabinomial_re_model/SNRNP70_OSM.SNRNP70_OSM_IN_2.fit_input.txt
    reason: Missing output files: output/input_model_coef_re/SNRNP70_OSM.SNRNP70_OSM_IN_2.tsv; Input files updated by another job: output/counts/repeats/tables/name/SNRNP70_OSM.tsv.gz
    wildcards: experiment_label=SNRNP70_OSM, input_replicate_label=SNRNP70_OSM_IN_2
    resources: tmpdir=/tmp

Rscript --vanilla ./tools/fit_input_betabinom_re.R output/counts/repeats/tables/name/SNRNP70_OSM.tsv.gz SNRNP70_OSM SNRNP70_OSM_IN_2

[Fri Oct 24 16:25:10 2025]
rule fit_input_betabinomial_re_model:
    input: output/counts/repeats/tables/name/SNRNP70_OSM.tsv.gz
    output: output/input_model_coef_re/SNRNP70_OSM.SNRNP70_OSM_IN_1.tsv
    jobid: 131
    benchmark: benchmarks/fit_input_betabinomial_re_model/SNRNP70_OSM.SNRNP70_OSM_IN_1.fit_input.txt
    reason: Missing output files: output/input_model_coef_re/SNRNP70_OSM.SNRNP70_OSM_IN_1.tsv; Input files updated by another job: output/counts/repeats/tables/name/SNRNP70_OSM.tsv.gz
    wildcards: experiment_label=SNRNP70_OSM, input_replicate_label=SNRNP70_OSM_IN_1
    resources: tmpdir=/tmp

Rscript --vanilla ./tools/fit_input_betabinom_re.R output/counts/repeats/tables/name/SNRNP70_OSM.tsv.gz SNRNP70_OSM SNRNP70_OSM_IN_1
[Fri Oct 24 16:25:51 2025]
Finished job 131.
125 of 142 steps (88%) done
Select jobs to execute...

[Fri Oct 24 16:25:51 2025]
rule call_enriched_re:
    input: output/counts/repeats/tables/name/SNRNP70_OSM.tsv.gz, output/counts/repeats/vectors/SNRNP70_OSM_IP_2.counts, ./annotations/repeatmasker.grch38.sort.unique.bed.gz, output/input_model_coef_re/SNRNP70_OSM.SNRNP70_OSM_IN_1.tsv
    output: output/figures/clip_scatter_re/SNRNP70_OSM.SNRNP70_OSM_IP_1.clip_test_distribution.pdf, output/enriched_re/SNRNP70_OSM.SNRNP70_OSM_IP_1.enriched_re.tsv.gz
    jobid: 130
    benchmark: benchmarks/call_enriched_re/SNRNP70_OSM.SNRNP70_OSM_IP_1.call_enriched_re.txt
    reason: Missing output files: output/enriched_re/SNRNP70_OSM.SNRNP70_OSM_IP_1.enriched_re.tsv.gz; Input files updated by another job: output/input_model_coef_re/SNRNP70_OSM.SNRNP70_OSM_IN_1.tsv, output/counts/repeats/tables/name/SNRNP70_OSM.tsv.gz, output/counts/repeats/vectors/SNRNP70_OSM_IP_2.counts
    wildcards: experiment_label=SNRNP70_OSM, clip_replicate_label=SNRNP70_OSM_IP_1
    resources: tmpdir=/tmp

Rscript --vanilla ./tools/call_enriched_re.R output/counts/repeats/tables/name/SNRNP70_OSM.tsv.gz ./annotations/repeatmasker.grch38.sort.unique.bed.gz output/input_model_coef_re/SNRNP70_OSM.SNRNP70_OSM_IN_1.tsv SNRNP70_OSM_IN_1 SNRNP70_OSM_IP_1 SNRNP70_OSM.SNRNP70_OSM_IP_1
[Fri Oct 24 16:25:51 2025]
Finished job 133.
126 of 142 steps (89%) done
Select jobs to execute...

[Fri Oct 24 16:25:51 2025]
rule call_enriched_re:
    input: output/counts/repeats/tables/name/SNRNP70_OSM.tsv.gz, output/counts/repeats/vectors/SNRNP70_OSM_IP_2.counts, ./annotations/repeatmasker.grch38.sort.unique.bed.gz, output/input_model_coef_re/SNRNP70_OSM.SNRNP70_OSM_IN_2.tsv
    output: output/figures/clip_scatter_re/SNRNP70_OSM.SNRNP70_OSM_IP_2.clip_test_distribution.pdf, output/enriched_re/SNRNP70_OSM.SNRNP70_OSM_IP_2.enriched_re.tsv.gz
    jobid: 132
    benchmark: benchmarks/call_enriched_re/SNRNP70_OSM.SNRNP70_OSM_IP_2.call_enriched_re.txt
    reason: Missing output files: output/enriched_re/SNRNP70_OSM.SNRNP70_OSM_IP_2.enriched_re.tsv.gz; Input files updated by another job: output/input_model_coef_re/SNRNP70_OSM.SNRNP70_OSM_IN_2.tsv, output/counts/repeats/tables/name/SNRNP70_OSM.tsv.gz, output/counts/repeats/vectors/SNRNP70_OSM_IP_2.counts
    wildcards: experiment_label=SNRNP70_OSM, clip_replicate_label=SNRNP70_OSM_IP_2
    resources: tmpdir=/tmp

Rscript --vanilla ./tools/call_enriched_re.R output/counts/repeats/tables/name/SNRNP70_OSM.tsv.gz ./annotations/repeatmasker.grch38.sort.unique.bed.gz output/input_model_coef_re/SNRNP70_OSM.SNRNP70_OSM_IN_2.tsv SNRNP70_OSM_IN_2 SNRNP70_OSM_IP_2 SNRNP70_OSM.SNRNP70_OSM_IP_2
[Fri Oct 24 16:26:00 2025]
Finished job 117.
127 of 142 steps (89%) done
Select jobs to execute...

[Fri Oct 24 16:26:00 2025]
rule call_enriched_windows:
    input: ./annotations/gencode.v38.annotation.k562_totalrna.gt1.tiled_partition.features.tsv.gz, ./annotations/accession_type_ranking.txt, output/counts/genome/vectors/SNRNP70_OSM_IP_2.counts, output/counts/genome/tables/SNRNP70_OSM.tsv.gz, output/input_model_coef/SNRNP70_OSM.SNRNP70_OSM_IN_2.tsv
    output: output/threshold_scan/SNRNP70_OSM.SNRNP70_OSM_IP_2.threshold_data.tsv, output/tested_windows/SNRNP70_OSM.SNRNP70_OSM_IP_2.tested_windows.tsv.gz, output/enriched_windows/SNRNP70_OSM.SNRNP70_OSM_IP_2.enriched_windows.tsv.gz, output/enrichment_summaries/SNRNP70_OSM.SNRNP70_OSM_IP_2.enriched_window_feature_summary.tsv, output/enrichment_summaries/SNRNP70_OSM.SNRNP70_OSM_IP_2.enriched_window_transcript_summary.tsv, output/enrichment_summaries/SNRNP70_OSM.SNRNP70_OSM_IP_2.enriched_window_gene_summary.tsv, output/all_reads/SNRNP70_OSM.SNRNP70_OSM_IP_2.all_reads_fractions_feature_data.tsv, output/all_reads/SNRNP70_OSM.SNRNP70_OSM_IP_2.all_reads_odds_feature_data.tsv, output/all_reads/SNRNP70_OSM.SNRNP70_OSM_IP_2.all_reads_odds_transcript_data.tsv, output/all_reads/SNRNP70_OSM.SNRNP70_OSM_IP_2.all_reads_odds_feature_gc_data.tsv, output/figures/threshold_scan/SNRNP70_OSM.SNRNP70_OSM_IP_2.threshold_scan.pdf, output/figures/enriched_windows/SNRNP70_OSM.SNRNP70_OSM_IP_2.enriched_window_coverage.pdf, output/figures/enriched_windows/SNRNP70_OSM.SNRNP70_OSM_IP_2.enriched_window_rates.pdf, output/figures/enriched_windows/SNRNP70_OSM.SNRNP70_OSM_IP_2.enriched_window_counts.linear.pdf, output/figures/enriched_windows/SNRNP70_OSM.SNRNP70_OSM_IP_2.enriched_window_counts.log10.pdf, output/figures/enriched_windows/SNRNP70_OSM.SNRNP70_OSM_IP_2.enriched_window_odds.feature.pdf, output/figures/enriched_windows/SNRNP70_OSM.SNRNP70_OSM_IP_2.enriched_window_odds.all_transcript_types.pdf, output/figures/enriched_windows/SNRNP70_OSM.SNRNP70_OSM_IP_2.enriched_window_odds.select_transcript_types.pdf, output/figures/enriched_windows/SNRNP70_OSM.SNRNP70_OSM_IP_2.enriched_window_counts.per_gene_feature.pdf, output/figures/all_reads/SNRNP70_OSM.SNRNP70_OSM_IP_2.all_reads_fractions.feature.pdf, output/figures/all_reads/SNRNP70_OSM.SNRNP70_OSM_IP_2.all_reads_odds.feature.pdf, output/figures/all_reads/SNRNP70_OSM.SNRNP70_OSM_IP_2.all_reads_odds.all_transcript_types.pdf, output/figures/all_reads/SNRNP70_OSM.SNRNP70_OSM_IP_2.all_reads_odds.feature_gc.pdf
    jobid: 116
    benchmark: benchmarks/call_enriched_windows/SNRNP70_OSM.SNRNP70_OSM_IP_2.call_enriched_windows.txt
    reason: Missing output files: output/tested_windows/SNRNP70_OSM.SNRNP70_OSM_IP_2.tested_windows.tsv.gz, output/enriched_windows/SNRNP70_OSM.SNRNP70_OSM_IP_2.enriched_windows.tsv.gz; Input files updated by another job: output/input_model_coef/SNRNP70_OSM.SNRNP70_OSM_IN_2.tsv, output/counts/genome/tables/SNRNP70_OSM.tsv.gz, output/counts/genome/vectors/SNRNP70_OSM_IP_2.counts
    wildcards: experiment_label=SNRNP70_OSM, clip_replicate_label=SNRNP70_OSM_IP_2
    resources: tmpdir=/tmp

Rscript --vanilla ./tools/call_enriched_windows.R output/counts/genome/tables/SNRNP70_OSM.tsv.gz ./annotations/accession_type_ranking.txt ./annotations/gencode.v38.annotation.k562_totalrna.gt1.tiled_partition.features.tsv.gz output/input_model_coef/SNRNP70_OSM.SNRNP70_OSM_IN_2.tsv SNRNP70_OSM_IN_2 SNRNP70_OSM_IP_2 SNRNP70_OSM.SNRNP70_OSM_IP_2
[Fri Oct 24 16:26:01 2025]
Finished job 115.
128 of 142 steps (90%) done
Select jobs to execute...

[Fri Oct 24 16:26:01 2025]
rule call_enriched_windows:
    input: ./annotations/gencode.v38.annotation.k562_totalrna.gt1.tiled_partition.features.tsv.gz, ./annotations/accession_type_ranking.txt, output/counts/genome/vectors/SNRNP70_OSM_IP_2.counts, output/counts/genome/tables/SNRNP70_OSM.tsv.gz, output/input_model_coef/SNRNP70_OSM.SNRNP70_OSM_IN_1.tsv
    output: output/threshold_scan/SNRNP70_OSM.SNRNP70_OSM_IP_1.threshold_data.tsv, output/tested_windows/SNRNP70_OSM.SNRNP70_OSM_IP_1.tested_windows.tsv.gz, output/enriched_windows/SNRNP70_OSM.SNRNP70_OSM_IP_1.enriched_windows.tsv.gz, output/enrichment_summaries/SNRNP70_OSM.SNRNP70_OSM_IP_1.enriched_window_feature_summary.tsv, output/enrichment_summaries/SNRNP70_OSM.SNRNP70_OSM_IP_1.enriched_window_transcript_summary.tsv, output/enrichment_summaries/SNRNP70_OSM.SNRNP70_OSM_IP_1.enriched_window_gene_summary.tsv, output/all_reads/SNRNP70_OSM.SNRNP70_OSM_IP_1.all_reads_fractions_feature_data.tsv, output/all_reads/SNRNP70_OSM.SNRNP70_OSM_IP_1.all_reads_odds_feature_data.tsv, output/all_reads/SNRNP70_OSM.SNRNP70_OSM_IP_1.all_reads_odds_transcript_data.tsv, output/all_reads/SNRNP70_OSM.SNRNP70_OSM_IP_1.all_reads_odds_feature_gc_data.tsv, output/figures/threshold_scan/SNRNP70_OSM.SNRNP70_OSM_IP_1.threshold_scan.pdf, output/figures/enriched_windows/SNRNP70_OSM.SNRNP70_OSM_IP_1.enriched_window_coverage.pdf, output/figures/enriched_windows/SNRNP70_OSM.SNRNP70_OSM_IP_1.enriched_window_rates.pdf, output/figures/enriched_windows/SNRNP70_OSM.SNRNP70_OSM_IP_1.enriched_window_counts.linear.pdf, output/figures/enriched_windows/SNRNP70_OSM.SNRNP70_OSM_IP_1.enriched_window_counts.log10.pdf, output/figures/enriched_windows/SNRNP70_OSM.SNRNP70_OSM_IP_1.enriched_window_odds.feature.pdf, output/figures/enriched_windows/SNRNP70_OSM.SNRNP70_OSM_IP_1.enriched_window_odds.all_transcript_types.pdf, output/figures/enriched_windows/SNRNP70_OSM.SNRNP70_OSM_IP_1.enriched_window_odds.select_transcript_types.pdf, output/figures/enriched_windows/SNRNP70_OSM.SNRNP70_OSM_IP_1.enriched_window_counts.per_gene_feature.pdf, output/figures/all_reads/SNRNP70_OSM.SNRNP70_OSM_IP_1.all_reads_fractions.feature.pdf, output/figures/all_reads/SNRNP70_OSM.SNRNP70_OSM_IP_1.all_reads_odds.feature.pdf, output/figures/all_reads/SNRNP70_OSM.SNRNP70_OSM_IP_1.all_reads_odds.all_transcript_types.pdf, output/figures/all_reads/SNRNP70_OSM.SNRNP70_OSM_IP_1.all_reads_odds.feature_gc.pdf
    jobid: 109
    benchmark: benchmarks/call_enriched_windows/SNRNP70_OSM.SNRNP70_OSM_IP_1.call_enriched_windows.txt
    reason: Missing output files: output/tested_windows/SNRNP70_OSM.SNRNP70_OSM_IP_1.tested_windows.tsv.gz, output/enriched_windows/SNRNP70_OSM.SNRNP70_OSM_IP_1.enriched_windows.tsv.gz; Input files updated by another job: output/input_model_coef/SNRNP70_OSM.SNRNP70_OSM_IN_1.tsv, output/counts/genome/tables/SNRNP70_OSM.tsv.gz, output/counts/genome/vectors/SNRNP70_OSM_IP_2.counts
    wildcards: experiment_label=SNRNP70_OSM, clip_replicate_label=SNRNP70_OSM_IP_1
    resources: tmpdir=/tmp

Rscript --vanilla ./tools/call_enriched_windows.R output/counts/genome/tables/SNRNP70_OSM.tsv.gz ./annotations/accession_type_ranking.txt ./annotations/gencode.v38.annotation.k562_totalrna.gt1.tiled_partition.features.tsv.gz output/input_model_coef/SNRNP70_OSM.SNRNP70_OSM_IN_1.tsv SNRNP70_OSM_IN_1 SNRNP70_OSM_IP_1 SNRNP70_OSM.SNRNP70_OSM_IP_1
[Fri Oct 24 16:26:40 2025]
Finished job 132.
129 of 142 steps (91%) done
[Fri Oct 24 16:26:47 2025]
Finished job 130.
130 of 142 steps (92%) done
Select jobs to execute...

[Fri Oct 24 16:26:47 2025]
rule find_reproducible_enriched_re:
    input: output/enriched_re/SNRNP70_OSM.SNRNP70_OSM_IP_1.enriched_re.tsv.gz, output/enriched_re/SNRNP70_OSM.SNRNP70_OSM_IP_2.enriched_re.tsv.gz
    output: output/reproducible_enriched_re/SNRNP70_OSM.reproducible_enriched_re.tsv.gz
    jobid: 129
    benchmark: benchmarks/find_reproducible_enriched_re/SNRNP70_OSM.all_replicates.reproducible.txt
    reason: Missing output files: output/reproducible_enriched_re/SNRNP70_OSM.reproducible_enriched_re.tsv.gz; Input files updated by another job: output/enriched_re/SNRNP70_OSM.SNRNP70_OSM_IP_2.enriched_re.tsv.gz, output/enriched_re/SNRNP70_OSM.SNRNP70_OSM_IP_1.enriched_re.tsv.gz
    wildcards: experiment_label=SNRNP70_OSM
    resources: tmpdir=/tmp

Rscript --vanilla ./tools/identify_reproducible_re.R output/enriched_re/ SNRNP70_OSM
[Fri Oct 24 16:26:51 2025]
Finished job 129.
131 of 142 steps (92%) done
[Fri Oct 24 16:27:20 2025]
Finished job 116.
132 of 142 steps (93%) done
[Fri Oct 24 16:27:44 2025]
Finished job 109.
133 of 142 steps (94%) done
Select jobs to execute...

[Fri Oct 24 16:27:44 2025]
rule check_window_concordance:
    input: output/tested_windows/SNRNP70_OSM.SNRNP70_OSM_IP_1.tested_windows.tsv.gz, output/tested_windows/SNRNP70_OSM.SNRNP70_OSM_IP_2.tested_windows.tsv.gz
    output: output/figures/enrichment_reproducibility/SNRNP70_OSM.enrichment_reproducibility.pdf, output/enrichment_reproducibility/SNRNP70_OSM.enrichment_reproducibility.tsv
    jobid: 121
    benchmark: benchmarks/check_window_concordance/SNRNP70_OSM.all_replicates.concordance.txt
    reason: Missing output files: output/figures/enrichment_reproducibility/SNRNP70_OSM.enrichment_reproducibility.pdf; Input files updated by another job: output/tested_windows/SNRNP70_OSM.SNRNP70_OSM_IP_1.tested_windows.tsv.gz, output/tested_windows/SNRNP70_OSM.SNRNP70_OSM_IP_2.tested_windows.tsv.gz
    wildcards: experiment_label=SNRNP70_OSM
    resources: tmpdir=/tmp

Rscript --vanilla ./tools/check_window_concordance.R output/tested_windows SNRNP70_OSM ./annotations/encode3_eclip_blacklist.bed

[Fri Oct 24 16:27:44 2025]
rule find_reproducible_enriched_windows:
    input: output/enriched_windows/SNRNP70_OSM.SNRNP70_OSM_IP_1.enriched_windows.tsv.gz, output/enriched_windows/SNRNP70_OSM.SNRNP70_OSM_IP_2.enriched_windows.tsv.gz
    output: output/reproducible_enriched_windows/SNRNP70_OSM.reproducible_enriched_windows.tsv.gz, output/figures/reproducible_enriched_windows/SNRNP70_OSM.reproducible_enriched_window_counts.linear.pdf, output/figures/reproducible_enriched_windows/SNRNP70_OSM.reproducible_enriched_window_counts.log10.pdf
    jobid: 119
    benchmark: benchmarks/find_reproducible_enriched_windows/SNRNP70_OSM.all_replicates.reproducible.txt
    reason: Missing output files: output/reproducible_enriched_windows/SNRNP70_OSM.reproducible_enriched_windows.tsv.gz; Input files updated by another job: output/enriched_windows/SNRNP70_OSM.SNRNP70_OSM_IP_1.enriched_windows.tsv.gz, output/enriched_windows/SNRNP70_OSM.SNRNP70_OSM_IP_2.enriched_windows.tsv.gz
    wildcards: experiment_label=SNRNP70_OSM
    resources: tmpdir=/tmp

Rscript --vanilla ./tools/identify_reproducible_windows.R output/enriched_windows/ SNRNP70_OSM ./annotations/encode3_eclip_blacklist.bed
[Fri Oct 24 16:27:48 2025]
Finished job 121.
134 of 142 steps (94%) done
[Fri Oct 24 16:27:48 2025]
Finished job 119.
135 of 142 steps (95%) done
Select jobs to execute...

[Fri Oct 24 16:27:49 2025]
rule get_nt_coverage:
    input: output/reproducible_enriched_windows/SNRNP70_OSM.reproducible_enriched_windows.tsv.gz, output/bams/dedup/genome/SNRNP70_OSM_IP_1.genome.Aligned.sort.dedup.bam, output/bams/dedup/genome/SNRNP70_OSM_IP_2.genome.Aligned.sort.dedup.bam, output/bams/dedup/genome/SNRNP70_OSM_IN_1.genome.Aligned.sort.dedup.bam, output/bams/dedup/genome/SNRNP70_OSM_IN_2.genome.Aligned.sort.dedup.bam
    output: output/finemapping/nt_coverage/SNRNP70_OSM.nt_census.bed, output/finemapping/nt_coverage/SNRNP70_OSM.nt_coverage.input.counts, output/finemapping/nt_coverage/SNRNP70_OSM.nt_coverage.clip.counts, output/finemapping/nt_coverage/SNRNP70_OSM.nt_coverage.bed
    jobid: 137
    benchmark: benchmarks/get_nt_coverage/SNRNP70_OSM.all_replicates.reproducible.txt
    reason: Missing output files: output/finemapping/nt_coverage/SNRNP70_OSM.nt_coverage.bed; Input files updated by another job: output/bams/dedup/genome/SNRNP70_OSM_IN_1.genome.Aligned.sort.dedup.bam, output/reproducible_enriched_windows/SNRNP70_OSM.reproducible_enriched_windows.tsv.gz, output/bams/dedup/genome/SNRNP70_OSM_IN_2.genome.Aligned.sort.dedup.bam, output/bams/dedup/genome/SNRNP70_OSM_IP_1.genome.Aligned.sort.dedup.bam, output/bams/dedup/genome/SNRNP70_OSM_IP_2.genome.Aligned.sort.dedup.bam
    wildcards: experiment_label=SNRNP70_OSM
    resources: tmpdir=/tmp

zcat output/reproducible_enriched_windows/SNRNP70_OSM.reproducible_enriched_windows.tsv.gz | tail -n +2 | sort -k1,1 -k2,2n | awk -v OFS="	" '{print $1, $2 -37, $3+37,$4,$5,$6}' | bedtools merge -i - -s -c 6 -o distinct | awk -v OFS="	" '{for(i=$2;i< $3;i++) {print $1,i,i+1,"MW:" NR ":" i - $2,0,$4, NR} }' > output/finemapping/nt_coverage/SNRNP70_OSM.nt_census.bed; samtools cat output/bams/dedup/genome/SNRNP70_OSM_IN_1.genome.Aligned.sort.dedup.bam output/bams/dedup/genome/SNRNP70_OSM_IN_2.genome.Aligned.sort.dedup.bam | bedtools intersect -s -wa -a - -b output/finemapping/nt_coverage/SNRNP70_OSM.nt_census.bed | bedtools bamtobed -i - | awk '($1 != "chrEBV") && ($4 !~ "/2$")' | bedtools flank -s -l 1 -r 0 -g ./annotations/genome_ref/chrNameLength.txt -i - | bedtools shift -p 1 -m -1 -g ./annotations/genome_ref/chrNameLength.txt -i - | bedtools sort -i - | bedtools coverage -counts -s -a output/finemapping/nt_coverage/SNRNP70_OSM.nt_census.bed -b - | awk '{print $NF}' > output/finemapping/nt_coverage/SNRNP70_OSM.nt_coverage.input.counts;samtools cat output/bams/dedup/genome/SNRNP70_OSM_IP_1.genome.Aligned.sort.dedup.bam output/bams/dedup/genome/SNRNP70_OSM_IP_2.genome.Aligned.sort.dedup.bam | bedtools intersect -s -wa -a - -b output/finemapping/nt_coverage/SNRNP70_OSM.nt_census.bed | bedtools bamtobed -i - | awk '($1 != "chrEBV") && ($4 !~ "/2$")' | bedtools flank -s -l 1 -r 0 -g ./annotations/genome_ref/chrNameLength.txt -i - | bedtools shift -p 1 -m -1 -g ./annotations/genome_ref/chrNameLength.txt -i - | bedtools sort -i - | bedtools coverage -counts -s -a output/finemapping/nt_coverage/SNRNP70_OSM.nt_census.bed -b - | awk '{print $NF}' > output/finemapping/nt_coverage/SNRNP70_OSM.nt_coverage.clip.counts;paste output/finemapping/nt_coverage/SNRNP70_OSM.nt_census.bed output/finemapping/nt_coverage/SNRNP70_OSM.nt_coverage.input.counts output/finemapping/nt_coverage/SNRNP70_OSM.nt_coverage.clip.counts > output/finemapping/nt_coverage/SNRNP70_OSM.nt_coverage.bed

[Fri Oct 24 16:27:49 2025]
rule consult_term_reference:
    input: output/reproducible_enriched_windows/SNRNP70_OSM.reproducible_enriched_windows.tsv.gz, ./annotations/c5.go.v7.5.1.symbols.gmt, ./annotations/encode3_go_terms.reference.tsv.gz, ./annotations/encode3_go_terms.jaccard_index.rds
    output: output/gene_sets/SNRNP70_OSM.enriched_terms.tsv.gz, output/figures/gene_sets/SNRNP70_OSM.clustered_top_terms.pdf
    jobid: 143
    benchmark: benchmarks/consult_term_reference/SNRNP70_OSM.all_replicates.reproducible.txt
    reason: Missing output files: output/gene_sets/SNRNP70_OSM.enriched_terms.tsv.gz; Input files updated by another job: output/reproducible_enriched_windows/SNRNP70_OSM.reproducible_enriched_windows.tsv.gz
    wildcards: experiment_label=SNRNP70_OSM
    resources: tmpdir=/tmp

Rscript --vanilla ./tools/consult_term_reference.R output/reproducible_enriched_windows/SNRNP70_OSM.reproducible_enriched_windows.tsv.gz ./annotations/c5.go.v7.5.1.symbols.gmt ./annotations/encode3_go_terms.reference.tsv.gz ./annotations/encode3_go_terms.jaccard_index.rds SNRNP70_OSM 

[Fri Oct 24 16:27:49 2025]
rule consult_encode_reference:
    input: output/reproducible_enriched_windows/SNRNP70_CTL.reproducible_enriched_windows.tsv.gz, output/reproducible_enriched_windows/SNRNP70_OSM.reproducible_enriched_windows.tsv.gz, output/reproducible_enriched_re/SNRNP70_CTL.reproducible_enriched_re.tsv.gz, output/reproducible_enriched_re/SNRNP70_OSM.reproducible_enriched_re.tsv.gz, ./tools/encode3_feature_summary.reference.tsv, ./tools/encode3_eclip_enrichment.reference.tsv, ./tools/encode3_class_assignment.reference.tsv
    output: output/tsne/skipper.tsne_query.tsv, output/figures/tsne/skipper.tsne_query.pdf
    jobid: 144
    benchmark: benchmarks/consult_encode_reference/skipper.txt
    reason: Missing output files: output/figures/tsne/skipper.tsne_query.pdf; Input files updated by another job: output/reproducible_enriched_windows/SNRNP70_CTL.reproducible_enriched_windows.tsv.gz, output/reproducible_enriched_re/SNRNP70_OSM.reproducible_enriched_re.tsv.gz, output/reproducible_enriched_windows/SNRNP70_OSM.reproducible_enriched_windows.tsv.gz, output/reproducible_enriched_re/SNRNP70_CTL.reproducible_enriched_re.tsv.gz
    resources: tmpdir=/tmp

Rscript --vanilla ./tools/consult_encode_reference.R output/reproducible_enriched_windows output/reproducible_enriched_re ./tools skipper 

[Fri Oct 24 16:27:49 2025]
rule sample_background_windows_by_region:
    input: output/reproducible_enriched_windows/SNRNP70_OSM.reproducible_enriched_windows.tsv.gz, ./annotations/gencode.v38.annotation.k562_totalrna.gt1.tiled_partition.features.tsv.gz
    output: output/homer/region_matched_background/variable/SNRNP70_OSM.sampled_variable_windows.bed.gz, output/homer/region_matched_background/fixed/SNRNP70_OSM.sampled_fixed_windows.bed.gz
    jobid: 141
    benchmark: benchmarks/sample_background_windows_by_region/SNRNP70_OSM.sample_background_windows_by_region.txt
    reason: Missing output files: output/homer/region_matched_background/fixed/SNRNP70_OSM.sampled_fixed_windows.bed.gz; Input files updated by another job: output/reproducible_enriched_windows/SNRNP70_OSM.reproducible_enriched_windows.tsv.gz
    wildcards: experiment_label=SNRNP70_OSM
    resources: tmpdir=/tmp

Rscript --vanilla ./tools/sample_matched_background_by_region.R output/reproducible_enriched_windows/SNRNP70_OSM.reproducible_enriched_windows.tsv.gz ./annotations/gencode.v38.annotation.k562_totalrna.gt1.tiled_partition.features.tsv.gz 75 output/homer/region_matched_background SNRNP70_OSM;
[Fri Oct 24 16:27:55 2025]
Finished job 144.
136 of 142 steps (96%) done
[Fri Oct 24 16:28:16 2025]
Finished job 141.
137 of 142 steps (96%) done
[Fri Oct 24 16:28:32 2025]
Finished job 143.
138 of 142 steps (97%) done
[Fri Oct 24 16:32:58 2025]
Finished job 137.
139 of 142 steps (98%) done
Removing temporary output output/finemapping/nt_coverage/SNRNP70_OSM.nt_census.bed.
Removing temporary output output/finemapping/nt_coverage/SNRNP70_OSM.nt_coverage.input.counts.
Removing temporary output output/finemapping/nt_coverage/SNRNP70_OSM.nt_coverage.clip.counts.
Select jobs to execute...

[Fri Oct 24 16:32:58 2025]
rule finemap_windows:
    input: output/finemapping/nt_coverage/SNRNP70_OSM.nt_coverage.bed
    output: output/finemapping/mapped_sites/SNRNP70_OSM.finemapped_windows.bed.gz
    jobid: 136
    benchmark: benchmarks/finemap_windows/SNRNP70_OSM.all_replicates.reproducible.txt
    reason: Missing output files: output/finemapping/mapped_sites/SNRNP70_OSM.finemapped_windows.bed.gz; Input files updated by another job: output/finemapping/nt_coverage/SNRNP70_OSM.nt_coverage.bed
    wildcards: experiment_label=SNRNP70_OSM
    resources: tmpdir=/tmp

Rscript --vanilla ./tools/finemap_enriched_windows.R output/finemapping/nt_coverage/SNRNP70_OSM.nt_coverage.bed output/finemapping/mapped_sites/ SNRNP70_OSM
[Fri Oct 24 16:33:09 2025]
Finished job 136.
140 of 142 steps (99%) done
Select jobs to execute...

[Fri Oct 24 16:33:09 2025]
rule run_homer:
    input: output/finemapping/mapped_sites/SNRNP70_OSM.finemapped_windows.bed.gz, output/homer/region_matched_background/fixed/SNRNP70_OSM.sampled_fixed_windows.bed.gz, ./annotations/GRCh38_no_alt_analysis_set_GCA_000001405.15.fasta
    output: output/homer/finemapped_results/SNRNP70_OSM/homerResults.html
    jobid: 140
    benchmark: benchmarks/run_homer/SNRNP70_OSM.all_replicates.reproducible.txt
    reason: Missing output files: output/homer/finemapped_results/SNRNP70_OSM/homerResults.html; Input files updated by another job: output/finemapping/mapped_sites/SNRNP70_OSM.finemapped_windows.bed.gz, output/homer/region_matched_background/fixed/SNRNP70_OSM.sampled_fixed_windows.bed.gz
    wildcards: experiment_label=SNRNP70_OSM
    resources: tmpdir=/tmp

findMotifsGenome.pl <(zcat output/finemapping/mapped_sites/SNRNP70_OSM.finemapped_windows.bed.gz | awk -v OFS="	" '{print $4 ":"$9,$1,$2+1,$3,$6}') ./annotations/GRCh38_no_alt_analysis_set_GCA_000001405.15.fasta output/homer/finemapped_results/SNRNP70_OSM -preparsedDir output/homer/preparsed -size given -rna -nofacts -S 20 -len 5,6,7,8,9 -nlen 1 -bg <(zcat output/homer/region_matched_background/fixed/SNRNP70_OSM.sampled_fixed_windows.bed.gz | awk -v OFS="	" '{print $4,$1,$2+1,$3,$6}') 
[Fri Oct 24 16:38:14 2025]
Finished job 140.
141 of 142 steps (99%) done
Select jobs to execute...

[Fri Oct 24 16:38:14 2025]
rule all:
    input: output/fastqc/initial/SNRNP70_CTL_IN_1_fastqc.html, output/fastqc/initial/SNRNP70_CTL_IN_2_fastqc.html, output/fastqc/initial/SNRNP70_OSM_IN_1_fastqc.html, output/fastqc/initial/SNRNP70_OSM_IN_2_fastqc.html, output/fastqc/initial/SNRNP70_CTL_IP_1_fastqc.html, output/fastqc/initial/SNRNP70_CTL_IP_2_fastqc.html, output/fastqc/initial/SNRNP70_OSM_IP_1_fastqc.html, output/fastqc/initial/SNRNP70_OSM_IP_2_fastqc.html, output/fastqc/processed/SNRNP70_CTL_IN_1.trimmed.umi_fastqc.html, output/fastqc/processed/SNRNP70_CTL_IN_2.trimmed.umi_fastqc.html, output/fastqc/processed/SNRNP70_OSM_IN_1.trimmed.umi_fastqc.html, output/fastqc/processed/SNRNP70_OSM_IN_2.trimmed.umi_fastqc.html, output/fastqc/processed/SNRNP70_CTL_IP_1.trimmed.umi_fastqc.html, output/fastqc/processed/SNRNP70_CTL_IP_2.trimmed.umi_fastqc.html, output/fastqc/processed/SNRNP70_OSM_IP_1.trimmed.umi_fastqc.html, output/fastqc/processed/SNRNP70_OSM_IP_2.trimmed.umi_fastqc.html, output/bams/dedup/genome/SNRNP70_CTL_IN_1.genome.Aligned.sort.dedup.bam, output/bams/dedup/genome/SNRNP70_CTL_IN_2.genome.Aligned.sort.dedup.bam, output/bams/dedup/genome/SNRNP70_OSM_IN_1.genome.Aligned.sort.dedup.bam, output/bams/dedup/genome/SNRNP70_OSM_IN_2.genome.Aligned.sort.dedup.bam, output/bams/dedup/genome/SNRNP70_CTL_IP_1.genome.Aligned.sort.dedup.bam, output/bams/dedup/genome/SNRNP70_CTL_IP_2.genome.Aligned.sort.dedup.bam, output/bams/dedup/genome/SNRNP70_OSM_IP_1.genome.Aligned.sort.dedup.bam, output/bams/dedup/genome/SNRNP70_OSM_IP_2.genome.Aligned.sort.dedup.bam, output/bams/dedup/genome/SNRNP70_CTL_IN_1.genome.Aligned.sort.dedup.bam.bai, output/bams/dedup/genome/SNRNP70_CTL_IN_2.genome.Aligned.sort.dedup.bam.bai, output/bams/dedup/genome/SNRNP70_OSM_IN_1.genome.Aligned.sort.dedup.bam.bai, output/bams/dedup/genome/SNRNP70_OSM_IN_2.genome.Aligned.sort.dedup.bam.bai, output/bams/dedup/genome/SNRNP70_CTL_IP_1.genome.Aligned.sort.dedup.bam.bai, output/bams/dedup/genome/SNRNP70_CTL_IP_2.genome.Aligned.sort.dedup.bam.bai, output/bams/dedup/genome/SNRNP70_OSM_IP_1.genome.Aligned.sort.dedup.bam.bai, output/bams/dedup/genome/SNRNP70_OSM_IP_2.genome.Aligned.sort.dedup.bam.bai, output/bigwigs/unscaled/plus/SNRNP70_CTL_IN_1.unscaled.plus.bw, output/bigwigs/unscaled/plus/SNRNP70_CTL_IN_2.unscaled.plus.bw, output/bigwigs/unscaled/plus/SNRNP70_OSM_IN_1.unscaled.plus.bw, output/bigwigs/unscaled/plus/SNRNP70_OSM_IN_2.unscaled.plus.bw, output/bigwigs/unscaled/plus/SNRNP70_CTL_IP_1.unscaled.plus.bw, output/bigwigs/unscaled/plus/SNRNP70_CTL_IP_2.unscaled.plus.bw, output/bigwigs/unscaled/plus/SNRNP70_OSM_IP_1.unscaled.plus.bw, output/bigwigs/unscaled/plus/SNRNP70_OSM_IP_2.unscaled.plus.bw, output/bigwigs/scaled/plus/SNRNP70_CTL_IN_1.scaled.plus.bw, output/bigwigs/scaled/plus/SNRNP70_CTL_IN_2.scaled.plus.bw, output/bigwigs/scaled/plus/SNRNP70_OSM_IN_1.scaled.plus.bw, output/bigwigs/scaled/plus/SNRNP70_OSM_IN_2.scaled.plus.bw, output/bigwigs/scaled/plus/SNRNP70_CTL_IP_1.scaled.plus.bw, output/bigwigs/scaled/plus/SNRNP70_CTL_IP_2.scaled.plus.bw, output/bigwigs/scaled/plus/SNRNP70_OSM_IP_1.scaled.plus.bw, output/bigwigs/scaled/plus/SNRNP70_OSM_IP_2.scaled.plus.bw, output/counts/repeats/vectors/SNRNP70_CTL_IN_1.counts, output/counts/repeats/vectors/SNRNP70_CTL_IN_2.counts, output/counts/repeats/vectors/SNRNP70_OSM_IN_1.counts, output/counts/repeats/vectors/SNRNP70_OSM_IN_2.counts, output/counts/repeats/vectors/SNRNP70_CTL_IP_1.counts, output/counts/repeats/vectors/SNRNP70_CTL_IP_2.counts, output/counts/repeats/vectors/SNRNP70_OSM_IP_1.counts, output/counts/repeats/vectors/SNRNP70_OSM_IP_2.counts, output/enriched_windows/SNRNP70_CTL.SNRNP70_CTL_IP_1.enriched_windows.tsv.gz, output/enriched_windows/SNRNP70_CTL.SNRNP70_CTL_IP_2.enriched_windows.tsv.gz, output/enriched_windows/SNRNP70_OSM.SNRNP70_OSM_IP_1.enriched_windows.tsv.gz, output/enriched_windows/SNRNP70_OSM.SNRNP70_OSM_IP_2.enriched_windows.tsv.gz, output/reproducible_enriched_windows/SNRNP70_CTL.reproducible_enriched_windows.tsv.gz, output/reproducible_enriched_windows/SNRNP70_CTL.reproducible_enriched_windows.tsv.gz, output/reproducible_enriched_windows/SNRNP70_OSM.reproducible_enriched_windows.tsv.gz, output/reproducible_enriched_windows/SNRNP70_OSM.reproducible_enriched_windows.tsv.gz, output/figures/enrichment_reproducibility/SNRNP70_CTL.enrichment_reproducibility.pdf, output/figures/enrichment_reproducibility/SNRNP70_CTL.enrichment_reproducibility.pdf, output/figures/enrichment_reproducibility/SNRNP70_OSM.enrichment_reproducibility.pdf, output/figures/enrichment_reproducibility/SNRNP70_OSM.enrichment_reproducibility.pdf, output/counts/repeats/tables/family/SNRNP70_CTL.tsv.gz, output/counts/repeats/tables/family/SNRNP70_CTL.tsv.gz, output/counts/repeats/tables/family/SNRNP70_OSM.tsv.gz, output/counts/repeats/tables/family/SNRNP70_OSM.tsv.gz, output/reproducible_enriched_re/SNRNP70_CTL.reproducible_enriched_re.tsv.gz, output/reproducible_enriched_re/SNRNP70_CTL.reproducible_enriched_re.tsv.gz, output/reproducible_enriched_re/SNRNP70_OSM.reproducible_enriched_re.tsv.gz, output/reproducible_enriched_re/SNRNP70_OSM.reproducible_enriched_re.tsv.gz, output/finemapping/mapped_sites/SNRNP70_CTL.finemapped_windows.bed.gz, output/finemapping/mapped_sites/SNRNP70_CTL.finemapped_windows.bed.gz, output/finemapping/mapped_sites/SNRNP70_OSM.finemapped_windows.bed.gz, output/finemapping/mapped_sites/SNRNP70_OSM.finemapped_windows.bed.gz, output/homer/finemapped_results/SNRNP70_CTL/homerResults.html, output/homer/finemapped_results/SNRNP70_CTL/homerResults.html, output/homer/finemapped_results/SNRNP70_OSM/homerResults.html, output/homer/finemapped_results/SNRNP70_OSM/homerResults.html, output/gene_sets/SNRNP70_CTL.enriched_terms.tsv.gz, output/gene_sets/SNRNP70_CTL.enriched_terms.tsv.gz, output/gene_sets/SNRNP70_OSM.enriched_terms.tsv.gz, output/gene_sets/SNRNP70_OSM.enriched_terms.tsv.gz, output/figures/tsne/skipper.tsne_query.pdf
    output: land_ho.txt
    jobid: 0
    reason: Input files updated by another job: output/bams/dedup/genome/SNRNP70_CTL_IP_2.genome.Aligned.sort.dedup.bam.bai, output/bams/dedup/genome/SNRNP70_CTL_IN_2.genome.Aligned.sort.dedup.bam, output/fastqc/processed/SNRNP70_OSM_IN_2.trimmed.umi_fastqc.html, output/fastqc/initial/SNRNP70_OSM_IP_2_fastqc.html, output/fastqc/processed/SNRNP70_OSM_IP_2.trimmed.umi_fastqc.html, output/fastqc/processed/SNRNP70_CTL_IP_1.trimmed.umi_fastqc.html, output/enriched_windows/SNRNP70_CTL.SNRNP70_CTL_IP_1.enriched_windows.tsv.gz, output/bams/dedup/genome/SNRNP70_OSM_IP_2.genome.Aligned.sort.dedup.bam, output/reproducible_enriched_windows/SNRNP70_CTL.reproducible_enriched_windows.tsv.gz, output/finemapping/mapped_sites/SNRNP70_OSM.finemapped_windows.bed.gz, output/fastqc/initial/SNRNP70_CTL_IP_2_fastqc.html, output/reproducible_enriched_windows/SNRNP70_OSM.reproducible_enriched_windows.tsv.gz, output/bams/dedup/genome/SNRNP70_OSM_IN_2.genome.Aligned.sort.dedup.bam.bai, output/bams/dedup/genome/SNRNP70_OSM_IP_1.genome.Aligned.sort.dedup.bam, output/counts/repeats/vectors/SNRNP70_OSM_IN_2.counts, output/enriched_windows/SNRNP70_OSM.SNRNP70_OSM_IP_2.enriched_windows.tsv.gz, output/bams/dedup/genome/SNRNP70_CTL_IP_1.genome.Aligned.sort.dedup.bam, output/counts/repeats/vectors/SNRNP70_OSM_IN_1.counts, output/fastqc/initial/SNRNP70_OSM_IN_2_fastqc.html, output/counts/repeats/vectors/SNRNP70_CTL_IP_1.counts, output/figures/tsne/skipper.tsne_query.pdf, output/bams/dedup/genome/SNRNP70_OSM_IN_1.genome.Aligned.sort.dedup.bam, output/bams/dedup/genome/SNRNP70_OSM_IP_1.genome.Aligned.sort.dedup.bam.bai, output/fastqc/processed/SNRNP70_CTL_IN_2.trimmed.umi_fastqc.html, output/bams/dedup/genome/SNRNP70_OSM_IN_1.genome.Aligned.sort.dedup.bam.bai, output/bigwigs/unscaled/plus/SNRNP70_CTL_IP_2.unscaled.plus.bw, output/fastqc/initial/SNRNP70_CTL_IN_2_fastqc.html, output/bams/dedup/genome/SNRNP70_CTL_IP_2.genome.Aligned.sort.dedup.bam, output/counts/repeats/vectors/SNRNP70_OSM_IP_2.counts, output/fastqc/initial/SNRNP70_CTL_IP_1_fastqc.html, output/fastqc/processed/SNRNP70_OSM_IN_1.trimmed.umi_fastqc.html, output/finemapping/mapped_sites/SNRNP70_CTL.finemapped_windows.bed.gz, output/reproducible_enriched_re/SNRNP70_CTL.reproducible_enriched_re.tsv.gz, output/counts/repeats/vectors/SNRNP70_CTL_IN_1.counts, output/bams/dedup/genome/SNRNP70_OSM_IP_2.genome.Aligned.sort.dedup.bam.bai, output/bigwigs/unscaled/plus/SNRNP70_OSM_IP_2.unscaled.plus.bw, output/counts/repeats/vectors/SNRNP70_OSM_IP_1.counts, output/bams/dedup/genome/SNRNP70_CTL_IN_1.genome.Aligned.sort.dedup.bam, output/fastqc/processed/SNRNP70_CTL_IN_1.trimmed.umi_fastqc.html, output/counts/repeats/tables/family/SNRNP70_OSM.tsv.gz, output/homer/finemapped_results/SNRNP70_OSM/homerResults.html, output/enriched_windows/SNRNP70_CTL.SNRNP70_CTL_IP_2.enriched_windows.tsv.gz, output/counts/repeats/vectors/SNRNP70_CTL_IP_2.counts, output/bigwigs/scaled/plus/SNRNP70_CTL_IN_1.scaled.plus.bw, output/gene_sets/SNRNP70_CTL.enriched_terms.tsv.gz, output/bigwigs/unscaled/plus/SNRNP70_CTL_IN_2.unscaled.plus.bw, output/figures/enrichment_reproducibility/SNRNP70_CTL.enrichment_reproducibility.pdf, output/bams/dedup/genome/SNRNP70_CTL_IN_2.genome.Aligned.sort.dedup.bam.bai, output/bams/dedup/genome/SNRNP70_OSM_IN_2.genome.Aligned.sort.dedup.bam, output/fastqc/processed/SNRNP70_CTL_IP_2.trimmed.umi_fastqc.html, output/gene_sets/SNRNP70_OSM.enriched_terms.tsv.gz, output/bigwigs/unscaled/plus/SNRNP70_CTL_IP_1.unscaled.plus.bw, output/bigwigs/unscaled/plus/SNRNP70_CTL_IN_1.unscaled.plus.bw, output/bigwigs/scaled/plus/SNRNP70_CTL_IP_2.scaled.plus.bw, output/bigwigs/scaled/plus/SNRNP70_OSM_IP_2.scaled.plus.bw, output/fastqc/initial/SNRNP70_OSM_IN_1_fastqc.html, output/bigwigs/scaled/plus/SNRNP70_CTL_IP_1.scaled.plus.bw, output/fastqc/initial/SNRNP70_CTL_IN_1_fastqc.html, output/bams/dedup/genome/SNRNP70_CTL_IP_1.genome.Aligned.sort.dedup.bam.bai, output/enriched_windows/SNRNP70_OSM.SNRNP70_OSM_IP_1.enriched_windows.tsv.gz, output/bigwigs/scaled/plus/SNRNP70_OSM_IP_1.scaled.plus.bw, output/bigwigs/unscaled/plus/SNRNP70_OSM_IN_1.unscaled.plus.bw, output/bams/dedup/genome/SNRNP70_CTL_IN_1.genome.Aligned.sort.dedup.bam.bai, output/figures/enrichment_reproducibility/SNRNP70_OSM.enrichment_reproducibility.pdf, output/fastqc/initial/SNRNP70_OSM_IP_1_fastqc.html, output/counts/repeats/vectors/SNRNP70_CTL_IN_2.counts, output/homer/finemapped_results/SNRNP70_CTL/homerResults.html, output/bigwigs/scaled/plus/SNRNP70_OSM_IN_2.scaled.plus.bw, output/bigwigs/unscaled/plus/SNRNP70_OSM_IN_2.unscaled.plus.bw, output/bigwigs/unscaled/plus/SNRNP70_OSM_IP_1.unscaled.plus.bw, output/bigwigs/scaled/plus/SNRNP70_CTL_IN_2.scaled.plus.bw, output/bigwigs/scaled/plus/SNRNP70_OSM_IN_1.scaled.plus.bw, output/counts/repeats/tables/family/SNRNP70_CTL.tsv.gz, output/reproducible_enriched_re/SNRNP70_OSM.reproducible_enriched_re.tsv.gz, output/fastqc/processed/SNRNP70_OSM_IP_1.trimmed.umi_fastqc.html
    resources: tmpdir=/tmp

echo $(date)  > land_ho.txt;echo created by Evan Boyle and the Yeo lab >> land_ho.txt
[Fri Oct 24 16:38:14 2025]
Finished job 0.
142 of 142 steps (100%) done
Complete log: .snakemake/log/2025-10-24T132715.983234.snakemake.log
