(base) pa-hilario@cc21dev0:~/skipper$ ls
01_MakeMimic.sh  03_TestSkipper.sh   05_RunSkipper.sh  README.md   Skipper_config.py  benchmarks  example  installation
02_CheckData.sh  04_ActivateNode.sh  LICENSE           Skipper.py  annotations        documents   input    tools
(base) pa-hilario@cc21dev0:~/skipper$ ./02_CheckData.sh 
MD5 checksums written to ./input/md5CheckSums.log
(base) pa-hilario@cc21dev0:~/skipper$ cat input/md5CheckSums.log 
MD5 Checksum checked on: Fri Oct 24 13:18:32 JST 2025
----------------------------------------
2e8f0c15010e385fee956ffbc8340982  ./input/mimic_N288_L1_1.fq.gz
ffa6be6f45e1bbdf5d1f7d67547a2fdd  ./input/mimic_N289_L1_1.fq.gz
caa214c8453928dbbce452bd2000e0bd  ./input/mimic_N290_L1_1.fq.gz
ec4f347f434aca84f59338ec0142b170  ./input/mimic_N291_L1_1.fq.gz
381dae480f646897dffa74103623b943  ./input/N288_L1_1.fq.gz
a8f71ea4db199d589927968e57dd36dc  ./input/N289_L1_1.fq.gz
4f7eb5d05e6de2ef304ebd830e99072c  ./input/N290_L1_1.fq.gz
00a47e731656029ebb51ea82e168f593  ./input/N291_L1_1.fq.gz
(base) pa-hilario@cc21dev0:~/skipper$ ./03_TestSkipper.sh 
Building DAG of jobs...
Relative file path './annotations/genome_ref/chrNameLength.txt' starts with './'. This is redundant and strongly discouraged. It can also lead to inconsistent results of the file-matching approach used by Snakemake. You can simply omit the './' for relative file paths.
Relative file path './annotations/genome_ref/chrNameLength.txt' starts with './'. This is redundant and strongly discouraged. It can also lead to inconsistent results of the file-matching approach used by Snakemake. You can simply omit the './' for relative file paths.
Relative file path './annotations/genome_ref/chrNameLength.txt' starts with './'. This is redundant and strongly discouraged. It can also lead to inconsistent results of the file-matching approach used by Snakemake. You can simply omit the './' for relative file paths.
Relative file path './annotations/genome_ref/chrNameLength.txt' starts with './'. This is redundant and strongly discouraged. It can also lead to inconsistent results of the file-matching approach used by Snakemake. You can simply omit the './' for relative file paths.
Relative file path './annotations/genome_ref/chrNameLength.txt' starts with './'. This is redundant and strongly discouraged. It can also lead to inconsistent results of the file-matching approach used by Snakemake. You can simply omit the './' for relative file paths.
Relative file path './annotations/genome_ref/chrNameLength.txt' starts with './'. This is redundant and strongly discouraged. It can also lead to inconsistent results of the file-matching approach used by Snakemake. You can simply omit the './' for relative file paths.
Relative file path './annotations/genome_ref/chrNameLength.txt' starts with './'. This is redundant and strongly discouraged. It can also lead to inconsistent results of the file-matching approach used by Snakemake. You can simply omit the './' for relative file paths.
Relative file path './annotations/genome_ref/chrNameLength.txt' starts with './'. This is redundant and strongly discouraged. It can also lead to inconsistent results of the file-matching approach used by Snakemake. You can simply omit the './' for relative file paths.
Relative file path './annotations/genome_ref/chrNameLength.txt' starts with './'. This is redundant and strongly discouraged. It can also lead to inconsistent results of the file-matching approach used by Snakemake. You can simply omit the './' for relative file paths.
Relative file path './annotations/genome_ref/chrNameLength.txt' starts with './'. This is redundant and strongly discouraged. It can also lead to inconsistent results of the file-matching approach used by Snakemake. You can simply omit the './' for relative file paths.
Relative file path './annotations/genome_ref/chrNameLength.txt' starts with './'. This is redundant and strongly discouraged. It can also lead to inconsistent results of the file-matching approach used by Snakemake. You can simply omit the './' for relative file paths.
Relative file path './annotations/genome_ref/chrNameLength.txt' starts with './'. This is redundant and strongly discouraged. It can also lead to inconsistent results of the file-matching approach used by Snakemake. You can simply omit the './' for relative file paths.
Relative file path './annotations/genome_ref/chrNameLength.txt' starts with './'. This is redundant and strongly discouraged. It can also lead to inconsistent results of the file-matching approach used by Snakemake. You can simply omit the './' for relative file paths.
Relative file path './annotations/genome_ref/chrNameLength.txt' starts with './'. This is redundant and strongly discouraged. It can also lead to inconsistent results of the file-matching approach used by Snakemake. You can simply omit the './' for relative file paths.
Relative file path './annotations/genome_ref/chrNameLength.txt' starts with './'. This is redundant and strongly discouraged. It can also lead to inconsistent results of the file-matching approach used by Snakemake. You can simply omit the './' for relative file paths.
Relative file path './annotations/genome_ref/chrNameLength.txt' starts with './'. This is redundant and strongly discouraged. It can also lead to inconsistent results of the file-matching approach used by Snakemake. You can simply omit the './' for relative file paths.
Relative file path './annotations/genome_ref/chrNameLength.txt' starts with './'. This is redundant and strongly discouraged. It can also lead to inconsistent results of the file-matching approach used by Snakemake. You can simply omit the './' for relative file paths.
Relative file path './annotations/repeatmasker.grch38.sort.unique.bed.gz' starts with './'. This is redundant and strongly discouraged. It can also lead to inconsistent results of the file-matching approach used by Snakemake. You can simply omit the './' for relative file paths.
Relative file path './annotations/repeatmasker.grch38.tsv.gz' starts with './'. This is redundant and strongly discouraged. It can also lead to inconsistent results of the file-matching approach used by Snakemake. You can simply omit the './' for relative file paths.
Relative file path './annotations/GRCh38_no_alt_analysis_set_GCA_000001405.15.fasta' starts with './'. This is redundant and strongly discouraged. It can also lead to inconsistent results of the file-matching approach used by Snakemake. You can simply omit the './' for relative file paths.
Relative file path './annotations/repeatmasker.grch38.sort.unique.bed.gz' starts with './'. This is redundant and strongly discouraged. It can also lead to inconsistent results of the file-matching approach used by Snakemake. You can simply omit the './' for relative file paths.
Relative file path './annotations/genome_ref/chrNameLength.txt' starts with './'. This is redundant and strongly discouraged. It can also lead to inconsistent results of the file-matching approach used by Snakemake. You can simply omit the './' for relative file paths.
Relative file path './annotations/repeatmasker.grch38.sort.unique.bed.gz' starts with './'. This is redundant and strongly discouraged. It can also lead to inconsistent results of the file-matching approach used by Snakemake. You can simply omit the './' for relative file paths.
Relative file path './annotations/genome_ref/chrNameLength.txt' starts with './'. This is redundant and strongly discouraged. It can also lead to inconsistent results of the file-matching approach used by Snakemake. You can simply omit the './' for relative file paths.
Relative file path './annotations/repeatmasker.grch38.sort.unique.bed.gz' starts with './'. This is redundant and strongly discouraged. It can also lead to inconsistent results of the file-matching approach used by Snakemake. You can simply omit the './' for relative file paths.
Relative file path './annotations/genome_ref/chrNameLength.txt' starts with './'. This is redundant and strongly discouraged. It can also lead to inconsistent results of the file-matching approach used by Snakemake. You can simply omit the './' for relative file paths.
Relative file path './annotations/repeatmasker.grch38.sort.unique.bed.gz' starts with './'. This is redundant and strongly discouraged. It can also lead to inconsistent results of the file-matching approach used by Snakemake. You can simply omit the './' for relative file paths.
Relative file path './annotations/genome_ref/chrNameLength.txt' starts with './'. This is redundant and strongly discouraged. It can also lead to inconsistent results of the file-matching approach used by Snakemake. You can simply omit the './' for relative file paths.
Relative file path './annotations/repeatmasker.grch38.sort.unique.bed.gz' starts with './'. This is redundant and strongly discouraged. It can also lead to inconsistent results of the file-matching approach used by Snakemake. You can simply omit the './' for relative file paths.
Relative file path './annotations/genome_ref/chrNameLength.txt' starts with './'. This is redundant and strongly discouraged. It can also lead to inconsistent results of the file-matching approach used by Snakemake. You can simply omit the './' for relative file paths.
Relative file path './annotations/repeatmasker.grch38.sort.unique.bed.gz' starts with './'. This is redundant and strongly discouraged. It can also lead to inconsistent results of the file-matching approach used by Snakemake. You can simply omit the './' for relative file paths.
Relative file path './annotations/genome_ref/chrNameLength.txt' starts with './'. This is redundant and strongly discouraged. It can also lead to inconsistent results of the file-matching approach used by Snakemake. You can simply omit the './' for relative file paths.
Relative file path './annotations/repeatmasker.grch38.sort.unique.bed.gz' starts with './'. This is redundant and strongly discouraged. It can also lead to inconsistent results of the file-matching approach used by Snakemake. You can simply omit the './' for relative file paths.
Relative file path './annotations/genome_ref/chrNameLength.txt' starts with './'. This is redundant and strongly discouraged. It can also lead to inconsistent results of the file-matching approach used by Snakemake. You can simply omit the './' for relative file paths.
Relative file path './annotations/repeatmasker.grch38.sort.unique.bed.gz' starts with './'. This is redundant and strongly discouraged. It can also lead to inconsistent results of the file-matching approach used by Snakemake. You can simply omit the './' for relative file paths.
Relative file path './annotations/gencode.v38.annotation.k562_totalrna.gt1.tiled_partition.features.tsv.gz' starts with './'. This is redundant and strongly discouraged. It can also lead to inconsistent results of the file-matching approach used by Snakemake. You can simply omit the './' for relative file paths.
Relative file path './annotations/accession_type_ranking.txt' starts with './'. This is redundant and strongly discouraged. It can also lead to inconsistent results of the file-matching approach used by Snakemake. You can simply omit the './' for relative file paths.
Relative file path './annotations/gencode.v38.annotation.k562_totalrna.gt1.gff3.gz' starts with './'. This is redundant and strongly discouraged. It can also lead to inconsistent results of the file-matching approach used by Snakemake. You can simply omit the './' for relative file paths.
Relative file path './annotations/accession_type_ranking.txt' starts with './'. This is redundant and strongly discouraged. It can also lead to inconsistent results of the file-matching approach used by Snakemake. You can simply omit the './' for relative file paths.
Relative file path './annotations/gencode.v38.annotation.k562_totalrna.gt1.tiled_partition.bed.gz' starts with './'. This is redundant and strongly discouraged. It can also lead to inconsistent results of the file-matching approach used by Snakemake. You can simply omit the './' for relative file paths.
Relative file path './annotations/gencode.v38.annotation.k562_totalrna.gt1.tiled_partition.features.tsv.gz' starts with './'. This is redundant and strongly discouraged. It can also lead to inconsistent results of the file-matching approach used by Snakemake. You can simply omit the './' for relative file paths.
Relative file path './annotations/genome_ref/chrNameLength.txt' starts with './'. This is redundant and strongly discouraged. It can also lead to inconsistent results of the file-matching approach used by Snakemake. You can simply omit the './' for relative file paths.
Relative file path './annotations/gencode.v38.annotation.k562_totalrna.gt1.tiled_partition.bed.gz' starts with './'. This is redundant and strongly discouraged. It can also lead to inconsistent results of the file-matching approach used by Snakemake. You can simply omit the './' for relative file paths.
Relative file path './annotations/gencode.v38.annotation.k562_totalrna.gt1.tiled_partition.nuc.gz' starts with './'. This is redundant and strongly discouraged. It can also lead to inconsistent results of the file-matching approach used by Snakemake. You can simply omit the './' for relative file paths.
Relative file path './annotations/gencode.v38.annotation.k562_totalrna.gt1.tiled_partition.bed.gz' starts with './'. This is redundant and strongly discouraged. It can also lead to inconsistent results of the file-matching approach used by Snakemake. You can simply omit the './' for relative file paths.
Relative file path './annotations/GRCh38_no_alt_analysis_set_GCA_000001405.15.fasta' starts with './'. This is redundant and strongly discouraged. It can also lead to inconsistent results of the file-matching approach used by Snakemake. You can simply omit the './' for relative file paths.
Relative file path './annotations/gencode.v38.annotation.k562_totalrna.gt1.tiled_partition.nuc.gz' starts with './'. This is redundant and strongly discouraged. It can also lead to inconsistent results of the file-matching approach used by Snakemake. You can simply omit the './' for relative file paths.
Relative file path './annotations/genome_ref/chrNameLength.txt' starts with './'. This is redundant and strongly discouraged. It can also lead to inconsistent results of the file-matching approach used by Snakemake. You can simply omit the './' for relative file paths.
Relative file path './annotations/gencode.v38.annotation.k562_totalrna.gt1.tiled_partition.bed.gz' starts with './'. This is redundant and strongly discouraged. It can also lead to inconsistent results of the file-matching approach used by Snakemake. You can simply omit the './' for relative file paths.
Relative file path './annotations/genome_ref/chrNameLength.txt' starts with './'. This is redundant and strongly discouraged. It can also lead to inconsistent results of the file-matching approach used by Snakemake. You can simply omit the './' for relative file paths.
Relative file path './annotations/gencode.v38.annotation.k562_totalrna.gt1.tiled_partition.bed.gz' starts with './'. This is redundant and strongly discouraged. It can also lead to inconsistent results of the file-matching approach used by Snakemake. You can simply omit the './' for relative file paths.
Relative file path './annotations/genome_ref/chrNameLength.txt' starts with './'. This is redundant and strongly discouraged. It can also lead to inconsistent results of the file-matching approach used by Snakemake. You can simply omit the './' for relative file paths.
Relative file path './annotations/gencode.v38.annotation.k562_totalrna.gt1.tiled_partition.bed.gz' starts with './'. This is redundant and strongly discouraged. It can also lead to inconsistent results of the file-matching approach used by Snakemake. You can simply omit the './' for relative file paths.
Relative file path './annotations/gencode.v38.annotation.k562_totalrna.gt1.tiled_partition.features.tsv.gz' starts with './'. This is redundant and strongly discouraged. It can also lead to inconsistent results of the file-matching approach used by Snakemake. You can simply omit the './' for relative file paths.
Relative file path './annotations/accession_type_ranking.txt' starts with './'. This is redundant and strongly discouraged. It can also lead to inconsistent results of the file-matching approach used by Snakemake. You can simply omit the './' for relative file paths.
Relative file path './annotations/gencode.v38.annotation.k562_totalrna.gt1.tiled_partition.features.tsv.gz' starts with './'. This is redundant and strongly discouraged. It can also lead to inconsistent results of the file-matching approach used by Snakemake. You can simply omit the './' for relative file paths.
Relative file path './annotations/accession_type_ranking.txt' starts with './'. This is redundant and strongly discouraged. It can also lead to inconsistent results of the file-matching approach used by Snakemake. You can simply omit the './' for relative file paths.
Relative file path './annotations/genome_ref/chrNameLength.txt' starts with './'. This is redundant and strongly discouraged. It can also lead to inconsistent results of the file-matching approach used by Snakemake. You can simply omit the './' for relative file paths.
Relative file path './annotations/gencode.v38.annotation.k562_totalrna.gt1.tiled_partition.bed.gz' starts with './'. This is redundant and strongly discouraged. It can also lead to inconsistent results of the file-matching approach used by Snakemake. You can simply omit the './' for relative file paths.
Relative file path './annotations/gencode.v38.annotation.k562_totalrna.gt1.tiled_partition.nuc.gz' starts with './'. This is redundant and strongly discouraged. It can also lead to inconsistent results of the file-matching approach used by Snakemake. You can simply omit the './' for relative file paths.
Relative file path './annotations/genome_ref/chrNameLength.txt' starts with './'. This is redundant and strongly discouraged. It can also lead to inconsistent results of the file-matching approach used by Snakemake. You can simply omit the './' for relative file paths.
Relative file path './annotations/gencode.v38.annotation.k562_totalrna.gt1.tiled_partition.bed.gz' starts with './'. This is redundant and strongly discouraged. It can also lead to inconsistent results of the file-matching approach used by Snakemake. You can simply omit the './' for relative file paths.
Relative file path './annotations/genome_ref/chrNameLength.txt' starts with './'. This is redundant and strongly discouraged. It can also lead to inconsistent results of the file-matching approach used by Snakemake. You can simply omit the './' for relative file paths.
Relative file path './annotations/gencode.v38.annotation.k562_totalrna.gt1.tiled_partition.bed.gz' starts with './'. This is redundant and strongly discouraged. It can also lead to inconsistent results of the file-matching approach used by Snakemake. You can simply omit the './' for relative file paths.
Relative file path './annotations/genome_ref/chrNameLength.txt' starts with './'. This is redundant and strongly discouraged. It can also lead to inconsistent results of the file-matching approach used by Snakemake. You can simply omit the './' for relative file paths.
Relative file path './annotations/gencode.v38.annotation.k562_totalrna.gt1.tiled_partition.bed.gz' starts with './'. This is redundant and strongly discouraged. It can also lead to inconsistent results of the file-matching approach used by Snakemake. You can simply omit the './' for relative file paths.
Relative file path './annotations/gencode.v38.annotation.k562_totalrna.gt1.tiled_partition.features.tsv.gz' starts with './'. This is redundant and strongly discouraged. It can also lead to inconsistent results of the file-matching approach used by Snakemake. You can simply omit the './' for relative file paths.
Relative file path './annotations/accession_type_ranking.txt' starts with './'. This is redundant and strongly discouraged. It can also lead to inconsistent results of the file-matching approach used by Snakemake. You can simply omit the './' for relative file paths.
Relative file path './annotations/repeatmasker.grch38.sort.unique.bed.gz' starts with './'. This is redundant and strongly discouraged. It can also lead to inconsistent results of the file-matching approach used by Snakemake. You can simply omit the './' for relative file paths.
Relative file path './annotations/repeatmasker.grch38.sort.unique.bed.gz' starts with './'. This is redundant and strongly discouraged. It can also lead to inconsistent results of the file-matching approach used by Snakemake. You can simply omit the './' for relative file paths.
Relative file path './annotations/repeatmasker.grch38.sort.unique.bed.gz' starts with './'. This is redundant and strongly discouraged. It can also lead to inconsistent results of the file-matching approach used by Snakemake. You can simply omit the './' for relative file paths.
Relative file path './annotations/repeatmasker.grch38.sort.unique.bed.gz' starts with './'. This is redundant and strongly discouraged. It can also lead to inconsistent results of the file-matching approach used by Snakemake. You can simply omit the './' for relative file paths.
Relative file path './annotations/repeatmasker.grch38.sort.unique.bed.gz' starts with './'. This is redundant and strongly discouraged. It can also lead to inconsistent results of the file-matching approach used by Snakemake. You can simply omit the './' for relative file paths.
Relative file path './annotations/repeatmasker.grch38.sort.unique.bed.gz' starts with './'. This is redundant and strongly discouraged. It can also lead to inconsistent results of the file-matching approach used by Snakemake. You can simply omit the './' for relative file paths.
Relative file path './annotations/GRCh38_no_alt_analysis_set_GCA_000001405.15.fasta' starts with './'. This is redundant and strongly discouraged. It can also lead to inconsistent results of the file-matching approach used by Snakemake. You can simply omit the './' for relative file paths.
Relative file path './annotations/gencode.v38.annotation.k562_totalrna.gt1.tiled_partition.features.tsv.gz' starts with './'. This is redundant and strongly discouraged. It can also lead to inconsistent results of the file-matching approach used by Snakemake. You can simply omit the './' for relative file paths.
Relative file path './annotations/GRCh38_no_alt_analysis_set_GCA_000001405.15.fasta' starts with './'. This is redundant and strongly discouraged. It can also lead to inconsistent results of the file-matching approach used by Snakemake. You can simply omit the './' for relative file paths.
Relative file path './annotations/gencode.v38.annotation.k562_totalrna.gt1.tiled_partition.features.tsv.gz' starts with './'. This is redundant and strongly discouraged. It can also lead to inconsistent results of the file-matching approach used by Snakemake. You can simply omit the './' for relative file paths.
Relative file path './annotations/c5.go.v7.5.1.symbols.gmt' starts with './'. This is redundant and strongly discouraged. It can also lead to inconsistent results of the file-matching approach used by Snakemake. You can simply omit the './' for relative file paths.
Relative file path './annotations/encode3_go_terms.reference.tsv.gz' starts with './'. This is redundant and strongly discouraged. It can also lead to inconsistent results of the file-matching approach used by Snakemake. You can simply omit the './' for relative file paths.
Relative file path './annotations/encode3_go_terms.jaccard_index.rds' starts with './'. This is redundant and strongly discouraged. It can also lead to inconsistent results of the file-matching approach used by Snakemake. You can simply omit the './' for relative file paths.
Relative file path './annotations/c5.go.v7.5.1.symbols.gmt' starts with './'. This is redundant and strongly discouraged. It can also lead to inconsistent results of the file-matching approach used by Snakemake. You can simply omit the './' for relative file paths.
Relative file path './annotations/encode3_go_terms.reference.tsv.gz' starts with './'. This is redundant and strongly discouraged. It can also lead to inconsistent results of the file-matching approach used by Snakemake. You can simply omit the './' for relative file paths.
Relative file path './annotations/encode3_go_terms.jaccard_index.rds' starts with './'. This is redundant and strongly discouraged. It can also lead to inconsistent results of the file-matching approach used by Snakemake. You can simply omit the './' for relative file paths.
Relative file path './tools/encode3_feature_summary.reference.tsv' starts with './'. This is redundant and strongly discouraged. It can also lead to inconsistent results of the file-matching approach used by Snakemake. You can simply omit the './' for relative file paths.
Relative file path './tools/encode3_eclip_enrichment.reference.tsv' starts with './'. This is redundant and strongly discouraged. It can also lead to inconsistent results of the file-matching approach used by Snakemake. You can simply omit the './' for relative file paths.
Relative file path './tools/encode3_class_assignment.reference.tsv' starts with './'. This is redundant and strongly discouraged. It can also lead to inconsistent results of the file-matching approach used by Snakemake. You can simply omit the './' for relative file paths.
Job stats:
job                                    count
-----------------------------------  -------
align_reads                                8
all                                        1
call_enriched_re                           4
call_enriched_windows                      4
check_window_concordance                   2
consult_encode_reference                   1
consult_term_reference                     2
dedup_umi                                  8
extract_umi                                8
find_reproducible_enriched_re              2
find_reproducible_enriched_windows         2
finemap_windows                            2
fit_input_betabinomial_model               4
fit_input_betabinomial_re_model            4
get_nt_coverage                            2
index_bams                                16
make_genome_count_table                    2
make_repeat_count_tables                   2
make_scaled_bigwig                         8
make_unscaled_bigwig                       8
partition_bam_reads                        8
quantify_repeats                           8
run_homer                                  2
run_initial_fastqc                         8
run_trimmed_fastqc                         8
sample_background_windows_by_region        2
sort_bam                                   8
trim_fastq                                 8
total                                    142


[Fri Oct 24 13:22:28 2025]
rule run_initial_fastqc:
    input: input/N291_L1_1.fq.gz
    output: output/fastqc/initial/SNRNP70_OSM_IP_1_fastqc.html, output/fastqc/initial/SNRNP70_OSM_IP_1_fastqc.zip, output/fastqc/initial/SNRNP70_OSM_IP_1_fastqc
    jobid: 7
    benchmark: benchmarks/fastqc/unassigned_experiment.SNRNP70_OSM_IP_1.initial_fastqc.txt
    reason: Missing output files: output/fastqc/initial/SNRNP70_OSM_IP_1_fastqc.html
    wildcards: replicate_label=SNRNP70_OSM_IP_1
    resources: tmpdir=/tmp


[Fri Oct 24 13:22:28 2025]
rule run_initial_fastqc:
    input: input/N290_L1_1.fq.gz
    output: output/fastqc/initial/SNRNP70_OSM_IN_1_fastqc.html, output/fastqc/initial/SNRNP70_OSM_IN_1_fastqc.zip, output/fastqc/initial/SNRNP70_OSM_IN_1_fastqc
    jobid: 3
    benchmark: benchmarks/fastqc/unassigned_experiment.SNRNP70_OSM_IN_1.initial_fastqc.txt
    reason: Missing output files: output/fastqc/initial/SNRNP70_OSM_IN_1_fastqc.html
    wildcards: replicate_label=SNRNP70_OSM_IN_1
    resources: tmpdir=/tmp


[Fri Oct 24 13:22:28 2025]
rule trim_fastq:
    input: input/mimic_N289_L1_1.fq.gz, input/InvRiL19.fasta
    output: output/fastqs/trimmed/SNRNP70_CTL_IP_2-trimmed.fastq.gz, output/fastqs/trimmed/SNRNP70_CTL_IP_2-trimmed.log
    jobid: 26
    benchmark: benchmarks/trim/unassigned_experiment.SNRNP70_CTL_IP_2.trim.txt
    reason: Missing output files: output/fastqs/trimmed/SNRNP70_CTL_IP_2-trimmed.fastq.gz; Updated input files: input/InvRiL19.fasta, input/mimic_N289_L1_1.fq.gz
    wildcards: replicate_label=SNRNP70_CTL_IP_2
    resources: tmpdir=/tmp


[Fri Oct 24 13:22:28 2025]
rule run_initial_fastqc:
    input: input/mimic_N289_L1_1.fq.gz
    output: output/fastqc/initial/SNRNP70_CTL_IP_2_fastqc.html, output/fastqc/initial/SNRNP70_CTL_IP_2_fastqc.zip, output/fastqc/initial/SNRNP70_CTL_IP_2_fastqc
    jobid: 6
    benchmark: benchmarks/fastqc/unassigned_experiment.SNRNP70_CTL_IP_2.initial_fastqc.txt
    reason: Missing output files: output/fastqc/initial/SNRNP70_CTL_IP_2_fastqc.html
    wildcards: replicate_label=SNRNP70_CTL_IP_2
    resources: tmpdir=/tmp


[Fri Oct 24 13:22:28 2025]
rule trim_fastq:
    input: input/N289_L1_1.fq.gz, input/InvRiL19.fasta
    output: output/fastqs/trimmed/SNRNP70_CTL_IP_1-trimmed.fastq.gz, output/fastqs/trimmed/SNRNP70_CTL_IP_1-trimmed.log
    jobid: 23
    benchmark: benchmarks/trim/unassigned_experiment.SNRNP70_CTL_IP_1.trim.txt
    reason: Missing output files: output/fastqs/trimmed/SNRNP70_CTL_IP_1-trimmed.fastq.gz; Updated input files: input/N289_L1_1.fq.gz, input/InvRiL19.fasta
    wildcards: replicate_label=SNRNP70_CTL_IP_1
    resources: tmpdir=/tmp


[Fri Oct 24 13:22:28 2025]
rule run_initial_fastqc:
    input: input/mimic_N291_L1_1.fq.gz
    output: output/fastqc/initial/SNRNP70_OSM_IP_2_fastqc.html, output/fastqc/initial/SNRNP70_OSM_IP_2_fastqc.zip, output/fastqc/initial/SNRNP70_OSM_IP_2_fastqc
    jobid: 8
    benchmark: benchmarks/fastqc/unassigned_experiment.SNRNP70_OSM_IP_2.initial_fastqc.txt
    reason: Missing output files: output/fastqc/initial/SNRNP70_OSM_IP_2_fastqc.html
    wildcards: replicate_label=SNRNP70_OSM_IP_2
    resources: tmpdir=/tmp


[Fri Oct 24 13:22:28 2025]
rule run_initial_fastqc:
    input: input/N289_L1_1.fq.gz
    output: output/fastqc/initial/SNRNP70_CTL_IP_1_fastqc.html, output/fastqc/initial/SNRNP70_CTL_IP_1_fastqc.zip, output/fastqc/initial/SNRNP70_CTL_IP_1_fastqc
    jobid: 5
    benchmark: benchmarks/fastqc/unassigned_experiment.SNRNP70_CTL_IP_1.initial_fastqc.txt
    reason: Missing output files: output/fastqc/initial/SNRNP70_CTL_IP_1_fastqc.html
    wildcards: replicate_label=SNRNP70_CTL_IP_1
    resources: tmpdir=/tmp


[Fri Oct 24 13:22:28 2025]
rule trim_fastq:
    input: input/mimic_N290_L1_1.fq.gz, input/InvRiL19.fasta
    output: output/fastqs/trimmed/SNRNP70_OSM_IN_2-trimmed.fastq.gz, output/fastqs/trimmed/SNRNP70_OSM_IN_2-trimmed.log
    jobid: 20
    benchmark: benchmarks/trim/unassigned_experiment.SNRNP70_OSM_IN_2.trim.txt
    reason: Missing output files: output/fastqs/trimmed/SNRNP70_OSM_IN_2-trimmed.fastq.gz; Updated input files: input/mimic_N290_L1_1.fq.gz, input/InvRiL19.fasta
    wildcards: replicate_label=SNRNP70_OSM_IN_2
    resources: tmpdir=/tmp


[Fri Oct 24 13:22:28 2025]
rule run_initial_fastqc:
    input: input/mimic_N288_L1_1.fq.gz
    output: output/fastqc/initial/SNRNP70_CTL_IN_2_fastqc.html, output/fastqc/initial/SNRNP70_CTL_IN_2_fastqc.zip, output/fastqc/initial/SNRNP70_CTL_IN_2_fastqc
    jobid: 2
    benchmark: benchmarks/fastqc/unassigned_experiment.SNRNP70_CTL_IN_2.initial_fastqc.txt
    reason: Missing output files: output/fastqc/initial/SNRNP70_CTL_IN_2_fastqc.html
    wildcards: replicate_label=SNRNP70_CTL_IN_2
    resources: tmpdir=/tmp


[Fri Oct 24 13:22:28 2025]
rule trim_fastq:
    input: input/mimic_N291_L1_1.fq.gz, input/InvRiL19.fasta
    output: output/fastqs/trimmed/SNRNP70_OSM_IP_2-trimmed.fastq.gz, output/fastqs/trimmed/SNRNP70_OSM_IP_2-trimmed.log
    jobid: 32
    benchmark: benchmarks/trim/unassigned_experiment.SNRNP70_OSM_IP_2.trim.txt
    reason: Missing output files: output/fastqs/trimmed/SNRNP70_OSM_IP_2-trimmed.fastq.gz; Updated input files: input/InvRiL19.fasta, input/mimic_N291_L1_1.fq.gz
    wildcards: replicate_label=SNRNP70_OSM_IP_2
    resources: tmpdir=/tmp


[Fri Oct 24 13:22:28 2025]
rule trim_fastq:
    input: input/N290_L1_1.fq.gz, input/InvRiL19.fasta
    output: output/fastqs/trimmed/SNRNP70_OSM_IN_1-trimmed.fastq.gz, output/fastqs/trimmed/SNRNP70_OSM_IN_1-trimmed.log
    jobid: 17
    benchmark: benchmarks/trim/unassigned_experiment.SNRNP70_OSM_IN_1.trim.txt
    reason: Missing output files: output/fastqs/trimmed/SNRNP70_OSM_IN_1-trimmed.fastq.gz; Updated input files: input/InvRiL19.fasta, input/N290_L1_1.fq.gz
    wildcards: replicate_label=SNRNP70_OSM_IN_1
    resources: tmpdir=/tmp


[Fri Oct 24 13:22:28 2025]
rule trim_fastq:
    input: input/N288_L1_1.fq.gz, input/InvRiL19.fasta
    output: output/fastqs/trimmed/SNRNP70_CTL_IN_1-trimmed.fastq.gz, output/fastqs/trimmed/SNRNP70_CTL_IN_1-trimmed.log
    jobid: 11
    benchmark: benchmarks/trim/unassigned_experiment.SNRNP70_CTL_IN_1.trim.txt
    reason: Missing output files: output/fastqs/trimmed/SNRNP70_CTL_IN_1-trimmed.fastq.gz; Updated input files: input/InvRiL19.fasta, input/N288_L1_1.fq.gz
    wildcards: replicate_label=SNRNP70_CTL_IN_1
    resources: tmpdir=/tmp


[Fri Oct 24 13:22:28 2025]
rule trim_fastq:
    input: input/N291_L1_1.fq.gz, input/InvRiL19.fasta
    output: output/fastqs/trimmed/SNRNP70_OSM_IP_1-trimmed.fastq.gz, output/fastqs/trimmed/SNRNP70_OSM_IP_1-trimmed.log
    jobid: 29
    benchmark: benchmarks/trim/unassigned_experiment.SNRNP70_OSM_IP_1.trim.txt
    reason: Missing output files: output/fastqs/trimmed/SNRNP70_OSM_IP_1-trimmed.fastq.gz; Updated input files: input/InvRiL19.fasta, input/N291_L1_1.fq.gz
    wildcards: replicate_label=SNRNP70_OSM_IP_1
    resources: tmpdir=/tmp


[Fri Oct 24 13:22:28 2025]
rule trim_fastq:
    input: input/mimic_N288_L1_1.fq.gz, input/InvRiL19.fasta
    output: output/fastqs/trimmed/SNRNP70_CTL_IN_2-trimmed.fastq.gz, output/fastqs/trimmed/SNRNP70_CTL_IN_2-trimmed.log
    jobid: 14
    benchmark: benchmarks/trim/unassigned_experiment.SNRNP70_CTL_IN_2.trim.txt
    reason: Missing output files: output/fastqs/trimmed/SNRNP70_CTL_IN_2-trimmed.fastq.gz; Updated input files: input/InvRiL19.fasta, input/mimic_N288_L1_1.fq.gz
    wildcards: replicate_label=SNRNP70_CTL_IN_2
    resources: tmpdir=/tmp


[Fri Oct 24 13:22:28 2025]
rule run_initial_fastqc:
    input: input/mimic_N290_L1_1.fq.gz
    output: output/fastqc/initial/SNRNP70_OSM_IN_2_fastqc.html, output/fastqc/initial/SNRNP70_OSM_IN_2_fastqc.zip, output/fastqc/initial/SNRNP70_OSM_IN_2_fastqc
    jobid: 4
    benchmark: benchmarks/fastqc/unassigned_experiment.SNRNP70_OSM_IN_2.initial_fastqc.txt
    reason: Missing output files: output/fastqc/initial/SNRNP70_OSM_IN_2_fastqc.html
    wildcards: replicate_label=SNRNP70_OSM_IN_2
    resources: tmpdir=/tmp


[Fri Oct 24 13:22:28 2025]
rule run_initial_fastqc:
    input: input/N288_L1_1.fq.gz
    output: output/fastqc/initial/SNRNP70_CTL_IN_1_fastqc.html, output/fastqc/initial/SNRNP70_CTL_IN_1_fastqc.zip, output/fastqc/initial/SNRNP70_CTL_IN_1_fastqc
    jobid: 1
    benchmark: benchmarks/fastqc/unassigned_experiment.SNRNP70_CTL_IN_1.initial_fastqc.txt
    reason: Missing output files: output/fastqc/initial/SNRNP70_CTL_IN_1_fastqc.html
    wildcards: replicate_label=SNRNP70_CTL_IN_1
    resources: tmpdir=/tmp


[Fri Oct 24 13:22:28 2025]
rule extract_umi:
    input: output/fastqs/trimmed/SNRNP70_OSM_IN_1-trimmed.fastq.gz
    output: output/fastqs/umi/SNRNP70_OSM_IN_1.trimmed.umi.fq.gz, output/fastp/SNRNP70_OSM_IN_1.fastp.json, output/fastp/SNRNP70_OSM_IN_1.fastp.html
    jobid: 16
    benchmark: benchmarks/umi/unassigned_experiment.SNRNP70_OSM_IN_1.extract_umi.txt
    reason: Missing output files: output/fastqs/umi/SNRNP70_OSM_IN_1.trimmed.umi.fq.gz; Input files updated by another job: output/fastqs/trimmed/SNRNP70_OSM_IN_1-trimmed.fastq.gz
    wildcards: replicate_label=SNRNP70_OSM_IN_1
    resources: tmpdir=/tmp


[Fri Oct 24 13:22:28 2025]
rule extract_umi:
    input: output/fastqs/trimmed/SNRNP70_CTL_IP_2-trimmed.fastq.gz
    output: output/fastqs/umi/SNRNP70_CTL_IP_2.trimmed.umi.fq.gz, output/fastp/SNRNP70_CTL_IP_2.fastp.json, output/fastp/SNRNP70_CTL_IP_2.fastp.html
    jobid: 25
    benchmark: benchmarks/umi/unassigned_experiment.SNRNP70_CTL_IP_2.extract_umi.txt
    reason: Missing output files: output/fastqs/umi/SNRNP70_CTL_IP_2.trimmed.umi.fq.gz; Input files updated by another job: output/fastqs/trimmed/SNRNP70_CTL_IP_2-trimmed.fastq.gz
    wildcards: replicate_label=SNRNP70_CTL_IP_2
    resources: tmpdir=/tmp


[Fri Oct 24 13:22:28 2025]
rule extract_umi:
    input: output/fastqs/trimmed/SNRNP70_CTL_IN_2-trimmed.fastq.gz
    output: output/fastqs/umi/SNRNP70_CTL_IN_2.trimmed.umi.fq.gz, output/fastp/SNRNP70_CTL_IN_2.fastp.json, output/fastp/SNRNP70_CTL_IN_2.fastp.html
    jobid: 13
    benchmark: benchmarks/umi/unassigned_experiment.SNRNP70_CTL_IN_2.extract_umi.txt
    reason: Missing output files: output/fastqs/umi/SNRNP70_CTL_IN_2.trimmed.umi.fq.gz; Input files updated by another job: output/fastqs/trimmed/SNRNP70_CTL_IN_2-trimmed.fastq.gz
    wildcards: replicate_label=SNRNP70_CTL_IN_2
    resources: tmpdir=/tmp


[Fri Oct 24 13:22:28 2025]
rule extract_umi:
    input: output/fastqs/trimmed/SNRNP70_CTL_IP_1-trimmed.fastq.gz
    output: output/fastqs/umi/SNRNP70_CTL_IP_1.trimmed.umi.fq.gz, output/fastp/SNRNP70_CTL_IP_1.fastp.json, output/fastp/SNRNP70_CTL_IP_1.fastp.html
    jobid: 22
    benchmark: benchmarks/umi/unassigned_experiment.SNRNP70_CTL_IP_1.extract_umi.txt
    reason: Missing output files: output/fastqs/umi/SNRNP70_CTL_IP_1.trimmed.umi.fq.gz; Input files updated by another job: output/fastqs/trimmed/SNRNP70_CTL_IP_1-trimmed.fastq.gz
    wildcards: replicate_label=SNRNP70_CTL_IP_1
    resources: tmpdir=/tmp


[Fri Oct 24 13:22:28 2025]
rule extract_umi:
    input: output/fastqs/trimmed/SNRNP70_OSM_IP_1-trimmed.fastq.gz
    output: output/fastqs/umi/SNRNP70_OSM_IP_1.trimmed.umi.fq.gz, output/fastp/SNRNP70_OSM_IP_1.fastp.json, output/fastp/SNRNP70_OSM_IP_1.fastp.html
    jobid: 28
    benchmark: benchmarks/umi/unassigned_experiment.SNRNP70_OSM_IP_1.extract_umi.txt
    reason: Missing output files: output/fastqs/umi/SNRNP70_OSM_IP_1.trimmed.umi.fq.gz; Input files updated by another job: output/fastqs/trimmed/SNRNP70_OSM_IP_1-trimmed.fastq.gz
    wildcards: replicate_label=SNRNP70_OSM_IP_1
    resources: tmpdir=/tmp


[Fri Oct 24 13:22:28 2025]
rule extract_umi:
    input: output/fastqs/trimmed/SNRNP70_OSM_IN_2-trimmed.fastq.gz
    output: output/fastqs/umi/SNRNP70_OSM_IN_2.trimmed.umi.fq.gz, output/fastp/SNRNP70_OSM_IN_2.fastp.json, output/fastp/SNRNP70_OSM_IN_2.fastp.html
    jobid: 19
    benchmark: benchmarks/umi/unassigned_experiment.SNRNP70_OSM_IN_2.extract_umi.txt
    reason: Missing output files: output/fastqs/umi/SNRNP70_OSM_IN_2.trimmed.umi.fq.gz; Input files updated by another job: output/fastqs/trimmed/SNRNP70_OSM_IN_2-trimmed.fastq.gz
    wildcards: replicate_label=SNRNP70_OSM_IN_2
    resources: tmpdir=/tmp


[Fri Oct 24 13:22:28 2025]
rule extract_umi:
    input: output/fastqs/trimmed/SNRNP70_CTL_IN_1-trimmed.fastq.gz
    output: output/fastqs/umi/SNRNP70_CTL_IN_1.trimmed.umi.fq.gz, output/fastp/SNRNP70_CTL_IN_1.fastp.json, output/fastp/SNRNP70_CTL_IN_1.fastp.html
    jobid: 10
    benchmark: benchmarks/umi/unassigned_experiment.SNRNP70_CTL_IN_1.extract_umi.txt
    reason: Missing output files: output/fastqs/umi/SNRNP70_CTL_IN_1.trimmed.umi.fq.gz; Input files updated by another job: output/fastqs/trimmed/SNRNP70_CTL_IN_1-trimmed.fastq.gz
    wildcards: replicate_label=SNRNP70_CTL_IN_1
    resources: tmpdir=/tmp


[Fri Oct 24 13:22:28 2025]
rule extract_umi:
    input: output/fastqs/trimmed/SNRNP70_OSM_IP_2-trimmed.fastq.gz
    output: output/fastqs/umi/SNRNP70_OSM_IP_2.trimmed.umi.fq.gz, output/fastp/SNRNP70_OSM_IP_2.fastp.json, output/fastp/SNRNP70_OSM_IP_2.fastp.html
    jobid: 31
    benchmark: benchmarks/umi/unassigned_experiment.SNRNP70_OSM_IP_2.extract_umi.txt
    reason: Missing output files: output/fastqs/umi/SNRNP70_OSM_IP_2.trimmed.umi.fq.gz; Input files updated by another job: output/fastqs/trimmed/SNRNP70_OSM_IP_2-trimmed.fastq.gz
    wildcards: replicate_label=SNRNP70_OSM_IP_2
    resources: tmpdir=/tmp

Would remove temporary output output/fastqs/trimmed/SNRNP70_OSM_IN_1-trimmed.fastq.gz
Would remove temporary output output/fastqs/trimmed/SNRNP70_CTL_IP_2-trimmed.fastq.gz
Would remove temporary output output/fastqs/trimmed/SNRNP70_CTL_IN_2-trimmed.fastq.gz
Would remove temporary output output/fastqs/trimmed/SNRNP70_CTL_IP_1-trimmed.fastq.gz
Would remove temporary output output/fastqs/trimmed/SNRNP70_OSM_IP_1-trimmed.fastq.gz
Would remove temporary output output/fastqs/trimmed/SNRNP70_OSM_IN_2-trimmed.fastq.gz
Would remove temporary output output/fastqs/trimmed/SNRNP70_CTL_IN_1-trimmed.fastq.gz
Would remove temporary output output/fastqs/trimmed/SNRNP70_OSM_IP_2-trimmed.fastq.gz

[Fri Oct 24 13:22:28 2025]
rule align_reads:
    input: output/fastqs/umi/SNRNP70_OSM_IN_2.trimmed.umi.fq.gz
    output: output/bams/raw/genome/SNRNP70_OSM_IN_2.genome.Aligned.out.bam, output/bams/raw/genome/SNRNP70_OSM_IN_2.genome.Log.final.out
    jobid: 47
    benchmark: benchmarks/align/unassigned_experiment.SNRNP70_OSM_IN_2.align_reads_genome.txt
    reason: Missing output files: output/bams/raw/genome/SNRNP70_OSM_IN_2.genome.Aligned.out.bam; Input files updated by another job: output/fastqs/umi/SNRNP70_OSM_IN_2.trimmed.umi.fq.gz
    wildcards: replicate_label=SNRNP70_OSM_IN_2
    resources: tmpdir=/tmp


[Fri Oct 24 13:22:28 2025]
rule run_trimmed_fastqc:
    input: output/fastqs/umi/SNRNP70_OSM_IP_2.trimmed.umi.fq.gz
    output: output/fastqc/processed/SNRNP70_OSM_IP_2.trimmed.umi_fastqc.html, output/fastqc/processed/SNRNP70_OSM_IP_2.trimmed.umi_fastqc.zip
    jobid: 30
    benchmark: benchmarks/fastqc/unassigned_experiment.SNRNP70_OSM_IP_2.trimmed_fastqc.txt
    reason: Missing output files: output/fastqc/processed/SNRNP70_OSM_IP_2.trimmed.umi_fastqc.html; Input files updated by another job: output/fastqs/umi/SNRNP70_OSM_IP_2.trimmed.umi.fq.gz
    wildcards: replicate_label=SNRNP70_OSM_IP_2
    resources: tmpdir=/tmp


[Fri Oct 24 13:22:28 2025]
rule align_reads:
    input: output/fastqs/umi/SNRNP70_CTL_IP_1.trimmed.umi.fq.gz
    output: output/bams/raw/genome/SNRNP70_CTL_IP_1.genome.Aligned.out.bam, output/bams/raw/genome/SNRNP70_CTL_IP_1.genome.Log.final.out
    jobid: 51
    benchmark: benchmarks/align/unassigned_experiment.SNRNP70_CTL_IP_1.align_reads_genome.txt
    reason: Missing output files: output/bams/raw/genome/SNRNP70_CTL_IP_1.genome.Aligned.out.bam; Input files updated by another job: output/fastqs/umi/SNRNP70_CTL_IP_1.trimmed.umi.fq.gz
    wildcards: replicate_label=SNRNP70_CTL_IP_1
    resources: tmpdir=/tmp


[Fri Oct 24 13:22:28 2025]
rule run_trimmed_fastqc:
    input: output/fastqs/umi/SNRNP70_CTL_IP_2.trimmed.umi.fq.gz
    output: output/fastqc/processed/SNRNP70_CTL_IP_2.trimmed.umi_fastqc.html, output/fastqc/processed/SNRNP70_CTL_IP_2.trimmed.umi_fastqc.zip
    jobid: 24
    benchmark: benchmarks/fastqc/unassigned_experiment.SNRNP70_CTL_IP_2.trimmed_fastqc.txt
    reason: Missing output files: output/fastqc/processed/SNRNP70_CTL_IP_2.trimmed.umi_fastqc.html; Input files updated by another job: output/fastqs/umi/SNRNP70_CTL_IP_2.trimmed.umi.fq.gz
    wildcards: replicate_label=SNRNP70_CTL_IP_2
    resources: tmpdir=/tmp


[Fri Oct 24 13:22:28 2025]
rule align_reads:
    input: output/fastqs/umi/SNRNP70_CTL_IP_2.trimmed.umi.fq.gz
    output: output/bams/raw/genome/SNRNP70_CTL_IP_2.genome.Aligned.out.bam, output/bams/raw/genome/SNRNP70_CTL_IP_2.genome.Log.final.out
    jobid: 55
    benchmark: benchmarks/align/unassigned_experiment.SNRNP70_CTL_IP_2.align_reads_genome.txt
    reason: Missing output files: output/bams/raw/genome/SNRNP70_CTL_IP_2.genome.Aligned.out.bam; Input files updated by another job: output/fastqs/umi/SNRNP70_CTL_IP_2.trimmed.umi.fq.gz
    wildcards: replicate_label=SNRNP70_CTL_IP_2
    resources: tmpdir=/tmp


[Fri Oct 24 13:22:28 2025]
rule run_trimmed_fastqc:
    input: output/fastqs/umi/SNRNP70_CTL_IN_1.trimmed.umi.fq.gz
    output: output/fastqc/processed/SNRNP70_CTL_IN_1.trimmed.umi_fastqc.html, output/fastqc/processed/SNRNP70_CTL_IN_1.trimmed.umi_fastqc.zip
    jobid: 9
    benchmark: benchmarks/fastqc/unassigned_experiment.SNRNP70_CTL_IN_1.trimmed_fastqc.txt
    reason: Missing output files: output/fastqc/processed/SNRNP70_CTL_IN_1.trimmed.umi_fastqc.html; Input files updated by another job: output/fastqs/umi/SNRNP70_CTL_IN_1.trimmed.umi.fq.gz
    wildcards: replicate_label=SNRNP70_CTL_IN_1
    resources: tmpdir=/tmp


[Fri Oct 24 13:22:28 2025]
rule run_trimmed_fastqc:
    input: output/fastqs/umi/SNRNP70_CTL_IP_1.trimmed.umi.fq.gz
    output: output/fastqc/processed/SNRNP70_CTL_IP_1.trimmed.umi_fastqc.html, output/fastqc/processed/SNRNP70_CTL_IP_1.trimmed.umi_fastqc.zip
    jobid: 21
    benchmark: benchmarks/fastqc/unassigned_experiment.SNRNP70_CTL_IP_1.trimmed_fastqc.txt
    reason: Missing output files: output/fastqc/processed/SNRNP70_CTL_IP_1.trimmed.umi_fastqc.html; Input files updated by another job: output/fastqs/umi/SNRNP70_CTL_IP_1.trimmed.umi.fq.gz
    wildcards: replicate_label=SNRNP70_CTL_IP_1
    resources: tmpdir=/tmp


[Fri Oct 24 13:22:28 2025]
rule align_reads:
    input: output/fastqs/umi/SNRNP70_OSM_IP_1.trimmed.umi.fq.gz
    output: output/bams/raw/genome/SNRNP70_OSM_IP_1.genome.Aligned.out.bam, output/bams/raw/genome/SNRNP70_OSM_IP_1.genome.Log.final.out
    jobid: 59
    benchmark: benchmarks/align/unassigned_experiment.SNRNP70_OSM_IP_1.align_reads_genome.txt
    reason: Missing output files: output/bams/raw/genome/SNRNP70_OSM_IP_1.genome.Aligned.out.bam; Input files updated by another job: output/fastqs/umi/SNRNP70_OSM_IP_1.trimmed.umi.fq.gz
    wildcards: replicate_label=SNRNP70_OSM_IP_1
    resources: tmpdir=/tmp


[Fri Oct 24 13:22:28 2025]
rule run_trimmed_fastqc:
    input: output/fastqs/umi/SNRNP70_OSM_IN_2.trimmed.umi.fq.gz
    output: output/fastqc/processed/SNRNP70_OSM_IN_2.trimmed.umi_fastqc.html, output/fastqc/processed/SNRNP70_OSM_IN_2.trimmed.umi_fastqc.zip
    jobid: 18
    benchmark: benchmarks/fastqc/unassigned_experiment.SNRNP70_OSM_IN_2.trimmed_fastqc.txt
    reason: Missing output files: output/fastqc/processed/SNRNP70_OSM_IN_2.trimmed.umi_fastqc.html; Input files updated by another job: output/fastqs/umi/SNRNP70_OSM_IN_2.trimmed.umi.fq.gz
    wildcards: replicate_label=SNRNP70_OSM_IN_2
    resources: tmpdir=/tmp


[Fri Oct 24 13:22:28 2025]
rule align_reads:
    input: output/fastqs/umi/SNRNP70_OSM_IP_2.trimmed.umi.fq.gz
    output: output/bams/raw/genome/SNRNP70_OSM_IP_2.genome.Aligned.out.bam, output/bams/raw/genome/SNRNP70_OSM_IP_2.genome.Log.final.out
    jobid: 63
    benchmark: benchmarks/align/unassigned_experiment.SNRNP70_OSM_IP_2.align_reads_genome.txt
    reason: Missing output files: output/bams/raw/genome/SNRNP70_OSM_IP_2.genome.Aligned.out.bam; Input files updated by another job: output/fastqs/umi/SNRNP70_OSM_IP_2.trimmed.umi.fq.gz
    wildcards: replicate_label=SNRNP70_OSM_IP_2
    resources: tmpdir=/tmp


[Fri Oct 24 13:22:28 2025]
rule run_trimmed_fastqc:
    input: output/fastqs/umi/SNRNP70_OSM_IN_1.trimmed.umi.fq.gz
    output: output/fastqc/processed/SNRNP70_OSM_IN_1.trimmed.umi_fastqc.html, output/fastqc/processed/SNRNP70_OSM_IN_1.trimmed.umi_fastqc.zip
    jobid: 15
    benchmark: benchmarks/fastqc/unassigned_experiment.SNRNP70_OSM_IN_1.trimmed_fastqc.txt
    reason: Missing output files: output/fastqc/processed/SNRNP70_OSM_IN_1.trimmed.umi_fastqc.html; Input files updated by another job: output/fastqs/umi/SNRNP70_OSM_IN_1.trimmed.umi.fq.gz
    wildcards: replicate_label=SNRNP70_OSM_IN_1
    resources: tmpdir=/tmp


[Fri Oct 24 13:22:28 2025]
rule align_reads:
    input: output/fastqs/umi/SNRNP70_CTL_IN_1.trimmed.umi.fq.gz
    output: output/bams/raw/genome/SNRNP70_CTL_IN_1.genome.Aligned.out.bam, output/bams/raw/genome/SNRNP70_CTL_IN_1.genome.Log.final.out
    jobid: 35
    benchmark: benchmarks/align/unassigned_experiment.SNRNP70_CTL_IN_1.align_reads_genome.txt
    reason: Missing output files: output/bams/raw/genome/SNRNP70_CTL_IN_1.genome.Aligned.out.bam; Input files updated by another job: output/fastqs/umi/SNRNP70_CTL_IN_1.trimmed.umi.fq.gz
    wildcards: replicate_label=SNRNP70_CTL_IN_1
    resources: tmpdir=/tmp


[Fri Oct 24 13:22:28 2025]
rule run_trimmed_fastqc:
    input: output/fastqs/umi/SNRNP70_CTL_IN_2.trimmed.umi.fq.gz
    output: output/fastqc/processed/SNRNP70_CTL_IN_2.trimmed.umi_fastqc.html, output/fastqc/processed/SNRNP70_CTL_IN_2.trimmed.umi_fastqc.zip
    jobid: 12
    benchmark: benchmarks/fastqc/unassigned_experiment.SNRNP70_CTL_IN_2.trimmed_fastqc.txt
    reason: Missing output files: output/fastqc/processed/SNRNP70_CTL_IN_2.trimmed.umi_fastqc.html; Input files updated by another job: output/fastqs/umi/SNRNP70_CTL_IN_2.trimmed.umi.fq.gz
    wildcards: replicate_label=SNRNP70_CTL_IN_2
    resources: tmpdir=/tmp


[Fri Oct 24 13:22:28 2025]
rule align_reads:
    input: output/fastqs/umi/SNRNP70_CTL_IN_2.trimmed.umi.fq.gz
    output: output/bams/raw/genome/SNRNP70_CTL_IN_2.genome.Aligned.out.bam, output/bams/raw/genome/SNRNP70_CTL_IN_2.genome.Log.final.out
    jobid: 39
    benchmark: benchmarks/align/unassigned_experiment.SNRNP70_CTL_IN_2.align_reads_genome.txt
    reason: Missing output files: output/bams/raw/genome/SNRNP70_CTL_IN_2.genome.Aligned.out.bam; Input files updated by another job: output/fastqs/umi/SNRNP70_CTL_IN_2.trimmed.umi.fq.gz
    wildcards: replicate_label=SNRNP70_CTL_IN_2
    resources: tmpdir=/tmp


[Fri Oct 24 13:22:28 2025]
rule run_trimmed_fastqc:
    input: output/fastqs/umi/SNRNP70_OSM_IP_1.trimmed.umi.fq.gz
    output: output/fastqc/processed/SNRNP70_OSM_IP_1.trimmed.umi_fastqc.html, output/fastqc/processed/SNRNP70_OSM_IP_1.trimmed.umi_fastqc.zip
    jobid: 27
    benchmark: benchmarks/fastqc/unassigned_experiment.SNRNP70_OSM_IP_1.trimmed_fastqc.txt
    reason: Missing output files: output/fastqc/processed/SNRNP70_OSM_IP_1.trimmed.umi_fastqc.html; Input files updated by another job: output/fastqs/umi/SNRNP70_OSM_IP_1.trimmed.umi.fq.gz
    wildcards: replicate_label=SNRNP70_OSM_IP_1
    resources: tmpdir=/tmp


[Fri Oct 24 13:22:28 2025]
rule align_reads:
    input: output/fastqs/umi/SNRNP70_OSM_IN_1.trimmed.umi.fq.gz
    output: output/bams/raw/genome/SNRNP70_OSM_IN_1.genome.Aligned.out.bam, output/bams/raw/genome/SNRNP70_OSM_IN_1.genome.Log.final.out
    jobid: 43
    benchmark: benchmarks/align/unassigned_experiment.SNRNP70_OSM_IN_1.align_reads_genome.txt
    reason: Missing output files: output/bams/raw/genome/SNRNP70_OSM_IN_1.genome.Aligned.out.bam; Input files updated by another job: output/fastqs/umi/SNRNP70_OSM_IN_1.trimmed.umi.fq.gz
    wildcards: replicate_label=SNRNP70_OSM_IN_1
    resources: tmpdir=/tmp


[Fri Oct 24 13:22:28 2025]
rule sort_bam:
    input: output/bams/raw/genome/SNRNP70_CTL_IP_1.genome.Aligned.out.bam
    output: output/bams/raw/genome/SNRNP70_CTL_IP_1.genome.Aligned.sort.bam
    jobid: 50
    benchmark: benchmarks/sort/genome/unassigned_experiment.SNRNP70_CTL_IP_1.sort_bam.txt
    reason: Missing output files: output/bams/raw/genome/SNRNP70_CTL_IP_1.genome.Aligned.sort.bam; Input files updated by another job: output/bams/raw/genome/SNRNP70_CTL_IP_1.genome.Aligned.out.bam
    wildcards: ref=genome, replicate_label=SNRNP70_CTL_IP_1
    resources: tmpdir=/tmp


[Fri Oct 24 13:22:28 2025]
rule sort_bam:
    input: output/bams/raw/genome/SNRNP70_CTL_IN_1.genome.Aligned.out.bam
    output: output/bams/raw/genome/SNRNP70_CTL_IN_1.genome.Aligned.sort.bam
    jobid: 34
    benchmark: benchmarks/sort/genome/unassigned_experiment.SNRNP70_CTL_IN_1.sort_bam.txt
    reason: Missing output files: output/bams/raw/genome/SNRNP70_CTL_IN_1.genome.Aligned.sort.bam; Input files updated by another job: output/bams/raw/genome/SNRNP70_CTL_IN_1.genome.Aligned.out.bam
    wildcards: ref=genome, replicate_label=SNRNP70_CTL_IN_1
    resources: tmpdir=/tmp


[Fri Oct 24 13:22:28 2025]
rule sort_bam:
    input: output/bams/raw/genome/SNRNP70_CTL_IP_2.genome.Aligned.out.bam
    output: output/bams/raw/genome/SNRNP70_CTL_IP_2.genome.Aligned.sort.bam
    jobid: 54
    benchmark: benchmarks/sort/genome/unassigned_experiment.SNRNP70_CTL_IP_2.sort_bam.txt
    reason: Missing output files: output/bams/raw/genome/SNRNP70_CTL_IP_2.genome.Aligned.sort.bam; Input files updated by another job: output/bams/raw/genome/SNRNP70_CTL_IP_2.genome.Aligned.out.bam
    wildcards: ref=genome, replicate_label=SNRNP70_CTL_IP_2
    resources: tmpdir=/tmp


[Fri Oct 24 13:22:28 2025]
rule sort_bam:
    input: output/bams/raw/genome/SNRNP70_CTL_IN_2.genome.Aligned.out.bam
    output: output/bams/raw/genome/SNRNP70_CTL_IN_2.genome.Aligned.sort.bam
    jobid: 38
    benchmark: benchmarks/sort/genome/unassigned_experiment.SNRNP70_CTL_IN_2.sort_bam.txt
    reason: Missing output files: output/bams/raw/genome/SNRNP70_CTL_IN_2.genome.Aligned.sort.bam; Input files updated by another job: output/bams/raw/genome/SNRNP70_CTL_IN_2.genome.Aligned.out.bam
    wildcards: ref=genome, replicate_label=SNRNP70_CTL_IN_2
    resources: tmpdir=/tmp


[Fri Oct 24 13:22:28 2025]
rule sort_bam:
    input: output/bams/raw/genome/SNRNP70_OSM_IP_1.genome.Aligned.out.bam
    output: output/bams/raw/genome/SNRNP70_OSM_IP_1.genome.Aligned.sort.bam
    jobid: 58
    benchmark: benchmarks/sort/genome/unassigned_experiment.SNRNP70_OSM_IP_1.sort_bam.txt
    reason: Missing output files: output/bams/raw/genome/SNRNP70_OSM_IP_1.genome.Aligned.sort.bam; Input files updated by another job: output/bams/raw/genome/SNRNP70_OSM_IP_1.genome.Aligned.out.bam
    wildcards: ref=genome, replicate_label=SNRNP70_OSM_IP_1
    resources: tmpdir=/tmp


[Fri Oct 24 13:22:28 2025]
rule sort_bam:
    input: output/bams/raw/genome/SNRNP70_OSM_IN_1.genome.Aligned.out.bam
    output: output/bams/raw/genome/SNRNP70_OSM_IN_1.genome.Aligned.sort.bam
    jobid: 42
    benchmark: benchmarks/sort/genome/unassigned_experiment.SNRNP70_OSM_IN_1.sort_bam.txt
    reason: Missing output files: output/bams/raw/genome/SNRNP70_OSM_IN_1.genome.Aligned.sort.bam; Input files updated by another job: output/bams/raw/genome/SNRNP70_OSM_IN_1.genome.Aligned.out.bam
    wildcards: ref=genome, replicate_label=SNRNP70_OSM_IN_1
    resources: tmpdir=/tmp


[Fri Oct 24 13:22:28 2025]
rule sort_bam:
    input: output/bams/raw/genome/SNRNP70_OSM_IN_2.genome.Aligned.out.bam
    output: output/bams/raw/genome/SNRNP70_OSM_IN_2.genome.Aligned.sort.bam
    jobid: 46
    benchmark: benchmarks/sort/genome/unassigned_experiment.SNRNP70_OSM_IN_2.sort_bam.txt
    reason: Missing output files: output/bams/raw/genome/SNRNP70_OSM_IN_2.genome.Aligned.sort.bam; Input files updated by another job: output/bams/raw/genome/SNRNP70_OSM_IN_2.genome.Aligned.out.bam
    wildcards: ref=genome, replicate_label=SNRNP70_OSM_IN_2
    resources: tmpdir=/tmp


[Fri Oct 24 13:22:28 2025]
rule sort_bam:
    input: output/bams/raw/genome/SNRNP70_OSM_IP_2.genome.Aligned.out.bam
    output: output/bams/raw/genome/SNRNP70_OSM_IP_2.genome.Aligned.sort.bam
    jobid: 62
    benchmark: benchmarks/sort/genome/unassigned_experiment.SNRNP70_OSM_IP_2.sort_bam.txt
    reason: Missing output files: output/bams/raw/genome/SNRNP70_OSM_IP_2.genome.Aligned.sort.bam; Input files updated by another job: output/bams/raw/genome/SNRNP70_OSM_IP_2.genome.Aligned.out.bam
    wildcards: ref=genome, replicate_label=SNRNP70_OSM_IP_2
    resources: tmpdir=/tmp

Would remove temporary output output/bams/raw/genome/SNRNP70_CTL_IP_1.genome.Aligned.out.bam
Would remove temporary output output/bams/raw/genome/SNRNP70_CTL_IN_1.genome.Aligned.out.bam
Would remove temporary output output/bams/raw/genome/SNRNP70_CTL_IP_2.genome.Aligned.out.bam
Would remove temporary output output/bams/raw/genome/SNRNP70_CTL_IN_2.genome.Aligned.out.bam
Would remove temporary output output/bams/raw/genome/SNRNP70_OSM_IP_1.genome.Aligned.out.bam
Would remove temporary output output/bams/raw/genome/SNRNP70_OSM_IN_1.genome.Aligned.out.bam
Would remove temporary output output/bams/raw/genome/SNRNP70_OSM_IN_2.genome.Aligned.out.bam
Would remove temporary output output/bams/raw/genome/SNRNP70_OSM_IP_2.genome.Aligned.out.bam

[Fri Oct 24 13:22:28 2025]
rule index_bams:
    input: output/bams/raw/genome/SNRNP70_OSM_IP_1.genome.Aligned.sort.bam
    output: output/bams/raw/genome/SNRNP70_OSM_IP_1.genome.Aligned.sort.bam.bai
    jobid: 60
    benchmark: benchmarks/index_bam/raw/genome/sort/unassigned_experiment.SNRNP70_OSM_IP_1.genome.index_bam.txt
    reason: Missing output files: output/bams/raw/genome/SNRNP70_OSM_IP_1.genome.Aligned.sort.bam.bai; Input files updated by another job: output/bams/raw/genome/SNRNP70_OSM_IP_1.genome.Aligned.sort.bam
    wildcards: round=raw, ref=genome, replicate_label=SNRNP70_OSM_IP_1.genome, mid=sort
    resources: tmpdir=/tmp


[Fri Oct 24 13:22:28 2025]
rule index_bams:
    input: output/bams/raw/genome/SNRNP70_CTL_IP_2.genome.Aligned.sort.bam
    output: output/bams/raw/genome/SNRNP70_CTL_IP_2.genome.Aligned.sort.bam.bai
    jobid: 56
    benchmark: benchmarks/index_bam/raw/genome/sort/unassigned_experiment.SNRNP70_CTL_IP_2.genome.index_bam.txt
    reason: Missing output files: output/bams/raw/genome/SNRNP70_CTL_IP_2.genome.Aligned.sort.bam.bai; Input files updated by another job: output/bams/raw/genome/SNRNP70_CTL_IP_2.genome.Aligned.sort.bam
    wildcards: round=raw, ref=genome, replicate_label=SNRNP70_CTL_IP_2.genome, mid=sort
    resources: tmpdir=/tmp


[Fri Oct 24 13:22:28 2025]
rule index_bams:
    input: output/bams/raw/genome/SNRNP70_OSM_IN_1.genome.Aligned.sort.bam
    output: output/bams/raw/genome/SNRNP70_OSM_IN_1.genome.Aligned.sort.bam.bai
    jobid: 44
    benchmark: benchmarks/index_bam/raw/genome/sort/unassigned_experiment.SNRNP70_OSM_IN_1.genome.index_bam.txt
    reason: Missing output files: output/bams/raw/genome/SNRNP70_OSM_IN_1.genome.Aligned.sort.bam.bai; Input files updated by another job: output/bams/raw/genome/SNRNP70_OSM_IN_1.genome.Aligned.sort.bam
    wildcards: round=raw, ref=genome, replicate_label=SNRNP70_OSM_IN_1.genome, mid=sort
    resources: tmpdir=/tmp


[Fri Oct 24 13:22:28 2025]
rule index_bams:
    input: output/bams/raw/genome/SNRNP70_OSM_IN_2.genome.Aligned.sort.bam
    output: output/bams/raw/genome/SNRNP70_OSM_IN_2.genome.Aligned.sort.bam.bai
    jobid: 48
    benchmark: benchmarks/index_bam/raw/genome/sort/unassigned_experiment.SNRNP70_OSM_IN_2.genome.index_bam.txt
    reason: Missing output files: output/bams/raw/genome/SNRNP70_OSM_IN_2.genome.Aligned.sort.bam.bai; Input files updated by another job: output/bams/raw/genome/SNRNP70_OSM_IN_2.genome.Aligned.sort.bam
    wildcards: round=raw, ref=genome, replicate_label=SNRNP70_OSM_IN_2.genome, mid=sort
    resources: tmpdir=/tmp


[Fri Oct 24 13:22:28 2025]
rule index_bams:
    input: output/bams/raw/genome/SNRNP70_OSM_IP_2.genome.Aligned.sort.bam
    output: output/bams/raw/genome/SNRNP70_OSM_IP_2.genome.Aligned.sort.bam.bai
    jobid: 64
    benchmark: benchmarks/index_bam/raw/genome/sort/unassigned_experiment.SNRNP70_OSM_IP_2.genome.index_bam.txt
    reason: Missing output files: output/bams/raw/genome/SNRNP70_OSM_IP_2.genome.Aligned.sort.bam.bai; Input files updated by another job: output/bams/raw/genome/SNRNP70_OSM_IP_2.genome.Aligned.sort.bam
    wildcards: round=raw, ref=genome, replicate_label=SNRNP70_OSM_IP_2.genome, mid=sort
    resources: tmpdir=/tmp


[Fri Oct 24 13:22:28 2025]
rule index_bams:
    input: output/bams/raw/genome/SNRNP70_CTL_IN_1.genome.Aligned.sort.bam
    output: output/bams/raw/genome/SNRNP70_CTL_IN_1.genome.Aligned.sort.bam.bai
    jobid: 36
    benchmark: benchmarks/index_bam/raw/genome/sort/unassigned_experiment.SNRNP70_CTL_IN_1.genome.index_bam.txt
    reason: Missing output files: output/bams/raw/genome/SNRNP70_CTL_IN_1.genome.Aligned.sort.bam.bai; Input files updated by another job: output/bams/raw/genome/SNRNP70_CTL_IN_1.genome.Aligned.sort.bam
    wildcards: round=raw, ref=genome, replicate_label=SNRNP70_CTL_IN_1.genome, mid=sort
    resources: tmpdir=/tmp


[Fri Oct 24 13:22:28 2025]
rule index_bams:
    input: output/bams/raw/genome/SNRNP70_CTL_IP_1.genome.Aligned.sort.bam
    output: output/bams/raw/genome/SNRNP70_CTL_IP_1.genome.Aligned.sort.bam.bai
    jobid: 52
    benchmark: benchmarks/index_bam/raw/genome/sort/unassigned_experiment.SNRNP70_CTL_IP_1.genome.index_bam.txt
    reason: Missing output files: output/bams/raw/genome/SNRNP70_CTL_IP_1.genome.Aligned.sort.bam.bai; Input files updated by another job: output/bams/raw/genome/SNRNP70_CTL_IP_1.genome.Aligned.sort.bam
    wildcards: round=raw, ref=genome, replicate_label=SNRNP70_CTL_IP_1.genome, mid=sort
    resources: tmpdir=/tmp


[Fri Oct 24 13:22:28 2025]
rule index_bams:
    input: output/bams/raw/genome/SNRNP70_CTL_IN_2.genome.Aligned.sort.bam
    output: output/bams/raw/genome/SNRNP70_CTL_IN_2.genome.Aligned.sort.bam.bai
    jobid: 40
    benchmark: benchmarks/index_bam/raw/genome/sort/unassigned_experiment.SNRNP70_CTL_IN_2.genome.index_bam.txt
    reason: Missing output files: output/bams/raw/genome/SNRNP70_CTL_IN_2.genome.Aligned.sort.bam.bai; Input files updated by another job: output/bams/raw/genome/SNRNP70_CTL_IN_2.genome.Aligned.sort.bam
    wildcards: round=raw, ref=genome, replicate_label=SNRNP70_CTL_IN_2.genome, mid=sort
    resources: tmpdir=/tmp


[Fri Oct 24 13:22:28 2025]
rule dedup_umi:
    input: output/bams/raw/genome/SNRNP70_OSM_IN_2.genome.Aligned.sort.bam, output/bams/raw/genome/SNRNP70_OSM_IN_2.genome.Aligned.sort.bam.bai
    output: output/bams/dedup/genome/SNRNP70_OSM_IN_2.genome.Aligned.sort.dedup.bam
    jobid: 45
    benchmark: benchmarks/dedup/genome/unassigned_experiment.SNRNP70_OSM_IN_2.dedup_umi.txt
    reason: Missing output files: output/bams/dedup/genome/SNRNP70_OSM_IN_2.genome.Aligned.sort.dedup.bam; Input files updated by another job: output/bams/raw/genome/SNRNP70_OSM_IN_2.genome.Aligned.sort.bam, output/bams/raw/genome/SNRNP70_OSM_IN_2.genome.Aligned.sort.bam.bai
    wildcards: replicate_label=SNRNP70_OSM_IN_2
    resources: tmpdir=/tmp


[Fri Oct 24 13:22:28 2025]
rule dedup_umi:
    input: output/bams/raw/genome/SNRNP70_OSM_IP_2.genome.Aligned.sort.bam, output/bams/raw/genome/SNRNP70_OSM_IP_2.genome.Aligned.sort.bam.bai
    output: output/bams/dedup/genome/SNRNP70_OSM_IP_2.genome.Aligned.sort.dedup.bam
    jobid: 61
    benchmark: benchmarks/dedup/genome/unassigned_experiment.SNRNP70_OSM_IP_2.dedup_umi.txt
    reason: Missing output files: output/bams/dedup/genome/SNRNP70_OSM_IP_2.genome.Aligned.sort.dedup.bam; Input files updated by another job: output/bams/raw/genome/SNRNP70_OSM_IP_2.genome.Aligned.sort.bam, output/bams/raw/genome/SNRNP70_OSM_IP_2.genome.Aligned.sort.bam.bai
    wildcards: replicate_label=SNRNP70_OSM_IP_2
    resources: tmpdir=/tmp


[Fri Oct 24 13:22:28 2025]
rule dedup_umi:
    input: output/bams/raw/genome/SNRNP70_CTL_IN_1.genome.Aligned.sort.bam, output/bams/raw/genome/SNRNP70_CTL_IN_1.genome.Aligned.sort.bam.bai
    output: output/bams/dedup/genome/SNRNP70_CTL_IN_1.genome.Aligned.sort.dedup.bam
    jobid: 33
    benchmark: benchmarks/dedup/genome/unassigned_experiment.SNRNP70_CTL_IN_1.dedup_umi.txt
    reason: Missing output files: output/bams/dedup/genome/SNRNP70_CTL_IN_1.genome.Aligned.sort.dedup.bam; Input files updated by another job: output/bams/raw/genome/SNRNP70_CTL_IN_1.genome.Aligned.sort.bam, output/bams/raw/genome/SNRNP70_CTL_IN_1.genome.Aligned.sort.bam.bai
    wildcards: replicate_label=SNRNP70_CTL_IN_1
    resources: tmpdir=/tmp


[Fri Oct 24 13:22:28 2025]
rule dedup_umi:
    input: output/bams/raw/genome/SNRNP70_CTL_IP_1.genome.Aligned.sort.bam, output/bams/raw/genome/SNRNP70_CTL_IP_1.genome.Aligned.sort.bam.bai
    output: output/bams/dedup/genome/SNRNP70_CTL_IP_1.genome.Aligned.sort.dedup.bam
    jobid: 49
    benchmark: benchmarks/dedup/genome/unassigned_experiment.SNRNP70_CTL_IP_1.dedup_umi.txt
    reason: Missing output files: output/bams/dedup/genome/SNRNP70_CTL_IP_1.genome.Aligned.sort.dedup.bam; Input files updated by another job: output/bams/raw/genome/SNRNP70_CTL_IP_1.genome.Aligned.sort.bam, output/bams/raw/genome/SNRNP70_CTL_IP_1.genome.Aligned.sort.bam.bai
    wildcards: replicate_label=SNRNP70_CTL_IP_1
    resources: tmpdir=/tmp


[Fri Oct 24 13:22:28 2025]
rule dedup_umi:
    input: output/bams/raw/genome/SNRNP70_CTL_IN_2.genome.Aligned.sort.bam, output/bams/raw/genome/SNRNP70_CTL_IN_2.genome.Aligned.sort.bam.bai
    output: output/bams/dedup/genome/SNRNP70_CTL_IN_2.genome.Aligned.sort.dedup.bam
    jobid: 37
    benchmark: benchmarks/dedup/genome/unassigned_experiment.SNRNP70_CTL_IN_2.dedup_umi.txt
    reason: Missing output files: output/bams/dedup/genome/SNRNP70_CTL_IN_2.genome.Aligned.sort.dedup.bam; Input files updated by another job: output/bams/raw/genome/SNRNP70_CTL_IN_2.genome.Aligned.sort.bam.bai, output/bams/raw/genome/SNRNP70_CTL_IN_2.genome.Aligned.sort.bam
    wildcards: replicate_label=SNRNP70_CTL_IN_2
    resources: tmpdir=/tmp


[Fri Oct 24 13:22:28 2025]
rule dedup_umi:
    input: output/bams/raw/genome/SNRNP70_OSM_IP_1.genome.Aligned.sort.bam, output/bams/raw/genome/SNRNP70_OSM_IP_1.genome.Aligned.sort.bam.bai
    output: output/bams/dedup/genome/SNRNP70_OSM_IP_1.genome.Aligned.sort.dedup.bam
    jobid: 57
    benchmark: benchmarks/dedup/genome/unassigned_experiment.SNRNP70_OSM_IP_1.dedup_umi.txt
    reason: Missing output files: output/bams/dedup/genome/SNRNP70_OSM_IP_1.genome.Aligned.sort.dedup.bam; Input files updated by another job: output/bams/raw/genome/SNRNP70_OSM_IP_1.genome.Aligned.sort.bam.bai, output/bams/raw/genome/SNRNP70_OSM_IP_1.genome.Aligned.sort.bam
    wildcards: replicate_label=SNRNP70_OSM_IP_1
    resources: tmpdir=/tmp


[Fri Oct 24 13:22:28 2025]
rule dedup_umi:
    input: output/bams/raw/genome/SNRNP70_CTL_IP_2.genome.Aligned.sort.bam, output/bams/raw/genome/SNRNP70_CTL_IP_2.genome.Aligned.sort.bam.bai
    output: output/bams/dedup/genome/SNRNP70_CTL_IP_2.genome.Aligned.sort.dedup.bam
    jobid: 53
    benchmark: benchmarks/dedup/genome/unassigned_experiment.SNRNP70_CTL_IP_2.dedup_umi.txt
    reason: Missing output files: output/bams/dedup/genome/SNRNP70_CTL_IP_2.genome.Aligned.sort.dedup.bam; Input files updated by another job: output/bams/raw/genome/SNRNP70_CTL_IP_2.genome.Aligned.sort.bam, output/bams/raw/genome/SNRNP70_CTL_IP_2.genome.Aligned.sort.bam.bai
    wildcards: replicate_label=SNRNP70_CTL_IP_2
    resources: tmpdir=/tmp


[Fri Oct 24 13:22:28 2025]
rule dedup_umi:
    input: output/bams/raw/genome/SNRNP70_OSM_IN_1.genome.Aligned.sort.bam, output/bams/raw/genome/SNRNP70_OSM_IN_1.genome.Aligned.sort.bam.bai
    output: output/bams/dedup/genome/SNRNP70_OSM_IN_1.genome.Aligned.sort.dedup.bam
    jobid: 41
    benchmark: benchmarks/dedup/genome/unassigned_experiment.SNRNP70_OSM_IN_1.dedup_umi.txt
    reason: Missing output files: output/bams/dedup/genome/SNRNP70_OSM_IN_1.genome.Aligned.sort.dedup.bam; Input files updated by another job: output/bams/raw/genome/SNRNP70_OSM_IN_1.genome.Aligned.sort.bam, output/bams/raw/genome/SNRNP70_OSM_IN_1.genome.Aligned.sort.bam.bai
    wildcards: replicate_label=SNRNP70_OSM_IN_1
    resources: tmpdir=/tmp


[Fri Oct 24 13:22:28 2025]
rule partition_bam_reads:
    input: ./annotations/genome_ref/chrNameLength.txt, output/bams/dedup/genome/SNRNP70_CTL_IN_1.genome.Aligned.sort.dedup.bam, ./annotations/gencode.v38.annotation.k562_totalrna.gt1.tiled_partition.bed.gz
    output: output/counts/genome/vectors/SNRNP70_CTL_IN_1.counts
    jobid: 103
    benchmark: benchmarks/counts/unassigned_experiment.SNRNP70_CTL_IN_1.partition_bam_reads.txt
    reason: Missing output files: output/counts/genome/vectors/SNRNP70_CTL_IN_1.counts; Input files updated by another job: output/bams/dedup/genome/SNRNP70_CTL_IN_1.genome.Aligned.sort.dedup.bam
    wildcards: replicate_label=SNRNP70_CTL_IN_1
    resources: tmpdir=/tmp


[Fri Oct 24 13:22:28 2025]
rule make_scaled_bigwig:
    input: ./annotations/genome_ref/chrNameLength.txt, output/bams/dedup/genome/SNRNP70_CTL_IP_1.genome.Aligned.sort.dedup.bam
    output: output/bedgraphs/scaled/plus/SNRNP70_CTL_IP_1.scaled.plus.bg, output/bedgraphs/scaled/minus/SNRNP70_CTL_IP_1.scaled.minus.bg, output/bigwigs/scaled/plus/SNRNP70_CTL_IP_1.scaled.plus.bw, output/bigwigs/scaled/minus/SNRNP70_CTL_IP_1.scaled.minus.bw
    jobid: 85
    benchmark: benchmarks/bigwigs/unassigned_experiment.SNRNP70_CTL_IP_1.make_bigwig.txt
    reason: Missing output files: output/bigwigs/scaled/plus/SNRNP70_CTL_IP_1.scaled.plus.bw; Input files updated by another job: output/bams/dedup/genome/SNRNP70_CTL_IP_1.genome.Aligned.sort.dedup.bam
    wildcards: replicate_label=SNRNP70_CTL_IP_1
    resources: tmpdir=/tmp


[Fri Oct 24 13:22:28 2025]
rule make_unscaled_bigwig:
    input: ./annotations/genome_ref/chrNameLength.txt, output/bams/dedup/genome/SNRNP70_CTL_IP_2.genome.Aligned.sort.dedup.bam
    output: output/bedgraphs/unscaled/plus/SNRNP70_CTL_IP_2.unscaled.plus.bg, output/bedgraphs/unscaled/minus/SNRNP70_CTL_IP_2.unscaled.minus.bg, output/bigwigs/unscaled/plus/SNRNP70_CTL_IP_2.unscaled.plus.bw, output/bigwigs/unscaled/minus/SNRNP70_CTL_IP_2.unscaled.minus.bw
    jobid: 78
    benchmark: benchmarks/bigwigs/unassigned_experiment.SNRNP70_CTL_IP_2.make_bigwig.txt
    reason: Missing output files: output/bigwigs/unscaled/plus/SNRNP70_CTL_IP_2.unscaled.plus.bw; Input files updated by another job: output/bams/dedup/genome/SNRNP70_CTL_IP_2.genome.Aligned.sort.dedup.bam
    wildcards: replicate_label=SNRNP70_CTL_IP_2
    resources: tmpdir=/tmp


[Fri Oct 24 13:22:28 2025]
rule index_bams:
    input: output/bams/dedup/genome/SNRNP70_OSM_IP_1.genome.Aligned.sort.dedup.bam
    output: output/bams/dedup/genome/SNRNP70_OSM_IP_1.genome.Aligned.sort.dedup.bam.bai
    jobid: 71
    benchmark: benchmarks/index_bam/dedup/genome/sort.dedup/unassigned_experiment.SNRNP70_OSM_IP_1.genome.index_bam.txt
    reason: Missing output files: output/bams/dedup/genome/SNRNP70_OSM_IP_1.genome.Aligned.sort.dedup.bam.bai; Input files updated by another job: output/bams/dedup/genome/SNRNP70_OSM_IP_1.genome.Aligned.sort.dedup.bam
    wildcards: round=dedup, ref=genome, replicate_label=SNRNP70_OSM_IP_1.genome, mid=sort.dedup
    resources: tmpdir=/tmp


[Fri Oct 24 13:22:28 2025]
rule partition_bam_reads:
    input: ./annotations/genome_ref/chrNameLength.txt, output/bams/dedup/genome/SNRNP70_CTL_IN_2.genome.Aligned.sort.dedup.bam, ./annotations/gencode.v38.annotation.k562_totalrna.gt1.tiled_partition.bed.gz
    output: output/counts/genome/vectors/SNRNP70_CTL_IN_2.counts
    jobid: 104
    benchmark: benchmarks/counts/unassigned_experiment.SNRNP70_CTL_IN_2.partition_bam_reads.txt
    reason: Missing output files: output/counts/genome/vectors/SNRNP70_CTL_IN_2.counts; Input files updated by another job: output/bams/dedup/genome/SNRNP70_CTL_IN_2.genome.Aligned.sort.dedup.bam
    wildcards: replicate_label=SNRNP70_CTL_IN_2
    resources: tmpdir=/tmp


[Fri Oct 24 13:22:28 2025]
rule quantify_repeats:
    input: ./annotations/genome_ref/chrNameLength.txt, output/bams/dedup/genome/SNRNP70_OSM_IN_2.genome.Aligned.sort.dedup.bam, ./annotations/repeatmasker.grch38.sort.unique.bed.gz
    output: output/counts/repeats/vectors/SNRNP70_OSM_IN_2.counts
    jobid: 93
    benchmark: benchmarks/repeats/unassigned_experiment.SNRNP70_OSM_IN_2.quantify_repeats.txt
    reason: Missing output files: output/counts/repeats/vectors/SNRNP70_OSM_IN_2.counts; Input files updated by another job: output/bams/dedup/genome/SNRNP70_OSM_IN_2.genome.Aligned.sort.dedup.bam
    wildcards: replicate_label=SNRNP70_OSM_IN_2
    resources: tmpdir=/tmp


[Fri Oct 24 13:22:28 2025]
rule make_scaled_bigwig:
    input: ./annotations/genome_ref/chrNameLength.txt, output/bams/dedup/genome/SNRNP70_CTL_IP_2.genome.Aligned.sort.dedup.bam
    output: output/bedgraphs/scaled/plus/SNRNP70_CTL_IP_2.scaled.plus.bg, output/bedgraphs/scaled/minus/SNRNP70_CTL_IP_2.scaled.minus.bg, output/bigwigs/scaled/plus/SNRNP70_CTL_IP_2.scaled.plus.bw, output/bigwigs/scaled/minus/SNRNP70_CTL_IP_2.scaled.minus.bw
    jobid: 86
    benchmark: benchmarks/bigwigs/unassigned_experiment.SNRNP70_CTL_IP_2.make_bigwig.txt
    reason: Missing output files: output/bigwigs/scaled/plus/SNRNP70_CTL_IP_2.scaled.plus.bw; Input files updated by another job: output/bams/dedup/genome/SNRNP70_CTL_IP_2.genome.Aligned.sort.dedup.bam
    wildcards: replicate_label=SNRNP70_CTL_IP_2
    resources: tmpdir=/tmp


[Fri Oct 24 13:22:28 2025]
rule make_unscaled_bigwig:
    input: ./annotations/genome_ref/chrNameLength.txt, output/bams/dedup/genome/SNRNP70_OSM_IP_1.genome.Aligned.sort.dedup.bam
    output: output/bedgraphs/unscaled/plus/SNRNP70_OSM_IP_1.unscaled.plus.bg, output/bedgraphs/unscaled/minus/SNRNP70_OSM_IP_1.unscaled.minus.bg, output/bigwigs/unscaled/plus/SNRNP70_OSM_IP_1.unscaled.plus.bw, output/bigwigs/unscaled/minus/SNRNP70_OSM_IP_1.unscaled.minus.bw
    jobid: 79
    benchmark: benchmarks/bigwigs/unassigned_experiment.SNRNP70_OSM_IP_1.make_bigwig.txt
    reason: Missing output files: output/bigwigs/unscaled/plus/SNRNP70_OSM_IP_1.unscaled.plus.bw; Input files updated by another job: output/bams/dedup/genome/SNRNP70_OSM_IP_1.genome.Aligned.sort.dedup.bam
    wildcards: replicate_label=SNRNP70_OSM_IP_1
    resources: tmpdir=/tmp


[Fri Oct 24 13:22:28 2025]
rule index_bams:
    input: output/bams/dedup/genome/SNRNP70_OSM_IP_2.genome.Aligned.sort.dedup.bam
    output: output/bams/dedup/genome/SNRNP70_OSM_IP_2.genome.Aligned.sort.dedup.bam.bai
    jobid: 72
    benchmark: benchmarks/index_bam/dedup/genome/sort.dedup/unassigned_experiment.SNRNP70_OSM_IP_2.genome.index_bam.txt
    reason: Missing output files: output/bams/dedup/genome/SNRNP70_OSM_IP_2.genome.Aligned.sort.dedup.bam.bai; Input files updated by another job: output/bams/dedup/genome/SNRNP70_OSM_IP_2.genome.Aligned.sort.dedup.bam
    wildcards: round=dedup, ref=genome, replicate_label=SNRNP70_OSM_IP_2.genome, mid=sort.dedup
    resources: tmpdir=/tmp


[Fri Oct 24 13:22:28 2025]
rule quantify_repeats:
    input: ./annotations/genome_ref/chrNameLength.txt, output/bams/dedup/genome/SNRNP70_OSM_IN_1.genome.Aligned.sort.dedup.bam, ./annotations/repeatmasker.grch38.sort.unique.bed.gz
    output: output/counts/repeats/vectors/SNRNP70_OSM_IN_1.counts
    jobid: 92
    benchmark: benchmarks/repeats/unassigned_experiment.SNRNP70_OSM_IN_1.quantify_repeats.txt
    reason: Missing output files: output/counts/repeats/vectors/SNRNP70_OSM_IN_1.counts; Input files updated by another job: output/bams/dedup/genome/SNRNP70_OSM_IN_1.genome.Aligned.sort.dedup.bam
    wildcards: replicate_label=SNRNP70_OSM_IN_1
    resources: tmpdir=/tmp


[Fri Oct 24 13:22:28 2025]
rule partition_bam_reads:
    input: ./annotations/genome_ref/chrNameLength.txt, output/bams/dedup/genome/SNRNP70_CTL_IP_1.genome.Aligned.sort.dedup.bam, ./annotations/gencode.v38.annotation.k562_totalrna.gt1.tiled_partition.bed.gz
    output: output/counts/genome/vectors/SNRNP70_CTL_IP_1.counts
    jobid: 105
    benchmark: benchmarks/counts/unassigned_experiment.SNRNP70_CTL_IP_1.partition_bam_reads.txt
    reason: Missing output files: output/counts/genome/vectors/SNRNP70_CTL_IP_1.counts; Input files updated by another job: output/bams/dedup/genome/SNRNP70_CTL_IP_1.genome.Aligned.sort.dedup.bam
    wildcards: replicate_label=SNRNP70_CTL_IP_1
    resources: tmpdir=/tmp


[Fri Oct 24 13:22:28 2025]
rule quantify_repeats:
    input: ./annotations/genome_ref/chrNameLength.txt, output/bams/dedup/genome/SNRNP70_CTL_IP_1.genome.Aligned.sort.dedup.bam, ./annotations/repeatmasker.grch38.sort.unique.bed.gz
    output: output/counts/repeats/vectors/SNRNP70_CTL_IP_1.counts
    jobid: 94
    benchmark: benchmarks/repeats/unassigned_experiment.SNRNP70_CTL_IP_1.quantify_repeats.txt
    reason: Missing output files: output/counts/repeats/vectors/SNRNP70_CTL_IP_1.counts; Input files updated by another job: output/bams/dedup/genome/SNRNP70_CTL_IP_1.genome.Aligned.sort.dedup.bam
    wildcards: replicate_label=SNRNP70_CTL_IP_1
    resources: tmpdir=/tmp


[Fri Oct 24 13:22:28 2025]
rule make_scaled_bigwig:
    input: ./annotations/genome_ref/chrNameLength.txt, output/bams/dedup/genome/SNRNP70_OSM_IP_1.genome.Aligned.sort.dedup.bam
    output: output/bedgraphs/scaled/plus/SNRNP70_OSM_IP_1.scaled.plus.bg, output/bedgraphs/scaled/minus/SNRNP70_OSM_IP_1.scaled.minus.bg, output/bigwigs/scaled/plus/SNRNP70_OSM_IP_1.scaled.plus.bw, output/bigwigs/scaled/minus/SNRNP70_OSM_IP_1.scaled.minus.bw
    jobid: 87
    benchmark: benchmarks/bigwigs/unassigned_experiment.SNRNP70_OSM_IP_1.make_bigwig.txt
    reason: Missing output files: output/bigwigs/scaled/plus/SNRNP70_OSM_IP_1.scaled.plus.bw; Input files updated by another job: output/bams/dedup/genome/SNRNP70_OSM_IP_1.genome.Aligned.sort.dedup.bam
    wildcards: replicate_label=SNRNP70_OSM_IP_1
    resources: tmpdir=/tmp


[Fri Oct 24 13:22:28 2025]
rule make_unscaled_bigwig:
    input: ./annotations/genome_ref/chrNameLength.txt, output/bams/dedup/genome/SNRNP70_OSM_IP_2.genome.Aligned.sort.dedup.bam
    output: output/bedgraphs/unscaled/plus/SNRNP70_OSM_IP_2.unscaled.plus.bg, output/bedgraphs/unscaled/minus/SNRNP70_OSM_IP_2.unscaled.minus.bg, output/bigwigs/unscaled/plus/SNRNP70_OSM_IP_2.unscaled.plus.bw, output/bigwigs/unscaled/minus/SNRNP70_OSM_IP_2.unscaled.minus.bw
    jobid: 80
    benchmark: benchmarks/bigwigs/unassigned_experiment.SNRNP70_OSM_IP_2.make_bigwig.txt
    reason: Missing output files: output/bigwigs/unscaled/plus/SNRNP70_OSM_IP_2.unscaled.plus.bw; Input files updated by another job: output/bams/dedup/genome/SNRNP70_OSM_IP_2.genome.Aligned.sort.dedup.bam
    wildcards: replicate_label=SNRNP70_OSM_IP_2
    resources: tmpdir=/tmp


[Fri Oct 24 13:22:28 2025]
rule make_unscaled_bigwig:
    input: ./annotations/genome_ref/chrNameLength.txt, output/bams/dedup/genome/SNRNP70_CTL_IN_1.genome.Aligned.sort.dedup.bam
    output: output/bedgraphs/unscaled/plus/SNRNP70_CTL_IN_1.unscaled.plus.bg, output/bedgraphs/unscaled/minus/SNRNP70_CTL_IN_1.unscaled.minus.bg, output/bigwigs/unscaled/plus/SNRNP70_CTL_IN_1.unscaled.plus.bw, output/bigwigs/unscaled/minus/SNRNP70_CTL_IN_1.unscaled.minus.bw
    jobid: 73
    benchmark: benchmarks/bigwigs/unassigned_experiment.SNRNP70_CTL_IN_1.make_bigwig.txt
    reason: Missing output files: output/bigwigs/unscaled/plus/SNRNP70_CTL_IN_1.unscaled.plus.bw; Input files updated by another job: output/bams/dedup/genome/SNRNP70_CTL_IN_1.genome.Aligned.sort.dedup.bam
    wildcards: replicate_label=SNRNP70_CTL_IN_1
    resources: tmpdir=/tmp


[Fri Oct 24 13:22:28 2025]
rule index_bams:
    input: output/bams/dedup/genome/SNRNP70_CTL_IN_2.genome.Aligned.sort.dedup.bam
    output: output/bams/dedup/genome/SNRNP70_CTL_IN_2.genome.Aligned.sort.dedup.bam.bai
    jobid: 66
    benchmark: benchmarks/index_bam/dedup/genome/sort.dedup/unassigned_experiment.SNRNP70_CTL_IN_2.genome.index_bam.txt
    reason: Missing output files: output/bams/dedup/genome/SNRNP70_CTL_IN_2.genome.Aligned.sort.dedup.bam.bai; Input files updated by another job: output/bams/dedup/genome/SNRNP70_CTL_IN_2.genome.Aligned.sort.dedup.bam
    wildcards: round=dedup, ref=genome, replicate_label=SNRNP70_CTL_IN_2.genome, mid=sort.dedup
    resources: tmpdir=/tmp


[Fri Oct 24 13:22:28 2025]
rule partition_bam_reads:
    input: ./annotations/genome_ref/chrNameLength.txt, output/bams/dedup/genome/SNRNP70_OSM_IN_1.genome.Aligned.sort.dedup.bam, ./annotations/gencode.v38.annotation.k562_totalrna.gt1.tiled_partition.bed.gz
    output: output/counts/genome/vectors/SNRNP70_OSM_IN_1.counts
    jobid: 112
    benchmark: benchmarks/counts/unassigned_experiment.SNRNP70_OSM_IN_1.partition_bam_reads.txt
    reason: Missing output files: output/counts/genome/vectors/SNRNP70_OSM_IN_1.counts; Input files updated by another job: output/bams/dedup/genome/SNRNP70_OSM_IN_1.genome.Aligned.sort.dedup.bam
    wildcards: replicate_label=SNRNP70_OSM_IN_1
    resources: tmpdir=/tmp


[Fri Oct 24 13:22:28 2025]
rule partition_bam_reads:
    input: ./annotations/genome_ref/chrNameLength.txt, output/bams/dedup/genome/SNRNP70_CTL_IP_2.genome.Aligned.sort.dedup.bam, ./annotations/gencode.v38.annotation.k562_totalrna.gt1.tiled_partition.bed.gz
    output: output/counts/genome/vectors/SNRNP70_CTL_IP_2.counts
    jobid: 100
    benchmark: benchmarks/counts/unassigned_experiment.SNRNP70_CTL_IP_2.partition_bam_reads.txt
    reason: Missing output files: output/counts/genome/vectors/SNRNP70_CTL_IP_2.counts; Input files updated by another job: output/bams/dedup/genome/SNRNP70_CTL_IP_2.genome.Aligned.sort.dedup.bam
    wildcards: replicate_label=SNRNP70_CTL_IP_2
    resources: tmpdir=/tmp


[Fri Oct 24 13:22:28 2025]
rule quantify_repeats:
    input: ./annotations/genome_ref/chrNameLength.txt, output/bams/dedup/genome/SNRNP70_CTL_IP_2.genome.Aligned.sort.dedup.bam, ./annotations/repeatmasker.grch38.sort.unique.bed.gz
    output: output/counts/repeats/vectors/SNRNP70_CTL_IP_2.counts
    jobid: 95
    benchmark: benchmarks/repeats/unassigned_experiment.SNRNP70_CTL_IP_2.quantify_repeats.txt
    reason: Missing output files: output/counts/repeats/vectors/SNRNP70_CTL_IP_2.counts; Input files updated by another job: output/bams/dedup/genome/SNRNP70_CTL_IP_2.genome.Aligned.sort.dedup.bam
    wildcards: replicate_label=SNRNP70_CTL_IP_2
    resources: tmpdir=/tmp


[Fri Oct 24 13:22:28 2025]
rule make_scaled_bigwig:
    input: ./annotations/genome_ref/chrNameLength.txt, output/bams/dedup/genome/SNRNP70_OSM_IP_2.genome.Aligned.sort.dedup.bam
    output: output/bedgraphs/scaled/plus/SNRNP70_OSM_IP_2.scaled.plus.bg, output/bedgraphs/scaled/minus/SNRNP70_OSM_IP_2.scaled.minus.bg, output/bigwigs/scaled/plus/SNRNP70_OSM_IP_2.scaled.plus.bw, output/bigwigs/scaled/minus/SNRNP70_OSM_IP_2.scaled.minus.bw
    jobid: 88
    benchmark: benchmarks/bigwigs/unassigned_experiment.SNRNP70_OSM_IP_2.make_bigwig.txt
    reason: Missing output files: output/bigwigs/scaled/plus/SNRNP70_OSM_IP_2.scaled.plus.bw; Input files updated by another job: output/bams/dedup/genome/SNRNP70_OSM_IP_2.genome.Aligned.sort.dedup.bam
    wildcards: replicate_label=SNRNP70_OSM_IP_2
    resources: tmpdir=/tmp


[Fri Oct 24 13:22:28 2025]
rule make_scaled_bigwig:
    input: ./annotations/genome_ref/chrNameLength.txt, output/bams/dedup/genome/SNRNP70_CTL_IN_1.genome.Aligned.sort.dedup.bam
    output: output/bedgraphs/scaled/plus/SNRNP70_CTL_IN_1.scaled.plus.bg, output/bedgraphs/scaled/minus/SNRNP70_CTL_IN_1.scaled.minus.bg, output/bigwigs/scaled/plus/SNRNP70_CTL_IN_1.scaled.plus.bw, output/bigwigs/scaled/minus/SNRNP70_CTL_IN_1.scaled.minus.bw
    jobid: 81
    benchmark: benchmarks/bigwigs/unassigned_experiment.SNRNP70_CTL_IN_1.make_bigwig.txt
    reason: Missing output files: output/bigwigs/scaled/plus/SNRNP70_CTL_IN_1.scaled.plus.bw; Input files updated by another job: output/bams/dedup/genome/SNRNP70_CTL_IN_1.genome.Aligned.sort.dedup.bam
    wildcards: replicate_label=SNRNP70_CTL_IN_1
    resources: tmpdir=/tmp


[Fri Oct 24 13:22:28 2025]
rule make_unscaled_bigwig:
    input: ./annotations/genome_ref/chrNameLength.txt, output/bams/dedup/genome/SNRNP70_CTL_IN_2.genome.Aligned.sort.dedup.bam
    output: output/bedgraphs/unscaled/plus/SNRNP70_CTL_IN_2.unscaled.plus.bg, output/bedgraphs/unscaled/minus/SNRNP70_CTL_IN_2.unscaled.minus.bg, output/bigwigs/unscaled/plus/SNRNP70_CTL_IN_2.unscaled.plus.bw, output/bigwigs/unscaled/minus/SNRNP70_CTL_IN_2.unscaled.minus.bw
    jobid: 74
    benchmark: benchmarks/bigwigs/unassigned_experiment.SNRNP70_CTL_IN_2.make_bigwig.txt
    reason: Missing output files: output/bigwigs/unscaled/plus/SNRNP70_CTL_IN_2.unscaled.plus.bw; Input files updated by another job: output/bams/dedup/genome/SNRNP70_CTL_IN_2.genome.Aligned.sort.dedup.bam
    wildcards: replicate_label=SNRNP70_CTL_IN_2
    resources: tmpdir=/tmp


[Fri Oct 24 13:22:28 2025]
rule index_bams:
    input: output/bams/dedup/genome/SNRNP70_OSM_IN_1.genome.Aligned.sort.dedup.bam
    output: output/bams/dedup/genome/SNRNP70_OSM_IN_1.genome.Aligned.sort.dedup.bam.bai
    jobid: 67
    benchmark: benchmarks/index_bam/dedup/genome/sort.dedup/unassigned_experiment.SNRNP70_OSM_IN_1.genome.index_bam.txt
    reason: Missing output files: output/bams/dedup/genome/SNRNP70_OSM_IN_1.genome.Aligned.sort.dedup.bam.bai; Input files updated by another job: output/bams/dedup/genome/SNRNP70_OSM_IN_1.genome.Aligned.sort.dedup.bam
    wildcards: round=dedup, ref=genome, replicate_label=SNRNP70_OSM_IN_1.genome, mid=sort.dedup
    resources: tmpdir=/tmp


[Fri Oct 24 13:22:28 2025]
rule partition_bam_reads:
    input: ./annotations/genome_ref/chrNameLength.txt, output/bams/dedup/genome/SNRNP70_OSM_IN_2.genome.Aligned.sort.dedup.bam, ./annotations/gencode.v38.annotation.k562_totalrna.gt1.tiled_partition.bed.gz
    output: output/counts/genome/vectors/SNRNP70_OSM_IN_2.counts
    jobid: 113
    benchmark: benchmarks/counts/unassigned_experiment.SNRNP70_OSM_IN_2.partition_bam_reads.txt
    reason: Missing output files: output/counts/genome/vectors/SNRNP70_OSM_IN_2.counts; Input files updated by another job: output/bams/dedup/genome/SNRNP70_OSM_IN_2.genome.Aligned.sort.dedup.bam
    wildcards: replicate_label=SNRNP70_OSM_IN_2
    resources: tmpdir=/tmp


[Fri Oct 24 13:22:28 2025]
rule quantify_repeats:
    input: ./annotations/genome_ref/chrNameLength.txt, output/bams/dedup/genome/SNRNP70_CTL_IN_1.genome.Aligned.sort.dedup.bam, ./annotations/repeatmasker.grch38.sort.unique.bed.gz
    output: output/counts/repeats/vectors/SNRNP70_CTL_IN_1.counts
    jobid: 89
    benchmark: benchmarks/repeats/unassigned_experiment.SNRNP70_CTL_IN_1.quantify_repeats.txt
    reason: Missing output files: output/counts/repeats/vectors/SNRNP70_CTL_IN_1.counts; Input files updated by another job: output/bams/dedup/genome/SNRNP70_CTL_IN_1.genome.Aligned.sort.dedup.bam
    wildcards: replicate_label=SNRNP70_CTL_IN_1
    resources: tmpdir=/tmp


[Fri Oct 24 13:22:28 2025]
rule make_scaled_bigwig:
    input: ./annotations/genome_ref/chrNameLength.txt, output/bams/dedup/genome/SNRNP70_CTL_IN_2.genome.Aligned.sort.dedup.bam
    output: output/bedgraphs/scaled/plus/SNRNP70_CTL_IN_2.scaled.plus.bg, output/bedgraphs/scaled/minus/SNRNP70_CTL_IN_2.scaled.minus.bg, output/bigwigs/scaled/plus/SNRNP70_CTL_IN_2.scaled.plus.bw, output/bigwigs/scaled/minus/SNRNP70_CTL_IN_2.scaled.minus.bw
    jobid: 82
    benchmark: benchmarks/bigwigs/unassigned_experiment.SNRNP70_CTL_IN_2.make_bigwig.txt
    reason: Missing output files: output/bigwigs/scaled/plus/SNRNP70_CTL_IN_2.scaled.plus.bw; Input files updated by another job: output/bams/dedup/genome/SNRNP70_CTL_IN_2.genome.Aligned.sort.dedup.bam
    wildcards: replicate_label=SNRNP70_CTL_IN_2
    resources: tmpdir=/tmp


[Fri Oct 24 13:22:28 2025]
rule make_unscaled_bigwig:
    input: ./annotations/genome_ref/chrNameLength.txt, output/bams/dedup/genome/SNRNP70_OSM_IN_1.genome.Aligned.sort.dedup.bam
    output: output/bedgraphs/unscaled/plus/SNRNP70_OSM_IN_1.unscaled.plus.bg, output/bedgraphs/unscaled/minus/SNRNP70_OSM_IN_1.unscaled.minus.bg, output/bigwigs/unscaled/plus/SNRNP70_OSM_IN_1.unscaled.plus.bw, output/bigwigs/unscaled/minus/SNRNP70_OSM_IN_1.unscaled.minus.bw
    jobid: 75
    benchmark: benchmarks/bigwigs/unassigned_experiment.SNRNP70_OSM_IN_1.make_bigwig.txt
    reason: Missing output files: output/bigwigs/unscaled/plus/SNRNP70_OSM_IN_1.unscaled.plus.bw; Input files updated by another job: output/bams/dedup/genome/SNRNP70_OSM_IN_1.genome.Aligned.sort.dedup.bam
    wildcards: replicate_label=SNRNP70_OSM_IN_1
    resources: tmpdir=/tmp


[Fri Oct 24 13:22:28 2025]
rule index_bams:
    input: output/bams/dedup/genome/SNRNP70_OSM_IN_2.genome.Aligned.sort.dedup.bam
    output: output/bams/dedup/genome/SNRNP70_OSM_IN_2.genome.Aligned.sort.dedup.bam.bai
    jobid: 68
    benchmark: benchmarks/index_bam/dedup/genome/sort.dedup/unassigned_experiment.SNRNP70_OSM_IN_2.genome.index_bam.txt
    reason: Missing output files: output/bams/dedup/genome/SNRNP70_OSM_IN_2.genome.Aligned.sort.dedup.bam.bai; Input files updated by another job: output/bams/dedup/genome/SNRNP70_OSM_IN_2.genome.Aligned.sort.dedup.bam
    wildcards: round=dedup, ref=genome, replicate_label=SNRNP70_OSM_IN_2.genome, mid=sort.dedup
    resources: tmpdir=/tmp


[Fri Oct 24 13:22:28 2025]
rule partition_bam_reads:
    input: ./annotations/genome_ref/chrNameLength.txt, output/bams/dedup/genome/SNRNP70_OSM_IP_1.genome.Aligned.sort.dedup.bam, ./annotations/gencode.v38.annotation.k562_totalrna.gt1.tiled_partition.bed.gz
    output: output/counts/genome/vectors/SNRNP70_OSM_IP_1.counts
    jobid: 114
    benchmark: benchmarks/counts/unassigned_experiment.SNRNP70_OSM_IP_1.partition_bam_reads.txt
    reason: Missing output files: output/counts/genome/vectors/SNRNP70_OSM_IP_1.counts; Input files updated by another job: output/bams/dedup/genome/SNRNP70_OSM_IP_1.genome.Aligned.sort.dedup.bam
    wildcards: replicate_label=SNRNP70_OSM_IP_1
    resources: tmpdir=/tmp


[Fri Oct 24 13:22:28 2025]
rule quantify_repeats:
    input: ./annotations/genome_ref/chrNameLength.txt, output/bams/dedup/genome/SNRNP70_OSM_IP_1.genome.Aligned.sort.dedup.bam, ./annotations/repeatmasker.grch38.sort.unique.bed.gz
    output: output/counts/repeats/vectors/SNRNP70_OSM_IP_1.counts
    jobid: 96
    benchmark: benchmarks/repeats/unassigned_experiment.SNRNP70_OSM_IP_1.quantify_repeats.txt
    reason: Missing output files: output/counts/repeats/vectors/SNRNP70_OSM_IP_1.counts; Input files updated by another job: output/bams/dedup/genome/SNRNP70_OSM_IP_1.genome.Aligned.sort.dedup.bam
    wildcards: replicate_label=SNRNP70_OSM_IP_1
    resources: tmpdir=/tmp


[Fri Oct 24 13:22:28 2025]
rule make_scaled_bigwig:
    input: ./annotations/genome_ref/chrNameLength.txt, output/bams/dedup/genome/SNRNP70_OSM_IN_1.genome.Aligned.sort.dedup.bam
    output: output/bedgraphs/scaled/plus/SNRNP70_OSM_IN_1.scaled.plus.bg, output/bedgraphs/scaled/minus/SNRNP70_OSM_IN_1.scaled.minus.bg, output/bigwigs/scaled/plus/SNRNP70_OSM_IN_1.scaled.plus.bw, output/bigwigs/scaled/minus/SNRNP70_OSM_IN_1.scaled.minus.bw
    jobid: 83
    benchmark: benchmarks/bigwigs/unassigned_experiment.SNRNP70_OSM_IN_1.make_bigwig.txt
    reason: Missing output files: output/bigwigs/scaled/plus/SNRNP70_OSM_IN_1.scaled.plus.bw; Input files updated by another job: output/bams/dedup/genome/SNRNP70_OSM_IN_1.genome.Aligned.sort.dedup.bam
    wildcards: replicate_label=SNRNP70_OSM_IN_1
    resources: tmpdir=/tmp


[Fri Oct 24 13:22:28 2025]
rule make_unscaled_bigwig:
    input: ./annotations/genome_ref/chrNameLength.txt, output/bams/dedup/genome/SNRNP70_OSM_IN_2.genome.Aligned.sort.dedup.bam
    output: output/bedgraphs/unscaled/plus/SNRNP70_OSM_IN_2.unscaled.plus.bg, output/bedgraphs/unscaled/minus/SNRNP70_OSM_IN_2.unscaled.minus.bg, output/bigwigs/unscaled/plus/SNRNP70_OSM_IN_2.unscaled.plus.bw, output/bigwigs/unscaled/minus/SNRNP70_OSM_IN_2.unscaled.minus.bw
    jobid: 76
    benchmark: benchmarks/bigwigs/unassigned_experiment.SNRNP70_OSM_IN_2.make_bigwig.txt
    reason: Missing output files: output/bigwigs/unscaled/plus/SNRNP70_OSM_IN_2.unscaled.plus.bw; Input files updated by another job: output/bams/dedup/genome/SNRNP70_OSM_IN_2.genome.Aligned.sort.dedup.bam
    wildcards: replicate_label=SNRNP70_OSM_IN_2
    resources: tmpdir=/tmp


[Fri Oct 24 13:22:28 2025]
rule index_bams:
    input: output/bams/dedup/genome/SNRNP70_CTL_IP_1.genome.Aligned.sort.dedup.bam
    output: output/bams/dedup/genome/SNRNP70_CTL_IP_1.genome.Aligned.sort.dedup.bam.bai
    jobid: 69
    benchmark: benchmarks/index_bam/dedup/genome/sort.dedup/unassigned_experiment.SNRNP70_CTL_IP_1.genome.index_bam.txt
    reason: Missing output files: output/bams/dedup/genome/SNRNP70_CTL_IP_1.genome.Aligned.sort.dedup.bam.bai; Input files updated by another job: output/bams/dedup/genome/SNRNP70_CTL_IP_1.genome.Aligned.sort.dedup.bam
    wildcards: round=dedup, ref=genome, replicate_label=SNRNP70_CTL_IP_1.genome, mid=sort.dedup
    resources: tmpdir=/tmp


[Fri Oct 24 13:22:28 2025]
rule index_bams:
    input: output/bams/dedup/genome/SNRNP70_CTL_IN_1.genome.Aligned.sort.dedup.bam
    output: output/bams/dedup/genome/SNRNP70_CTL_IN_1.genome.Aligned.sort.dedup.bam.bai
    jobid: 65
    benchmark: benchmarks/index_bam/dedup/genome/sort.dedup/unassigned_experiment.SNRNP70_CTL_IN_1.genome.index_bam.txt
    reason: Missing output files: output/bams/dedup/genome/SNRNP70_CTL_IN_1.genome.Aligned.sort.dedup.bam.bai; Input files updated by another job: output/bams/dedup/genome/SNRNP70_CTL_IN_1.genome.Aligned.sort.dedup.bam
    wildcards: round=dedup, ref=genome, replicate_label=SNRNP70_CTL_IN_1.genome, mid=sort.dedup
    resources: tmpdir=/tmp


[Fri Oct 24 13:22:28 2025]
rule quantify_repeats:
    input: ./annotations/genome_ref/chrNameLength.txt, output/bams/dedup/genome/SNRNP70_OSM_IP_2.genome.Aligned.sort.dedup.bam, ./annotations/repeatmasker.grch38.sort.unique.bed.gz
    output: output/counts/repeats/vectors/SNRNP70_OSM_IP_2.counts
    jobid: 97
    benchmark: benchmarks/repeats/unassigned_experiment.SNRNP70_OSM_IP_2.quantify_repeats.txt
    reason: Missing output files: output/counts/repeats/vectors/SNRNP70_OSM_IP_2.counts; Input files updated by another job: output/bams/dedup/genome/SNRNP70_OSM_IP_2.genome.Aligned.sort.dedup.bam
    wildcards: replicate_label=SNRNP70_OSM_IP_2
    resources: tmpdir=/tmp


[Fri Oct 24 13:22:28 2025]
rule make_scaled_bigwig:
    input: ./annotations/genome_ref/chrNameLength.txt, output/bams/dedup/genome/SNRNP70_OSM_IN_2.genome.Aligned.sort.dedup.bam
    output: output/bedgraphs/scaled/plus/SNRNP70_OSM_IN_2.scaled.plus.bg, output/bedgraphs/scaled/minus/SNRNP70_OSM_IN_2.scaled.minus.bg, output/bigwigs/scaled/plus/SNRNP70_OSM_IN_2.scaled.plus.bw, output/bigwigs/scaled/minus/SNRNP70_OSM_IN_2.scaled.minus.bw
    jobid: 84
    benchmark: benchmarks/bigwigs/unassigned_experiment.SNRNP70_OSM_IN_2.make_bigwig.txt
    reason: Missing output files: output/bigwigs/scaled/plus/SNRNP70_OSM_IN_2.scaled.plus.bw; Input files updated by another job: output/bams/dedup/genome/SNRNP70_OSM_IN_2.genome.Aligned.sort.dedup.bam
    wildcards: replicate_label=SNRNP70_OSM_IN_2
    resources: tmpdir=/tmp


[Fri Oct 24 13:22:28 2025]
rule make_unscaled_bigwig:
    input: ./annotations/genome_ref/chrNameLength.txt, output/bams/dedup/genome/SNRNP70_CTL_IP_1.genome.Aligned.sort.dedup.bam
    output: output/bedgraphs/unscaled/plus/SNRNP70_CTL_IP_1.unscaled.plus.bg, output/bedgraphs/unscaled/minus/SNRNP70_CTL_IP_1.unscaled.minus.bg, output/bigwigs/unscaled/plus/SNRNP70_CTL_IP_1.unscaled.plus.bw, output/bigwigs/unscaled/minus/SNRNP70_CTL_IP_1.unscaled.minus.bw
    jobid: 77
    benchmark: benchmarks/bigwigs/unassigned_experiment.SNRNP70_CTL_IP_1.make_bigwig.txt
    reason: Missing output files: output/bigwigs/unscaled/plus/SNRNP70_CTL_IP_1.unscaled.plus.bw; Input files updated by another job: output/bams/dedup/genome/SNRNP70_CTL_IP_1.genome.Aligned.sort.dedup.bam
    wildcards: replicate_label=SNRNP70_CTL_IP_1
    resources: tmpdir=/tmp


[Fri Oct 24 13:22:28 2025]
rule index_bams:
    input: output/bams/dedup/genome/SNRNP70_CTL_IP_2.genome.Aligned.sort.dedup.bam
    output: output/bams/dedup/genome/SNRNP70_CTL_IP_2.genome.Aligned.sort.dedup.bam.bai
    jobid: 70
    benchmark: benchmarks/index_bam/dedup/genome/sort.dedup/unassigned_experiment.SNRNP70_CTL_IP_2.genome.index_bam.txt
    reason: Missing output files: output/bams/dedup/genome/SNRNP70_CTL_IP_2.genome.Aligned.sort.dedup.bam.bai; Input files updated by another job: output/bams/dedup/genome/SNRNP70_CTL_IP_2.genome.Aligned.sort.dedup.bam
    wildcards: round=dedup, ref=genome, replicate_label=SNRNP70_CTL_IP_2.genome, mid=sort.dedup
    resources: tmpdir=/tmp


[Fri Oct 24 13:22:28 2025]
rule quantify_repeats:
    input: ./annotations/genome_ref/chrNameLength.txt, output/bams/dedup/genome/SNRNP70_CTL_IN_2.genome.Aligned.sort.dedup.bam, ./annotations/repeatmasker.grch38.sort.unique.bed.gz
    output: output/counts/repeats/vectors/SNRNP70_CTL_IN_2.counts
    jobid: 91
    benchmark: benchmarks/repeats/unassigned_experiment.SNRNP70_CTL_IN_2.quantify_repeats.txt
    reason: Missing output files: output/counts/repeats/vectors/SNRNP70_CTL_IN_2.counts; Input files updated by another job: output/bams/dedup/genome/SNRNP70_CTL_IN_2.genome.Aligned.sort.dedup.bam
    wildcards: replicate_label=SNRNP70_CTL_IN_2
    resources: tmpdir=/tmp


[Fri Oct 24 13:22:28 2025]
rule partition_bam_reads:
    input: ./annotations/genome_ref/chrNameLength.txt, output/bams/dedup/genome/SNRNP70_OSM_IP_2.genome.Aligned.sort.dedup.bam, ./annotations/gencode.v38.annotation.k562_totalrna.gt1.tiled_partition.bed.gz
    output: output/counts/genome/vectors/SNRNP70_OSM_IP_2.counts
    jobid: 110
    benchmark: benchmarks/counts/unassigned_experiment.SNRNP70_OSM_IP_2.partition_bam_reads.txt
    reason: Missing output files: output/counts/genome/vectors/SNRNP70_OSM_IP_2.counts; Input files updated by another job: output/bams/dedup/genome/SNRNP70_OSM_IP_2.genome.Aligned.sort.dedup.bam
    wildcards: replicate_label=SNRNP70_OSM_IP_2
    resources: tmpdir=/tmp

Would remove temporary output output/bedgraphs/scaled/plus/SNRNP70_CTL_IP_1.scaled.plus.bg
Would remove temporary output output/bedgraphs/scaled/minus/SNRNP70_CTL_IP_1.scaled.minus.bg
Would remove temporary output output/bedgraphs/unscaled/plus/SNRNP70_CTL_IP_2.unscaled.plus.bg
Would remove temporary output output/bedgraphs/unscaled/minus/SNRNP70_CTL_IP_2.unscaled.minus.bg
Would remove temporary output output/bedgraphs/scaled/plus/SNRNP70_CTL_IP_2.scaled.plus.bg
Would remove temporary output output/bedgraphs/scaled/minus/SNRNP70_CTL_IP_2.scaled.minus.bg
Would remove temporary output output/bedgraphs/unscaled/plus/SNRNP70_OSM_IP_1.unscaled.plus.bg
Would remove temporary output output/bedgraphs/unscaled/minus/SNRNP70_OSM_IP_1.unscaled.minus.bg
Would remove temporary output output/bedgraphs/scaled/plus/SNRNP70_OSM_IP_1.scaled.plus.bg
Would remove temporary output output/bedgraphs/scaled/minus/SNRNP70_OSM_IP_1.scaled.minus.bg
Would remove temporary output output/bedgraphs/unscaled/plus/SNRNP70_OSM_IP_2.unscaled.plus.bg
Would remove temporary output output/bedgraphs/unscaled/minus/SNRNP70_OSM_IP_2.unscaled.minus.bg
Would remove temporary output output/bedgraphs/unscaled/plus/SNRNP70_CTL_IN_1.unscaled.plus.bg
Would remove temporary output output/bedgraphs/unscaled/minus/SNRNP70_CTL_IN_1.unscaled.minus.bg
Would remove temporary output output/bedgraphs/scaled/plus/SNRNP70_OSM_IP_2.scaled.plus.bg
Would remove temporary output output/bedgraphs/scaled/minus/SNRNP70_OSM_IP_2.scaled.minus.bg
Would remove temporary output output/bedgraphs/scaled/plus/SNRNP70_CTL_IN_1.scaled.plus.bg
Would remove temporary output output/bedgraphs/scaled/minus/SNRNP70_CTL_IN_1.scaled.minus.bg
Would remove temporary output output/bedgraphs/unscaled/plus/SNRNP70_CTL_IN_2.unscaled.plus.bg
Would remove temporary output output/bedgraphs/unscaled/minus/SNRNP70_CTL_IN_2.unscaled.minus.bg
Would remove temporary output output/bedgraphs/scaled/plus/SNRNP70_CTL_IN_2.scaled.plus.bg
Would remove temporary output output/bedgraphs/scaled/minus/SNRNP70_CTL_IN_2.scaled.minus.bg
Would remove temporary output output/bedgraphs/unscaled/plus/SNRNP70_OSM_IN_1.unscaled.plus.bg
Would remove temporary output output/bedgraphs/unscaled/minus/SNRNP70_OSM_IN_1.unscaled.minus.bg
Would remove temporary output output/bedgraphs/scaled/plus/SNRNP70_OSM_IN_1.scaled.plus.bg
Would remove temporary output output/bedgraphs/scaled/minus/SNRNP70_OSM_IN_1.scaled.minus.bg
Would remove temporary output output/bedgraphs/unscaled/plus/SNRNP70_OSM_IN_2.unscaled.plus.bg
Would remove temporary output output/bedgraphs/unscaled/minus/SNRNP70_OSM_IN_2.unscaled.minus.bg
Would remove temporary output output/bedgraphs/scaled/plus/SNRNP70_OSM_IN_2.scaled.plus.bg
Would remove temporary output output/bedgraphs/scaled/minus/SNRNP70_OSM_IN_2.scaled.minus.bg
Would remove temporary output output/bedgraphs/unscaled/plus/SNRNP70_CTL_IP_1.unscaled.plus.bg
Would remove temporary output output/bedgraphs/unscaled/minus/SNRNP70_CTL_IP_1.unscaled.minus.bg

[Fri Oct 24 13:22:28 2025]
rule make_repeat_count_tables:
    input: ./annotations/repeatmasker.grch38.sort.unique.bed.gz, output/counts/repeats/vectors/SNRNP70_CTL_IN_1.counts, output/counts/repeats/vectors/SNRNP70_CTL_IN_2.counts, output/counts/repeats/vectors/SNRNP70_CTL_IP_1.counts, output/counts/repeats/vectors/SNRNP70_CTL_IP_2.counts
    output: output/counts/repeats/tables/name/SNRNP70_CTL.tsv.gz, output/counts/repeats/tables/class/SNRNP70_CTL.tsv.gz, output/counts/repeats/tables/family/SNRNP70_CTL.tsv.gz
    jobid: 122
    benchmark: benchmarks/counts/SNRNP70_CTL.all_replicates.make_repeat_count_table.txt
    reason: Missing output files: output/counts/repeats/tables/family/SNRNP70_CTL.tsv.gz, output/counts/repeats/tables/name/SNRNP70_CTL.tsv.gz; Input files updated by another job: output/counts/repeats/vectors/SNRNP70_CTL_IN_1.counts, output/counts/repeats/vectors/SNRNP70_CTL_IN_2.counts, output/counts/repeats/vectors/SNRNP70_CTL_IP_1.counts, output/counts/repeats/vectors/SNRNP70_CTL_IP_2.counts
    wildcards: experiment_label=SNRNP70_CTL
    resources: tmpdir=/tmp


[Fri Oct 24 13:22:28 2025]
rule make_genome_count_table:
    input: ./annotations/gencode.v38.annotation.k562_totalrna.gt1.tiled_partition.nuc.gz, output/counts/genome/vectors/SNRNP70_OSM_IN_1.counts, output/counts/genome/vectors/SNRNP70_OSM_IN_2.counts, output/counts/genome/vectors/SNRNP70_OSM_IP_1.counts, output/counts/genome/vectors/SNRNP70_OSM_IP_2.counts
    output: output/counts/genome/tables/SNRNP70_OSM.tsv.gz
    jobid: 111
    benchmark: benchmarks/counts/SNRNP70_OSM.all_replicates.make_genome_count_table.txt
    reason: Missing output files: output/counts/genome/tables/SNRNP70_OSM.tsv.gz; Input files updated by another job: output/counts/genome/vectors/SNRNP70_OSM_IP_1.counts, output/counts/genome/vectors/SNRNP70_OSM_IN_1.counts, output/counts/genome/vectors/SNRNP70_OSM_IP_2.counts, output/counts/genome/vectors/SNRNP70_OSM_IN_2.counts
    wildcards: experiment_label=SNRNP70_OSM
    resources: tmpdir=/tmp


[Fri Oct 24 13:22:28 2025]
rule make_genome_count_table:
    input: ./annotations/gencode.v38.annotation.k562_totalrna.gt1.tiled_partition.nuc.gz, output/counts/genome/vectors/SNRNP70_CTL_IN_1.counts, output/counts/genome/vectors/SNRNP70_CTL_IN_2.counts, output/counts/genome/vectors/SNRNP70_CTL_IP_1.counts, output/counts/genome/vectors/SNRNP70_CTL_IP_2.counts
    output: output/counts/genome/tables/SNRNP70_CTL.tsv.gz
    jobid: 101
    benchmark: benchmarks/counts/SNRNP70_CTL.all_replicates.make_genome_count_table.txt
    reason: Missing output files: output/counts/genome/tables/SNRNP70_CTL.tsv.gz; Input files updated by another job: output/counts/genome/vectors/SNRNP70_CTL_IP_1.counts, output/counts/genome/vectors/SNRNP70_CTL_IP_2.counts, output/counts/genome/vectors/SNRNP70_CTL_IN_1.counts, output/counts/genome/vectors/SNRNP70_CTL_IN_2.counts
    wildcards: experiment_label=SNRNP70_CTL
    resources: tmpdir=/tmp


[Fri Oct 24 13:22:28 2025]
rule make_repeat_count_tables:
    input: ./annotations/repeatmasker.grch38.sort.unique.bed.gz, output/counts/repeats/vectors/SNRNP70_OSM_IN_1.counts, output/counts/repeats/vectors/SNRNP70_OSM_IN_2.counts, output/counts/repeats/vectors/SNRNP70_OSM_IP_1.counts, output/counts/repeats/vectors/SNRNP70_OSM_IP_2.counts
    output: output/counts/repeats/tables/name/SNRNP70_OSM.tsv.gz, output/counts/repeats/tables/class/SNRNP70_OSM.tsv.gz, output/counts/repeats/tables/family/SNRNP70_OSM.tsv.gz
    jobid: 123
    benchmark: benchmarks/counts/SNRNP70_OSM.all_replicates.make_repeat_count_table.txt
    reason: Missing output files: output/counts/repeats/tables/family/SNRNP70_OSM.tsv.gz, output/counts/repeats/tables/name/SNRNP70_OSM.tsv.gz; Input files updated by another job: output/counts/repeats/vectors/SNRNP70_OSM_IP_1.counts, output/counts/repeats/vectors/SNRNP70_OSM_IN_2.counts, output/counts/repeats/vectors/SNRNP70_OSM_IN_1.counts, output/counts/repeats/vectors/SNRNP70_OSM_IP_2.counts
    wildcards: experiment_label=SNRNP70_OSM
    resources: tmpdir=/tmp


[Fri Oct 24 13:22:28 2025]
rule fit_input_betabinomial_re_model:
    input: output/counts/repeats/tables/name/SNRNP70_OSM.tsv.gz
    output: output/input_model_coef_re/SNRNP70_OSM.SNRNP70_OSM_IN_1.tsv
    jobid: 131
    benchmark: benchmarks/fit_input_betabinomial_re_model/SNRNP70_OSM.SNRNP70_OSM_IN_1.fit_input.txt
    reason: Missing output files: output/input_model_coef_re/SNRNP70_OSM.SNRNP70_OSM_IN_1.tsv; Input files updated by another job: output/counts/repeats/tables/name/SNRNP70_OSM.tsv.gz
    wildcards: experiment_label=SNRNP70_OSM, input_replicate_label=SNRNP70_OSM_IN_1
    resources: tmpdir=/tmp


[Fri Oct 24 13:22:28 2025]
rule fit_input_betabinomial_model:
    input: output/counts/genome/tables/SNRNP70_OSM.tsv.gz
    output: output/input_model_coef/SNRNP70_OSM.SNRNP70_OSM_IN_2.tsv
    jobid: 117
    benchmark: benchmarks/betabinomial/SNRNP70_OSM.SNRNP70_OSM_IN_2.fit_input.txt
    reason: Missing output files: output/input_model_coef/SNRNP70_OSM.SNRNP70_OSM_IN_2.tsv; Input files updated by another job: output/counts/genome/tables/SNRNP70_OSM.tsv.gz
    wildcards: experiment_label=SNRNP70_OSM, input_replicate_label=SNRNP70_OSM_IN_2
    resources: tmpdir=/tmp


[Fri Oct 24 13:22:28 2025]
rule fit_input_betabinomial_re_model:
    input: output/counts/repeats/tables/name/SNRNP70_OSM.tsv.gz
    output: output/input_model_coef_re/SNRNP70_OSM.SNRNP70_OSM_IN_2.tsv
    jobid: 133
    benchmark: benchmarks/fit_input_betabinomial_re_model/SNRNP70_OSM.SNRNP70_OSM_IN_2.fit_input.txt
    reason: Missing output files: output/input_model_coef_re/SNRNP70_OSM.SNRNP70_OSM_IN_2.tsv; Input files updated by another job: output/counts/repeats/tables/name/SNRNP70_OSM.tsv.gz
    wildcards: experiment_label=SNRNP70_OSM, input_replicate_label=SNRNP70_OSM_IN_2
    resources: tmpdir=/tmp


[Fri Oct 24 13:22:28 2025]
rule fit_input_betabinomial_model:
    input: output/counts/genome/tables/SNRNP70_OSM.tsv.gz
    output: output/input_model_coef/SNRNP70_OSM.SNRNP70_OSM_IN_1.tsv
    jobid: 115
    benchmark: benchmarks/betabinomial/SNRNP70_OSM.SNRNP70_OSM_IN_1.fit_input.txt
    reason: Missing output files: output/input_model_coef/SNRNP70_OSM.SNRNP70_OSM_IN_1.tsv; Input files updated by another job: output/counts/genome/tables/SNRNP70_OSM.tsv.gz
    wildcards: experiment_label=SNRNP70_OSM, input_replicate_label=SNRNP70_OSM_IN_1
    resources: tmpdir=/tmp


[Fri Oct 24 13:22:28 2025]
rule fit_input_betabinomial_re_model:
    input: output/counts/repeats/tables/name/SNRNP70_CTL.tsv.gz
    output: output/input_model_coef_re/SNRNP70_CTL.SNRNP70_CTL_IN_2.tsv
    jobid: 128
    benchmark: benchmarks/fit_input_betabinomial_re_model/SNRNP70_CTL.SNRNP70_CTL_IN_2.fit_input.txt
    reason: Missing output files: output/input_model_coef_re/SNRNP70_CTL.SNRNP70_CTL_IN_2.tsv; Input files updated by another job: output/counts/repeats/tables/name/SNRNP70_CTL.tsv.gz
    wildcards: experiment_label=SNRNP70_CTL, input_replicate_label=SNRNP70_CTL_IN_2
    resources: tmpdir=/tmp


[Fri Oct 24 13:22:28 2025]
rule fit_input_betabinomial_model:
    input: output/counts/genome/tables/SNRNP70_CTL.tsv.gz
    output: output/input_model_coef/SNRNP70_CTL.SNRNP70_CTL_IN_2.tsv
    jobid: 108
    benchmark: benchmarks/betabinomial/SNRNP70_CTL.SNRNP70_CTL_IN_2.fit_input.txt
    reason: Missing output files: output/input_model_coef/SNRNP70_CTL.SNRNP70_CTL_IN_2.tsv; Input files updated by another job: output/counts/genome/tables/SNRNP70_CTL.tsv.gz
    wildcards: experiment_label=SNRNP70_CTL, input_replicate_label=SNRNP70_CTL_IN_2
    resources: tmpdir=/tmp


[Fri Oct 24 13:22:28 2025]
rule fit_input_betabinomial_model:
    input: output/counts/genome/tables/SNRNP70_CTL.tsv.gz
    output: output/input_model_coef/SNRNP70_CTL.SNRNP70_CTL_IN_1.tsv
    jobid: 106
    benchmark: benchmarks/betabinomial/SNRNP70_CTL.SNRNP70_CTL_IN_1.fit_input.txt
    reason: Missing output files: output/input_model_coef/SNRNP70_CTL.SNRNP70_CTL_IN_1.tsv; Input files updated by another job: output/counts/genome/tables/SNRNP70_CTL.tsv.gz
    wildcards: experiment_label=SNRNP70_CTL, input_replicate_label=SNRNP70_CTL_IN_1
    resources: tmpdir=/tmp


[Fri Oct 24 13:22:28 2025]
rule fit_input_betabinomial_re_model:
    input: output/counts/repeats/tables/name/SNRNP70_CTL.tsv.gz
    output: output/input_model_coef_re/SNRNP70_CTL.SNRNP70_CTL_IN_1.tsv
    jobid: 126
    benchmark: benchmarks/fit_input_betabinomial_re_model/SNRNP70_CTL.SNRNP70_CTL_IN_1.fit_input.txt
    reason: Missing output files: output/input_model_coef_re/SNRNP70_CTL.SNRNP70_CTL_IN_1.tsv; Input files updated by another job: output/counts/repeats/tables/name/SNRNP70_CTL.tsv.gz
    wildcards: experiment_label=SNRNP70_CTL, input_replicate_label=SNRNP70_CTL_IN_1
    resources: tmpdir=/tmp


[Fri Oct 24 13:22:28 2025]
rule call_enriched_re:
    input: output/counts/repeats/tables/name/SNRNP70_OSM.tsv.gz, output/counts/repeats/vectors/SNRNP70_OSM_IP_2.counts, ./annotations/repeatmasker.grch38.sort.unique.bed.gz, output/input_model_coef_re/SNRNP70_OSM.SNRNP70_OSM_IN_1.tsv
    output: output/figures/clip_scatter_re/SNRNP70_OSM.SNRNP70_OSM_IP_1.clip_test_distribution.pdf, output/enriched_re/SNRNP70_OSM.SNRNP70_OSM_IP_1.enriched_re.tsv.gz
    jobid: 130
    benchmark: benchmarks/call_enriched_re/SNRNP70_OSM.SNRNP70_OSM_IP_1.call_enriched_re.txt
    reason: Missing output files: output/enriched_re/SNRNP70_OSM.SNRNP70_OSM_IP_1.enriched_re.tsv.gz; Input files updated by another job: output/input_model_coef_re/SNRNP70_OSM.SNRNP70_OSM_IN_1.tsv, output/counts/repeats/tables/name/SNRNP70_OSM.tsv.gz, output/counts/repeats/vectors/SNRNP70_OSM_IP_2.counts
    wildcards: experiment_label=SNRNP70_OSM, clip_replicate_label=SNRNP70_OSM_IP_1
    resources: tmpdir=/tmp


[Fri Oct 24 13:22:28 2025]
rule call_enriched_windows:
    input: ./annotations/gencode.v38.annotation.k562_totalrna.gt1.tiled_partition.features.tsv.gz, ./annotations/accession_type_ranking.txt, output/counts/genome/vectors/SNRNP70_CTL_IP_2.counts, output/counts/genome/tables/SNRNP70_CTL.tsv.gz, output/input_model_coef/SNRNP70_CTL.SNRNP70_CTL_IN_1.tsv
    output: output/threshold_scan/SNRNP70_CTL.SNRNP70_CTL_IP_1.threshold_data.tsv, output/tested_windows/SNRNP70_CTL.SNRNP70_CTL_IP_1.tested_windows.tsv.gz, output/enriched_windows/SNRNP70_CTL.SNRNP70_CTL_IP_1.enriched_windows.tsv.gz, output/enrichment_summaries/SNRNP70_CTL.SNRNP70_CTL_IP_1.enriched_window_feature_summary.tsv, output/enrichment_summaries/SNRNP70_CTL.SNRNP70_CTL_IP_1.enriched_window_transcript_summary.tsv, output/enrichment_summaries/SNRNP70_CTL.SNRNP70_CTL_IP_1.enriched_window_gene_summary.tsv, output/all_reads/SNRNP70_CTL.SNRNP70_CTL_IP_1.all_reads_fractions_feature_data.tsv, output/all_reads/SNRNP70_CTL.SNRNP70_CTL_IP_1.all_reads_odds_feature_data.tsv, output/all_reads/SNRNP70_CTL.SNRNP70_CTL_IP_1.all_reads_odds_transcript_data.tsv, output/all_reads/SNRNP70_CTL.SNRNP70_CTL_IP_1.all_reads_odds_feature_gc_data.tsv, output/figures/threshold_scan/SNRNP70_CTL.SNRNP70_CTL_IP_1.threshold_scan.pdf, output/figures/enriched_windows/SNRNP70_CTL.SNRNP70_CTL_IP_1.enriched_window_coverage.pdf, output/figures/enriched_windows/SNRNP70_CTL.SNRNP70_CTL_IP_1.enriched_window_rates.pdf, output/figures/enriched_windows/SNRNP70_CTL.SNRNP70_CTL_IP_1.enriched_window_counts.linear.pdf, output/figures/enriched_windows/SNRNP70_CTL.SNRNP70_CTL_IP_1.enriched_window_counts.log10.pdf, output/figures/enriched_windows/SNRNP70_CTL.SNRNP70_CTL_IP_1.enriched_window_odds.feature.pdf, output/figures/enriched_windows/SNRNP70_CTL.SNRNP70_CTL_IP_1.enriched_window_odds.all_transcript_types.pdf, output/figures/enriched_windows/SNRNP70_CTL.SNRNP70_CTL_IP_1.enriched_window_odds.select_transcript_types.pdf, output/figures/enriched_windows/SNRNP70_CTL.SNRNP70_CTL_IP_1.enriched_window_counts.per_gene_feature.pdf, output/figures/all_reads/SNRNP70_CTL.SNRNP70_CTL_IP_1.all_reads_fractions.feature.pdf, output/figures/all_reads/SNRNP70_CTL.SNRNP70_CTL_IP_1.all_reads_odds.feature.pdf, output/figures/all_reads/SNRNP70_CTL.SNRNP70_CTL_IP_1.all_reads_odds.all_transcript_types.pdf, output/figures/all_reads/SNRNP70_CTL.SNRNP70_CTL_IP_1.all_reads_odds.feature_gc.pdf
    jobid: 98
    benchmark: benchmarks/call_enriched_windows/SNRNP70_CTL.SNRNP70_CTL_IP_1.call_enriched_windows.txt
    reason: Missing output files: output/enriched_windows/SNRNP70_CTL.SNRNP70_CTL_IP_1.enriched_windows.tsv.gz, output/tested_windows/SNRNP70_CTL.SNRNP70_CTL_IP_1.tested_windows.tsv.gz; Input files updated by another job: output/counts/genome/tables/SNRNP70_CTL.tsv.gz, output/input_model_coef/SNRNP70_CTL.SNRNP70_CTL_IN_1.tsv, output/counts/genome/vectors/SNRNP70_CTL_IP_2.counts
    wildcards: experiment_label=SNRNP70_CTL, clip_replicate_label=SNRNP70_CTL_IP_1
    resources: tmpdir=/tmp


[Fri Oct 24 13:22:28 2025]
rule call_enriched_windows:
    input: ./annotations/gencode.v38.annotation.k562_totalrna.gt1.tiled_partition.features.tsv.gz, ./annotations/accession_type_ranking.txt, output/counts/genome/vectors/SNRNP70_OSM_IP_2.counts, output/counts/genome/tables/SNRNP70_OSM.tsv.gz, output/input_model_coef/SNRNP70_OSM.SNRNP70_OSM_IN_1.tsv
    output: output/threshold_scan/SNRNP70_OSM.SNRNP70_OSM_IP_1.threshold_data.tsv, output/tested_windows/SNRNP70_OSM.SNRNP70_OSM_IP_1.tested_windows.tsv.gz, output/enriched_windows/SNRNP70_OSM.SNRNP70_OSM_IP_1.enriched_windows.tsv.gz, output/enrichment_summaries/SNRNP70_OSM.SNRNP70_OSM_IP_1.enriched_window_feature_summary.tsv, output/enrichment_summaries/SNRNP70_OSM.SNRNP70_OSM_IP_1.enriched_window_transcript_summary.tsv, output/enrichment_summaries/SNRNP70_OSM.SNRNP70_OSM_IP_1.enriched_window_gene_summary.tsv, output/all_reads/SNRNP70_OSM.SNRNP70_OSM_IP_1.all_reads_fractions_feature_data.tsv, output/all_reads/SNRNP70_OSM.SNRNP70_OSM_IP_1.all_reads_odds_feature_data.tsv, output/all_reads/SNRNP70_OSM.SNRNP70_OSM_IP_1.all_reads_odds_transcript_data.tsv, output/all_reads/SNRNP70_OSM.SNRNP70_OSM_IP_1.all_reads_odds_feature_gc_data.tsv, output/figures/threshold_scan/SNRNP70_OSM.SNRNP70_OSM_IP_1.threshold_scan.pdf, output/figures/enriched_windows/SNRNP70_OSM.SNRNP70_OSM_IP_1.enriched_window_coverage.pdf, output/figures/enriched_windows/SNRNP70_OSM.SNRNP70_OSM_IP_1.enriched_window_rates.pdf, output/figures/enriched_windows/SNRNP70_OSM.SNRNP70_OSM_IP_1.enriched_window_counts.linear.pdf, output/figures/enriched_windows/SNRNP70_OSM.SNRNP70_OSM_IP_1.enriched_window_counts.log10.pdf, output/figures/enriched_windows/SNRNP70_OSM.SNRNP70_OSM_IP_1.enriched_window_odds.feature.pdf, output/figures/enriched_windows/SNRNP70_OSM.SNRNP70_OSM_IP_1.enriched_window_odds.all_transcript_types.pdf, output/figures/enriched_windows/SNRNP70_OSM.SNRNP70_OSM_IP_1.enriched_window_odds.select_transcript_types.pdf, output/figures/enriched_windows/SNRNP70_OSM.SNRNP70_OSM_IP_1.enriched_window_counts.per_gene_feature.pdf, output/figures/all_reads/SNRNP70_OSM.SNRNP70_OSM_IP_1.all_reads_fractions.feature.pdf, output/figures/all_reads/SNRNP70_OSM.SNRNP70_OSM_IP_1.all_reads_odds.feature.pdf, output/figures/all_reads/SNRNP70_OSM.SNRNP70_OSM_IP_1.all_reads_odds.all_transcript_types.pdf, output/figures/all_reads/SNRNP70_OSM.SNRNP70_OSM_IP_1.all_reads_odds.feature_gc.pdf
    jobid: 109
    benchmark: benchmarks/call_enriched_windows/SNRNP70_OSM.SNRNP70_OSM_IP_1.call_enriched_windows.txt
    reason: Missing output files: output/tested_windows/SNRNP70_OSM.SNRNP70_OSM_IP_1.tested_windows.tsv.gz, output/enriched_windows/SNRNP70_OSM.SNRNP70_OSM_IP_1.enriched_windows.tsv.gz; Input files updated by another job: output/input_model_coef/SNRNP70_OSM.SNRNP70_OSM_IN_1.tsv, output/counts/genome/tables/SNRNP70_OSM.tsv.gz, output/counts/genome/vectors/SNRNP70_OSM_IP_2.counts
    wildcards: experiment_label=SNRNP70_OSM, clip_replicate_label=SNRNP70_OSM_IP_1
    resources: tmpdir=/tmp


[Fri Oct 24 13:22:28 2025]
rule call_enriched_re:
    input: output/counts/repeats/tables/name/SNRNP70_CTL.tsv.gz, output/counts/repeats/vectors/SNRNP70_CTL_IP_2.counts, ./annotations/repeatmasker.grch38.sort.unique.bed.gz, output/input_model_coef_re/SNRNP70_CTL.SNRNP70_CTL_IN_2.tsv
    output: output/figures/clip_scatter_re/SNRNP70_CTL.SNRNP70_CTL_IP_2.clip_test_distribution.pdf, output/enriched_re/SNRNP70_CTL.SNRNP70_CTL_IP_2.enriched_re.tsv.gz
    jobid: 127
    benchmark: benchmarks/call_enriched_re/SNRNP70_CTL.SNRNP70_CTL_IP_2.call_enriched_re.txt
    reason: Missing output files: output/enriched_re/SNRNP70_CTL.SNRNP70_CTL_IP_2.enriched_re.tsv.gz; Input files updated by another job: output/input_model_coef_re/SNRNP70_CTL.SNRNP70_CTL_IN_2.tsv, output/counts/repeats/vectors/SNRNP70_CTL_IP_2.counts, output/counts/repeats/tables/name/SNRNP70_CTL.tsv.gz
    wildcards: experiment_label=SNRNP70_CTL, clip_replicate_label=SNRNP70_CTL_IP_2
    resources: tmpdir=/tmp


[Fri Oct 24 13:22:28 2025]
rule call_enriched_windows:
    input: ./annotations/gencode.v38.annotation.k562_totalrna.gt1.tiled_partition.features.tsv.gz, ./annotations/accession_type_ranking.txt, output/counts/genome/vectors/SNRNP70_OSM_IP_2.counts, output/counts/genome/tables/SNRNP70_OSM.tsv.gz, output/input_model_coef/SNRNP70_OSM.SNRNP70_OSM_IN_2.tsv
    output: output/threshold_scan/SNRNP70_OSM.SNRNP70_OSM_IP_2.threshold_data.tsv, output/tested_windows/SNRNP70_OSM.SNRNP70_OSM_IP_2.tested_windows.tsv.gz, output/enriched_windows/SNRNP70_OSM.SNRNP70_OSM_IP_2.enriched_windows.tsv.gz, output/enrichment_summaries/SNRNP70_OSM.SNRNP70_OSM_IP_2.enriched_window_feature_summary.tsv, output/enrichment_summaries/SNRNP70_OSM.SNRNP70_OSM_IP_2.enriched_window_transcript_summary.tsv, output/enrichment_summaries/SNRNP70_OSM.SNRNP70_OSM_IP_2.enriched_window_gene_summary.tsv, output/all_reads/SNRNP70_OSM.SNRNP70_OSM_IP_2.all_reads_fractions_feature_data.tsv, output/all_reads/SNRNP70_OSM.SNRNP70_OSM_IP_2.all_reads_odds_feature_data.tsv, output/all_reads/SNRNP70_OSM.SNRNP70_OSM_IP_2.all_reads_odds_transcript_data.tsv, output/all_reads/SNRNP70_OSM.SNRNP70_OSM_IP_2.all_reads_odds_feature_gc_data.tsv, output/figures/threshold_scan/SNRNP70_OSM.SNRNP70_OSM_IP_2.threshold_scan.pdf, output/figures/enriched_windows/SNRNP70_OSM.SNRNP70_OSM_IP_2.enriched_window_coverage.pdf, output/figures/enriched_windows/SNRNP70_OSM.SNRNP70_OSM_IP_2.enriched_window_rates.pdf, output/figures/enriched_windows/SNRNP70_OSM.SNRNP70_OSM_IP_2.enriched_window_counts.linear.pdf, output/figures/enriched_windows/SNRNP70_OSM.SNRNP70_OSM_IP_2.enriched_window_counts.log10.pdf, output/figures/enriched_windows/SNRNP70_OSM.SNRNP70_OSM_IP_2.enriched_window_odds.feature.pdf, output/figures/enriched_windows/SNRNP70_OSM.SNRNP70_OSM_IP_2.enriched_window_odds.all_transcript_types.pdf, output/figures/enriched_windows/SNRNP70_OSM.SNRNP70_OSM_IP_2.enriched_window_odds.select_transcript_types.pdf, output/figures/enriched_windows/SNRNP70_OSM.SNRNP70_OSM_IP_2.enriched_window_counts.per_gene_feature.pdf, output/figures/all_reads/SNRNP70_OSM.SNRNP70_OSM_IP_2.all_reads_fractions.feature.pdf, output/figures/all_reads/SNRNP70_OSM.SNRNP70_OSM_IP_2.all_reads_odds.feature.pdf, output/figures/all_reads/SNRNP70_OSM.SNRNP70_OSM_IP_2.all_reads_odds.all_transcript_types.pdf, output/figures/all_reads/SNRNP70_OSM.SNRNP70_OSM_IP_2.all_reads_odds.feature_gc.pdf
    jobid: 116
    benchmark: benchmarks/call_enriched_windows/SNRNP70_OSM.SNRNP70_OSM_IP_2.call_enriched_windows.txt
    reason: Missing output files: output/tested_windows/SNRNP70_OSM.SNRNP70_OSM_IP_2.tested_windows.tsv.gz, output/enriched_windows/SNRNP70_OSM.SNRNP70_OSM_IP_2.enriched_windows.tsv.gz; Input files updated by another job: output/input_model_coef/SNRNP70_OSM.SNRNP70_OSM_IN_2.tsv, output/counts/genome/tables/SNRNP70_OSM.tsv.gz, output/counts/genome/vectors/SNRNP70_OSM_IP_2.counts
    wildcards: experiment_label=SNRNP70_OSM, clip_replicate_label=SNRNP70_OSM_IP_2
    resources: tmpdir=/tmp


[Fri Oct 24 13:22:28 2025]
rule call_enriched_re:
    input: output/counts/repeats/tables/name/SNRNP70_OSM.tsv.gz, output/counts/repeats/vectors/SNRNP70_OSM_IP_2.counts, ./annotations/repeatmasker.grch38.sort.unique.bed.gz, output/input_model_coef_re/SNRNP70_OSM.SNRNP70_OSM_IN_2.tsv
    output: output/figures/clip_scatter_re/SNRNP70_OSM.SNRNP70_OSM_IP_2.clip_test_distribution.pdf, output/enriched_re/SNRNP70_OSM.SNRNP70_OSM_IP_2.enriched_re.tsv.gz
    jobid: 132
    benchmark: benchmarks/call_enriched_re/SNRNP70_OSM.SNRNP70_OSM_IP_2.call_enriched_re.txt
    reason: Missing output files: output/enriched_re/SNRNP70_OSM.SNRNP70_OSM_IP_2.enriched_re.tsv.gz; Input files updated by another job: output/input_model_coef_re/SNRNP70_OSM.SNRNP70_OSM_IN_2.tsv, output/counts/repeats/tables/name/SNRNP70_OSM.tsv.gz, output/counts/repeats/vectors/SNRNP70_OSM_IP_2.counts
    wildcards: experiment_label=SNRNP70_OSM, clip_replicate_label=SNRNP70_OSM_IP_2
    resources: tmpdir=/tmp


[Fri Oct 24 13:22:28 2025]
rule call_enriched_windows:
    input: ./annotations/gencode.v38.annotation.k562_totalrna.gt1.tiled_partition.features.tsv.gz, ./annotations/accession_type_ranking.txt, output/counts/genome/vectors/SNRNP70_CTL_IP_2.counts, output/counts/genome/tables/SNRNP70_CTL.tsv.gz, output/input_model_coef/SNRNP70_CTL.SNRNP70_CTL_IN_2.tsv
    output: output/threshold_scan/SNRNP70_CTL.SNRNP70_CTL_IP_2.threshold_data.tsv, output/tested_windows/SNRNP70_CTL.SNRNP70_CTL_IP_2.tested_windows.tsv.gz, output/enriched_windows/SNRNP70_CTL.SNRNP70_CTL_IP_2.enriched_windows.tsv.gz, output/enrichment_summaries/SNRNP70_CTL.SNRNP70_CTL_IP_2.enriched_window_feature_summary.tsv, output/enrichment_summaries/SNRNP70_CTL.SNRNP70_CTL_IP_2.enriched_window_transcript_summary.tsv, output/enrichment_summaries/SNRNP70_CTL.SNRNP70_CTL_IP_2.enriched_window_gene_summary.tsv, output/all_reads/SNRNP70_CTL.SNRNP70_CTL_IP_2.all_reads_fractions_feature_data.tsv, output/all_reads/SNRNP70_CTL.SNRNP70_CTL_IP_2.all_reads_odds_feature_data.tsv, output/all_reads/SNRNP70_CTL.SNRNP70_CTL_IP_2.all_reads_odds_transcript_data.tsv, output/all_reads/SNRNP70_CTL.SNRNP70_CTL_IP_2.all_reads_odds_feature_gc_data.tsv, output/figures/threshold_scan/SNRNP70_CTL.SNRNP70_CTL_IP_2.threshold_scan.pdf, output/figures/enriched_windows/SNRNP70_CTL.SNRNP70_CTL_IP_2.enriched_window_coverage.pdf, output/figures/enriched_windows/SNRNP70_CTL.SNRNP70_CTL_IP_2.enriched_window_rates.pdf, output/figures/enriched_windows/SNRNP70_CTL.SNRNP70_CTL_IP_2.enriched_window_counts.linear.pdf, output/figures/enriched_windows/SNRNP70_CTL.SNRNP70_CTL_IP_2.enriched_window_counts.log10.pdf, output/figures/enriched_windows/SNRNP70_CTL.SNRNP70_CTL_IP_2.enriched_window_odds.feature.pdf, output/figures/enriched_windows/SNRNP70_CTL.SNRNP70_CTL_IP_2.enriched_window_odds.all_transcript_types.pdf, output/figures/enriched_windows/SNRNP70_CTL.SNRNP70_CTL_IP_2.enriched_window_odds.select_transcript_types.pdf, output/figures/enriched_windows/SNRNP70_CTL.SNRNP70_CTL_IP_2.enriched_window_counts.per_gene_feature.pdf, output/figures/all_reads/SNRNP70_CTL.SNRNP70_CTL_IP_2.all_reads_fractions.feature.pdf, output/figures/all_reads/SNRNP70_CTL.SNRNP70_CTL_IP_2.all_reads_odds.feature.pdf, output/figures/all_reads/SNRNP70_CTL.SNRNP70_CTL_IP_2.all_reads_odds.all_transcript_types.pdf, output/figures/all_reads/SNRNP70_CTL.SNRNP70_CTL_IP_2.all_reads_odds.feature_gc.pdf
    jobid: 107
    benchmark: benchmarks/call_enriched_windows/SNRNP70_CTL.SNRNP70_CTL_IP_2.call_enriched_windows.txt
    reason: Missing output files: output/tested_windows/SNRNP70_CTL.SNRNP70_CTL_IP_2.tested_windows.tsv.gz, output/enriched_windows/SNRNP70_CTL.SNRNP70_CTL_IP_2.enriched_windows.tsv.gz; Input files updated by another job: output/counts/genome/tables/SNRNP70_CTL.tsv.gz, output/counts/genome/vectors/SNRNP70_CTL_IP_2.counts, output/input_model_coef/SNRNP70_CTL.SNRNP70_CTL_IN_2.tsv
    wildcards: experiment_label=SNRNP70_CTL, clip_replicate_label=SNRNP70_CTL_IP_2
    resources: tmpdir=/tmp


[Fri Oct 24 13:22:28 2025]
rule call_enriched_re:
    input: output/counts/repeats/tables/name/SNRNP70_CTL.tsv.gz, output/counts/repeats/vectors/SNRNP70_CTL_IP_2.counts, ./annotations/repeatmasker.grch38.sort.unique.bed.gz, output/input_model_coef_re/SNRNP70_CTL.SNRNP70_CTL_IN_1.tsv
    output: output/figures/clip_scatter_re/SNRNP70_CTL.SNRNP70_CTL_IP_1.clip_test_distribution.pdf, output/enriched_re/SNRNP70_CTL.SNRNP70_CTL_IP_1.enriched_re.tsv.gz
    jobid: 125
    benchmark: benchmarks/call_enriched_re/SNRNP70_CTL.SNRNP70_CTL_IP_1.call_enriched_re.txt
    reason: Missing output files: output/enriched_re/SNRNP70_CTL.SNRNP70_CTL_IP_1.enriched_re.tsv.gz; Input files updated by another job: output/counts/repeats/vectors/SNRNP70_CTL_IP_2.counts, output/counts/repeats/tables/name/SNRNP70_CTL.tsv.gz, output/input_model_coef_re/SNRNP70_CTL.SNRNP70_CTL_IN_1.tsv
    wildcards: experiment_label=SNRNP70_CTL, clip_replicate_label=SNRNP70_CTL_IP_1
    resources: tmpdir=/tmp


[Fri Oct 24 13:22:28 2025]
rule check_window_concordance:
    input: output/tested_windows/SNRNP70_OSM.SNRNP70_OSM_IP_1.tested_windows.tsv.gz, output/tested_windows/SNRNP70_OSM.SNRNP70_OSM_IP_2.tested_windows.tsv.gz
    output: output/figures/enrichment_reproducibility/SNRNP70_OSM.enrichment_reproducibility.pdf, output/enrichment_reproducibility/SNRNP70_OSM.enrichment_reproducibility.tsv
    jobid: 121
    benchmark: benchmarks/check_window_concordance/SNRNP70_OSM.all_replicates.concordance.txt
    reason: Missing output files: output/figures/enrichment_reproducibility/SNRNP70_OSM.enrichment_reproducibility.pdf; Input files updated by another job: output/tested_windows/SNRNP70_OSM.SNRNP70_OSM_IP_1.tested_windows.tsv.gz, output/tested_windows/SNRNP70_OSM.SNRNP70_OSM_IP_2.tested_windows.tsv.gz
    wildcards: experiment_label=SNRNP70_OSM
    resources: tmpdir=/tmp


[Fri Oct 24 13:22:28 2025]
rule find_reproducible_enriched_windows:
    input: output/enriched_windows/SNRNP70_CTL.SNRNP70_CTL_IP_1.enriched_windows.tsv.gz, output/enriched_windows/SNRNP70_CTL.SNRNP70_CTL_IP_2.enriched_windows.tsv.gz
    output: output/reproducible_enriched_windows/SNRNP70_CTL.reproducible_enriched_windows.tsv.gz, output/figures/reproducible_enriched_windows/SNRNP70_CTL.reproducible_enriched_window_counts.linear.pdf, output/figures/reproducible_enriched_windows/SNRNP70_CTL.reproducible_enriched_window_counts.log10.pdf
    jobid: 118
    benchmark: benchmarks/find_reproducible_enriched_windows/SNRNP70_CTL.all_replicates.reproducible.txt
    reason: Missing output files: output/reproducible_enriched_windows/SNRNP70_CTL.reproducible_enriched_windows.tsv.gz; Input files updated by another job: output/enriched_windows/SNRNP70_CTL.SNRNP70_CTL_IP_1.enriched_windows.tsv.gz, output/enriched_windows/SNRNP70_CTL.SNRNP70_CTL_IP_2.enriched_windows.tsv.gz
    wildcards: experiment_label=SNRNP70_CTL
    resources: tmpdir=/tmp


[Fri Oct 24 13:22:28 2025]
rule find_reproducible_enriched_re:
    input: output/enriched_re/SNRNP70_OSM.SNRNP70_OSM_IP_1.enriched_re.tsv.gz, output/enriched_re/SNRNP70_OSM.SNRNP70_OSM_IP_2.enriched_re.tsv.gz
    output: output/reproducible_enriched_re/SNRNP70_OSM.reproducible_enriched_re.tsv.gz
    jobid: 129
    benchmark: benchmarks/find_reproducible_enriched_re/SNRNP70_OSM.all_replicates.reproducible.txt
    reason: Missing output files: output/reproducible_enriched_re/SNRNP70_OSM.reproducible_enriched_re.tsv.gz; Input files updated by another job: output/enriched_re/SNRNP70_OSM.SNRNP70_OSM_IP_1.enriched_re.tsv.gz, output/enriched_re/SNRNP70_OSM.SNRNP70_OSM_IP_2.enriched_re.tsv.gz
    wildcards: experiment_label=SNRNP70_OSM
    resources: tmpdir=/tmp


[Fri Oct 24 13:22:28 2025]
rule find_reproducible_enriched_re:
    input: output/enriched_re/SNRNP70_CTL.SNRNP70_CTL_IP_1.enriched_re.tsv.gz, output/enriched_re/SNRNP70_CTL.SNRNP70_CTL_IP_2.enriched_re.tsv.gz
    output: output/reproducible_enriched_re/SNRNP70_CTL.reproducible_enriched_re.tsv.gz
    jobid: 124
    benchmark: benchmarks/find_reproducible_enriched_re/SNRNP70_CTL.all_replicates.reproducible.txt
    reason: Missing output files: output/reproducible_enriched_re/SNRNP70_CTL.reproducible_enriched_re.tsv.gz; Input files updated by another job: output/enriched_re/SNRNP70_CTL.SNRNP70_CTL_IP_1.enriched_re.tsv.gz, output/enriched_re/SNRNP70_CTL.SNRNP70_CTL_IP_2.enriched_re.tsv.gz
    wildcards: experiment_label=SNRNP70_CTL
    resources: tmpdir=/tmp


[Fri Oct 24 13:22:28 2025]
rule find_reproducible_enriched_windows:
    input: output/enriched_windows/SNRNP70_OSM.SNRNP70_OSM_IP_1.enriched_windows.tsv.gz, output/enriched_windows/SNRNP70_OSM.SNRNP70_OSM_IP_2.enriched_windows.tsv.gz
    output: output/reproducible_enriched_windows/SNRNP70_OSM.reproducible_enriched_windows.tsv.gz, output/figures/reproducible_enriched_windows/SNRNP70_OSM.reproducible_enriched_window_counts.linear.pdf, output/figures/reproducible_enriched_windows/SNRNP70_OSM.reproducible_enriched_window_counts.log10.pdf
    jobid: 119
    benchmark: benchmarks/find_reproducible_enriched_windows/SNRNP70_OSM.all_replicates.reproducible.txt
    reason: Missing output files: output/reproducible_enriched_windows/SNRNP70_OSM.reproducible_enriched_windows.tsv.gz; Input files updated by another job: output/enriched_windows/SNRNP70_OSM.SNRNP70_OSM_IP_2.enriched_windows.tsv.gz, output/enriched_windows/SNRNP70_OSM.SNRNP70_OSM_IP_1.enriched_windows.tsv.gz
    wildcards: experiment_label=SNRNP70_OSM
    resources: tmpdir=/tmp


[Fri Oct 24 13:22:28 2025]
rule check_window_concordance:
    input: output/tested_windows/SNRNP70_CTL.SNRNP70_CTL_IP_1.tested_windows.tsv.gz, output/tested_windows/SNRNP70_CTL.SNRNP70_CTL_IP_2.tested_windows.tsv.gz
    output: output/figures/enrichment_reproducibility/SNRNP70_CTL.enrichment_reproducibility.pdf, output/enrichment_reproducibility/SNRNP70_CTL.enrichment_reproducibility.tsv
    jobid: 120
    benchmark: benchmarks/check_window_concordance/SNRNP70_CTL.all_replicates.concordance.txt
    reason: Missing output files: output/figures/enrichment_reproducibility/SNRNP70_CTL.enrichment_reproducibility.pdf; Input files updated by another job: output/tested_windows/SNRNP70_CTL.SNRNP70_CTL_IP_2.tested_windows.tsv.gz, output/tested_windows/SNRNP70_CTL.SNRNP70_CTL_IP_1.tested_windows.tsv.gz
    wildcards: experiment_label=SNRNP70_CTL
    resources: tmpdir=/tmp


[Fri Oct 24 13:22:28 2025]
rule sample_background_windows_by_region:
    input: output/reproducible_enriched_windows/SNRNP70_CTL.reproducible_enriched_windows.tsv.gz, ./annotations/gencode.v38.annotation.k562_totalrna.gt1.tiled_partition.features.tsv.gz
    output: output/homer/region_matched_background/variable/SNRNP70_CTL.sampled_variable_windows.bed.gz, output/homer/region_matched_background/fixed/SNRNP70_CTL.sampled_fixed_windows.bed.gz
    jobid: 139
    benchmark: benchmarks/sample_background_windows_by_region/SNRNP70_CTL.sample_background_windows_by_region.txt
    reason: Missing output files: output/homer/region_matched_background/fixed/SNRNP70_CTL.sampled_fixed_windows.bed.gz; Input files updated by another job: output/reproducible_enriched_windows/SNRNP70_CTL.reproducible_enriched_windows.tsv.gz
    wildcards: experiment_label=SNRNP70_CTL
    resources: tmpdir=/tmp


[Fri Oct 24 13:22:28 2025]
rule consult_term_reference:
    input: output/reproducible_enriched_windows/SNRNP70_CTL.reproducible_enriched_windows.tsv.gz, ./annotations/c5.go.v7.5.1.symbols.gmt, ./annotations/encode3_go_terms.reference.tsv.gz, ./annotations/encode3_go_terms.jaccard_index.rds
    output: output/gene_sets/SNRNP70_CTL.enriched_terms.tsv.gz, output/figures/gene_sets/SNRNP70_CTL.clustered_top_terms.pdf
    jobid: 142
    benchmark: benchmarks/consult_term_reference/SNRNP70_CTL.all_replicates.reproducible.txt
    reason: Missing output files: output/gene_sets/SNRNP70_CTL.enriched_terms.tsv.gz; Input files updated by another job: output/reproducible_enriched_windows/SNRNP70_CTL.reproducible_enriched_windows.tsv.gz
    wildcards: experiment_label=SNRNP70_CTL
    resources: tmpdir=/tmp


[Fri Oct 24 13:22:28 2025]
rule get_nt_coverage:
    input: output/reproducible_enriched_windows/SNRNP70_OSM.reproducible_enriched_windows.tsv.gz, output/bams/dedup/genome/SNRNP70_OSM_IP_1.genome.Aligned.sort.dedup.bam, output/bams/dedup/genome/SNRNP70_OSM_IP_2.genome.Aligned.sort.dedup.bam, output/bams/dedup/genome/SNRNP70_OSM_IN_1.genome.Aligned.sort.dedup.bam, output/bams/dedup/genome/SNRNP70_OSM_IN_2.genome.Aligned.sort.dedup.bam
    output: output/finemapping/nt_coverage/SNRNP70_OSM.nt_census.bed, output/finemapping/nt_coverage/SNRNP70_OSM.nt_coverage.input.counts, output/finemapping/nt_coverage/SNRNP70_OSM.nt_coverage.clip.counts, output/finemapping/nt_coverage/SNRNP70_OSM.nt_coverage.bed
    jobid: 137
    benchmark: benchmarks/get_nt_coverage/SNRNP70_OSM.all_replicates.reproducible.txt
    reason: Missing output files: output/finemapping/nt_coverage/SNRNP70_OSM.nt_coverage.bed; Input files updated by another job: output/reproducible_enriched_windows/SNRNP70_OSM.reproducible_enriched_windows.tsv.gz, output/bams/dedup/genome/SNRNP70_OSM_IP_1.genome.Aligned.sort.dedup.bam, output/bams/dedup/genome/SNRNP70_OSM_IP_2.genome.Aligned.sort.dedup.bam, output/bams/dedup/genome/SNRNP70_OSM_IN_1.genome.Aligned.sort.dedup.bam, output/bams/dedup/genome/SNRNP70_OSM_IN_2.genome.Aligned.sort.dedup.bam
    wildcards: experiment_label=SNRNP70_OSM
    resources: tmpdir=/tmp


[Fri Oct 24 13:22:28 2025]
rule get_nt_coverage:
    input: output/reproducible_enriched_windows/SNRNP70_CTL.reproducible_enriched_windows.tsv.gz, output/bams/dedup/genome/SNRNP70_CTL_IP_1.genome.Aligned.sort.dedup.bam, output/bams/dedup/genome/SNRNP70_CTL_IP_2.genome.Aligned.sort.dedup.bam, output/bams/dedup/genome/SNRNP70_CTL_IN_1.genome.Aligned.sort.dedup.bam, output/bams/dedup/genome/SNRNP70_CTL_IN_2.genome.Aligned.sort.dedup.bam
    output: output/finemapping/nt_coverage/SNRNP70_CTL.nt_census.bed, output/finemapping/nt_coverage/SNRNP70_CTL.nt_coverage.input.counts, output/finemapping/nt_coverage/SNRNP70_CTL.nt_coverage.clip.counts, output/finemapping/nt_coverage/SNRNP70_CTL.nt_coverage.bed
    jobid: 135
    benchmark: benchmarks/get_nt_coverage/SNRNP70_CTL.all_replicates.reproducible.txt
    reason: Missing output files: output/finemapping/nt_coverage/SNRNP70_CTL.nt_coverage.bed; Input files updated by another job: output/reproducible_enriched_windows/SNRNP70_CTL.reproducible_enriched_windows.tsv.gz, output/bams/dedup/genome/SNRNP70_CTL_IP_1.genome.Aligned.sort.dedup.bam, output/bams/dedup/genome/SNRNP70_CTL_IP_2.genome.Aligned.sort.dedup.bam, output/bams/dedup/genome/SNRNP70_CTL_IN_1.genome.Aligned.sort.dedup.bam, output/bams/dedup/genome/SNRNP70_CTL_IN_2.genome.Aligned.sort.dedup.bam
    wildcards: experiment_label=SNRNP70_CTL
    resources: tmpdir=/tmp


[Fri Oct 24 13:22:28 2025]
rule consult_term_reference:
    input: output/reproducible_enriched_windows/SNRNP70_OSM.reproducible_enriched_windows.tsv.gz, ./annotations/c5.go.v7.5.1.symbols.gmt, ./annotations/encode3_go_terms.reference.tsv.gz, ./annotations/encode3_go_terms.jaccard_index.rds
    output: output/gene_sets/SNRNP70_OSM.enriched_terms.tsv.gz, output/figures/gene_sets/SNRNP70_OSM.clustered_top_terms.pdf
    jobid: 143
    benchmark: benchmarks/consult_term_reference/SNRNP70_OSM.all_replicates.reproducible.txt
    reason: Missing output files: output/gene_sets/SNRNP70_OSM.enriched_terms.tsv.gz; Input files updated by another job: output/reproducible_enriched_windows/SNRNP70_OSM.reproducible_enriched_windows.tsv.gz
    wildcards: experiment_label=SNRNP70_OSM
    resources: tmpdir=/tmp


[Fri Oct 24 13:22:28 2025]
rule consult_encode_reference:
    input: output/reproducible_enriched_windows/SNRNP70_CTL.reproducible_enriched_windows.tsv.gz, output/reproducible_enriched_windows/SNRNP70_OSM.reproducible_enriched_windows.tsv.gz, output/reproducible_enriched_re/SNRNP70_CTL.reproducible_enriched_re.tsv.gz, output/reproducible_enriched_re/SNRNP70_OSM.reproducible_enriched_re.tsv.gz, ./tools/encode3_feature_summary.reference.tsv, ./tools/encode3_eclip_enrichment.reference.tsv, ./tools/encode3_class_assignment.reference.tsv
    output: output/tsne/skipper.tsne_query.tsv, output/figures/tsne/skipper.tsne_query.pdf
    jobid: 144
    benchmark: benchmarks/consult_encode_reference/skipper.txt
    reason: Missing output files: output/figures/tsne/skipper.tsne_query.pdf; Input files updated by another job: output/reproducible_enriched_windows/SNRNP70_CTL.reproducible_enriched_windows.tsv.gz, output/reproducible_enriched_re/SNRNP70_OSM.reproducible_enriched_re.tsv.gz, output/reproducible_enriched_windows/SNRNP70_OSM.reproducible_enriched_windows.tsv.gz, output/reproducible_enriched_re/SNRNP70_CTL.reproducible_enriched_re.tsv.gz
    resources: tmpdir=/tmp


[Fri Oct 24 13:22:28 2025]
rule sample_background_windows_by_region:
    input: output/reproducible_enriched_windows/SNRNP70_OSM.reproducible_enriched_windows.tsv.gz, ./annotations/gencode.v38.annotation.k562_totalrna.gt1.tiled_partition.features.tsv.gz
    output: output/homer/region_matched_background/variable/SNRNP70_OSM.sampled_variable_windows.bed.gz, output/homer/region_matched_background/fixed/SNRNP70_OSM.sampled_fixed_windows.bed.gz
    jobid: 141
    benchmark: benchmarks/sample_background_windows_by_region/SNRNP70_OSM.sample_background_windows_by_region.txt
    reason: Missing output files: output/homer/region_matched_background/fixed/SNRNP70_OSM.sampled_fixed_windows.bed.gz; Input files updated by another job: output/reproducible_enriched_windows/SNRNP70_OSM.reproducible_enriched_windows.tsv.gz
    wildcards: experiment_label=SNRNP70_OSM
    resources: tmpdir=/tmp

Would remove temporary output output/finemapping/nt_coverage/SNRNP70_OSM.nt_census.bed
Would remove temporary output output/finemapping/nt_coverage/SNRNP70_OSM.nt_coverage.input.counts
Would remove temporary output output/finemapping/nt_coverage/SNRNP70_OSM.nt_coverage.clip.counts
Would remove temporary output output/finemapping/nt_coverage/SNRNP70_CTL.nt_census.bed
Would remove temporary output output/finemapping/nt_coverage/SNRNP70_CTL.nt_coverage.input.counts
Would remove temporary output output/finemapping/nt_coverage/SNRNP70_CTL.nt_coverage.clip.counts

[Fri Oct 24 13:22:28 2025]
rule finemap_windows:
    input: output/finemapping/nt_coverage/SNRNP70_OSM.nt_coverage.bed
    output: output/finemapping/mapped_sites/SNRNP70_OSM.finemapped_windows.bed.gz
    jobid: 136
    benchmark: benchmarks/finemap_windows/SNRNP70_OSM.all_replicates.reproducible.txt
    reason: Missing output files: output/finemapping/mapped_sites/SNRNP70_OSM.finemapped_windows.bed.gz; Input files updated by another job: output/finemapping/nt_coverage/SNRNP70_OSM.nt_coverage.bed
    wildcards: experiment_label=SNRNP70_OSM
    resources: tmpdir=/tmp


[Fri Oct 24 13:22:28 2025]
rule finemap_windows:
    input: output/finemapping/nt_coverage/SNRNP70_CTL.nt_coverage.bed
    output: output/finemapping/mapped_sites/SNRNP70_CTL.finemapped_windows.bed.gz
    jobid: 134
    benchmark: benchmarks/finemap_windows/SNRNP70_CTL.all_replicates.reproducible.txt
    reason: Missing output files: output/finemapping/mapped_sites/SNRNP70_CTL.finemapped_windows.bed.gz; Input files updated by another job: output/finemapping/nt_coverage/SNRNP70_CTL.nt_coverage.bed
    wildcards: experiment_label=SNRNP70_CTL
    resources: tmpdir=/tmp


[Fri Oct 24 13:22:28 2025]
rule run_homer:
    input: output/finemapping/mapped_sites/SNRNP70_CTL.finemapped_windows.bed.gz, output/homer/region_matched_background/fixed/SNRNP70_CTL.sampled_fixed_windows.bed.gz, ./annotations/GRCh38_no_alt_analysis_set_GCA_000001405.15.fasta
    output: output/homer/finemapped_results/SNRNP70_CTL/homerResults.html
    jobid: 138
    benchmark: benchmarks/run_homer/SNRNP70_CTL.all_replicates.reproducible.txt
    reason: Missing output files: output/homer/finemapped_results/SNRNP70_CTL/homerResults.html; Input files updated by another job: output/homer/region_matched_background/fixed/SNRNP70_CTL.sampled_fixed_windows.bed.gz, output/finemapping/mapped_sites/SNRNP70_CTL.finemapped_windows.bed.gz
    wildcards: experiment_label=SNRNP70_CTL
    resources: tmpdir=/tmp


[Fri Oct 24 13:22:28 2025]
rule run_homer:
    input: output/finemapping/mapped_sites/SNRNP70_OSM.finemapped_windows.bed.gz, output/homer/region_matched_background/fixed/SNRNP70_OSM.sampled_fixed_windows.bed.gz, ./annotations/GRCh38_no_alt_analysis_set_GCA_000001405.15.fasta
    output: output/homer/finemapped_results/SNRNP70_OSM/homerResults.html
    jobid: 140
    benchmark: benchmarks/run_homer/SNRNP70_OSM.all_replicates.reproducible.txt
    reason: Missing output files: output/homer/finemapped_results/SNRNP70_OSM/homerResults.html; Input files updated by another job: output/homer/region_matched_background/fixed/SNRNP70_OSM.sampled_fixed_windows.bed.gz, output/finemapping/mapped_sites/SNRNP70_OSM.finemapped_windows.bed.gz
    wildcards: experiment_label=SNRNP70_OSM
    resources: tmpdir=/tmp


[Fri Oct 24 13:22:28 2025]
rule all:
    input: output/fastqc/initial/SNRNP70_CTL_IN_1_fastqc.html, output/fastqc/initial/SNRNP70_CTL_IN_2_fastqc.html, output/fastqc/initial/SNRNP70_OSM_IN_1_fastqc.html, output/fastqc/initial/SNRNP70_OSM_IN_2_fastqc.html, output/fastqc/initial/SNRNP70_CTL_IP_1_fastqc.html, output/fastqc/initial/SNRNP70_CTL_IP_2_fastqc.html, output/fastqc/initial/SNRNP70_OSM_IP_1_fastqc.html, output/fastqc/initial/SNRNP70_OSM_IP_2_fastqc.html, output/fastqc/processed/SNRNP70_CTL_IN_1.trimmed.umi_fastqc.html, output/fastqc/processed/SNRNP70_CTL_IN_2.trimmed.umi_fastqc.html, output/fastqc/processed/SNRNP70_OSM_IN_1.trimmed.umi_fastqc.html, output/fastqc/processed/SNRNP70_OSM_IN_2.trimmed.umi_fastqc.html, output/fastqc/processed/SNRNP70_CTL_IP_1.trimmed.umi_fastqc.html, output/fastqc/processed/SNRNP70_CTL_IP_2.trimmed.umi_fastqc.html, output/fastqc/processed/SNRNP70_OSM_IP_1.trimmed.umi_fastqc.html, output/fastqc/processed/SNRNP70_OSM_IP_2.trimmed.umi_fastqc.html, output/bams/dedup/genome/SNRNP70_CTL_IN_1.genome.Aligned.sort.dedup.bam, output/bams/dedup/genome/SNRNP70_CTL_IN_2.genome.Aligned.sort.dedup.bam, output/bams/dedup/genome/SNRNP70_OSM_IN_1.genome.Aligned.sort.dedup.bam, output/bams/dedup/genome/SNRNP70_OSM_IN_2.genome.Aligned.sort.dedup.bam, output/bams/dedup/genome/SNRNP70_CTL_IP_1.genome.Aligned.sort.dedup.bam, output/bams/dedup/genome/SNRNP70_CTL_IP_2.genome.Aligned.sort.dedup.bam, output/bams/dedup/genome/SNRNP70_OSM_IP_1.genome.Aligned.sort.dedup.bam, output/bams/dedup/genome/SNRNP70_OSM_IP_2.genome.Aligned.sort.dedup.bam, output/bams/dedup/genome/SNRNP70_CTL_IN_1.genome.Aligned.sort.dedup.bam.bai, output/bams/dedup/genome/SNRNP70_CTL_IN_2.genome.Aligned.sort.dedup.bam.bai, output/bams/dedup/genome/SNRNP70_OSM_IN_1.genome.Aligned.sort.dedup.bam.bai, output/bams/dedup/genome/SNRNP70_OSM_IN_2.genome.Aligned.sort.dedup.bam.bai, output/bams/dedup/genome/SNRNP70_CTL_IP_1.genome.Aligned.sort.dedup.bam.bai, output/bams/dedup/genome/SNRNP70_CTL_IP_2.genome.Aligned.sort.dedup.bam.bai, output/bams/dedup/genome/SNRNP70_OSM_IP_1.genome.Aligned.sort.dedup.bam.bai, output/bams/dedup/genome/SNRNP70_OSM_IP_2.genome.Aligned.sort.dedup.bam.bai, output/bigwigs/unscaled/plus/SNRNP70_CTL_IN_1.unscaled.plus.bw, output/bigwigs/unscaled/plus/SNRNP70_CTL_IN_2.unscaled.plus.bw, output/bigwigs/unscaled/plus/SNRNP70_OSM_IN_1.unscaled.plus.bw, output/bigwigs/unscaled/plus/SNRNP70_OSM_IN_2.unscaled.plus.bw, output/bigwigs/unscaled/plus/SNRNP70_CTL_IP_1.unscaled.plus.bw, output/bigwigs/unscaled/plus/SNRNP70_CTL_IP_2.unscaled.plus.bw, output/bigwigs/unscaled/plus/SNRNP70_OSM_IP_1.unscaled.plus.bw, output/bigwigs/unscaled/plus/SNRNP70_OSM_IP_2.unscaled.plus.bw, output/bigwigs/scaled/plus/SNRNP70_CTL_IN_1.scaled.plus.bw, output/bigwigs/scaled/plus/SNRNP70_CTL_IN_2.scaled.plus.bw, output/bigwigs/scaled/plus/SNRNP70_OSM_IN_1.scaled.plus.bw, output/bigwigs/scaled/plus/SNRNP70_OSM_IN_2.scaled.plus.bw, output/bigwigs/scaled/plus/SNRNP70_CTL_IP_1.scaled.plus.bw, output/bigwigs/scaled/plus/SNRNP70_CTL_IP_2.scaled.plus.bw, output/bigwigs/scaled/plus/SNRNP70_OSM_IP_1.scaled.plus.bw, output/bigwigs/scaled/plus/SNRNP70_OSM_IP_2.scaled.plus.bw, output/counts/repeats/vectors/SNRNP70_CTL_IN_1.counts, output/counts/repeats/vectors/SNRNP70_CTL_IN_2.counts, output/counts/repeats/vectors/SNRNP70_OSM_IN_1.counts, output/counts/repeats/vectors/SNRNP70_OSM_IN_2.counts, output/counts/repeats/vectors/SNRNP70_CTL_IP_1.counts, output/counts/repeats/vectors/SNRNP70_CTL_IP_2.counts, output/counts/repeats/vectors/SNRNP70_OSM_IP_1.counts, output/counts/repeats/vectors/SNRNP70_OSM_IP_2.counts, output/enriched_windows/SNRNP70_CTL.SNRNP70_CTL_IP_1.enriched_windows.tsv.gz, output/enriched_windows/SNRNP70_CTL.SNRNP70_CTL_IP_2.enriched_windows.tsv.gz, output/enriched_windows/SNRNP70_OSM.SNRNP70_OSM_IP_1.enriched_windows.tsv.gz, output/enriched_windows/SNRNP70_OSM.SNRNP70_OSM_IP_2.enriched_windows.tsv.gz, output/reproducible_enriched_windows/SNRNP70_CTL.reproducible_enriched_windows.tsv.gz, output/reproducible_enriched_windows/SNRNP70_CTL.reproducible_enriched_windows.tsv.gz, output/reproducible_enriched_windows/SNRNP70_OSM.reproducible_enriched_windows.tsv.gz, output/reproducible_enriched_windows/SNRNP70_OSM.reproducible_enriched_windows.tsv.gz, output/figures/enrichment_reproducibility/SNRNP70_CTL.enrichment_reproducibility.pdf, output/figures/enrichment_reproducibility/SNRNP70_CTL.enrichment_reproducibility.pdf, output/figures/enrichment_reproducibility/SNRNP70_OSM.enrichment_reproducibility.pdf, output/figures/enrichment_reproducibility/SNRNP70_OSM.enrichment_reproducibility.pdf, output/counts/repeats/tables/family/SNRNP70_CTL.tsv.gz, output/counts/repeats/tables/family/SNRNP70_CTL.tsv.gz, output/counts/repeats/tables/family/SNRNP70_OSM.tsv.gz, output/counts/repeats/tables/family/SNRNP70_OSM.tsv.gz, output/reproducible_enriched_re/SNRNP70_CTL.reproducible_enriched_re.tsv.gz, output/reproducible_enriched_re/SNRNP70_CTL.reproducible_enriched_re.tsv.gz, output/reproducible_enriched_re/SNRNP70_OSM.reproducible_enriched_re.tsv.gz, output/reproducible_enriched_re/SNRNP70_OSM.reproducible_enriched_re.tsv.gz, output/finemapping/mapped_sites/SNRNP70_CTL.finemapped_windows.bed.gz, output/finemapping/mapped_sites/SNRNP70_CTL.finemapped_windows.bed.gz, output/finemapping/mapped_sites/SNRNP70_OSM.finemapped_windows.bed.gz, output/finemapping/mapped_sites/SNRNP70_OSM.finemapped_windows.bed.gz, output/homer/finemapped_results/SNRNP70_CTL/homerResults.html, output/homer/finemapped_results/SNRNP70_CTL/homerResults.html, output/homer/finemapped_results/SNRNP70_OSM/homerResults.html, output/homer/finemapped_results/SNRNP70_OSM/homerResults.html, output/gene_sets/SNRNP70_CTL.enriched_terms.tsv.gz, output/gene_sets/SNRNP70_CTL.enriched_terms.tsv.gz, output/gene_sets/SNRNP70_OSM.enriched_terms.tsv.gz, output/gene_sets/SNRNP70_OSM.enriched_terms.tsv.gz, output/figures/tsne/skipper.tsne_query.pdf
    output: land_ho.txt
    jobid: 0
    reason: Input files updated by another job: output/bigwigs/scaled/plus/SNRNP70_CTL_IP_1.scaled.plus.bw, output/gene_sets/SNRNP70_CTL.enriched_terms.tsv.gz, output/bigwigs/unscaled/plus/SNRNP70_CTL_IN_2.unscaled.plus.bw, output/counts/repeats/vectors/SNRNP70_OSM_IP_2.counts, output/finemapping/mapped_sites/SNRNP70_OSM.finemapped_windows.bed.gz, output/bigwigs/scaled/plus/SNRNP70_CTL_IN_2.scaled.plus.bw, output/fastqc/processed/SNRNP70_CTL_IP_2.trimmed.umi_fastqc.html, output/bams/dedup/genome/SNRNP70_OSM_IP_1.genome.Aligned.sort.dedup.bam.bai, output/fastqc/initial/SNRNP70_CTL_IP_2_fastqc.html, output/counts/repeats/vectors/SNRNP70_CTL_IP_1.counts, output/fastqc/processed/SNRNP70_CTL_IP_1.trimmed.umi_fastqc.html, output/homer/finemapped_results/SNRNP70_OSM/homerResults.html, output/fastqc/initial/SNRNP70_CTL_IP_1_fastqc.html, output/bams/dedup/genome/SNRNP70_OSM_IN_2.genome.Aligned.sort.dedup.bam, output/homer/finemapped_results/SNRNP70_CTL/homerResults.html, output/fastqc/initial/SNRNP70_CTL_IN_2_fastqc.html, output/bams/dedup/genome/SNRNP70_CTL_IP_2.genome.Aligned.sort.dedup.bam, output/bams/dedup/genome/SNRNP70_CTL_IN_1.genome.Aligned.sort.dedup.bam.bai, output/bigwigs/unscaled/plus/SNRNP70_OSM_IN_1.unscaled.plus.bw, output/fastqc/processed/SNRNP70_OSM_IN_2.trimmed.umi_fastqc.html, output/bams/dedup/genome/SNRNP70_OSM_IP_2.genome.Aligned.sort.dedup.bam, output/bams/dedup/genome/SNRNP70_OSM_IN_1.genome.Aligned.sort.dedup.bam, output/bigwigs/unscaled/plus/SNRNP70_OSM_IP_2.unscaled.plus.bw, output/counts/repeats/vectors/SNRNP70_CTL_IN_1.counts, output/reproducible_enriched_re/SNRNP70_OSM.reproducible_enriched_re.tsv.gz, output/bams/dedup/genome/SNRNP70_CTL_IN_2.genome.Aligned.sort.dedup.bam, output/bigwigs/scaled/plus/SNRNP70_OSM_IN_1.scaled.plus.bw, output/counts/repeats/vectors/SNRNP70_OSM_IP_1.counts, output/bams/dedup/genome/SNRNP70_CTL_IN_2.genome.Aligned.sort.dedup.bam.bai, output/figures/enrichment_reproducibility/SNRNP70_OSM.enrichment_reproducibility.pdf, output/bigwigs/unscaled/plus/SNRNP70_CTL_IP_2.unscaled.plus.bw, output/enriched_windows/SNRNP70_OSM.SNRNP70_OSM_IP_1.enriched_windows.tsv.gz, output/enriched_windows/SNRNP70_OSM.SNRNP70_OSM_IP_2.enriched_windows.tsv.gz, output/fastqc/initial/SNRNP70_CTL_IN_1_fastqc.html, output/bigwigs/unscaled/plus/SNRNP70_CTL_IP_1.unscaled.plus.bw, output/fastqc/processed/SNRNP70_CTL_IN_2.trimmed.umi_fastqc.html, output/bams/dedup/genome/SNRNP70_OSM_IN_2.genome.Aligned.sort.dedup.bam.bai, output/bams/dedup/genome/SNRNP70_CTL_IN_1.genome.Aligned.sort.dedup.bam, output/fastqc/initial/SNRNP70_OSM_IN_2_fastqc.html, output/bigwigs/scaled/plus/SNRNP70_CTL_IP_2.scaled.plus.bw, output/bigwigs/scaled/plus/SNRNP70_OSM_IP_1.scaled.plus.bw, output/counts/repeats/vectors/SNRNP70_OSM_IN_1.counts, output/enriched_windows/SNRNP70_CTL.SNRNP70_CTL_IP_2.enriched_windows.tsv.gz, output/counts/repeats/vectors/SNRNP70_CTL_IP_2.counts, output/fastqc/processed/SNRNP70_CTL_IN_1.trimmed.umi_fastqc.html, output/reproducible_enriched_windows/SNRNP70_CTL.reproducible_enriched_windows.tsv.gz, output/finemapping/mapped_sites/SNRNP70_CTL.finemapped_windows.bed.gz, output/figures/enrichment_reproducibility/SNRNP70_CTL.enrichment_reproducibility.pdf, output/bams/dedup/genome/SNRNP70_OSM_IN_1.genome.Aligned.sort.dedup.bam.bai, output/gene_sets/SNRNP70_OSM.enriched_terms.tsv.gz, output/fastqc/initial/SNRNP70_OSM_IP_2_fastqc.html, output/bams/dedup/genome/SNRNP70_CTL_IP_1.genome.Aligned.sort.dedup.bam, output/bigwigs/unscaled/plus/SNRNP70_OSM_IP_1.unscaled.plus.bw, output/bigwigs/unscaled/plus/SNRNP70_CTL_IN_1.unscaled.plus.bw, output/bigwigs/scaled/plus/SNRNP70_CTL_IN_1.scaled.plus.bw, output/reproducible_enriched_windows/SNRNP70_OSM.reproducible_enriched_windows.tsv.gz, output/fastqc/processed/SNRNP70_OSM_IP_1.trimmed.umi_fastqc.html, output/bigwigs/unscaled/plus/SNRNP70_OSM_IN_2.unscaled.plus.bw, output/counts/repeats/tables/family/SNRNP70_CTL.tsv.gz, output/bigwigs/scaled/plus/SNRNP70_OSM_IN_2.scaled.plus.bw, output/reproducible_enriched_re/SNRNP70_CTL.reproducible_enriched_re.tsv.gz, output/fastqc/processed/SNRNP70_OSM_IP_2.trimmed.umi_fastqc.html, output/counts/repeats/vectors/SNRNP70_CTL_IN_2.counts, output/enriched_windows/SNRNP70_CTL.SNRNP70_CTL_IP_1.enriched_windows.tsv.gz, output/counts/repeats/vectors/SNRNP70_OSM_IN_2.counts, output/bams/dedup/genome/SNRNP70_OSM_IP_1.genome.Aligned.sort.dedup.bam, output/counts/repeats/tables/family/SNRNP70_OSM.tsv.gz, output/bams/dedup/genome/SNRNP70_OSM_IP_2.genome.Aligned.sort.dedup.bam.bai, output/fastqc/processed/SNRNP70_OSM_IN_1.trimmed.umi_fastqc.html, output/fastqc/initial/SNRNP70_OSM_IP_1_fastqc.html, output/figures/tsne/skipper.tsne_query.pdf, output/bams/dedup/genome/SNRNP70_CTL_IP_2.genome.Aligned.sort.dedup.bam.bai, output/bigwigs/scaled/plus/SNRNP70_OSM_IP_2.scaled.plus.bw, output/fastqc/initial/SNRNP70_OSM_IN_1_fastqc.html, output/bams/dedup/genome/SNRNP70_CTL_IP_1.genome.Aligned.sort.dedup.bam.bai
    resources: tmpdir=/tmp

Job stats:
job                                    count
-----------------------------------  -------
align_reads                                8
all                                        1
call_enriched_re                           4
call_enriched_windows                      4
check_window_concordance                   2
consult_encode_reference                   1
consult_term_reference                     2
dedup_umi                                  8
extract_umi                                8
find_reproducible_enriched_re              2
find_reproducible_enriched_windows         2
finemap_windows                            2
fit_input_betabinomial_model               4
fit_input_betabinomial_re_model            4
get_nt_coverage                            2
index_bams                                16
make_genome_count_table                    2
make_repeat_count_tables                   2
make_scaled_bigwig                         8
make_unscaled_bigwig                       8
partition_bam_reads                        8
quantify_repeats                           8
run_homer                                  2
run_initial_fastqc                         8
run_trimmed_fastqc                         8
sample_background_windows_by_region        2
sort_bam                                   8
trim_fastq                                 8
total                                    142

Reasons:
    (check individual jobs above for details)
    input files updated by another job:
        align_reads, all, call_enriched_re, call_enriched_windows, check_window_concordance, consult_encode_reference, consult_term_reference, dedup_umi, extract_umi, find_reproducible_enriched_re, find_reproducible_enriched_windows, finemap_windows, fit_input_betabinomial_model, fit_input_betabinomial_re_model, get_nt_coverage, index_bams, make_genome_count_table, make_repeat_count_tables, make_scaled_bigwig, make_unscaled_bigwig, partition_bam_reads, quantify_repeats, run_homer, run_trimmed_fastqc, sample_background_windows_by_region, sort_bam
    missing output files:
        align_reads, call_enriched_re, call_enriched_windows, check_window_concordance, consult_encode_reference, consult_term_reference, dedup_umi, extract_umi, find_reproducible_enriched_re, find_reproducible_enriched_windows, finemap_windows, fit_input_betabinomial_model, fit_input_betabinomial_re_model, get_nt_coverage, index_bams, make_genome_count_table, make_repeat_count_tables, make_scaled_bigwig, make_unscaled_bigwig, partition_bam_reads, quantify_repeats, run_homer, run_initial_fastqc, run_trimmed_fastqc, sample_background_windows_by_region, sort_bam, trim_fastq
    updated input files:
        trim_fastq

This was a dry-run (flag -n). The order of jobs does not reflect the order of execution.
(base) pa-hilario@cc21dev0:~/skipper$ ./04_ActivateNode.sh 
srun: job 3918613 queued and waiting for resources
srun: job 3918613 has been allocated resources
(base) pa-hilario@cc21cluster03:~/skipper$ ./05_RunSkipper.sh 

CondaError: Run 'conda init' before 'conda activate'

./05_RunSkipper.sh: line 4: snakemake: command not found
(base) pa-hilario@cc21cluster03:~/skipper$ nano 05_RunSkipper.sh 
(base) pa-hilario@cc21cluster03:~/skipper$ nano 03_TestSkipper.sh 
(base) pa-hilario@cc21cluster03:~/skipper$ nano 05_RunSkipper.sh 
(base) pa-hilario@cc21cluster03:~/skipper$ ./05_RunSkipper.sh 
Building DAG of jobs...
Relative file path './annotations/genome_ref/chrNameLength.txt' starts with './'. This is redundant and strongly discouraged. It can also lead to inconsistent results of the file-matching approach used by Snakemake. You can simply omit the './' for relative file paths.
Relative file path './annotations/genome_ref/chrNameLength.txt' starts with './'. This is redundant and strongly discouraged. It can also lead to inconsistent results of the file-matching approach used by Snakemake. You can simply omit the './' for relative file paths.
Relative file path './annotations/genome_ref/chrNameLength.txt' starts with './'. This is redundant and strongly discouraged. It can also lead to inconsistent results of the file-matching approach used by Snakemake. You can simply omit the './' for relative file paths.
Relative file path './annotations/genome_ref/chrNameLength.txt' starts with './'. This is redundant and strongly discouraged. It can also lead to inconsistent results of the file-matching approach used by Snakemake. You can simply omit the './' for relative file paths.
Relative file path './annotations/genome_ref/chrNameLength.txt' starts with './'. This is redundant and strongly discouraged. It can also lead to inconsistent results of the file-matching approach used by Snakemake. You can simply omit the './' for relative file paths.
Relative file path './annotations/genome_ref/chrNameLength.txt' starts with './'. This is redundant and strongly discouraged. It can also lead to inconsistent results of the file-matching approach used by Snakemake. You can simply omit the './' for relative file paths.
Relative file path './annotations/genome_ref/chrNameLength.txt' starts with './'. This is redundant and strongly discouraged. It can also lead to inconsistent results of the file-matching approach used by Snakemake. You can simply omit the './' for relative file paths.
Relative file path './annotations/genome_ref/chrNameLength.txt' starts with './'. This is redundant and strongly discouraged. It can also lead to inconsistent results of the file-matching approach used by Snakemake. You can simply omit the './' for relative file paths.
Relative file path './annotations/genome_ref/chrNameLength.txt' starts with './'. This is redundant and strongly discouraged. It can also lead to inconsistent results of the file-matching approach used by Snakemake. You can simply omit the './' for relative file paths.
Relative file path './annotations/genome_ref/chrNameLength.txt' starts with './'. This is redundant and strongly discouraged. It can also lead to inconsistent results of the file-matching approach used by Snakemake. You can simply omit the './' for relative file paths.
Relative file path './annotations/genome_ref/chrNameLength.txt' starts with './'. This is redundant and strongly discouraged. It can also lead to inconsistent results of the file-matching approach used by Snakemake. You can simply omit the './' for relative file paths.
Relative file path './annotations/genome_ref/chrNameLength.txt' starts with './'. This is redundant and strongly discouraged. It can also lead to inconsistent results of the file-matching approach used by Snakemake. You can simply omit the './' for relative file paths.
Relative file path './annotations/genome_ref/chrNameLength.txt' starts with './'. This is redundant and strongly discouraged. It can also lead to inconsistent results of the file-matching approach used by Snakemake. You can simply omit the './' for relative file paths.
Relative file path './annotations/genome_ref/chrNameLength.txt' starts with './'. This is redundant and strongly discouraged. It can also lead to inconsistent results of the file-matching approach used by Snakemake. You can simply omit the './' for relative file paths.
Relative file path './annotations/genome_ref/chrNameLength.txt' starts with './'. This is redundant and strongly discouraged. It can also lead to inconsistent results of the file-matching approach used by Snakemake. You can simply omit the './' for relative file paths.
Relative file path './annotations/genome_ref/chrNameLength.txt' starts with './'. This is redundant and strongly discouraged. It can also lead to inconsistent results of the file-matching approach used by Snakemake. You can simply omit the './' for relative file paths.
Relative file path './annotations/genome_ref/chrNameLength.txt' starts with './'. This is redundant and strongly discouraged. It can also lead to inconsistent results of the file-matching approach used by Snakemake. You can simply omit the './' for relative file paths.
Relative file path './annotations/repeatmasker.grch38.sort.unique.bed.gz' starts with './'. This is redundant and strongly discouraged. It can also lead to inconsistent results of the file-matching approach used by Snakemake. You can simply omit the './' for relative file paths.
Relative file path './annotations/repeatmasker.grch38.tsv.gz' starts with './'. This is redundant and strongly discouraged. It can also lead to inconsistent results of the file-matching approach used by Snakemake. You can simply omit the './' for relative file paths.
Relative file path './annotations/GRCh38_no_alt_analysis_set_GCA_000001405.15.fasta' starts with './'. This is redundant and strongly discouraged. It can also lead to inconsistent results of the file-matching approach used by Snakemake. You can simply omit the './' for relative file paths.
Relative file path './annotations/repeatmasker.grch38.sort.unique.bed.gz' starts with './'. This is redundant and strongly discouraged. It can also lead to inconsistent results of the file-matching approach used by Snakemake. You can simply omit the './' for relative file paths.
Relative file path './annotations/genome_ref/chrNameLength.txt' starts with './'. This is redundant and strongly discouraged. It can also lead to inconsistent results of the file-matching approach used by Snakemake. You can simply omit the './' for relative file paths.
Relative file path './annotations/repeatmasker.grch38.sort.unique.bed.gz' starts with './'. This is redundant and strongly discouraged. It can also lead to inconsistent results of the file-matching approach used by Snakemake. You can simply omit the './' for relative file paths.
Relative file path './annotations/genome_ref/chrNameLength.txt' starts with './'. This is redundant and strongly discouraged. It can also lead to inconsistent results of the file-matching approach used by Snakemake. You can simply omit the './' for relative file paths.
Relative file path './annotations/repeatmasker.grch38.sort.unique.bed.gz' starts with './'. This is redundant and strongly discouraged. It can also lead to inconsistent results of the file-matching approach used by Snakemake. You can simply omit the './' for relative file paths.
Relative file path './annotations/genome_ref/chrNameLength.txt' starts with './'. This is redundant and strongly discouraged. It can also lead to inconsistent results of the file-matching approach used by Snakemake. You can simply omit the './' for relative file paths.
Relative file path './annotations/repeatmasker.grch38.sort.unique.bed.gz' starts with './'. This is redundant and strongly discouraged. It can also lead to inconsistent results of the file-matching approach used by Snakemake. You can simply omit the './' for relative file paths.
Relative file path './annotations/genome_ref/chrNameLength.txt' starts with './'. This is redundant and strongly discouraged. It can also lead to inconsistent results of the file-matching approach used by Snakemake. You can simply omit the './' for relative file paths.
Relative file path './annotations/repeatmasker.grch38.sort.unique.bed.gz' starts with './'. This is redundant and strongly discouraged. It can also lead to inconsistent results of the file-matching approach used by Snakemake. You can simply omit the './' for relative file paths.
Relative file path './annotations/genome_ref/chrNameLength.txt' starts with './'. This is redundant and strongly discouraged. It can also lead to inconsistent results of the file-matching approach used by Snakemake. You can simply omit the './' for relative file paths.
Relative file path './annotations/repeatmasker.grch38.sort.unique.bed.gz' starts with './'. This is redundant and strongly discouraged. It can also lead to inconsistent results of the file-matching approach used by Snakemake. You can simply omit the './' for relative file paths.
Relative file path './annotations/genome_ref/chrNameLength.txt' starts with './'. This is redundant and strongly discouraged. It can also lead to inconsistent results of the file-matching approach used by Snakemake. You can simply omit the './' for relative file paths.
Relative file path './annotations/repeatmasker.grch38.sort.unique.bed.gz' starts with './'. This is redundant and strongly discouraged. It can also lead to inconsistent results of the file-matching approach used by Snakemake. You can simply omit the './' for relative file paths.
Relative file path './annotations/genome_ref/chrNameLength.txt' starts with './'. This is redundant and strongly discouraged. It can also lead to inconsistent results of the file-matching approach used by Snakemake. You can simply omit the './' for relative file paths.
Relative file path './annotations/repeatmasker.grch38.sort.unique.bed.gz' starts with './'. This is redundant and strongly discouraged. It can also lead to inconsistent results of the file-matching approach used by Snakemake. You can simply omit the './' for relative file paths.
Relative file path './annotations/gencode.v38.annotation.k562_totalrna.gt1.tiled_partition.features.tsv.gz' starts with './'. This is redundant and strongly discouraged. It can also lead to inconsistent results of the file-matching approach used by Snakemake. You can simply omit the './' for relative file paths.
Relative file path './annotations/accession_type_ranking.txt' starts with './'. This is redundant and strongly discouraged. It can also lead to inconsistent results of the file-matching approach used by Snakemake. You can simply omit the './' for relative file paths.
Relative file path './annotations/gencode.v38.annotation.k562_totalrna.gt1.gff3.gz' starts with './'. This is redundant and strongly discouraged. It can also lead to inconsistent results of the file-matching approach used by Snakemake. You can simply omit the './' for relative file paths.
Relative file path './annotations/accession_type_ranking.txt' starts with './'. This is redundant and strongly discouraged. It can also lead to inconsistent results of the file-matching approach used by Snakemake. You can simply omit the './' for relative file paths.
Relative file path './annotations/gencode.v38.annotation.k562_totalrna.gt1.tiled_partition.bed.gz' starts with './'. This is redundant and strongly discouraged. It can also lead to inconsistent results of the file-matching approach used by Snakemake. You can simply omit the './' for relative file paths.
Relative file path './annotations/gencode.v38.annotation.k562_totalrna.gt1.tiled_partition.features.tsv.gz' starts with './'. This is redundant and strongly discouraged. It can also lead to inconsistent results of the file-matching approach used by Snakemake. You can simply omit the './' for relative file paths.
Relative file path './annotations/genome_ref/chrNameLength.txt' starts with './'. This is redundant and strongly discouraged. It can also lead to inconsistent results of the file-matching approach used by Snakemake. You can simply omit the './' for relative file paths.
Relative file path './annotations/gencode.v38.annotation.k562_totalrna.gt1.tiled_partition.bed.gz' starts with './'. This is redundant and strongly discouraged. It can also lead to inconsistent results of the file-matching approach used by Snakemake. You can simply omit the './' for relative file paths.
Relative file path './annotations/gencode.v38.annotation.k562_totalrna.gt1.tiled_partition.nuc.gz' starts with './'. This is redundant and strongly discouraged. It can also lead to inconsistent results of the file-matching approach used by Snakemake. You can simply omit the './' for relative file paths.
Relative file path './annotations/gencode.v38.annotation.k562_totalrna.gt1.tiled_partition.bed.gz' starts with './'. This is redundant and strongly discouraged. It can also lead to inconsistent results of the file-matching approach used by Snakemake. You can simply omit the './' for relative file paths.
Relative file path './annotations/GRCh38_no_alt_analysis_set_GCA_000001405.15.fasta' starts with './'. This is redundant and strongly discouraged. It can also lead to inconsistent results of the file-matching approach used by Snakemake. You can simply omit the './' for relative file paths.
Relative file path './annotations/gencode.v38.annotation.k562_totalrna.gt1.tiled_partition.nuc.gz' starts with './'. This is redundant and strongly discouraged. It can also lead to inconsistent results of the file-matching approach used by Snakemake. You can simply omit the './' for relative file paths.
Relative file path './annotations/genome_ref/chrNameLength.txt' starts with './'. This is redundant and strongly discouraged. It can also lead to inconsistent results of the file-matching approach used by Snakemake. You can simply omit the './' for relative file paths.
Relative file path './annotations/gencode.v38.annotation.k562_totalrna.gt1.tiled_partition.bed.gz' starts with './'. This is redundant and strongly discouraged. It can also lead to inconsistent results of the file-matching approach used by Snakemake. You can simply omit the './' for relative file paths.
Relative file path './annotations/genome_ref/chrNameLength.txt' starts with './'. This is redundant and strongly discouraged. It can also lead to inconsistent results of the file-matching approach used by Snakemake. You can simply omit the './' for relative file paths.
Relative file path './annotations/gencode.v38.annotation.k562_totalrna.gt1.tiled_partition.bed.gz' starts with './'. This is redundant and strongly discouraged. It can also lead to inconsistent results of the file-matching approach used by Snakemake. You can simply omit the './' for relative file paths.
Relative file path './annotations/genome_ref/chrNameLength.txt' starts with './'. This is redundant and strongly discouraged. It can also lead to inconsistent results of the file-matching approach used by Snakemake. You can simply omit the './' for relative file paths.
Relative file path './annotations/gencode.v38.annotation.k562_totalrna.gt1.tiled_partition.bed.gz' starts with './'. This is redundant and strongly discouraged. It can also lead to inconsistent results of the file-matching approach used by Snakemake. You can simply omit the './' for relative file paths.
Relative file path './annotations/gencode.v38.annotation.k562_totalrna.gt1.tiled_partition.features.tsv.gz' starts with './'. This is redundant and strongly discouraged. It can also lead to inconsistent results of the file-matching approach used by Snakemake. You can simply omit the './' for relative file paths.
Relative file path './annotations/accession_type_ranking.txt' starts with './'. This is redundant and strongly discouraged. It can also lead to inconsistent results of the file-matching approach used by Snakemake. You can simply omit the './' for relative file paths.
Relative file path './annotations/gencode.v38.annotation.k562_totalrna.gt1.tiled_partition.features.tsv.gz' starts with './'. This is redundant and strongly discouraged. It can also lead to inconsistent results of the file-matching approach used by Snakemake. You can simply omit the './' for relative file paths.
Relative file path './annotations/accession_type_ranking.txt' starts with './'. This is redundant and strongly discouraged. It can also lead to inconsistent results of the file-matching approach used by Snakemake. You can simply omit the './' for relative file paths.
Relative file path './annotations/genome_ref/chrNameLength.txt' starts with './'. This is redundant and strongly discouraged. It can also lead to inconsistent results of the file-matching approach used by Snakemake. You can simply omit the './' for relative file paths.
Relative file path './annotations/gencode.v38.annotation.k562_totalrna.gt1.tiled_partition.bed.gz' starts with './'. This is redundant and strongly discouraged. It can also lead to inconsistent results of the file-matching approach used by Snakemake. You can simply omit the './' for relative file paths.
Relative file path './annotations/gencode.v38.annotation.k562_totalrna.gt1.tiled_partition.nuc.gz' starts with './'. This is redundant and strongly discouraged. It can also lead to inconsistent results of the file-matching approach used by Snakemake. You can simply omit the './' for relative file paths.
Relative file path './annotations/genome_ref/chrNameLength.txt' starts with './'. This is redundant and strongly discouraged. It can also lead to inconsistent results of the file-matching approach used by Snakemake. You can simply omit the './' for relative file paths.
Relative file path './annotations/gencode.v38.annotation.k562_totalrna.gt1.tiled_partition.bed.gz' starts with './'. This is redundant and strongly discouraged. It can also lead to inconsistent results of the file-matching approach used by Snakemake. You can simply omit the './' for relative file paths.
Relative file path './annotations/genome_ref/chrNameLength.txt' starts with './'. This is redundant and strongly discouraged. It can also lead to inconsistent results of the file-matching approach used by Snakemake. You can simply omit the './' for relative file paths.
Relative file path './annotations/gencode.v38.annotation.k562_totalrna.gt1.tiled_partition.bed.gz' starts with './'. This is redundant and strongly discouraged. It can also lead to inconsistent results of the file-matching approach used by Snakemake. You can simply omit the './' for relative file paths.
Relative file path './annotations/genome_ref/chrNameLength.txt' starts with './'. This is redundant and strongly discouraged. It can also lead to inconsistent results of the file-matching approach used by Snakemake. You can simply omit the './' for relative file paths.
Relative file path './annotations/gencode.v38.annotation.k562_totalrna.gt1.tiled_partition.bed.gz' starts with './'. This is redundant and strongly discouraged. It can also lead to inconsistent results of the file-matching approach used by Snakemake. You can simply omit the './' for relative file paths.
Relative file path './annotations/gencode.v38.annotation.k562_totalrna.gt1.tiled_partition.features.tsv.gz' starts with './'. This is redundant and strongly discouraged. It can also lead to inconsistent results of the file-matching approach used by Snakemake. You can simply omit the './' for relative file paths.
Relative file path './annotations/accession_type_ranking.txt' starts with './'. This is redundant and strongly discouraged. It can also lead to inconsistent results of the file-matching approach used by Snakemake. You can simply omit the './' for relative file paths.
Relative file path './annotations/repeatmasker.grch38.sort.unique.bed.gz' starts with './'. This is redundant and strongly discouraged. It can also lead to inconsistent results of the file-matching approach used by Snakemake. You can simply omit the './' for relative file paths.
Relative file path './annotations/repeatmasker.grch38.sort.unique.bed.gz' starts with './'. This is redundant and strongly discouraged. It can also lead to inconsistent results of the file-matching approach used by Snakemake. You can simply omit the './' for relative file paths.
Relative file path './annotations/repeatmasker.grch38.sort.unique.bed.gz' starts with './'. This is redundant and strongly discouraged. It can also lead to inconsistent results of the file-matching approach used by Snakemake. You can simply omit the './' for relative file paths.
Relative file path './annotations/repeatmasker.grch38.sort.unique.bed.gz' starts with './'. This is redundant and strongly discouraged. It can also lead to inconsistent results of the file-matching approach used by Snakemake. You can simply omit the './' for relative file paths.
Relative file path './annotations/repeatmasker.grch38.sort.unique.bed.gz' starts with './'. This is redundant and strongly discouraged. It can also lead to inconsistent results of the file-matching approach used by Snakemake. You can simply omit the './' for relative file paths.
Relative file path './annotations/repeatmasker.grch38.sort.unique.bed.gz' starts with './'. This is redundant and strongly discouraged. It can also lead to inconsistent results of the file-matching approach used by Snakemake. You can simply omit the './' for relative file paths.
Relative file path './annotations/GRCh38_no_alt_analysis_set_GCA_000001405.15.fasta' starts with './'. This is redundant and strongly discouraged. It can also lead to inconsistent results of the file-matching approach used by Snakemake. You can simply omit the './' for relative file paths.
Relative file path './annotations/gencode.v38.annotation.k562_totalrna.gt1.tiled_partition.features.tsv.gz' starts with './'. This is redundant and strongly discouraged. It can also lead to inconsistent results of the file-matching approach used by Snakemake. You can simply omit the './' for relative file paths.
Relative file path './annotations/GRCh38_no_alt_analysis_set_GCA_000001405.15.fasta' starts with './'. This is redundant and strongly discouraged. It can also lead to inconsistent results of the file-matching approach used by Snakemake. You can simply omit the './' for relative file paths.
Relative file path './annotations/gencode.v38.annotation.k562_totalrna.gt1.tiled_partition.features.tsv.gz' starts with './'. This is redundant and strongly discouraged. It can also lead to inconsistent results of the file-matching approach used by Snakemake. You can simply omit the './' for relative file paths.
Relative file path './annotations/c5.go.v7.5.1.symbols.gmt' starts with './'. This is redundant and strongly discouraged. It can also lead to inconsistent results of the file-matching approach used by Snakemake. You can simply omit the './' for relative file paths.
Relative file path './annotations/encode3_go_terms.reference.tsv.gz' starts with './'. This is redundant and strongly discouraged. It can also lead to inconsistent results of the file-matching approach used by Snakemake. You can simply omit the './' for relative file paths.
Relative file path './annotations/encode3_go_terms.jaccard_index.rds' starts with './'. This is redundant and strongly discouraged. It can also lead to inconsistent results of the file-matching approach used by Snakemake. You can simply omit the './' for relative file paths.
Relative file path './annotations/c5.go.v7.5.1.symbols.gmt' starts with './'. This is redundant and strongly discouraged. It can also lead to inconsistent results of the file-matching approach used by Snakemake. You can simply omit the './' for relative file paths.
Relative file path './annotations/encode3_go_terms.reference.tsv.gz' starts with './'. This is redundant and strongly discouraged. It can also lead to inconsistent results of the file-matching approach used by Snakemake. You can simply omit the './' for relative file paths.
Relative file path './annotations/encode3_go_terms.jaccard_index.rds' starts with './'. This is redundant and strongly discouraged. It can also lead to inconsistent results of the file-matching approach used by Snakemake. You can simply omit the './' for relative file paths.
Relative file path './tools/encode3_feature_summary.reference.tsv' starts with './'. This is redundant and strongly discouraged. It can also lead to inconsistent results of the file-matching approach used by Snakemake. You can simply omit the './' for relative file paths.
Relative file path './tools/encode3_eclip_enrichment.reference.tsv' starts with './'. This is redundant and strongly discouraged. It can also lead to inconsistent results of the file-matching approach used by Snakemake. You can simply omit the './' for relative file paths.
Relative file path './tools/encode3_class_assignment.reference.tsv' starts with './'. This is redundant and strongly discouraged. It can also lead to inconsistent results of the file-matching approach used by Snakemake. You can simply omit the './' for relative file paths.
Using shell: /usr/bin/bash
Provided cores: 30
Rules claiming more threads will be scaled down.
Singularity containers: ignored
Job stats:
job                                    count
-----------------------------------  -------
align_reads                                8
all                                        1
call_enriched_re                           4
call_enriched_windows                      4
check_window_concordance                   2
consult_encode_reference                   1
consult_term_reference                     2
dedup_umi                                  8
extract_umi                                8
find_reproducible_enriched_re              2
find_reproducible_enriched_windows         2
finemap_windows                            2
fit_input_betabinomial_model               4
fit_input_betabinomial_re_model            4
get_nt_coverage                            2
index_bams                                16
make_genome_count_table                    2
make_repeat_count_tables                   2
make_scaled_bigwig                         8
make_unscaled_bigwig                       8
partition_bam_reads                        8
quantify_repeats                           8
run_homer                                  2
run_initial_fastqc                         8
run_trimmed_fastqc                         8
sample_background_windows_by_region        2
sort_bam                                   8
trim_fastq                                 8
total                                    142

Select jobs to execute...
/work/pa-hilario/anaconda3/envs/skipper/lib/python3.11/site-packages/stopit/__init__.py:10: UserWarning: pkg_resources is deprecated as an API. See https://setuptools.pypa.io/en/latest/pkg_resources.html. The pkg_resources package is slated for removal as early as 2025-11-30. Refrain from using this package or pin to Setuptools<81.
  import pkg_resources

[Fri Oct 24 13:27:51 2025]
rule run_initial_fastqc:
    input: input/mimic_N288_L1_1.fq.gz
    output: output/fastqc/initial/SNRNP70_CTL_IN_2_fastqc.html, output/fastqc/initial/SNRNP70_CTL_IN_2_fastqc.zip, output/fastqc/initial/SNRNP70_CTL_IN_2_fastqc
    jobid: 2
    benchmark: benchmarks/fastqc/unassigned_experiment.SNRNP70_CTL_IN_2.initial_fastqc.txt
    reason: Missing output files: output/fastqc/initial/SNRNP70_CTL_IN_2_fastqc.html
    wildcards: replicate_label=SNRNP70_CTL_IN_2
    resources: tmpdir=/tmp

zcat input/mimic_N288_L1_1.fq.gz | fastqc stdin:SNRNP70_CTL_IN_2 --extract --outdir output/fastqc/initial -t 1

[Fri Oct 24 13:27:51 2025]
rule trim_fastq:
    input: input/mimic_N291_L1_1.fq.gz, input/InvRiL19.fasta
    output: output/fastqs/trimmed/SNRNP70_OSM_IP_2-trimmed.fastq.gz, output/fastqs/trimmed/SNRNP70_OSM_IP_2-trimmed.log
    jobid: 32
    benchmark: benchmarks/trim/unassigned_experiment.SNRNP70_OSM_IP_2.trim.txt
    reason: Missing output files: output/fastqs/trimmed/SNRNP70_OSM_IP_2-trimmed.fastq.gz; Updated input files: input/mimic_N291_L1_1.fq.gz, input/InvRiL19.fasta
    wildcards: replicate_label=SNRNP70_OSM_IP_2
    threads: 8
    resources: tmpdir=/tmp

zcat input/mimic_N291_L1_1.fq.gz | skewer -t 8 -x input/InvRiL19.fasta -o output/fastqs/trimmed/SNRNP70_OSM_IP_2 -z -r 0.2 -d 0.2 -q 13 -l 20 -

[Fri Oct 24 13:27:51 2025]
rule run_initial_fastqc:
    input: input/N291_L1_1.fq.gz
    output: output/fastqc/initial/SNRNP70_OSM_IP_1_fastqc.html, output/fastqc/initial/SNRNP70_OSM_IP_1_fastqc.zip, output/fastqc/initial/SNRNP70_OSM_IP_1_fastqc
    jobid: 7
    benchmark: benchmarks/fastqc/unassigned_experiment.SNRNP70_OSM_IP_1.initial_fastqc.txt
    reason: Missing output files: output/fastqc/initial/SNRNP70_OSM_IP_1_fastqc.html
    wildcards: replicate_label=SNRNP70_OSM_IP_1
    resources: tmpdir=/tmp

zcat input/N291_L1_1.fq.gz | fastqc stdin:SNRNP70_OSM_IP_1 --extract --outdir output/fastqc/initial -t 1

[Fri Oct 24 13:27:52 2025]
rule trim_fastq:
    input: input/N289_L1_1.fq.gz, input/InvRiL19.fasta
    output: output/fastqs/trimmed/SNRNP70_CTL_IP_1-trimmed.fastq.gz, output/fastqs/trimmed/SNRNP70_CTL_IP_1-trimmed.log
    jobid: 23
    benchmark: benchmarks/trim/unassigned_experiment.SNRNP70_CTL_IP_1.trim.txt
    reason: Missing output files: output/fastqs/trimmed/SNRNP70_CTL_IP_1-trimmed.fastq.gz; Updated input files: input/N289_L1_1.fq.gz, input/InvRiL19.fasta
    wildcards: replicate_label=SNRNP70_CTL_IP_1
    threads: 8
    resources: tmpdir=/tmp

zcat input/N289_L1_1.fq.gz | skewer -t 8 -x input/InvRiL19.fasta -o output/fastqs/trimmed/SNRNP70_CTL_IP_1 -z -r 0.2 -d 0.2 -q 13 -l 20 -
.--. .-.
: .--': :.-.
`. `. : `'.' .--. .-..-..-. .--. .--.
_`, :: . `.' '_.': `; `; :' '_.': ..'
`.__.':_;:_;`.__.'`.__.__.'`.__.':_;
skewer v0.2.2 [April 4, 2016]
Parameters used:
-- 3' end adapter sequences in file (-x):	input/InvRiL19.fasta
A:	AGATCGGAAGAGCACACGTC
-- maximum error ratio allowed (-r):	0.200
-- maximum indel error ratio allowed (-d):	0.200
-- end quality threshold (-q):		13
-- minimum read length allowed after trimming (-l):	20
-- file format (-f):		Unknown format (auto detected)
-- minimum overlap length for adapter detection (-k):	2
-- number of concurrent threads (-t):	8
Fri Oct 24 13:27:52 2025 >> started

[Fri Oct 24 13:27:52 2025]
rule run_initial_fastqc:
    input: input/mimic_N290_L1_1.fq.gz
    output: output/fastqc/initial/SNRNP70_OSM_IN_2_fastqc.html, output/fastqc/initial/SNRNP70_OSM_IN_2_fastqc.zip, output/fastqc/initial/SNRNP70_OSM_IN_2_fastqc
    jobid: 4
    benchmark: benchmarks/fastqc/unassigned_experiment.SNRNP70_OSM_IN_2.initial_fastqc.txt
    reason: Missing output files: output/fastqc/initial/SNRNP70_OSM_IN_2_fastqc.html
    wildcards: replicate_label=SNRNP70_OSM_IN_2
    resources: tmpdir=/tmp

zcat input/mimic_N290_L1_1.fq.gz | fastqc stdin:SNRNP70_OSM_IN_2 --extract --outdir output/fastqc/initial -t 1
.--. .-.
: .--': :.-.
`. `. : `'.' .--. .-..-..-. .--. .--.
_`, :: . `.' '_.': `; `; :' '_.': ..'
`.__.':_;:_;`.__.'`.__.__.'`.__.':_;
skewer v0.2.2 [April 4, 2016]
Parameters used:
-- 3' end adapter sequences in file (-x):	input/InvRiL19.fasta
A:	AGATCGGAAGAGCACACGTC
-- maximum error ratio allowed (-r):	0.200
-- maximum indel error ratio allowed (-d):	0.200
-- end quality threshold (-q):		13
-- minimum read length allowed after trimming (-l):	20
-- file format (-f):		Unknown format (auto detected)
-- minimum overlap length for adapter detection (-k):	2
-- number of concurrent threads (-t):	8
Fri Oct 24 13:27:52 2025 >> started

[Fri Oct 24 13:27:52 2025]
rule run_initial_fastqc:
    input: input/mimic_N291_L1_1.fq.gz
    output: output/fastqc/initial/SNRNP70_OSM_IP_2_fastqc.html, output/fastqc/initial/SNRNP70_OSM_IP_2_fastqc.zip, output/fastqc/initial/SNRNP70_OSM_IP_2_fastqc
    jobid: 8
    benchmark: benchmarks/fastqc/unassigned_experiment.SNRNP70_OSM_IP_2.initial_fastqc.txt
    reason: Missing output files: output/fastqc/initial/SNRNP70_OSM_IP_2_fastqc.html
    wildcards: replicate_label=SNRNP70_OSM_IP_2
    resources: tmpdir=/tmp

zcat input/mimic_N291_L1_1.fq.gz | fastqc stdin:SNRNP70_OSM_IP_2 --extract --outdir output/fastqc/initial -t 1

[Fri Oct 24 13:27:52 2025]
rule run_initial_fastqc:
    input: input/N289_L1_1.fq.gz
    output: output/fastqc/initial/SNRNP70_CTL_IP_1_fastqc.html, output/fastqc/initial/SNRNP70_CTL_IP_1_fastqc.zip, output/fastqc/initial/SNRNP70_CTL_IP_1_fastqc
    jobid: 5
    benchmark: benchmarks/fastqc/unassigned_experiment.SNRNP70_CTL_IP_1.initial_fastqc.txt
    reason: Missing output files: output/fastqc/initial/SNRNP70_CTL_IP_1_fastqc.html
    wildcards: replicate_label=SNRNP70_CTL_IP_1
    resources: tmpdir=/tmp

zcat input/N289_L1_1.fq.gz | fastqc stdin:SNRNP70_CTL_IP_1 --extract --outdir output/fastqc/initial -t 1

[Fri Oct 24 13:27:52 2025]
rule trim_fastq:
    input: input/mimic_N290_L1_1.fq.gz, input/InvRiL19.fasta
    output: output/fastqs/trimmed/SNRNP70_OSM_IN_2-trimmed.fastq.gz, output/fastqs/trimmed/SNRNP70_OSM_IN_2-trimmed.log
    jobid: 20
    benchmark: benchmarks/trim/unassigned_experiment.SNRNP70_OSM_IN_2.trim.txt
    reason: Missing output files: output/fastqs/trimmed/SNRNP70_OSM_IN_2-trimmed.fastq.gz; Updated input files: input/mimic_N290_L1_1.fq.gz, input/InvRiL19.fasta
    wildcards: replicate_label=SNRNP70_OSM_IN_2
    threads: 8
    resources: tmpdir=/tmp

zcat input/mimic_N290_L1_1.fq.gz | skewer -t 8 -x input/InvRiL19.fasta -o output/fastqs/trimmed/SNRNP70_OSM_IN_2 -z -r 0.2 -d 0.2 -q 13 -l 20 -

[Fri Oct 24 13:27:52 2025]
rule run_initial_fastqc:
    input: input/N288_L1_1.fq.gz
    output: output/fastqc/initial/SNRNP70_CTL_IN_1_fastqc.html, output/fastqc/initial/SNRNP70_CTL_IN_1_fastqc.zip, output/fastqc/initial/SNRNP70_CTL_IN_1_fastqc
    jobid: 1
    benchmark: benchmarks/fastqc/unassigned_experiment.SNRNP70_CTL_IN_1.initial_fastqc.txt
    reason: Missing output files: output/fastqc/initial/SNRNP70_CTL_IN_1_fastqc.html
    wildcards: replicate_label=SNRNP70_CTL_IN_1
    resources: tmpdir=/tmp

zcat input/N288_L1_1.fq.gz | fastqc stdin:SNRNP70_CTL_IN_1 --extract --outdir output/fastqc/initial -t 1
.--. .-.
: .--': :.-.
`. `. : `'.' .--. .-..-..-. .--. .--.
_`, :: . `.' '_.': `; `; :' '_.': ..'
`.__.':_;:_;`.__.'`.__.__.'`.__.':_;
skewer v0.2.2 [April 4, 2016]
Parameters used:
-- 3' end adapter sequences in file (-x):	input/InvRiL19.fasta
A:	AGATCGGAAGAGCACACGTC
-- maximum error ratio allowed (-r):	0.200
-- maximum indel error ratio allowed (-d):	0.200
-- end quality threshold (-q):		13
-- minimum read length allowed after trimming (-l):	20
-- file format (-f):		Unknown format (auto detected)
-- minimum overlap length for adapter detection (-k):	2
-- number of concurrent threads (-t):	8
Fri Oct 24 13:27:52 2025 >> started
null
null
null
null
null
null
Started analysis of stdin:SNRNP70_CTL_IN_2
Started analysis of stdin:SNRNP70_OSM_IN_2
Started analysis of stdin:SNRNP70_CTL_IP_1
Started analysis of stdin:SNRNP70_OSM_IP_1
Started analysis of stdin:SNRNP70_OSM_IP_2
Started analysis of stdin:SNRNP70_CTL_IN_1
Analysis complete for stdin:SNRNP70_OSM_IN_2
[Fri Oct 24 13:28:51 2025]
Finished job 4.
1 of 142 steps (1%) done
Select jobs to execute...

[Fri Oct 24 13:28:51 2025]
rule run_initial_fastqc:
    input: input/N290_L1_1.fq.gz
    output: output/fastqc/initial/SNRNP70_OSM_IN_1_fastqc.html, output/fastqc/initial/SNRNP70_OSM_IN_1_fastqc.zip, output/fastqc/initial/SNRNP70_OSM_IN_1_fastqc
    jobid: 3
    benchmark: benchmarks/fastqc/unassigned_experiment.SNRNP70_OSM_IN_1.initial_fastqc.txt
    reason: Missing output files: output/fastqc/initial/SNRNP70_OSM_IN_1_fastqc.html
    wildcards: replicate_label=SNRNP70_OSM_IN_1
    resources: tmpdir=/tmp

zcat input/N290_L1_1.fq.gz | fastqc stdin:SNRNP70_OSM_IN_1 --extract --outdir output/fastqc/initial -t 1
null
Started analysis of stdin:SNRNP70_OSM_IN_1
Analysis complete for stdin:SNRNP70_OSM_IN_1
[Fri Oct 24 13:30:09 2025]
Finished job 3.
2 of 142 steps (1%) done
Select jobs to execute...

[Fri Oct 24 13:30:09 2025]
rule run_initial_fastqc:
    input: input/mimic_N289_L1_1.fq.gz
    output: output/fastqc/initial/SNRNP70_CTL_IP_2_fastqc.html, output/fastqc/initial/SNRNP70_CTL_IP_2_fastqc.zip, output/fastqc/initial/SNRNP70_CTL_IP_2_fastqc
    jobid: 6
    benchmark: benchmarks/fastqc/unassigned_experiment.SNRNP70_CTL_IP_2.initial_fastqc.txt
    reason: Missing output files: output/fastqc/initial/SNRNP70_CTL_IP_2_fastqc.html
    wildcards: replicate_label=SNRNP70_CTL_IP_2
    resources: tmpdir=/tmp

zcat input/mimic_N289_L1_1.fq.gz | fastqc stdin:SNRNP70_CTL_IP_2 --extract --outdir output/fastqc/initial -t 1
null
Started analysis of stdin:SNRNP70_CTL_IP_2
Analysis complete for stdin:SNRNP70_CTL_IP_1
[Fri Oct 24 13:30:13 2025]
Finished job 5.
3 of 142 steps (2%) done
Select jobs to execute...
Analysis complete for stdin:SNRNP70_CTL_IP_2
[Fri Oct 24 13:31:32 2025]
Finished job 6.
4 of 142 steps (3%) done

Fri Oct 24 13:31:51 2025 >> done (238.937s)
9298374 reads processed; of these:
 185040 ( 1.99%) short reads filtered out after trimming by size control
    450 ( 0.00%) empty reads filtered out after trimming by size control
9112884 (98.01%) reads available; of these:
4639951 (50.92%) trimmed reads available after processing
4472933 (49.08%) untrimmed reads available after processing
log has been saved to "output/fastqs/trimmed/SNRNP70_OSM_IN_2-trimmed.log".
[Fri Oct 24 13:31:51 2025]
Finished job 20.
5 of 142 steps (4%) done

[Fri Oct 24 13:31:51 2025]
rule extract_umi:
    input: output/fastqs/trimmed/SNRNP70_OSM_IN_2-trimmed.fastq.gz
    output: output/fastqs/umi/SNRNP70_OSM_IN_2.trimmed.umi.fq.gz, output/fastp/SNRNP70_OSM_IN_2.fastp.json, output/fastp/SNRNP70_OSM_IN_2.fastp.html
    jobid: 19
    benchmark: benchmarks/umi/unassigned_experiment.SNRNP70_OSM_IN_2.extract_umi.txt
    reason: Missing output files: output/fastqs/umi/SNRNP70_OSM_IN_2.trimmed.umi.fq.gz; Input files updated by another job: output/fastqs/trimmed/SNRNP70_OSM_IN_2-trimmed.fastq.gz
    wildcards: replicate_label=SNRNP70_OSM_IN_2
    threads: 8
    resources: tmpdir=/tmp

fastp -i output/fastqs/trimmed/SNRNP70_OSM_IN_2-trimmed.fastq.gz -o output/fastqs/umi/SNRNP70_OSM_IN_2.trimmed.umi.fq.gz -A -U --umi_len=10 --umi_loc=read1 -j output/fastp/SNRNP70_OSM_IN_2.fastp.json -h output/fastp/SNRNP70_OSM_IN_2.fastp.html -w 8
Read1 before filtering:
total reads: 9112884
total bases: 775661941
Q20 bases: 762573752(98.3126%)
Q30 bases: 729440173(94.041%)

Read1 after filtering:
total reads: 8937458
total bases: 682349504
Q20 bases: 670443179(98.2551%)
Q30 bases: 640684262(93.8939%)

Filtering result:
reads passed filter: 8937458
reads failed due to low quality: 90
reads failed due to too many N: 6
reads failed due to too short: 175330

Duplication rate (may be overestimated since this is SE data): 68.4201%

JSON report: output/fastp/SNRNP70_OSM_IN_2.fastp.json
HTML report: output/fastp/SNRNP70_OSM_IN_2.fastp.html

fastp -i output/fastqs/trimmed/SNRNP70_OSM_IN_2-trimmed.fastq.gz -o output/fastqs/umi/SNRNP70_OSM_IN_2.trimmed.umi.fq.gz -A -U --umi_len=10 --umi_loc=read1 -j output/fastp/SNRNP70_OSM_IN_2.fastp.json -h output/fastp/SNRNP70_OSM_IN_2.fastp.html -w 8 
fastp v0.23.4, time used: 30 seconds
[Fri Oct 24 13:32:21 2025]
Finished job 19.
6 of 142 steps (4%) done
Removing temporary output output/fastqs/trimmed/SNRNP70_OSM_IN_2-trimmed.fastq.gz.
Select jobs to execute...

[Fri Oct 24 13:32:21 2025]
rule trim_fastq:
    input: input/mimic_N288_L1_1.fq.gz, input/InvRiL19.fasta
    output: output/fastqs/trimmed/SNRNP70_CTL_IN_2-trimmed.fastq.gz, output/fastqs/trimmed/SNRNP70_CTL_IN_2-trimmed.log
    jobid: 14
    benchmark: benchmarks/trim/unassigned_experiment.SNRNP70_CTL_IN_2.trim.txt
    reason: Missing output files: output/fastqs/trimmed/SNRNP70_CTL_IN_2-trimmed.fastq.gz; Updated input files: input/mimic_N288_L1_1.fq.gz, input/InvRiL19.fasta
    wildcards: replicate_label=SNRNP70_CTL_IN_2
    threads: 8
    resources: tmpdir=/tmp

zcat input/mimic_N288_L1_1.fq.gz | skewer -t 8 -x input/InvRiL19.fasta -o output/fastqs/trimmed/SNRNP70_CTL_IN_2 -z -r 0.2 -d 0.2 -q 13 -l 20 -

[Fri Oct 24 13:32:21 2025]
rule run_trimmed_fastqc:
    input: output/fastqs/umi/SNRNP70_OSM_IN_2.trimmed.umi.fq.gz
    output: output/fastqc/processed/SNRNP70_OSM_IN_2.trimmed.umi_fastqc.html, output/fastqc/processed/SNRNP70_OSM_IN_2.trimmed.umi_fastqc.zip
    jobid: 18
    benchmark: benchmarks/fastqc/unassigned_experiment.SNRNP70_OSM_IN_2.trimmed_fastqc.txt
    reason: Missing output files: output/fastqc/processed/SNRNP70_OSM_IN_2.trimmed.umi_fastqc.html; Input files updated by another job: output/fastqs/umi/SNRNP70_OSM_IN_2.trimmed.umi.fq.gz
    wildcards: replicate_label=SNRNP70_OSM_IN_2
    resources: tmpdir=/tmp

fastqc output/fastqs/umi/SNRNP70_OSM_IN_2.trimmed.umi.fq.gz --extract --outdir output/fastqc/processed -t 1
.--. .-.
: .--': :.-.
`. `. : `'.' .--. .-..-..-. .--. .--.
_`, :: . `.' '_.': `; `; :' '_.': ..'
`.__.':_;:_;`.__.'`.__.__.'`.__.':_;
skewer v0.2.2 [April 4, 2016]
Parameters used:
-- 3' end adapter sequences in file (-x):	input/InvRiL19.fasta
A:	AGATCGGAAGAGCACACGTC
-- maximum error ratio allowed (-r):	0.200
-- maximum indel error ratio allowed (-d):	0.200
-- end quality threshold (-q):		13
-- minimum read length allowed after trimming (-l):	20
-- file format (-f):		Unknown format (auto detected)
-- minimum overlap length for adapter detection (-k):	2
-- number of concurrent threads (-t):	8
Fri Oct 24 13:32:21 2025 >> started
application/gzip
Started analysis of SNRNP70_OSM_IN_2.trimmed.umi.fq.gz
Approx 5% complete for SNRNP70_OSM_IN_2.trimmed.umi.fq.gz
Approx 10% complete for SNRNP70_OSM_IN_2.trimmed.umi.fq.gz
Approx 15% complete for SNRNP70_OSM_IN_2.trimmed.umi.fq.gz
Approx 20% complete for SNRNP70_OSM_IN_2.trimmed.umi.fq.gz
Approx 25% complete for SNRNP70_OSM_IN_2.trimmed.umi.fq.gz
Approx 30% complete for SNRNP70_OSM_IN_2.trimmed.umi.fq.gz
Approx 35% complete for SNRNP70_OSM_IN_2.trimmed.umi.fq.gz
Approx 40% complete for SNRNP70_OSM_IN_2.trimmed.umi.fq.gz
Approx 45% complete for SNRNP70_OSM_IN_2.trimmed.umi.fq.gz
Approx 50% complete for SNRNP70_OSM_IN_2.trimmed.umi.fq.gz
Approx 55% complete for SNRNP70_OSM_IN_2.trimmed.umi.fq.gz
Approx 60% complete for SNRNP70_OSM_IN_2.trimmed.umi.fq.gz
Approx 65% complete for SNRNP70_OSM_IN_2.trimmed.umi.fq.gz
Approx 70% complete for SNRNP70_OSM_IN_2.trimmed.umi.fq.gz
Approx 75% complete for SNRNP70_OSM_IN_2.trimmed.umi.fq.gz
Approx 80% complete for SNRNP70_OSM_IN_2.trimmed.umi.fq.gz
Analysis complete for stdin:SNRNP70_CTL_IN_2
Approx 85% complete for SNRNP70_OSM_IN_2.trimmed.umi.fq.gz
[Fri Oct 24 13:33:07 2025]
Finished job 2.
7 of 142 steps (5%) done
Select jobs to execute...
Approx 90% complete for SNRNP70_OSM_IN_2.trimmed.umi.fq.gz
Approx 95% complete for SNRNP70_OSM_IN_2.trimmed.umi.fq.gz
Analysis complete for SNRNP70_OSM_IN_2.trimmed.umi.fq.gz
[Fri Oct 24 13:33:17 2025]
Finished job 18.
8 of 142 steps (6%) done
Analysis complete for stdin:SNRNP70_CTL_IN_1
[Fri Oct 24 13:36:23 2025]
Finished job 1.
9 of 142 steps (6%) done
Analysis complete for stdin:SNRNP70_OSM_IP_2
[Fri Oct 24 13:37:13 2025]
Finished job 8.
10 of 142 steps (7%) done

Fri Oct 24 13:39:17 2025 >> done (685.502s)
36532253 reads processed; of these:
  613312 ( 1.68%) short reads filtered out after trimming by size control
    1001 ( 0.00%) empty reads filtered out after trimming by size control
35917940 (98.32%) reads available; of these:
 9340613 (26.01%) trimmed reads available after processing
26577327 (73.99%) untrimmed reads available after processing
log has been saved to "output/fastqs/trimmed/SNRNP70_CTL_IP_1-trimmed.log".
[Fri Oct 24 13:39:17 2025]
Finished job 23.
11 of 142 steps (8%) done

[Fri Oct 24 13:39:17 2025]
rule extract_umi:
    input: output/fastqs/trimmed/SNRNP70_CTL_IP_1-trimmed.fastq.gz
    output: output/fastqs/umi/SNRNP70_CTL_IP_1.trimmed.umi.fq.gz, output/fastp/SNRNP70_CTL_IP_1.fastp.json, output/fastp/SNRNP70_CTL_IP_1.fastp.html
    jobid: 22
    benchmark: benchmarks/umi/unassigned_experiment.SNRNP70_CTL_IP_1.extract_umi.txt
    reason: Missing output files: output/fastqs/umi/SNRNP70_CTL_IP_1.trimmed.umi.fq.gz; Input files updated by another job: output/fastqs/trimmed/SNRNP70_CTL_IP_1-trimmed.fastq.gz
    wildcards: replicate_label=SNRNP70_CTL_IP_1
    threads: 8
    resources: tmpdir=/tmp

fastp -i output/fastqs/trimmed/SNRNP70_CTL_IP_1-trimmed.fastq.gz -o output/fastqs/umi/SNRNP70_CTL_IP_1.trimmed.umi.fq.gz -A -U --umi_len=10 --umi_loc=read1 -j output/fastp/SNRNP70_CTL_IP_1.fastp.json -h output/fastp/SNRNP70_CTL_IP_1.fastp.html -w 8
Read1 before filtering:
total reads: 35917940
total bases: 3270557662
Q20 bases: 3229755550(98.7524%)
Q30 bases: 3120172553(95.4019%)

Read1 after filtering:
total reads: 35686841
total bases: 2908479942
Q20 bases: 2871663551(98.7342%)
Q30 bases: 2773130927(95.3464%)

Filtering result:
reads passed filter: 35686841
reads failed due to low quality: 118
reads failed due to too many N: 10
reads failed due to too short: 230971

Duplication rate (may be overestimated since this is SE data): 84.0538%

JSON report: output/fastp/SNRNP70_CTL_IP_1.fastp.json
HTML report: output/fastp/SNRNP70_CTL_IP_1.fastp.html

fastp -i output/fastqs/trimmed/SNRNP70_CTL_IP_1-trimmed.fastq.gz -o output/fastqs/umi/SNRNP70_CTL_IP_1.trimmed.umi.fq.gz -A -U --umi_len=10 --umi_loc=read1 -j output/fastp/SNRNP70_CTL_IP_1.fastp.json -h output/fastp/SNRNP70_CTL_IP_1.fastp.html -w 8 
fastp v0.23.4, time used: 101 seconds
[Fri Oct 24 13:40:58 2025]
Finished job 22.
12 of 142 steps (8%) done
Removing temporary output output/fastqs/trimmed/SNRNP70_CTL_IP_1-trimmed.fastq.gz.
Select jobs to execute...

[Fri Oct 24 13:40:59 2025]
rule run_trimmed_fastqc:
    input: output/fastqs/umi/SNRNP70_CTL_IP_1.trimmed.umi.fq.gz
    output: output/fastqc/processed/SNRNP70_CTL_IP_1.trimmed.umi_fastqc.html, output/fastqc/processed/SNRNP70_CTL_IP_1.trimmed.umi_fastqc.zip
    jobid: 21
    benchmark: benchmarks/fastqc/unassigned_experiment.SNRNP70_CTL_IP_1.trimmed_fastqc.txt
    reason: Missing output files: output/fastqc/processed/SNRNP70_CTL_IP_1.trimmed.umi_fastqc.html; Input files updated by another job: output/fastqs/umi/SNRNP70_CTL_IP_1.trimmed.umi.fq.gz
    wildcards: replicate_label=SNRNP70_CTL_IP_1
    resources: tmpdir=/tmp

fastqc output/fastqs/umi/SNRNP70_CTL_IP_1.trimmed.umi.fq.gz --extract --outdir output/fastqc/processed -t 1

[Fri Oct 24 13:40:59 2025]
rule trim_fastq:
    input: input/N291_L1_1.fq.gz, input/InvRiL19.fasta
    output: output/fastqs/trimmed/SNRNP70_OSM_IP_1-trimmed.fastq.gz, output/fastqs/trimmed/SNRNP70_OSM_IP_1-trimmed.log
    jobid: 29
    benchmark: benchmarks/trim/unassigned_experiment.SNRNP70_OSM_IP_1.trim.txt
    reason: Missing output files: output/fastqs/trimmed/SNRNP70_OSM_IP_1-trimmed.fastq.gz; Updated input files: input/N291_L1_1.fq.gz, input/InvRiL19.fasta
    wildcards: replicate_label=SNRNP70_OSM_IP_1
    threads: 8
    resources: tmpdir=/tmp

zcat input/N291_L1_1.fq.gz | skewer -t 8 -x input/InvRiL19.fasta -o output/fastqs/trimmed/SNRNP70_OSM_IP_1 -z -r 0.2 -d 0.2 -q 13 -l 20 -
.--. .-.
: .--': :.-.
`. `. : `'.' .--. .-..-..-. .--. .--.
_`, :: . `.' '_.': `; `; :' '_.': ..'
`.__.':_;:_;`.__.'`.__.__.'`.__.':_;
skewer v0.2.2 [April 4, 2016]
Parameters used:
-- 3' end adapter sequences in file (-x):	input/InvRiL19.fasta
A:	AGATCGGAAGAGCACACGTC
-- maximum error ratio allowed (-r):	0.200
-- maximum indel error ratio allowed (-d):	0.200
-- end quality threshold (-q):		13
-- minimum read length allowed after trimming (-l):	20
-- file format (-f):		Unknown format (auto detected)
-- minimum overlap length for adapter detection (-k):	2
-- number of concurrent threads (-t):	8
Fri Oct 24 13:40:59 2025 >> started
application/gzip
Started analysis of SNRNP70_CTL_IP_1.trimmed.umi.fq.gz
Approx 5% complete for SNRNP70_CTL_IP_1.trimmed.umi.fq.gz
Approx 10% complete for SNRNP70_CTL_IP_1.trimmed.umi.fq.gz
Approx 15% complete for SNRNP70_CTL_IP_1.trimmed.umi.fq.gz
Approx 20% complete for SNRNP70_CTL_IP_1.trimmed.umi.fq.gz
Approx 25% complete for SNRNP70_CTL_IP_1.trimmed.umi.fq.gz
Approx 30% complete for SNRNP70_CTL_IP_1.trimmed.umi.fq.gz
Approx 35% complete for SNRNP70_CTL_IP_1.trimmed.umi.fq.gz
Approx 40% complete for SNRNP70_CTL_IP_1.trimmed.umi.fq.gz
Approx 45% complete for SNRNP70_CTL_IP_1.trimmed.umi.fq.gz
Approx 50% complete for SNRNP70_CTL_IP_1.trimmed.umi.fq.gz
Approx 55% complete for SNRNP70_CTL_IP_1.trimmed.umi.fq.gz
Approx 60% complete for SNRNP70_CTL_IP_1.trimmed.umi.fq.gz
Approx 65% complete for SNRNP70_CTL_IP_1.trimmed.umi.fq.gz
Approx 70% complete for SNRNP70_CTL_IP_1.trimmed.umi.fq.gz
Approx 75% complete for SNRNP70_CTL_IP_1.trimmed.umi.fq.gz
Analysis complete for stdin:SNRNP70_OSM_IP_1
Approx 80% complete for SNRNP70_CTL_IP_1.trimmed.umi.fq.gz
[Fri Oct 24 13:43:01 2025]
Finished job 7.
13 of 142 steps (9%) done
Select jobs to execute...
Approx 85% complete for SNRNP70_CTL_IP_1.trimmed.umi.fq.gz
Approx 90% complete for SNRNP70_CTL_IP_1.trimmed.umi.fq.gz
Approx 95% complete for SNRNP70_CTL_IP_1.trimmed.umi.fq.gz
Analysis complete for SNRNP70_CTL_IP_1.trimmed.umi.fq.gz
[Fri Oct 24 13:43:34 2025]
Finished job 21.
14 of 142 steps (10%) done

Fri Oct 24 13:59:58 2025 >> done (1656.866s)
64022616 reads processed; of these:
  989059 ( 1.54%) short reads filtered out after trimming by size control
     679 ( 0.00%) empty reads filtered out after trimming by size control
63032878 (98.45%) reads available; of these:
22764016 (36.11%) trimmed reads available after processing
40268862 (63.89%) untrimmed reads available after processing
log has been saved to "output/fastqs/trimmed/SNRNP70_CTL_IN_2-trimmed.log".
[Fri Oct 24 13:59:58 2025]
Finished job 14.
15 of 142 steps (11%) done

[Fri Oct 24 13:59:58 2025]
rule extract_umi:
    input: output/fastqs/trimmed/SNRNP70_CTL_IN_2-trimmed.fastq.gz
    output: output/fastqs/umi/SNRNP70_CTL_IN_2.trimmed.umi.fq.gz, output/fastp/SNRNP70_CTL_IN_2.fastp.json, output/fastp/SNRNP70_CTL_IN_2.fastp.html
    jobid: 13
    benchmark: benchmarks/umi/unassigned_experiment.SNRNP70_CTL_IN_2.extract_umi.txt
    reason: Missing output files: output/fastqs/umi/SNRNP70_CTL_IN_2.trimmed.umi.fq.gz; Input files updated by another job: output/fastqs/trimmed/SNRNP70_CTL_IN_2-trimmed.fastq.gz
    wildcards: replicate_label=SNRNP70_CTL_IN_2
    threads: 8
    resources: tmpdir=/tmp

fastp -i output/fastqs/trimmed/SNRNP70_CTL_IN_2-trimmed.fastq.gz -o output/fastqs/umi/SNRNP70_CTL_IN_2.trimmed.umi.fq.gz -A -U --umi_len=10 --umi_loc=read1 -j output/fastp/SNRNP70_CTL_IN_2.fastp.json -h output/fastp/SNRNP70_CTL_IN_2.fastp.html -w 8
Read1 before filtering:
total reads: 63032878
total bases: 5755341610
Q20 bases: 5634904831(97.9074%)
Q30 bases: 5328083797(92.5763%)

Read1 after filtering:
total reads: 62516812
total bases: 5118645579
Q20 bases: 5007792795(97.8343%)
Q30 bases: 4729043890(92.3886%)

Filtering result:
reads passed filter: 62516812
reads failed due to low quality: 458
reads failed due to too many N: 18
reads failed due to too short: 515590

Duplication rate (may be overestimated since this is SE data): 75.7082%

JSON report: output/fastp/SNRNP70_CTL_IN_2.fastp.json
HTML report: output/fastp/SNRNP70_CTL_IN_2.fastp.html

fastp -i output/fastqs/trimmed/SNRNP70_CTL_IN_2-trimmed.fastq.gz -o output/fastqs/umi/SNRNP70_CTL_IN_2.trimmed.umi.fq.gz -A -U --umi_len=10 --umi_loc=read1 -j output/fastp/SNRNP70_CTL_IN_2.fastp.json -h output/fastp/SNRNP70_CTL_IN_2.fastp.html -w 8 
fastp v0.23.4, time used: 208 seconds
[Fri Oct 24 14:03:27 2025]
Finished job 13.
16 of 142 steps (11%) done
Removing temporary output output/fastqs/trimmed/SNRNP70_CTL_IN_2-trimmed.fastq.gz.
Select jobs to execute...

[Fri Oct 24 14:03:28 2025]
rule align_reads:
    input: output/fastqs/umi/SNRNP70_CTL_IN_2.trimmed.umi.fq.gz
    output: output/bams/raw/genome/SNRNP70_CTL_IN_2.genome.Aligned.out.bam, output/bams/raw/genome/SNRNP70_CTL_IN_2.genome.Log.final.out
    jobid: 39
    benchmark: benchmarks/align/unassigned_experiment.SNRNP70_CTL_IN_2.align_reads_genome.txt
    reason: Missing output files: output/bams/raw/genome/SNRNP70_CTL_IN_2.genome.Aligned.out.bam; Input files updated by another job: output/fastqs/umi/SNRNP70_CTL_IN_2.trimmed.umi.fq.gz
    wildcards: replicate_label=SNRNP70_CTL_IN_2
    threads: 8
    resources: tmpdir=/tmp

STAR --alignEndsType EndToEnd --genomeDir ./annotations/genome_ref --genomeLoad NoSharedMemory --outBAMcompression 10 --outFileNamePrefix output/bams/raw/genome/SNRNP70_CTL_IN_2.genome. --winAnchorMultimapNmax 100 --outFilterMultimapNmax 100 --outFilterMultimapScoreRange 1 --outSAMmultNmax 1 --outMultimapperOrder Random --outFilterScoreMin 10 --outFilterType BySJout --limitOutSJcollapsed 5000000 --outReadsUnmapped None --outSAMattrRGline ID:SNRNP70_CTL_IN_2 --outSAMattributes All --outSAMmode Full --outSAMtype BAM Unsorted --outSAMunmapped Within --readFilesCommand zcat --outStd Log --readFilesIn output/fastqs/umi/SNRNP70_CTL_IN_2.trimmed.umi.fq.gz --runMode alignReads --runThreadN 8

[Fri Oct 24 14:03:28 2025]
rule run_trimmed_fastqc:
    input: output/fastqs/umi/SNRNP70_CTL_IN_2.trimmed.umi.fq.gz
    output: output/fastqc/processed/SNRNP70_CTL_IN_2.trimmed.umi_fastqc.html, output/fastqc/processed/SNRNP70_CTL_IN_2.trimmed.umi_fastqc.zip
    jobid: 12
    benchmark: benchmarks/fastqc/unassigned_experiment.SNRNP70_CTL_IN_2.trimmed_fastqc.txt
    reason: Missing output files: output/fastqc/processed/SNRNP70_CTL_IN_2.trimmed.umi_fastqc.html; Input files updated by another job: output/fastqs/umi/SNRNP70_CTL_IN_2.trimmed.umi.fq.gz
    wildcards: replicate_label=SNRNP70_CTL_IN_2
    resources: tmpdir=/tmp

fastqc output/fastqs/umi/SNRNP70_CTL_IN_2.trimmed.umi.fq.gz --extract --outdir output/fastqc/processed -t 1
	/work/pa-hilario/anaconda3/envs/skipper/bin/STAR-avx2 --alignEndsType EndToEnd --genomeDir ./annotations/genome_ref --genomeLoad NoSharedMemory --outBAMcompression 10 --outFileNamePrefix output/bams/raw/genome/SNRNP70_CTL_IN_2.genome. --winAnchorMultimapNmax 100 --outFilterMultimapNmax 100 --outFilterMultimapScoreRange 1 --outSAMmultNmax 1 --outMultimapperOrder Random --outFilterScoreMin 10 --outFilterType BySJout --limitOutSJcollapsed 5000000 --outReadsUnmapped None --outSAMattrRGline ID:SNRNP70_CTL_IN_2 --outSAMattributes All --outSAMmode Full --outSAMtype BAM Unsorted --outSAMunmapped Within --readFilesCommand zcat --outStd Log --readFilesIn output/fastqs/umi/SNRNP70_CTL_IN_2.trimmed.umi.fq.gz --runMode alignReads --runThreadN 8
	STAR version: 2.7.10b   compiled: 2023-05-25T06:56:23+0000 :/opt/conda/conda-bld/star_1684997536154/work/source
Oct 24 14:03:29 ..... started STAR run
Oct 24 14:03:29 ..... loading genome
application/gzip
Started analysis of SNRNP70_CTL_IN_2.trimmed.umi.fq.gz
Approx 5% complete for SNRNP70_CTL_IN_2.trimmed.umi.fq.gz
Oct 24 14:04:05 ..... started mapping
Approx 10% complete for SNRNP70_CTL_IN_2.trimmed.umi.fq.gz
Approx 15% complete for SNRNP70_CTL_IN_2.trimmed.umi.fq.gz
Approx 20% complete for SNRNP70_CTL_IN_2.trimmed.umi.fq.gz
Approx 25% complete for SNRNP70_CTL_IN_2.trimmed.umi.fq.gz
Approx 30% complete for SNRNP70_CTL_IN_2.trimmed.umi.fq.gz
Approx 35% complete for SNRNP70_CTL_IN_2.trimmed.umi.fq.gz
Approx 40% complete for SNRNP70_CTL_IN_2.trimmed.umi.fq.gz
Approx 45% complete for SNRNP70_CTL_IN_2.trimmed.umi.fq.gz
Approx 50% complete for SNRNP70_CTL_IN_2.trimmed.umi.fq.gz
Approx 55% complete for SNRNP70_CTL_IN_2.trimmed.umi.fq.gz
Approx 60% complete for SNRNP70_CTL_IN_2.trimmed.umi.fq.gz
Approx 65% complete for SNRNP70_CTL_IN_2.trimmed.umi.fq.gz
Approx 70% complete for SNRNP70_CTL_IN_2.trimmed.umi.fq.gz
Approx 75% complete for SNRNP70_CTL_IN_2.trimmed.umi.fq.gz
Approx 80% complete for SNRNP70_CTL_IN_2.trimmed.umi.fq.gz
Approx 85% complete for SNRNP70_CTL_IN_2.trimmed.umi.fq.gz
Approx 90% complete for SNRNP70_CTL_IN_2.trimmed.umi.fq.gz
Approx 95% complete for SNRNP70_CTL_IN_2.trimmed.umi.fq.gz
Analysis complete for SNRNP70_CTL_IN_2.trimmed.umi.fq.gz
[Fri Oct 24 14:09:55 2025]
Finished job 12.
17 of 142 steps (12%) done
Select jobs to execute...
Oct 24 14:10:38 ..... finished mapping
Oct 24 14:10:41 ..... finished successfully
[Fri Oct 24 14:10:42 2025]
Finished job 39.
18 of 142 steps (13%) done

[Fri Oct 24 14:10:42 2025]
rule trim_fastq:
    input: input/N288_L1_1.fq.gz, input/InvRiL19.fasta
    output: output/fastqs/trimmed/SNRNP70_CTL_IN_1-trimmed.fastq.gz, output/fastqs/trimmed/SNRNP70_CTL_IN_1-trimmed.log
    jobid: 11
    benchmark: benchmarks/trim/unassigned_experiment.SNRNP70_CTL_IN_1.trim.txt
    reason: Missing output files: output/fastqs/trimmed/SNRNP70_CTL_IN_1-trimmed.fastq.gz; Updated input files: input/N288_L1_1.fq.gz, input/InvRiL19.fasta
    wildcards: replicate_label=SNRNP70_CTL_IN_1
    threads: 8
    resources: tmpdir=/tmp

zcat input/N288_L1_1.fq.gz | skewer -t 8 -x input/InvRiL19.fasta -o output/fastqs/trimmed/SNRNP70_CTL_IN_1 -z -r 0.2 -d 0.2 -q 13 -l 20 -

[Fri Oct 24 14:10:42 2025]
rule sort_bam:
    input: output/bams/raw/genome/SNRNP70_CTL_IN_2.genome.Aligned.out.bam
    output: output/bams/raw/genome/SNRNP70_CTL_IN_2.genome.Aligned.sort.bam
    jobid: 38
    benchmark: benchmarks/sort/genome/unassigned_experiment.SNRNP70_CTL_IN_2.sort_bam.txt
    reason: Missing output files: output/bams/raw/genome/SNRNP70_CTL_IN_2.genome.Aligned.sort.bam; Input files updated by another job: output/bams/raw/genome/SNRNP70_CTL_IN_2.genome.Aligned.out.bam
    wildcards: ref=genome, replicate_label=SNRNP70_CTL_IN_2
    threads: 2
    resources: tmpdir=/tmp

samtools sort -T SNRNP70_CTL_IN_2 -@ 2 -o output/bams/raw/genome/SNRNP70_CTL_IN_2.genome.Aligned.sort.bam output/bams/raw/genome/SNRNP70_CTL_IN_2.genome.Aligned.out.bam;
.--. .-.
: .--': :.-.
`. `. : `'.' .--. .-..-..-. .--. .--.
_`, :: . `.' '_.': `; `; :' '_.': ..'
`.__.':_;:_;`.__.'`.__.__.'`.__.':_;
skewer v0.2.2 [April 4, 2016]
Parameters used:
-- 3' end adapter sequences in file (-x):	input/InvRiL19.fasta
A:	AGATCGGAAGAGCACACGTC
-- maximum error ratio allowed (-r):	0.200
-- maximum indel error ratio allowed (-d):	0.200
-- end quality threshold (-q):		13
-- minimum read length allowed after trimming (-l):	20
-- file format (-f):		Unknown format (auto detected)
-- minimum overlap length for adapter detection (-k):	2
-- number of concurrent threads (-t):	8
Fri Oct 24 14:10:42 2025 >> started
[bam_sort_core] merging from 12 files and 2 in-memory blocks...
[Fri Oct 24 14:14:33 2025]
Finished job 38.
19 of 142 steps (13%) done
Removing temporary output output/bams/raw/genome/SNRNP70_CTL_IN_2.genome.Aligned.out.bam.
Select jobs to execute...

[Fri Oct 24 14:14:34 2025]
rule index_bams:
    input: output/bams/raw/genome/SNRNP70_CTL_IN_2.genome.Aligned.sort.bam
    output: output/bams/raw/genome/SNRNP70_CTL_IN_2.genome.Aligned.sort.bam.bai
    jobid: 40
    benchmark: benchmarks/index_bam/raw/genome/sort/unassigned_experiment.SNRNP70_CTL_IN_2.genome.index_bam.txt
    reason: Missing output files: output/bams/raw/genome/SNRNP70_CTL_IN_2.genome.Aligned.sort.bam.bai; Input files updated by another job: output/bams/raw/genome/SNRNP70_CTL_IN_2.genome.Aligned.sort.bam
    wildcards: round=raw, ref=genome, replicate_label=SNRNP70_CTL_IN_2.genome, mid=sort
    threads: 2
    resources: tmpdir=/tmp

samtools index -@ 2 output/bams/raw/genome/SNRNP70_CTL_IN_2.genome.Aligned.sort.bam;
[Fri Oct 24 14:14:47 2025]
Finished job 40.
20 of 142 steps (14%) done
Select jobs to execute...

[Fri Oct 24 14:14:47 2025]
rule dedup_umi:
    input: output/bams/raw/genome/SNRNP70_CTL_IN_2.genome.Aligned.sort.bam, output/bams/raw/genome/SNRNP70_CTL_IN_2.genome.Aligned.sort.bam.bai
    output: output/bams/dedup/genome/SNRNP70_CTL_IN_2.genome.Aligned.sort.dedup.bam
    jobid: 37
    benchmark: benchmarks/dedup/genome/unassigned_experiment.SNRNP70_CTL_IN_2.dedup_umi.txt
    reason: Missing output files: output/bams/dedup/genome/SNRNP70_CTL_IN_2.genome.Aligned.sort.dedup.bam; Input files updated by another job: output/bams/raw/genome/SNRNP70_CTL_IN_2.genome.Aligned.sort.bam, output/bams/raw/genome/SNRNP70_CTL_IN_2.genome.Aligned.sort.bam.bai
    wildcards: replicate_label=SNRNP70_CTL_IN_2
    resources: tmpdir=/tmp

java -server -Xms8G -Xmx8G -Xss20M -jar installation/UMICollapse-1.0.0/umicollapse.jar bam -i output/bams/raw/genome/SNRNP70_CTL_IN_2.genome.Aligned.sort.bam -o output/bams/dedup/genome/SNRNP70_CTL_IN_2.genome.Aligned.sort.dedup.bam --umi-sep : --two-pass
Arguments	[bam, -i, output/bams/raw/genome/SNRNP70_CTL_IN_2.genome.Aligned.sort.bam, -o, output/bams/dedup/genome/SNRNP70_CTL_IN_2.genome.Aligned.sort.dedup.bam, --umi-sep, :, --two-pass]
Done with the first pass!

Fri Oct 24 14:17:59 2025 >> done (3007.516s)
152955105 reads processed; of these:
   442651 ( 0.29%) short reads filtered out after trimming by size control
      890 ( 0.00%) empty reads filtered out after trimming by size control
152511564 (99.71%) reads available; of these:
 37187671 (24.38%) trimmed reads available after processing
115323893 (75.62%) untrimmed reads available after processing
log has been saved to "output/fastqs/trimmed/SNRNP70_OSM_IP_2-trimmed.log".
[Fri Oct 24 14:17:59 2025]
Finished job 32.
21 of 142 steps (15%) done
Select jobs to execute...

[Fri Oct 24 14:17:59 2025]
rule extract_umi:
    input: output/fastqs/trimmed/SNRNP70_OSM_IP_2-trimmed.fastq.gz
    output: output/fastqs/umi/SNRNP70_OSM_IP_2.trimmed.umi.fq.gz, output/fastp/SNRNP70_OSM_IP_2.fastp.json, output/fastp/SNRNP70_OSM_IP_2.fastp.html
    jobid: 31
    benchmark: benchmarks/umi/unassigned_experiment.SNRNP70_OSM_IP_2.extract_umi.txt
    reason: Missing output files: output/fastqs/umi/SNRNP70_OSM_IP_2.trimmed.umi.fq.gz; Input files updated by another job: output/fastqs/trimmed/SNRNP70_OSM_IP_2-trimmed.fastq.gz
    wildcards: replicate_label=SNRNP70_OSM_IP_2
    threads: 8
    resources: tmpdir=/tmp

fastp -i output/fastqs/trimmed/SNRNP70_OSM_IP_2-trimmed.fastq.gz -o output/fastqs/umi/SNRNP70_OSM_IP_2.trimmed.umi.fq.gz -A -U --umi_len=10 --umi_loc=read1 -j output/fastp/SNRNP70_OSM_IP_2.fastp.json -h output/fastp/SNRNP70_OSM_IP_2.fastp.html -w 8
INFO	2025-10-24 14:19:42	SortingCollection	Creating merging iterator from 17 files
Number of input reads	62516812
Number of removed unmapped reads	3952128
Number of unremoved reads	58564684
Number of unique alignment positions	994215
Average number of UMIs per alignment position	12.472855468887515
Max number of UMIs over all alignment positions	41365
Number of reads after deduplicating	8231763
UMI collapsing finished in 372.579 seconds!
[Fri Oct 24 14:21:00 2025]
Finished job 37.
22 of 142 steps (15%) done
Select jobs to execute...

[Fri Oct 24 14:21:00 2025]
rule make_unscaled_bigwig:
    input: ./annotations/genome_ref/chrNameLength.txt, output/bams/dedup/genome/SNRNP70_CTL_IN_2.genome.Aligned.sort.dedup.bam
    output: output/bedgraphs/unscaled/plus/SNRNP70_CTL_IN_2.unscaled.plus.bg, output/bedgraphs/unscaled/minus/SNRNP70_CTL_IN_2.unscaled.minus.bg, output/bigwigs/unscaled/plus/SNRNP70_CTL_IN_2.unscaled.plus.bw, output/bigwigs/unscaled/minus/SNRNP70_CTL_IN_2.unscaled.minus.bw
    jobid: 74
    benchmark: benchmarks/bigwigs/unassigned_experiment.SNRNP70_CTL_IN_2.make_bigwig.txt
    reason: Missing output files: output/bigwigs/unscaled/plus/SNRNP70_CTL_IN_2.unscaled.plus.bw; Input files updated by another job: output/bams/dedup/genome/SNRNP70_CTL_IN_2.genome.Aligned.sort.dedup.bam
    wildcards: replicate_label=SNRNP70_CTL_IN_2
    resources: tmpdir=/tmp

bedtools genomecov -5 -strand + -bg -ibam output/bams/dedup/genome/SNRNP70_CTL_IN_2.genome.Aligned.sort.dedup.bam | sort -k1,1 -k2,2n | grep -v EBV > output/bedgraphs/unscaled/plus/SNRNP70_CTL_IN_2.unscaled.plus.bg;bedtools genomecov -5 -strand - -bg -ibam output/bams/dedup/genome/SNRNP70_CTL_IN_2.genome.Aligned.sort.dedup.bam | sort -k1,1 -k2,2n | grep -v EBV > output/bedgraphs/unscaled/minus/SNRNP70_CTL_IN_2.unscaled.minus.bg;bedGraphToBigWig output/bedgraphs/unscaled/plus/SNRNP70_CTL_IN_2.unscaled.plus.bg ./annotations/genome_ref/chrNameLength.txt output/bigwigs/unscaled/plus/SNRNP70_CTL_IN_2.unscaled.plus.bw;bedGraphToBigWig output/bedgraphs/unscaled/minus/SNRNP70_CTL_IN_2.unscaled.minus.bg ./annotations/genome_ref/chrNameLength.txt output/bigwigs/unscaled/minus/SNRNP70_CTL_IN_2.unscaled.minus.bw;

[Fri Oct 24 14:21:00 2025]
rule partition_bam_reads:
    input: ./annotations/genome_ref/chrNameLength.txt, output/bams/dedup/genome/SNRNP70_CTL_IN_2.genome.Aligned.sort.dedup.bam, ./annotations/gencode.v38.annotation.k562_totalrna.gt1.tiled_partition.bed.gz
    output: output/counts/genome/vectors/SNRNP70_CTL_IN_2.counts
    jobid: 104
    benchmark: benchmarks/counts/unassigned_experiment.SNRNP70_CTL_IN_2.partition_bam_reads.txt
    reason: Missing output files: output/counts/genome/vectors/SNRNP70_CTL_IN_2.counts; Input files updated by another job: output/bams/dedup/genome/SNRNP70_CTL_IN_2.genome.Aligned.sort.dedup.bam
    wildcards: replicate_label=SNRNP70_CTL_IN_2
    resources: tmpdir=/tmp

bedtools bamtobed -i output/bams/dedup/genome/SNRNP70_CTL_IN_2.genome.Aligned.sort.dedup.bam | awk '($1 != "chrEBV") && ($4 !~ "/2$")' | bedtools flank -s -l 1 -r 0 -g ./annotations/genome_ref/chrNameLength.txt -i - | bedtools shift -p 1 -m -1 -g ./annotations/genome_ref/chrNameLength.txt -i - | bedtools sort -i - | bedtools coverage -counts -s -a ./annotations/gencode.v38.annotation.k562_totalrna.gt1.tiled_partition.bed.gz -b - | cut -f 7 | awk 'BEGIN {print "SNRNP70_CTL_IN_2"} {print}' > output/counts/genome/vectors/SNRNP70_CTL_IN_2.counts;

[Fri Oct 24 14:21:00 2025]
rule index_bams:
    input: output/bams/dedup/genome/SNRNP70_CTL_IN_2.genome.Aligned.sort.dedup.bam
    output: output/bams/dedup/genome/SNRNP70_CTL_IN_2.genome.Aligned.sort.dedup.bam.bai
    jobid: 66
    benchmark: benchmarks/index_bam/dedup/genome/sort.dedup/unassigned_experiment.SNRNP70_CTL_IN_2.genome.index_bam.txt
    reason: Missing output files: output/bams/dedup/genome/SNRNP70_CTL_IN_2.genome.Aligned.sort.dedup.bam.bai; Input files updated by another job: output/bams/dedup/genome/SNRNP70_CTL_IN_2.genome.Aligned.sort.dedup.bam
    wildcards: round=dedup, ref=genome, replicate_label=SNRNP70_CTL_IN_2.genome, mid=sort.dedup
    threads: 2
    resources: tmpdir=/tmp

samtools index -@ 2 output/bams/dedup/genome/SNRNP70_CTL_IN_2.genome.Aligned.sort.dedup.bam;

[Fri Oct 24 14:21:00 2025]
rule make_scaled_bigwig:
    input: ./annotations/genome_ref/chrNameLength.txt, output/bams/dedup/genome/SNRNP70_CTL_IN_2.genome.Aligned.sort.dedup.bam
    output: output/bedgraphs/scaled/plus/SNRNP70_CTL_IN_2.scaled.plus.bg, output/bedgraphs/scaled/minus/SNRNP70_CTL_IN_2.scaled.minus.bg, output/bigwigs/scaled/plus/SNRNP70_CTL_IN_2.scaled.plus.bw, output/bigwigs/scaled/minus/SNRNP70_CTL_IN_2.scaled.minus.bw
    jobid: 82
    benchmark: benchmarks/bigwigs/unassigned_experiment.SNRNP70_CTL_IN_2.make_bigwig.txt
    reason: Missing output files: output/bigwigs/scaled/plus/SNRNP70_CTL_IN_2.scaled.plus.bw; Input files updated by another job: output/bams/dedup/genome/SNRNP70_CTL_IN_2.genome.Aligned.sort.dedup.bam
    wildcards: replicate_label=SNRNP70_CTL_IN_2
    resources: tmpdir=/tmp

factor=$(samtools idxstats output/bams/dedup/genome/SNRNP70_CTL_IN_2.genome.Aligned.sort.dedup.bam | cut -f 3 | paste -sd+ | bc | xargs -I {} echo 'scale=6; 10^6 / {}' | bc);bedtools genomecov -scale $factor -5 -strand + -bg -ibam output/bams/dedup/genome/SNRNP70_CTL_IN_2.genome.Aligned.sort.dedup.bam | sort -k1,1 -k2,2n | grep -v EBV > output/bedgraphs/scaled/plus/SNRNP70_CTL_IN_2.scaled.plus.bg;bedtools genomecov -scale $factor -5 -strand - -bg -ibam output/bams/dedup/genome/SNRNP70_CTL_IN_2.genome.Aligned.sort.dedup.bam | sort -k1,1 -k2,2n | grep -v EBV > output/bedgraphs/scaled/minus/SNRNP70_CTL_IN_2.scaled.minus.bg;bedGraphToBigWig output/bedgraphs/scaled/plus/SNRNP70_CTL_IN_2.scaled.plus.bg ./annotations/genome_ref/chrNameLength.txt output/bigwigs/scaled/plus/SNRNP70_CTL_IN_2.scaled.plus.bw;bedGraphToBigWig output/bedgraphs/scaled/minus/SNRNP70_CTL_IN_2.scaled.minus.bg ./annotations/genome_ref/chrNameLength.txt output/bigwigs/scaled/minus/SNRNP70_CTL_IN_2.scaled.minus.bw;

[Fri Oct 24 14:21:00 2025]
rule quantify_repeats:
    input: ./annotations/genome_ref/chrNameLength.txt, output/bams/dedup/genome/SNRNP70_CTL_IN_2.genome.Aligned.sort.dedup.bam, ./annotations/repeatmasker.grch38.sort.unique.bed.gz
    output: output/counts/repeats/vectors/SNRNP70_CTL_IN_2.counts
    jobid: 91
    benchmark: benchmarks/repeats/unassigned_experiment.SNRNP70_CTL_IN_2.quantify_repeats.txt
    reason: Missing output files: output/counts/repeats/vectors/SNRNP70_CTL_IN_2.counts; Input files updated by another job: output/bams/dedup/genome/SNRNP70_CTL_IN_2.genome.Aligned.sort.dedup.bam
    wildcards: replicate_label=SNRNP70_CTL_IN_2
    resources: tmpdir=/tmp

bedtools bamtobed -i output/bams/dedup/genome/SNRNP70_CTL_IN_2.genome.Aligned.sort.dedup.bam | awk '($1 != "chrEBV") && ($4 !~ "/2$")' | bedtools flank -s -l 1 -r 0 -g ./annotations/genome_ref/chrNameLength.txt -i - | bedtools shift -p 1 -m -1 -g ./annotations/genome_ref/chrNameLength.txt -i - | bedtools sort -i - | bedtools coverage -s -counts -a ./annotations/repeatmasker.grch38.sort.unique.bed.gz -b - | awk 'BEGIN {print "SNRNP70_CTL_IN_2"} {print $NF}' > output/counts/repeats/vectors/SNRNP70_CTL_IN_2.counts
[E::idx_find_and_load] Could not retrieve index file for 'output/bams/dedup/genome/SNRNP70_CTL_IN_2.genome.Aligned.sort.dedup.bam'
samtools idxstats: fail to load index for "output/bams/dedup/genome/SNRNP70_CTL_IN_2.genome.Aligned.sort.dedup.bam", reverting to slow method
[Fri Oct 24 14:21:02 2025]
Finished job 66.
23 of 142 steps (16%) done
Select jobs to execute...
[Fri Oct 24 14:21:58 2025]
Finished job 104.
24 of 142 steps (17%) done
[Fri Oct 24 14:22:10 2025]
Finished job 74.
25 of 142 steps (18%) done
Removing temporary output output/bedgraphs/unscaled/plus/SNRNP70_CTL_IN_2.unscaled.plus.bg.
Removing temporary output output/bedgraphs/unscaled/minus/SNRNP70_CTL_IN_2.unscaled.minus.bg.
[Fri Oct 24 14:22:13 2025]
Finished job 82.
26 of 142 steps (18%) done
Removing temporary output output/bedgraphs/scaled/plus/SNRNP70_CTL_IN_2.scaled.plus.bg.
Removing temporary output output/bedgraphs/scaled/minus/SNRNP70_CTL_IN_2.scaled.minus.bg.
[Fri Oct 24 14:22:16 2025]
Finished job 91.
27 of 142 steps (19%) done
Read1 before filtering:
total reads: 152511564
total bases: 14111895326
Q20 bases: 13919246227(98.6348%)
Q30 bases: 13408850635(95.0181%)

Read1 after filtering:
total reads: 151824784
total bases: 12578278672
Q20 bases: 12403680564(98.6119%)
Q30 bases: 11943524045(94.9536%)

Filtering result:
reads passed filter: 151824784
reads failed due to low quality: 736
reads failed due to too many N: 57
reads failed due to too short: 685987

Duplication rate (may be overestimated since this is SE data): 70.7912%

JSON report: output/fastp/SNRNP70_OSM_IP_2.fastp.json
HTML report: output/fastp/SNRNP70_OSM_IP_2.fastp.html

fastp -i output/fastqs/trimmed/SNRNP70_OSM_IP_2-trimmed.fastq.gz -o output/fastqs/umi/SNRNP70_OSM_IP_2.trimmed.umi.fq.gz -A -U --umi_len=10 --umi_loc=read1 -j output/fastp/SNRNP70_OSM_IP_2.fastp.json -h output/fastp/SNRNP70_OSM_IP_2.fastp.html -w 8 
fastp v0.23.4, time used: 434 seconds
[Fri Oct 24 14:25:13 2025]
Finished job 31.
28 of 142 steps (20%) done
Removing temporary output output/fastqs/trimmed/SNRNP70_OSM_IP_2-trimmed.fastq.gz.

[Fri Oct 24 14:25:15 2025]
rule align_reads:
    input: output/fastqs/umi/SNRNP70_CTL_IP_1.trimmed.umi.fq.gz
    output: output/bams/raw/genome/SNRNP70_CTL_IP_1.genome.Aligned.out.bam, output/bams/raw/genome/SNRNP70_CTL_IP_1.genome.Log.final.out
    jobid: 51
    benchmark: benchmarks/align/unassigned_experiment.SNRNP70_CTL_IP_1.align_reads_genome.txt
    reason: Missing output files: output/bams/raw/genome/SNRNP70_CTL_IP_1.genome.Aligned.out.bam; Input files updated by another job: output/fastqs/umi/SNRNP70_CTL_IP_1.trimmed.umi.fq.gz
    wildcards: replicate_label=SNRNP70_CTL_IP_1
    threads: 8
    resources: tmpdir=/tmp

STAR --alignEndsType EndToEnd --genomeDir ./annotations/genome_ref --genomeLoad NoSharedMemory --outBAMcompression 10 --outFileNamePrefix output/bams/raw/genome/SNRNP70_CTL_IP_1.genome. --winAnchorMultimapNmax 100 --outFilterMultimapNmax 100 --outFilterMultimapScoreRange 1 --outSAMmultNmax 1 --outMultimapperOrder Random --outFilterScoreMin 10 --outFilterType BySJout --limitOutSJcollapsed 5000000 --outReadsUnmapped None --outSAMattrRGline ID:SNRNP70_CTL_IP_1 --outSAMattributes All --outSAMmode Full --outSAMtype BAM Unsorted --outSAMunmapped Within --readFilesCommand zcat --outStd Log --readFilesIn output/fastqs/umi/SNRNP70_CTL_IP_1.trimmed.umi.fq.gz --runMode alignReads --runThreadN 8

[Fri Oct 24 14:25:15 2025]
rule run_trimmed_fastqc:
    input: output/fastqs/umi/SNRNP70_OSM_IP_2.trimmed.umi.fq.gz
    output: output/fastqc/processed/SNRNP70_OSM_IP_2.trimmed.umi_fastqc.html, output/fastqc/processed/SNRNP70_OSM_IP_2.trimmed.umi_fastqc.zip
    jobid: 30
    benchmark: benchmarks/fastqc/unassigned_experiment.SNRNP70_OSM_IP_2.trimmed_fastqc.txt
    reason: Missing output files: output/fastqc/processed/SNRNP70_OSM_IP_2.trimmed.umi_fastqc.html; Input files updated by another job: output/fastqs/umi/SNRNP70_OSM_IP_2.trimmed.umi.fq.gz
    wildcards: replicate_label=SNRNP70_OSM_IP_2
    resources: tmpdir=/tmp

fastqc output/fastqs/umi/SNRNP70_OSM_IP_2.trimmed.umi.fq.gz --extract --outdir output/fastqc/processed -t 1
	/work/pa-hilario/anaconda3/envs/skipper/bin/STAR-avx2 --alignEndsType EndToEnd --genomeDir ./annotations/genome_ref --genomeLoad NoSharedMemory --outBAMcompression 10 --outFileNamePrefix output/bams/raw/genome/SNRNP70_CTL_IP_1.genome. --winAnchorMultimapNmax 100 --outFilterMultimapNmax 100 --outFilterMultimapScoreRange 1 --outSAMmultNmax 1 --outMultimapperOrder Random --outFilterScoreMin 10 --outFilterType BySJout --limitOutSJcollapsed 5000000 --outReadsUnmapped None --outSAMattrRGline ID:SNRNP70_CTL_IP_1 --outSAMattributes All --outSAMmode Full --outSAMtype BAM Unsorted --outSAMunmapped Within --readFilesCommand zcat --outStd Log --readFilesIn output/fastqs/umi/SNRNP70_CTL_IP_1.trimmed.umi.fq.gz --runMode alignReads --runThreadN 8
	STAR version: 2.7.10b   compiled: 2023-05-25T06:56:23+0000 :/opt/conda/conda-bld/star_1684997536154/work/source
Oct 24 14:25:15 ..... started STAR run
Oct 24 14:25:15 ..... loading genome
application/gzip
Started analysis of SNRNP70_OSM_IP_2.trimmed.umi.fq.gz
Oct 24 14:25:31 ..... started mapping
Approx 5% complete for SNRNP70_OSM_IP_2.trimmed.umi.fq.gz
Approx 10% complete for SNRNP70_OSM_IP_2.trimmed.umi.fq.gz
Approx 15% complete for SNRNP70_OSM_IP_2.trimmed.umi.fq.gz
Approx 20% complete for SNRNP70_OSM_IP_2.trimmed.umi.fq.gz
Approx 25% complete for SNRNP70_OSM_IP_2.trimmed.umi.fq.gz
Oct 24 14:28:10 ..... finished mapping
Oct 24 14:28:12 ..... finished successfully
[Fri Oct 24 14:28:13 2025]
Finished job 51.
29 of 142 steps (20%) done
Select jobs to execute...

[Fri Oct 24 14:28:13 2025]
rule trim_fastq:
    input: input/mimic_N289_L1_1.fq.gz, input/InvRiL19.fasta
    output: output/fastqs/trimmed/SNRNP70_CTL_IP_2-trimmed.fastq.gz, output/fastqs/trimmed/SNRNP70_CTL_IP_2-trimmed.log
    jobid: 26
    benchmark: benchmarks/trim/unassigned_experiment.SNRNP70_CTL_IP_2.trim.txt
    reason: Missing output files: output/fastqs/trimmed/SNRNP70_CTL_IP_2-trimmed.fastq.gz; Updated input files: input/mimic_N289_L1_1.fq.gz, input/InvRiL19.fasta
    wildcards: replicate_label=SNRNP70_CTL_IP_2
    threads: 8
    resources: tmpdir=/tmp

zcat input/mimic_N289_L1_1.fq.gz | skewer -t 8 -x input/InvRiL19.fasta -o output/fastqs/trimmed/SNRNP70_CTL_IP_2 -z -r 0.2 -d 0.2 -q 13 -l 20 -

[Fri Oct 24 14:28:13 2025]
rule sort_bam:
    input: output/bams/raw/genome/SNRNP70_CTL_IP_1.genome.Aligned.out.bam
    output: output/bams/raw/genome/SNRNP70_CTL_IP_1.genome.Aligned.sort.bam
    jobid: 50
    benchmark: benchmarks/sort/genome/unassigned_experiment.SNRNP70_CTL_IP_1.sort_bam.txt
    reason: Missing output files: output/bams/raw/genome/SNRNP70_CTL_IP_1.genome.Aligned.sort.bam; Input files updated by another job: output/bams/raw/genome/SNRNP70_CTL_IP_1.genome.Aligned.out.bam
    wildcards: ref=genome, replicate_label=SNRNP70_CTL_IP_1
    threads: 2
    resources: tmpdir=/tmp

samtools sort -T SNRNP70_CTL_IP_1 -@ 2 -o output/bams/raw/genome/SNRNP70_CTL_IP_1.genome.Aligned.sort.bam output/bams/raw/genome/SNRNP70_CTL_IP_1.genome.Aligned.out.bam;
.--. .-.
: .--': :.-.
`. `. : `'.' .--. .-..-..-. .--. .--.
_`, :: . `.' '_.': `; `; :' '_.': ..'
`.__.':_;:_;`.__.'`.__.__.'`.__.':_;
skewer v0.2.2 [April 4, 2016]
Parameters used:
-- 3' end adapter sequences in file (-x):	input/InvRiL19.fasta
A:	AGATCGGAAGAGCACACGTC
-- maximum error ratio allowed (-r):	0.200
-- maximum indel error ratio allowed (-d):	0.200
-- end quality threshold (-q):		13
-- minimum read length allowed after trimming (-l):	20
-- file format (-f):		Unknown format (auto detected)
-- minimum overlap length for adapter detection (-k):	2
-- number of concurrent threads (-t):	8
Fri Oct 24 14:28:13 2025 >> started
Approx 30% complete for SNRNP70_OSM_IP_2.trimmed.umi.fq.gz
[bam_sort_core] merging from 7 files and 2 in-memory blocks...
Approx 35% complete for SNRNP70_OSM_IP_2.trimmed.umi.fq.gz
Approx 40% complete for SNRNP70_OSM_IP_2.trimmed.umi.fq.gz
Approx 45% complete for SNRNP70_OSM_IP_2.trimmed.umi.fq.gz
[Fri Oct 24 14:30:21 2025]
Finished job 50.
30 of 142 steps (21%) done
Removing temporary output output/bams/raw/genome/SNRNP70_CTL_IP_1.genome.Aligned.out.bam.
Select jobs to execute...

[Fri Oct 24 14:30:22 2025]
rule index_bams:
    input: output/bams/raw/genome/SNRNP70_CTL_IP_1.genome.Aligned.sort.bam
    output: output/bams/raw/genome/SNRNP70_CTL_IP_1.genome.Aligned.sort.bam.bai
    jobid: 52
    benchmark: benchmarks/index_bam/raw/genome/sort/unassigned_experiment.SNRNP70_CTL_IP_1.genome.index_bam.txt
    reason: Missing output files: output/bams/raw/genome/SNRNP70_CTL_IP_1.genome.Aligned.sort.bam.bai; Input files updated by another job: output/bams/raw/genome/SNRNP70_CTL_IP_1.genome.Aligned.sort.bam
    wildcards: round=raw, ref=genome, replicate_label=SNRNP70_CTL_IP_1.genome, mid=sort
    threads: 2
    resources: tmpdir=/tmp

samtools index -@ 2 output/bams/raw/genome/SNRNP70_CTL_IP_1.genome.Aligned.sort.bam;
[Fri Oct 24 14:30:28 2025]
Finished job 52.
31 of 142 steps (22%) done
Select jobs to execute...

[Fri Oct 24 14:30:28 2025]
rule dedup_umi:
    input: output/bams/raw/genome/SNRNP70_CTL_IP_1.genome.Aligned.sort.bam, output/bams/raw/genome/SNRNP70_CTL_IP_1.genome.Aligned.sort.bam.bai
    output: output/bams/dedup/genome/SNRNP70_CTL_IP_1.genome.Aligned.sort.dedup.bam
    jobid: 49
    benchmark: benchmarks/dedup/genome/unassigned_experiment.SNRNP70_CTL_IP_1.dedup_umi.txt
    reason: Missing output files: output/bams/dedup/genome/SNRNP70_CTL_IP_1.genome.Aligned.sort.dedup.bam; Input files updated by another job: output/bams/raw/genome/SNRNP70_CTL_IP_1.genome.Aligned.sort.bam.bai, output/bams/raw/genome/SNRNP70_CTL_IP_1.genome.Aligned.sort.bam
    wildcards: replicate_label=SNRNP70_CTL_IP_1
    resources: tmpdir=/tmp

java -server -Xms8G -Xmx8G -Xss20M -jar installation/UMICollapse-1.0.0/umicollapse.jar bam -i output/bams/raw/genome/SNRNP70_CTL_IP_1.genome.Aligned.sort.bam -o output/bams/dedup/genome/SNRNP70_CTL_IP_1.genome.Aligned.sort.dedup.bam --umi-sep : --two-pass
Arguments	[bam, -i, output/bams/raw/genome/SNRNP70_CTL_IP_1.genome.Aligned.sort.bam, -o, output/bams/dedup/genome/SNRNP70_CTL_IP_1.genome.Aligned.sort.dedup.bam, --umi-sep, :, --two-pass]
Approx 50% complete for SNRNP70_OSM_IP_2.trimmed.umi.fq.gz
Approx 55% complete for SNRNP70_OSM_IP_2.trimmed.umi.fq.gz
Done with the first pass!
Approx 60% complete for SNRNP70_OSM_IP_2.trimmed.umi.fq.gz
Approx 65% complete for SNRNP70_OSM_IP_2.trimmed.umi.fq.gz
Approx 70% complete for SNRNP70_OSM_IP_2.trimmed.umi.fq.gz
INFO	2025-10-24 14:33:17	SortingCollection	Creating merging iterator from 6 files
Approx 75% complete for SNRNP70_OSM_IP_2.trimmed.umi.fq.gz
Number of input reads	35686841
Number of removed unmapped reads	260438
Number of unremoved reads	35426403
Number of unique alignment positions	207300
Average number of UMIs per alignment position	23.79230583695128
Max number of UMIs over all alignment positions	98417
Number of reads after deduplicating	2521120
UMI collapsing finished in 190.765 seconds!
[Fri Oct 24 14:33:40 2025]
Finished job 49.
32 of 142 steps (23%) done
Select jobs to execute...

[Fri Oct 24 14:33:40 2025]
rule index_bams:
    input: output/bams/dedup/genome/SNRNP70_CTL_IP_1.genome.Aligned.sort.dedup.bam
    output: output/bams/dedup/genome/SNRNP70_CTL_IP_1.genome.Aligned.sort.dedup.bam.bai
    jobid: 69
    benchmark: benchmarks/index_bam/dedup/genome/sort.dedup/unassigned_experiment.SNRNP70_CTL_IP_1.genome.index_bam.txt
    reason: Missing output files: output/bams/dedup/genome/SNRNP70_CTL_IP_1.genome.Aligned.sort.dedup.bam.bai; Input files updated by another job: output/bams/dedup/genome/SNRNP70_CTL_IP_1.genome.Aligned.sort.dedup.bam
    wildcards: round=dedup, ref=genome, replicate_label=SNRNP70_CTL_IP_1.genome, mid=sort.dedup
    threads: 2
    resources: tmpdir=/tmp

samtools index -@ 2 output/bams/dedup/genome/SNRNP70_CTL_IP_1.genome.Aligned.sort.dedup.bam;

[Fri Oct 24 14:33:40 2025]
rule make_scaled_bigwig:
    input: ./annotations/genome_ref/chrNameLength.txt, output/bams/dedup/genome/SNRNP70_CTL_IP_1.genome.Aligned.sort.dedup.bam
    output: output/bedgraphs/scaled/plus/SNRNP70_CTL_IP_1.scaled.plus.bg, output/bedgraphs/scaled/minus/SNRNP70_CTL_IP_1.scaled.minus.bg, output/bigwigs/scaled/plus/SNRNP70_CTL_IP_1.scaled.plus.bw, output/bigwigs/scaled/minus/SNRNP70_CTL_IP_1.scaled.minus.bw
    jobid: 85
    benchmark: benchmarks/bigwigs/unassigned_experiment.SNRNP70_CTL_IP_1.make_bigwig.txt
    reason: Missing output files: output/bigwigs/scaled/plus/SNRNP70_CTL_IP_1.scaled.plus.bw; Input files updated by another job: output/bams/dedup/genome/SNRNP70_CTL_IP_1.genome.Aligned.sort.dedup.bam
    wildcards: replicate_label=SNRNP70_CTL_IP_1
    resources: tmpdir=/tmp

factor=$(samtools idxstats output/bams/dedup/genome/SNRNP70_CTL_IP_1.genome.Aligned.sort.dedup.bam | cut -f 3 | paste -sd+ | bc | xargs -I {} echo 'scale=6; 10^6 / {}' | bc);bedtools genomecov -scale $factor -5 -strand + -bg -ibam output/bams/dedup/genome/SNRNP70_CTL_IP_1.genome.Aligned.sort.dedup.bam | sort -k1,1 -k2,2n | grep -v EBV > output/bedgraphs/scaled/plus/SNRNP70_CTL_IP_1.scaled.plus.bg;bedtools genomecov -scale $factor -5 -strand - -bg -ibam output/bams/dedup/genome/SNRNP70_CTL_IP_1.genome.Aligned.sort.dedup.bam | sort -k1,1 -k2,2n | grep -v EBV > output/bedgraphs/scaled/minus/SNRNP70_CTL_IP_1.scaled.minus.bg;bedGraphToBigWig output/bedgraphs/scaled/plus/SNRNP70_CTL_IP_1.scaled.plus.bg ./annotations/genome_ref/chrNameLength.txt output/bigwigs/scaled/plus/SNRNP70_CTL_IP_1.scaled.plus.bw;bedGraphToBigWig output/bedgraphs/scaled/minus/SNRNP70_CTL_IP_1.scaled.minus.bg ./annotations/genome_ref/chrNameLength.txt output/bigwigs/scaled/minus/SNRNP70_CTL_IP_1.scaled.minus.bw;

[Fri Oct 24 14:33:40 2025]
rule partition_bam_reads:
    input: ./annotations/genome_ref/chrNameLength.txt, output/bams/dedup/genome/SNRNP70_CTL_IP_1.genome.Aligned.sort.dedup.bam, ./annotations/gencode.v38.annotation.k562_totalrna.gt1.tiled_partition.bed.gz
    output: output/counts/genome/vectors/SNRNP70_CTL_IP_1.counts
    jobid: 105
    benchmark: benchmarks/counts/unassigned_experiment.SNRNP70_CTL_IP_1.partition_bam_reads.txt
    reason: Missing output files: output/counts/genome/vectors/SNRNP70_CTL_IP_1.counts; Input files updated by another job: output/bams/dedup/genome/SNRNP70_CTL_IP_1.genome.Aligned.sort.dedup.bam
    wildcards: replicate_label=SNRNP70_CTL_IP_1
    resources: tmpdir=/tmp

bedtools bamtobed -i output/bams/dedup/genome/SNRNP70_CTL_IP_1.genome.Aligned.sort.dedup.bam | awk '($1 != "chrEBV") && ($4 !~ "/2$")' | bedtools flank -s -l 1 -r 0 -g ./annotations/genome_ref/chrNameLength.txt -i - | bedtools shift -p 1 -m -1 -g ./annotations/genome_ref/chrNameLength.txt -i - | bedtools sort -i - | bedtools coverage -counts -s -a ./annotations/gencode.v38.annotation.k562_totalrna.gt1.tiled_partition.bed.gz -b - | cut -f 7 | awk 'BEGIN {print "SNRNP70_CTL_IP_1"} {print}' > output/counts/genome/vectors/SNRNP70_CTL_IP_1.counts;
[E::idx_find_and_load] Could not retrieve index file for 'output/bams/dedup/genome/SNRNP70_CTL_IP_1.genome.Aligned.sort.dedup.bam'
samtools idxstats: fail to load index for "output/bams/dedup/genome/SNRNP70_CTL_IP_1.genome.Aligned.sort.dedup.bam", reverting to slow method

[Fri Oct 24 14:33:40 2025]
rule quantify_repeats:
    input: ./annotations/genome_ref/chrNameLength.txt, output/bams/dedup/genome/SNRNP70_CTL_IP_1.genome.Aligned.sort.dedup.bam, ./annotations/repeatmasker.grch38.sort.unique.bed.gz
    output: output/counts/repeats/vectors/SNRNP70_CTL_IP_1.counts
    jobid: 94
    benchmark: benchmarks/repeats/unassigned_experiment.SNRNP70_CTL_IP_1.quantify_repeats.txt
    reason: Missing output files: output/counts/repeats/vectors/SNRNP70_CTL_IP_1.counts; Input files updated by another job: output/bams/dedup/genome/SNRNP70_CTL_IP_1.genome.Aligned.sort.dedup.bam
    wildcards: replicate_label=SNRNP70_CTL_IP_1
    resources: tmpdir=/tmp

bedtools bamtobed -i output/bams/dedup/genome/SNRNP70_CTL_IP_1.genome.Aligned.sort.dedup.bam | awk '($1 != "chrEBV") && ($4 !~ "/2$")' | bedtools flank -s -l 1 -r 0 -g ./annotations/genome_ref/chrNameLength.txt -i - | bedtools shift -p 1 -m -1 -g ./annotations/genome_ref/chrNameLength.txt -i - | bedtools sort -i - | bedtools coverage -s -counts -a ./annotations/repeatmasker.grch38.sort.unique.bed.gz -b - | awk 'BEGIN {print "SNRNP70_CTL_IP_1"} {print $NF}' > output/counts/repeats/vectors/SNRNP70_CTL_IP_1.counts
[Fri Oct 24 14:33:40 2025]
Finished job 69.
33 of 142 steps (23%) done
Select jobs to execute...

[Fri Oct 24 14:33:40 2025]
rule make_unscaled_bigwig:
    input: ./annotations/genome_ref/chrNameLength.txt, output/bams/dedup/genome/SNRNP70_CTL_IP_1.genome.Aligned.sort.dedup.bam
    output: output/bedgraphs/unscaled/plus/SNRNP70_CTL_IP_1.unscaled.plus.bg, output/bedgraphs/unscaled/minus/SNRNP70_CTL_IP_1.unscaled.minus.bg, output/bigwigs/unscaled/plus/SNRNP70_CTL_IP_1.unscaled.plus.bw, output/bigwigs/unscaled/minus/SNRNP70_CTL_IP_1.unscaled.minus.bw
    jobid: 77
    benchmark: benchmarks/bigwigs/unassigned_experiment.SNRNP70_CTL_IP_1.make_bigwig.txt
    reason: Missing output files: output/bigwigs/unscaled/plus/SNRNP70_CTL_IP_1.unscaled.plus.bw; Input files updated by another job: output/bams/dedup/genome/SNRNP70_CTL_IP_1.genome.Aligned.sort.dedup.bam
    wildcards: replicate_label=SNRNP70_CTL_IP_1
    resources: tmpdir=/tmp

bedtools genomecov -5 -strand + -bg -ibam output/bams/dedup/genome/SNRNP70_CTL_IP_1.genome.Aligned.sort.dedup.bam | sort -k1,1 -k2,2n | grep -v EBV > output/bedgraphs/unscaled/plus/SNRNP70_CTL_IP_1.unscaled.plus.bg;bedtools genomecov -5 -strand - -bg -ibam output/bams/dedup/genome/SNRNP70_CTL_IP_1.genome.Aligned.sort.dedup.bam | sort -k1,1 -k2,2n | grep -v EBV > output/bedgraphs/unscaled/minus/SNRNP70_CTL_IP_1.unscaled.minus.bg;bedGraphToBigWig output/bedgraphs/unscaled/plus/SNRNP70_CTL_IP_1.unscaled.plus.bg ./annotations/genome_ref/chrNameLength.txt output/bigwigs/unscaled/plus/SNRNP70_CTL_IP_1.unscaled.plus.bw;bedGraphToBigWig output/bedgraphs/unscaled/minus/SNRNP70_CTL_IP_1.unscaled.minus.bg ./annotations/genome_ref/chrNameLength.txt output/bigwigs/unscaled/minus/SNRNP70_CTL_IP_1.unscaled.minus.bw;
Approx 80% complete for SNRNP70_OSM_IP_2.trimmed.umi.fq.gz
[Fri Oct 24 14:34:03 2025]
Finished job 105.
34 of 142 steps (24%) done
Select jobs to execute...
[Fri Oct 24 14:34:11 2025]
Finished job 94.
35 of 142 steps (25%) done
[Fri Oct 24 14:34:25 2025]
Finished job 77.
36 of 142 steps (25%) done
Removing temporary output output/bedgraphs/unscaled/plus/SNRNP70_CTL_IP_1.unscaled.plus.bg.
Removing temporary output output/bedgraphs/unscaled/minus/SNRNP70_CTL_IP_1.unscaled.minus.bg.
[Fri Oct 24 14:34:26 2025]
Finished job 85.
37 of 142 steps (26%) done
Removing temporary output output/bedgraphs/scaled/plus/SNRNP70_CTL_IP_1.scaled.plus.bg.
Removing temporary output output/bedgraphs/scaled/minus/SNRNP70_CTL_IP_1.scaled.minus.bg.
Approx 85% complete for SNRNP70_OSM_IP_2.trimmed.umi.fq.gz

Fri Oct 24 14:35:04 2025 >> done (411.359s)
21918019 reads processed; of these:
  368078 ( 1.68%) short reads filtered out after trimming by size control
     599 ( 0.00%) empty reads filtered out after trimming by size control
21549342 (98.32%) reads available; of these:
 5604024 (26.01%) trimmed reads available after processing
15945318 (73.99%) untrimmed reads available after processing
log has been saved to "output/fastqs/trimmed/SNRNP70_CTL_IP_2-trimmed.log".
[Fri Oct 24 14:35:04 2025]
Finished job 26.
38 of 142 steps (27%) done

[Fri Oct 24 14:35:04 2025]
rule extract_umi:
    input: output/fastqs/trimmed/SNRNP70_CTL_IP_2-trimmed.fastq.gz
    output: output/fastqs/umi/SNRNP70_CTL_IP_2.trimmed.umi.fq.gz, output/fastp/SNRNP70_CTL_IP_2.fastp.json, output/fastp/SNRNP70_CTL_IP_2.fastp.html
    jobid: 25
    benchmark: benchmarks/umi/unassigned_experiment.SNRNP70_CTL_IP_2.extract_umi.txt
    reason: Missing output files: output/fastqs/umi/SNRNP70_CTL_IP_2.trimmed.umi.fq.gz; Input files updated by another job: output/fastqs/trimmed/SNRNP70_CTL_IP_2-trimmed.fastq.gz
    wildcards: replicate_label=SNRNP70_CTL_IP_2
    threads: 8
    resources: tmpdir=/tmp

fastp -i output/fastqs/trimmed/SNRNP70_CTL_IP_2-trimmed.fastq.gz -o output/fastqs/umi/SNRNP70_CTL_IP_2.trimmed.umi.fq.gz -A -U --umi_len=10 --umi_loc=read1 -j output/fastp/SNRNP70_CTL_IP_2.fastp.json -h output/fastp/SNRNP70_CTL_IP_2.fastp.html -w 8
Approx 90% complete for SNRNP70_OSM_IP_2.trimmed.umi.fq.gz
Approx 95% complete for SNRNP70_OSM_IP_2.trimmed.umi.fq.gz
Read1 before filtering:
total reads: 21549342
total bases: 1962191644
Q20 bases: 1937716323(98.7527%)
Q30 bases: 1871986740(95.4028%)

Read1 after filtering:
total reads: 21410620
total bases: 1744958240
Q20 bases: 1722876722(98.7346%)
Q30 bases: 1663775784(95.3476%)

Filtering result:
reads passed filter: 21410620
reads failed due to low quality: 68
reads failed due to too many N: 6
reads failed due to too short: 138648

Duplication rate (may be overestimated since this is SE data): 82.3995%

JSON report: output/fastp/SNRNP70_CTL_IP_2.fastp.json
HTML report: output/fastp/SNRNP70_CTL_IP_2.fastp.html

fastp -i output/fastqs/trimmed/SNRNP70_CTL_IP_2-trimmed.fastq.gz -o output/fastqs/umi/SNRNP70_CTL_IP_2.trimmed.umi.fq.gz -A -U --umi_len=10 --umi_loc=read1 -j output/fastp/SNRNP70_CTL_IP_2.fastp.json -h output/fastp/SNRNP70_CTL_IP_2.fastp.html -w 8 
fastp v0.23.4, time used: 61 seconds
[Fri Oct 24 14:36:05 2025]
Finished job 25.
39 of 142 steps (27%) done
Removing temporary output output/fastqs/trimmed/SNRNP70_CTL_IP_2-trimmed.fastq.gz.
Select jobs to execute...

[Fri Oct 24 14:36:06 2025]
rule align_reads:
    input: output/fastqs/umi/SNRNP70_CTL_IP_2.trimmed.umi.fq.gz
    output: output/bams/raw/genome/SNRNP70_CTL_IP_2.genome.Aligned.out.bam, output/bams/raw/genome/SNRNP70_CTL_IP_2.genome.Log.final.out
    jobid: 55
    benchmark: benchmarks/align/unassigned_experiment.SNRNP70_CTL_IP_2.align_reads_genome.txt
    reason: Missing output files: output/bams/raw/genome/SNRNP70_CTL_IP_2.genome.Aligned.out.bam; Input files updated by another job: output/fastqs/umi/SNRNP70_CTL_IP_2.trimmed.umi.fq.gz
    wildcards: replicate_label=SNRNP70_CTL_IP_2
    threads: 8
    resources: tmpdir=/tmp

STAR --alignEndsType EndToEnd --genomeDir ./annotations/genome_ref --genomeLoad NoSharedMemory --outBAMcompression 10 --outFileNamePrefix output/bams/raw/genome/SNRNP70_CTL_IP_2.genome. --winAnchorMultimapNmax 100 --outFilterMultimapNmax 100 --outFilterMultimapScoreRange 1 --outSAMmultNmax 1 --outMultimapperOrder Random --outFilterScoreMin 10 --outFilterType BySJout --limitOutSJcollapsed 5000000 --outReadsUnmapped None --outSAMattrRGline ID:SNRNP70_CTL_IP_2 --outSAMattributes All --outSAMmode Full --outSAMtype BAM Unsorted --outSAMunmapped Within --readFilesCommand zcat --outStd Log --readFilesIn output/fastqs/umi/SNRNP70_CTL_IP_2.trimmed.umi.fq.gz --runMode alignReads --runThreadN 8

[Fri Oct 24 14:36:06 2025]
rule run_trimmed_fastqc:
    input: output/fastqs/umi/SNRNP70_CTL_IP_2.trimmed.umi.fq.gz
    output: output/fastqc/processed/SNRNP70_CTL_IP_2.trimmed.umi_fastqc.html, output/fastqc/processed/SNRNP70_CTL_IP_2.trimmed.umi_fastqc.zip
    jobid: 24
    benchmark: benchmarks/fastqc/unassigned_experiment.SNRNP70_CTL_IP_2.trimmed_fastqc.txt
    reason: Missing output files: output/fastqc/processed/SNRNP70_CTL_IP_2.trimmed.umi_fastqc.html; Input files updated by another job: output/fastqs/umi/SNRNP70_CTL_IP_2.trimmed.umi.fq.gz
    wildcards: replicate_label=SNRNP70_CTL_IP_2
    resources: tmpdir=/tmp

fastqc output/fastqs/umi/SNRNP70_CTL_IP_2.trimmed.umi.fq.gz --extract --outdir output/fastqc/processed -t 1
	/work/pa-hilario/anaconda3/envs/skipper/bin/STAR-avx2 --alignEndsType EndToEnd --genomeDir ./annotations/genome_ref --genomeLoad NoSharedMemory --outBAMcompression 10 --outFileNamePrefix output/bams/raw/genome/SNRNP70_CTL_IP_2.genome. --winAnchorMultimapNmax 100 --outFilterMultimapNmax 100 --outFilterMultimapScoreRange 1 --outSAMmultNmax 1 --outMultimapperOrder Random --outFilterScoreMin 10 --outFilterType BySJout --limitOutSJcollapsed 5000000 --outReadsUnmapped None --outSAMattrRGline ID:SNRNP70_CTL_IP_2 --outSAMattributes All --outSAMmode Full --outSAMtype BAM Unsorted --outSAMunmapped Within --readFilesCommand zcat --outStd Log --readFilesIn output/fastqs/umi/SNRNP70_CTL_IP_2.trimmed.umi.fq.gz --runMode alignReads --runThreadN 8
	STAR version: 2.7.10b   compiled: 2023-05-25T06:56:23+0000 :/opt/conda/conda-bld/star_1684997536154/work/source
Oct 24 14:36:06 ..... started STAR run
Oct 24 14:36:06 ..... loading genome
application/gzip
Started analysis of SNRNP70_CTL_IP_2.trimmed.umi.fq.gz
Analysis complete for SNRNP70_OSM_IP_2.trimmed.umi.fq.gz
Approx 5% complete for SNRNP70_CTL_IP_2.trimmed.umi.fq.gz
Approx 10% complete for SNRNP70_CTL_IP_2.trimmed.umi.fq.gz
[Fri Oct 24 14:36:19 2025]
Finished job 30.
40 of 142 steps (28%) done
Select jobs to execute...
Approx 15% complete for SNRNP70_CTL_IP_2.trimmed.umi.fq.gz
Approx 20% complete for SNRNP70_CTL_IP_2.trimmed.umi.fq.gz
Oct 24 14:36:24 ..... started mapping
Approx 25% complete for SNRNP70_CTL_IP_2.trimmed.umi.fq.gz
Approx 30% complete for SNRNP70_CTL_IP_2.trimmed.umi.fq.gz
Approx 35% complete for SNRNP70_CTL_IP_2.trimmed.umi.fq.gz
Approx 40% complete for SNRNP70_CTL_IP_2.trimmed.umi.fq.gz
Approx 45% complete for SNRNP70_CTL_IP_2.trimmed.umi.fq.gz
Approx 50% complete for SNRNP70_CTL_IP_2.trimmed.umi.fq.gz
Approx 55% complete for SNRNP70_CTL_IP_2.trimmed.umi.fq.gz
Approx 60% complete for SNRNP70_CTL_IP_2.trimmed.umi.fq.gz
Approx 65% complete for SNRNP70_CTL_IP_2.trimmed.umi.fq.gz
Approx 70% complete for SNRNP70_CTL_IP_2.trimmed.umi.fq.gz
Approx 75% complete for SNRNP70_CTL_IP_2.trimmed.umi.fq.gz
Approx 80% complete for SNRNP70_CTL_IP_2.trimmed.umi.fq.gz
Approx 85% complete for SNRNP70_CTL_IP_2.trimmed.umi.fq.gz
Approx 90% complete for SNRNP70_CTL_IP_2.trimmed.umi.fq.gz
Approx 95% complete for SNRNP70_CTL_IP_2.trimmed.umi.fq.gz
Analysis complete for SNRNP70_CTL_IP_2.trimmed.umi.fq.gz
[Fri Oct 24 14:37:35 2025]
Finished job 24.
41 of 142 steps (29%) done
Oct 24 14:38:04 ..... finished mapping
Oct 24 14:38:06 ..... finished successfully
[Fri Oct 24 14:38:06 2025]
Finished job 55.
42 of 142 steps (30%) done

[Fri Oct 24 14:38:06 2025]
rule align_reads:
    input: output/fastqs/umi/SNRNP70_OSM_IP_2.trimmed.umi.fq.gz
    output: output/bams/raw/genome/SNRNP70_OSM_IP_2.genome.Aligned.out.bam, output/bams/raw/genome/SNRNP70_OSM_IP_2.genome.Log.final.out
    jobid: 63
    benchmark: benchmarks/align/unassigned_experiment.SNRNP70_OSM_IP_2.align_reads_genome.txt
    reason: Missing output files: output/bams/raw/genome/SNRNP70_OSM_IP_2.genome.Aligned.out.bam; Input files updated by another job: output/fastqs/umi/SNRNP70_OSM_IP_2.trimmed.umi.fq.gz
    wildcards: replicate_label=SNRNP70_OSM_IP_2
    threads: 8
    resources: tmpdir=/tmp

STAR --alignEndsType EndToEnd --genomeDir ./annotations/genome_ref --genomeLoad NoSharedMemory --outBAMcompression 10 --outFileNamePrefix output/bams/raw/genome/SNRNP70_OSM_IP_2.genome. --winAnchorMultimapNmax 100 --outFilterMultimapNmax 100 --outFilterMultimapScoreRange 1 --outSAMmultNmax 1 --outMultimapperOrder Random --outFilterScoreMin 10 --outFilterType BySJout --limitOutSJcollapsed 5000000 --outReadsUnmapped None --outSAMattrRGline ID:SNRNP70_OSM_IP_2 --outSAMattributes All --outSAMmode Full --outSAMtype BAM Unsorted --outSAMunmapped Within --readFilesCommand zcat --outStd Log --readFilesIn output/fastqs/umi/SNRNP70_OSM_IP_2.trimmed.umi.fq.gz --runMode alignReads --runThreadN 8

[Fri Oct 24 14:38:06 2025]
rule sort_bam:
    input: output/bams/raw/genome/SNRNP70_CTL_IP_2.genome.Aligned.out.bam
    output: output/bams/raw/genome/SNRNP70_CTL_IP_2.genome.Aligned.sort.bam
    jobid: 54
    benchmark: benchmarks/sort/genome/unassigned_experiment.SNRNP70_CTL_IP_2.sort_bam.txt
    reason: Missing output files: output/bams/raw/genome/SNRNP70_CTL_IP_2.genome.Aligned.sort.bam; Input files updated by another job: output/bams/raw/genome/SNRNP70_CTL_IP_2.genome.Aligned.out.bam
    wildcards: ref=genome, replicate_label=SNRNP70_CTL_IP_2
    threads: 2
    resources: tmpdir=/tmp

samtools sort -T SNRNP70_CTL_IP_2 -@ 2 -o output/bams/raw/genome/SNRNP70_CTL_IP_2.genome.Aligned.sort.bam output/bams/raw/genome/SNRNP70_CTL_IP_2.genome.Aligned.out.bam;
	/work/pa-hilario/anaconda3/envs/skipper/bin/STAR-avx2 --alignEndsType EndToEnd --genomeDir ./annotations/genome_ref --genomeLoad NoSharedMemory --outBAMcompression 10 --outFileNamePrefix output/bams/raw/genome/SNRNP70_OSM_IP_2.genome. --winAnchorMultimapNmax 100 --outFilterMultimapNmax 100 --outFilterMultimapScoreRange 1 --outSAMmultNmax 1 --outMultimapperOrder Random --outFilterScoreMin 10 --outFilterType BySJout --limitOutSJcollapsed 5000000 --outReadsUnmapped None --outSAMattrRGline ID:SNRNP70_OSM_IP_2 --outSAMattributes All --outSAMmode Full --outSAMtype BAM Unsorted --outSAMunmapped Within --readFilesCommand zcat --outStd Log --readFilesIn output/fastqs/umi/SNRNP70_OSM_IP_2.trimmed.umi.fq.gz --runMode alignReads --runThreadN 8
	STAR version: 2.7.10b   compiled: 2023-05-25T06:56:23+0000 :/opt/conda/conda-bld/star_1684997536154/work/source
Oct 24 14:38:06 ..... started STAR run
Oct 24 14:38:06 ..... loading genome
Oct 24 14:38:24 ..... started mapping
[bam_sort_core] merging from 4 files and 2 in-memory blocks...
[Fri Oct 24 14:39:22 2025]
Finished job 54.
43 of 142 steps (30%) done
Removing temporary output output/bams/raw/genome/SNRNP70_CTL_IP_2.genome.Aligned.out.bam.
Select jobs to execute...

[Fri Oct 24 14:39:23 2025]
rule index_bams:
    input: output/bams/raw/genome/SNRNP70_CTL_IP_2.genome.Aligned.sort.bam
    output: output/bams/raw/genome/SNRNP70_CTL_IP_2.genome.Aligned.sort.bam.bai
    jobid: 56
    benchmark: benchmarks/index_bam/raw/genome/sort/unassigned_experiment.SNRNP70_CTL_IP_2.genome.index_bam.txt
    reason: Missing output files: output/bams/raw/genome/SNRNP70_CTL_IP_2.genome.Aligned.sort.bam.bai; Input files updated by another job: output/bams/raw/genome/SNRNP70_CTL_IP_2.genome.Aligned.sort.bam
    wildcards: round=raw, ref=genome, replicate_label=SNRNP70_CTL_IP_2.genome, mid=sort
    threads: 2
    resources: tmpdir=/tmp

samtools index -@ 2 output/bams/raw/genome/SNRNP70_CTL_IP_2.genome.Aligned.sort.bam;
[Fri Oct 24 14:39:27 2025]
Finished job 56.
44 of 142 steps (31%) done
Select jobs to execute...

[Fri Oct 24 14:39:27 2025]
rule dedup_umi:
    input: output/bams/raw/genome/SNRNP70_CTL_IP_2.genome.Aligned.sort.bam, output/bams/raw/genome/SNRNP70_CTL_IP_2.genome.Aligned.sort.bam.bai
    output: output/bams/dedup/genome/SNRNP70_CTL_IP_2.genome.Aligned.sort.dedup.bam
    jobid: 53
    benchmark: benchmarks/dedup/genome/unassigned_experiment.SNRNP70_CTL_IP_2.dedup_umi.txt
    reason: Missing output files: output/bams/dedup/genome/SNRNP70_CTL_IP_2.genome.Aligned.sort.dedup.bam; Input files updated by another job: output/bams/raw/genome/SNRNP70_CTL_IP_2.genome.Aligned.sort.bam.bai, output/bams/raw/genome/SNRNP70_CTL_IP_2.genome.Aligned.sort.bam
    wildcards: replicate_label=SNRNP70_CTL_IP_2
    resources: tmpdir=/tmp

java -server -Xms8G -Xmx8G -Xss20M -jar installation/UMICollapse-1.0.0/umicollapse.jar bam -i output/bams/raw/genome/SNRNP70_CTL_IP_2.genome.Aligned.sort.bam -o output/bams/dedup/genome/SNRNP70_CTL_IP_2.genome.Aligned.sort.dedup.bam --umi-sep : --two-pass
Arguments	[bam, -i, output/bams/raw/genome/SNRNP70_CTL_IP_2.genome.Aligned.sort.bam, -o, output/bams/dedup/genome/SNRNP70_CTL_IP_2.genome.Aligned.sort.dedup.bam, --umi-sep, :, --two-pass]
Done with the first pass!
INFO	2025-10-24 14:41:20	SortingCollection	Creating merging iterator from 5 files
Number of input reads	21410620
Number of removed unmapped reads	156283
Number of unremoved reads	21254337
Number of unique alignment positions	152886
Average number of UMIs per alignment position	25.069640124013972
Max number of UMIs over all alignment positions	80459
Number of reads after deduplicating	2047986
UMI collapsing finished in 131.078 seconds!
[Fri Oct 24 14:41:38 2025]
Finished job 53.
45 of 142 steps (32%) done
Select jobs to execute...

[Fri Oct 24 14:41:39 2025]
rule make_scaled_bigwig:
    input: ./annotations/genome_ref/chrNameLength.txt, output/bams/dedup/genome/SNRNP70_CTL_IP_2.genome.Aligned.sort.dedup.bam
    output: output/bedgraphs/scaled/plus/SNRNP70_CTL_IP_2.scaled.plus.bg, output/bedgraphs/scaled/minus/SNRNP70_CTL_IP_2.scaled.minus.bg, output/bigwigs/scaled/plus/SNRNP70_CTL_IP_2.scaled.plus.bw, output/bigwigs/scaled/minus/SNRNP70_CTL_IP_2.scaled.minus.bw
    jobid: 86
    benchmark: benchmarks/bigwigs/unassigned_experiment.SNRNP70_CTL_IP_2.make_bigwig.txt
    reason: Missing output files: output/bigwigs/scaled/plus/SNRNP70_CTL_IP_2.scaled.plus.bw; Input files updated by another job: output/bams/dedup/genome/SNRNP70_CTL_IP_2.genome.Aligned.sort.dedup.bam
    wildcards: replicate_label=SNRNP70_CTL_IP_2
    resources: tmpdir=/tmp

factor=$(samtools idxstats output/bams/dedup/genome/SNRNP70_CTL_IP_2.genome.Aligned.sort.dedup.bam | cut -f 3 | paste -sd+ | bc | xargs -I {} echo 'scale=6; 10^6 / {}' | bc);bedtools genomecov -scale $factor -5 -strand + -bg -ibam output/bams/dedup/genome/SNRNP70_CTL_IP_2.genome.Aligned.sort.dedup.bam | sort -k1,1 -k2,2n | grep -v EBV > output/bedgraphs/scaled/plus/SNRNP70_CTL_IP_2.scaled.plus.bg;bedtools genomecov -scale $factor -5 -strand - -bg -ibam output/bams/dedup/genome/SNRNP70_CTL_IP_2.genome.Aligned.sort.dedup.bam | sort -k1,1 -k2,2n | grep -v EBV > output/bedgraphs/scaled/minus/SNRNP70_CTL_IP_2.scaled.minus.bg;bedGraphToBigWig output/bedgraphs/scaled/plus/SNRNP70_CTL_IP_2.scaled.plus.bg ./annotations/genome_ref/chrNameLength.txt output/bigwigs/scaled/plus/SNRNP70_CTL_IP_2.scaled.plus.bw;bedGraphToBigWig output/bedgraphs/scaled/minus/SNRNP70_CTL_IP_2.scaled.minus.bg ./annotations/genome_ref/chrNameLength.txt output/bigwigs/scaled/minus/SNRNP70_CTL_IP_2.scaled.minus.bw;

[Fri Oct 24 14:41:39 2025]
rule make_unscaled_bigwig:
    input: ./annotations/genome_ref/chrNameLength.txt, output/bams/dedup/genome/SNRNP70_CTL_IP_2.genome.Aligned.sort.dedup.bam
    output: output/bedgraphs/unscaled/plus/SNRNP70_CTL_IP_2.unscaled.plus.bg, output/bedgraphs/unscaled/minus/SNRNP70_CTL_IP_2.unscaled.minus.bg, output/bigwigs/unscaled/plus/SNRNP70_CTL_IP_2.unscaled.plus.bw, output/bigwigs/unscaled/minus/SNRNP70_CTL_IP_2.unscaled.minus.bw
    jobid: 78
    benchmark: benchmarks/bigwigs/unassigned_experiment.SNRNP70_CTL_IP_2.make_bigwig.txt
    reason: Missing output files: output/bigwigs/unscaled/plus/SNRNP70_CTL_IP_2.unscaled.plus.bw; Input files updated by another job: output/bams/dedup/genome/SNRNP70_CTL_IP_2.genome.Aligned.sort.dedup.bam
    wildcards: replicate_label=SNRNP70_CTL_IP_2
    resources: tmpdir=/tmp

bedtools genomecov -5 -strand + -bg -ibam output/bams/dedup/genome/SNRNP70_CTL_IP_2.genome.Aligned.sort.dedup.bam | sort -k1,1 -k2,2n | grep -v EBV > output/bedgraphs/unscaled/plus/SNRNP70_CTL_IP_2.unscaled.plus.bg;bedtools genomecov -5 -strand - -bg -ibam output/bams/dedup/genome/SNRNP70_CTL_IP_2.genome.Aligned.sort.dedup.bam | sort -k1,1 -k2,2n | grep -v EBV > output/bedgraphs/unscaled/minus/SNRNP70_CTL_IP_2.unscaled.minus.bg;bedGraphToBigWig output/bedgraphs/unscaled/plus/SNRNP70_CTL_IP_2.unscaled.plus.bg ./annotations/genome_ref/chrNameLength.txt output/bigwigs/unscaled/plus/SNRNP70_CTL_IP_2.unscaled.plus.bw;bedGraphToBigWig output/bedgraphs/unscaled/minus/SNRNP70_CTL_IP_2.unscaled.minus.bg ./annotations/genome_ref/chrNameLength.txt output/bigwigs/unscaled/minus/SNRNP70_CTL_IP_2.unscaled.minus.bw;
[E::idx_find_and_load] Could not retrieve index file for 'output/bams/dedup/genome/SNRNP70_CTL_IP_2.genome.Aligned.sort.dedup.bam'
samtools idxstats: fail to load index for "output/bams/dedup/genome/SNRNP70_CTL_IP_2.genome.Aligned.sort.dedup.bam", reverting to slow method

[Fri Oct 24 14:41:39 2025]
rule index_bams:
    input: output/bams/dedup/genome/SNRNP70_CTL_IP_2.genome.Aligned.sort.dedup.bam
    output: output/bams/dedup/genome/SNRNP70_CTL_IP_2.genome.Aligned.sort.dedup.bam.bai
    jobid: 70
    benchmark: benchmarks/index_bam/dedup/genome/sort.dedup/unassigned_experiment.SNRNP70_CTL_IP_2.genome.index_bam.txt
    reason: Missing output files: output/bams/dedup/genome/SNRNP70_CTL_IP_2.genome.Aligned.sort.dedup.bam.bai; Input files updated by another job: output/bams/dedup/genome/SNRNP70_CTL_IP_2.genome.Aligned.sort.dedup.bam
    wildcards: round=dedup, ref=genome, replicate_label=SNRNP70_CTL_IP_2.genome, mid=sort.dedup
    threads: 2
    resources: tmpdir=/tmp

samtools index -@ 2 output/bams/dedup/genome/SNRNP70_CTL_IP_2.genome.Aligned.sort.dedup.bam;

[Fri Oct 24 14:41:39 2025]
rule partition_bam_reads:
    input: ./annotations/genome_ref/chrNameLength.txt, output/bams/dedup/genome/SNRNP70_CTL_IP_2.genome.Aligned.sort.dedup.bam, ./annotations/gencode.v38.annotation.k562_totalrna.gt1.tiled_partition.bed.gz
    output: output/counts/genome/vectors/SNRNP70_CTL_IP_2.counts
    jobid: 100
    benchmark: benchmarks/counts/unassigned_experiment.SNRNP70_CTL_IP_2.partition_bam_reads.txt
    reason: Missing output files: output/counts/genome/vectors/SNRNP70_CTL_IP_2.counts; Input files updated by another job: output/bams/dedup/genome/SNRNP70_CTL_IP_2.genome.Aligned.sort.dedup.bam
    wildcards: replicate_label=SNRNP70_CTL_IP_2
    resources: tmpdir=/tmp

bedtools bamtobed -i output/bams/dedup/genome/SNRNP70_CTL_IP_2.genome.Aligned.sort.dedup.bam | awk '($1 != "chrEBV") && ($4 !~ "/2$")' | bedtools flank -s -l 1 -r 0 -g ./annotations/genome_ref/chrNameLength.txt -i - | bedtools shift -p 1 -m -1 -g ./annotations/genome_ref/chrNameLength.txt -i - | bedtools sort -i - | bedtools coverage -counts -s -a ./annotations/gencode.v38.annotation.k562_totalrna.gt1.tiled_partition.bed.gz -b - | cut -f 7 | awk 'BEGIN {print "SNRNP70_CTL_IP_2"} {print}' > output/counts/genome/vectors/SNRNP70_CTL_IP_2.counts;

[Fri Oct 24 14:41:39 2025]
rule quantify_repeats:
    input: ./annotations/genome_ref/chrNameLength.txt, output/bams/dedup/genome/SNRNP70_CTL_IP_2.genome.Aligned.sort.dedup.bam, ./annotations/repeatmasker.grch38.sort.unique.bed.gz
    output: output/counts/repeats/vectors/SNRNP70_CTL_IP_2.counts
    jobid: 95
    benchmark: benchmarks/repeats/unassigned_experiment.SNRNP70_CTL_IP_2.quantify_repeats.txt
    reason: Missing output files: output/counts/repeats/vectors/SNRNP70_CTL_IP_2.counts; Input files updated by another job: output/bams/dedup/genome/SNRNP70_CTL_IP_2.genome.Aligned.sort.dedup.bam
    wildcards: replicate_label=SNRNP70_CTL_IP_2
    resources: tmpdir=/tmp

bedtools bamtobed -i output/bams/dedup/genome/SNRNP70_CTL_IP_2.genome.Aligned.sort.dedup.bam | awk '($1 != "chrEBV") && ($4 !~ "/2$")' | bedtools flank -s -l 1 -r 0 -g ./annotations/genome_ref/chrNameLength.txt -i - | bedtools shift -p 1 -m -1 -g ./annotations/genome_ref/chrNameLength.txt -i - | bedtools sort -i - | bedtools coverage -s -counts -a ./annotations/repeatmasker.grch38.sort.unique.bed.gz -b - | awk 'BEGIN {print "SNRNP70_CTL_IP_2"} {print $NF}' > output/counts/repeats/vectors/SNRNP70_CTL_IP_2.counts
[Fri Oct 24 14:41:39 2025]
Finished job 70.
46 of 142 steps (32%) done
Select jobs to execute...
[Fri Oct 24 14:41:59 2025]
Finished job 100.
47 of 142 steps (33%) done
[Fri Oct 24 14:42:07 2025]
Finished job 95.
48 of 142 steps (34%) done
[Fri Oct 24 14:42:22 2025]
Finished job 78.
49 of 142 steps (35%) done
Removing temporary output output/bedgraphs/unscaled/plus/SNRNP70_CTL_IP_2.unscaled.plus.bg.
Removing temporary output output/bedgraphs/unscaled/minus/SNRNP70_CTL_IP_2.unscaled.minus.bg.
[Fri Oct 24 14:42:24 2025]
Finished job 86.
50 of 142 steps (35%) done
Removing temporary output output/bedgraphs/scaled/plus/SNRNP70_CTL_IP_2.scaled.plus.bg.
Removing temporary output output/bedgraphs/scaled/minus/SNRNP70_CTL_IP_2.scaled.minus.bg.
Oct 24 14:49:18 ..... finished mapping
Oct 24 14:49:21 ..... finished successfully
[Fri Oct 24 14:49:23 2025]
Finished job 63.
51 of 142 steps (36%) done

[Fri Oct 24 14:49:25 2025]
rule align_reads:
    input: output/fastqs/umi/SNRNP70_OSM_IN_2.trimmed.umi.fq.gz
    output: output/bams/raw/genome/SNRNP70_OSM_IN_2.genome.Aligned.out.bam, output/bams/raw/genome/SNRNP70_OSM_IN_2.genome.Log.final.out
    jobid: 47
    benchmark: benchmarks/align/unassigned_experiment.SNRNP70_OSM_IN_2.align_reads_genome.txt
    reason: Missing output files: output/bams/raw/genome/SNRNP70_OSM_IN_2.genome.Aligned.out.bam; Input files updated by another job: output/fastqs/umi/SNRNP70_OSM_IN_2.trimmed.umi.fq.gz
    wildcards: replicate_label=SNRNP70_OSM_IN_2
    threads: 8
    resources: tmpdir=/tmp

STAR --alignEndsType EndToEnd --genomeDir ./annotations/genome_ref --genomeLoad NoSharedMemory --outBAMcompression 10 --outFileNamePrefix output/bams/raw/genome/SNRNP70_OSM_IN_2.genome. --winAnchorMultimapNmax 100 --outFilterMultimapNmax 100 --outFilterMultimapScoreRange 1 --outSAMmultNmax 1 --outMultimapperOrder Random --outFilterScoreMin 10 --outFilterType BySJout --limitOutSJcollapsed 5000000 --outReadsUnmapped None --outSAMattrRGline ID:SNRNP70_OSM_IN_2 --outSAMattributes All --outSAMmode Full --outSAMtype BAM Unsorted --outSAMunmapped Within --readFilesCommand zcat --outStd Log --readFilesIn output/fastqs/umi/SNRNP70_OSM_IN_2.trimmed.umi.fq.gz --runMode alignReads --runThreadN 8

[Fri Oct 24 14:49:25 2025]
rule sort_bam:
    input: output/bams/raw/genome/SNRNP70_OSM_IP_2.genome.Aligned.out.bam
    output: output/bams/raw/genome/SNRNP70_OSM_IP_2.genome.Aligned.sort.bam
    jobid: 62
    benchmark: benchmarks/sort/genome/unassigned_experiment.SNRNP70_OSM_IP_2.sort_bam.txt
    reason: Missing output files: output/bams/raw/genome/SNRNP70_OSM_IP_2.genome.Aligned.sort.bam; Input files updated by another job: output/bams/raw/genome/SNRNP70_OSM_IP_2.genome.Aligned.out.bam
    wildcards: ref=genome, replicate_label=SNRNP70_OSM_IP_2
    threads: 2
    resources: tmpdir=/tmp

samtools sort -T SNRNP70_OSM_IP_2 -@ 2 -o output/bams/raw/genome/SNRNP70_OSM_IP_2.genome.Aligned.sort.bam output/bams/raw/genome/SNRNP70_OSM_IP_2.genome.Aligned.out.bam;
	/work/pa-hilario/anaconda3/envs/skipper/bin/STAR-avx2 --alignEndsType EndToEnd --genomeDir ./annotations/genome_ref --genomeLoad NoSharedMemory --outBAMcompression 10 --outFileNamePrefix output/bams/raw/genome/SNRNP70_OSM_IN_2.genome. --winAnchorMultimapNmax 100 --outFilterMultimapNmax 100 --outFilterMultimapScoreRange 1 --outSAMmultNmax 1 --outMultimapperOrder Random --outFilterScoreMin 10 --outFilterType BySJout --limitOutSJcollapsed 5000000 --outReadsUnmapped None --outSAMattrRGline ID:SNRNP70_OSM_IN_2 --outSAMattributes All --outSAMmode Full --outSAMtype BAM Unsorted --outSAMunmapped Within --readFilesCommand zcat --outStd Log --readFilesIn output/fastqs/umi/SNRNP70_OSM_IN_2.trimmed.umi.fq.gz --runMode alignReads --runThreadN 8
	STAR version: 2.7.10b   compiled: 2023-05-25T06:56:23+0000 :/opt/conda/conda-bld/star_1684997536154/work/source
Oct 24 14:49:25 ..... started STAR run
Oct 24 14:49:26 ..... loading genome
Oct 24 14:49:44 ..... started mapping
Oct 24 14:50:55 ..... finished mapping
Oct 24 14:50:58 ..... finished successfully
[Fri Oct 24 14:50:58 2025]
Finished job 47.
52 of 142 steps (37%) done
Select jobs to execute...

[Fri Oct 24 14:50:58 2025]
rule sort_bam:
    input: output/bams/raw/genome/SNRNP70_OSM_IN_2.genome.Aligned.out.bam
    output: output/bams/raw/genome/SNRNP70_OSM_IN_2.genome.Aligned.sort.bam
    jobid: 46
    benchmark: benchmarks/sort/genome/unassigned_experiment.SNRNP70_OSM_IN_2.sort_bam.txt
    reason: Missing output files: output/bams/raw/genome/SNRNP70_OSM_IN_2.genome.Aligned.sort.bam; Input files updated by another job: output/bams/raw/genome/SNRNP70_OSM_IN_2.genome.Aligned.out.bam
    wildcards: ref=genome, replicate_label=SNRNP70_OSM_IN_2
    threads: 2
    resources: tmpdir=/tmp

samtools sort -T SNRNP70_OSM_IN_2 -@ 2 -o output/bams/raw/genome/SNRNP70_OSM_IN_2.genome.Aligned.sort.bam output/bams/raw/genome/SNRNP70_OSM_IN_2.genome.Aligned.out.bam;

[Fri Oct 24 14:50:58 2025]
rule trim_fastq:
    input: input/N290_L1_1.fq.gz, input/InvRiL19.fasta
    output: output/fastqs/trimmed/SNRNP70_OSM_IN_1-trimmed.fastq.gz, output/fastqs/trimmed/SNRNP70_OSM_IN_1-trimmed.log
    jobid: 17
    benchmark: benchmarks/trim/unassigned_experiment.SNRNP70_OSM_IN_1.trim.txt
    reason: Missing output files: output/fastqs/trimmed/SNRNP70_OSM_IN_1-trimmed.fastq.gz; Updated input files: input/N290_L1_1.fq.gz, input/InvRiL19.fasta
    wildcards: replicate_label=SNRNP70_OSM_IN_1
    threads: 8
    resources: tmpdir=/tmp

zcat input/N290_L1_1.fq.gz | skewer -t 8 -x input/InvRiL19.fasta -o output/fastqs/trimmed/SNRNP70_OSM_IN_1 -z -r 0.2 -d 0.2 -q 13 -l 20 -
.--. .-.
: .--': :.-.
`. `. : `'.' .--. .-..-..-. .--. .--.
_`, :: . `.' '_.': `; `; :' '_.': ..'
`.__.':_;:_;`.__.'`.__.__.'`.__.':_;
skewer v0.2.2 [April 4, 2016]
Parameters used:
-- 3' end adapter sequences in file (-x):	input/InvRiL19.fasta
A:	AGATCGGAAGAGCACACGTC
-- maximum error ratio allowed (-r):	0.200
-- maximum indel error ratio allowed (-d):	0.200
-- end quality threshold (-q):		13
-- minimum read length allowed after trimming (-l):	20
-- file format (-f):		Unknown format (auto detected)
-- minimum overlap length for adapter detection (-k):	2
-- number of concurrent threads (-t):	8
Fri Oct 24 14:50:58 2025 >> started
[bam_sort_core] merging from 1 files and 2 in-memory blocks...
[Fri Oct 24 14:51:27 2025]
Finished job 46.
53 of 142 steps (37%) done
Removing temporary output output/bams/raw/genome/SNRNP70_OSM_IN_2.genome.Aligned.out.bam.
Select jobs to execute...

[Fri Oct 24 14:51:27 2025]
rule index_bams:
    input: output/bams/raw/genome/SNRNP70_OSM_IN_2.genome.Aligned.sort.bam
    output: output/bams/raw/genome/SNRNP70_OSM_IN_2.genome.Aligned.sort.bam.bai
    jobid: 48
    benchmark: benchmarks/index_bam/raw/genome/sort/unassigned_experiment.SNRNP70_OSM_IN_2.genome.index_bam.txt
    reason: Missing output files: output/bams/raw/genome/SNRNP70_OSM_IN_2.genome.Aligned.sort.bam.bai; Input files updated by another job: output/bams/raw/genome/SNRNP70_OSM_IN_2.genome.Aligned.sort.bam
    wildcards: round=raw, ref=genome, replicate_label=SNRNP70_OSM_IN_2.genome, mid=sort
    threads: 2
    resources: tmpdir=/tmp

samtools index -@ 2 output/bams/raw/genome/SNRNP70_OSM_IN_2.genome.Aligned.sort.bam;
[Fri Oct 24 14:51:29 2025]
Finished job 48.
54 of 142 steps (38%) done
Select jobs to execute...

[Fri Oct 24 14:51:29 2025]
rule dedup_umi:
    input: output/bams/raw/genome/SNRNP70_OSM_IN_2.genome.Aligned.sort.bam, output/bams/raw/genome/SNRNP70_OSM_IN_2.genome.Aligned.sort.bam.bai
    output: output/bams/dedup/genome/SNRNP70_OSM_IN_2.genome.Aligned.sort.dedup.bam
    jobid: 45
    benchmark: benchmarks/dedup/genome/unassigned_experiment.SNRNP70_OSM_IN_2.dedup_umi.txt
    reason: Missing output files: output/bams/dedup/genome/SNRNP70_OSM_IN_2.genome.Aligned.sort.dedup.bam; Input files updated by another job: output/bams/raw/genome/SNRNP70_OSM_IN_2.genome.Aligned.sort.bam.bai, output/bams/raw/genome/SNRNP70_OSM_IN_2.genome.Aligned.sort.bam
    wildcards: replicate_label=SNRNP70_OSM_IN_2
    resources: tmpdir=/tmp

java -server -Xms8G -Xmx8G -Xss20M -jar installation/UMICollapse-1.0.0/umicollapse.jar bam -i output/bams/raw/genome/SNRNP70_OSM_IN_2.genome.Aligned.sort.bam -o output/bams/dedup/genome/SNRNP70_OSM_IN_2.genome.Aligned.sort.dedup.bam --umi-sep : --two-pass
Arguments	[bam, -i, output/bams/raw/genome/SNRNP70_OSM_IN_2.genome.Aligned.sort.bam, -o, output/bams/dedup/genome/SNRNP70_OSM_IN_2.genome.Aligned.sort.dedup.bam, --umi-sep, :, --two-pass]
Done with the first pass!
INFO	2025-10-24 14:52:14	SortingCollection	Creating merging iterator from 5 files
[bam_sort_core] merging from 30 files and 2 in-memory blocks...
Number of input reads	8937458
Number of removed unmapped reads	646090
Number of unremoved reads	8291368
Number of unique alignment positions	349700
Average number of UMIs per alignment position	8.057606519874177
Max number of UMIs over all alignment positions	13461
Number of reads after deduplicating	2087306
UMI collapsing finished in 65.435 seconds!
[Fri Oct 24 14:52:35 2025]
Finished job 45.
55 of 142 steps (39%) done
Select jobs to execute...

[Fri Oct 24 14:52:35 2025]
rule make_scaled_bigwig:
    input: ./annotations/genome_ref/chrNameLength.txt, output/bams/dedup/genome/SNRNP70_OSM_IN_2.genome.Aligned.sort.dedup.bam
    output: output/bedgraphs/scaled/plus/SNRNP70_OSM_IN_2.scaled.plus.bg, output/bedgraphs/scaled/minus/SNRNP70_OSM_IN_2.scaled.minus.bg, output/bigwigs/scaled/plus/SNRNP70_OSM_IN_2.scaled.plus.bw, output/bigwigs/scaled/minus/SNRNP70_OSM_IN_2.scaled.minus.bw
    jobid: 84
    benchmark: benchmarks/bigwigs/unassigned_experiment.SNRNP70_OSM_IN_2.make_bigwig.txt
    reason: Missing output files: output/bigwigs/scaled/plus/SNRNP70_OSM_IN_2.scaled.plus.bw; Input files updated by another job: output/bams/dedup/genome/SNRNP70_OSM_IN_2.genome.Aligned.sort.dedup.bam
    wildcards: replicate_label=SNRNP70_OSM_IN_2
    resources: tmpdir=/tmp

factor=$(samtools idxstats output/bams/dedup/genome/SNRNP70_OSM_IN_2.genome.Aligned.sort.dedup.bam | cut -f 3 | paste -sd+ | bc | xargs -I {} echo 'scale=6; 10^6 / {}' | bc);bedtools genomecov -scale $factor -5 -strand + -bg -ibam output/bams/dedup/genome/SNRNP70_OSM_IN_2.genome.Aligned.sort.dedup.bam | sort -k1,1 -k2,2n | grep -v EBV > output/bedgraphs/scaled/plus/SNRNP70_OSM_IN_2.scaled.plus.bg;bedtools genomecov -scale $factor -5 -strand - -bg -ibam output/bams/dedup/genome/SNRNP70_OSM_IN_2.genome.Aligned.sort.dedup.bam | sort -k1,1 -k2,2n | grep -v EBV > output/bedgraphs/scaled/minus/SNRNP70_OSM_IN_2.scaled.minus.bg;bedGraphToBigWig output/bedgraphs/scaled/plus/SNRNP70_OSM_IN_2.scaled.plus.bg ./annotations/genome_ref/chrNameLength.txt output/bigwigs/scaled/plus/SNRNP70_OSM_IN_2.scaled.plus.bw;bedGraphToBigWig output/bedgraphs/scaled/minus/SNRNP70_OSM_IN_2.scaled.minus.bg ./annotations/genome_ref/chrNameLength.txt output/bigwigs/scaled/minus/SNRNP70_OSM_IN_2.scaled.minus.bw;

[Fri Oct 24 14:52:35 2025]
rule make_unscaled_bigwig:
    input: ./annotations/genome_ref/chrNameLength.txt, output/bams/dedup/genome/SNRNP70_OSM_IN_2.genome.Aligned.sort.dedup.bam
    output: output/bedgraphs/unscaled/plus/SNRNP70_OSM_IN_2.unscaled.plus.bg, output/bedgraphs/unscaled/minus/SNRNP70_OSM_IN_2.unscaled.minus.bg, output/bigwigs/unscaled/plus/SNRNP70_OSM_IN_2.unscaled.plus.bw, output/bigwigs/unscaled/minus/SNRNP70_OSM_IN_2.unscaled.minus.bw
    jobid: 76
    benchmark: benchmarks/bigwigs/unassigned_experiment.SNRNP70_OSM_IN_2.make_bigwig.txt
    reason: Missing output files: output/bigwigs/unscaled/plus/SNRNP70_OSM_IN_2.unscaled.plus.bw; Input files updated by another job: output/bams/dedup/genome/SNRNP70_OSM_IN_2.genome.Aligned.sort.dedup.bam
    wildcards: replicate_label=SNRNP70_OSM_IN_2
    resources: tmpdir=/tmp

bedtools genomecov -5 -strand + -bg -ibam output/bams/dedup/genome/SNRNP70_OSM_IN_2.genome.Aligned.sort.dedup.bam | sort -k1,1 -k2,2n | grep -v EBV > output/bedgraphs/unscaled/plus/SNRNP70_OSM_IN_2.unscaled.plus.bg;bedtools genomecov -5 -strand - -bg -ibam output/bams/dedup/genome/SNRNP70_OSM_IN_2.genome.Aligned.sort.dedup.bam | sort -k1,1 -k2,2n | grep -v EBV > output/bedgraphs/unscaled/minus/SNRNP70_OSM_IN_2.unscaled.minus.bg;bedGraphToBigWig output/bedgraphs/unscaled/plus/SNRNP70_OSM_IN_2.unscaled.plus.bg ./annotations/genome_ref/chrNameLength.txt output/bigwigs/unscaled/plus/SNRNP70_OSM_IN_2.unscaled.plus.bw;bedGraphToBigWig output/bedgraphs/unscaled/minus/SNRNP70_OSM_IN_2.unscaled.minus.bg ./annotations/genome_ref/chrNameLength.txt output/bigwigs/unscaled/minus/SNRNP70_OSM_IN_2.unscaled.minus.bw;
[E::idx_find_and_load] Could not retrieve index file for 'output/bams/dedup/genome/SNRNP70_OSM_IN_2.genome.Aligned.sort.dedup.bam'
samtools idxstats: fail to load index for "output/bams/dedup/genome/SNRNP70_OSM_IN_2.genome.Aligned.sort.dedup.bam", reverting to slow method

[Fri Oct 24 14:52:35 2025]
rule quantify_repeats:
    input: ./annotations/genome_ref/chrNameLength.txt, output/bams/dedup/genome/SNRNP70_OSM_IN_2.genome.Aligned.sort.dedup.bam, ./annotations/repeatmasker.grch38.sort.unique.bed.gz
    output: output/counts/repeats/vectors/SNRNP70_OSM_IN_2.counts
    jobid: 93
    benchmark: benchmarks/repeats/unassigned_experiment.SNRNP70_OSM_IN_2.quantify_repeats.txt
    reason: Missing output files: output/counts/repeats/vectors/SNRNP70_OSM_IN_2.counts; Input files updated by another job: output/bams/dedup/genome/SNRNP70_OSM_IN_2.genome.Aligned.sort.dedup.bam
    wildcards: replicate_label=SNRNP70_OSM_IN_2
    resources: tmpdir=/tmp

bedtools bamtobed -i output/bams/dedup/genome/SNRNP70_OSM_IN_2.genome.Aligned.sort.dedup.bam | awk '($1 != "chrEBV") && ($4 !~ "/2$")' | bedtools flank -s -l 1 -r 0 -g ./annotations/genome_ref/chrNameLength.txt -i - | bedtools shift -p 1 -m -1 -g ./annotations/genome_ref/chrNameLength.txt -i - | bedtools sort -i - | bedtools coverage -s -counts -a ./annotations/repeatmasker.grch38.sort.unique.bed.gz -b - | awk 'BEGIN {print "SNRNP70_OSM_IN_2"} {print $NF}' > output/counts/repeats/vectors/SNRNP70_OSM_IN_2.counts

[Fri Oct 24 14:52:35 2025]
rule partition_bam_reads:
    input: ./annotations/genome_ref/chrNameLength.txt, output/bams/dedup/genome/SNRNP70_OSM_IN_2.genome.Aligned.sort.dedup.bam, ./annotations/gencode.v38.annotation.k562_totalrna.gt1.tiled_partition.bed.gz
    output: output/counts/genome/vectors/SNRNP70_OSM_IN_2.counts
    jobid: 113
    benchmark: benchmarks/counts/unassigned_experiment.SNRNP70_OSM_IN_2.partition_bam_reads.txt
    reason: Missing output files: output/counts/genome/vectors/SNRNP70_OSM_IN_2.counts; Input files updated by another job: output/bams/dedup/genome/SNRNP70_OSM_IN_2.genome.Aligned.sort.dedup.bam
    wildcards: replicate_label=SNRNP70_OSM_IN_2
    resources: tmpdir=/tmp

bedtools bamtobed -i output/bams/dedup/genome/SNRNP70_OSM_IN_2.genome.Aligned.sort.dedup.bam | awk '($1 != "chrEBV") && ($4 !~ "/2$")' | bedtools flank -s -l 1 -r 0 -g ./annotations/genome_ref/chrNameLength.txt -i - | bedtools shift -p 1 -m -1 -g ./annotations/genome_ref/chrNameLength.txt -i - | bedtools sort -i - | bedtools coverage -counts -s -a ./annotations/gencode.v38.annotation.k562_totalrna.gt1.tiled_partition.bed.gz -b - | cut -f 7 | awk 'BEGIN {print "SNRNP70_OSM_IN_2"} {print}' > output/counts/genome/vectors/SNRNP70_OSM_IN_2.counts;
[Fri Oct 24 14:52:55 2025]
Finished job 113.
56 of 142 steps (39%) done
Select jobs to execute...
[Fri Oct 24 14:53:02 2025]
Finished job 93.
57 of 142 steps (40%) done

[Fri Oct 24 14:53:02 2025]
rule index_bams:
    input: output/bams/dedup/genome/SNRNP70_OSM_IN_2.genome.Aligned.sort.dedup.bam
    output: output/bams/dedup/genome/SNRNP70_OSM_IN_2.genome.Aligned.sort.dedup.bam.bai
    jobid: 68
    benchmark: benchmarks/index_bam/dedup/genome/sort.dedup/unassigned_experiment.SNRNP70_OSM_IN_2.genome.index_bam.txt
    reason: Missing output files: output/bams/dedup/genome/SNRNP70_OSM_IN_2.genome.Aligned.sort.dedup.bam.bai; Input files updated by another job: output/bams/dedup/genome/SNRNP70_OSM_IN_2.genome.Aligned.sort.dedup.bam
    wildcards: round=dedup, ref=genome, replicate_label=SNRNP70_OSM_IN_2.genome, mid=sort.dedup
    threads: 2
    resources: tmpdir=/tmp

samtools index -@ 2 output/bams/dedup/genome/SNRNP70_OSM_IN_2.genome.Aligned.sort.dedup.bam;
[Fri Oct 24 14:53:03 2025]
Finished job 68.
58 of 142 steps (41%) done
[Fri Oct 24 14:53:19 2025]
Finished job 76.
59 of 142 steps (42%) done
Removing temporary output output/bedgraphs/unscaled/plus/SNRNP70_OSM_IN_2.unscaled.plus.bg.
Removing temporary output output/bedgraphs/unscaled/minus/SNRNP70_OSM_IN_2.unscaled.minus.bg.
[Fri Oct 24 14:53:20 2025]
Finished job 84.
60 of 142 steps (42%) done
Removing temporary output output/bedgraphs/scaled/plus/SNRNP70_OSM_IN_2.scaled.plus.bg.
Removing temporary output output/bedgraphs/scaled/minus/SNRNP70_OSM_IN_2.scaled.minus.bg.

Fri Oct 24 14:56:32 2025 >> done (2750.087s)
106712646 reads processed; of these:
  1649638 ( 1.55%) short reads filtered out after trimming by size control
     1129 ( 0.00%) empty reads filtered out after trimming by size control
105061879 (98.45%) reads available; of these:
 37946003 (36.12%) trimmed reads available after processing
 67115876 (63.88%) untrimmed reads available after processing
log has been saved to "output/fastqs/trimmed/SNRNP70_CTL_IN_1-trimmed.log".
[Fri Oct 24 14:56:32 2025]
Finished job 11.
61 of 142 steps (43%) done
Select jobs to execute...

[Fri Oct 24 14:56:32 2025]
rule extract_umi:
    input: output/fastqs/trimmed/SNRNP70_CTL_IN_1-trimmed.fastq.gz
    output: output/fastqs/umi/SNRNP70_CTL_IN_1.trimmed.umi.fq.gz, output/fastp/SNRNP70_CTL_IN_1.fastp.json, output/fastp/SNRNP70_CTL_IN_1.fastp.html
    jobid: 10
    benchmark: benchmarks/umi/unassigned_experiment.SNRNP70_CTL_IN_1.extract_umi.txt
    reason: Missing output files: output/fastqs/umi/SNRNP70_CTL_IN_1.trimmed.umi.fq.gz; Input files updated by another job: output/fastqs/trimmed/SNRNP70_CTL_IN_1-trimmed.fastq.gz
    wildcards: replicate_label=SNRNP70_CTL_IN_1
    threads: 8
    resources: tmpdir=/tmp

fastp -i output/fastqs/trimmed/SNRNP70_CTL_IN_1-trimmed.fastq.gz -o output/fastqs/umi/SNRNP70_CTL_IN_1.trimmed.umi.fq.gz -A -U --umi_len=10 --umi_loc=read1 -j output/fastp/SNRNP70_CTL_IN_1.fastp.json -h output/fastp/SNRNP70_CTL_IN_1.fastp.html -w 8

Fri Oct 24 14:57:35 2025 >> done (396.673s)
15501182 reads processed; of these:
  309250 ( 2.00%) short reads filtered out after trimming by size control
     737 ( 0.00%) empty reads filtered out after trimming by size control
15191195 (98.00%) reads available; of these:
 7736231 (50.93%) trimmed reads available after processing
 7454964 (49.07%) untrimmed reads available after processing
log has been saved to "output/fastqs/trimmed/SNRNP70_OSM_IN_1-trimmed.log".
[Fri Oct 24 14:57:35 2025]
Finished job 17.
62 of 142 steps (44%) done
Select jobs to execute...

[Fri Oct 24 14:57:35 2025]
rule extract_umi:
    input: output/fastqs/trimmed/SNRNP70_OSM_IN_1-trimmed.fastq.gz
    output: output/fastqs/umi/SNRNP70_OSM_IN_1.trimmed.umi.fq.gz, output/fastp/SNRNP70_OSM_IN_1.fastp.json, output/fastp/SNRNP70_OSM_IN_1.fastp.html
    jobid: 16
    benchmark: benchmarks/umi/unassigned_experiment.SNRNP70_OSM_IN_1.extract_umi.txt
    reason: Missing output files: output/fastqs/umi/SNRNP70_OSM_IN_1.trimmed.umi.fq.gz; Input files updated by another job: output/fastqs/trimmed/SNRNP70_OSM_IN_1-trimmed.fastq.gz
    wildcards: replicate_label=SNRNP70_OSM_IN_1
    threads: 8
    resources: tmpdir=/tmp

fastp -i output/fastqs/trimmed/SNRNP70_OSM_IN_1-trimmed.fastq.gz -o output/fastqs/umi/SNRNP70_OSM_IN_1.trimmed.umi.fq.gz -A -U --umi_len=10 --umi_loc=read1 -j output/fastp/SNRNP70_OSM_IN_1.fastp.json -h output/fastp/SNRNP70_OSM_IN_1.fastp.html -w 8
Read1 before filtering:
total reads: 15191195
total bases: 1293034555
Q20 bases: 1271232316(98.3139%)
Q30 bases: 1216012502(94.0433%)

Read1 after filtering:
total reads: 14899161
total bases: 1137488306
Q20 bases: 1117655977(98.2565%)
Q30 bases: 1068059633(93.8963%)

Filtering result:
reads passed filter: 14899161
reads failed due to low quality: 161
reads failed due to too many N: 9
reads failed due to too short: 291864

Duplication rate (may be overestimated since this is SE data): 71.2672%

JSON report: output/fastp/SNRNP70_OSM_IN_1.fastp.json
HTML report: output/fastp/SNRNP70_OSM_IN_1.fastp.html

fastp -i output/fastqs/trimmed/SNRNP70_OSM_IN_1-trimmed.fastq.gz -o output/fastqs/umi/SNRNP70_OSM_IN_1.trimmed.umi.fq.gz -A -U --umi_len=10 --umi_loc=read1 -j output/fastp/SNRNP70_OSM_IN_1.fastp.json -h output/fastp/SNRNP70_OSM_IN_1.fastp.html -w 8 
fastp v0.23.4, time used: 49 seconds
[Fri Oct 24 14:58:24 2025]
Finished job 16.
63 of 142 steps (44%) done
Removing temporary output output/fastqs/trimmed/SNRNP70_OSM_IN_1-trimmed.fastq.gz.
Select jobs to execute...

[Fri Oct 24 14:58:24 2025]
rule run_trimmed_fastqc:
    input: output/fastqs/umi/SNRNP70_OSM_IN_1.trimmed.umi.fq.gz
    output: output/fastqc/processed/SNRNP70_OSM_IN_1.trimmed.umi_fastqc.html, output/fastqc/processed/SNRNP70_OSM_IN_1.trimmed.umi_fastqc.zip
    jobid: 15
    benchmark: benchmarks/fastqc/unassigned_experiment.SNRNP70_OSM_IN_1.trimmed_fastqc.txt
    reason: Missing output files: output/fastqc/processed/SNRNP70_OSM_IN_1.trimmed.umi_fastqc.html; Input files updated by another job: output/fastqs/umi/SNRNP70_OSM_IN_1.trimmed.umi.fq.gz
    wildcards: replicate_label=SNRNP70_OSM_IN_1
    resources: tmpdir=/tmp

fastqc output/fastqs/umi/SNRNP70_OSM_IN_1.trimmed.umi.fq.gz --extract --outdir output/fastqc/processed -t 1

[Fri Oct 24 14:58:24 2025]
rule align_reads:
    input: output/fastqs/umi/SNRNP70_OSM_IN_1.trimmed.umi.fq.gz
    output: output/bams/raw/genome/SNRNP70_OSM_IN_1.genome.Aligned.out.bam, output/bams/raw/genome/SNRNP70_OSM_IN_1.genome.Log.final.out
    jobid: 43
    benchmark: benchmarks/align/unassigned_experiment.SNRNP70_OSM_IN_1.align_reads_genome.txt
    reason: Missing output files: output/bams/raw/genome/SNRNP70_OSM_IN_1.genome.Aligned.out.bam; Input files updated by another job: output/fastqs/umi/SNRNP70_OSM_IN_1.trimmed.umi.fq.gz
    wildcards: replicate_label=SNRNP70_OSM_IN_1
    threads: 8
    resources: tmpdir=/tmp

STAR --alignEndsType EndToEnd --genomeDir ./annotations/genome_ref --genomeLoad NoSharedMemory --outBAMcompression 10 --outFileNamePrefix output/bams/raw/genome/SNRNP70_OSM_IN_1.genome. --winAnchorMultimapNmax 100 --outFilterMultimapNmax 100 --outFilterMultimapScoreRange 1 --outSAMmultNmax 1 --outMultimapperOrder Random --outFilterScoreMin 10 --outFilterType BySJout --limitOutSJcollapsed 5000000 --outReadsUnmapped None --outSAMattrRGline ID:SNRNP70_OSM_IN_1 --outSAMattributes All --outSAMmode Full --outSAMtype BAM Unsorted --outSAMunmapped Within --readFilesCommand zcat --outStd Log --readFilesIn output/fastqs/umi/SNRNP70_OSM_IN_1.trimmed.umi.fq.gz --runMode alignReads --runThreadN 8
	/work/pa-hilario/anaconda3/envs/skipper/bin/STAR-avx2 --alignEndsType EndToEnd --genomeDir ./annotations/genome_ref --genomeLoad NoSharedMemory --outBAMcompression 10 --outFileNamePrefix output/bams/raw/genome/SNRNP70_OSM_IN_1.genome. --winAnchorMultimapNmax 100 --outFilterMultimapNmax 100 --outFilterMultimapScoreRange 1 --outSAMmultNmax 1 --outMultimapperOrder Random --outFilterScoreMin 10 --outFilterType BySJout --limitOutSJcollapsed 5000000 --outReadsUnmapped None --outSAMattrRGline ID:SNRNP70_OSM_IN_1 --outSAMattributes All --outSAMmode Full --outSAMtype BAM Unsorted --outSAMunmapped Within --readFilesCommand zcat --outStd Log --readFilesIn output/fastqs/umi/SNRNP70_OSM_IN_1.trimmed.umi.fq.gz --runMode alignReads --runThreadN 8
	STAR version: 2.7.10b   compiled: 2023-05-25T06:56:23+0000 :/opt/conda/conda-bld/star_1684997536154/work/source
Oct 24 14:58:24 ..... started STAR run
Oct 24 14:58:24 ..... loading genome
application/gzip
Started analysis of SNRNP70_OSM_IN_1.trimmed.umi.fq.gz
Approx 5% complete for SNRNP70_OSM_IN_1.trimmed.umi.fq.gz
Approx 10% complete for SNRNP70_OSM_IN_1.trimmed.umi.fq.gz
Approx 15% complete for SNRNP70_OSM_IN_1.trimmed.umi.fq.gz
[Fri Oct 24 14:58:41 2025]
Finished job 62.
64 of 142 steps (45%) done
Removing temporary output output/bams/raw/genome/SNRNP70_OSM_IP_2.genome.Aligned.out.bam.
Oct 24 14:58:42 ..... started mapping
Approx 20% complete for SNRNP70_OSM_IN_1.trimmed.umi.fq.gz
Select jobs to execute...

[Fri Oct 24 14:58:44 2025]
rule index_bams:
    input: output/bams/raw/genome/SNRNP70_OSM_IP_2.genome.Aligned.sort.bam
    output: output/bams/raw/genome/SNRNP70_OSM_IP_2.genome.Aligned.sort.bam.bai
    jobid: 64
    benchmark: benchmarks/index_bam/raw/genome/sort/unassigned_experiment.SNRNP70_OSM_IP_2.genome.index_bam.txt
    reason: Missing output files: output/bams/raw/genome/SNRNP70_OSM_IP_2.genome.Aligned.sort.bam.bai; Input files updated by another job: output/bams/raw/genome/SNRNP70_OSM_IP_2.genome.Aligned.sort.bam
    wildcards: round=raw, ref=genome, replicate_label=SNRNP70_OSM_IP_2.genome, mid=sort
    threads: 2
    resources: tmpdir=/tmp

samtools index -@ 2 output/bams/raw/genome/SNRNP70_OSM_IP_2.genome.Aligned.sort.bam;
Approx 25% complete for SNRNP70_OSM_IN_1.trimmed.umi.fq.gz
Approx 30% complete for SNRNP70_OSM_IN_1.trimmed.umi.fq.gz
Approx 35% complete for SNRNP70_OSM_IN_1.trimmed.umi.fq.gz
Approx 40% complete for SNRNP70_OSM_IN_1.trimmed.umi.fq.gz
Approx 45% complete for SNRNP70_OSM_IN_1.trimmed.umi.fq.gz
Approx 50% complete for SNRNP70_OSM_IN_1.trimmed.umi.fq.gz
Approx 55% complete for SNRNP70_OSM_IN_1.trimmed.umi.fq.gz
[Fri Oct 24 14:59:12 2025]
Finished job 64.
65 of 142 steps (46%) done
Select jobs to execute...

[Fri Oct 24 14:59:12 2025]
rule dedup_umi:
    input: output/bams/raw/genome/SNRNP70_OSM_IP_2.genome.Aligned.sort.bam, output/bams/raw/genome/SNRNP70_OSM_IP_2.genome.Aligned.sort.bam.bai
    output: output/bams/dedup/genome/SNRNP70_OSM_IP_2.genome.Aligned.sort.dedup.bam
    jobid: 61
    benchmark: benchmarks/dedup/genome/unassigned_experiment.SNRNP70_OSM_IP_2.dedup_umi.txt
    reason: Missing output files: output/bams/dedup/genome/SNRNP70_OSM_IP_2.genome.Aligned.sort.dedup.bam; Input files updated by another job: output/bams/raw/genome/SNRNP70_OSM_IP_2.genome.Aligned.sort.bam, output/bams/raw/genome/SNRNP70_OSM_IP_2.genome.Aligned.sort.bam.bai
    wildcards: replicate_label=SNRNP70_OSM_IP_2
    resources: tmpdir=/tmp

java -server -Xms8G -Xmx8G -Xss20M -jar installation/UMICollapse-1.0.0/umicollapse.jar bam -i output/bams/raw/genome/SNRNP70_OSM_IP_2.genome.Aligned.sort.bam -o output/bams/dedup/genome/SNRNP70_OSM_IP_2.genome.Aligned.sort.dedup.bam --umi-sep : --two-pass
Arguments	[bam, -i, output/bams/raw/genome/SNRNP70_OSM_IP_2.genome.Aligned.sort.bam, -o, output/bams/dedup/genome/SNRNP70_OSM_IP_2.genome.Aligned.sort.dedup.bam, --umi-sep, :, --two-pass]
Approx 60% complete for SNRNP70_OSM_IN_1.trimmed.umi.fq.gz
Approx 65% complete for SNRNP70_OSM_IN_1.trimmed.umi.fq.gz
Approx 70% complete for SNRNP70_OSM_IN_1.trimmed.umi.fq.gz
Approx 75% complete for SNRNP70_OSM_IN_1.trimmed.umi.fq.gz
Approx 80% complete for SNRNP70_OSM_IN_1.trimmed.umi.fq.gz
Approx 85% complete for SNRNP70_OSM_IN_1.trimmed.umi.fq.gz
Approx 90% complete for SNRNP70_OSM_IN_1.trimmed.umi.fq.gz
Approx 95% complete for SNRNP70_OSM_IN_1.trimmed.umi.fq.gz
Analysis complete for SNRNP70_OSM_IN_1.trimmed.umi.fq.gz
[Fri Oct 24 14:59:53 2025]
Finished job 15.
66 of 142 steps (46%) done
Oct 24 15:00:28 ..... finished mapping
Oct 24 15:00:31 ..... finished successfully
[Fri Oct 24 15:00:31 2025]
Finished job 43.
67 of 142 steps (47%) done
Select jobs to execute...

[Fri Oct 24 15:00:31 2025]
rule sort_bam:
    input: output/bams/raw/genome/SNRNP70_OSM_IN_1.genome.Aligned.out.bam
    output: output/bams/raw/genome/SNRNP70_OSM_IN_1.genome.Aligned.sort.bam
    jobid: 42
    benchmark: benchmarks/sort/genome/unassigned_experiment.SNRNP70_OSM_IN_1.sort_bam.txt
    reason: Missing output files: output/bams/raw/genome/SNRNP70_OSM_IN_1.genome.Aligned.sort.bam; Input files updated by another job: output/bams/raw/genome/SNRNP70_OSM_IN_1.genome.Aligned.out.bam
    wildcards: ref=genome, replicate_label=SNRNP70_OSM_IN_1
    threads: 2
    resources: tmpdir=/tmp

samtools sort -T SNRNP70_OSM_IN_1 -@ 2 -o output/bams/raw/genome/SNRNP70_OSM_IN_1.genome.Aligned.sort.bam output/bams/raw/genome/SNRNP70_OSM_IN_1.genome.Aligned.out.bam;
[bam_sort_core] merging from 2 files and 2 in-memory blocks...
[Fri Oct 24 15:01:24 2025]
Finished job 42.
68 of 142 steps (48%) done
Removing temporary output output/bams/raw/genome/SNRNP70_OSM_IN_1.genome.Aligned.out.bam.
Select jobs to execute...

[Fri Oct 24 15:01:24 2025]
rule index_bams:
    input: output/bams/raw/genome/SNRNP70_OSM_IN_1.genome.Aligned.sort.bam
    output: output/bams/raw/genome/SNRNP70_OSM_IN_1.genome.Aligned.sort.bam.bai
    jobid: 44
    benchmark: benchmarks/index_bam/raw/genome/sort/unassigned_experiment.SNRNP70_OSM_IN_1.genome.index_bam.txt
    reason: Missing output files: output/bams/raw/genome/SNRNP70_OSM_IN_1.genome.Aligned.sort.bam.bai; Input files updated by another job: output/bams/raw/genome/SNRNP70_OSM_IN_1.genome.Aligned.sort.bam
    wildcards: round=raw, ref=genome, replicate_label=SNRNP70_OSM_IN_1.genome, mid=sort
    threads: 2
    resources: tmpdir=/tmp

samtools index -@ 2 output/bams/raw/genome/SNRNP70_OSM_IN_1.genome.Aligned.sort.bam;
[Fri Oct 24 15:01:27 2025]
Finished job 44.
69 of 142 steps (49%) done
Select jobs to execute...

[Fri Oct 24 15:01:27 2025]
rule dedup_umi:
    input: output/bams/raw/genome/SNRNP70_OSM_IN_1.genome.Aligned.sort.bam, output/bams/raw/genome/SNRNP70_OSM_IN_1.genome.Aligned.sort.bam.bai
    output: output/bams/dedup/genome/SNRNP70_OSM_IN_1.genome.Aligned.sort.dedup.bam
    jobid: 41
    benchmark: benchmarks/dedup/genome/unassigned_experiment.SNRNP70_OSM_IN_1.dedup_umi.txt
    reason: Missing output files: output/bams/dedup/genome/SNRNP70_OSM_IN_1.genome.Aligned.sort.dedup.bam; Input files updated by another job: output/bams/raw/genome/SNRNP70_OSM_IN_1.genome.Aligned.sort.bam.bai, output/bams/raw/genome/SNRNP70_OSM_IN_1.genome.Aligned.sort.bam
    wildcards: replicate_label=SNRNP70_OSM_IN_1
    resources: tmpdir=/tmp

java -server -Xms8G -Xmx8G -Xss20M -jar installation/UMICollapse-1.0.0/umicollapse.jar bam -i output/bams/raw/genome/SNRNP70_OSM_IN_1.genome.Aligned.sort.bam -o output/bams/dedup/genome/SNRNP70_OSM_IN_1.genome.Aligned.sort.dedup.bam --umi-sep : --two-pass
Arguments	[bam, -i, output/bams/raw/genome/SNRNP70_OSM_IN_1.genome.Aligned.sort.bam, -o, output/bams/dedup/genome/SNRNP70_OSM_IN_1.genome.Aligned.sort.dedup.bam, --umi-sep, :, --two-pass]
Done with the first pass!
Read1 before filtering:
total reads: 105061879
total bases: 9592807981
Q20 bases: 9392078671(97.9075%)
Q30 bases: 8880706027(92.5767%)

Read1 after filtering:
total reads: 104201216
total bases: 8531570406
Q20 bases: 8346813117(97.8344%)
Q30 bases: 7882215884(92.3888%)

Filtering result:
reads passed filter: 104201216
reads failed due to low quality: 754
reads failed due to too many N: 33
reads failed due to too short: 859876

Duplication rate (may be overestimated since this is SE data): 78.0075%

JSON report: output/fastp/SNRNP70_CTL_IN_1.fastp.json
HTML report: output/fastp/SNRNP70_CTL_IN_1.fastp.html

fastp -i output/fastqs/trimmed/SNRNP70_CTL_IN_1-trimmed.fastq.gz -o output/fastqs/umi/SNRNP70_CTL_IN_1.trimmed.umi.fq.gz -A -U --umi_len=10 --umi_loc=read1 -j output/fastp/SNRNP70_CTL_IN_1.fastp.json -h output/fastp/SNRNP70_CTL_IN_1.fastp.html -w 8 
fastp v0.23.4, time used: 348 seconds
[Fri Oct 24 15:02:20 2025]
Finished job 10.
70 of 142 steps (49%) done
Removing temporary output output/fastqs/trimmed/SNRNP70_CTL_IN_1-trimmed.fastq.gz.
Select jobs to execute...

[Fri Oct 24 15:02:22 2025]
rule run_trimmed_fastqc:
    input: output/fastqs/umi/SNRNP70_CTL_IN_1.trimmed.umi.fq.gz
    output: output/fastqc/processed/SNRNP70_CTL_IN_1.trimmed.umi_fastqc.html, output/fastqc/processed/SNRNP70_CTL_IN_1.trimmed.umi_fastqc.zip
    jobid: 9
    benchmark: benchmarks/fastqc/unassigned_experiment.SNRNP70_CTL_IN_1.trimmed_fastqc.txt
    reason: Missing output files: output/fastqc/processed/SNRNP70_CTL_IN_1.trimmed.umi_fastqc.html; Input files updated by another job: output/fastqs/umi/SNRNP70_CTL_IN_1.trimmed.umi.fq.gz
    wildcards: replicate_label=SNRNP70_CTL_IN_1
    resources: tmpdir=/tmp

fastqc output/fastqs/umi/SNRNP70_CTL_IN_1.trimmed.umi.fq.gz --extract --outdir output/fastqc/processed -t 1

[Fri Oct 24 15:02:22 2025]
rule align_reads:
    input: output/fastqs/umi/SNRNP70_CTL_IN_1.trimmed.umi.fq.gz
    output: output/bams/raw/genome/SNRNP70_CTL_IN_1.genome.Aligned.out.bam, output/bams/raw/genome/SNRNP70_CTL_IN_1.genome.Log.final.out
    jobid: 35
    benchmark: benchmarks/align/unassigned_experiment.SNRNP70_CTL_IN_1.align_reads_genome.txt
    reason: Missing output files: output/bams/raw/genome/SNRNP70_CTL_IN_1.genome.Aligned.out.bam; Input files updated by another job: output/fastqs/umi/SNRNP70_CTL_IN_1.trimmed.umi.fq.gz
    wildcards: replicate_label=SNRNP70_CTL_IN_1
    threads: 8
    resources: tmpdir=/tmp

STAR --alignEndsType EndToEnd --genomeDir ./annotations/genome_ref --genomeLoad NoSharedMemory --outBAMcompression 10 --outFileNamePrefix output/bams/raw/genome/SNRNP70_CTL_IN_1.genome. --winAnchorMultimapNmax 100 --outFilterMultimapNmax 100 --outFilterMultimapScoreRange 1 --outSAMmultNmax 1 --outMultimapperOrder Random --outFilterScoreMin 10 --outFilterType BySJout --limitOutSJcollapsed 5000000 --outReadsUnmapped None --outSAMattrRGline ID:SNRNP70_CTL_IN_1 --outSAMattributes All --outSAMmode Full --outSAMtype BAM Unsorted --outSAMunmapped Within --readFilesCommand zcat --outStd Log --readFilesIn output/fastqs/umi/SNRNP70_CTL_IN_1.trimmed.umi.fq.gz --runMode alignReads --runThreadN 8
	/work/pa-hilario/anaconda3/envs/skipper/bin/STAR-avx2 --alignEndsType EndToEnd --genomeDir ./annotations/genome_ref --genomeLoad NoSharedMemory --outBAMcompression 10 --outFileNamePrefix output/bams/raw/genome/SNRNP70_CTL_IN_1.genome. --winAnchorMultimapNmax 100 --outFilterMultimapNmax 100 --outFilterMultimapScoreRange 1 --outSAMmultNmax 1 --outMultimapperOrder Random --outFilterScoreMin 10 --outFilterType BySJout --limitOutSJcollapsed 5000000 --outReadsUnmapped None --outSAMattrRGline ID:SNRNP70_CTL_IN_1 --outSAMattributes All --outSAMmode Full --outSAMtype BAM Unsorted --outSAMunmapped Within --readFilesCommand zcat --outStd Log --readFilesIn output/fastqs/umi/SNRNP70_CTL_IN_1.trimmed.umi.fq.gz --runMode alignReads --runThreadN 8
	STAR version: 2.7.10b   compiled: 2023-05-25T06:56:23+0000 :/opt/conda/conda-bld/star_1684997536154/work/source
Oct 24 15:02:22 ..... started STAR run
Oct 24 15:02:22 ..... loading genome
application/gzip
Started analysis of SNRNP70_CTL_IN_1.trimmed.umi.fq.gz
Oct 24 15:02:40 ..... started mapping
INFO	2025-10-24 15:02:41	SortingCollection	Creating merging iterator from 6 files
Approx 5% complete for SNRNP70_CTL_IN_1.trimmed.umi.fq.gz
Done with the first pass!
Number of input reads	14899161
Number of removed unmapped reads	1077787
Number of unremoved reads	13821374
Number of unique alignment positions	448062
Average number of UMIs per alignment position	8.656565386040326
Max number of UMIs over all alignment positions	19593
Number of reads after deduplicating	2724276
UMI collapsing finished in 100.163 seconds!
[Fri Oct 24 15:03:08 2025]
Finished job 41.
71 of 142 steps (50%) done
Select jobs to execute...

[Fri Oct 24 15:03:08 2025]
rule quantify_repeats:
    input: ./annotations/genome_ref/chrNameLength.txt, output/bams/dedup/genome/SNRNP70_OSM_IN_1.genome.Aligned.sort.dedup.bam, ./annotations/repeatmasker.grch38.sort.unique.bed.gz
    output: output/counts/repeats/vectors/SNRNP70_OSM_IN_1.counts
    jobid: 92
    benchmark: benchmarks/repeats/unassigned_experiment.SNRNP70_OSM_IN_1.quantify_repeats.txt
    reason: Missing output files: output/counts/repeats/vectors/SNRNP70_OSM_IN_1.counts; Input files updated by another job: output/bams/dedup/genome/SNRNP70_OSM_IN_1.genome.Aligned.sort.dedup.bam
    wildcards: replicate_label=SNRNP70_OSM_IN_1
    resources: tmpdir=/tmp

bedtools bamtobed -i output/bams/dedup/genome/SNRNP70_OSM_IN_1.genome.Aligned.sort.dedup.bam | awk '($1 != "chrEBV") && ($4 !~ "/2$")' | bedtools flank -s -l 1 -r 0 -g ./annotations/genome_ref/chrNameLength.txt -i - | bedtools shift -p 1 -m -1 -g ./annotations/genome_ref/chrNameLength.txt -i - | bedtools sort -i - | bedtools coverage -s -counts -a ./annotations/repeatmasker.grch38.sort.unique.bed.gz -b - | awk 'BEGIN {print "SNRNP70_OSM_IN_1"} {print $NF}' > output/counts/repeats/vectors/SNRNP70_OSM_IN_1.counts

[Fri Oct 24 15:03:08 2025]
rule make_scaled_bigwig:
    input: ./annotations/genome_ref/chrNameLength.txt, output/bams/dedup/genome/SNRNP70_OSM_IN_1.genome.Aligned.sort.dedup.bam
    output: output/bedgraphs/scaled/plus/SNRNP70_OSM_IN_1.scaled.plus.bg, output/bedgraphs/scaled/minus/SNRNP70_OSM_IN_1.scaled.minus.bg, output/bigwigs/scaled/plus/SNRNP70_OSM_IN_1.scaled.plus.bw, output/bigwigs/scaled/minus/SNRNP70_OSM_IN_1.scaled.minus.bw
    jobid: 83
    benchmark: benchmarks/bigwigs/unassigned_experiment.SNRNP70_OSM_IN_1.make_bigwig.txt
    reason: Missing output files: output/bigwigs/scaled/plus/SNRNP70_OSM_IN_1.scaled.plus.bw; Input files updated by another job: output/bams/dedup/genome/SNRNP70_OSM_IN_1.genome.Aligned.sort.dedup.bam
    wildcards: replicate_label=SNRNP70_OSM_IN_1
    resources: tmpdir=/tmp

factor=$(samtools idxstats output/bams/dedup/genome/SNRNP70_OSM_IN_1.genome.Aligned.sort.dedup.bam | cut -f 3 | paste -sd+ | bc | xargs -I {} echo 'scale=6; 10^6 / {}' | bc);bedtools genomecov -scale $factor -5 -strand + -bg -ibam output/bams/dedup/genome/SNRNP70_OSM_IN_1.genome.Aligned.sort.dedup.bam | sort -k1,1 -k2,2n | grep -v EBV > output/bedgraphs/scaled/plus/SNRNP70_OSM_IN_1.scaled.plus.bg;bedtools genomecov -scale $factor -5 -strand - -bg -ibam output/bams/dedup/genome/SNRNP70_OSM_IN_1.genome.Aligned.sort.dedup.bam | sort -k1,1 -k2,2n | grep -v EBV > output/bedgraphs/scaled/minus/SNRNP70_OSM_IN_1.scaled.minus.bg;bedGraphToBigWig output/bedgraphs/scaled/plus/SNRNP70_OSM_IN_1.scaled.plus.bg ./annotations/genome_ref/chrNameLength.txt output/bigwigs/scaled/plus/SNRNP70_OSM_IN_1.scaled.plus.bw;bedGraphToBigWig output/bedgraphs/scaled/minus/SNRNP70_OSM_IN_1.scaled.minus.bg ./annotations/genome_ref/chrNameLength.txt output/bigwigs/scaled/minus/SNRNP70_OSM_IN_1.scaled.minus.bw;

[Fri Oct 24 15:03:08 2025]
rule index_bams:
    input: output/bams/dedup/genome/SNRNP70_OSM_IN_1.genome.Aligned.sort.dedup.bam
    output: output/bams/dedup/genome/SNRNP70_OSM_IN_1.genome.Aligned.sort.dedup.bam.bai
    jobid: 67
    benchmark: benchmarks/index_bam/dedup/genome/sort.dedup/unassigned_experiment.SNRNP70_OSM_IN_1.genome.index_bam.txt
    reason: Missing output files: output/bams/dedup/genome/SNRNP70_OSM_IN_1.genome.Aligned.sort.dedup.bam.bai; Input files updated by another job: output/bams/dedup/genome/SNRNP70_OSM_IN_1.genome.Aligned.sort.dedup.bam
    wildcards: round=dedup, ref=genome, replicate_label=SNRNP70_OSM_IN_1.genome, mid=sort.dedup
    threads: 2
    resources: tmpdir=/tmp

samtools index -@ 2 output/bams/dedup/genome/SNRNP70_OSM_IN_1.genome.Aligned.sort.dedup.bam;

[Fri Oct 24 15:03:08 2025]
[E::idx_find_and_load] Could not retrieve index file for 'output/bams/dedup/genome/SNRNP70_OSM_IN_1.genome.Aligned.sort.dedup.bam'
samtools idxstats: fail to load index for "output/bams/dedup/genome/SNRNP70_OSM_IN_1.genome.Aligned.sort.dedup.bam", reverting to slow method
rule partition_bam_reads:
    input: ./annotations/genome_ref/chrNameLength.txt, output/bams/dedup/genome/SNRNP70_OSM_IN_1.genome.Aligned.sort.dedup.bam, ./annotations/gencode.v38.annotation.k562_totalrna.gt1.tiled_partition.bed.gz
    output: output/counts/genome/vectors/SNRNP70_OSM_IN_1.counts
    jobid: 112
    benchmark: benchmarks/counts/unassigned_experiment.SNRNP70_OSM_IN_1.partition_bam_reads.txt
    reason: Missing output files: output/counts/genome/vectors/SNRNP70_OSM_IN_1.counts; Input files updated by another job: output/bams/dedup/genome/SNRNP70_OSM_IN_1.genome.Aligned.sort.dedup.bam
    wildcards: replicate_label=SNRNP70_OSM_IN_1
    resources: tmpdir=/tmp

bedtools bamtobed -i output/bams/dedup/genome/SNRNP70_OSM_IN_1.genome.Aligned.sort.dedup.bam | awk '($1 != "chrEBV") && ($4 !~ "/2$")' | bedtools flank -s -l 1 -r 0 -g ./annotations/genome_ref/chrNameLength.txt -i - | bedtools shift -p 1 -m -1 -g ./annotations/genome_ref/chrNameLength.txt -i - | bedtools sort -i - | bedtools coverage -counts -s -a ./annotations/gencode.v38.annotation.k562_totalrna.gt1.tiled_partition.bed.gz -b - | cut -f 7 | awk 'BEGIN {print "SNRNP70_OSM_IN_1"} {print}' > output/counts/genome/vectors/SNRNP70_OSM_IN_1.counts;

[Fri Oct 24 15:03:08 2025]
rule make_unscaled_bigwig:
    input: ./annotations/genome_ref/chrNameLength.txt, output/bams/dedup/genome/SNRNP70_OSM_IN_1.genome.Aligned.sort.dedup.bam
    output: output/bedgraphs/unscaled/plus/SNRNP70_OSM_IN_1.unscaled.plus.bg, output/bedgraphs/unscaled/minus/SNRNP70_OSM_IN_1.unscaled.minus.bg, output/bigwigs/unscaled/plus/SNRNP70_OSM_IN_1.unscaled.plus.bw, output/bigwigs/unscaled/minus/SNRNP70_OSM_IN_1.unscaled.minus.bw
    jobid: 75
    benchmark: benchmarks/bigwigs/unassigned_experiment.SNRNP70_OSM_IN_1.make_bigwig.txt
    reason: Missing output files: output/bigwigs/unscaled/plus/SNRNP70_OSM_IN_1.unscaled.plus.bw; Input files updated by another job: output/bams/dedup/genome/SNRNP70_OSM_IN_1.genome.Aligned.sort.dedup.bam
    wildcards: replicate_label=SNRNP70_OSM_IN_1
    resources: tmpdir=/tmp

bedtools genomecov -5 -strand + -bg -ibam output/bams/dedup/genome/SNRNP70_OSM_IN_1.genome.Aligned.sort.dedup.bam | sort -k1,1 -k2,2n | grep -v EBV > output/bedgraphs/unscaled/plus/SNRNP70_OSM_IN_1.unscaled.plus.bg;bedtools genomecov -5 -strand - -bg -ibam output/bams/dedup/genome/SNRNP70_OSM_IN_1.genome.Aligned.sort.dedup.bam | sort -k1,1 -k2,2n | grep -v EBV > output/bedgraphs/unscaled/minus/SNRNP70_OSM_IN_1.unscaled.minus.bg;bedGraphToBigWig output/bedgraphs/unscaled/plus/SNRNP70_OSM_IN_1.unscaled.plus.bg ./annotations/genome_ref/chrNameLength.txt output/bigwigs/unscaled/plus/SNRNP70_OSM_IN_1.unscaled.plus.bw;bedGraphToBigWig output/bedgraphs/unscaled/minus/SNRNP70_OSM_IN_1.unscaled.minus.bg ./annotations/genome_ref/chrNameLength.txt output/bigwigs/unscaled/minus/SNRNP70_OSM_IN_1.unscaled.minus.bw;
[Fri Oct 24 15:03:09 2025]
Finished job 67.
72 of 142 steps (51%) done
Approx 10% complete for SNRNP70_CTL_IN_1.trimmed.umi.fq.gz
[Fri Oct 24 15:03:32 2025]
Finished job 112.
73 of 142 steps (51%) done
[Fri Oct 24 15:03:40 2025]
Finished job 92.
74 of 142 steps (52%) done
Approx 15% complete for SNRNP70_CTL_IN_1.trimmed.umi.fq.gz
[Fri Oct 24 15:03:56 2025]
Finished job 75.
75 of 142 steps (53%) done
Removing temporary output output/bedgraphs/unscaled/plus/SNRNP70_OSM_IN_1.unscaled.plus.bg.
Removing temporary output output/bedgraphs/unscaled/minus/SNRNP70_OSM_IN_1.unscaled.minus.bg.
[Fri Oct 24 15:03:57 2025]
Finished job 83.
76 of 142 steps (54%) done
Removing temporary output output/bedgraphs/scaled/plus/SNRNP70_OSM_IN_1.scaled.plus.bg.
Removing temporary output output/bedgraphs/scaled/minus/SNRNP70_OSM_IN_1.scaled.minus.bg.
Approx 20% complete for SNRNP70_CTL_IN_1.trimmed.umi.fq.gz

Fri Oct 24 15:04:19 2025 >> done (4999.968s)
254918457 reads processed; of these:
   737310 ( 0.29%) short reads filtered out after trimming by size control
     1474 ( 0.00%) empty reads filtered out after trimming by size control
254179673 (99.71%) reads available; of these:
 61969662 (24.38%) trimmed reads available after processing
192210011 (75.62%) untrimmed reads available after processing
log has been saved to "output/fastqs/trimmed/SNRNP70_OSM_IP_1-trimmed.log".
[Fri Oct 24 15:04:19 2025]
Finished job 29.
77 of 142 steps (54%) done
Select jobs to execute...

[Fri Oct 24 15:04:19 2025]
rule extract_umi:
    input: output/fastqs/trimmed/SNRNP70_OSM_IP_1-trimmed.fastq.gz
    output: output/fastqs/umi/SNRNP70_OSM_IP_1.trimmed.umi.fq.gz, output/fastp/SNRNP70_OSM_IP_1.fastp.json, output/fastp/SNRNP70_OSM_IP_1.fastp.html
    jobid: 28
    benchmark: benchmarks/umi/unassigned_experiment.SNRNP70_OSM_IP_1.extract_umi.txt
    reason: Missing output files: output/fastqs/umi/SNRNP70_OSM_IP_1.trimmed.umi.fq.gz; Input files updated by another job: output/fastqs/trimmed/SNRNP70_OSM_IP_1-trimmed.fastq.gz
    wildcards: replicate_label=SNRNP70_OSM_IP_1
    threads: 8
    resources: tmpdir=/tmp

fastp -i output/fastqs/trimmed/SNRNP70_OSM_IP_1-trimmed.fastq.gz -o output/fastqs/umi/SNRNP70_OSM_IP_1.trimmed.umi.fq.gz -A -U --umi_len=10 --umi_loc=read1 -j output/fastp/SNRNP70_OSM_IP_1.fastp.json -h output/fastp/SNRNP70_OSM_IP_1.fastp.html -w 8
Approx 25% complete for SNRNP70_CTL_IN_1.trimmed.umi.fq.gz
Approx 30% complete for SNRNP70_CTL_IN_1.trimmed.umi.fq.gz
Approx 35% complete for SNRNP70_CTL_IN_1.trimmed.umi.fq.gz
Approx 40% complete for SNRNP70_CTL_IN_1.trimmed.umi.fq.gz
Approx 45% complete for SNRNP70_CTL_IN_1.trimmed.umi.fq.gz
Approx 50% complete for SNRNP70_CTL_IN_1.trimmed.umi.fq.gz
Approx 55% complete for SNRNP70_CTL_IN_1.trimmed.umi.fq.gz
Approx 60% complete for SNRNP70_CTL_IN_1.trimmed.umi.fq.gz
Approx 65% complete for SNRNP70_CTL_IN_1.trimmed.umi.fq.gz
Approx 70% complete for SNRNP70_CTL_IN_1.trimmed.umi.fq.gz
Approx 75% complete for SNRNP70_CTL_IN_1.trimmed.umi.fq.gz
Approx 80% complete for SNRNP70_CTL_IN_1.trimmed.umi.fq.gz
Approx 85% complete for SNRNP70_CTL_IN_1.trimmed.umi.fq.gz
Approx 90% complete for SNRNP70_CTL_IN_1.trimmed.umi.fq.gz
Approx 95% complete for SNRNP70_CTL_IN_1.trimmed.umi.fq.gz
Analysis complete for SNRNP70_CTL_IN_1.trimmed.umi.fq.gz
[Fri Oct 24 15:12:01 2025]
Finished job 9.
78 of 142 steps (55%) done
Oct 24 15:13:16 ..... finished mapping
Oct 24 15:13:19 ..... finished successfully
[Fri Oct 24 15:13:19 2025]
Finished job 35.
79 of 142 steps (56%) done
Select jobs to execute...

[Fri Oct 24 15:13:19 2025]
rule sort_bam:
    input: output/bams/raw/genome/SNRNP70_CTL_IN_1.genome.Aligned.out.bam
    output: output/bams/raw/genome/SNRNP70_CTL_IN_1.genome.Aligned.sort.bam
    jobid: 34
    benchmark: benchmarks/sort/genome/unassigned_experiment.SNRNP70_CTL_IN_1.sort_bam.txt
    reason: Missing output files: output/bams/raw/genome/SNRNP70_CTL_IN_1.genome.Aligned.sort.bam; Input files updated by another job: output/bams/raw/genome/SNRNP70_CTL_IN_1.genome.Aligned.out.bam
    wildcards: ref=genome, replicate_label=SNRNP70_CTL_IN_1
    threads: 2
    resources: tmpdir=/tmp

samtools sort -T SNRNP70_CTL_IN_1 -@ 2 -o output/bams/raw/genome/SNRNP70_CTL_IN_1.genome.Aligned.sort.bam output/bams/raw/genome/SNRNP70_CTL_IN_1.genome.Aligned.out.bam;
INFO	2025-10-24 15:14:25	SortingCollection	Creating merging iterator from 35 files
[bam_sort_core] merging from 21 files and 2 in-memory blocks...
Read1 before filtering:
total reads: 254179673
total bases: 23519319576
Q20 bases: 23198294694(98.6351%)
Q30 bases: 22347715469(95.0185%)

Read1 after filtering:
total reads: 253035070
total bases: 20963354690
Q20 bases: 20672417925(98.6122%)
Q30 bases: 19905556544(94.9541%)

Filtering result:
reads passed filter: 253035070
reads failed due to low quality: 1227
reads failed due to too many N: 92
reads failed due to too short: 1143284

Duplication rate (may be overestimated since this is SE data): 74.7274%

JSON report: output/fastp/SNRNP70_OSM_IP_1.fastp.json
HTML report: output/fastp/SNRNP70_OSM_IP_1.fastp.html

fastp -i output/fastqs/trimmed/SNRNP70_OSM_IP_1-trimmed.fastq.gz -o output/fastqs/umi/SNRNP70_OSM_IP_1.trimmed.umi.fq.gz -A -U --umi_len=10 --umi_loc=read1 -j output/fastp/SNRNP70_OSM_IP_1.fastp.json -h output/fastp/SNRNP70_OSM_IP_1.fastp.html -w 8 
fastp v0.23.4, time used: 722 seconds
[Fri Oct 24 15:16:21 2025]
Finished job 28.
80 of 142 steps (56%) done
Removing temporary output output/fastqs/trimmed/SNRNP70_OSM_IP_1-trimmed.fastq.gz.
Select jobs to execute...

[Fri Oct 24 15:16:25 2025]
rule align_reads:
    input: output/fastqs/umi/SNRNP70_OSM_IP_1.trimmed.umi.fq.gz
    output: output/bams/raw/genome/SNRNP70_OSM_IP_1.genome.Aligned.out.bam, output/bams/raw/genome/SNRNP70_OSM_IP_1.genome.Log.final.out
    jobid: 59
    benchmark: benchmarks/align/unassigned_experiment.SNRNP70_OSM_IP_1.align_reads_genome.txt
    reason: Missing output files: output/bams/raw/genome/SNRNP70_OSM_IP_1.genome.Aligned.out.bam; Input files updated by another job: output/fastqs/umi/SNRNP70_OSM_IP_1.trimmed.umi.fq.gz
    wildcards: replicate_label=SNRNP70_OSM_IP_1
    threads: 8
    resources: tmpdir=/tmp

STAR --alignEndsType EndToEnd --genomeDir ./annotations/genome_ref --genomeLoad NoSharedMemory --outBAMcompression 10 --outFileNamePrefix output/bams/raw/genome/SNRNP70_OSM_IP_1.genome. --winAnchorMultimapNmax 100 --outFilterMultimapNmax 100 --outFilterMultimapScoreRange 1 --outSAMmultNmax 1 --outMultimapperOrder Random --outFilterScoreMin 10 --outFilterType BySJout --limitOutSJcollapsed 5000000 --outReadsUnmapped None --outSAMattrRGline ID:SNRNP70_OSM_IP_1 --outSAMattributes All --outSAMmode Full --outSAMtype BAM Unsorted --outSAMunmapped Within --readFilesCommand zcat --outStd Log --readFilesIn output/fastqs/umi/SNRNP70_OSM_IP_1.trimmed.umi.fq.gz --runMode alignReads --runThreadN 8

[Fri Oct 24 15:16:25 2025]
rule run_trimmed_fastqc:
    input: output/fastqs/umi/SNRNP70_OSM_IP_1.trimmed.umi.fq.gz
    output: output/fastqc/processed/SNRNP70_OSM_IP_1.trimmed.umi_fastqc.html, output/fastqc/processed/SNRNP70_OSM_IP_1.trimmed.umi_fastqc.zip
    jobid: 27
    benchmark: benchmarks/fastqc/unassigned_experiment.SNRNP70_OSM_IP_1.trimmed_fastqc.txt
    reason: Missing output files: output/fastqc/processed/SNRNP70_OSM_IP_1.trimmed.umi_fastqc.html; Input files updated by another job: output/fastqs/umi/SNRNP70_OSM_IP_1.trimmed.umi.fq.gz
    wildcards: replicate_label=SNRNP70_OSM_IP_1
    resources: tmpdir=/tmp

fastqc output/fastqs/umi/SNRNP70_OSM_IP_1.trimmed.umi.fq.gz --extract --outdir output/fastqc/processed -t 1
	/work/pa-hilario/anaconda3/envs/skipper/bin/STAR-avx2 --alignEndsType EndToEnd --genomeDir ./annotations/genome_ref --genomeLoad NoSharedMemory --outBAMcompression 10 --outFileNamePrefix output/bams/raw/genome/SNRNP70_OSM_IP_1.genome. --winAnchorMultimapNmax 100 --outFilterMultimapNmax 100 --outFilterMultimapScoreRange 1 --outSAMmultNmax 1 --outMultimapperOrder Random --outFilterScoreMin 10 --outFilterType BySJout --limitOutSJcollapsed 5000000 --outReadsUnmapped None --outSAMattrRGline ID:SNRNP70_OSM_IP_1 --outSAMattributes All --outSAMmode Full --outSAMtype BAM Unsorted --outSAMunmapped Within --readFilesCommand zcat --outStd Log --readFilesIn output/fastqs/umi/SNRNP70_OSM_IP_1.trimmed.umi.fq.gz --runMode alignReads --runThreadN 8
	STAR version: 2.7.10b   compiled: 2023-05-25T06:56:23+0000 :/opt/conda/conda-bld/star_1684997536154/work/source
Oct 24 15:16:25 ..... started STAR run
Oct 24 15:16:25 ..... loading genome
application/gzip
Started analysis of SNRNP70_OSM_IP_1.trimmed.umi.fq.gz
Oct 24 15:16:58 ..... started mapping
Number of input reads	151824784
Number of removed unmapped reads	1917943
Number of unremoved reads	149906841
Number of unique alignment positions	2568622
Average number of UMIs per alignment position	17.455802371855416
Max number of UMIs over all alignment positions	419387
Number of reads after deduplicating	17232289
UMI collapsing finished in 1075.494 seconds!
[Fri Oct 24 15:17:08 2025]
Finished job 61.
81 of 142 steps (57%) done
Select jobs to execute...

[Fri Oct 24 15:17:08 2025]
rule partition_bam_reads:
    input: ./annotations/genome_ref/chrNameLength.txt, output/bams/dedup/genome/SNRNP70_OSM_IP_2.genome.Aligned.sort.dedup.bam, ./annotations/gencode.v38.annotation.k562_totalrna.gt1.tiled_partition.bed.gz
    output: output/counts/genome/vectors/SNRNP70_OSM_IP_2.counts
    jobid: 110
    benchmark: benchmarks/counts/unassigned_experiment.SNRNP70_OSM_IP_2.partition_bam_reads.txt
    reason: Missing output files: output/counts/genome/vectors/SNRNP70_OSM_IP_2.counts; Input files updated by another job: output/bams/dedup/genome/SNRNP70_OSM_IP_2.genome.Aligned.sort.dedup.bam
    wildcards: replicate_label=SNRNP70_OSM_IP_2
    resources: tmpdir=/tmp

bedtools bamtobed -i output/bams/dedup/genome/SNRNP70_OSM_IP_2.genome.Aligned.sort.dedup.bam | awk '($1 != "chrEBV") && ($4 !~ "/2$")' | bedtools flank -s -l 1 -r 0 -g ./annotations/genome_ref/chrNameLength.txt -i - | bedtools shift -p 1 -m -1 -g ./annotations/genome_ref/chrNameLength.txt -i - | bedtools sort -i - | bedtools coverage -counts -s -a ./annotations/gencode.v38.annotation.k562_totalrna.gt1.tiled_partition.bed.gz -b - | cut -f 7 | awk 'BEGIN {print "SNRNP70_OSM_IP_2"} {print}' > output/counts/genome/vectors/SNRNP70_OSM_IP_2.counts;

[Fri Oct 24 15:17:08 2025]
rule make_unscaled_bigwig:
    input: ./annotations/genome_ref/chrNameLength.txt, output/bams/dedup/genome/SNRNP70_OSM_IP_2.genome.Aligned.sort.dedup.bam
    output: output/bedgraphs/unscaled/plus/SNRNP70_OSM_IP_2.unscaled.plus.bg, output/bedgraphs/unscaled/minus/SNRNP70_OSM_IP_2.unscaled.minus.bg, output/bigwigs/unscaled/plus/SNRNP70_OSM_IP_2.unscaled.plus.bw, output/bigwigs/unscaled/minus/SNRNP70_OSM_IP_2.unscaled.minus.bw
    jobid: 80
    benchmark: benchmarks/bigwigs/unassigned_experiment.SNRNP70_OSM_IP_2.make_bigwig.txt
    reason: Missing output files: output/bigwigs/unscaled/plus/SNRNP70_OSM_IP_2.unscaled.plus.bw; Input files updated by another job: output/bams/dedup/genome/SNRNP70_OSM_IP_2.genome.Aligned.sort.dedup.bam
    wildcards: replicate_label=SNRNP70_OSM_IP_2
    resources: tmpdir=/tmp

bedtools genomecov -5 -strand + -bg -ibam output/bams/dedup/genome/SNRNP70_OSM_IP_2.genome.Aligned.sort.dedup.bam | sort -k1,1 -k2,2n | grep -v EBV > output/bedgraphs/unscaled/plus/SNRNP70_OSM_IP_2.unscaled.plus.bg;bedtools genomecov -5 -strand - -bg -ibam output/bams/dedup/genome/SNRNP70_OSM_IP_2.genome.Aligned.sort.dedup.bam | sort -k1,1 -k2,2n | grep -v EBV > output/bedgraphs/unscaled/minus/SNRNP70_OSM_IP_2.unscaled.minus.bg;bedGraphToBigWig output/bedgraphs/unscaled/plus/SNRNP70_OSM_IP_2.unscaled.plus.bg ./annotations/genome_ref/chrNameLength.txt output/bigwigs/unscaled/plus/SNRNP70_OSM_IP_2.unscaled.plus.bw;bedGraphToBigWig output/bedgraphs/unscaled/minus/SNRNP70_OSM_IP_2.unscaled.minus.bg ./annotations/genome_ref/chrNameLength.txt output/bigwigs/unscaled/minus/SNRNP70_OSM_IP_2.unscaled.minus.bw;

[Fri Oct 24 15:17:08 2025]
rule quantify_repeats:
    input: ./annotations/genome_ref/chrNameLength.txt, output/bams/dedup/genome/SNRNP70_OSM_IP_2.genome.Aligned.sort.dedup.bam, ./annotations/repeatmasker.grch38.sort.unique.bed.gz
    output: output/counts/repeats/vectors/SNRNP70_OSM_IP_2.counts
    jobid: 97
    benchmark: benchmarks/repeats/unassigned_experiment.SNRNP70_OSM_IP_2.quantify_repeats.txt
    reason: Missing output files: output/counts/repeats/vectors/SNRNP70_OSM_IP_2.counts; Input files updated by another job: output/bams/dedup/genome/SNRNP70_OSM_IP_2.genome.Aligned.sort.dedup.bam
    wildcards: replicate_label=SNRNP70_OSM_IP_2
    resources: tmpdir=/tmp

bedtools bamtobed -i output/bams/dedup/genome/SNRNP70_OSM_IP_2.genome.Aligned.sort.dedup.bam | awk '($1 != "chrEBV") && ($4 !~ "/2$")' | bedtools flank -s -l 1 -r 0 -g ./annotations/genome_ref/chrNameLength.txt -i - | bedtools shift -p 1 -m -1 -g ./annotations/genome_ref/chrNameLength.txt -i - | bedtools sort -i - | bedtools coverage -s -counts -a ./annotations/repeatmasker.grch38.sort.unique.bed.gz -b - | awk 'BEGIN {print "SNRNP70_OSM_IP_2"} {print $NF}' > output/counts/repeats/vectors/SNRNP70_OSM_IP_2.counts

[Fri Oct 24 15:17:08 2025]
rule make_scaled_bigwig:
    input: ./annotations/genome_ref/chrNameLength.txt, output/bams/dedup/genome/SNRNP70_OSM_IP_2.genome.Aligned.sort.dedup.bam
    output: output/bedgraphs/scaled/plus/SNRNP70_OSM_IP_2.scaled.plus.bg, output/bedgraphs/scaled/minus/SNRNP70_OSM_IP_2.scaled.minus.bg, output/bigwigs/scaled/plus/SNRNP70_OSM_IP_2.scaled.plus.bw, output/bigwigs/scaled/minus/SNRNP70_OSM_IP_2.scaled.minus.bw
    jobid: 88
    benchmark: benchmarks/bigwigs/unassigned_experiment.SNRNP70_OSM_IP_2.make_bigwig.txt
    reason: Missing output files: output/bigwigs/scaled/plus/SNRNP70_OSM_IP_2.scaled.plus.bw; Input files updated by another job: output/bams/dedup/genome/SNRNP70_OSM_IP_2.genome.Aligned.sort.dedup.bam
    wildcards: replicate_label=SNRNP70_OSM_IP_2
    resources: tmpdir=/tmp

factor=$(samtools idxstats output/bams/dedup/genome/SNRNP70_OSM_IP_2.genome.Aligned.sort.dedup.bam | cut -f 3 | paste -sd+ | bc | xargs -I {} echo 'scale=6; 10^6 / {}' | bc);bedtools genomecov -scale $factor -5 -strand + -bg -ibam output/bams/dedup/genome/SNRNP70_OSM_IP_2.genome.Aligned.sort.dedup.bam | sort -k1,1 -k2,2n | grep -v EBV > output/bedgraphs/scaled/plus/SNRNP70_OSM_IP_2.scaled.plus.bg;bedtools genomecov -scale $factor -5 -strand - -bg -ibam output/bams/dedup/genome/SNRNP70_OSM_IP_2.genome.Aligned.sort.dedup.bam | sort -k1,1 -k2,2n | grep -v EBV > output/bedgraphs/scaled/minus/SNRNP70_OSM_IP_2.scaled.minus.bg;bedGraphToBigWig output/bedgraphs/scaled/plus/SNRNP70_OSM_IP_2.scaled.plus.bg ./annotations/genome_ref/chrNameLength.txt output/bigwigs/scaled/plus/SNRNP70_OSM_IP_2.scaled.plus.bw;bedGraphToBigWig output/bedgraphs/scaled/minus/SNRNP70_OSM_IP_2.scaled.minus.bg ./annotations/genome_ref/chrNameLength.txt output/bigwigs/scaled/minus/SNRNP70_OSM_IP_2.scaled.minus.bw;

[Fri Oct 24 15:17:08 2025]
rule index_bams:
    input: output/bams/dedup/genome/SNRNP70_OSM_IP_2.genome.Aligned.sort.dedup.bam
    output: output/bams/dedup/genome/SNRNP70_OSM_IP_2.genome.Aligned.sort.dedup.bam.bai
    jobid: 72
    benchmark: benchmarks/index_bam/dedup/genome/sort.dedup/unassigned_experiment.SNRNP70_OSM_IP_2.genome.index_bam.txt
    reason: Missing output files: output/bams/dedup/genome/SNRNP70_OSM_IP_2.genome.Aligned.sort.dedup.bam.bai; Input files updated by another job: output/bams/dedup/genome/SNRNP70_OSM_IP_2.genome.Aligned.sort.dedup.bam
    wildcards: round=dedup, ref=genome, replicate_label=SNRNP70_OSM_IP_2.genome, mid=sort.dedup
    threads: 2
    resources: tmpdir=/tmp

samtools index -@ 2 output/bams/dedup/genome/SNRNP70_OSM_IP_2.genome.Aligned.sort.dedup.bam;
[E::idx_find_and_load] Could not retrieve index file for 'output/bams/dedup/genome/SNRNP70_OSM_IP_2.genome.Aligned.sort.dedup.bam'
samtools idxstats: fail to load index for "output/bams/dedup/genome/SNRNP70_OSM_IP_2.genome.Aligned.sort.dedup.bam", reverting to slow method
[Fri Oct 24 15:17:12 2025]
Finished job 72.
82 of 142 steps (58%) done
Approx 5% complete for SNRNP70_OSM_IP_1.trimmed.umi.fq.gz
Approx 10% complete for SNRNP70_OSM_IP_1.trimmed.umi.fq.gz
[Fri Oct 24 15:18:52 2025]
Finished job 80.
83 of 142 steps (58%) done
Removing temporary output output/bedgraphs/unscaled/plus/SNRNP70_OSM_IP_2.unscaled.plus.bg.
Removing temporary output output/bedgraphs/unscaled/minus/SNRNP70_OSM_IP_2.unscaled.minus.bg.
[Fri Oct 24 15:19:04 2025]
Finished job 88.
84 of 142 steps (59%) done
Removing temporary output output/bedgraphs/scaled/plus/SNRNP70_OSM_IP_2.scaled.plus.bg.
Removing temporary output output/bedgraphs/scaled/minus/SNRNP70_OSM_IP_2.scaled.minus.bg.
Approx 15% complete for SNRNP70_OSM_IP_1.trimmed.umi.fq.gz
[Fri Oct 24 15:19:08 2025]
Finished job 110.
85 of 142 steps (60%) done
[Fri Oct 24 15:19:32 2025]
Finished job 97.
86 of 142 steps (61%) done
[Fri Oct 24 15:19:58 2025]
Finished job 34.
87 of 142 steps (61%) done
Removing temporary output output/bams/raw/genome/SNRNP70_CTL_IN_1.genome.Aligned.out.bam.
Select jobs to execute...

[Fri Oct 24 15:20:01 2025]
rule index_bams:
    input: output/bams/raw/genome/SNRNP70_CTL_IN_1.genome.Aligned.sort.bam
    output: output/bams/raw/genome/SNRNP70_CTL_IN_1.genome.Aligned.sort.bam.bai
    jobid: 36
    benchmark: benchmarks/index_bam/raw/genome/sort/unassigned_experiment.SNRNP70_CTL_IN_1.genome.index_bam.txt
    reason: Missing output files: output/bams/raw/genome/SNRNP70_CTL_IN_1.genome.Aligned.sort.bam.bai; Input files updated by another job: output/bams/raw/genome/SNRNP70_CTL_IN_1.genome.Aligned.sort.bam
    wildcards: round=raw, ref=genome, replicate_label=SNRNP70_CTL_IN_1.genome, mid=sort
    threads: 2
    resources: tmpdir=/tmp

samtools index -@ 2 output/bams/raw/genome/SNRNP70_CTL_IN_1.genome.Aligned.sort.bam;
Approx 20% complete for SNRNP70_OSM_IP_1.trimmed.umi.fq.gz
[Fri Oct 24 15:20:21 2025]
Finished job 36.
88 of 142 steps (62%) done
Select jobs to execute...

[Fri Oct 24 15:20:21 2025]
rule dedup_umi:
    input: output/bams/raw/genome/SNRNP70_CTL_IN_1.genome.Aligned.sort.bam, output/bams/raw/genome/SNRNP70_CTL_IN_1.genome.Aligned.sort.bam.bai
    output: output/bams/dedup/genome/SNRNP70_CTL_IN_1.genome.Aligned.sort.dedup.bam
    jobid: 33
    benchmark: benchmarks/dedup/genome/unassigned_experiment.SNRNP70_CTL_IN_1.dedup_umi.txt
    reason: Missing output files: output/bams/dedup/genome/SNRNP70_CTL_IN_1.genome.Aligned.sort.dedup.bam; Input files updated by another job: output/bams/raw/genome/SNRNP70_CTL_IN_1.genome.Aligned.sort.bam.bai, output/bams/raw/genome/SNRNP70_CTL_IN_1.genome.Aligned.sort.bam
    wildcards: replicate_label=SNRNP70_CTL_IN_1
    resources: tmpdir=/tmp

java -server -Xms8G -Xmx8G -Xss20M -jar installation/UMICollapse-1.0.0/umicollapse.jar bam -i output/bams/raw/genome/SNRNP70_CTL_IN_1.genome.Aligned.sort.bam -o output/bams/dedup/genome/SNRNP70_CTL_IN_1.genome.Aligned.sort.dedup.bam --umi-sep : --two-pass
Arguments	[bam, -i, output/bams/raw/genome/SNRNP70_CTL_IN_1.genome.Aligned.sort.bam, -o, output/bams/dedup/genome/SNRNP70_CTL_IN_1.genome.Aligned.sort.dedup.bam, --umi-sep, :, --two-pass]
Approx 25% complete for SNRNP70_OSM_IP_1.trimmed.umi.fq.gz
Approx 30% complete for SNRNP70_OSM_IP_1.trimmed.umi.fq.gz
Approx 35% complete for SNRNP70_OSM_IP_1.trimmed.umi.fq.gz
Done with the first pass!
Approx 40% complete for SNRNP70_OSM_IP_1.trimmed.umi.fq.gz
Approx 45% complete for SNRNP70_OSM_IP_1.trimmed.umi.fq.gz
Approx 50% complete for SNRNP70_OSM_IP_1.trimmed.umi.fq.gz
Approx 55% complete for SNRNP70_OSM_IP_1.trimmed.umi.fq.gz
Approx 60% complete for SNRNP70_OSM_IP_1.trimmed.umi.fq.gz
INFO	2025-10-24 15:27:54	SortingCollection	Creating merging iterator from 20 files
Approx 65% complete for SNRNP70_OSM_IP_1.trimmed.umi.fq.gz
Approx 70% complete for SNRNP70_OSM_IP_1.trimmed.umi.fq.gz
Number of input reads	104201216
Number of removed unmapped reads	6590049
Number of unremoved reads	97611167
Number of unique alignment positions	1162216
Average number of UMIs per alignment position	13.248255057579659
Max number of UMIs over all alignment positions	48381
Number of reads after deduplicating	9725669
UMI collapsing finished in 543.439 seconds!
[Fri Oct 24 15:29:26 2025]
Finished job 33.
89 of 142 steps (63%) done
Select jobs to execute...

[Fri Oct 24 15:29:26 2025]
rule make_scaled_bigwig:
    input: ./annotations/genome_ref/chrNameLength.txt, output/bams/dedup/genome/SNRNP70_CTL_IN_1.genome.Aligned.sort.dedup.bam
    output: output/bedgraphs/scaled/plus/SNRNP70_CTL_IN_1.scaled.plus.bg, output/bedgraphs/scaled/minus/SNRNP70_CTL_IN_1.scaled.minus.bg, output/bigwigs/scaled/plus/SNRNP70_CTL_IN_1.scaled.plus.bw, output/bigwigs/scaled/minus/SNRNP70_CTL_IN_1.scaled.minus.bw
    jobid: 81
    benchmark: benchmarks/bigwigs/unassigned_experiment.SNRNP70_CTL_IN_1.make_bigwig.txt
    reason: Missing output files: output/bigwigs/scaled/plus/SNRNP70_CTL_IN_1.scaled.plus.bw; Input files updated by another job: output/bams/dedup/genome/SNRNP70_CTL_IN_1.genome.Aligned.sort.dedup.bam
    wildcards: replicate_label=SNRNP70_CTL_IN_1
    resources: tmpdir=/tmp

factor=$(samtools idxstats output/bams/dedup/genome/SNRNP70_CTL_IN_1.genome.Aligned.sort.dedup.bam | cut -f 3 | paste -sd+ | bc | xargs -I {} echo 'scale=6; 10^6 / {}' | bc);bedtools genomecov -scale $factor -5 -strand + -bg -ibam output/bams/dedup/genome/SNRNP70_CTL_IN_1.genome.Aligned.sort.dedup.bam | sort -k1,1 -k2,2n | grep -v EBV > output/bedgraphs/scaled/plus/SNRNP70_CTL_IN_1.scaled.plus.bg;bedtools genomecov -scale $factor -5 -strand - -bg -ibam output/bams/dedup/genome/SNRNP70_CTL_IN_1.genome.Aligned.sort.dedup.bam | sort -k1,1 -k2,2n | grep -v EBV > output/bedgraphs/scaled/minus/SNRNP70_CTL_IN_1.scaled.minus.bg;bedGraphToBigWig output/bedgraphs/scaled/plus/SNRNP70_CTL_IN_1.scaled.plus.bg ./annotations/genome_ref/chrNameLength.txt output/bigwigs/scaled/plus/SNRNP70_CTL_IN_1.scaled.plus.bw;bedGraphToBigWig output/bedgraphs/scaled/minus/SNRNP70_CTL_IN_1.scaled.minus.bg ./annotations/genome_ref/chrNameLength.txt output/bigwigs/scaled/minus/SNRNP70_CTL_IN_1.scaled.minus.bw;

[Fri Oct 24 15:29:26 2025]
rule partition_bam_reads:
    input: ./annotations/genome_ref/chrNameLength.txt, output/bams/dedup/genome/SNRNP70_CTL_IN_1.genome.Aligned.sort.dedup.bam, ./annotations/gencode.v38.annotation.k562_totalrna.gt1.tiled_partition.bed.gz
    output: output/counts/genome/vectors/SNRNP70_CTL_IN_1.counts
    jobid: 103
    benchmark: benchmarks/counts/unassigned_experiment.SNRNP70_CTL_IN_1.partition_bam_reads.txt
    reason: Missing output files: output/counts/genome/vectors/SNRNP70_CTL_IN_1.counts; Input files updated by another job: output/bams/dedup/genome/SNRNP70_CTL_IN_1.genome.Aligned.sort.dedup.bam
    wildcards: replicate_label=SNRNP70_CTL_IN_1
    resources: tmpdir=/tmp

bedtools bamtobed -i output/bams/dedup/genome/SNRNP70_CTL_IN_1.genome.Aligned.sort.dedup.bam | awk '($1 != "chrEBV") && ($4 !~ "/2$")' | bedtools flank -s -l 1 -r 0 -g ./annotations/genome_ref/chrNameLength.txt -i - | bedtools shift -p 1 -m -1 -g ./annotations/genome_ref/chrNameLength.txt -i - | bedtools sort -i - | bedtools coverage -counts -s -a ./annotations/gencode.v38.annotation.k562_totalrna.gt1.tiled_partition.bed.gz -b - | cut -f 7 | awk 'BEGIN {print "SNRNP70_CTL_IN_1"} {print}' > output/counts/genome/vectors/SNRNP70_CTL_IN_1.counts;

[Fri Oct 24 15:29:26 2025]
rule index_bams:
    input: output/bams/dedup/genome/SNRNP70_CTL_IN_1.genome.Aligned.sort.dedup.bam
    output: output/bams/dedup/genome/SNRNP70_CTL_IN_1.genome.Aligned.sort.dedup.bam.bai
    jobid: 65
    benchmark: benchmarks/index_bam/dedup/genome/sort.dedup/unassigned_experiment.SNRNP70_CTL_IN_1.genome.index_bam.txt
    reason: Missing output files: output/bams/dedup/genome/SNRNP70_CTL_IN_1.genome.Aligned.sort.dedup.bam.bai; Input files updated by another job: output/bams/dedup/genome/SNRNP70_CTL_IN_1.genome.Aligned.sort.dedup.bam
    wildcards: round=dedup, ref=genome, replicate_label=SNRNP70_CTL_IN_1.genome, mid=sort.dedup
    threads: 2
    resources: tmpdir=/tmp

samtools index -@ 2 output/bams/dedup/genome/SNRNP70_CTL_IN_1.genome.Aligned.sort.dedup.bam;
[E::idx_find_and_load] Could not retrieve index file for 'output/bams/dedup/genome/SNRNP70_CTL_IN_1.genome.Aligned.sort.dedup.bam'
samtools idxstats: fail to load index for "output/bams/dedup/genome/SNRNP70_CTL_IN_1.genome.Aligned.sort.dedup.bam", reverting to slow method

[Fri Oct 24 15:29:26 2025]
rule make_unscaled_bigwig:
    input: ./annotations/genome_ref/chrNameLength.txt, output/bams/dedup/genome/SNRNP70_CTL_IN_1.genome.Aligned.sort.dedup.bam
    output: output/bedgraphs/unscaled/plus/SNRNP70_CTL_IN_1.unscaled.plus.bg, output/bedgraphs/unscaled/minus/SNRNP70_CTL_IN_1.unscaled.minus.bg, output/bigwigs/unscaled/plus/SNRNP70_CTL_IN_1.unscaled.plus.bw, output/bigwigs/unscaled/minus/SNRNP70_CTL_IN_1.unscaled.minus.bw
    jobid: 73
    benchmark: benchmarks/bigwigs/unassigned_experiment.SNRNP70_CTL_IN_1.make_bigwig.txt
    reason: Missing output files: output/bigwigs/unscaled/plus/SNRNP70_CTL_IN_1.unscaled.plus.bw; Input files updated by another job: output/bams/dedup/genome/SNRNP70_CTL_IN_1.genome.Aligned.sort.dedup.bam
    wildcards: replicate_label=SNRNP70_CTL_IN_1
    resources: tmpdir=/tmp

bedtools genomecov -5 -strand + -bg -ibam output/bams/dedup/genome/SNRNP70_CTL_IN_1.genome.Aligned.sort.dedup.bam | sort -k1,1 -k2,2n | grep -v EBV > output/bedgraphs/unscaled/plus/SNRNP70_CTL_IN_1.unscaled.plus.bg;bedtools genomecov -5 -strand - -bg -ibam output/bams/dedup/genome/SNRNP70_CTL_IN_1.genome.Aligned.sort.dedup.bam | sort -k1,1 -k2,2n | grep -v EBV > output/bedgraphs/unscaled/minus/SNRNP70_CTL_IN_1.unscaled.minus.bg;bedGraphToBigWig output/bedgraphs/unscaled/plus/SNRNP70_CTL_IN_1.unscaled.plus.bg ./annotations/genome_ref/chrNameLength.txt output/bigwigs/unscaled/plus/SNRNP70_CTL_IN_1.unscaled.plus.bw;bedGraphToBigWig output/bedgraphs/unscaled/minus/SNRNP70_CTL_IN_1.unscaled.minus.bg ./annotations/genome_ref/chrNameLength.txt output/bigwigs/unscaled/minus/SNRNP70_CTL_IN_1.unscaled.minus.bw;

[Fri Oct 24 15:29:26 2025]
rule quantify_repeats:
    input: ./annotations/genome_ref/chrNameLength.txt, output/bams/dedup/genome/SNRNP70_CTL_IN_1.genome.Aligned.sort.dedup.bam, ./annotations/repeatmasker.grch38.sort.unique.bed.gz
    output: output/counts/repeats/vectors/SNRNP70_CTL_IN_1.counts
    jobid: 89
    benchmark: benchmarks/repeats/unassigned_experiment.SNRNP70_CTL_IN_1.quantify_repeats.txt
    reason: Missing output files: output/counts/repeats/vectors/SNRNP70_CTL_IN_1.counts; Input files updated by another job: output/bams/dedup/genome/SNRNP70_CTL_IN_1.genome.Aligned.sort.dedup.bam
    wildcards: replicate_label=SNRNP70_CTL_IN_1
    resources: tmpdir=/tmp

bedtools bamtobed -i output/bams/dedup/genome/SNRNP70_CTL_IN_1.genome.Aligned.sort.dedup.bam | awk '($1 != "chrEBV") && ($4 !~ "/2$")' | bedtools flank -s -l 1 -r 0 -g ./annotations/genome_ref/chrNameLength.txt -i - | bedtools shift -p 1 -m -1 -g ./annotations/genome_ref/chrNameLength.txt -i - | bedtools sort -i - | bedtools coverage -s -counts -a ./annotations/repeatmasker.grch38.sort.unique.bed.gz -b - | awk 'BEGIN {print "SNRNP70_CTL_IN_1"} {print $NF}' > output/counts/repeats/vectors/SNRNP70_CTL_IN_1.counts
[Fri Oct 24 15:29:28 2025]
Finished job 65.
90 of 142 steps (63%) done
Approx 75% complete for SNRNP70_OSM_IP_1.trimmed.umi.fq.gz
[Fri Oct 24 15:30:32 2025]
Finished job 103.
91 of 142 steps (64%) done
Select jobs to execute...

[Fri Oct 24 15:30:32 2025]
rule make_genome_count_table:
    input: ./annotations/gencode.v38.annotation.k562_totalrna.gt1.tiled_partition.nuc.gz, output/counts/genome/vectors/SNRNP70_CTL_IN_1.counts, output/counts/genome/vectors/SNRNP70_CTL_IN_2.counts, output/counts/genome/vectors/SNRNP70_CTL_IP_1.counts, output/counts/genome/vectors/SNRNP70_CTL_IP_2.counts
    output: output/counts/genome/tables/SNRNP70_CTL.tsv.gz
    jobid: 101
    benchmark: benchmarks/counts/SNRNP70_CTL.all_replicates.make_genome_count_table.txt
    reason: Missing output files: output/counts/genome/tables/SNRNP70_CTL.tsv.gz; Input files updated by another job: output/counts/genome/vectors/SNRNP70_CTL_IP_2.counts, output/counts/genome/vectors/SNRNP70_CTL_IN_1.counts, output/counts/genome/vectors/SNRNP70_CTL_IN_2.counts, output/counts/genome/vectors/SNRNP70_CTL_IP_1.counts
    wildcards: experiment_label=SNRNP70_CTL
    resources: tmpdir=/tmp

paste <(zcat ./annotations/gencode.v38.annotation.k562_totalrna.gt1.tiled_partition.nuc.gz | awk -v OFS="\t" 'BEGIN {print "chr\tstart\tend\tname\tscore\tstrand\tgc"} NR > 1 {print $1,$2,$3,$4,$5,$6,$8}' ) output/counts/genome/vectors/SNRNP70_CTL_IN_1.counts output/counts/genome/vectors/SNRNP70_CTL_IN_2.counts output/counts/genome/vectors/SNRNP70_CTL_IP_1.counts output/counts/genome/vectors/SNRNP70_CTL_IP_2.counts | gzip -c > output/counts/genome/tables/SNRNP70_CTL.tsv.gz;
[Fri Oct 24 15:30:41 2025]
Finished job 73.
92 of 142 steps (65%) done
Removing temporary output output/bedgraphs/unscaled/plus/SNRNP70_CTL_IN_1.unscaled.plus.bg.
Removing temporary output output/bedgraphs/unscaled/minus/SNRNP70_CTL_IN_1.unscaled.minus.bg.
[Fri Oct 24 15:30:45 2025]
Finished job 81.
93 of 142 steps (65%) done
Removing temporary output output/bedgraphs/scaled/plus/SNRNP70_CTL_IN_1.scaled.plus.bg.
Removing temporary output output/bedgraphs/scaled/minus/SNRNP70_CTL_IN_1.scaled.minus.bg.
[Fri Oct 24 15:30:46 2025]
Finished job 101.
94 of 142 steps (66%) done
Select jobs to execute...

[Fri Oct 24 15:30:47 2025]
rule fit_input_betabinomial_model:
    input: output/counts/genome/tables/SNRNP70_CTL.tsv.gz
    output: output/input_model_coef/SNRNP70_CTL.SNRNP70_CTL_IN_2.tsv
    jobid: 108
    benchmark: benchmarks/betabinomial/SNRNP70_CTL.SNRNP70_CTL_IN_2.fit_input.txt
    reason: Missing output files: output/input_model_coef/SNRNP70_CTL.SNRNP70_CTL_IN_2.tsv; Input files updated by another job: output/counts/genome/tables/SNRNP70_CTL.tsv.gz
    wildcards: experiment_label=SNRNP70_CTL, input_replicate_label=SNRNP70_CTL_IN_2
    resources: tmpdir=/tmp

Rscript --vanilla ./tools/fit_input_betabinom.R output/counts/genome/tables/SNRNP70_CTL.tsv.gz SNRNP70_CTL SNRNP70_CTL_IN_2

[Fri Oct 24 15:30:47 2025]
rule fit_input_betabinomial_model:
    input: output/counts/genome/tables/SNRNP70_CTL.tsv.gz
    output: output/input_model_coef/SNRNP70_CTL.SNRNP70_CTL_IN_1.tsv
    jobid: 106
    benchmark: benchmarks/betabinomial/SNRNP70_CTL.SNRNP70_CTL_IN_1.fit_input.txt
    reason: Missing output files: output/input_model_coef/SNRNP70_CTL.SNRNP70_CTL_IN_1.tsv; Input files updated by another job: output/counts/genome/tables/SNRNP70_CTL.tsv.gz
    wildcards: experiment_label=SNRNP70_CTL, input_replicate_label=SNRNP70_CTL_IN_1
    resources: tmpdir=/tmp

Rscript --vanilla ./tools/fit_input_betabinom.R output/counts/genome/tables/SNRNP70_CTL.tsv.gz SNRNP70_CTL SNRNP70_CTL_IN_1
[Fri Oct 24 15:30:50 2025]
Finished job 89.
95 of 142 steps (67%) done
Select jobs to execute...

[Fri Oct 24 15:30:50 2025]
rule make_repeat_count_tables:
    input: ./annotations/repeatmasker.grch38.sort.unique.bed.gz, output/counts/repeats/vectors/SNRNP70_CTL_IN_1.counts, output/counts/repeats/vectors/SNRNP70_CTL_IN_2.counts, output/counts/repeats/vectors/SNRNP70_CTL_IP_1.counts, output/counts/repeats/vectors/SNRNP70_CTL_IP_2.counts
    output: output/counts/repeats/tables/name/SNRNP70_CTL.tsv.gz, output/counts/repeats/tables/class/SNRNP70_CTL.tsv.gz, output/counts/repeats/tables/family/SNRNP70_CTL.tsv.gz
    jobid: 122
    benchmark: benchmarks/counts/SNRNP70_CTL.all_replicates.make_repeat_count_table.txt
    reason: Missing output files: output/counts/repeats/tables/name/SNRNP70_CTL.tsv.gz, output/counts/repeats/tables/family/SNRNP70_CTL.tsv.gz; Input files updated by another job: output/counts/repeats/vectors/SNRNP70_CTL_IN_1.counts, output/counts/repeats/vectors/SNRNP70_CTL_IP_1.counts, output/counts/repeats/vectors/SNRNP70_CTL_IP_2.counts, output/counts/repeats/vectors/SNRNP70_CTL_IN_2.counts
    wildcards: experiment_label=SNRNP70_CTL
    resources: tmpdir=/tmp

echo "repeat_name" | paste - output/counts/repeats/vectors/SNRNP70_CTL_IN_1.counts output/counts/repeats/vectors/SNRNP70_CTL_IN_2.counts output/counts/repeats/vectors/SNRNP70_CTL_IP_1.counts output/counts/repeats/vectors/SNRNP70_CTL_IP_2.counts | sed -n '1p' | gzip > output/counts/repeats/tables/name/SNRNP70_CTL.tsv.gz;echo "repeat_class" | paste - output/counts/repeats/vectors/SNRNP70_CTL_IN_1.counts output/counts/repeats/vectors/SNRNP70_CTL_IN_2.counts output/counts/repeats/vectors/SNRNP70_CTL_IP_1.counts output/counts/repeats/vectors/SNRNP70_CTL_IP_2.counts | sed -n '1p' | gzip > output/counts/repeats/tables/class/SNRNP70_CTL.tsv.gz;echo "repeat_family" | paste - output/counts/repeats/vectors/SNRNP70_CTL_IN_1.counts output/counts/repeats/vectors/SNRNP70_CTL_IN_2.counts output/counts/repeats/vectors/SNRNP70_CTL_IP_1.counts output/counts/repeats/vectors/SNRNP70_CTL_IP_2.counts | sed -n '1p' | gzip > output/counts/repeats/tables/family/SNRNP70_CTL.tsv.gz;paste <(zcat ./annotations/repeatmasker.grch38.sort.unique.bed.gz | awk -v OFS="\t" 'BEGIN {print "repeat_name";} {print $7}') output/counts/repeats/vectors/SNRNP70_CTL_IN_1.counts output/counts/repeats/vectors/SNRNP70_CTL_IN_2.counts output/counts/repeats/vectors/SNRNP70_CTL_IP_1.counts output/counts/repeats/vectors/SNRNP70_CTL_IP_2.counts | awk -v OFS="\t" 'NR > 1 {for(i = 2; i <= NF; i++) {tabulation[$1][i] += $i} } END {for(name in tabulation) { printf name; for(i = 2; i <= NF; i++) {printf "\t" tabulation[name][i]} print "";} }' | sort -k 1,1 | gzip >> output/counts/repeats/tables/name/SNRNP70_CTL.tsv.gz;paste <(zcat ./annotations/repeatmasker.grch38.sort.unique.bed.gz | awk -v OFS="\t" 'BEGIN {print "repeat_class";} {print $8}') output/counts/repeats/vectors/SNRNP70_CTL_IN_1.counts output/counts/repeats/vectors/SNRNP70_CTL_IN_2.counts output/counts/repeats/vectors/SNRNP70_CTL_IP_1.counts output/counts/repeats/vectors/SNRNP70_CTL_IP_2.counts | awk -v OFS="\t" 'NR > 1 {for(i = 2; i <= NF; i++) {tabulation[$1][i] += $i} } END {for(name in tabulation) { printf name; for(i = 2; i <= NF; i++) {printf "\t" tabulation[name][i]} print "";} }' | sort -k 1,1 | gzip >> output/counts/repeats/tables/class/SNRNP70_CTL.tsv.gz;paste <(zcat ./annotations/repeatmasker.grch38.sort.unique.bed.gz | awk -v OFS="\t" 'BEGIN {print "repeat_family";} {print $9}') output/counts/repeats/vectors/SNRNP70_CTL_IN_1.counts output/counts/repeats/vectors/SNRNP70_CTL_IN_2.counts output/counts/repeats/vectors/SNRNP70_CTL_IP_1.counts output/counts/repeats/vectors/SNRNP70_CTL_IP_2.counts | awk -v OFS="\t" 'NR > 1 {for(i = 2; i <= NF; i++) {tabulation[$1][i] += $i} } END {for(name in tabulation) { printf name; for(i = 2; i <= NF; i++) {printf "\t" tabulation[name][i]} print "";} }' | sort -k 1,1 | gzip >> output/counts/repeats/tables/family/SNRNP70_CTL.tsv.gz;
Approx 80% complete for SNRNP70_OSM_IP_1.trimmed.umi.fq.gz
── Attaching packages ───────────────────────────────────────────────────────────────────────── tidyverse 1.3.2 ──
── Attaching packages ───────────────────────────────────────────────────────────────────────── tidyverse 1.3.2 ──
✔ ggplot2 3.4.2     ✔ purrr   1.0.1
✔ tibble  3.2.1     ✔ dplyr   1.1.2
✔ tidyr   1.3.0     ✔ stringr 1.5.0
✔ readr   2.1.4     ✔ forcats 1.0.0
✔ ggplot2 3.4.2     ✔ purrr   1.0.1
✔ tibble  3.2.1     ✔ dplyr   1.1.2
✔ tidyr   1.3.0     ✔ stringr 1.5.0
✔ readr   2.1.4     ✔ forcats 1.0.0
── Conflicts ──────────────────────────────────────────────────────────────────────────── tidyverse_conflicts() ──
✖ dplyr::filter() masks stats::filter()
✖ dplyr::lag()    masks stats::lag()
[1] "/work/pa-hilario/skipper"
── Conflicts ──────────────────────────────────────────────────────────────────────────── tidyverse_conflicts() ──
✖ dplyr::filter() masks stats::filter()
✖ dplyr::lag()    masks stats::lag()
[1] "/work/pa-hilario/skipper"
Rows: 5926997 Columns: 11
── Column specification ──────────────────────────────────────────────────────────────────────────────────────────
Delimiter: "\t"
chr (2): chr, strand
dbl (9): start, end, name, score, gc, SNRNP70_CTL_IN_1, SNRNP70_CTL_IN_2, SN...

ℹ Use `spec()` to retrieve the full column specification for this data.
ℹ Specify the column types or set `show_col_types = FALSE` to quiet this message.
Rows: 5926997 Columns: 11
── Column specification ──────────────────────────────────────────────────────────────────────────────────────────
Delimiter: "\t"
chr (2): chr, strand
dbl (9): start, end, name, score, gc, SNRNP70_CTL_IN_1, SNRNP70_CTL_IN_2, SN...

ℹ Use `spec()` to retrieve the full column specification for this data.
ℹ Specify the column types or set `show_col_types = FALSE` to quiet this message.
Joining with `by = join_by(gc_bin)`
Joining with `by = join_by(gc_bin)`
[Fri Oct 24 15:31:17 2025]
Finished job 122.
96 of 142 steps (68%) done
Select jobs to execute...

[Fri Oct 24 15:31:17 2025]
rule fit_input_betabinomial_re_model:
    input: output/counts/repeats/tables/name/SNRNP70_CTL.tsv.gz
    output: output/input_model_coef_re/SNRNP70_CTL.SNRNP70_CTL_IN_2.tsv
    jobid: 128
    benchmark: benchmarks/fit_input_betabinomial_re_model/SNRNP70_CTL.SNRNP70_CTL_IN_2.fit_input.txt
    reason: Missing output files: output/input_model_coef_re/SNRNP70_CTL.SNRNP70_CTL_IN_2.tsv; Input files updated by another job: output/counts/repeats/tables/name/SNRNP70_CTL.tsv.gz
    wildcards: experiment_label=SNRNP70_CTL, input_replicate_label=SNRNP70_CTL_IN_2
    resources: tmpdir=/tmp

Rscript --vanilla ./tools/fit_input_betabinom_re.R output/counts/repeats/tables/name/SNRNP70_CTL.tsv.gz SNRNP70_CTL SNRNP70_CTL_IN_2

[Fri Oct 24 15:31:17 2025]
rule fit_input_betabinomial_re_model:
    input: output/counts/repeats/tables/name/SNRNP70_CTL.tsv.gz
    output: output/input_model_coef_re/SNRNP70_CTL.SNRNP70_CTL_IN_1.tsv
    jobid: 126
    benchmark: benchmarks/fit_input_betabinomial_re_model/SNRNP70_CTL.SNRNP70_CTL_IN_1.fit_input.txt
    reason: Missing output files: output/input_model_coef_re/SNRNP70_CTL.SNRNP70_CTL_IN_1.tsv; Input files updated by another job: output/counts/repeats/tables/name/SNRNP70_CTL.tsv.gz
    wildcards: experiment_label=SNRNP70_CTL, input_replicate_label=SNRNP70_CTL_IN_1
    resources: tmpdir=/tmp

Rscript --vanilla ./tools/fit_input_betabinom_re.R output/counts/repeats/tables/name/SNRNP70_CTL.tsv.gz SNRNP70_CTL SNRNP70_CTL_IN_1
── Attaching packages ───────────────────────────────────────────────────────────────────────── tidyverse 1.3.2 ──
── Attaching packages ───────────────────────────────────────────────────────────────────────── tidyverse 1.3.2 ──
✔ ggplot2 3.4.2     ✔ purrr   1.0.1
✔ tibble  3.2.1     ✔ dplyr   1.1.2
✔ tidyr   1.3.0     ✔ stringr 1.5.0
✔ readr   2.1.4     ✔ forcats 1.0.0
✔ ggplot2 3.4.2     ✔ purrr   1.0.1
✔ tibble  3.2.1     ✔ dplyr   1.1.2
✔ tidyr   1.3.0     ✔ stringr 1.5.0
✔ readr   2.1.4     ✔ forcats 1.0.0
── Conflicts ──────────────────────────────────────────────────────────────────────────── tidyverse_conflicts() ──
✖ dplyr::filter() masks stats::filter()
✖ dplyr::lag()    masks stats::lag()
── Conflicts ──────────────────────────────────────────────────────────────────────────── tidyverse_conflicts() ──
✖ dplyr::filter() masks stats::filter()
✖ dplyr::lag()    masks stats::lag()
Rows: 15631 Columns: 5
── Column specification ──────────────────────────────────────────────────────────────────────────────────────────
Delimiter: "\t"
chr (1): repeat_name
dbl (4): SNRNP70_CTL_IN_1, SNRNP70_CTL_IN_2, SNRNP70_CTL_IP_1, SNRNP70_CTL_IP_2

ℹ Use `spec()` to retrieve the full column specification for this data.
ℹ Specify the column types or set `show_col_types = FALSE` to quiet this message.
Rows: 15631 Columns: 5
── Column specification ──────────────────────────────────────────────────────────────────────────────────────────
Delimiter: "\t"
chr (1): repeat_name
dbl (4): SNRNP70_CTL_IN_1, SNRNP70_CTL_IN_2, SNRNP70_CTL_IP_1, SNRNP70_CTL_IP_2

ℹ Use `spec()` to retrieve the full column specification for this data.
ℹ Specify the column types or set `show_col_types = FALSE` to quiet this message.
VGLM    linear loop  1 :  loglikelihood = VGLM    linear loop  1 :  loglikelihood = -5075.53223
-5075.53223
VGLM    linear loop  1 :  loglikelihood = -323351.9483
VGLM    linear loop  1 :  loglikelihood = -323351.9483
VGLM    linear loop  2 :  loglikelihood = -323325.6331
VGLM    linear loop  2 :  loglikelihood = -323325.633
VGLM    linear loop  2 :  loglikelihood = -4720.4476
VGLM    linear loop  2 :  loglikelihood = -4720.4476
Approx 85% complete for SNRNP70_OSM_IP_1.trimmed.umi.fq.gz
VGLM    linear loop  3 :  loglikelihood = -323324.5966
VGLM    linear loop  3 :  loglikelihood = -323324.5967
VGLM    linear loop  4 :  loglikelihood = -323324.5968
Taking a modified step.VGLM    linear loop  4 :  loglikelihood = -323324.5966
.VGLM    linear loop  3 :  loglikelihood = -4559.26008
.VGLM    linear loop  3 :  loglikelihood = -4559.26008

VGLM    linear loop  4 :  loglikelihood = -323324.5963
VGLM    linear loop  5 :  loglikelihood = -323324.5968
Taking a modified step..
VGLM    linear loop  5 :  loglikelihood = -323324.5965
VGLM    linear loop  5 :  loglikelihood = -323324.5965
Taking a modified step............VGLM    linear loop  4 :  loglikelihood = -4530.15711
.VGLM    linear loop  4 :  loglikelihood = -4530.15711
..
VGLM    linear loop  5 :  loglikelihood = -323324.5963
VGLM    linear loop  6 :  loglikelihood = -323324.5967
Taking a modified step........Warning messages:
1: In checkwz(wz, M, trace = trace, wzepsilon = control$wzepsilon) :
  25776 diagonal elements of the working weights variable 'wz' have been replaced by 1.819e-12
2: In checkwz(wz, M = M, trace = trace, wzepsilon = control$wzepsilon) :
  12490 diagonal elements of the working weights variable 'wz' have been replaced by 1.819e-12
3: In checkwz(wz, M = M, trace = trace, wzepsilon = control$wzepsilon) :
  163312 diagonal elements of the working weights variable 'wz' have been replaced by 1.819e-12
4: In checkwz(wz, M = M, trace = trace, wzepsilon = control$wzepsilon) :
  172298 diagonal elements of the working weights variable 'wz' have been replaced by 1.819e-12
5: In checkwz(wz, M = M, trace = trace, wzepsilon = control$wzepsilon) :
  280874 diagonal elements of the working weights variable 'wz' have been replaced by 1.819e-12
6: In vglm.fitter(x = x, y = y, w = w, offset = offset, Xm2 = Xm2,  :
  some quantities such as z, residuals, SEs may be inaccurate due to convergence at a half-step
[Fri Oct 24 15:32:17 2025]
Finished job 108.
97 of 142 steps (68%) done
Select jobs to execute...

[Fri Oct 24 15:32:17 2025]
rule call_enriched_windows:
    input: ./annotations/gencode.v38.annotation.k562_totalrna.gt1.tiled_partition.features.tsv.gz, ./annotations/accession_type_ranking.txt, output/counts/genome/vectors/SNRNP70_CTL_IP_2.counts, output/counts/genome/tables/SNRNP70_CTL.tsv.gz, output/input_model_coef/SNRNP70_CTL.SNRNP70_CTL_IN_2.tsv
    output: output/threshold_scan/SNRNP70_CTL.SNRNP70_CTL_IP_2.threshold_data.tsv, output/tested_windows/SNRNP70_CTL.SNRNP70_CTL_IP_2.tested_windows.tsv.gz, output/enriched_windows/SNRNP70_CTL.SNRNP70_CTL_IP_2.enriched_windows.tsv.gz, output/enrichment_summaries/SNRNP70_CTL.SNRNP70_CTL_IP_2.enriched_window_feature_summary.tsv, output/enrichment_summaries/SNRNP70_CTL.SNRNP70_CTL_IP_2.enriched_window_transcript_summary.tsv, output/enrichment_summaries/SNRNP70_CTL.SNRNP70_CTL_IP_2.enriched_window_gene_summary.tsv, output/all_reads/SNRNP70_CTL.SNRNP70_CTL_IP_2.all_reads_fractions_feature_data.tsv, output/all_reads/SNRNP70_CTL.SNRNP70_CTL_IP_2.all_reads_odds_feature_data.tsv, output/all_reads/SNRNP70_CTL.SNRNP70_CTL_IP_2.all_reads_odds_transcript_data.tsv, output/all_reads/SNRNP70_CTL.SNRNP70_CTL_IP_2.all_reads_odds_feature_gc_data.tsv, output/figures/threshold_scan/SNRNP70_CTL.SNRNP70_CTL_IP_2.threshold_scan.pdf, output/figures/enriched_windows/SNRNP70_CTL.SNRNP70_CTL_IP_2.enriched_window_coverage.pdf, output/figures/enriched_windows/SNRNP70_CTL.SNRNP70_CTL_IP_2.enriched_window_rates.pdf, output/figures/enriched_windows/SNRNP70_CTL.SNRNP70_CTL_IP_2.enriched_window_counts.linear.pdf, output/figures/enriched_windows/SNRNP70_CTL.SNRNP70_CTL_IP_2.enriched_window_counts.log10.pdf, output/figures/enriched_windows/SNRNP70_CTL.SNRNP70_CTL_IP_2.enriched_window_odds.feature.pdf, output/figures/enriched_windows/SNRNP70_CTL.SNRNP70_CTL_IP_2.enriched_window_odds.all_transcript_types.pdf, output/figures/enriched_windows/SNRNP70_CTL.SNRNP70_CTL_IP_2.enriched_window_odds.select_transcript_types.pdf, output/figures/enriched_windows/SNRNP70_CTL.SNRNP70_CTL_IP_2.enriched_window_counts.per_gene_feature.pdf, output/figures/all_reads/SNRNP70_CTL.SNRNP70_CTL_IP_2.all_reads_fractions.feature.pdf, output/figures/all_reads/SNRNP70_CTL.SNRNP70_CTL_IP_2.all_reads_odds.feature.pdf, output/figures/all_reads/SNRNP70_CTL.SNRNP70_CTL_IP_2.all_reads_odds.all_transcript_types.pdf, output/figures/all_reads/SNRNP70_CTL.SNRNP70_CTL_IP_2.all_reads_odds.feature_gc.pdf
    jobid: 107
    benchmark: benchmarks/call_enriched_windows/SNRNP70_CTL.SNRNP70_CTL_IP_2.call_enriched_windows.txt
    reason: Missing output files: output/tested_windows/SNRNP70_CTL.SNRNP70_CTL_IP_2.tested_windows.tsv.gz, output/enriched_windows/SNRNP70_CTL.SNRNP70_CTL_IP_2.enriched_windows.tsv.gz; Input files updated by another job: output/counts/genome/vectors/SNRNP70_CTL_IP_2.counts, output/input_model_coef/SNRNP70_CTL.SNRNP70_CTL_IN_2.tsv, output/counts/genome/tables/SNRNP70_CTL.tsv.gz
    wildcards: experiment_label=SNRNP70_CTL, clip_replicate_label=SNRNP70_CTL_IP_2
    resources: tmpdir=/tmp

Rscript --vanilla ./tools/call_enriched_windows.R output/counts/genome/tables/SNRNP70_CTL.tsv.gz ./annotations/accession_type_ranking.txt ./annotations/gencode.v38.annotation.k562_totalrna.gt1.tiled_partition.features.tsv.gz output/input_model_coef/SNRNP70_CTL.SNRNP70_CTL_IN_2.tsv SNRNP70_CTL_IN_2 SNRNP70_CTL_IP_2 SNRNP70_CTL.SNRNP70_CTL_IP_2
......── Attaching packages ───────────────────────────────────────────────────────────────────────── tidyverse 1.3.2 ──
✔ ggplot2 3.4.2     ✔ purrr   1.0.1
✔ tibble  3.2.1     ✔ dplyr   1.1.2
✔ tidyr   1.3.0     ✔ stringr 1.5.0
✔ readr   2.1.4     ✔ forcats 1.0.0

VGLM    linear loop  6 :  loglikelihood = -323324.5965
── Conflicts ──────────────────────────────────────────────────────────────────────────── tidyverse_conflicts() ──
✖ dplyr::filter() masks stats::filter()
✖ dplyr::lag()    masks stats::lag()
Loading required package: viridisLite
VGLM    linear loop  5 :  loglikelihood = -4530.17354
Taking a modified step.
VGLM    linear loop  5 :  loglikelihood = -4530.05153
VGLM    linear loop  5 :  loglikelihood = -4530.17354
Taking a modified step.
VGLM    linear loop  5 :  loglikelihood = -4530.05153
Rows: 5926997 Columns: 11
── Column specification ──────────────────────────────────────────────────────────────────────────────────────────
Delimiter: "\t"
chr (2): chr, strand
dbl (9): start, end, name, score, gc, SNRNP70_CTL_IN_1, SNRNP70_CTL_IN_2, SN...

ℹ Use `spec()` to retrieve the full column specification for this data.
ℹ Specify the column types or set `show_col_types = FALSE` to quiet this message.
Rows: 45 Columns: 3
── Column specification ──────────────────────────────────────────────────────────────────────────────────────────
Delimiter: "\t"
chr (2): accession, exon_subtype
dbl (1): rank

ℹ Use `spec()` to retrieve the full column specification for this data.
ℹ Specify the column types or set `show_col_types = FALSE` to quiet this message.
VGLM    linear loop  7 :  loglikelihood = -323324.5966
Taking a modified step.........
VGLM    linear loop  7 :  loglikelihood = -323324.5964
Warning messages:
1: In checkwz(wz, M, trace = trace, wzepsilon = control$wzepsilon) :
  25776 diagonal elements of the working weights variable 'wz' have been replaced by 1.819e-12
2: In checkwz(wz, M = M, trace = trace, wzepsilon = control$wzepsilon) :
  12729 diagonal elements of the working weights variable 'wz' have been replaced by 1.819e-12
3: In checkwz(wz, M = M, trace = trace, wzepsilon = control$wzepsilon) :
  220875 diagonal elements of the working weights variable 'wz' have been replaced by 1.819e-12
4: In checkwz(wz, M = M, trace = trace, wzepsilon = control$wzepsilon) :
  160212 diagonal elements of the working weights variable 'wz' have been replaced by 1.819e-12
5: In checkwz(wz, M = M, trace = trace, wzepsilon = control$wzepsilon) :
  179215 diagonal elements of the working weights variable 'wz' have been replaced by 1.819e-12
6: In checkwz(wz, M = M, trace = trace, wzepsilon = control$wzepsilon) :
  211299 diagonal elements of the working weights variable 'wz' have been replaced by 1.819e-12
7: In checkwz(wz, M = M, trace = trace, wzepsilon = control$wzepsilon) :
  199804 diagonal elements of the working weights variable 'wz' have been replaced by 1.819e-12
8: In vglm.fitter(x = x, y = y, w = w, offset = offset, Xm2 = Xm2,  :
  some quantities such as z, residuals, SEs may be inaccurate due to convergence at a half-step
[Fri Oct 24 15:32:33 2025]
Finished job 106.
98 of 142 steps (69%) done
Select jobs to execute...

[Fri Oct 24 15:32:33 2025]
rule call_enriched_windows:
    input: ./annotations/gencode.v38.annotation.k562_totalrna.gt1.tiled_partition.features.tsv.gz, ./annotations/accession_type_ranking.txt, output/counts/genome/vectors/SNRNP70_CTL_IP_2.counts, output/counts/genome/tables/SNRNP70_CTL.tsv.gz, output/input_model_coef/SNRNP70_CTL.SNRNP70_CTL_IN_1.tsv
    output: output/threshold_scan/SNRNP70_CTL.SNRNP70_CTL_IP_1.threshold_data.tsv, output/tested_windows/SNRNP70_CTL.SNRNP70_CTL_IP_1.tested_windows.tsv.gz, output/enriched_windows/SNRNP70_CTL.SNRNP70_CTL_IP_1.enriched_windows.tsv.gz, output/enrichment_summaries/SNRNP70_CTL.SNRNP70_CTL_IP_1.enriched_window_feature_summary.tsv, output/enrichment_summaries/SNRNP70_CTL.SNRNP70_CTL_IP_1.enriched_window_transcript_summary.tsv, output/enrichment_summaries/SNRNP70_CTL.SNRNP70_CTL_IP_1.enriched_window_gene_summary.tsv, output/all_reads/SNRNP70_CTL.SNRNP70_CTL_IP_1.all_reads_fractions_feature_data.tsv, output/all_reads/SNRNP70_CTL.SNRNP70_CTL_IP_1.all_reads_odds_feature_data.tsv, output/all_reads/SNRNP70_CTL.SNRNP70_CTL_IP_1.all_reads_odds_transcript_data.tsv, output/all_reads/SNRNP70_CTL.SNRNP70_CTL_IP_1.all_reads_odds_feature_gc_data.tsv, output/figures/threshold_scan/SNRNP70_CTL.SNRNP70_CTL_IP_1.threshold_scan.pdf, output/figures/enriched_windows/SNRNP70_CTL.SNRNP70_CTL_IP_1.enriched_window_coverage.pdf, output/figures/enriched_windows/SNRNP70_CTL.SNRNP70_CTL_IP_1.enriched_window_rates.pdf, output/figures/enriched_windows/SNRNP70_CTL.SNRNP70_CTL_IP_1.enriched_window_counts.linear.pdf, output/figures/enriched_windows/SNRNP70_CTL.SNRNP70_CTL_IP_1.enriched_window_counts.log10.pdf, output/figures/enriched_windows/SNRNP70_CTL.SNRNP70_CTL_IP_1.enriched_window_odds.feature.pdf, output/figures/enriched_windows/SNRNP70_CTL.SNRNP70_CTL_IP_1.enriched_window_odds.all_transcript_types.pdf, output/figures/enriched_windows/SNRNP70_CTL.SNRNP70_CTL_IP_1.enriched_window_odds.select_transcript_types.pdf, output/figures/enriched_windows/SNRNP70_CTL.SNRNP70_CTL_IP_1.enriched_window_counts.per_gene_feature.pdf, output/figures/all_reads/SNRNP70_CTL.SNRNP70_CTL_IP_1.all_reads_fractions.feature.pdf, output/figures/all_reads/SNRNP70_CTL.SNRNP70_CTL_IP_1.all_reads_odds.feature.pdf, output/figures/all_reads/SNRNP70_CTL.SNRNP70_CTL_IP_1.all_reads_odds.all_transcript_types.pdf, output/figures/all_reads/SNRNP70_CTL.SNRNP70_CTL_IP_1.all_reads_odds.feature_gc.pdf
    jobid: 98
    benchmark: benchmarks/call_enriched_windows/SNRNP70_CTL.SNRNP70_CTL_IP_1.call_enriched_windows.txt
    reason: Missing output files: output/enriched_windows/SNRNP70_CTL.SNRNP70_CTL_IP_1.enriched_windows.tsv.gz, output/tested_windows/SNRNP70_CTL.SNRNP70_CTL_IP_1.tested_windows.tsv.gz; Input files updated by another job: output/input_model_coef/SNRNP70_CTL.SNRNP70_CTL_IN_1.tsv, output/counts/genome/vectors/SNRNP70_CTL_IP_2.counts, output/counts/genome/tables/SNRNP70_CTL.tsv.gz
    wildcards: experiment_label=SNRNP70_CTL, clip_replicate_label=SNRNP70_CTL_IP_1
    resources: tmpdir=/tmp

Rscript --vanilla ./tools/call_enriched_windows.R output/counts/genome/tables/SNRNP70_CTL.tsv.gz ./annotations/accession_type_ranking.txt ./annotations/gencode.v38.annotation.k562_totalrna.gt1.tiled_partition.features.tsv.gz output/input_model_coef/SNRNP70_CTL.SNRNP70_CTL_IN_1.tsv SNRNP70_CTL_IN_1 SNRNP70_CTL_IP_1 SNRNP70_CTL.SNRNP70_CTL_IP_1
── Attaching packages ───────────────────────────────────────────────────────────────────────── tidyverse 1.3.2 ──
✔ ggplot2 3.4.2     ✔ purrr   1.0.1
✔ tibble  3.2.1     ✔ dplyr   1.1.2
✔ tidyr   1.3.0     ✔ stringr 1.5.0
✔ readr   2.1.4     ✔ forcats 1.0.0
── Conflicts ──────────────────────────────────────────────────────────────────────────── tidyverse_conflicts() ──
✖ dplyr::filter() masks stats::filter()
✖ dplyr::lag()    masks stats::lag()
Loading required package: viridisLite
VGLM    linear loop  6 :  loglikelihood = -4530.05117
VGLM    linear loop  6 :  loglikelihood = -4530.05117
Rows: 5926997 Columns: 11
── Column specification ──────────────────────────────────────────────────────────────────────────────────────────
Delimiter: "\t"
chr (2): chr, strand
dbl (9): start, end, name, score, gc, SNRNP70_CTL_IN_1, SNRNP70_CTL_IN_2, SN...

ℹ Use `spec()` to retrieve the full column specification for this data.
ℹ Specify the column types or set `show_col_types = FALSE` to quiet this message.
Rows: 45 Columns: 3
── Column specification ──────────────────────────────────────────────────────────────────────────────────────────
Delimiter: "\t"
chr (2): accession, exon_subtype
dbl (1): rank

ℹ Use `spec()` to retrieve the full column specification for this data.
ℹ Specify the column types or set `show_col_types = FALSE` to quiet this message.
Rows: 5926997 Columns: 17
── Column specification ──────────────────────────────────────────────────────────────────────────────────────────
Delimiter: "\t"
chr (11): chrom, strand, feature_type_top, feature_types, gene_name, gene_id...
dbl  (6): start, end, name, score, feature_id, feature_bin

ℹ Use `spec()` to retrieve the full column specification for this data.
ℹ Specify the column types or set `show_col_types = FALSE` to quiet this message.
Rows: 1 Columns: 7
── Column specification ──────────────────────────────────────────────────────────────────────────────────────────
Delimiter: "\t"
chr (3): given_replicate, other_replicate, experiment
dbl (4): mu, rho, gc_bias_term, global_given_replicate_fraction

ℹ Use `spec()` to retrieve the full column specification for this data.
ℹ Specify the column types or set `show_col_types = FALSE` to quiet this message.
Approx 90% complete for SNRNP70_OSM_IP_1.trimmed.umi.fq.gz
Joining with `by = join_by(gc_bin)`
`summarise()` has grouped output by 'clip', 'input', 'gc_bin'. You can override using the `.groups` argument.
Joining with `by = join_by(input, clip, gc_bin, baseline_l2or)`
VGLM    linear loop  7 :  loglikelihood = -4530.05116
`summarise()` has grouped output by 'SNRNP70_CTL_IN_2'. You can override using the `.groups` argument.
VGLM    linear loop  7 :  loglikelihood = -4530.05116
`summarise()` has grouped output by 'SNRNP70_CTL_IN_1'. You can override using the `.groups` argument.
Joining with `by = join_by(SNRNP70_CTL_IN_1, SNRNP70_CTL_IN_2)`
Joining with `by = join_by(repeat_name, SNRNP70_CTL_IN_1, SNRNP70_CTL_IN_2, SNRNP70_CTL_IP_1, SNRNP70_CTL_IP_2)`
Warning messages:
1: In checkwz(wz, M, trace = trace, wzepsilon = control$wzepsilon) :
  104 diagonal elements of the working weights variable 'wz' have been replaced by 1.819e-12
2: In checkwz(wz, M = M, trace = trace, wzepsilon = control$wzepsilon) :
  104 diagonal elements of the working weights variable 'wz' have been replaced by 1.819e-12
3: In checkwz(wz, M = M, trace = trace, wzepsilon = control$wzepsilon) :
  104 diagonal elements of the working weights variable 'wz' have been replaced by 1.819e-12
4: In checkwz(wz, M = M, trace = trace, wzepsilon = control$wzepsilon) :
  104 diagonal elements of the working weights variable 'wz' have been replaced by 1.819e-12
5: In checkwz(wz, M = M, trace = trace, wzepsilon = control$wzepsilon) :
  104 diagonal elements of the working weights variable 'wz' have been replaced by 1.819e-12
[Fri Oct 24 15:32:54 2025]
Finished job 128.
99 of 142 steps (70%) done
Select jobs to execute...

[Fri Oct 24 15:32:54 2025]
rule call_enriched_re:
    input: output/counts/repeats/tables/name/SNRNP70_CTL.tsv.gz, output/counts/repeats/vectors/SNRNP70_CTL_IP_2.counts, ./annotations/repeatmasker.grch38.sort.unique.bed.gz, output/input_model_coef_re/SNRNP70_CTL.SNRNP70_CTL_IN_2.tsv
    output: output/figures/clip_scatter_re/SNRNP70_CTL.SNRNP70_CTL_IP_2.clip_test_distribution.pdf, output/enriched_re/SNRNP70_CTL.SNRNP70_CTL_IP_2.enriched_re.tsv.gz
    jobid: 127
    benchmark: benchmarks/call_enriched_re/SNRNP70_CTL.SNRNP70_CTL_IP_2.call_enriched_re.txt
    reason: Missing output files: output/enriched_re/SNRNP70_CTL.SNRNP70_CTL_IP_2.enriched_re.tsv.gz; Input files updated by another job: output/counts/repeats/tables/name/SNRNP70_CTL.tsv.gz, output/counts/repeats/vectors/SNRNP70_CTL_IP_2.counts, output/input_model_coef_re/SNRNP70_CTL.SNRNP70_CTL_IN_2.tsv
    wildcards: experiment_label=SNRNP70_CTL, clip_replicate_label=SNRNP70_CTL_IP_2
    resources: tmpdir=/tmp

Rscript --vanilla ./tools/call_enriched_re.R output/counts/repeats/tables/name/SNRNP70_CTL.tsv.gz ./annotations/repeatmasker.grch38.sort.unique.bed.gz output/input_model_coef_re/SNRNP70_CTL.SNRNP70_CTL_IN_2.tsv SNRNP70_CTL_IN_2 SNRNP70_CTL_IP_2 SNRNP70_CTL.SNRNP70_CTL_IP_2
Joining with `by = join_by(SNRNP70_CTL_IN_1, SNRNP70_CTL_IN_2)`
Joining with `by = join_by(repeat_name, SNRNP70_CTL_IN_1, SNRNP70_CTL_IN_2, SNRNP70_CTL_IP_1, SNRNP70_CTL_IP_2)`
There were 14 warnings (use warnings() to see them)
[Fri Oct 24 15:32:55 2025]
Finished job 126.
100 of 142 steps (70%) done
Select jobs to execute...

[Fri Oct 24 15:32:55 2025]
rule call_enriched_re:
    input: output/counts/repeats/tables/name/SNRNP70_CTL.tsv.gz, output/counts/repeats/vectors/SNRNP70_CTL_IP_2.counts, ./annotations/repeatmasker.grch38.sort.unique.bed.gz, output/input_model_coef_re/SNRNP70_CTL.SNRNP70_CTL_IN_1.tsv
    output: output/figures/clip_scatter_re/SNRNP70_CTL.SNRNP70_CTL_IP_1.clip_test_distribution.pdf, output/enriched_re/SNRNP70_CTL.SNRNP70_CTL_IP_1.enriched_re.tsv.gz
    jobid: 125
    benchmark: benchmarks/call_enriched_re/SNRNP70_CTL.SNRNP70_CTL_IP_1.call_enriched_re.txt
    reason: Missing output files: output/enriched_re/SNRNP70_CTL.SNRNP70_CTL_IP_1.enriched_re.tsv.gz; Input files updated by another job: output/input_model_coef_re/SNRNP70_CTL.SNRNP70_CTL_IN_1.tsv, output/counts/repeats/tables/name/SNRNP70_CTL.tsv.gz, output/counts/repeats/vectors/SNRNP70_CTL_IP_2.counts
    wildcards: experiment_label=SNRNP70_CTL, clip_replicate_label=SNRNP70_CTL_IP_1
    resources: tmpdir=/tmp

Rscript --vanilla ./tools/call_enriched_re.R output/counts/repeats/tables/name/SNRNP70_CTL.tsv.gz ./annotations/repeatmasker.grch38.sort.unique.bed.gz output/input_model_coef_re/SNRNP70_CTL.SNRNP70_CTL_IN_1.tsv SNRNP70_CTL_IN_1 SNRNP70_CTL_IP_1 SNRNP70_CTL.SNRNP70_CTL_IP_1
null device 
          1 
Joining with `by = join_by(name)`
Warning message:
Using `size` aesthetic for lines was deprecated in ggplot2 3.4.0.
ℹ Please use `linewidth` instead. 
null device 
          1 
Joining with `by = join_by(start, end, name, score, strand)`
── Attaching packages ───────────────────────────────────────────────────────────────────────── tidyverse 1.3.2 ──
✔ ggplot2 3.4.2     ✔ purrr   1.0.1
✔ tibble  3.2.1     ✔ dplyr   1.1.2
✔ tidyr   1.3.0     ✔ stringr 1.5.0
✔ readr   2.1.4     ✔ forcats 1.0.0
── Conflicts ──────────────────────────────────────────────────────────────────────────── tidyverse_conflicts() ──
✖ dplyr::filter() masks stats::filter()
✖ dplyr::lag()    masks stats::lag()
Rows: 15631 Columns: 5
── Column specification ──────────────────────────────────────────────────────────────────────────────────────────
Delimiter: "\t"
chr (1): repeat_name
dbl (4): SNRNP70_CTL_IN_1, SNRNP70_CTL_IN_2, SNRNP70_CTL_IP_1, SNRNP70_CTL_IP_2

ℹ Use `spec()` to retrieve the full column specification for this data.
ℹ Specify the column types or set `show_col_types = FALSE` to quiet this message.
Rows: 5926997 Columns: 17
── Column specification ──────────────────────────────────────────────────────────────────────────────────────────
Delimiter: "\t"
chr (11): chrom, strand, feature_type_top, feature_types, gene_name, gene_id...
dbl  (6): start, end, name, score, feature_id, feature_bin

ℹ Use `spec()` to retrieve the full column specification for this data.
ℹ Specify the column types or set `show_col_types = FALSE` to quiet this message.
── Attaching packages ───────────────────────────────────────────────────────────────────────── tidyverse 1.3.2 ──
Rows: 1 Columns: 7
── Column specification ──────────────────────────────────────────────────────────────────────────────────────────
Delimiter: "\t"
chr (3): given_replicate, other_replicate, experiment
dbl (4): mu, rho, gc_bias_term, global_given_replicate_fraction

ℹ Use `spec()` to retrieve the full column specification for this data.
ℹ Specify the column types or set `show_col_types = FALSE` to quiet this message.
✔ ggplot2 3.4.2     ✔ purrr   1.0.1
✔ tibble  3.2.1     ✔ dplyr   1.1.2
✔ tidyr   1.3.0     ✔ stringr 1.5.0
✔ readr   2.1.4     ✔ forcats 1.0.0
── Conflicts ──────────────────────────────────────────────────────────────────────────── tidyverse_conflicts() ──
✖ dplyr::filter() masks stats::filter()
✖ dplyr::lag()    masks stats::lag()
`summarise()` has grouped output by 'baseline_l2or', 'gc_bin'. You can override using the `.groups` argument.
Rows: 15631 Columns: 5
── Column specification ──────────────────────────────────────────────────────────────────────────────────────────
Delimiter: "\t"
chr (1): repeat_name
dbl (4): SNRNP70_CTL_IN_1, SNRNP70_CTL_IN_2, SNRNP70_CTL_IP_1, SNRNP70_CTL_IP_2

ℹ Use `spec()` to retrieve the full column specification for this data.
ℹ Specify the column types or set `show_col_types = FALSE` to quiet this message.
null device 
          1 
Joining with `by = join_by(start, end, name, score, strand)`
Joining with `by = join_by(gc_bin)`
`summarise()` has grouped output by 'clip', 'input', 'gc_bin'. You can override using the `.groups` argument.
Joining with `by = join_by(input, clip, gc_bin, baseline_l2or)`
`summarise()` has grouped output by 'baseline_l2or', 'gc_bin', 'feature_type_top'. You can override using the
`.groups` argument.
`summarise()` has grouped output by 'feature_type_top'. You can override using the `.groups` argument.
null device 
          1 
Joining with `by = join_by(start, end, name, score, strand)`
`summarise()` has grouped output by 'feature_type_top', 'gc_bin'. You can override using the `.groups` argument.
null device 
          1 
Joining with `by = join_by(start, end, name, score, strand)`
Warning message:
Groups with fewer than two data points have been dropped. 
null device 
          1 
Joining with `by = join_by(name)`
Joining with `by = join_by(feature_type_top)`
Joining with `by = join_by(feature_type_top)`
Warning message:
Transformation introduced infinite values in continuous y-axis 
null device 
          1 
null device 
          1 
Warning message:
Transformation introduced infinite values in continuous y-axis 
null device 
          1 
null device 
          1 
Joining with `by = join_by(name)`
Joining with `by = join_by(transcript_type_top, feature_type_top)`
Joining with `by = join_by(transcript_type_top, feature_type_top)`
null device 
          1 
null device 
          1 
null device 
          1 
[Fri Oct 24 15:33:10 2025]
Finished job 107.
101 of 142 steps (71%) done
null device 
          1 
Joining with `by = join_by(name)`
Warning message:
Using `size` aesthetic for lines was deprecated in ggplot2 3.4.0.
ℹ Please use `linewidth` instead. 
null device 
          1 
Joining with `by = join_by(start, end, name, score, strand)`
`summarise()` has grouped output by 'baseline_l2or', 'gc_bin'. You can override using the `.groups` argument.
null device 
          1 
Joining with `by = join_by(start, end, name, score, strand)`
`summarise()` has grouped output by 'baseline_l2or', 'gc_bin', 'feature_type_top'. You can override using the
`.groups` argument.
`summarise()` has grouped output by 'feature_type_top'. You can override using the `.groups` argument.
null device 
          1 
Joining with `by = join_by(start, end, name, score, strand)`
Rows: 7479468 Columns: 10
── Column specification ──────────────────────────────────────────────────────────────────────────────────────────
Delimiter: "\t"
chr (6): chr, name, strand, repeat_name, repeat_class, repeat_family
dbl (4): start, end, score, gc

ℹ Use `spec()` to retrieve the full column specification for this data.
ℹ Specify the column types or set `show_col_types = FALSE` to quiet this message.
Rows: 1 Columns: 6
── Column specification ──────────────────────────────────────────────────────────────────────────────────────────
Delimiter: "\t"
chr (3): given_replicate, other_replicate, experiment
dbl (3): mu, rho, given_input_fraction

ℹ Use `spec()` to retrieve the full column specification for this data.
ℹ Specify the column types or set `show_col_types = FALSE` to quiet this message.
`summarise()` has grouped output by 'feature_type_top', 'gc_bin'. You can override using the `.groups` argument.
null device 
          1 
Joining with `by = join_by(repeat_name)`
`summarise()` has grouped output by 'gc_bin', 'baseline_l2or', 'clip'. You can override using the `.groups`
argument.
Rows: 7479468 Columns: 10
── Column specification ──────────────────────────────────────────────────────────────────────────────────────────
Delimiter: "\t"
chr (6): chr, name, strand, repeat_name, repeat_class, repeat_family
dbl (4): start, end, score, gc

ℹ Use `spec()` to retrieve the full column specification for this data.
ℹ Specify the column types or set `show_col_types = FALSE` to quiet this message.
Rows: 1 Columns: 6
── Column specification ──────────────────────────────────────────────────────────────────────────────────────────
Delimiter: "\t"
chr (3): given_replicate, other_replicate, experiment
dbl (3): mu, rho, given_input_fraction

ℹ Use `spec()` to retrieve the full column specification for this data.
ℹ Specify the column types or set `show_col_types = FALSE` to quiet this message.
Joining with `by = join_by(start, end, name, score, strand)`
Joining with `by = join_by(repeat_name)`
`summarise()` has grouped output by 'gc_bin', 'baseline_l2or', 'clip'. You can override using the `.groups`
argument.
Warning message:
Groups with fewer than two data points have been dropped. 
null device 
          1 
Joining with `by = join_by(name)`
Joining with `by = join_by(feature_type_top)`
Joining with `by = join_by(feature_type_top)`
Warning message:
Transformation introduced infinite values in continuous y-axis 
null device 
          1 
null device 
          1 
Joining with `by = join_by(input, clip, gc_bin, baseline_l2or)`
Warning message:
Transformation introduced infinite values in continuous y-axis 
null device 
          1 
null device 
          1 
null device 
          1 
Joining with `by = join_by(name)`
Joining with `by = join_by(transcript_type_top, feature_type_top)`
Joining with `by = join_by(transcript_type_top, feature_type_top)`
[Fri Oct 24 15:33:27 2025]
Finished job 127.
102 of 142 steps (72%) done
null device 
          1 
null device 
          1 
null device 
          1 
[Fri Oct 24 15:33:28 2025]
Finished job 98.
103 of 142 steps (73%) done
Select jobs to execute...

[Fri Oct 24 15:33:28 2025]
rule find_reproducible_enriched_windows:
    input: output/enriched_windows/SNRNP70_CTL.SNRNP70_CTL_IP_1.enriched_windows.tsv.gz, output/enriched_windows/SNRNP70_CTL.SNRNP70_CTL_IP_2.enriched_windows.tsv.gz
    output: output/reproducible_enriched_windows/SNRNP70_CTL.reproducible_enriched_windows.tsv.gz, output/figures/reproducible_enriched_windows/SNRNP70_CTL.reproducible_enriched_window_counts.linear.pdf, output/figures/reproducible_enriched_windows/SNRNP70_CTL.reproducible_enriched_window_counts.log10.pdf
    jobid: 118
    benchmark: benchmarks/find_reproducible_enriched_windows/SNRNP70_CTL.all_replicates.reproducible.txt
    reason: Missing output files: output/reproducible_enriched_windows/SNRNP70_CTL.reproducible_enriched_windows.tsv.gz; Input files updated by another job: output/enriched_windows/SNRNP70_CTL.SNRNP70_CTL_IP_1.enriched_windows.tsv.gz, output/enriched_windows/SNRNP70_CTL.SNRNP70_CTL_IP_2.enriched_windows.tsv.gz
    wildcards: experiment_label=SNRNP70_CTL
    resources: tmpdir=/tmp

Rscript --vanilla ./tools/identify_reproducible_windows.R output/enriched_windows/ SNRNP70_CTL ./annotations/encode3_eclip_blacklist.bed

[Fri Oct 24 15:33:28 2025]
rule check_window_concordance:
    input: output/tested_windows/SNRNP70_CTL.SNRNP70_CTL_IP_1.tested_windows.tsv.gz, output/tested_windows/SNRNP70_CTL.SNRNP70_CTL_IP_2.tested_windows.tsv.gz
    output: output/figures/enrichment_reproducibility/SNRNP70_CTL.enrichment_reproducibility.pdf, output/enrichment_reproducibility/SNRNP70_CTL.enrichment_reproducibility.tsv
    jobid: 120
    benchmark: benchmarks/check_window_concordance/SNRNP70_CTL.all_replicates.concordance.txt
    reason: Missing output files: output/figures/enrichment_reproducibility/SNRNP70_CTL.enrichment_reproducibility.pdf; Input files updated by another job: output/tested_windows/SNRNP70_CTL.SNRNP70_CTL_IP_2.tested_windows.tsv.gz, output/tested_windows/SNRNP70_CTL.SNRNP70_CTL_IP_1.tested_windows.tsv.gz
    wildcards: experiment_label=SNRNP70_CTL
    resources: tmpdir=/tmp

Rscript --vanilla ./tools/check_window_concordance.R output/tested_windows SNRNP70_CTL ./annotations/encode3_eclip_blacklist.bed
Joining with `by = join_by(input, clip, gc_bin, baseline_l2or)`
null device 
          1 
[Fri Oct 24 15:33:29 2025]
Finished job 125.
104 of 142 steps (73%) done
Select jobs to execute...

[Fri Oct 24 15:33:29 2025]
rule find_reproducible_enriched_re:
    input: output/enriched_re/SNRNP70_CTL.SNRNP70_CTL_IP_1.enriched_re.tsv.gz, output/enriched_re/SNRNP70_CTL.SNRNP70_CTL_IP_2.enriched_re.tsv.gz
    output: output/reproducible_enriched_re/SNRNP70_CTL.reproducible_enriched_re.tsv.gz
    jobid: 124
    benchmark: benchmarks/find_reproducible_enriched_re/SNRNP70_CTL.all_replicates.reproducible.txt
    reason: Missing output files: output/reproducible_enriched_re/SNRNP70_CTL.reproducible_enriched_re.tsv.gz; Input files updated by another job: output/enriched_re/SNRNP70_CTL.SNRNP70_CTL_IP_1.enriched_re.tsv.gz, output/enriched_re/SNRNP70_CTL.SNRNP70_CTL_IP_2.enriched_re.tsv.gz
    wildcards: experiment_label=SNRNP70_CTL
    resources: tmpdir=/tmp

Rscript --vanilla ./tools/identify_reproducible_re.R output/enriched_re/ SNRNP70_CTL
── Attaching packages ───────────────────────────────────────────────────────────────────────── tidyverse 1.3.2 ──
✔ ggplot2 3.4.2     ✔ purrr   1.0.1
✔ tibble  3.2.1     ✔ dplyr   1.1.2
✔ tidyr   1.3.0     ✔ stringr 1.5.0
✔ readr   2.1.4     ✔ forcats 1.0.0
── Attaching packages ───────────────────────────────────────────────────────────────────────── tidyverse 1.3.2 ──
✔ ggplot2 3.4.2     ✔ purrr   1.0.1
✔ tibble  3.2.1     ✔ dplyr   1.1.2
✔ tidyr   1.3.0     ✔ stringr 1.5.0
✔ readr   2.1.4     ✔ forcats 1.0.0
── Conflicts ──────────────────────────────────────────────────────────────────────────── tidyverse_conflicts() ──
✖ dplyr::filter() masks stats::filter()
✖ dplyr::lag()    masks stats::lag()
── Conflicts ──────────────────────────────────────────────────────────────────────────── tidyverse_conflicts() ──
✖ dplyr::filter() masks stats::filter()
✖ dplyr::lag()    masks stats::lag()
Joining with `by = join_by(chr, start, end, score, strand)`
Rows: 90274 Columns: 14
── Column specification ──────────────────────────────────────────────────────────────────────────────────────────
Delimiter: "\t"
chr  (3): chr, strand, gc_bin
dbl (11): start, end, name, score, gc, input, clip, baseline_l2or, enrichmen...

ℹ Use `spec()` to retrieve the full column specification for this data.
ℹ Specify the column types or set `show_col_types = FALSE` to quiet this message.
Joining with `by = join_by(chr, start, end, score, strand)`
Joining with `by = join_by(chr, start, end, score, strand)`
`summarise()` has grouped output by 'chr', 'start', 'end', 'name', 'score', 'strand', 'gc', 'gc_bin', 'chrom',
'feature_id', 'feature_bin', 'feature_type_top', 'feature_types', 'gene_name', 'gene_id', 'transcript_ids',
'gene_type_top', 'transcript_type_top', 'gene_types'. You can override using the `.groups` argument.
Rows: 138441 Columns: 14
── Column specification ──────────────────────────────────────────────────────────────────────────────────────────
Delimiter: "\t"
chr  (3): chr, strand, gc_bin
dbl (11): start, end, name, score, gc, input, clip, baseline_l2or, enrichmen...

ℹ Use `spec()` to retrieve the full column specification for this data.
ℹ Specify the column types or set `show_col_types = FALSE` to quiet this message.
Joining with `by = join_by(chr, start, end, score, strand)`
null device 
          1 
── Attaching packages ───────────────────────────────────────────────────────────────────────── tidyverse 1.3.2 ──
null device 
          1 
✔ ggplot2 3.4.2     ✔ purrr   1.0.1
✔ tibble  3.2.1     ✔ dplyr   1.1.2
✔ tidyr   1.3.0     ✔ stringr 1.5.0
✔ readr   2.1.4     ✔ forcats 1.0.0
── Conflicts ──────────────────────────────────────────────────────────────────────────── tidyverse_conflicts() ──
✖ dplyr::filter() masks stats::filter()
✖ dplyr::lag()    masks stats::lag()
[Fri Oct 24 15:33:32 2025]
Finished job 118.
105 of 142 steps (74%) done
Select jobs to execute...

[Fri Oct 24 15:33:32 2025]
rule sample_background_windows_by_region:
    input: output/reproducible_enriched_windows/SNRNP70_CTL.reproducible_enriched_windows.tsv.gz, ./annotations/gencode.v38.annotation.k562_totalrna.gt1.tiled_partition.features.tsv.gz
    output: output/homer/region_matched_background/variable/SNRNP70_CTL.sampled_variable_windows.bed.gz, output/homer/region_matched_background/fixed/SNRNP70_CTL.sampled_fixed_windows.bed.gz
    jobid: 139
    benchmark: benchmarks/sample_background_windows_by_region/SNRNP70_CTL.sample_background_windows_by_region.txt
    reason: Missing output files: output/homer/region_matched_background/fixed/SNRNP70_CTL.sampled_fixed_windows.bed.gz; Input files updated by another job: output/reproducible_enriched_windows/SNRNP70_CTL.reproducible_enriched_windows.tsv.gz
    wildcards: experiment_label=SNRNP70_CTL
    resources: tmpdir=/tmp

Rscript --vanilla ./tools/sample_matched_background_by_region.R output/reproducible_enriched_windows/SNRNP70_CTL.reproducible_enriched_windows.tsv.gz ./annotations/gencode.v38.annotation.k562_totalrna.gt1.tiled_partition.features.tsv.gz 75 output/homer/region_matched_background SNRNP70_CTL;

[Fri Oct 24 15:33:32 2025]
rule get_nt_coverage:
    input: output/reproducible_enriched_windows/SNRNP70_CTL.reproducible_enriched_windows.tsv.gz, output/bams/dedup/genome/SNRNP70_CTL_IP_1.genome.Aligned.sort.dedup.bam, output/bams/dedup/genome/SNRNP70_CTL_IP_2.genome.Aligned.sort.dedup.bam, output/bams/dedup/genome/SNRNP70_CTL_IN_1.genome.Aligned.sort.dedup.bam, output/bams/dedup/genome/SNRNP70_CTL_IN_2.genome.Aligned.sort.dedup.bam
    output: output/finemapping/nt_coverage/SNRNP70_CTL.nt_census.bed, output/finemapping/nt_coverage/SNRNP70_CTL.nt_coverage.input.counts, output/finemapping/nt_coverage/SNRNP70_CTL.nt_coverage.clip.counts, output/finemapping/nt_coverage/SNRNP70_CTL.nt_coverage.bed
    jobid: 135
    benchmark: benchmarks/get_nt_coverage/SNRNP70_CTL.all_replicates.reproducible.txt
    reason: Missing output files: output/finemapping/nt_coverage/SNRNP70_CTL.nt_coverage.bed; Input files updated by another job: output/bams/dedup/genome/SNRNP70_CTL_IP_1.genome.Aligned.sort.dedup.bam, output/bams/dedup/genome/SNRNP70_CTL_IN_2.genome.Aligned.sort.dedup.bam, output/bams/dedup/genome/SNRNP70_CTL_IP_2.genome.Aligned.sort.dedup.bam, output/bams/dedup/genome/SNRNP70_CTL_IN_1.genome.Aligned.sort.dedup.bam, output/reproducible_enriched_windows/SNRNP70_CTL.reproducible_enriched_windows.tsv.gz
    wildcards: experiment_label=SNRNP70_CTL
    resources: tmpdir=/tmp

zcat output/reproducible_enriched_windows/SNRNP70_CTL.reproducible_enriched_windows.tsv.gz | tail -n +2 | sort -k1,1 -k2,2n | awk -v OFS="	" '{print $1, $2 -37, $3+37,$4,$5,$6}' | bedtools merge -i - -s -c 6 -o distinct | awk -v OFS="	" '{for(i=$2;i< $3;i++) {print $1,i,i+1,"MW:" NR ":" i - $2,0,$4, NR} }' > output/finemapping/nt_coverage/SNRNP70_CTL.nt_census.bed; samtools cat output/bams/dedup/genome/SNRNP70_CTL_IN_1.genome.Aligned.sort.dedup.bam output/bams/dedup/genome/SNRNP70_CTL_IN_2.genome.Aligned.sort.dedup.bam | bedtools intersect -s -wa -a - -b output/finemapping/nt_coverage/SNRNP70_CTL.nt_census.bed | bedtools bamtobed -i - | awk '($1 != "chrEBV") && ($4 !~ "/2$")' | bedtools flank -s -l 1 -r 0 -g ./annotations/genome_ref/chrNameLength.txt -i - | bedtools shift -p 1 -m -1 -g ./annotations/genome_ref/chrNameLength.txt -i - | bedtools sort -i - | bedtools coverage -counts -s -a output/finemapping/nt_coverage/SNRNP70_CTL.nt_census.bed -b - | awk '{print $NF}' > output/finemapping/nt_coverage/SNRNP70_CTL.nt_coverage.input.counts;samtools cat output/bams/dedup/genome/SNRNP70_CTL_IP_1.genome.Aligned.sort.dedup.bam output/bams/dedup/genome/SNRNP70_CTL_IP_2.genome.Aligned.sort.dedup.bam | bedtools intersect -s -wa -a - -b output/finemapping/nt_coverage/SNRNP70_CTL.nt_census.bed | bedtools bamtobed -i - | awk '($1 != "chrEBV") && ($4 !~ "/2$")' | bedtools flank -s -l 1 -r 0 -g ./annotations/genome_ref/chrNameLength.txt -i - | bedtools shift -p 1 -m -1 -g ./annotations/genome_ref/chrNameLength.txt -i - | bedtools sort -i - | bedtools coverage -counts -s -a output/finemapping/nt_coverage/SNRNP70_CTL.nt_census.bed -b - | awk '{print $NF}' > output/finemapping/nt_coverage/SNRNP70_CTL.nt_coverage.clip.counts;paste output/finemapping/nt_coverage/SNRNP70_CTL.nt_census.bed output/finemapping/nt_coverage/SNRNP70_CTL.nt_coverage.input.counts output/finemapping/nt_coverage/SNRNP70_CTL.nt_coverage.clip.counts > output/finemapping/nt_coverage/SNRNP70_CTL.nt_coverage.bed

[Fri Oct 24 15:33:32 2025]
rule consult_term_reference:
    input: output/reproducible_enriched_windows/SNRNP70_CTL.reproducible_enriched_windows.tsv.gz, ./annotations/c5.go.v7.5.1.symbols.gmt, ./annotations/encode3_go_terms.reference.tsv.gz, ./annotations/encode3_go_terms.jaccard_index.rds
    output: output/gene_sets/SNRNP70_CTL.enriched_terms.tsv.gz, output/figures/gene_sets/SNRNP70_CTL.clustered_top_terms.pdf
    jobid: 142
    benchmark: benchmarks/consult_term_reference/SNRNP70_CTL.all_replicates.reproducible.txt
    reason: Missing output files: output/gene_sets/SNRNP70_CTL.enriched_terms.tsv.gz; Input files updated by another job: output/reproducible_enriched_windows/SNRNP70_CTL.reproducible_enriched_windows.tsv.gz
    wildcards: experiment_label=SNRNP70_CTL
    resources: tmpdir=/tmp

Rscript --vanilla ./tools/consult_term_reference.R output/reproducible_enriched_windows/SNRNP70_CTL.reproducible_enriched_windows.tsv.gz ./annotations/c5.go.v7.5.1.symbols.gmt ./annotations/encode3_go_terms.reference.tsv.gz ./annotations/encode3_go_terms.jaccard_index.rds SNRNP70_CTL 
Rows: 2392 Columns: 10
── Column specification ──────────────────────────────────────────────────────────────────────────────────────────
Delimiter: "\t"
chr (3): repeat_name, gc_bin, simple
dbl (7): input, clip, gc, baseline_l2or, enrichment_l2or, pvalue, qvalue

ℹ Use `spec()` to retrieve the full column specification for this data.
ℹ Specify the column types or set `show_col_types = FALSE` to quiet this message.
Rows: 2304 Columns: 10
── Column specification ──────────────────────────────────────────────────────────────────────────────────────────
Delimiter: "\t"
chr (3): repeat_name, gc_bin, simple
dbl (7): input, clip, gc, baseline_l2or, enrichment_l2or, pvalue, qvalue

ℹ Use `spec()` to retrieve the full column specification for this data.
ℹ Specify the column types or set `show_col_types = FALSE` to quiet this message.
Warning message:
Using `size` aesthetic for lines was deprecated in ggplot2 3.4.0.
ℹ Please use `linewidth` instead. 
`summarise()` has grouped output by 'repeat_name', 'gc'. You can override using the `.groups` argument.
[Fri Oct 24 15:33:33 2025]
Finished job 124.
106 of 142 steps (75%) done
null device 
          1 
[Fri Oct 24 15:33:35 2025]
Finished job 120.
107 of 142 steps (75%) done
── Attaching packages ───────────────────────────────────────────────────────────────────────── tidyverse 1.3.2 ──
✔ ggplot2 3.4.2     ✔ purrr   1.0.1
✔ tibble  3.2.1     ✔ dplyr   1.1.2
✔ tidyr   1.3.0     ✔ stringr 1.5.0
✔ readr   2.1.4     ✔ forcats 1.0.0
── Attaching packages ───────────────────────────────────────────────────────────────────────── tidyverse 1.3.2 ──
✔ ggplot2 3.4.2     ✔ purrr   1.0.1
✔ tibble  3.2.1     ✔ dplyr   1.1.2
✔ tidyr   1.3.0     ✔ stringr 1.5.0
✔ readr   2.1.4     ✔ forcats 1.0.0
── Conflicts ──────────────────────────────────────────────────────────────────────────── tidyverse_conflicts() ──
✖ dplyr::filter() masks stats::filter()
✖ dplyr::lag()    masks stats::lag()
── Conflicts ──────────────────────────────────────────────────────────────────────────── tidyverse_conflicts() ──
✖ dplyr::filter() masks stats::filter()
✖ dplyr::lag()    masks stats::lag()
Rows: 2537 Columns: 30
Loading required package: viridisLite
── Column specification ──────────────────────────────────────────────────────────────────────────────────────────
Delimiter: "\t"
chr (13): chr, strand, gc_bin, chrom, feature_type_top, feature_types, gene_...
dbl (17): start, end, name, score, gc, feature_id, feature_bin, input_sum, c...

ℹ Use `spec()` to retrieve the full column specification for this data.
ℹ Specify the column types or set `show_col_types = FALSE` to quiet this message.
Rows: 2537 Columns: 30
── Column specification ──────────────────────────────────────────────────────────────────────────────────────────
Delimiter: "\t"
chr (13): chr, strand, gc_bin, chrom, feature_type_top, feature_types, gene_...
dbl (17): start, end, name, score, gc, feature_id, feature_bin, input_sum, c...
Approx 95% complete for SNRNP70_OSM_IP_1.trimmed.umi.fq.gz

ℹ Use `spec()` to retrieve the full column specification for this data.
ℹ Specify the column types or set `show_col_types = FALSE` to quiet this message.
Rows: 5067 Columns: 3
── Column specification ──────────────────────────────────────────────────────────────────────────────────────────
Delimiter: "\t"
chr (1): term
dbl (2): n_term_windows, f_term_windows

ℹ Use `spec()` to retrieve the full column specification for this data.
ℹ Specify the column types or set `show_col_types = FALSE` to quiet this message.
Warning message:
Returning more (or less) than 1 row per `summarise()` group was deprecated in dplyr 1.1.0.
ℹ Please use `reframe()` instead.
ℹ When switching from `summarise()` to `reframe()`, remember that `reframe()` always returns an ungrouped data
  frame and adjust accordingly. 
Joining with `by = join_by(term)`
Joining with `by = join_by(term)`
Rows: 5926997 Columns: 17
── Column specification ──────────────────────────────────────────────────────────────────────────────────────────
Delimiter: "\t"
chr (11): chrom, strand, feature_type_top, feature_types, gene_name, gene_id...
dbl  (6): start, end, name, score, feature_id, feature_bin

ℹ Use `spec()` to retrieve the full column specification for this data.
ℹ Specify the column types or set `show_col_types = FALSE` to quiet this message.
Joining with `by = join_by(sampling_group)`
`summarise()` has grouped output by 'sampling_group'. You can override using the `.groups` argument.
Joining with `by = join_by(name)`
Warning message:
Returning more (or less) than 1 row per `summarise()` group was deprecated in dplyr 1.1.0.
ℹ Please use `reframe()` instead.
ℹ When switching from `summarise()` to `reframe()`, remember that `reframe()` always returns an ungrouped data
  frame and adjust accordingly. 
[Fri Oct 24 15:34:00 2025]
Finished job 139.
108 of 142 steps (76%) done
Joining with `by = join_by(term)`
null device 
          1 
[Fri Oct 24 15:34:17 2025]
Finished job 142.
109 of 142 steps (77%) done
Analysis complete for SNRNP70_OSM_IP_1.trimmed.umi.fq.gz
[Fri Oct 24 15:34:41 2025]
Finished job 27.
110 of 142 steps (77%) done
[Fri Oct 24 15:34:57 2025]
Finished job 135.
111 of 142 steps (78%) done
Removing temporary output output/finemapping/nt_coverage/SNRNP70_CTL.nt_census.bed.
Removing temporary output output/finemapping/nt_coverage/SNRNP70_CTL.nt_coverage.input.counts.
Removing temporary output output/finemapping/nt_coverage/SNRNP70_CTL.nt_coverage.clip.counts.
Select jobs to execute...

[Fri Oct 24 15:34:57 2025]
rule finemap_windows:
    input: output/finemapping/nt_coverage/SNRNP70_CTL.nt_coverage.bed
    output: output/finemapping/mapped_sites/SNRNP70_CTL.finemapped_windows.bed.gz
    jobid: 134
    benchmark: benchmarks/finemap_windows/SNRNP70_CTL.all_replicates.reproducible.txt
    reason: Missing output files: output/finemapping/mapped_sites/SNRNP70_CTL.finemapped_windows.bed.gz; Input files updated by another job: output/finemapping/nt_coverage/SNRNP70_CTL.nt_coverage.bed
    wildcards: experiment_label=SNRNP70_CTL
    resources: tmpdir=/tmp

Rscript --vanilla ./tools/finemap_enriched_windows.R output/finemapping/nt_coverage/SNRNP70_CTL.nt_coverage.bed output/finemapping/mapped_sites/ SNRNP70_CTL
── Attaching packages ───────────────────────────────────────────────────────────────────────── tidyverse 1.3.2 ──
✔ ggplot2 3.4.2     ✔ purrr   1.0.1
✔ tibble  3.2.1     ✔ dplyr   1.1.2
✔ tidyr   1.3.0     ✔ stringr 1.5.0
✔ readr   2.1.4     ✔ forcats 1.0.0
── Conflicts ──────────────────────────────────────────────────────────────────────────── tidyverse_conflicts() ──
✖ dplyr::filter() masks stats::filter()
✖ dplyr::lag()    masks stats::lag()
Oct 24 15:35:00 ..... finished mapping
Oct 24 15:35:04 ..... finished successfully
[Fri Oct 24 15:35:04 2025]
Finished job 59.
112 of 142 steps (79%) done
Select jobs to execute...

[Fri Oct 24 15:35:04 2025]
rule sort_bam:
    input: output/bams/raw/genome/SNRNP70_OSM_IP_1.genome.Aligned.out.bam
    output: output/bams/raw/genome/SNRNP70_OSM_IP_1.genome.Aligned.sort.bam
    jobid: 58
    benchmark: benchmarks/sort/genome/unassigned_experiment.SNRNP70_OSM_IP_1.sort_bam.txt
    reason: Missing output files: output/bams/raw/genome/SNRNP70_OSM_IP_1.genome.Aligned.sort.bam; Input files updated by another job: output/bams/raw/genome/SNRNP70_OSM_IP_1.genome.Aligned.out.bam
    wildcards: ref=genome, replicate_label=SNRNP70_OSM_IP_1
    threads: 2
    resources: tmpdir=/tmp

samtools sort -T SNRNP70_OSM_IP_1 -@ 2 -o output/bams/raw/genome/SNRNP70_OSM_IP_1.genome.Aligned.sort.bam output/bams/raw/genome/SNRNP70_OSM_IP_1.genome.Aligned.out.bam;
[Fri Oct 24 15:35:05 2025]
Finished job 134.
113 of 142 steps (80%) done
Select jobs to execute...

[Fri Oct 24 15:35:05 2025]
rule run_homer:
    input: output/finemapping/mapped_sites/SNRNP70_CTL.finemapped_windows.bed.gz, output/homer/region_matched_background/fixed/SNRNP70_CTL.sampled_fixed_windows.bed.gz, ./annotations/GRCh38_no_alt_analysis_set_GCA_000001405.15.fasta
    output: output/homer/finemapped_results/SNRNP70_CTL/homerResults.html
    jobid: 138
    benchmark: benchmarks/run_homer/SNRNP70_CTL.all_replicates.reproducible.txt
    reason: Missing output files: output/homer/finemapped_results/SNRNP70_CTL/homerResults.html; Input files updated by another job: output/homer/region_matched_background/fixed/SNRNP70_CTL.sampled_fixed_windows.bed.gz, output/finemapping/mapped_sites/SNRNP70_CTL.finemapped_windows.bed.gz
    wildcards: experiment_label=SNRNP70_CTL
    resources: tmpdir=/tmp

findMotifsGenome.pl <(zcat output/finemapping/mapped_sites/SNRNP70_CTL.finemapped_windows.bed.gz | awk -v OFS="	" '{print $4 ":"$9,$1,$2+1,$3,$6}') ./annotations/GRCh38_no_alt_analysis_set_GCA_000001405.15.fasta output/homer/finemapped_results/SNRNP70_CTL -preparsedDir output/homer/preparsed -size given -rna -nofacts -S 20 -len 5,6,7,8,9 -nlen 1 -bg <(zcat output/homer/region_matched_background/fixed/SNRNP70_CTL.sampled_fixed_windows.bed.gz | awk -v OFS="	" '{print $4,$1,$2+1,$3,$6}') 

	Position file = /dev/fd/63
	Genome = ./annotations/GRCh38_no_alt_analysis_set_GCA_000001405.15.fasta
	Output Directory = output/homer/finemapped_results/SNRNP70_CTL
	Using actual sizes of regions (-size given)
	Fragment size set to given
	Operating in RNA mode
	Will optimize 20 putative motifs
	Motif length set at 5,6,7,8,9,
	Will normalize background sequences for oligos of length 1 bp
	background position file: /dev/fd/62
	Using Custom Genome
	Peak/BED file conversion summary:
		BED/Header formatted lines: 0
		peakfile formatted lines: 1576

	Peak File Statistics:
		Total Peaks: 1576
		Redundant Peak IDs: 0
		Peaks lacking information: 0 (need at least 5 columns per peak)
		Peaks with misformatted coordinates: 0 (should be integer)
		Peaks with misformatted strand: 0 (should be either +/- or 0/1)

	Peak file looks good!

	Peak/BED file conversion summary:
		BED/Header formatted lines: 0
		peakfile formatted lines: 20296
	Max distance to merge: direct overlap required (-d given)
	Calculating co-bound peaks relative to reference: output/homer/finemapped_results/SNRNP70_CTL/bg.clean.pos

	Comparing peaks: (peakfile, overlapping peaks, logRatio(obs/expected), logP)
		output/homer/finemapped_results/SNRNP70_CTL/target.clean..pos	25	2.46	-21.69

	Co-bound by 0 peaks: 20271
	Co-bound by 1 peaks: 25 (max: 25 effective total)
	Custom genome sequence file: ./annotations/GRCh38_no_alt_analysis_set_GCA_000001405.15.fasta

	Extracting sequences from file: ./annotations/GRCh38_no_alt_analysis_set_GCA_000001405.15.fasta
	Looking for peak sequences in a single file (./annotations/GRCh38_no_alt_analysis_set_GCA_000001405.15.fasta)
	Extracting 2215 sequences from chr1
	Extracting 1624 sequences from chr2
	Extracting 1259 sequences from chr3
	Extracting 843 sequences from chr4
	Extracting 1054 sequences from chr5
	Extracting 1166 sequences from chr6
	Extracting 1195 sequences from chr7
	Extracting 907 sequences from chr8
	Extracting 788 sequences from chr9
	Extracting 820 sequences from chr10
	Extracting 1161 sequences from chr11
	Extracting 1155 sequences from chr12
	Extracting 404 sequences from chr13
	Extracting 703 sequences from chr14
	Extracting 742 sequences from chr15
	Extracting 992 sequences from chr16
	Extracting 1225 sequences from chr17
	Extracting 344 sequences from chr18
	Extracting 1138 sequences from chr19
	Extracting 473 sequences from chr20
	Extracting 243 sequences from chr21
	Extracting 495 sequences from chr22
	Extracting 863 sequences from chrX
	Extracting 19 sequences from chrY
	Extracting 19 sequences from chrM
		15 of 21847 removed because they had >70.00% Ns (i.e. masked repeats)

	Not removing redundant sequences


	Sequences processed:
		Auto detected maximum sequence length of 75 bp
		21832 total

	Frequency Bins: 0.2 0.25 0.3 0.35 0.4 0.45 0.5 0.6 0.7 0.8
	Freq	Bin	Count
	0.2	0	166
	0.25	1	670
	0.3	2	1889
	0.35	3	2880
	0.4	4	2345
	0.45	5	3182
	0.5	6	2732
	0.6	7	4174
	0.7	8	2911
	0.8	9	708
	10	10	175
	Bin	# Targets	# Background	Background Weight
	0	1	165	0.078
	1	3	667	0.058
	2	15	1874	0.103
	3	48	2832	0.218
	4	69	2276	0.390
	5	145	3037	0.614
	6	203	2529	1.032
	7	423	3751	1.449
	8	519	2392	2.789
	9	132	576	2.945
	10	18	157	1.474
	Normalizing lower order oligos using homer2

	Reading input files...
	21832 total sequences read
	Autonormalization: 1-mers (4 total)
		A	21.79%	21.52%	1.013
		C	27.06%	27.37%	0.989
		G	28.83%	28.27%	1.020
		T	22.32%	22.85%	0.977
	Normalization weights can be found in file: output/homer/finemapped_results/SNRNP70_CTL/seq.autonorm.tsv
	Converging on autonormalization solution:
	...............................................................................
	Final normalization:	Autonormalization: 1-mers (4 total)
		A	21.79%	21.79%	1.000
		C	27.06%	27.06%	1.000
		G	28.83%	28.76%	1.002
		T	22.32%	22.39%	0.997
	Finished preparing sequence/group files

	----------------------------------------------------------
	Known motif enrichment
	----------------------------------------------------------
	De novo motif finding (HOMER)

	Scanning input files...
	Parsing sequences...
	|0%                                   50%                                  100%|
	================================================================================
	Total number of Oligos: 1024
	Autoadjustment for sequence coverage in background: 1.00x

	Oligos: 1024 of 1034 max
	Tree  : 1364 of 5170 max
	Optimizing memory usage...
	Cache length = 11180
	Using binomial scoring

	Global Optimization Phase: Looking for enriched oligos with up to 2 mismatches...

	Screening oligos 1024 (allowing 0 mismatches):
	|0%                                   50%                                  100%|
	=====================================================================================
		0.00% skipped, 100.00% checked (1024 of 1024), of those checked:
		0.00% not in target, 0.00% increased p-value, 0.00% high p-value

	Screening oligos 1024 (allowing 1 mismatches):
	|0%                                   50%                                  100%|
	=====================================================================================
		0.00% skipped, 100.00% checked (1024 of 1024), of those checked:
		0.00% not in target, 48.34% increased p-value, 58.40% high p-value

	Screening oligos 1024 (allowing 2 mismatches):
	|0%                                   50%                                  100%|
	=====================================================================================
		81.74% skipped, 18.26% checked (187 of 1024), of those checked:
		0.00% not in target, 5.47% increased p-value, 0.00% high p-value
	Reading input files...
	21832 total sequences read
	Cache length = 11180
	Using binomial scoring

	Local Optimization Phase:
	1 of 20 Initial Sequence: TCGAC... (-12.463)
		Round 1: -12.46 TCGAC T:44.0(2.75%),B:250.0(1.26%),P:1e-5
		Round 2: -12.46 TCGAC T:44.0(2.75%),B:250.0(1.26%),P:1e-5
		=Final=: -13.70 TCGAC T:44.0(2.79%),B:244.6(1.24%),P:1e-5
		Performing exhaustive masking of motif...
		Reprioritizing potential motifs...
	2 of 20 Initial Sequence: GCAGC... (-11.830)
		Round 1: -18.00 GCAGC T:737.0(37.36%),B:7227.3(30.73%),P:1e-7
		Round 2: -18.00 GCAGC T:737.0(37.36%),B:7227.3(30.73%),P:1e-7
		=Final=: -9.93 GCAGC T:532.0(33.76%),B:5747.7(29.21%),P:1e-4
		Performing exhaustive masking of motif...
		Reprioritizing potential motifs...
	3 of 20 Initial Sequence: CCCCT... (-11.028)
		Round 1: -11.03 CCCCT T:277.0(16.12%),B:2628.9(12.50%),P:1e-4
		Round 2: -11.03 CCCCT T:277.0(16.12%),B:2628.9(12.50%),P:1e-4
		=Final=: -12.88 CCCCT T:243.0(15.42%),B:2275.3(11.56%),P:1e-5
		Performing exhaustive masking of motif...
		Reprioritizing potential motifs...
	4 of 20 Initial Sequence: ATGAT... (-10.604)
		Round 1: -14.06 ATGAT T:140.0(8.50%),B:1117.9(5.52%),P:1e-6
		Round 2: -14.06 ATGAT T:140.0(8.50%),B:1117.9(5.52%),P:1e-6
		=Final=: -11.54 ATGAT T:221.0(14.02%),B:2076.6(10.55%),P:1e-5
		Performing exhaustive masking of motif...
		Reprioritizing potential motifs...
	5 of 20 Initial Sequence: TCCAA... (-8.876)
		Round 1: -9.05 TCCAA T:157.0(9.48%),B:1419.2(6.96%),P:1e-3
		Round 2: -11.89 TCCGA T:881.0(42.83%),B:9236.5(37.46%),P:1e-5
		Round 3: -11.89 TCCGA T:881.0(42.83%),B:9236.5(37.46%),P:1e-5
		=Final=: -10.76 TCCGA T:662.0(42.01%),B:7273.7(36.96%),P:1e-4
		Performing exhaustive masking of motif...
		Reprioritizing potential motifs...
	Remaining seeds don't look promising (After initial 5 motifs, logp -7.788 > -9.198)

	Finalizing Enrichment Statistics (new in v3.4)
	Reading input files...
	21832 total sequences read
	Cache length = 11180
	Using binomial scoring
	Checking enrichment of 5 motif(s)
	|0%                                    50%                                  100%|
	=================================================================================
	Output in file: output/homer/finemapped_results/SNRNP70_CTL/homerMotifs.motifs5


	Scanning input files...
	Parsing sequences...
	|0%                                   50%                                  100%|
	================================================================================
	Total number of Oligos: 4096
	Autoadjustment for sequence coverage in background: 1.00x

	Oligos: 4096 of 4106 max
	Tree  : 5460 of 20530 max
	Optimizing memory usage...
	Cache length = 11180
	Using binomial scoring

	Global Optimization Phase: Looking for enriched oligos with up to 2 mismatches...

	Screening oligos 4096 (allowing 0 mismatches):
	|0%                                   50%                                  100%|
	================================================================================
		0.07% skipped, 99.93% checked (4093 of 4096), of those checked:
		0.07% not in target, 0.00% increased p-value, 0.00% high p-value

	Screening oligos 4096 (allowing 1 mismatches):
	|0%                                   50%                                  100%|
	================================================================================
		0.07% skipped, 99.93% checked (4093 of 4096), of those checked:
		0.00% not in target, 43.95% increased p-value, 59.55% high p-value

	Screening oligos 4096 (allowing 2 mismatches):
	|0%                                   50%                                  100%|
	================================================================================
		75.95% skipped, 24.05% checked (985 of 4096), of those checked:
		0.00% not in target, 23.10% increased p-value, 0.00% high p-value
	Reading input files...
	21832 total sequences read
	Cache length = 11180
	Using binomial scoring

	Local Optimization Phase:
	1 of 20 Initial Sequence: TGCTGA... (-17.911)
		Round 1: -24.66 TGCTGA T:287.0(16.65%),B:2304.8(11.05%),P:1e-10
		Round 2: -24.91 TGACGA T:314.0(18.07%),B:2559.7(12.19%),P:1e-10
		Round 3: -24.91 TGACGA T:314.0(18.07%),B:2559.7(12.19%),P:1e-10
		=Final=: -26.18 TGACGA T:278.0(17.64%),B:2308.8(11.73%),P:1e-11
		Performing exhaustive masking of motif...
		Reprioritizing potential motifs...
	2 of 20 Initial Sequence: CATCCA... (-14.481)
		Round 1: -21.40 CATCCA T:369.0(20.88%),B:3219.9(15.09%),P:1e-9
		Round 2: -21.40 CATCCA T:369.0(20.88%),B:3219.9(15.09%),P:1e-9
		=Final=: -24.04 CATCCA T:281.0(17.83%),B:2387.0(12.13%),P:1e-10
		Performing exhaustive masking of motif...
		Reprioritizing potential motifs...
	3 of 20 Initial Sequence: TTTTCC... (-14.702)
		Round 1: -27.42 TTTTCC T:270.0(15.75%),B:2080.3(10.03%),P:1e-11
		Round 2: -27.42 TTTTCC T:270.0(15.75%),B:2080.3(10.03%),P:1e-11
		=Final=: -13.91 TTTTCC T:164.0(10.41%),B:1397.6(7.10%),P:1e-6
		Performing exhaustive masking of motif...
		Reprioritizing potential motifs...
	4 of 20 Initial Sequence: CATAAT... (-12.077)
		Round 1: -12.08 CATAAT T:25.0(1.57%),B:105.0(0.53%),P:1e-5
		Round 2: -12.08 CATAAT T:25.0(1.57%),B:105.0(0.53%),P:1e-5
		=Final=: -13.05 CATAAT T:25.0(1.59%),B:104.3(0.53%),P:1e-5
		Performing exhaustive masking of motif...
		Reprioritizing potential motifs...
	5 of 20 Initial Sequence: TGACCG... (-9.807)
		Round 1: -17.40 TGACCG T:68.0(4.22%),B:394.1(1.98%),P:1e-7
		Round 2: -18.66 GGACYK T:196.0(11.70%),B:1558.4(7.61%),P:1e-8
		Round 3: -21.14 GGACCG T:167.0(10.06%),B:1227.1(6.04%),P:1e-9
		Round 4: -21.14 GGACCG T:167.0(10.06%),B:1227.1(6.04%),P:1e-9
		=Final=: -24.05 GGACCG T:162.0(10.28%),B:1179.9(6.00%),P:1e-10
		Performing exhaustive masking of motif...
		Reprioritizing potential motifs...
	6 of 20 Initial Sequence: CCCCCT... (-9.706)
		Round 1: -10.89 CCCCCT T:112.0(6.86%),B:911.0(4.52%),P:1e-4
		Round 2: -10.89 CCCCCT T:112.0(6.86%),B:911.0(4.52%),P:1e-4
		=Final=: -10.55 CCCCCT T:105.0(6.66%),B:866.5(4.40%),P:1e-4
		Performing exhaustive masking of motif...
		Reprioritizing potential motifs...
	7 of 20 Initial Sequence: TCACGG... (-9.207)
		Round 1: -13.02 TCACGG T:46.0(2.88%),B:261.6(1.32%),P:1e-5
		Round 2: -15.20 DNACGA T:88.0(5.43%),B:596.9(2.98%),P:1e-6
		Round 3: -15.20 DNACGA T:88.0(5.43%),B:596.9(2.98%),P:1e-6
		=Final=: -15.74 DNACGA T:84.0(5.33%),B:570.8(2.90%),P:1e-6
		Performing exhaustive masking of motif...
		Reprioritizing potential motifs...
	8 of 20 Initial Sequence: CTACAC... (-9.745)
		Round 1: -9.75 CTACAC T:29.0(1.82%),B:152.5(0.77%),P:1e-4
		Round 2: -9.75 CTACAC T:29.0(1.82%),B:152.5(0.77%),P:1e-4
		=Final=: -10.53 CTACAC T:29.0(1.84%),B:152.3(0.77%),P:1e-4
		Performing exhaustive masking of motif...
		Reprioritizing potential motifs...
	Remaining seeds don't look promising (After initial 5 motifs, logp -8.910 > -9.198)

	Finalizing Enrichment Statistics (new in v3.4)
	Reading input files...
	21832 total sequences read
	Cache length = 11180
	Using binomial scoring
	Checking enrichment of 8 motif(s)
	|0%                                    50%                                  100%|
	=================================================================================
	Output in file: output/homer/finemapped_results/SNRNP70_CTL/homerMotifs.motifs6


	Scanning input files...
	Parsing sequences...
	|0%                                   50%                                  100%|
	================================================================================
	Total number of Oligos: 16380
	Autoadjustment for sequence coverage in background: 1.00x

	Oligos: 16380 of 16394 max
	Tree  : 21844 of 81970 max
	Optimizing memory usage...
	Cache length = 11180
	Using binomial scoring

	Global Optimization Phase: Looking for enriched oligos with up to 2 mismatches...

	Screening oligos 16380 (allowing 0 mismatches):
	|0%                                   50%                                  100%|
	================================================================================
		6.37% skipped, 93.63% checked (15337 of 16380), of those checked:
		6.37% not in target, 0.00% increased p-value, 0.00% high p-value

	Screening oligos 16380 (allowing 1 mismatches):
	|0%                                   50%                                  100%|
	================================================================================
		6.37% skipped, 93.63% checked (15337 of 16380), of those checked:
		0.00% not in target, 36.90% increased p-value, 59.08% high p-value

	Screening oligos 16380 (allowing 2 mismatches):
	|0%                                   50%                                  100%|
	================================================================================
		76.24% skipped, 23.76% checked (3892 of 16380), of those checked:
		0.00% not in target, 19.06% increased p-value, 0.00% high p-value
	Reading input files...
	21832 total sequences read
	Cache length = 11180
	Using binomial scoring

	Local Optimization Phase:
	1 of 20 Initial Sequence: GATGTGC... (-27.521)
		Round 1: -28.06 GATGTGC T:39.0(2.45%),B:115.1(0.58%),P:1e-12
		Round 2: -28.06 GATGTGC T:39.0(2.45%),B:115.1(0.58%),P:1e-12
		=Final=: -30.35 GATGTGC T:39.0(2.47%),B:112.0(0.57%),P:1e-13
		Performing exhaustive masking of motif...
		Reprioritizing potential motifs...
	2 of 20 Initial Sequence: TATCCAT... (-24.633)
		Round 1: -30.95 TATCCAT T:23.0(1.45%),B:32.0(0.16%),P:1e-13
		Round 2: -31.12 TATCCRT T:25.0(1.57%),B:40.0(0.20%),P:1e-13
		Round 3: -31.12 TATCCRT T:25.0(1.57%),B:40.0(0.20%),P:1e-13
		=Final=: -30.58 TATCCRT T:24.0(1.52%),B:39.3(0.20%),P:1e-13
		Performing exhaustive masking of motif...
		Reprioritizing potential motifs...
	3 of 20 Initial Sequence: GCATAAT... (-22.186)
		Round 1: -22.50 GCATAAT T:18.0(1.14%),B:28.7(0.14%),P:1e-9
		Round 2: -22.50 GCATAAT T:18.0(1.14%),B:28.7(0.14%),P:1e-9
		=Final=: -24.60 GCATAAT T:15.0(0.95%),B:18.0(0.09%),P:1e-10
		Performing exhaustive masking of motif...
		Reprioritizing potential motifs...
	4 of 20 Initial Sequence: GGTGGTT... (-19.644)
		Round 1: -20.60 GGTGGTT T:33.0(2.07%),B:111.4(0.56%),P:1e-8
		Round 2: -20.60 GGTGGTT T:33.0(2.07%),B:111.4(0.56%),P:1e-8
		=Final=: -21.72 GGTGGTT T:33.0(2.09%),B:111.4(0.57%),P:1e-9
		Performing exhaustive masking of motif...
		Reprioritizing potential motifs...
	5 of 20 Initial Sequence: CGGGTGA... (-18.527)
		Round 1: -18.81 MGGGCGA T:59.0(3.68%),B:305.3(1.54%),P:1e-8
		Round 2: -18.81 MGGGCGA T:59.0(3.68%),B:305.3(1.54%),P:1e-8
		=Final=: -21.37 MGGGCGA T:59.0(3.74%),B:296.4(1.51%),P:1e-9
		Performing exhaustive masking of motif...
		Reprioritizing potential motifs...
	6 of 20 Initial Sequence: GACCCCT... (-16.682)
		Round 1: -23.12 GACSCCT T:147.0(8.91%),B:1010.5(5.00%),P:1e-10
		Round 2: -25.20 ACCCCCT T:144.0(8.73%),B:949.6(4.71%),P:1e-10
		Round 3: -26.01 GACCCCT T:177.0(10.63%),B:1234.2(6.08%),P:1e-11
		Round 4: -26.01 GACCCCT T:177.0(10.63%),B:1234.2(6.08%),P:1e-11
		=Final=: -23.91 GACCCCT T:163.0(10.34%),B:1191.2(6.05%),P:1e-10
		Performing exhaustive masking of motif...
		Reprioritizing potential motifs...
	7 of 20 Initial Sequence: AAATCGA... (-14.684)
		Round 1: -23.07 AAATCGA T:227.0(13.42%),B:1759.6(8.55%),P:1e-10
		Round 2: -23.07 AAATCGA T:227.0(13.42%),B:1759.6(8.55%),P:1e-10
		=Final=: -22.95 AAATCGA T:209.0(13.26%),B:1664.5(8.46%),P:1e-9
		Performing exhaustive masking of motif...
		Reprioritizing potential motifs...
	8 of 20 Initial Sequence: CGTAGGG... (-14.086)
		Round 1: -14.09 CGTAGGG T:8.0(0.51%),B:7.9(0.04%),P:1e-6
		Round 2: -14.09 CGTAGGG T:8.0(0.51%),B:7.9(0.04%),P:1e-6
		=Final=: -13.08 CGTAGGG T:7.0(0.44%),B:7.9(0.04%),P:1e-5
		Performing exhaustive masking of motif...
		Reprioritizing potential motifs...
	9 of 20 Initial Sequence: CTGCAGA... (-13.204)
		Round 1: -22.08 CTGCAGA T:318.0(18.28%),B:2683.8(12.74%),P:1e-9
		Round 2: -22.08 CTGCAGA T:318.0(18.28%),B:2683.8(12.74%),P:1e-9
		=Final=: -21.48 CTGCAGA T:287.0(18.21%),B:2512.9(12.77%),P:1e-9
		Performing exhaustive masking of motif...
		Reprioritizing potential motifs...
	10 of 20 Initial Sequence: ATGATCA... (-12.764)
		Round 1: -14.26 ATGATCA T:26.0(1.64%),B:98.8(0.50%),P:1e-6
		Round 2: -17.68 ATGATSA T:88.0(5.43%),B:561.1(2.81%),P:1e-7
		Round 3: -20.21 ATGATGA T:59.0(3.68%),B:293.5(1.48%),P:1e-8
		Round 4: -20.21 ATGATGA T:59.0(3.68%),B:293.5(1.48%),P:1e-8
		=Final=: -17.24 ATGATGA T:52.0(3.30%),B:276.3(1.40%),P:1e-7
		Performing exhaustive masking of motif...
		Reprioritizing potential motifs...
	11 of 20 Initial Sequence: GATTTCC... (-11.442)
		Round 1: -11.44 GATTTCC T:19.0(1.20%),B:67.9(0.34%),P:1e-4
		Round 2: -11.44 GATTTCC T:19.0(1.20%),B:67.9(0.34%),P:1e-4
		=Final=: -12.53 GATTTCC T:19.0(1.21%),B:67.9(0.34%),P:1e-5
		Performing exhaustive masking of motif...
		Reprioritizing potential motifs...
	12 of 20 Initial Sequence: ATACGAG... (-10.636)
		Round 1: -14.09 ATACGAG T:8.0(0.51%),B:7.3(0.04%),P:1e-6
		Round 2: -14.09 ATACGAG T:8.0(0.51%),B:7.3(0.04%),P:1e-6
		=Final=: -15.75 ATACGAG T:8.0(0.51%),B:7.3(0.04%),P:1e-6
		Performing exhaustive masking of motif...
		Reprioritizing potential motifs...
	13 of 20 Initial Sequence: AGGCAGC... (-10.056)
		Round 1: -12.16 AGGCAGC T:78.0(4.83%),B:557.8(2.79%),P:1e-5
		Round 2: -13.92 ADRCAGC T:172.0(10.34%),B:1427.7(6.99%),P:1e-6
		Round 3: -19.38 CAGCAGC T:222.0(13.14%),B:1798.3(8.73%),P:1e-8
		Round 4: -19.38 CAGCAGC T:222.0(13.14%),B:1798.3(8.73%),P:1e-8
		=Final=: -14.88 CAGCAGC T:184.0(11.68%),B:1584.0(8.05%),P:1e-6
		Performing exhaustive masking of motif...
		Reprioritizing potential motifs...
	14 of 20 Initial Sequence: GCTCTCA... (-10.402)
		Round 1: -10.40 GCTCTCA T:24.0(1.51%),B:108.5(0.55%),P:1e-4
		Round 2: -10.40 GCTCTCA T:24.0(1.51%),B:108.5(0.55%),P:1e-4
		=Final=: -11.31 GCTCTCA T:24.0(1.52%),B:108.5(0.55%),P:1e-4
		Performing exhaustive masking of motif...
		Reprioritizing potential motifs...
	15 of 20 Initial Sequence: TCAACAA... (-9.683)
		Round 1: -14.16 TCAACAA T:97.0(5.97%),B:701.3(3.50%),P:1e-6
		Round 2: -14.16 TCAACAA T:97.0(5.97%),B:701.3(3.50%),P:1e-6
		=Final=: -11.20 TCAACAA T:79.0(5.01%),B:594.9(3.02%),P:1e-4
		Performing exhaustive masking of motif...
		Reprioritizing potential motifs...
	16 of 20 Initial Sequence: TCTACAC... (-9.665)
		Round 1: -10.56 TCTACAC T:18.0(1.14%),B:65.1(0.33%),P:1e-4
		Round 2: -11.50 CCKACAC T:30.0(1.89%),B:145.1(0.73%),P:1e-4
		Round 3: -11.87 TCTACAC T:41.0(2.57%),B:231.9(1.17%),P:1e-5
		Round 4: -11.87 TCTACAC T:41.0(2.57%),B:231.9(1.17%),P:1e-5
		=Final=: -12.50 TCTACAC T:41.0(2.60%),B:231.9(1.18%),P:1e-5
		Performing exhaustive masking of motif...
		Reprioritizing potential motifs...
	17 of 20 Initial Sequence: CCAAATG... (-9.500)
		Round 1: -15.47 CCAAATG T:31.0(1.95%),B:125.1(0.63%),P:1e-6
		Round 2: -15.47 CCAAATG T:31.0(1.95%),B:125.1(0.63%),P:1e-6
		=Final=: -16.46 CCAAATG T:31.0(1.97%),B:125.1(0.64%),P:1e-7
		Performing exhaustive masking of motif...
		Reprioritizing potential motifs...
	18 of 20 Initial Sequence: ACCAGGG... (-9.466)
		Round 1: -11.47 ACCAGGG T:31.0(1.95%),B:153.9(0.77%),P:1e-4
		Round 2: -11.47 ACCAGGG T:31.0(1.95%),B:153.9(0.77%),P:1e-4
		=Final=: -12.30 ACCAGGG T:31.0(1.97%),B:153.9(0.78%),P:1e-5
		Performing exhaustive masking of motif...
		Reprioritizing potential motifs...
	Remaining seeds don't look promising (After initial 5 motifs, logp -9.150 > -9.198)

	Finalizing Enrichment Statistics (new in v3.4)
	Reading input files...
	21832 total sequences read
	Cache length = 11180
	Using binomial scoring
	Checking enrichment of 18 motif(s)
	|0%                                    50%                                  100%|
	=================================================================================
	Output in file: output/homer/finemapped_results/SNRNP70_CTL/homerMotifs.motifs7


	Scanning input files...
	Parsing sequences...
	|0%                                   50%                                  100%|
	================================================================================
	Total number of Oligos: 64692
	Autoadjustment for sequence coverage in background: 1.00x

	Oligos: 64692 of 65546 max
	Tree  : 87324 of 327730 max
	Optimizing memory usage...
	Cache length = 11180
	Using binomial scoring

	Global Optimization Phase: Looking for enriched oligos with up to 2 mismatches...

	Screening oligos 64692 (allowing 0 mismatches):
	|0%                                   50%                                  100%|
	================================================================================
		35.42% skipped, 64.58% checked (41775 of 64692), of those checked:
		35.42% not in target, 0.00% increased p-value, 0.00% high p-value

	Screening oligos 64692 (allowing 1 mismatches):
	|0%                                   50%                                  100%|
	================================================================================
		35.42% skipped, 64.58% checked (41775 of 64692), of those checked:
		0.00% not in target, 30.84% increased p-value, 39.34% high p-value

	Screening oligos 64692 (allowing 2 mismatches):
	|0%                                   50%                                  100%|
	================================================================================
		84.02% skipped, 15.98% checked (10341 of 64692), of those checked:
		0.00% not in target, 11.85% increased p-value, 0.00% high p-value
	Reading input files...
	21832 total sequences read
	Cache length = 11180
	Using binomial scoring

	Local Optimization Phase:
	1 of 20 Initial Sequence: GTGCTGAC... (-38.554)
		Round 1: -38.55 GTGCTGAC T:24.0(1.51%),B:25.6(0.13%),P:1e-16
		Round 2: -38.55 GTGCTGAC T:24.0(1.51%),B:25.6(0.13%),P:1e-16
		=Final=: -37.69 GTGCTGAC T:23.0(1.46%),B:25.6(0.13%),P:1e-16
		Performing exhaustive masking of motif...
		Reprioritizing potential motifs...
	2 of 20 Initial Sequence: TTATCCAT... (-37.168)
		Round 1: -39.60 TTATCCAT T:19.0(1.20%),B:12.8(0.06%),P:1e-17
		Round 2: -40.32 GTATCGAT T:22.0(1.39%),B:18.4(0.09%),P:1e-17
		Round 3: -47.25 YTATCGAT T:22.0(1.39%),B:13.6(0.07%),P:1e-20
		Round 4: -47.25 YTATCGAT T:22.0(1.39%),B:13.6(0.07%),P:1e-20
		=Final=: -48.71 YTATCGAT T:22.0(1.40%),B:13.2(0.07%),P:1e-21
		Performing exhaustive masking of motif...
		Reprioritizing potential motifs...
	3 of 20 Initial Sequence: AGGTGGTT... (-33.852)
		Round 1: -33.85 AGGTGGTT T:20.0(1.26%),B:19.2(0.10%),P:1e-14
		Round 2: -33.85 AGGTGGTT T:20.0(1.26%),B:19.2(0.10%),P:1e-14
		=Final=: -35.49 AGGTGGTT T:20.0(1.27%),B:19.2(0.10%),P:1e-15
		Performing exhaustive masking of motif...
		Reprioritizing potential motifs...
	4 of 20 Initial Sequence: CCGGGTGA... (-29.611)
		Round 1: -29.61 CCGGGTGA T:11.0(0.70%),B:4.1(0.02%),P:1e-12
		Round 2: -29.61 CCGGGTGA T:11.0(0.70%),B:4.1(0.02%),P:1e-12
		=Final=: -30.35 CCGGGTGA T:11.0(0.70%),B:4.1(0.02%),P:1e-13
		Performing exhaustive masking of motif...
		Reprioritizing potential motifs...
	5 of 20 Initial Sequence: GCATAATT... (-29.452)
		Round 1: -29.45 GCATAATT T:10.0(0.63%),B:3.6(0.02%),P:1e-12
		Round 2: -29.45 GCATAATT T:10.0(0.63%),B:3.6(0.02%),P:1e-12
		=Final=: -29.61 GCATAATT T:10.0(0.63%),B:3.6(0.02%),P:1e-12
		Performing exhaustive masking of motif...
		Reprioritizing potential motifs...
	6 of 20 Initial Sequence: TGATCACG... (-26.281)
		Round 1: -40.45 TGATCACG T:11.0(0.70%),B:1.8(0.01%),P:1e-17
		Round 2: -40.45 TGATCACG T:11.0(0.70%),B:1.8(0.01%),P:1e-17
		=Final=: -40.45 TGATCACG T:10.0(0.63%),B:1.8(0.01%),P:1e-17
		Performing exhaustive masking of motif...
		Reprioritizing potential motifs...
	7 of 20 Initial Sequence: GATTTCCC... (-25.060)
		Round 1: -32.28 GATTTCCC T:17.0(1.07%),B:14.0(0.07%),P:1e-14
		Round 2: -32.28 GATTTCCC T:17.0(1.07%),B:14.0(0.07%),P:1e-14
		=Final=: -33.88 GATTTCCC T:17.0(1.08%),B:14.0(0.07%),P:1e-14
		Performing exhaustive masking of motif...
		Reprioritizing potential motifs...
	8 of 20 Initial Sequence: GTGGTAGT... (-19.850)
		Round 1: -29.02 GTGGTAGT T:25.0(1.57%),B:43.6(0.22%),P:1e-12
		Round 2: -29.02 GTGGTAGT T:25.0(1.57%),B:43.6(0.22%),P:1e-12
		=Final=: -30.54 GTGGTAGT T:25.0(1.59%),B:43.6(0.22%),P:1e-13
		Performing exhaustive masking of motif...
		Reprioritizing potential motifs...
	9 of 20 Initial Sequence: CAGGGCGA... (-18.076)
		Round 1: -22.08 CAGGGCGA T:17.0(1.07%),B:25.4(0.13%),P:1e-9
		Round 2: -22.08 CAGGGCGA T:17.0(1.07%),B:25.4(0.13%),P:1e-9
		=Final=: -23.66 CAGGGCGA T:17.0(1.08%),B:25.4(0.13%),P:1e-10
		Performing exhaustive masking of motif...
		Reprioritizing potential motifs...
	10 of 20 Initial Sequence: TCGCGCTT... (-17.484)
		Round 1: -17.48 TCGCGCTT T:6.0(0.38%),B:2.8(0.01%),P:1e-7
		Round 2: -17.48 TCGCGCTT T:6.0(0.38%),B:2.8(0.01%),P:1e-7
		=Final=: -17.71 TCGCGCTT T:6.0(0.38%),B:2.8(0.01%),P:1e-7
		Performing exhaustive masking of motif...
		Reprioritizing potential motifs...
	11 of 20 Initial Sequence: GACATCCA... (-14.804)
		Round 1: -25.44 GACATCCA T:205.0(12.20%),B:1505.3(7.36%),P:1e-11
		Round 2: -27.34 GACATCCA T:282.0(16.39%),B:2196.5(10.56%),P:1e-11
		Round 3: -27.34 GACATCCA T:282.0(16.39%),B:2196.5(10.56%),P:1e-11
		=Final=: -26.99 GACATCCA T:255.0(16.18%),B:2054.0(10.44%),P:1e-11
		Performing exhaustive masking of motif...
		Reprioritizing potential motifs...
	12 of 20 Initial Sequence: TGCGCAGC... (-13.692)
		Round 1: -13.69 TGCGCAGC T:7.0(0.44%),B:5.9(0.03%),P:1e-5
		Round 2: -13.69 TGCGCAGC T:7.0(0.44%),B:5.9(0.03%),P:1e-5
		=Final=: -15.29 TGCGCAGC T:7.0(0.44%),B:5.9(0.03%),P:1e-6
		Performing exhaustive masking of motif...
		Reprioritizing potential motifs...
	13 of 20 Initial Sequence: AAATCGAC... (-13.369)
		Round 1: -26.06 AAATCGAC T:56.0(3.49%),B:235.0(1.19%),P:1e-11
		Round 2: -26.06 AAATCGAC T:56.0(3.49%),B:235.0(1.19%),P:1e-11
		=Final=: -24.94 AAATCGAC T:54.0(3.43%),B:233.0(1.18%),P:1e-10
		Performing exhaustive masking of motif...
		Reprioritizing potential motifs...
	14 of 20 Initial Sequence: ACTCCGGA... (-12.123)
		Round 1: -16.79 ACTCCGGA T:8.0(0.51%),B:5.0(0.03%),P:1e-7
		Round 2: -16.79 ACTCCGGA T:8.0(0.51%),B:5.0(0.03%),P:1e-7
		=Final=: -18.30 ACTCCGGA T:8.0(0.51%),B:5.0(0.03%),P:1e-7
		Performing exhaustive masking of motif...
		Reprioritizing potential motifs...
	15 of 20 Initial Sequence: AGCAGCAG... (-12.131)
		Round 1: -24.83 AGCAGCAG T:661.0(34.27%),B:6100.6(26.65%),P:1e-10
		Round 2: -24.83 AGCAGCAG T:661.0(34.27%),B:6100.6(26.65%),P:1e-10
		=Final=: -13.15 AGCAGCAG T:405.0(25.70%),B:4098.2(20.83%),P:1e-5
		Performing exhaustive masking of motif...
		Reprioritizing potential motifs...
	16 of 20 Initial Sequence: CCGTCTTC... (-12.123)
		Round 1: -15.54 CCGTCTTC T:10.0(0.63%),B:11.4(0.06%),P:1e-6
		Round 2: -16.12 CGGTCTTC T:32.0(2.01%),B:128.2(0.65%),P:1e-6
		Round 3: -16.12 CGGTCTTC T:32.0(2.01%),B:128.2(0.65%),P:1e-6
		=Final=: -14.98 CGGTCTTC T:30.0(1.90%),B:127.1(0.65%),P:1e-6
		Performing exhaustive masking of motif...
		Reprioritizing potential motifs...
	17 of 20 Initial Sequence: AAATGTGG... (-11.734)
		Round 1: -13.86 AAATGTGG T:17.0(1.07%),B:45.9(0.23%),P:1e-6
		Round 2: -13.86 AAATGTGG T:17.0(1.07%),B:45.9(0.23%),P:1e-6
		=Final=: -15.15 AAATGTGG T:17.0(1.08%),B:45.9(0.23%),P:1e-6
		Performing exhaustive masking of motif...
		Reprioritizing potential motifs...
	18 of 20 Initial Sequence: AGGGGAGA... (-11.556)
		Round 1: -13.66 AGGGGAGA T:19.0(1.20%),B:57.9(0.29%),P:1e-5
		Round 2: -13.66 AGGGGAGA T:19.0(1.20%),B:57.9(0.29%),P:1e-5
		=Final=: -13.41 AGGGGAGA T:18.0(1.14%),B:57.9(0.29%),P:1e-5
		Performing exhaustive masking of motif...
		Reprioritizing potential motifs...
	19 of 20 Initial Sequence: TTTTTTTT... (-10.798)
		Round 1: -20.23 TTTTTTTT T:574.0(30.53%),B:5389.3(23.95%),P:1e-8
		Round 2: -22.07 TTTTTTTT T:427.0(23.74%),B:3789.4(17.51%),P:1e-9
		Round 3: -22.62 TTTTYTTT T:551.0(29.51%),B:5049.0(22.63%),P:1e-9
		Round 4: -22.62 TTTTYTTT T:551.0(29.51%),B:5049.0(22.63%),P:1e-9
		=Final=: -5.65 TTTTYTTT T:209.0(13.26%),B:2175.8(11.06%),P:1e-2
		Performing exhaustive masking of motif...
		Reprioritizing potential motifs...
	20 of 20 Initial Sequence: GCTCTCAT... (-10.961)
		Round 1: -24.53 GCTCTCAT T:43.0(2.69%),B:155.7(0.78%),P:1e-10
		Round 2: -24.53 GCTCTCAT T:43.0(2.69%),B:155.7(0.78%),P:1e-10
		=Final=: -25.61 GCTCTCAT T:43.0(2.73%),B:155.7(0.79%),P:1e-11
		Performing exhaustive masking of motif...
		Reprioritizing potential motifs...

	Finalizing Enrichment Statistics (new in v3.4)
	Reading input files...
	21832 total sequences read
	Cache length = 11180
	Using binomial scoring
	Checking enrichment of 20 motif(s)
	|0%                                    50%                                  100%|
	=================================================================================
	Output in file: output/homer/finemapped_results/SNRNP70_CTL/homerMotifs.motifs8


	Scanning input files...
	Parsing sequences...
	|0%                                   50%                                  100%|
	================================================================================
	Total number of Oligos: 225848
	Autoadjustment for sequence coverage in background: 1.00x

	Oligos: 225848 of 262154 max
	Tree  : 333896 of 1310770 max
	Optimizing memory usage...
	Cache length = 11180
	Using binomial scoring

	Global Optimization Phase: Looking for enriched oligos with up to 2 mismatches...

	Screening oligos 225848 (allowing 0 mismatches):
	|0%                                   50%                                  100%|
	================================================================================
		68.34% skipped, 31.66% checked (71499 of 225848), of those checked:
		68.34% not in target, 0.00% increased p-value, 0.00% high p-value

	Screening oligos 225848 (allowing 1 mismatches):
	|0%                                   50%                                  100%|
	================================================================================
		68.34% skipped, 31.66% checked (71499 of 225848), of those checked:
		0.00% not in target, 21.95% increased p-value, 12.29% high p-value

	Screening oligos 225848 (allowing 2 mismatches):
	|0%                                   50%                                  100%|
	================================================================================
		93.78% skipped, 6.22% checked (14043 of 225848), of those checked:
		0.00% not in target, 4.51% increased p-value, 0.00% high p-value
	Reading input files...
	21832 total sequences read
	Cache length = 11180
	Using binomial scoring

	Local Optimization Phase:
	1 of 20 Initial Sequence: TGTGCTGAC... (-69.612)
		Round 1: -78.26 TGTGCTGAC T:24.0(1.51%),B:5.5(0.03%),P:1e-33
		Round 2: -79.24 TGCGCTGAC T:21.0(1.32%),B:4.0(0.02%),P:1e-34
		Round 3: -79.24 TGCGCTGAC T:21.0(1.32%),B:4.0(0.02%),P:1e-34
		=Final=: -75.69 TGCGCTGAC T:21.0(1.33%),B:4.0(0.02%),P:1e-32
		Performing exhaustive masking of motif...
		Reprioritizing potential motifs...
	2 of 20 Initial Sequence: CTTATCCAT... (-55.497)
		Round 1: -55.50 CTTATCCAT T:14.0(0.88%),B:2.3(0.01%),P:1e-24
		Round 2: -55.50 CTTATCCAT T:14.0(0.88%),B:2.3(0.01%),P:1e-24
		=Final=: -51.04 CTTATCCAT T:14.0(0.89%),B:2.3(0.01%),P:1e-22
		Performing exhaustive masking of motif...
		Reprioritizing potential motifs...
	3 of 20 Initial Sequence: TTTCCCCAA... (-50.400)
		Round 1: -53.95 TTYCCCMAA T:29.0(1.82%),B:23.2(0.12%),P:1e-23
		Round 2: -56.11 TTTCCCCAA T:33.0(2.07%),B:32.0(0.16%),P:1e-24
		Round 3: -56.11 TTTCCCCAA T:33.0(2.07%),B:32.0(0.16%),P:1e-24
		=Final=: -46.56 TTTCCCCAA T:13.0(0.82%),B:2.8(0.01%),P:1e-20
		Performing exhaustive masking of motif...
		Reprioritizing potential motifs...
	4 of 20 Initial Sequence: GGTGGTTTT... (-49.262)
		Round 1: -49.26 GGTGGTTTT T:17.0(1.07%),B:5.6(0.03%),P:1e-21
		Round 2: -49.26 GGTGGTTTT T:17.0(1.07%),B:5.6(0.03%),P:1e-21
		=Final=: -49.52 GGTGGTTTT T:17.0(1.08%),B:5.6(0.03%),P:1e-21
		Performing exhaustive masking of motif...
		Reprioritizing potential motifs...
	5 of 20 Initial Sequence: AATTTGTGG... (-37.831)
		Round 1: -37.83 AATTTGTGG T:12.0(0.76%),B:3.5(0.02%),P:1e-16
		Round 2: -37.83 AATTTGTGG T:12.0(0.76%),B:3.5(0.02%),P:1e-16
		=Final=: -37.36 AATTTGTGG T:12.0(0.76%),B:3.5(0.02%),P:1e-16
		Performing exhaustive masking of motif...
		Reprioritizing potential motifs...
	6 of 20 Initial Sequence: ATGATCACG... (-26.282)
		Round 1: -33.87 ATGATCACG T:15.0(0.95%),B:8.0(0.04%),P:1e-14
		Round 2: -45.38 ACGATBACG T:12.0(0.76%),B:2.7(0.01%),P:1e-19
		Round 3: -45.38 ACGATBACG T:12.0(0.76%),B:2.7(0.01%),P:1e-19
		=Final=: -45.38 ACGATBACG T:11.0(0.70%),B:0.2(0.00%),P:1e-19
		Performing exhaustive masking of motif...
		Reprioritizing potential motifs...
	7 of 20 Initial Sequence: GCGCTTTCC... (-21.806)
		Round 1: -29.45 GCGCTTTCC T:10.0(0.63%),B:3.9(0.02%),P:1e-12
		Round 2: -33.98 GCGCTATCC T:13.0(0.82%),B:5.2(0.03%),P:1e-14
		Round 3: -33.98 GCGCTATCC T:13.0(0.82%),B:5.2(0.03%),P:1e-14
		=Final=: -34.87 GCGCTATCC T:13.0(0.82%),B:5.2(0.03%),P:1e-15
		Performing exhaustive masking of motif...
		Reprioritizing potential motifs...
	8 of 20 Initial Sequence: CAGCAGCAG... (-19.095)
		Round 1: -29.10 CAGCAGCAG T:295.0(17.08%),B:2283.3(10.95%),P:1e-12
		Round 2: -29.10 CAGCAGCAG T:295.0(17.08%),B:2283.3(10.95%),P:1e-12
		=Final=: -21.40 CAGCAGCAG T:300.0(19.04%),B:2654.0(13.49%),P:1e-9
		Performing exhaustive masking of motif...
		Reprioritizing potential motifs...
	9 of 20 Initial Sequence: CAGGGCGAG... (-18.298)
		Round 1: -27.52 CAGGGCGAG T:14.0(0.88%),B:10.5(0.05%),P:1e-11
		Round 2: -27.97 CAGGWCGAY T:17.0(1.07%),B:17.8(0.09%),P:1e-12
		Round 3: -27.97 CAGGWCGAY T:17.0(1.07%),B:17.8(0.09%),P:1e-12
		=Final=: -29.62 CAGGWCGAY T:17.0(1.08%),B:17.8(0.09%),P:1e-12
		Performing exhaustive masking of motif...
		Reprioritizing potential motifs...
	10 of 20 Initial Sequence: CTCGACTGC... (-17.484)
		Round 1: -22.36 CTCGACTGC T:13.0(0.82%),B:12.1(0.06%),P:1e-9
		Round 2: -22.96 CTTGACTGC T:19.0(1.20%),B:31.9(0.16%),P:1e-9
		Round 3: -24.50 AGTGACCGC T:20.0(1.26%),B:32.6(0.16%),P:1e-10
		Round 4: -25.29 TGTGACCGC T:26.0(1.64%),B:56.3(0.28%),P:1e-10
		Round 5: -29.75 YGCGACTGC T:30.0(1.89%),B:63.6(0.32%),P:1e-12
		Round 6: -32.19 HKYGACYGC T:37.0(2.32%),B:90.5(0.46%),P:1e-13
		Round 7: -32.19 HKYGACYGC T:37.0(2.32%),B:90.5(0.46%),P:1e-13
		=Final=: -31.87 HKYGACYGC T:36.0(2.28%),B:90.5(0.46%),P:1e-13
		Performing exhaustive masking of motif...
		Reprioritizing potential motifs...
	11 of 20 Initial Sequence: GGGGAGATA... (-17.484)
		Round 1: -21.50 GGGGAGATA T:8.0(0.51%),B:3.9(0.02%),P:1e-9
		Round 2: -40.45 GCGGAGATH T:11.0(0.70%),B:1.6(0.01%),P:1e-17
		Round 3: -40.45 GCGGAGATH T:11.0(0.70%),B:1.6(0.01%),P:1e-17
		=Final=: -45.38 GCGGAGATH T:11.0(0.70%),B:1.6(0.01%),P:1e-19
		Performing exhaustive masking of motif...
		Reprioritizing potential motifs...
	12 of 20 Initial Sequence: GCCGGGTGA... (-17.484)
		Round 1: -34.87 GCCGGGTGA T:14.0(0.88%),B:6.3(0.03%),P:1e-15
		Round 2: -42.16 CCCGGGTGA T:13.0(0.82%),B:3.1(0.02%),P:1e-18
		Round 3: -42.16 CCCGGGTGA T:13.0(0.82%),B:3.1(0.02%),P:1e-18
		=Final=: -41.36 CCCGGGTGA T:13.0(0.82%),B:3.1(0.02%),P:1e-17
		Performing exhaustive masking of motif...
		Reprioritizing potential motifs...
	13 of 20 Initial Sequence: GACATCCAA... (-15.412)
		Round 1: -29.23 GACATCCAA T:77.0(4.77%),B:361.6(1.82%),P:1e-12
		Round 2: -29.23 GACATCCAA T:77.0(4.77%),B:361.6(1.82%),P:1e-12
		=Final=: -31.87 GACATCCAA T:106.0(6.73%),B:579.3(2.94%),P:1e-13
		Performing exhaustive masking of motif...
		Reprioritizing potential motifs...
	14 of 20 Initial Sequence: GGGGGACTG... (-15.350)
		Round 1: -19.84 GGGGGACYG T:14.0(0.88%),B:18.5(0.09%),P:1e-8
		Round 2: -23.04 GGAGGACCG T:14.0(0.88%),B:14.8(0.07%),P:1e-10
		Round 3: -23.04 GGAGGACCG T:14.0(0.88%),B:14.8(0.07%),P:1e-10
		=Final=: -24.68 GGAGGACCG T:14.0(0.89%),B:14.8(0.08%),P:1e-10
		Performing exhaustive masking of motif...
		Reprioritizing potential motifs...
	15 of 20 Initial Sequence: AAGCTCTCA... (-13.692)
		Round 1: -20.01 AAGCTCTCA T:9.0(0.57%),B:5.3(0.03%),P:1e-8
		Round 2: -22.90 ACGCTCTCA T:11.0(0.70%),B:7.9(0.04%),P:1e-9
		Round 3: -22.90 ACGCTCTCA T:11.0(0.70%),B:7.9(0.04%),P:1e-9
		=Final=: -24.41 ACGCTCTCA T:11.0(0.70%),B:7.9(0.04%),P:1e-10
		Performing exhaustive masking of motif...
		Reprioritizing potential motifs...
	16 of 20 Initial Sequence: TTTTGTTTT... (-13.487)
		Round 1: -18.98 TTTTGTTTT T:382.0(21.53%),B:3431.8(16.00%),P:1e-8
		Round 2: -19.13 TTTTGTTTT T:615.0(32.32%),B:5873.2(25.80%),P:1e-8
		Round 3: -20.83 TTTTGTTTT T:590.0(31.24%),B:5530.5(24.50%),P:1e-9
		Round 4: -20.83 TTTTGTTTT T:590.0(31.24%),B:5530.5(24.50%),P:1e-9
		=Final=: -6.85 TTTTGTTTT T:198.0(12.56%),B:1993.3(10.13%),P:1e-2
		Performing exhaustive masking of motif...
		Reprioritizing potential motifs...
	17 of 20 Initial Sequence: TCTGCCTTT... (-14.085)
		Round 1: -17.72 TCTGCCTTT T:7.0(0.44%),B:3.9(0.02%),P:1e-7
		Round 2: -17.72 TCTGCCTTT T:7.0(0.44%),B:3.9(0.02%),P:1e-7
		=Final=: -18.73 TCTGCCTTT T:7.0(0.44%),B:3.9(0.02%),P:1e-8
		Performing exhaustive masking of motif...
		Reprioritizing potential motifs...
	18 of 20 Initial Sequence: CTTCTACAC... (-13.345)
		Round 1: -17.72 CTTCTACAC T:7.0(0.44%),B:3.6(0.02%),P:1e-7
		Round 2: -17.72 CTTCTACAC T:7.0(0.44%),B:3.6(0.02%),P:1e-7
		=Final=: -18.73 CTTCTACAC T:7.0(0.44%),B:3.6(0.02%),P:1e-8
		Performing exhaustive masking of motif...
		Reprioritizing potential motifs...
	19 of 20 Initial Sequence: GCACTCCGG... (-13.345)
		Round 1: -15.97 GCACTCCGG T:12.0(0.76%),B:17.8(0.09%),P:1e-6
		Round 2: -15.97 GCACTCCGG T:12.0(0.76%),B:17.8(0.09%),P:1e-6
		=Final=: -17.57 GCACTCCGG T:12.0(0.76%),B:17.8(0.09%),P:1e-7
		Performing exhaustive masking of motif...
		Reprioritizing potential motifs...
	20 of 20 Initial Sequence: GTCAAAGGT... (-13.345)
		Round 1: -19.06 GTCAAAGGT T:11.0(0.70%),B:10.3(0.05%),P:1e-8
		Round 2: -21.32 GTCAACGGT T:14.0(0.88%),B:16.1(0.08%),P:1e-9
		Round 3: -21.32 GTCAACGGT T:14.0(0.88%),B:16.1(0.08%),P:1e-9
		=Final=: -22.96 GTCAACGGT T:14.0(0.89%),B:16.1(0.08%),P:1e-9
		Performing exhaustive masking of motif...
		Reprioritizing potential motifs...

	Finalizing Enrichment Statistics (new in v3.4)
	Reading input files...
	21832 total sequences read
	Cache length = 11180
	Using binomial scoring
	Checking enrichment of 20 motif(s)
	|0%                                    50%                                  100%|
	=================================================================================
	Output in file: output/homer/finemapped_results/SNRNP70_CTL/homerMotifs.motifs9

	(Motifs in homer2 format)
	Determining similar motifs... 71 reduced to 33 motifs
	Outputing HTML and sequence logos for motif comparison...
	Checking de novo motifs against known motifs...
	Formatting HTML page...
		1 of 33 (1e-32) similar to hsa-miR-152 MIMAT0000438 Homo sapiens miR-152 Targets (miRBase)(0.642)
		2 of 33 (1e-26) similar to hsa-miR-518f MIMAT0002842 Homo sapiens miR-518f Targets (miRBase)(0.691)
		3 of 33 (1e-22) similar to hsa-miR-1261 MIMAT0005913 Homo sapiens miR-1261 Targets (miRBase)(0.870)
		4 of 33 (1e-21) similar to hsa-miR-548aa MIMAT0018447 Homo sapiens miR-548aa Targets (miRBase)(0.770)
		5 of 33 (1e-20) similar to hsa-miR-2110 MIMAT0010133 Homo sapiens miR-2110 Targets (miRBase)(0.794)
		6 of 33 (1e-19) similar to hsa-miR-598 MIMAT0003266 Homo sapiens miR-598 Targets (miRBase)(0.681)
		7 of 33 (1e-19) similar to hsa-miR-4279 MIMAT0016909 Homo sapiens miR-4279 Targets (miRBase)(0.651)
		8 of 33 (1e-17) similar to hsa-miR-941 MIMAT0004984 Homo sapiens miR-941 Targets (miRBase)(0.601)
		9 of 33 (1e-16) similar to hsa-miR-4719 MIMAT0019832 Homo sapiens miR-4719 Targets (miRBase)(0.731)
		10 of 33 (1e-13) similar to hsa-miR-4274 MIMAT0016906 Homo sapiens miR-4274 Targets (miRBase)(0.647)
		11 of 33 (1e-13) similar to hsa-miR-4764-5p MIMAT0019914 Homo sapiens miR-4764-5p Targets (miRBase)(0.679)
		12 of 33 (1e-13) similar to hsa-miR-532-3p MIMAT0004780 Homo sapiens miR-532-3p Targets (miRBase)(0.665)
		13 of 33 (1e-13) similar to hsa-miR-499-3p MIMAT0004772 Homo sapiens miR-499-3p Targets (miRBase)(0.594)
		14 of 33 (1e-12) similar to hsa-miR-491-3p MIMAT0004765 Homo sapiens miR-491-3p Targets (miRBase)(0.676)
		15 of 33 (1e-11) similar to hsa-miR-2277-3p MIMAT0011777 Homo sapiens miR-2277-3p Targets (miRBase)(0.655)
		16 of 33 (1e-11) similar to hsa-miR-4655-3p MIMAT0019722 Homo sapiens miR-4655-3p Targets (miRBase)(0.621)
		17 of 33 (1e-10) similar to hsa-miR-4691-5p MIMAT0019781 Homo sapiens miR-4691-5p Targets (miRBase)(0.694)
		18 of 33 (1e-10) similar to hsa-miR-4444 MIMAT0018962 Homo sapiens miR-4444 Targets (miRBase)(0.680)
		19 of 33 (1e-10) similar to hsa-miR-1914* MIMAT0007890 Homo sapiens miR-1914* Targets (miRBase)(0.749)
		20 of 33 (1e-10) similar to hsa-miR-1234 MIMAT0005589 Homo sapiens miR-1234 Targets (miRBase)(0.723)
		21 of 33 (1e-9) similar to hsa-miR-451 MIMAT0001631 Homo sapiens miR-451 Targets (miRBase)(0.686)
		22 of 33 (1e-9) similar to hsa-miR-1205 MIMAT0005869 Homo sapiens miR-1205 Targets (miRBase)(0.796)
		23 of 33 (1e-9) similar to hsa-miR-370 MIMAT0000722 Homo sapiens miR-370 Targets (miRBase)(0.654)
		24 of 33 (1e-8) similar to hsa-miR-579 MIMAT0003244 Homo sapiens miR-579 Targets (miRBase)(0.791)
		25 of 33 (1e-8) similar to hsa-miR-4531 MIMAT0019070 Homo sapiens miR-4531 Targets (miRBase)(0.654)
		26 of 33 (1e-7) similar to hsa-miR-3664-3p MIMAT0019220 Homo sapiens miR-3664-3p Targets (miRBase)(0.630)
		27 of 33 (1e-7) similar to hsa-miR-518d-3p MIMAT0002864 Homo sapiens miR-518d-3p Targets (miRBase)(0.666)
		28 of 33 (1e-6) similar to hsa-miR-3610 MIMAT0017987 Homo sapiens miR-3610 Targets (miRBase)(0.712)
		29 of 33 (1e-6) similar to hsa-miR-548an MIMAT0019079 Homo sapiens miR-548an Targets (miRBase)(0.736)
		30 of 33 (1e-6) similar to hsa-miR-7 MIMAT0000252 Homo sapiens miR-7 Targets (miRBase)(0.677)
		31 of 33 (1e-5) similar to hsa-miR-1470 MIMAT0007348 Homo sapiens miR-1470 Targets (miRBase)(0.704)
		32 of 33 (1e-4) similar to hsa-miR-653 MIMAT0003328 Homo sapiens miR-653 Targets (miRBase)(0.714)
		33 of 33 (1e-3) similar to hsa-miR-3613-3p MIMAT0017991 Homo sapiens miR-3613-3p Targets (miRBase)(0.674)
	Job finished - if results look good, please send beer to ..

	Cleaning up tmp files...

[Fri Oct 24 15:40:35 2025]
Finished job 138.
114 of 142 steps (80%) done
[bam_sort_core] merging from 19 files and 2 in-memory blocks...
[Fri Oct 24 15:53:03 2025]
Finished job 58.
115 of 142 steps (81%) done
Removing temporary output output/bams/raw/genome/SNRNP70_OSM_IP_1.genome.Aligned.out.bam.
Select jobs to execute...

[Fri Oct 24 15:53:08 2025]
rule index_bams:
    input: output/bams/raw/genome/SNRNP70_OSM_IP_1.genome.Aligned.sort.bam
    output: output/bams/raw/genome/SNRNP70_OSM_IP_1.genome.Aligned.sort.bam.bai
    jobid: 60
    benchmark: benchmarks/index_bam/raw/genome/sort/unassigned_experiment.SNRNP70_OSM_IP_1.genome.index_bam.txt
    reason: Missing output files: output/bams/raw/genome/SNRNP70_OSM_IP_1.genome.Aligned.sort.bam.bai; Input files updated by another job: output/bams/raw/genome/SNRNP70_OSM_IP_1.genome.Aligned.sort.bam
    wildcards: round=raw, ref=genome, replicate_label=SNRNP70_OSM_IP_1.genome, mid=sort
    threads: 2
    resources: tmpdir=/tmp

samtools index -@ 2 output/bams/raw/genome/SNRNP70_OSM_IP_1.genome.Aligned.sort.bam;
[Fri Oct 24 15:53:55 2025]
Finished job 60.
116 of 142 steps (82%) done
Select jobs to execute...

[Fri Oct 24 15:53:55 2025]
rule dedup_umi:
    input: output/bams/raw/genome/SNRNP70_OSM_IP_1.genome.Aligned.sort.bam, output/bams/raw/genome/SNRNP70_OSM_IP_1.genome.Aligned.sort.bam.bai
    output: output/bams/dedup/genome/SNRNP70_OSM_IP_1.genome.Aligned.sort.dedup.bam
    jobid: 57
    benchmark: benchmarks/dedup/genome/unassigned_experiment.SNRNP70_OSM_IP_1.dedup_umi.txt
    reason: Missing output files: output/bams/dedup/genome/SNRNP70_OSM_IP_1.genome.Aligned.sort.dedup.bam; Input files updated by another job: output/bams/raw/genome/SNRNP70_OSM_IP_1.genome.Aligned.sort.bam.bai, output/bams/raw/genome/SNRNP70_OSM_IP_1.genome.Aligned.sort.bam
    wildcards: replicate_label=SNRNP70_OSM_IP_1
    resources: tmpdir=/tmp

java -server -Xms8G -Xmx8G -Xss20M -jar installation/UMICollapse-1.0.0/umicollapse.jar bam -i output/bams/raw/genome/SNRNP70_OSM_IP_1.genome.Aligned.sort.bam -o output/bams/dedup/genome/SNRNP70_OSM_IP_1.genome.Aligned.sort.dedup.bam --umi-sep : --two-pass
Arguments	[bam, -i, output/bams/raw/genome/SNRNP70_OSM_IP_1.genome.Aligned.sort.bam, -o, output/bams/dedup/genome/SNRNP70_OSM_IP_1.genome.Aligned.sort.dedup.bam, --umi-sep, :, --two-pass]
Done with the first pass!
INFO	2025-10-24 16:17:44	SortingCollection	Creating merging iterator from 48 files
Number of input reads	253035070
Number of removed unmapped reads	3193157
Number of unremoved reads	249841913
Number of unique alignment positions	3301630
Average number of UMIs per alignment position	19.533422885059803
Max number of UMIs over all alignment positions	511043
Number of reads after deduplicating	23664584
UMI collapsing finished in 1649.613 seconds!
[Fri Oct 24 16:21:27 2025]
Finished job 57.
117 of 142 steps (82%) done
Select jobs to execute...

[Fri Oct 24 16:21:33 2025]
rule index_bams:
    input: output/bams/dedup/genome/SNRNP70_OSM_IP_1.genome.Aligned.sort.dedup.bam
    output: output/bams/dedup/genome/SNRNP70_OSM_IP_1.genome.Aligned.sort.dedup.bam.bai
    jobid: 71
    benchmark: benchmarks/index_bam/dedup/genome/sort.dedup/unassigned_experiment.SNRNP70_OSM_IP_1.genome.index_bam.txt
    reason: Missing output files: output/bams/dedup/genome/SNRNP70_OSM_IP_1.genome.Aligned.sort.dedup.bam.bai; Input files updated by another job: output/bams/dedup/genome/SNRNP70_OSM_IP_1.genome.Aligned.sort.dedup.bam
    wildcards: round=dedup, ref=genome, replicate_label=SNRNP70_OSM_IP_1.genome, mid=sort.dedup
    threads: 2
    resources: tmpdir=/tmp

samtools index -@ 2 output/bams/dedup/genome/SNRNP70_OSM_IP_1.genome.Aligned.sort.dedup.bam;

[Fri Oct 24 16:21:33 2025]
rule make_scaled_bigwig:
    input: ./annotations/genome_ref/chrNameLength.txt, output/bams/dedup/genome/SNRNP70_OSM_IP_1.genome.Aligned.sort.dedup.bam
    output: output/bedgraphs/scaled/plus/SNRNP70_OSM_IP_1.scaled.plus.bg, output/bedgraphs/scaled/minus/SNRNP70_OSM_IP_1.scaled.minus.bg, output/bigwigs/scaled/plus/SNRNP70_OSM_IP_1.scaled.plus.bw, output/bigwigs/scaled/minus/SNRNP70_OSM_IP_1.scaled.minus.bw
    jobid: 87
    benchmark: benchmarks/bigwigs/unassigned_experiment.SNRNP70_OSM_IP_1.make_bigwig.txt
    reason: Missing output files: output/bigwigs/scaled/plus/SNRNP70_OSM_IP_1.scaled.plus.bw; Input files updated by another job: output/bams/dedup/genome/SNRNP70_OSM_IP_1.genome.Aligned.sort.dedup.bam
    wildcards: replicate_label=SNRNP70_OSM_IP_1
    resources: tmpdir=/tmp

factor=$(samtools idxstats output/bams/dedup/genome/SNRNP70_OSM_IP_1.genome.Aligned.sort.dedup.bam | cut -f 3 | paste -sd+ | bc | xargs -I {} echo 'scale=6; 10^6 / {}' | bc);bedtools genomecov -scale $factor -5 -strand + -bg -ibam output/bams/dedup/genome/SNRNP70_OSM_IP_1.genome.Aligned.sort.dedup.bam | sort -k1,1 -k2,2n | grep -v EBV > output/bedgraphs/scaled/plus/SNRNP70_OSM_IP_1.scaled.plus.bg;bedtools genomecov -scale $factor -5 -strand - -bg -ibam output/bams/dedup/genome/SNRNP70_OSM_IP_1.genome.Aligned.sort.dedup.bam | sort -k1,1 -k2,2n | grep -v EBV > output/bedgraphs/scaled/minus/SNRNP70_OSM_IP_1.scaled.minus.bg;bedGraphToBigWig output/bedgraphs/scaled/plus/SNRNP70_OSM_IP_1.scaled.plus.bg ./annotations/genome_ref/chrNameLength.txt output/bigwigs/scaled/plus/SNRNP70_OSM_IP_1.scaled.plus.bw;bedGraphToBigWig output/bedgraphs/scaled/minus/SNRNP70_OSM_IP_1.scaled.minus.bg ./annotations/genome_ref/chrNameLength.txt output/bigwigs/scaled/minus/SNRNP70_OSM_IP_1.scaled.minus.bw;

[Fri Oct 24 16:21:33 2025]
rule partition_bam_reads:
    input: ./annotations/genome_ref/chrNameLength.txt, output/bams/dedup/genome/SNRNP70_OSM_IP_1.genome.Aligned.sort.dedup.bam, ./annotations/gencode.v38.annotation.k562_totalrna.gt1.tiled_partition.bed.gz
    output: output/counts/genome/vectors/SNRNP70_OSM_IP_1.counts
    jobid: 114
    benchmark: benchmarks/counts/unassigned_experiment.SNRNP70_OSM_IP_1.partition_bam_reads.txt
    reason: Missing output files: output/counts/genome/vectors/SNRNP70_OSM_IP_1.counts; Input files updated by another job: output/bams/dedup/genome/SNRNP70_OSM_IP_1.genome.Aligned.sort.dedup.bam
    wildcards: replicate_label=SNRNP70_OSM_IP_1
    resources: tmpdir=/tmp

bedtools bamtobed -i output/bams/dedup/genome/SNRNP70_OSM_IP_1.genome.Aligned.sort.dedup.bam | awk '($1 != "chrEBV") && ($4 !~ "/2$")' | bedtools flank -s -l 1 -r 0 -g ./annotations/genome_ref/chrNameLength.txt -i - | bedtools shift -p 1 -m -1 -g ./annotations/genome_ref/chrNameLength.txt -i - | bedtools sort -i - | bedtools coverage -counts -s -a ./annotations/gencode.v38.annotation.k562_totalrna.gt1.tiled_partition.bed.gz -b - | cut -f 7 | awk 'BEGIN {print "SNRNP70_OSM_IP_1"} {print}' > output/counts/genome/vectors/SNRNP70_OSM_IP_1.counts;

[Fri Oct 24 16:21:33 2025]
rule make_unscaled_bigwig:
    input: ./annotations/genome_ref/chrNameLength.txt, output/bams/dedup/genome/SNRNP70_OSM_IP_1.genome.Aligned.sort.dedup.bam
    output: output/bedgraphs/unscaled/plus/SNRNP70_OSM_IP_1.unscaled.plus.bg, output/bedgraphs/unscaled/minus/SNRNP70_OSM_IP_1.unscaled.minus.bg, output/bigwigs/unscaled/plus/SNRNP70_OSM_IP_1.unscaled.plus.bw, output/bigwigs/unscaled/minus/SNRNP70_OSM_IP_1.unscaled.minus.bw
    jobid: 79
    benchmark: benchmarks/bigwigs/unassigned_experiment.SNRNP70_OSM_IP_1.make_bigwig.txt
    reason: Missing output files: output/bigwigs/unscaled/plus/SNRNP70_OSM_IP_1.unscaled.plus.bw; Input files updated by another job: output/bams/dedup/genome/SNRNP70_OSM_IP_1.genome.Aligned.sort.dedup.bam
    wildcards: replicate_label=SNRNP70_OSM_IP_1
    resources: tmpdir=/tmp

bedtools genomecov -5 -strand + -bg -ibam output/bams/dedup/genome/SNRNP70_OSM_IP_1.genome.Aligned.sort.dedup.bam | sort -k1,1 -k2,2n | grep -v EBV > output/bedgraphs/unscaled/plus/SNRNP70_OSM_IP_1.unscaled.plus.bg;bedtools genomecov -5 -strand - -bg -ibam output/bams/dedup/genome/SNRNP70_OSM_IP_1.genome.Aligned.sort.dedup.bam | sort -k1,1 -k2,2n | grep -v EBV > output/bedgraphs/unscaled/minus/SNRNP70_OSM_IP_1.unscaled.minus.bg;bedGraphToBigWig output/bedgraphs/unscaled/plus/SNRNP70_OSM_IP_1.unscaled.plus.bg ./annotations/genome_ref/chrNameLength.txt output/bigwigs/unscaled/plus/SNRNP70_OSM_IP_1.unscaled.plus.bw;bedGraphToBigWig output/bedgraphs/unscaled/minus/SNRNP70_OSM_IP_1.unscaled.minus.bg ./annotations/genome_ref/chrNameLength.txt output/bigwigs/unscaled/minus/SNRNP70_OSM_IP_1.unscaled.minus.bw;

[Fri Oct 24 16:21:33 2025]
rule quantify_repeats:
    input: ./annotations/genome_ref/chrNameLength.txt, output/bams/dedup/genome/SNRNP70_OSM_IP_1.genome.Aligned.sort.dedup.bam, ./annotations/repeatmasker.grch38.sort.unique.bed.gz
    output: output/counts/repeats/vectors/SNRNP70_OSM_IP_1.counts
    jobid: 96
    benchmark: benchmarks/repeats/unassigned_experiment.SNRNP70_OSM_IP_1.quantify_repeats.txt
    reason: Missing output files: output/counts/repeats/vectors/SNRNP70_OSM_IP_1.counts; Input files updated by another job: output/bams/dedup/genome/SNRNP70_OSM_IP_1.genome.Aligned.sort.dedup.bam
    wildcards: replicate_label=SNRNP70_OSM_IP_1
    resources: tmpdir=/tmp

bedtools bamtobed -i output/bams/dedup/genome/SNRNP70_OSM_IP_1.genome.Aligned.sort.dedup.bam | awk '($1 != "chrEBV") && ($4 !~ "/2$")' | bedtools flank -s -l 1 -r 0 -g ./annotations/genome_ref/chrNameLength.txt -i - | bedtools shift -p 1 -m -1 -g ./annotations/genome_ref/chrNameLength.txt -i - | bedtools sort -i - | bedtools coverage -s -counts -a ./annotations/repeatmasker.grch38.sort.unique.bed.gz -b - | awk 'BEGIN {print "SNRNP70_OSM_IP_1"} {print $NF}' > output/counts/repeats/vectors/SNRNP70_OSM_IP_1.counts
[E::idx_find_and_load] Could not retrieve index file for 'output/bams/dedup/genome/SNRNP70_OSM_IP_1.genome.Aligned.sort.dedup.bam'
samtools idxstats: fail to load index for "output/bams/dedup/genome/SNRNP70_OSM_IP_1.genome.Aligned.sort.dedup.bam", reverting to slow method
[Fri Oct 24 16:21:38 2025]
Finished job 71.
118 of 142 steps (83%) done
[Fri Oct 24 16:23:44 2025]
Finished job 79.
119 of 142 steps (84%) done
Removing temporary output output/bedgraphs/unscaled/plus/SNRNP70_OSM_IP_1.unscaled.plus.bg.
Removing temporary output output/bedgraphs/unscaled/minus/SNRNP70_OSM_IP_1.unscaled.minus.bg.
[Fri Oct 24 16:23:53 2025]
Finished job 87.
120 of 142 steps (85%) done
Removing temporary output output/bedgraphs/scaled/plus/SNRNP70_OSM_IP_1.scaled.plus.bg.
Removing temporary output output/bedgraphs/scaled/minus/SNRNP70_OSM_IP_1.scaled.minus.bg.
[Fri Oct 24 16:24:08 2025]
Finished job 114.
121 of 142 steps (85%) done
Select jobs to execute...

[Fri Oct 24 16:24:08 2025]
rule make_genome_count_table:
    input: ./annotations/gencode.v38.annotation.k562_totalrna.gt1.tiled_partition.nuc.gz, output/counts/genome/vectors/SNRNP70_OSM_IN_1.counts, output/counts/genome/vectors/SNRNP70_OSM_IN_2.counts, output/counts/genome/vectors/SNRNP70_OSM_IP_1.counts, output/counts/genome/vectors/SNRNP70_OSM_IP_2.counts
    output: output/counts/genome/tables/SNRNP70_OSM.tsv.gz
    jobid: 111
    benchmark: benchmarks/counts/SNRNP70_OSM.all_replicates.make_genome_count_table.txt
    reason: Missing output files: output/counts/genome/tables/SNRNP70_OSM.tsv.gz; Input files updated by another job: output/counts/genome/vectors/SNRNP70_OSM_IN_1.counts, output/counts/genome/vectors/SNRNP70_OSM_IP_1.counts, output/counts/genome/vectors/SNRNP70_OSM_IN_2.counts, output/counts/genome/vectors/SNRNP70_OSM_IP_2.counts
    wildcards: experiment_label=SNRNP70_OSM
    resources: tmpdir=/tmp

paste <(zcat ./annotations/gencode.v38.annotation.k562_totalrna.gt1.tiled_partition.nuc.gz | awk -v OFS="\t" 'BEGIN {print "chr\tstart\tend\tname\tscore\tstrand\tgc"} NR > 1 {print $1,$2,$3,$4,$5,$6,$8}' ) output/counts/genome/vectors/SNRNP70_OSM_IN_1.counts output/counts/genome/vectors/SNRNP70_OSM_IN_2.counts output/counts/genome/vectors/SNRNP70_OSM_IP_1.counts output/counts/genome/vectors/SNRNP70_OSM_IP_2.counts | gzip -c > output/counts/genome/tables/SNRNP70_OSM.tsv.gz;
[Fri Oct 24 16:24:23 2025]
Finished job 111.
122 of 142 steps (86%) done
Select jobs to execute...

[Fri Oct 24 16:24:23 2025]
rule fit_input_betabinomial_model:
    input: output/counts/genome/tables/SNRNP70_OSM.tsv.gz
    output: output/input_model_coef/SNRNP70_OSM.SNRNP70_OSM_IN_2.tsv
    jobid: 117
    benchmark: benchmarks/betabinomial/SNRNP70_OSM.SNRNP70_OSM_IN_2.fit_input.txt
    reason: Missing output files: output/input_model_coef/SNRNP70_OSM.SNRNP70_OSM_IN_2.tsv; Input files updated by another job: output/counts/genome/tables/SNRNP70_OSM.tsv.gz
    wildcards: experiment_label=SNRNP70_OSM, input_replicate_label=SNRNP70_OSM_IN_2
    resources: tmpdir=/tmp

Rscript --vanilla ./tools/fit_input_betabinom.R output/counts/genome/tables/SNRNP70_OSM.tsv.gz SNRNP70_OSM SNRNP70_OSM_IN_2

[Fri Oct 24 16:24:23 2025]
rule fit_input_betabinomial_model:
    input: output/counts/genome/tables/SNRNP70_OSM.tsv.gz
    output: output/input_model_coef/SNRNP70_OSM.SNRNP70_OSM_IN_1.tsv
    jobid: 115
    benchmark: benchmarks/betabinomial/SNRNP70_OSM.SNRNP70_OSM_IN_1.fit_input.txt
    reason: Missing output files: output/input_model_coef/SNRNP70_OSM.SNRNP70_OSM_IN_1.tsv; Input files updated by another job: output/counts/genome/tables/SNRNP70_OSM.tsv.gz
    wildcards: experiment_label=SNRNP70_OSM, input_replicate_label=SNRNP70_OSM_IN_1
    resources: tmpdir=/tmp

Rscript --vanilla ./tools/fit_input_betabinom.R output/counts/genome/tables/SNRNP70_OSM.tsv.gz SNRNP70_OSM SNRNP70_OSM_IN_1
── Attaching packages ───────────────────────────────────────────────────────────────────────── tidyverse 1.3.2 ──
── Attaching packages ───────────────────────────────────────────────────────────────────────── tidyverse 1.3.2 ──
✔ ggplot2 3.4.2     ✔ purrr   1.0.1
✔ tibble  3.2.1     ✔ dplyr   1.1.2
✔ tidyr   1.3.0     ✔ stringr 1.5.0
✔ readr   2.1.4     ✔ forcats 1.0.0
✔ ggplot2 3.4.2     ✔ purrr   1.0.1
✔ tibble  3.2.1     ✔ dplyr   1.1.2
✔ tidyr   1.3.0     ✔ stringr 1.5.0
✔ readr   2.1.4     ✔ forcats 1.0.0
── Conflicts ──────────────────────────────────────────────────────────────────────────── tidyverse_conflicts() ──
✖ dplyr::filter() masks stats::filter()
✖ dplyr::lag()    masks stats::lag()
── Conflicts ──────────────────────────────────────────────────────────────────────────── tidyverse_conflicts() ──
✖ dplyr::filter() masks stats::filter()
✖ dplyr::lag()    masks stats::lag()
[1] "/work/pa-hilario/skipper"
[1] "/work/pa-hilario/skipper"
Rows: 5926997 Columns: 11
── Column specification ──────────────────────────────────────────────────────────────────────────────────────────
Delimiter: "\t"
chr (2): chr, strand
dbl (9): start, end, name, score, gc, SNRNP70_OSM_IN_1, SNRNP70_OSM_IN_2, SN...
Rows: 5926997 Columns: 11
── Column specification ──────────────────────────────────────────────────────────────────────────────────────────
Delimiter: "\t"
chr (2): chr, strand
dbl (9): start, end, name, score, gc, SNRNP70_OSM_IN_1, SNRNP70_OSM_IN_2, SN...

ℹ Use `spec()` to retrieve the full column specification for this data.
ℹ Specify the column types or set `show_col_types = FALSE` to quiet this message.

ℹ Use `spec()` to retrieve the full column specification for this data.
ℹ Specify the column types or set `show_col_types = FALSE` to quiet this message.
Joining with `by = join_by(gc_bin)`
Joining with `by = join_by(gc_bin)`
[Fri Oct 24 16:24:43 2025]
Finished job 96.
123 of 142 steps (87%) done
Select jobs to execute...

[Fri Oct 24 16:24:43 2025]
rule make_repeat_count_tables:
    input: ./annotations/repeatmasker.grch38.sort.unique.bed.gz, output/counts/repeats/vectors/SNRNP70_OSM_IN_1.counts, output/counts/repeats/vectors/SNRNP70_OSM_IN_2.counts, output/counts/repeats/vectors/SNRNP70_OSM_IP_1.counts, output/counts/repeats/vectors/SNRNP70_OSM_IP_2.counts
    output: output/counts/repeats/tables/name/SNRNP70_OSM.tsv.gz, output/counts/repeats/tables/class/SNRNP70_OSM.tsv.gz, output/counts/repeats/tables/family/SNRNP70_OSM.tsv.gz
    jobid: 123
    benchmark: benchmarks/counts/SNRNP70_OSM.all_replicates.make_repeat_count_table.txt
    reason: Missing output files: output/counts/repeats/tables/family/SNRNP70_OSM.tsv.gz, output/counts/repeats/tables/name/SNRNP70_OSM.tsv.gz; Input files updated by another job: output/counts/repeats/vectors/SNRNP70_OSM_IP_2.counts, output/counts/repeats/vectors/SNRNP70_OSM_IN_2.counts, output/counts/repeats/vectors/SNRNP70_OSM_IN_1.counts, output/counts/repeats/vectors/SNRNP70_OSM_IP_1.counts
    wildcards: experiment_label=SNRNP70_OSM
    resources: tmpdir=/tmp

echo "repeat_name" | paste - output/counts/repeats/vectors/SNRNP70_OSM_IN_1.counts output/counts/repeats/vectors/SNRNP70_OSM_IN_2.counts output/counts/repeats/vectors/SNRNP70_OSM_IP_1.counts output/counts/repeats/vectors/SNRNP70_OSM_IP_2.counts | sed -n '1p' | gzip > output/counts/repeats/tables/name/SNRNP70_OSM.tsv.gz;echo "repeat_class" | paste - output/counts/repeats/vectors/SNRNP70_OSM_IN_1.counts output/counts/repeats/vectors/SNRNP70_OSM_IN_2.counts output/counts/repeats/vectors/SNRNP70_OSM_IP_1.counts output/counts/repeats/vectors/SNRNP70_OSM_IP_2.counts | sed -n '1p' | gzip > output/counts/repeats/tables/class/SNRNP70_OSM.tsv.gz;echo "repeat_family" | paste - output/counts/repeats/vectors/SNRNP70_OSM_IN_1.counts output/counts/repeats/vectors/SNRNP70_OSM_IN_2.counts output/counts/repeats/vectors/SNRNP70_OSM_IP_1.counts output/counts/repeats/vectors/SNRNP70_OSM_IP_2.counts | sed -n '1p' | gzip > output/counts/repeats/tables/family/SNRNP70_OSM.tsv.gz;paste <(zcat ./annotations/repeatmasker.grch38.sort.unique.bed.gz | awk -v OFS="\t" 'BEGIN {print "repeat_name";} {print $7}') output/counts/repeats/vectors/SNRNP70_OSM_IN_1.counts output/counts/repeats/vectors/SNRNP70_OSM_IN_2.counts output/counts/repeats/vectors/SNRNP70_OSM_IP_1.counts output/counts/repeats/vectors/SNRNP70_OSM_IP_2.counts | awk -v OFS="\t" 'NR > 1 {for(i = 2; i <= NF; i++) {tabulation[$1][i] += $i} } END {for(name in tabulation) { printf name; for(i = 2; i <= NF; i++) {printf "\t" tabulation[name][i]} print "";} }' | sort -k 1,1 | gzip >> output/counts/repeats/tables/name/SNRNP70_OSM.tsv.gz;paste <(zcat ./annotations/repeatmasker.grch38.sort.unique.bed.gz | awk -v OFS="\t" 'BEGIN {print "repeat_class";} {print $8}') output/counts/repeats/vectors/SNRNP70_OSM_IN_1.counts output/counts/repeats/vectors/SNRNP70_OSM_IN_2.counts output/counts/repeats/vectors/SNRNP70_OSM_IP_1.counts output/counts/repeats/vectors/SNRNP70_OSM_IP_2.counts | awk -v OFS="\t" 'NR > 1 {for(i = 2; i <= NF; i++) {tabulation[$1][i] += $i} } END {for(name in tabulation) { printf name; for(i = 2; i <= NF; i++) {printf "\t" tabulation[name][i]} print "";} }' | sort -k 1,1 | gzip >> output/counts/repeats/tables/class/SNRNP70_OSM.tsv.gz;paste <(zcat ./annotations/repeatmasker.grch38.sort.unique.bed.gz | awk -v OFS="\t" 'BEGIN {print "repeat_family";} {print $9}') output/counts/repeats/vectors/SNRNP70_OSM_IN_1.counts output/counts/repeats/vectors/SNRNP70_OSM_IN_2.counts output/counts/repeats/vectors/SNRNP70_OSM_IP_1.counts output/counts/repeats/vectors/SNRNP70_OSM_IP_2.counts | awk -v OFS="\t" 'NR > 1 {for(i = 2; i <= NF; i++) {tabulation[$1][i] += $i} } END {for(name in tabulation) { printf name; for(i = 2; i <= NF; i++) {printf "\t" tabulation[name][i]} print "";} }' | sort -k 1,1 | gzip >> output/counts/repeats/tables/family/SNRNP70_OSM.tsv.gz;
VGLM    linear loop  1 :  loglikelihood = -100165.5841
VGLM    linear loop  1 :  loglikelihood = -100165.5841
VGLM    linear loop  2 :  loglikelihood = -100314.4504
Taking a modified step.VGLM    linear loop  2 :  loglikelihood = -100314.4526
Taking a modified step.
VGLM    linear loop  2 :  loglikelihood = -100158.3259

VGLM    linear loop  2 :  loglikelihood = -100158.3256
VGLM    linear loop  3 :  loglikelihood = -100193.8969
Taking a modified step.VGLM    linear loop  3 :  loglikelihood = -100193.8971
Taking a modified step.
VGLM    linear loop  3 :  loglikelihood = -100149.9758

VGLM    linear loop  3 :  loglikelihood = -100149.976
VGLM    linear loop  4 :  loglikelihood = -1031005.113
Taking a modified step.VGLM    linear loop  4 :  loglikelihood = -1031960.709
Taking a modified step.......
VGLM    linear loop  4 :  loglikelihood = -100118.1141

VGLM    linear loop  4 :  loglikelihood = -100118.1089
VGLM    linear loop  5 :  loglikelihood = -100174.2577
Taking a modified step.VGLM    linear loop  5 :  loglikelihood = -100173.6848
Taking a modified step...
VGLM    linear loop  5 :  loglikelihood = -100116.3207

VGLM    linear loop  5 :  loglikelihood = -100116.3129
VGLM    linear loop  6 :  loglikelihood = -100131.3166
Taking a modified step.VGLM    linear loop  6 :  loglikelihood = -100131.2072
Taking a modified step...
VGLM    linear loop  6 :  loglikelihood = -100114.641

VGLM    linear loop  6 :  loglikelihood = -100114.6383
VGLM    linear loop  7 :  loglikelihood = -100137.8738
Taking a modified step..VGLM    linear loop  7 :  loglikelihood = -100137.6698
Taking a modified step.
VGLM    linear loop  7 :  loglikelihood = -100113.9741
.
VGLM    linear loop  7 :  loglikelihood = -100113.9711
VGLM    linear loop  8 :  loglikelihood = -100122.668
Taking a modified step..VGLM    linear loop  8 :  loglikelihood = -100122.6084
Taking a modified step.
VGLM    linear loop  8 :  loglikelihood = -100113.3864
.
VGLM    linear loop  8 :  loglikelihood = -100113.385
VGLM    linear loop  9 :  loglikelihood = -100123.8181
Taking a modified step..VGLM    linear loop  9 :  loglikelihood = -100123.7345
Taking a modified step.
VGLM    linear loop  9 :  loglikelihood = -100113.1374
.
VGLM    linear loop  9 :  loglikelihood = -100113.1361
VGLM    linear loop  10 :  loglikelihood = -100117.933
Taking a modified step..VGLM    linear loop  10 :  loglikelihood = -100117.9008
Taking a modified step.
VGLM    linear loop  10 :  loglikelihood = -100112.9251
[Fri Oct 24 16:25:10 2025]
Finished job 123.
124 of 142 steps (87%) done
Select jobs to execute...

[Fri Oct 24 16:25:10 2025]
rule fit_input_betabinomial_re_model:
    input: output/counts/repeats/tables/name/SNRNP70_OSM.tsv.gz
    output: output/input_model_coef_re/SNRNP70_OSM.SNRNP70_OSM_IN_2.tsv
    jobid: 133
    benchmark: benchmarks/fit_input_betabinomial_re_model/SNRNP70_OSM.SNRNP70_OSM_IN_2.fit_input.txt
    reason: Missing output files: output/input_model_coef_re/SNRNP70_OSM.SNRNP70_OSM_IN_2.tsv; Input files updated by another job: output/counts/repeats/tables/name/SNRNP70_OSM.tsv.gz
    wildcards: experiment_label=SNRNP70_OSM, input_replicate_label=SNRNP70_OSM_IN_2
    resources: tmpdir=/tmp

Rscript --vanilla ./tools/fit_input_betabinom_re.R output/counts/repeats/tables/name/SNRNP70_OSM.tsv.gz SNRNP70_OSM SNRNP70_OSM_IN_2
.
[Fri Oct 24 16:25:10 2025]
rule fit_input_betabinomial_re_model:
    input: output/counts/repeats/tables/name/SNRNP70_OSM.tsv.gz
    output: output/input_model_coef_re/SNRNP70_OSM.SNRNP70_OSM_IN_1.tsv
    jobid: 131
    benchmark: benchmarks/fit_input_betabinomial_re_model/SNRNP70_OSM.SNRNP70_OSM_IN_1.fit_input.txt
    reason: Missing output files: output/input_model_coef_re/SNRNP70_OSM.SNRNP70_OSM_IN_1.tsv; Input files updated by another job: output/counts/repeats/tables/name/SNRNP70_OSM.tsv.gz
    wildcards: experiment_label=SNRNP70_OSM, input_replicate_label=SNRNP70_OSM_IN_1
    resources: tmpdir=/tmp

Rscript --vanilla ./tools/fit_input_betabinom_re.R output/counts/repeats/tables/name/SNRNP70_OSM.tsv.gz SNRNP70_OSM SNRNP70_OSM_IN_1

VGLM    linear loop  10 :  loglikelihood = -100112.9244
VGLM    linear loop  11 :  loglikelihood = -100117.7953
Taking a modified step..VGLM    linear loop  11 :  loglikelihood = -100117.7583
Taking a modified step.
VGLM    linear loop  11 :  loglikelihood = -100112.8303
.── Attaching packages ───────────────────────────────────────────────────────────────────────── tidyverse 1.3.2 ──
── Attaching packages ───────────────────────────────────────────────────────────────────────── tidyverse 1.3.2 ──
✔ ggplot2 3.4.2     ✔ purrr   1.0.1
✔ tibble  3.2.1     ✔ dplyr   1.1.2
✔ tidyr   1.3.0     ✔ stringr 1.5.0
✔ readr   2.1.4     ✔ forcats 1.0.0
✔ ggplot2 3.4.2     ✔ purrr   1.0.1
✔ tibble  3.2.1     ✔ dplyr   1.1.2
✔ tidyr   1.3.0     ✔ stringr 1.5.0
✔ readr   2.1.4     ✔ forcats 1.0.0

VGLM    linear loop  11 :  loglikelihood = -100112.8297
── Conflicts ──────────────────────────────────────────────────────────────────────────── tidyverse_conflicts() ──
✖ dplyr::filter() masks stats::filter()
✖ dplyr::lag()    masks stats::lag()
── Conflicts ──────────────────────────────────────────────────────────────────────────── tidyverse_conflicts() ──
✖ dplyr::filter() masks stats::filter()
✖ dplyr::lag()    masks stats::lag()
Rows: 15631 Columns: 5
Rows: 15631 Columns: 5
── Column specification ──────────────────────────────────────────────────────────────────────────────────────────
Delimiter: "\t"
chr (1): repeat_name
dbl (4): SNRNP70_OSM_IN_1, SNRNP70_OSM_IN_2, SNRNP70_OSM_IP_1, SNRNP70_OSM_IP_2
── Column specification ──────────────────────────────────────────────────────────────────────────────────────────
Delimiter: "\t"
chr (1): repeat_name
dbl (4): SNRNP70_OSM_IN_1, SNRNP70_OSM_IN_2, SNRNP70_OSM_IP_1, SNRNP70_OSM_IP_2

ℹ Use `spec()` to retrieve the full column specification for this data.
ℹ Specify the column types or set `show_col_types = FALSE` to quiet this message.

ℹ Use `spec()` to retrieve the full column specification for this data.
ℹ Specify the column types or set `show_col_types = FALSE` to quiet this message.
VGLM    linear loop  12 :  loglikelihood = -100115.389
Taking a modified step.VGLM    linear loop  12 :  loglikelihood = -100115.3719
Taking a modified step...
VGLM    linear loop  12 :  loglikelihood = -100112.7512

VGLM    linear loop  12 :  loglikelihood = -100112.7509
VGLM    linear loop  13 :  loglikelihood = -100115.0735
Taking a modified step.VGLM    linear loop  13 :  loglikelihood = -100115.0564
Taking a modified step..
VGLM    linear loop  13 :  loglikelihood = -100112.7141
.
VGLM    linear loop  13 :  loglikelihood = -100112.7138
VGLM    linear loop  1 :  loglikelihood = -3618.51983
VGLM    linear loop  1 :  loglikelihood = -3618.51983
VGLM    linear loop  14 :  loglikelihood = -100114.0486
Taking a modified step..
VGLM    linear loop  14 :  loglikelihood = -100112.6837
VGLM    linear loop  14 :  loglikelihood = -100114.0397
Taking a modified step..
VGLM    linear loop  14 :  loglikelihood = -100112.6836
VGLM    linear loop  2 :  loglikelihood = -3390.66009
VGLM    linear loop  2 :  loglikelihood = -3390.66009
VGLM    linear loop  15 :  loglikelihood = -100113.805
Taking a modified step..
VGLM    linear loop  15 :  loglikelihood = -100112.6687
VGLM    linear loop  15 :  loglikelihood = -100113.797
Taking a modified step..
VGLM    linear loop  15 :  loglikelihood = -100112.6686
VGLM    linear loop  3 :  loglikelihood = -3303.72381
VGLM    linear loop  3 :  loglikelihood = -3303.72381
VGLM    linear loop  16 :  loglikelihood = -100113.3537
Taking a modified step..
VGLM    linear loop  16 :  loglikelihood = -100112.6566
VGLM    linear loop  16 :  loglikelihood = -100113.3491
Taking a modified step..
VGLM    linear loop  16 :  loglikelihood = -100112.6565
VGLM    linear loop  17 :  loglikelihood = -100113.2023
Taking a modified step..VGLM    linear loop  4 :  loglikelihood = -3298.50531

VGLM    linear loop  17 :  loglikelihood = -100112.6503
VGLM    linear loop  17 :  loglikelihood = -100113.1984
Taking a modified step.VGLM    linear loop  4 :  loglikelihood = -3298.50531
.
VGLM    linear loop  17 :  loglikelihood = -100112.6502
VGLM    linear loop  18 :  loglikelihood = -100112.9981
Taking a modified step..
VGLM    linear loop  18 :  loglikelihood = -100112.6453
VGLM    linear loop  18 :  loglikelihood = -100112.9958
Taking a modified step..
VGLM    linear loop  18 :  loglikelihood = -100112.6453
VGLM    linear loop  5 :  loglikelihood = -3312.08036
Taking a modified step.
VGLM    linear loop  5 :  loglikelihood = -3297.49194
VGLM    linear loop  5 :  loglikelihood = -3312.08034
Taking a modified step.
VGLM    linear loop  5 :  loglikelihood = -3297.49193
VGLM    linear loop  19 :  loglikelihood = -100112.9122
Taking a modified step..
VGLM    linear loop  19 :  loglikelihood = -100112.6426
VGLM    linear loop  19 :  loglikelihood = -100112.9104
Taking a modified step..
VGLM    linear loop  19 :  loglikelihood = -100112.6426
VGLM    linear loop  6 :  loglikelihood = -3297.65936
Taking a modified step.
VGLM    linear loop  6 :  loglikelihood = -3296.18965
VGLM    linear loop  6 :  loglikelihood = -3297.65936
Taking a modified step.
VGLM    linear loop  6 :  loglikelihood = -3296.18965
VGLM    linear loop  20 :  loglikelihood = -100112.8178
Taking a modified step..
VGLM    linear loop  20 :  loglikelihood = -100112.6405
VGLM    linear loop  20 :  loglikelihood = -100112.8166
Taking a modified step..
VGLM    linear loop  20 :  loglikelihood = -100112.6405
VGLM    linear loop  7 :  loglikelihood = -3296.18591
VGLM    linear loop  21 :  loglikelihood = -100112.7715
Taking a modified step..
VGLM    linear loop  21 :  loglikelihood = -100112.6392
VGLM    linear loop  7 :  loglikelihood = -3296.18591
VGLM    linear loop  21 :  loglikelihood = -100112.7706
Taking a modified step..
VGLM    linear loop  21 :  loglikelihood = -100112.6392
VGLM    linear loop  22 :  loglikelihood = -100112.727
Taking a modified step..
VGLM    linear loop  22 :  loglikelihood = -100112.6383
VGLM    linear loop  22 :  loglikelihood = -100112.7264
Taking a modified step.VGLM    linear loop  8 :  loglikelihood = -3296.19681
Taking a modified step.
VGLM    linear loop  8 :  loglikelihood = -3296.17842
.
VGLM    linear loop  22 :  loglikelihood = -100112.6383
VGLM    linear loop  8 :  loglikelihood = -3296.19681
Taking a modified step.
VGLM    linear loop  8 :  loglikelihood = -3296.17842
VGLM    linear loop  23 :  loglikelihood = -100112.7028
Taking a modified step..
VGLM    linear loop  23 :  loglikelihood = -100112.6377
VGLM    linear loop  23 :  loglikelihood = -100112.7023
Taking a modified step..
VGLM    linear loop  23 :  loglikelihood = -100112.6377
VGLM    linear loop  9 :  loglikelihood = -3296.17932
Taking a modified step.
VGLM    linear loop  9 :  loglikelihood = -3296.17789
VGLM    linear loop  9 :  loglikelihood = -3296.17932
Taking a modified step.
VGLM    linear loop  9 :  loglikelihood = -3296.17789
VGLM    linear loop  24 :  loglikelihood = -100112.6816
Taking a modified step..
VGLM    linear loop  24 :  loglikelihood = -100112.6373
VGLM    linear loop  24 :  loglikelihood = -100112.6813
Taking a modified step..
VGLM    linear loop  24 :  loglikelihood = -100112.6373
VGLM    linear loop  10 :  loglikelihood = -3296.17796
Taking a modified step.
VGLM    linear loop  10 :  loglikelihood = -3296.17784
VGLM    linear loop  25 :  loglikelihood = -100112.6691
Taking a modified step.VGLM    linear loop  10 :  loglikelihood = -3296.17796
Taking a modified step.
VGLM    linear loop  10 :  loglikelihood = -3296.17784
.
VGLM    linear loop  25 :  loglikelihood = -100112.6371
VGLM    linear loop  25 :  loglikelihood = -100112.6689
Taking a modified step..
VGLM    linear loop  25 :  loglikelihood = -100112.637
VGLM    linear loop  26 :  loglikelihood = -100112.6589
Taking a modified step..
VGLM    linear loop  26 :  loglikelihood = -100112.6369
VGLM    linear loop  26 :  loglikelihood = -100112.6587
Taking a modified step.VGLM    linear loop  11 :  loglikelihood = -3296.17785
Taking a modified step.
VGLM    linear loop  11 :  loglikelihood = -3296.17784
`summarise()` has grouped output by 'SNRNP70_OSM_IN_1'. You can override using the `.groups` argument.
.VGLM    linear loop  11 :  loglikelihood = -3296.17785
Taking a modified step.
VGLM    linear loop  11 :  loglikelihood = -3296.17784
`summarise()` has grouped output by 'SNRNP70_OSM_IN_2'. You can override using the `.groups` argument.

VGLM    linear loop  26 :  loglikelihood = -100112.6369
VGLM    linear loop  27 :  loglikelihood = -100112.6525
Taking a modified step.Joining with `by = join_by(SNRNP70_OSM_IN_1, SNRNP70_OSM_IN_2)`
.Joining with `by = join_by(repeat_name, SNRNP70_OSM_IN_1, SNRNP70_OSM_IN_2, SNRNP70_OSM_IP_1, SNRNP70_OSM_IP_2)`

VGLM    linear loop  27 :  loglikelihood = -100112.6367
Joining with `by = join_by(SNRNP70_OSM_IN_1, SNRNP70_OSM_IN_2)`
Joining with `by = join_by(repeat_name, SNRNP70_OSM_IN_1, SNRNP70_OSM_IN_2, SNRNP70_OSM_IP_1, SNRNP70_OSM_IP_2)`
Warning messages:
1: In checkwz(wz, M, trace = trace, wzepsilon = control$wzepsilon) :
  172 diagonal elements of the working weights variable 'wz' have been replaced by 1.819e-12
2: In checkwz(wz, M = M, trace = trace, wzepsilon = control$wzepsilon) :
  172 diagonal elements of the working weights variable 'wz' have been replaced by 1.819e-12
3: In checkwz(wz, M = M, trace = trace, wzepsilon = control$wzepsilon) :
  172 diagonal elements of the working weights variable 'wz' have been replaced by 1.819e-12
4: In checkwz(wz, M = M, trace = trace, wzepsilon = control$wzepsilon) :
  172 diagonal elements of the working weights variable 'wz' have been replaced by 1.819e-12
5: In checkwz(wz, M = M, trace = trace, wzepsilon = control$wzepsilon) :
  172 diagonal elements of the working weights variable 'wz' have been replaced by 1.819e-12
6: In checkwz(wz, M = M, trace = trace, wzepsilon = control$wzepsilon) :
  172 diagonal elements of the working weights variable 'wz' have been replaced by 1.819e-12
7: In vglm.fitter(x = x, y = y, w = w, offset = offset, Xm2 = Xm2,  :
  some quantities such as z, residuals, SEs may be inaccurate due to convergence at a half-step
VGLM    linear loop  27 :  loglikelihood = -100112.6524
Taking a modified step.There were 26 warnings (use warnings() to see them)
[Fri Oct 24 16:25:51 2025]
Finished job 131.
125 of 142 steps (88%) done
Select jobs to execute...

[Fri Oct 24 16:25:51 2025]
rule call_enriched_re:
    input: output/counts/repeats/tables/name/SNRNP70_OSM.tsv.gz, output/counts/repeats/vectors/SNRNP70_OSM_IP_2.counts, ./annotations/repeatmasker.grch38.sort.unique.bed.gz, output/input_model_coef_re/SNRNP70_OSM.SNRNP70_OSM_IN_1.tsv
    output: output/figures/clip_scatter_re/SNRNP70_OSM.SNRNP70_OSM_IP_1.clip_test_distribution.pdf, output/enriched_re/SNRNP70_OSM.SNRNP70_OSM_IP_1.enriched_re.tsv.gz
    jobid: 130
    benchmark: benchmarks/call_enriched_re/SNRNP70_OSM.SNRNP70_OSM_IP_1.call_enriched_re.txt
    reason: Missing output files: output/enriched_re/SNRNP70_OSM.SNRNP70_OSM_IP_1.enriched_re.tsv.gz; Input files updated by another job: output/input_model_coef_re/SNRNP70_OSM.SNRNP70_OSM_IN_1.tsv, output/counts/repeats/tables/name/SNRNP70_OSM.tsv.gz, output/counts/repeats/vectors/SNRNP70_OSM_IP_2.counts
    wildcards: experiment_label=SNRNP70_OSM, clip_replicate_label=SNRNP70_OSM_IP_1
    resources: tmpdir=/tmp

Rscript --vanilla ./tools/call_enriched_re.R output/counts/repeats/tables/name/SNRNP70_OSM.tsv.gz ./annotations/repeatmasker.grch38.sort.unique.bed.gz output/input_model_coef_re/SNRNP70_OSM.SNRNP70_OSM_IN_1.tsv SNRNP70_OSM_IN_1 SNRNP70_OSM_IP_1 SNRNP70_OSM.SNRNP70_OSM_IP_1
[Fri Oct 24 16:25:51 2025]
Finished job 133.
126 of 142 steps (89%) done
Select jobs to execute...

[Fri Oct 24 16:25:51 2025]
rule call_enriched_re:
    input: output/counts/repeats/tables/name/SNRNP70_OSM.tsv.gz, output/counts/repeats/vectors/SNRNP70_OSM_IP_2.counts, ./annotations/repeatmasker.grch38.sort.unique.bed.gz, output/input_model_coef_re/SNRNP70_OSM.SNRNP70_OSM_IN_2.tsv
    output: output/figures/clip_scatter_re/SNRNP70_OSM.SNRNP70_OSM_IP_2.clip_test_distribution.pdf, output/enriched_re/SNRNP70_OSM.SNRNP70_OSM_IP_2.enriched_re.tsv.gz
    jobid: 132
    benchmark: benchmarks/call_enriched_re/SNRNP70_OSM.SNRNP70_OSM_IP_2.call_enriched_re.txt
    reason: Missing output files: output/enriched_re/SNRNP70_OSM.SNRNP70_OSM_IP_2.enriched_re.tsv.gz; Input files updated by another job: output/input_model_coef_re/SNRNP70_OSM.SNRNP70_OSM_IN_2.tsv, output/counts/repeats/tables/name/SNRNP70_OSM.tsv.gz, output/counts/repeats/vectors/SNRNP70_OSM_IP_2.counts
    wildcards: experiment_label=SNRNP70_OSM, clip_replicate_label=SNRNP70_OSM_IP_2
    resources: tmpdir=/tmp

Rscript --vanilla ./tools/call_enriched_re.R output/counts/repeats/tables/name/SNRNP70_OSM.tsv.gz ./annotations/repeatmasker.grch38.sort.unique.bed.gz output/input_model_coef_re/SNRNP70_OSM.SNRNP70_OSM_IN_2.tsv SNRNP70_OSM_IN_2 SNRNP70_OSM_IP_2 SNRNP70_OSM.SNRNP70_OSM_IP_2
.
VGLM    linear loop  27 :  loglikelihood = -100112.6367
VGLM    linear loop  28 :  loglikelihood = -100112.6476
Taking a modified step..
VGLM    linear loop  28 :  loglikelihood = -100112.6366
VGLM    linear loop  28 :  loglikelihood = -100112.6475
Taking a modified step..
VGLM    linear loop  28 :  loglikelihood = -100112.6366
── Attaching packages ───────────────────────────────────────────────────────────────────────── tidyverse 1.3.2 ──
── Attaching packages ───────────────────────────────────────────────────────────────────────── tidyverse 1.3.2 ──
✔ ggplot2 3.4.2     ✔ purrr   1.0.1
✔ tibble  3.2.1     ✔ dplyr   1.1.2
✔ tidyr   1.3.0     ✔ stringr 1.5.0
✔ readr   2.1.4     ✔ forcats 1.0.0
✔ ggplot2 3.4.2     ✔ purrr   1.0.1
✔ tibble  3.2.1     ✔ dplyr   1.1.2
✔ tidyr   1.3.0     ✔ stringr 1.5.0
✔ readr   2.1.4     ✔ forcats 1.0.0
── Conflicts ──────────────────────────────────────────────────────────────────────────── tidyverse_conflicts() ──
✖ dplyr::filter() masks stats::filter()
✖ dplyr::lag()    masks stats::lag()
── Conflicts ──────────────────────────────────────────────────────────────────────────── tidyverse_conflicts() ──
✖ dplyr::filter() masks stats::filter()
✖ dplyr::lag()    masks stats::lag()
Rows: 15631 Columns: 5
Rows: 15631 Columns: 5
── Column specification ──────────────────────────────────────────────────────────────────────────────────────────
Delimiter: "\t"
chr (1): repeat_name
dbl (4): SNRNP70_OSM_IN_1, SNRNP70_OSM_IN_2, SNRNP70_OSM_IP_1, SNRNP70_OSM_IP_2
── Column specification ──────────────────────────────────────────────────────────────────────────────────────────
Delimiter: "\t"
chr (1): repeat_name
dbl (4): SNRNP70_OSM_IN_1, SNRNP70_OSM_IN_2, SNRNP70_OSM_IP_1, SNRNP70_OSM_IP_2

ℹ Use `spec()` to retrieve the full column specification for this data.
ℹ Specify the column types or set `show_col_types = FALSE` to quiet this message.

ℹ Use `spec()` to retrieve the full column specification for this data.
ℹ Specify the column types or set `show_col_types = FALSE` to quiet this message.
VGLM    linear loop  29 :  loglikelihood = -100112.6444
Taking a modified step..
VGLM    linear loop  29 :  loglikelihood = -100112.6366
VGLM    linear loop  29 :  loglikelihood = -100112.6443
Taking a modified step..
VGLM    linear loop  29 :  loglikelihood = -100112.6366
VGLM    linear loop  30 :  loglikelihood = -100112.642
Taking a modified step..
VGLM    linear loop  30 :  loglikelihood = -100112.6365
VGLM    linear loop  30 :  loglikelihood = -100112.6419
Taking a modified step..
VGLM    linear loop  30 :  loglikelihood = -100112.6365
There were 32 warnings (use warnings() to see them)
[Fri Oct 24 16:26:00 2025]
Finished job 117.
127 of 142 steps (89%) done
Select jobs to execute...

[Fri Oct 24 16:26:00 2025]
rule call_enriched_windows:
    input: ./annotations/gencode.v38.annotation.k562_totalrna.gt1.tiled_partition.features.tsv.gz, ./annotations/accession_type_ranking.txt, output/counts/genome/vectors/SNRNP70_OSM_IP_2.counts, output/counts/genome/tables/SNRNP70_OSM.tsv.gz, output/input_model_coef/SNRNP70_OSM.SNRNP70_OSM_IN_2.tsv
    output: output/threshold_scan/SNRNP70_OSM.SNRNP70_OSM_IP_2.threshold_data.tsv, output/tested_windows/SNRNP70_OSM.SNRNP70_OSM_IP_2.tested_windows.tsv.gz, output/enriched_windows/SNRNP70_OSM.SNRNP70_OSM_IP_2.enriched_windows.tsv.gz, output/enrichment_summaries/SNRNP70_OSM.SNRNP70_OSM_IP_2.enriched_window_feature_summary.tsv, output/enrichment_summaries/SNRNP70_OSM.SNRNP70_OSM_IP_2.enriched_window_transcript_summary.tsv, output/enrichment_summaries/SNRNP70_OSM.SNRNP70_OSM_IP_2.enriched_window_gene_summary.tsv, output/all_reads/SNRNP70_OSM.SNRNP70_OSM_IP_2.all_reads_fractions_feature_data.tsv, output/all_reads/SNRNP70_OSM.SNRNP70_OSM_IP_2.all_reads_odds_feature_data.tsv, output/all_reads/SNRNP70_OSM.SNRNP70_OSM_IP_2.all_reads_odds_transcript_data.tsv, output/all_reads/SNRNP70_OSM.SNRNP70_OSM_IP_2.all_reads_odds_feature_gc_data.tsv, output/figures/threshold_scan/SNRNP70_OSM.SNRNP70_OSM_IP_2.threshold_scan.pdf, output/figures/enriched_windows/SNRNP70_OSM.SNRNP70_OSM_IP_2.enriched_window_coverage.pdf, output/figures/enriched_windows/SNRNP70_OSM.SNRNP70_OSM_IP_2.enriched_window_rates.pdf, output/figures/enriched_windows/SNRNP70_OSM.SNRNP70_OSM_IP_2.enriched_window_counts.linear.pdf, output/figures/enriched_windows/SNRNP70_OSM.SNRNP70_OSM_IP_2.enriched_window_counts.log10.pdf, output/figures/enriched_windows/SNRNP70_OSM.SNRNP70_OSM_IP_2.enriched_window_odds.feature.pdf, output/figures/enriched_windows/SNRNP70_OSM.SNRNP70_OSM_IP_2.enriched_window_odds.all_transcript_types.pdf, output/figures/enriched_windows/SNRNP70_OSM.SNRNP70_OSM_IP_2.enriched_window_odds.select_transcript_types.pdf, output/figures/enriched_windows/SNRNP70_OSM.SNRNP70_OSM_IP_2.enriched_window_counts.per_gene_feature.pdf, output/figures/all_reads/SNRNP70_OSM.SNRNP70_OSM_IP_2.all_reads_fractions.feature.pdf, output/figures/all_reads/SNRNP70_OSM.SNRNP70_OSM_IP_2.all_reads_odds.feature.pdf, output/figures/all_reads/SNRNP70_OSM.SNRNP70_OSM_IP_2.all_reads_odds.all_transcript_types.pdf, output/figures/all_reads/SNRNP70_OSM.SNRNP70_OSM_IP_2.all_reads_odds.feature_gc.pdf
    jobid: 116
    benchmark: benchmarks/call_enriched_windows/SNRNP70_OSM.SNRNP70_OSM_IP_2.call_enriched_windows.txt
    reason: Missing output files: output/tested_windows/SNRNP70_OSM.SNRNP70_OSM_IP_2.tested_windows.tsv.gz, output/enriched_windows/SNRNP70_OSM.SNRNP70_OSM_IP_2.enriched_windows.tsv.gz; Input files updated by another job: output/input_model_coef/SNRNP70_OSM.SNRNP70_OSM_IN_2.tsv, output/counts/genome/tables/SNRNP70_OSM.tsv.gz, output/counts/genome/vectors/SNRNP70_OSM_IP_2.counts
    wildcards: experiment_label=SNRNP70_OSM, clip_replicate_label=SNRNP70_OSM_IP_2
    resources: tmpdir=/tmp

Rscript --vanilla ./tools/call_enriched_windows.R output/counts/genome/tables/SNRNP70_OSM.tsv.gz ./annotations/accession_type_ranking.txt ./annotations/gencode.v38.annotation.k562_totalrna.gt1.tiled_partition.features.tsv.gz output/input_model_coef/SNRNP70_OSM.SNRNP70_OSM_IN_2.tsv SNRNP70_OSM_IN_2 SNRNP70_OSM_IP_2 SNRNP70_OSM.SNRNP70_OSM_IP_2
There were 32 warnings (use warnings() to see them)
[Fri Oct 24 16:26:01 2025]
Finished job 115.
128 of 142 steps (90%) done
Select jobs to execute...

[Fri Oct 24 16:26:01 2025]
rule call_enriched_windows:
    input: ./annotations/gencode.v38.annotation.k562_totalrna.gt1.tiled_partition.features.tsv.gz, ./annotations/accession_type_ranking.txt, output/counts/genome/vectors/SNRNP70_OSM_IP_2.counts, output/counts/genome/tables/SNRNP70_OSM.tsv.gz, output/input_model_coef/SNRNP70_OSM.SNRNP70_OSM_IN_1.tsv
    output: output/threshold_scan/SNRNP70_OSM.SNRNP70_OSM_IP_1.threshold_data.tsv, output/tested_windows/SNRNP70_OSM.SNRNP70_OSM_IP_1.tested_windows.tsv.gz, output/enriched_windows/SNRNP70_OSM.SNRNP70_OSM_IP_1.enriched_windows.tsv.gz, output/enrichment_summaries/SNRNP70_OSM.SNRNP70_OSM_IP_1.enriched_window_feature_summary.tsv, output/enrichment_summaries/SNRNP70_OSM.SNRNP70_OSM_IP_1.enriched_window_transcript_summary.tsv, output/enrichment_summaries/SNRNP70_OSM.SNRNP70_OSM_IP_1.enriched_window_gene_summary.tsv, output/all_reads/SNRNP70_OSM.SNRNP70_OSM_IP_1.all_reads_fractions_feature_data.tsv, output/all_reads/SNRNP70_OSM.SNRNP70_OSM_IP_1.all_reads_odds_feature_data.tsv, output/all_reads/SNRNP70_OSM.SNRNP70_OSM_IP_1.all_reads_odds_transcript_data.tsv, output/all_reads/SNRNP70_OSM.SNRNP70_OSM_IP_1.all_reads_odds_feature_gc_data.tsv, output/figures/threshold_scan/SNRNP70_OSM.SNRNP70_OSM_IP_1.threshold_scan.pdf, output/figures/enriched_windows/SNRNP70_OSM.SNRNP70_OSM_IP_1.enriched_window_coverage.pdf, output/figures/enriched_windows/SNRNP70_OSM.SNRNP70_OSM_IP_1.enriched_window_rates.pdf, output/figures/enriched_windows/SNRNP70_OSM.SNRNP70_OSM_IP_1.enriched_window_counts.linear.pdf, output/figures/enriched_windows/SNRNP70_OSM.SNRNP70_OSM_IP_1.enriched_window_counts.log10.pdf, output/figures/enriched_windows/SNRNP70_OSM.SNRNP70_OSM_IP_1.enriched_window_odds.feature.pdf, output/figures/enriched_windows/SNRNP70_OSM.SNRNP70_OSM_IP_1.enriched_window_odds.all_transcript_types.pdf, output/figures/enriched_windows/SNRNP70_OSM.SNRNP70_OSM_IP_1.enriched_window_odds.select_transcript_types.pdf, output/figures/enriched_windows/SNRNP70_OSM.SNRNP70_OSM_IP_1.enriched_window_counts.per_gene_feature.pdf, output/figures/all_reads/SNRNP70_OSM.SNRNP70_OSM_IP_1.all_reads_fractions.feature.pdf, output/figures/all_reads/SNRNP70_OSM.SNRNP70_OSM_IP_1.all_reads_odds.feature.pdf, output/figures/all_reads/SNRNP70_OSM.SNRNP70_OSM_IP_1.all_reads_odds.all_transcript_types.pdf, output/figures/all_reads/SNRNP70_OSM.SNRNP70_OSM_IP_1.all_reads_odds.feature_gc.pdf
    jobid: 109
    benchmark: benchmarks/call_enriched_windows/SNRNP70_OSM.SNRNP70_OSM_IP_1.call_enriched_windows.txt
    reason: Missing output files: output/tested_windows/SNRNP70_OSM.SNRNP70_OSM_IP_1.tested_windows.tsv.gz, output/enriched_windows/SNRNP70_OSM.SNRNP70_OSM_IP_1.enriched_windows.tsv.gz; Input files updated by another job: output/input_model_coef/SNRNP70_OSM.SNRNP70_OSM_IN_1.tsv, output/counts/genome/tables/SNRNP70_OSM.tsv.gz, output/counts/genome/vectors/SNRNP70_OSM_IP_2.counts
    wildcards: experiment_label=SNRNP70_OSM, clip_replicate_label=SNRNP70_OSM_IP_1
    resources: tmpdir=/tmp

Rscript --vanilla ./tools/call_enriched_windows.R output/counts/genome/tables/SNRNP70_OSM.tsv.gz ./annotations/accession_type_ranking.txt ./annotations/gencode.v38.annotation.k562_totalrna.gt1.tiled_partition.features.tsv.gz output/input_model_coef/SNRNP70_OSM.SNRNP70_OSM_IN_1.tsv SNRNP70_OSM_IN_1 SNRNP70_OSM_IP_1 SNRNP70_OSM.SNRNP70_OSM_IP_1
── Attaching packages ───────────────────────────────────────────────────────────────────────── tidyverse 1.3.2 ──
✔ ggplot2 3.4.2     ✔ purrr   1.0.1
✔ tibble  3.2.1     ✔ dplyr   1.1.2
✔ tidyr   1.3.0     ✔ stringr 1.5.0
✔ readr   2.1.4     ✔ forcats 1.0.0
── Conflicts ──────────────────────────────────────────────────────────────────────────── tidyverse_conflicts() ──
✖ dplyr::filter() masks stats::filter()
✖ dplyr::lag()    masks stats::lag()
Loading required package: viridisLite
── Attaching packages ───────────────────────────────────────────────────────────────────────── tidyverse 1.3.2 ──
✔ ggplot2 3.4.2     ✔ purrr   1.0.1
✔ tibble  3.2.1     ✔ dplyr   1.1.2
✔ tidyr   1.3.0     ✔ stringr 1.5.0
✔ readr   2.1.4     ✔ forcats 1.0.0
── Conflicts ──────────────────────────────────────────────────────────────────────────── tidyverse_conflicts() ──
✖ dplyr::filter() masks stats::filter()
✖ dplyr::lag()    masks stats::lag()
Loading required package: viridisLite
Rows: 5926997 Columns: 11
── Column specification ──────────────────────────────────────────────────────────────────────────────────────────
Delimiter: "\t"
chr (2): chr, strand
dbl (9): start, end, name, score, gc, SNRNP70_OSM_IN_1, SNRNP70_OSM_IN_2, SN...

ℹ Use `spec()` to retrieve the full column specification for this data.
ℹ Specify the column types or set `show_col_types = FALSE` to quiet this message.
Rows: 5926997 Columns: 11
── Column specification ──────────────────────────────────────────────────────────────────────────────────────────
Delimiter: "\t"
chr (2): chr, strand
dbl (9): start, end, name, score, gc, SNRNP70_OSM_IN_1, SNRNP70_OSM_IN_2, SN...

ℹ Use `spec()` to retrieve the full column specification for this data.
ℹ Specify the column types or set `show_col_types = FALSE` to quiet this message.
Rows: 45 Columns: 3
Rows: 45 Columns: 3
── Column specification ──────────────────────────────────────────────────────────────────────────────────────────
Delimiter: "\t"
chr (2): accession, exon_subtype
dbl (1): rank

ℹ Use `spec()` to retrieve the full column specification for this data.
ℹ Specify the column types or set `show_col_types = FALSE` to quiet this message.
── Column specification ──────────────────────────────────────────────────────────────────────────────────────────
Delimiter: "\t"
chr (2): accession, exon_subtype
dbl (1): rank

ℹ Use `spec()` to retrieve the full column specification for this data.
ℹ Specify the column types or set `show_col_types = FALSE` to quiet this message.
Rows: 7479468 Columns: 10
── Column specification ──────────────────────────────────────────────────────────────────────────────────────────
Delimiter: "\t"
chr (6): chr, name, strand, repeat_name, repeat_class, repeat_family
dbl (4): start, end, score, gc

ℹ Use `spec()` to retrieve the full column specification for this data.
ℹ Specify the column types or set `show_col_types = FALSE` to quiet this message.
Rows: 1 Columns: 6
── Column specification ──────────────────────────────────────────────────────────────────────────────────────────
Delimiter: "\t"
chr (3): given_replicate, other_replicate, experiment
dbl (3): mu, rho, given_input_fraction

ℹ Use `spec()` to retrieve the full column specification for this data.
ℹ Specify the column types or set `show_col_types = FALSE` to quiet this message.
Rows: 7479468 Columns: 10
── Column specification ──────────────────────────────────────────────────────────────────────────────────────────
Delimiter: "\t"
chr (6): chr, name, strand, repeat_name, repeat_class, repeat_family
dbl (4): start, end, score, gc

ℹ Use `spec()` to retrieve the full column specification for this data.
ℹ Specify the column types or set `show_col_types = FALSE` to quiet this message.
Rows: 1 Columns: 6
── Column specification ──────────────────────────────────────────────────────────────────────────────────────────
Delimiter: "\t"
chr (3): given_replicate, other_replicate, experiment
dbl (3): mu, rho, given_input_fraction

ℹ Use `spec()` to retrieve the full column specification for this data.
ℹ Specify the column types or set `show_col_types = FALSE` to quiet this message.
Joining with `by = join_by(repeat_name)`
`summarise()` has grouped output by 'gc_bin', 'baseline_l2or', 'clip'. You can override using the `.groups`
argument.
Joining with `by = join_by(repeat_name)`
`summarise()` has grouped output by 'gc_bin', 'baseline_l2or', 'clip'. You can override using the `.groups`
argument.
Rows: 5926997 Columns: 17
── Column specification ──────────────────────────────────────────────────────────────────────────────────────────
Delimiter: "\t"
chr (11): chrom, strand, feature_type_top, feature_types, gene_name, gene_id...
dbl  (6): start, end, name, score, feature_id, feature_bin

ℹ Use `spec()` to retrieve the full column specification for this data.
ℹ Specify the column types or set `show_col_types = FALSE` to quiet this message.
Rows: 1 Columns: 7
── Column specification ──────────────────────────────────────────────────────────────────────────────────────────
Delimiter: "\t"
chr (3): given_replicate, other_replicate, experiment
dbl (4): mu, rho, gc_bias_term, global_given_replicate_fraction
Rows: 5926997 Columns: 17

ℹ Use `spec()` to retrieve the full column specification for this data.
ℹ Specify the column types or set `show_col_types = FALSE` to quiet this message.
── Column specification ──────────────────────────────────────────────────────────────────────────────────────────
Delimiter: "\t"
chr (11): chrom, strand, feature_type_top, feature_types, gene_name, gene_id...
dbl  (6): start, end, name, score, feature_id, feature_bin

ℹ Use `spec()` to retrieve the full column specification for this data.
ℹ Specify the column types or set `show_col_types = FALSE` to quiet this message.
Rows: 1 Columns: 7
── Column specification ──────────────────────────────────────────────────────────────────────────────────────────
Delimiter: "\t"
chr (3): given_replicate, other_replicate, experiment
dbl (4): mu, rho, gc_bias_term, global_given_replicate_fraction

ℹ Use `spec()` to retrieve the full column specification for this data.
ℹ Specify the column types or set `show_col_types = FALSE` to quiet this message.
Joining with `by = join_by(gc_bin)`
Joining with `by = join_by(gc_bin)`
`summarise()` has grouped output by 'clip', 'input', 'gc_bin'. You can override using the `.groups` argument.
`summarise()` has grouped output by 'clip', 'input', 'gc_bin'. You can override using the `.groups` argument.
Joining with `by = join_by(input, clip, gc_bin, baseline_l2or)`
Joining with `by = join_by(input, clip, gc_bin, baseline_l2or)`
Joining with `by = join_by(input, clip, gc_bin, baseline_l2or)`
null device 
          1 
[Fri Oct 24 16:26:40 2025]
Finished job 132.
129 of 142 steps (91%) done
Joining with `by = join_by(input, clip, gc_bin, baseline_l2or)`
null device 
          1 
[Fri Oct 24 16:26:47 2025]
Finished job 130.
130 of 142 steps (92%) done
Select jobs to execute...

[Fri Oct 24 16:26:47 2025]
rule find_reproducible_enriched_re:
    input: output/enriched_re/SNRNP70_OSM.SNRNP70_OSM_IP_1.enriched_re.tsv.gz, output/enriched_re/SNRNP70_OSM.SNRNP70_OSM_IP_2.enriched_re.tsv.gz
    output: output/reproducible_enriched_re/SNRNP70_OSM.reproducible_enriched_re.tsv.gz
    jobid: 129
    benchmark: benchmarks/find_reproducible_enriched_re/SNRNP70_OSM.all_replicates.reproducible.txt
    reason: Missing output files: output/reproducible_enriched_re/SNRNP70_OSM.reproducible_enriched_re.tsv.gz; Input files updated by another job: output/enriched_re/SNRNP70_OSM.SNRNP70_OSM_IP_2.enriched_re.tsv.gz, output/enriched_re/SNRNP70_OSM.SNRNP70_OSM_IP_1.enriched_re.tsv.gz
    wildcards: experiment_label=SNRNP70_OSM
    resources: tmpdir=/tmp

Rscript --vanilla ./tools/identify_reproducible_re.R output/enriched_re/ SNRNP70_OSM
── Attaching packages ───────────────────────────────────────────────────────────────────────── tidyverse 1.3.2 ──
✔ ggplot2 3.4.2     ✔ purrr   1.0.1
✔ tibble  3.2.1     ✔ dplyr   1.1.2
✔ tidyr   1.3.0     ✔ stringr 1.5.0
✔ readr   2.1.4     ✔ forcats 1.0.0
── Conflicts ──────────────────────────────────────────────────────────────────────────── tidyverse_conflicts() ──
✖ dplyr::filter() masks stats::filter()
✖ dplyr::lag()    masks stats::lag()
Rows: 3379 Columns: 10
── Column specification ──────────────────────────────────────────────────────────────────────────────────────────
Delimiter: "\t"
chr (3): repeat_name, gc_bin, simple
dbl (7): input, clip, gc, baseline_l2or, enrichment_l2or, pvalue, qvalue

ℹ Use `spec()` to retrieve the full column specification for this data.
ℹ Specify the column types or set `show_col_types = FALSE` to quiet this message.
Rows: 3148 Columns: 10
── Column specification ──────────────────────────────────────────────────────────────────────────────────────────
Delimiter: "\t"
chr (3): repeat_name, gc_bin, simple
dbl (7): input, clip, gc, baseline_l2or, enrichment_l2or, pvalue, qvalue

ℹ Use `spec()` to retrieve the full column specification for this data.
ℹ Specify the column types or set `show_col_types = FALSE` to quiet this message.
`summarise()` has grouped output by 'repeat_name', 'gc'. You can override using the `.groups` argument.
[Fri Oct 24 16:26:51 2025]
Finished job 129.
131 of 142 steps (92%) done
null device 
          1 
Joining with `by = join_by(name)`
Warning message:
Using `size` aesthetic for lines was deprecated in ggplot2 3.4.0.
ℹ Please use `linewidth` instead. 
null device 
          1 
Joining with `by = join_by(start, end, name, score, strand)`
`summarise()` has grouped output by 'baseline_l2or', 'gc_bin'. You can override using the `.groups` argument.
null device 
          1 
Joining with `by = join_by(start, end, name, score, strand)`
`summarise()` has grouped output by 'baseline_l2or', 'gc_bin', 'feature_type_top'. You can override using the
`.groups` argument.
`summarise()` has grouped output by 'feature_type_top'. You can override using the `.groups` argument.
null device 
          1 
Joining with `by = join_by(start, end, name, score, strand)`
`summarise()` has grouped output by 'feature_type_top', 'gc_bin'. You can override using the `.groups` argument.
null device 
          1 
Joining with `by = join_by(start, end, name, score, strand)`
null device 
          1 
Joining with `by = join_by(name)`
Joining with `by = join_by(feature_type_top)`
Joining with `by = join_by(feature_type_top)`
Warning message:
Transformation introduced infinite values in continuous y-axis 
null device 
          1 
null device 
          1 
Warning message:
Transformation introduced infinite values in continuous y-axis 
null device 
          1 
null device 
          1 
Joining with `by = join_by(name)`
Joining with `by = join_by(transcript_type_top, feature_type_top)`
Joining with `by = join_by(transcript_type_top, feature_type_top)`
null device 
          1 
null device 
          1 
null device 
          1 
[Fri Oct 24 16:27:20 2025]
Finished job 116.
132 of 142 steps (93%) done
null device 
          1 
Joining with `by = join_by(name)`
Warning message:
Using `size` aesthetic for lines was deprecated in ggplot2 3.4.0.
ℹ Please use `linewidth` instead. 
null device 
          1 
Joining with `by = join_by(start, end, name, score, strand)`
`summarise()` has grouped output by 'baseline_l2or', 'gc_bin'. You can override using the `.groups` argument.
null device 
          1 
Joining with `by = join_by(start, end, name, score, strand)`
`summarise()` has grouped output by 'baseline_l2or', 'gc_bin', 'feature_type_top'. You can override using the
`.groups` argument.
`summarise()` has grouped output by 'feature_type_top'. You can override using the `.groups` argument.
null device 
          1 
Joining with `by = join_by(start, end, name, score, strand)`
`summarise()` has grouped output by 'feature_type_top', 'gc_bin'. You can override using the `.groups` argument.
null device 
          1 
Joining with `by = join_by(start, end, name, score, strand)`
Warning message:
Groups with fewer than two data points have been dropped. 
null device 
          1 
Joining with `by = join_by(name)`
Joining with `by = join_by(feature_type_top)`
Joining with `by = join_by(feature_type_top)`
Warning message:
Transformation introduced infinite values in continuous y-axis 
null device 
          1 
null device 
          1 
Warning message:
Transformation introduced infinite values in continuous y-axis 
null device 
          1 
null device 
          1 
Joining with `by = join_by(name)`
Joining with `by = join_by(transcript_type_top, feature_type_top)`
Joining with `by = join_by(transcript_type_top, feature_type_top)`
null device 
          1 
null device 
          1 
null device 
          1 
[Fri Oct 24 16:27:44 2025]
Finished job 109.
133 of 142 steps (94%) done
Select jobs to execute...

[Fri Oct 24 16:27:44 2025]
rule check_window_concordance:
    input: output/tested_windows/SNRNP70_OSM.SNRNP70_OSM_IP_1.tested_windows.tsv.gz, output/tested_windows/SNRNP70_OSM.SNRNP70_OSM_IP_2.tested_windows.tsv.gz
    output: output/figures/enrichment_reproducibility/SNRNP70_OSM.enrichment_reproducibility.pdf, output/enrichment_reproducibility/SNRNP70_OSM.enrichment_reproducibility.tsv
    jobid: 121
    benchmark: benchmarks/check_window_concordance/SNRNP70_OSM.all_replicates.concordance.txt
    reason: Missing output files: output/figures/enrichment_reproducibility/SNRNP70_OSM.enrichment_reproducibility.pdf; Input files updated by another job: output/tested_windows/SNRNP70_OSM.SNRNP70_OSM_IP_1.tested_windows.tsv.gz, output/tested_windows/SNRNP70_OSM.SNRNP70_OSM_IP_2.tested_windows.tsv.gz
    wildcards: experiment_label=SNRNP70_OSM
    resources: tmpdir=/tmp

Rscript --vanilla ./tools/check_window_concordance.R output/tested_windows SNRNP70_OSM ./annotations/encode3_eclip_blacklist.bed

[Fri Oct 24 16:27:44 2025]
rule find_reproducible_enriched_windows:
    input: output/enriched_windows/SNRNP70_OSM.SNRNP70_OSM_IP_1.enriched_windows.tsv.gz, output/enriched_windows/SNRNP70_OSM.SNRNP70_OSM_IP_2.enriched_windows.tsv.gz
    output: output/reproducible_enriched_windows/SNRNP70_OSM.reproducible_enriched_windows.tsv.gz, output/figures/reproducible_enriched_windows/SNRNP70_OSM.reproducible_enriched_window_counts.linear.pdf, output/figures/reproducible_enriched_windows/SNRNP70_OSM.reproducible_enriched_window_counts.log10.pdf
    jobid: 119
    benchmark: benchmarks/find_reproducible_enriched_windows/SNRNP70_OSM.all_replicates.reproducible.txt
    reason: Missing output files: output/reproducible_enriched_windows/SNRNP70_OSM.reproducible_enriched_windows.tsv.gz; Input files updated by another job: output/enriched_windows/SNRNP70_OSM.SNRNP70_OSM_IP_1.enriched_windows.tsv.gz, output/enriched_windows/SNRNP70_OSM.SNRNP70_OSM_IP_2.enriched_windows.tsv.gz
    wildcards: experiment_label=SNRNP70_OSM
    resources: tmpdir=/tmp

Rscript --vanilla ./tools/identify_reproducible_windows.R output/enriched_windows/ SNRNP70_OSM ./annotations/encode3_eclip_blacklist.bed
── Attaching packages ───────────────────────────────────────────────────────────────────────── tidyverse 1.3.2 ──
✔ ggplot2 3.4.2     ✔ purrr   1.0.1
✔ tibble  3.2.1     ✔ dplyr   1.1.2
✔ tidyr   1.3.0     ✔ stringr 1.5.0
✔ readr   2.1.4     ✔ forcats 1.0.0
── Attaching packages ───────────────────────────────────────────────────────────────────────── tidyverse 1.3.2 ──
✔ ggplot2 3.4.2     ✔ purrr   1.0.1
✔ tibble  3.2.1     ✔ dplyr   1.1.2
✔ tidyr   1.3.0     ✔ stringr 1.5.0
✔ readr   2.1.4     ✔ forcats 1.0.0
── Conflicts ──────────────────────────────────────────────────────────────────────────── tidyverse_conflicts() ──
✖ dplyr::filter() masks stats::filter()
✖ dplyr::lag()    masks stats::lag()
── Conflicts ──────────────────────────────────────────────────────────────────────────── tidyverse_conflicts() ──
✖ dplyr::filter() masks stats::filter()
✖ dplyr::lag()    masks stats::lag()
Joining with `by = join_by(chr, start, end, score, strand)`
Rows: 18140 Columns: 14
── Column specification ──────────────────────────────────────────────────────────────────────────────────────────
Delimiter: "\t"
chr  (3): chr, strand, gc_bin
dbl (11): start, end, name, score, gc, input, clip, baseline_l2or, enrichmen...

ℹ Use `spec()` to retrieve the full column specification for this data.
ℹ Specify the column types or set `show_col_types = FALSE` to quiet this message.
Joining with `by = join_by(chr, start, end, score, strand)`
Joining with `by = join_by(chr, start, end, score, strand)`
Rows: 12240 Columns: 14
── Column specification ──────────────────────────────────────────────────────────────────────────────────────────
Delimiter: "\t"
chr  (3): chr, strand, gc_bin
dbl (11): start, end, name, score, gc, input, clip, baseline_l2or, enrichmen...

ℹ Use `spec()` to retrieve the full column specification for this data.
ℹ Specify the column types or set `show_col_types = FALSE` to quiet this message.
Joining with `by = join_by(chr, start, end, score, strand)`
`summarise()` has grouped output by 'chr', 'start', 'end', 'name', 'score', 'strand', 'gc', 'gc_bin', 'chrom',
'feature_id', 'feature_bin', 'feature_type_top', 'feature_types', 'gene_name', 'gene_id', 'transcript_ids',
'gene_type_top', 'transcript_type_top', 'gene_types'. You can override using the `.groups` argument.
null device 
          1 
Warning message:
Using `size` aesthetic for lines was deprecated in ggplot2 3.4.0.
ℹ Please use `linewidth` instead. 
null device 
          1 
null device 
          1 
[Fri Oct 24 16:27:48 2025]
Finished job 121.
134 of 142 steps (94%) done
[Fri Oct 24 16:27:48 2025]
Finished job 119.
135 of 142 steps (95%) done
Select jobs to execute...

[Fri Oct 24 16:27:49 2025]
rule get_nt_coverage:
    input: output/reproducible_enriched_windows/SNRNP70_OSM.reproducible_enriched_windows.tsv.gz, output/bams/dedup/genome/SNRNP70_OSM_IP_1.genome.Aligned.sort.dedup.bam, output/bams/dedup/genome/SNRNP70_OSM_IP_2.genome.Aligned.sort.dedup.bam, output/bams/dedup/genome/SNRNP70_OSM_IN_1.genome.Aligned.sort.dedup.bam, output/bams/dedup/genome/SNRNP70_OSM_IN_2.genome.Aligned.sort.dedup.bam
    output: output/finemapping/nt_coverage/SNRNP70_OSM.nt_census.bed, output/finemapping/nt_coverage/SNRNP70_OSM.nt_coverage.input.counts, output/finemapping/nt_coverage/SNRNP70_OSM.nt_coverage.clip.counts, output/finemapping/nt_coverage/SNRNP70_OSM.nt_coverage.bed
    jobid: 137
    benchmark: benchmarks/get_nt_coverage/SNRNP70_OSM.all_replicates.reproducible.txt
    reason: Missing output files: output/finemapping/nt_coverage/SNRNP70_OSM.nt_coverage.bed; Input files updated by another job: output/bams/dedup/genome/SNRNP70_OSM_IN_1.genome.Aligned.sort.dedup.bam, output/reproducible_enriched_windows/SNRNP70_OSM.reproducible_enriched_windows.tsv.gz, output/bams/dedup/genome/SNRNP70_OSM_IN_2.genome.Aligned.sort.dedup.bam, output/bams/dedup/genome/SNRNP70_OSM_IP_1.genome.Aligned.sort.dedup.bam, output/bams/dedup/genome/SNRNP70_OSM_IP_2.genome.Aligned.sort.dedup.bam
    wildcards: experiment_label=SNRNP70_OSM
    resources: tmpdir=/tmp

zcat output/reproducible_enriched_windows/SNRNP70_OSM.reproducible_enriched_windows.tsv.gz | tail -n +2 | sort -k1,1 -k2,2n | awk -v OFS="	" '{print $1, $2 -37, $3+37,$4,$5,$6}' | bedtools merge -i - -s -c 6 -o distinct | awk -v OFS="	" '{for(i=$2;i< $3;i++) {print $1,i,i+1,"MW:" NR ":" i - $2,0,$4, NR} }' > output/finemapping/nt_coverage/SNRNP70_OSM.nt_census.bed; samtools cat output/bams/dedup/genome/SNRNP70_OSM_IN_1.genome.Aligned.sort.dedup.bam output/bams/dedup/genome/SNRNP70_OSM_IN_2.genome.Aligned.sort.dedup.bam | bedtools intersect -s -wa -a - -b output/finemapping/nt_coverage/SNRNP70_OSM.nt_census.bed | bedtools bamtobed -i - | awk '($1 != "chrEBV") && ($4 !~ "/2$")' | bedtools flank -s -l 1 -r 0 -g ./annotations/genome_ref/chrNameLength.txt -i - | bedtools shift -p 1 -m -1 -g ./annotations/genome_ref/chrNameLength.txt -i - | bedtools sort -i - | bedtools coverage -counts -s -a output/finemapping/nt_coverage/SNRNP70_OSM.nt_census.bed -b - | awk '{print $NF}' > output/finemapping/nt_coverage/SNRNP70_OSM.nt_coverage.input.counts;samtools cat output/bams/dedup/genome/SNRNP70_OSM_IP_1.genome.Aligned.sort.dedup.bam output/bams/dedup/genome/SNRNP70_OSM_IP_2.genome.Aligned.sort.dedup.bam | bedtools intersect -s -wa -a - -b output/finemapping/nt_coverage/SNRNP70_OSM.nt_census.bed | bedtools bamtobed -i - | awk '($1 != "chrEBV") && ($4 !~ "/2$")' | bedtools flank -s -l 1 -r 0 -g ./annotations/genome_ref/chrNameLength.txt -i - | bedtools shift -p 1 -m -1 -g ./annotations/genome_ref/chrNameLength.txt -i - | bedtools sort -i - | bedtools coverage -counts -s -a output/finemapping/nt_coverage/SNRNP70_OSM.nt_census.bed -b - | awk '{print $NF}' > output/finemapping/nt_coverage/SNRNP70_OSM.nt_coverage.clip.counts;paste output/finemapping/nt_coverage/SNRNP70_OSM.nt_census.bed output/finemapping/nt_coverage/SNRNP70_OSM.nt_coverage.input.counts output/finemapping/nt_coverage/SNRNP70_OSM.nt_coverage.clip.counts > output/finemapping/nt_coverage/SNRNP70_OSM.nt_coverage.bed

[Fri Oct 24 16:27:49 2025]
rule consult_term_reference:
    input: output/reproducible_enriched_windows/SNRNP70_OSM.reproducible_enriched_windows.tsv.gz, ./annotations/c5.go.v7.5.1.symbols.gmt, ./annotations/encode3_go_terms.reference.tsv.gz, ./annotations/encode3_go_terms.jaccard_index.rds
    output: output/gene_sets/SNRNP70_OSM.enriched_terms.tsv.gz, output/figures/gene_sets/SNRNP70_OSM.clustered_top_terms.pdf
    jobid: 143
    benchmark: benchmarks/consult_term_reference/SNRNP70_OSM.all_replicates.reproducible.txt
    reason: Missing output files: output/gene_sets/SNRNP70_OSM.enriched_terms.tsv.gz; Input files updated by another job: output/reproducible_enriched_windows/SNRNP70_OSM.reproducible_enriched_windows.tsv.gz
    wildcards: experiment_label=SNRNP70_OSM
    resources: tmpdir=/tmp

Rscript --vanilla ./tools/consult_term_reference.R output/reproducible_enriched_windows/SNRNP70_OSM.reproducible_enriched_windows.tsv.gz ./annotations/c5.go.v7.5.1.symbols.gmt ./annotations/encode3_go_terms.reference.tsv.gz ./annotations/encode3_go_terms.jaccard_index.rds SNRNP70_OSM 

[Fri Oct 24 16:27:49 2025]
rule consult_encode_reference:
    input: output/reproducible_enriched_windows/SNRNP70_CTL.reproducible_enriched_windows.tsv.gz, output/reproducible_enriched_windows/SNRNP70_OSM.reproducible_enriched_windows.tsv.gz, output/reproducible_enriched_re/SNRNP70_CTL.reproducible_enriched_re.tsv.gz, output/reproducible_enriched_re/SNRNP70_OSM.reproducible_enriched_re.tsv.gz, ./tools/encode3_feature_summary.reference.tsv, ./tools/encode3_eclip_enrichment.reference.tsv, ./tools/encode3_class_assignment.reference.tsv
    output: output/tsne/skipper.tsne_query.tsv, output/figures/tsne/skipper.tsne_query.pdf
    jobid: 144
    benchmark: benchmarks/consult_encode_reference/skipper.txt
    reason: Missing output files: output/figures/tsne/skipper.tsne_query.pdf; Input files updated by another job: output/reproducible_enriched_windows/SNRNP70_CTL.reproducible_enriched_windows.tsv.gz, output/reproducible_enriched_re/SNRNP70_OSM.reproducible_enriched_re.tsv.gz, output/reproducible_enriched_windows/SNRNP70_OSM.reproducible_enriched_windows.tsv.gz, output/reproducible_enriched_re/SNRNP70_CTL.reproducible_enriched_re.tsv.gz
    resources: tmpdir=/tmp

Rscript --vanilla ./tools/consult_encode_reference.R output/reproducible_enriched_windows output/reproducible_enriched_re ./tools skipper 

[Fri Oct 24 16:27:49 2025]
rule sample_background_windows_by_region:
    input: output/reproducible_enriched_windows/SNRNP70_OSM.reproducible_enriched_windows.tsv.gz, ./annotations/gencode.v38.annotation.k562_totalrna.gt1.tiled_partition.features.tsv.gz
    output: output/homer/region_matched_background/variable/SNRNP70_OSM.sampled_variable_windows.bed.gz, output/homer/region_matched_background/fixed/SNRNP70_OSM.sampled_fixed_windows.bed.gz
    jobid: 141
    benchmark: benchmarks/sample_background_windows_by_region/SNRNP70_OSM.sample_background_windows_by_region.txt
    reason: Missing output files: output/homer/region_matched_background/fixed/SNRNP70_OSM.sampled_fixed_windows.bed.gz; Input files updated by another job: output/reproducible_enriched_windows/SNRNP70_OSM.reproducible_enriched_windows.tsv.gz
    wildcards: experiment_label=SNRNP70_OSM
    resources: tmpdir=/tmp

Rscript --vanilla ./tools/sample_matched_background_by_region.R output/reproducible_enriched_windows/SNRNP70_OSM.reproducible_enriched_windows.tsv.gz ./annotations/gencode.v38.annotation.k562_totalrna.gt1.tiled_partition.features.tsv.gz 75 output/homer/region_matched_background SNRNP70_OSM;
── Attaching packages ───────────────────────────────────────────────────────────────────────── tidyverse 1.3.2 ──
── Attaching packages ───────────────────────────────────────────────────────────────────────── tidyverse 1.3.2 ──
✔ ggplot2 3.4.2     ✔ purrr   1.0.1
✔ tibble  3.2.1     ✔ dplyr   1.1.2
✔ tidyr   1.3.0     ✔ stringr 1.5.0
✔ readr   2.1.4     ✔ forcats 1.0.0
✔ ggplot2 3.4.2     ✔ purrr   1.0.1
✔ tibble  3.2.1     ✔ dplyr   1.1.2
✔ tidyr   1.3.0     ✔ stringr 1.5.0
✔ readr   2.1.4     ✔ forcats 1.0.0
── Attaching packages ───────────────────────────────────────────────────────────────────────── tidyverse 1.3.2 ──
✔ ggplot2 3.4.2     ✔ purrr   1.0.1
✔ tibble  3.2.1     ✔ dplyr   1.1.2
✔ tidyr   1.3.0     ✔ stringr 1.5.0
✔ readr   2.1.4     ✔ forcats 1.0.0
── Conflicts ──────────────────────────────────────────────────────────────────────────── tidyverse_conflicts() ──
✖ dplyr::filter() masks stats::filter()
✖ dplyr::lag()    masks stats::lag()
── Conflicts ──────────────────────────────────────────────────────────────────────────── tidyverse_conflicts() ──
✖ dplyr::filter() masks stats::filter()
✖ dplyr::lag()    masks stats::lag()
── Conflicts ──────────────────────────────────────────────────────────────────────────── tidyverse_conflicts() ──
✖ dplyr::filter() masks stats::filter()
✖ dplyr::lag()    masks stats::lag()
Loading required package: viridisLite
Rows: 3467 Columns: 30
── Column specification ──────────────────────────────────────────────────────────────────────────────────────────
Delimiter: "\t"
chr (13): chr, strand, gc_bin, chrom, feature_type_top, feature_types, gene_...
dbl (17): start, end, name, score, gc, feature_id, feature_bin, input_sum, c...

ℹ Use `spec()` to retrieve the full column specification for this data.
ℹ Specify the column types or set `show_col_types = FALSE` to quiet this message.
Rows: 2537 Columns: 30
── Column specification ──────────────────────────────────────────────────────────────────────────────────────────
Delimiter: "\t"
chr (13): chr, strand, gc_bin, chrom, feature_type_top, feature_types, gene_...
dbl (17): start, end, name, score, gc, feature_id, feature_bin, input_sum, c...

ℹ Use `spec()` to retrieve the full column specification for this data.
ℹ Specify the column types or set `show_col_types = FALSE` to quiet this message.
Rows: 3467 Columns: 30
── Column specification ──────────────────────────────────────────────────────────────────────────────────────────
Delimiter: "\t"
chr (13): chr, strand, gc_bin, chrom, feature_type_top, feature_types, gene_...
dbl (17): start, end, name, score, gc, feature_id, feature_bin, input_sum, c...

ℹ Use `spec()` to retrieve the full column specification for this data.
ℹ Specify the column types or set `show_col_types = FALSE` to quiet this message.
Rows: 3467 Columns: 30
── Column specification ──────────────────────────────────────────────────────────────────────────────────────────
Delimiter: "\t"
chr (13): chr, strand, gc_bin, chrom, feature_type_top, feature_types, gene_...
dbl (17): start, end, name, score, gc, feature_id, feature_bin, input_sum, c...

ℹ Use `spec()` to retrieve the full column specification for this data.
ℹ Specify the column types or set `show_col_types = FALSE` to quiet this message.
Rows: 17 Columns: 13
── Column specification ──────────────────────────────────────────────────────────────────────────────────────────
Delimiter: "\t"
chr  (2): repeat_name, simple
dbl (11): gc, input_sum, clip_sum, enrichment_n, enrichment_l2or_min, enrich...

ℹ Use `spec()` to retrieve the full column specification for this data.
ℹ Specify the column types or set `show_col_types = FALSE` to quiet this message.
Rows: 350 Columns: 13
── Column specification ──────────────────────────────────────────────────────────────────────────────────────────
Delimiter: "\t"
chr  (2): repeat_name, simple
dbl (11): gc, input_sum, clip_sum, enrichment_n, enrichment_l2or_min, enrich...

ℹ Use `spec()` to retrieve the full column specification for this data.
ℹ Specify the column types or set `show_col_types = FALSE` to quiet this message.
Rows: 15639 Columns: 3
── Column specification ──────────────────────────────────────────────────────────────────────────────────────────
Delimiter: "\t"
chr (3): repeat_name, repeat_class, repeat_family

ℹ Use `spec()` to retrieve the full column specification for this data.
ℹ Specify the column types or set `show_col_types = FALSE` to quiet this message.
Rows: 22557 Columns: 6
── Column specification ──────────────────────────────────────────────────────────────────────────────────────────
Delimiter: "\t"
chr (2): id, feature
dbl (4): clip_count, global_fraction, clip_fraction, entropy_contribution

ℹ Use `spec()` to retrieve the full column specification for this data.
ℹ Specify the column types or set `show_col_types = FALSE` to quiet this message.
Rows: 103 Columns: 3
── Column specification ──────────────────────────────────────────────────────────────────────────────────────────
Delimiter: "\t"
chr (1): feature
dbl (2): global_count, global_fraction

ℹ Use `spec()` to retrieve the full column specification for this data.
ℹ Specify the column types or set `show_col_types = FALSE` to quiet this message.
Rows: 219 Columns: 7
── Column specification ──────────────────────────────────────────────────────────────────────────────────────────
Delimiter: "\t"
chr (4): id, rbp, cells, class
dbl (3): tsne_1, tsne_2, cluster

ℹ Use `spec()` to retrieve the full column specification for this data.
ℹ Specify the column types or set `show_col_types = FALSE` to quiet this message.
Joining with `by = join_by(repeat_name)`
Warning message:
In inner_join(enriched_re, repeatmasker_labels) :
  Detected an unexpected many-to-many relationship between `x` and `y`.
ℹ Row 251 of `x` matches multiple rows in `y`.
ℹ Row 1997 of `y` matches multiple rows in `x`.
ℹ If a many-to-many relationship is expected, set `relationship = "many-to-many"` to silence this warning.
Joining with `by = join_by(feature, id)`
Joining with `by = join_by(feature, id)`
`summarise()` has grouped output by 'id'. You can override using the `.groups` argument.
`summarise()` has grouped output by 'id', 'feature'. You can override using the `.groups` argument.
Warning message:
Returning more (or less) than 1 row per `summarise()` group was deprecated in dplyr 1.1.0.
ℹ Please use `reframe()` instead.
ℹ When switching from `summarise()` to `reframe()`, remember that `reframe()` always returns an ungrouped data
  frame and adjust accordingly. 
Warning message:
Specifying the `id_cols` argument by position was deprecated in tidyr 1.3.0.
ℹ Please explicitly name `id_cols`, like `id_cols = feature`. 
Joining with `by = join_by(id)`
null device 
          1 
[Fri Oct 24 16:27:55 2025]
Finished job 144.
136 of 142 steps (96%) done
Rows: 5067 Columns: 3
── Column specification ──────────────────────────────────────────────────────────────────────────────────────────
Delimiter: "\t"
chr (1): term
dbl (2): n_term_windows, f_term_windows

ℹ Use `spec()` to retrieve the full column specification for this data.
ℹ Specify the column types or set `show_col_types = FALSE` to quiet this message.
Warning message:
Returning more (or less) than 1 row per `summarise()` group was deprecated in dplyr 1.1.0.
ℹ Please use `reframe()` instead.
ℹ When switching from `summarise()` to `reframe()`, remember that `reframe()` always returns an ungrouped data
  frame and adjust accordingly. 
Joining with `by = join_by(term)`
Joining with `by = join_by(term)`
Rows: 5926997 Columns: 17
── Column specification ──────────────────────────────────────────────────────────────────────────────────────────
Delimiter: "\t"
chr (11): chrom, strand, feature_type_top, feature_types, gene_name, gene_id...
dbl  (6): start, end, name, score, feature_id, feature_bin

ℹ Use `spec()` to retrieve the full column specification for this data.
ℹ Specify the column types or set `show_col_types = FALSE` to quiet this message.
Joining with `by = join_by(sampling_group)`
`summarise()` has grouped output by 'sampling_group'. You can override using the `.groups` argument.
Joining with `by = join_by(name)`
Warning message:
Returning more (or less) than 1 row per `summarise()` group was deprecated in dplyr 1.1.0.
ℹ Please use `reframe()` instead.
ℹ When switching from `summarise()` to `reframe()`, remember that `reframe()` always returns an ungrouped data
  frame and adjust accordingly. 
[Fri Oct 24 16:28:16 2025]
Finished job 141.
137 of 142 steps (96%) done
Joining with `by = join_by(term)`
null device 
          1 
[Fri Oct 24 16:28:32 2025]
Finished job 143.
138 of 142 steps (97%) done
[Fri Oct 24 16:32:58 2025]
Finished job 137.
139 of 142 steps (98%) done
Removing temporary output output/finemapping/nt_coverage/SNRNP70_OSM.nt_census.bed.
Removing temporary output output/finemapping/nt_coverage/SNRNP70_OSM.nt_coverage.input.counts.
Removing temporary output output/finemapping/nt_coverage/SNRNP70_OSM.nt_coverage.clip.counts.
Select jobs to execute...

[Fri Oct 24 16:32:58 2025]
rule finemap_windows:
    input: output/finemapping/nt_coverage/SNRNP70_OSM.nt_coverage.bed
    output: output/finemapping/mapped_sites/SNRNP70_OSM.finemapped_windows.bed.gz
    jobid: 136
    benchmark: benchmarks/finemap_windows/SNRNP70_OSM.all_replicates.reproducible.txt
    reason: Missing output files: output/finemapping/mapped_sites/SNRNP70_OSM.finemapped_windows.bed.gz; Input files updated by another job: output/finemapping/nt_coverage/SNRNP70_OSM.nt_coverage.bed
    wildcards: experiment_label=SNRNP70_OSM
    resources: tmpdir=/tmp

Rscript --vanilla ./tools/finemap_enriched_windows.R output/finemapping/nt_coverage/SNRNP70_OSM.nt_coverage.bed output/finemapping/mapped_sites/ SNRNP70_OSM
── Attaching packages ───────────────────────────────────────────────────────────────────────── tidyverse 1.3.2 ──
✔ ggplot2 3.4.2     ✔ purrr   1.0.1
✔ tibble  3.2.1     ✔ dplyr   1.1.2
✔ tidyr   1.3.0     ✔ stringr 1.5.0
✔ readr   2.1.4     ✔ forcats 1.0.0
── Conflicts ──────────────────────────────────────────────────────────────────────────── tidyverse_conflicts() ──
✖ dplyr::filter() masks stats::filter()
✖ dplyr::lag()    masks stats::lag()
[Fri Oct 24 16:33:09 2025]
Finished job 136.
140 of 142 steps (99%) done
Select jobs to execute...

[Fri Oct 24 16:33:09 2025]
rule run_homer:
    input: output/finemapping/mapped_sites/SNRNP70_OSM.finemapped_windows.bed.gz, output/homer/region_matched_background/fixed/SNRNP70_OSM.sampled_fixed_windows.bed.gz, ./annotations/GRCh38_no_alt_analysis_set_GCA_000001405.15.fasta
    output: output/homer/finemapped_results/SNRNP70_OSM/homerResults.html
    jobid: 140
    benchmark: benchmarks/run_homer/SNRNP70_OSM.all_replicates.reproducible.txt
    reason: Missing output files: output/homer/finemapped_results/SNRNP70_OSM/homerResults.html; Input files updated by another job: output/finemapping/mapped_sites/SNRNP70_OSM.finemapped_windows.bed.gz, output/homer/region_matched_background/fixed/SNRNP70_OSM.sampled_fixed_windows.bed.gz
    wildcards: experiment_label=SNRNP70_OSM
    resources: tmpdir=/tmp

findMotifsGenome.pl <(zcat output/finemapping/mapped_sites/SNRNP70_OSM.finemapped_windows.bed.gz | awk -v OFS="	" '{print $4 ":"$9,$1,$2+1,$3,$6}') ./annotations/GRCh38_no_alt_analysis_set_GCA_000001405.15.fasta output/homer/finemapped_results/SNRNP70_OSM -preparsedDir output/homer/preparsed -size given -rna -nofacts -S 20 -len 5,6,7,8,9 -nlen 1 -bg <(zcat output/homer/region_matched_background/fixed/SNRNP70_OSM.sampled_fixed_windows.bed.gz | awk -v OFS="	" '{print $4,$1,$2+1,$3,$6}') 

	Position file = /dev/fd/63
	Genome = ./annotations/GRCh38_no_alt_analysis_set_GCA_000001405.15.fasta
	Output Directory = output/homer/finemapped_results/SNRNP70_OSM
	Using actual sizes of regions (-size given)
	Fragment size set to given
	Operating in RNA mode
	Will optimize 20 putative motifs
	Motif length set at 5,6,7,8,9,
	Will normalize background sequences for oligos of length 1 bp
	background position file: /dev/fd/62
	Using Custom Genome
	Peak/BED file conversion summary:
		BED/Header formatted lines: 0
		peakfile formatted lines: 3063

	Peak File Statistics:
		Total Peaks: 3063
		Redundant Peak IDs: 0
		Peaks lacking information: 0 (need at least 5 columns per peak)
		Peaks with misformatted coordinates: 0 (should be integer)
		Peaks with misformatted strand: 0 (should be either +/- or 0/1)

	Peak file looks good!

	Peak/BED file conversion summary:
		BED/Header formatted lines: 0
		peakfile formatted lines: 20802
	Max distance to merge: direct overlap required (-d given)
	Calculating co-bound peaks relative to reference: output/homer/finemapped_results/SNRNP70_OSM/bg.clean.pos

	Comparing peaks: (peakfile, overlapping peaks, logRatio(obs/expected), logP)
		output/homer/finemapped_results/SNRNP70_OSM/target.clean..pos	60	2.66	-57.07

	Co-bound by 0 peaks: 20742
	Co-bound by 1 peaks: 60 (max: 60 effective total)
	Custom genome sequence file: ./annotations/GRCh38_no_alt_analysis_set_GCA_000001405.15.fasta

	Extracting sequences from file: ./annotations/GRCh38_no_alt_analysis_set_GCA_000001405.15.fasta
	Looking for peak sequences in a single file (./annotations/GRCh38_no_alt_analysis_set_GCA_000001405.15.fasta)
	Extracting 2449 sequences from chr1
	Extracting 1572 sequences from chr2
	Extracting 1295 sequences from chr3
	Extracting 750 sequences from chr4
	Extracting 1079 sequences from chr5
	Extracting 1219 sequences from chr6
	Extracting 1241 sequences from chr7
	Extracting 932 sequences from chr8
	Extracting 858 sequences from chr9
	Extracting 790 sequences from chr10
	Extracting 1350 sequences from chr11
	Extracting 1322 sequences from chr12
	Extracting 359 sequences from chr13
	Extracting 751 sequences from chr14
	Extracting 814 sequences from chr15
	Extracting 1223 sequences from chr16
	Extracting 1476 sequences from chr17
	Extracting 323 sequences from chr18
	Extracting 1525 sequences from chr19
	Extracting 567 sequences from chr20
	Extracting 269 sequences from chr21
	Extracting 631 sequences from chr22
	Extracting 962 sequences from chrX
	Extracting 16 sequences from chrY
	Extracting 32 sequences from chrM
		13 of 23805 removed because they had >70.00% Ns (i.e. masked repeats)

	Not removing redundant sequences


	Sequences processed:
		Auto detected maximum sequence length of 75 bp
		23792 total

	Frequency Bins: 0.2 0.25 0.3 0.35 0.4 0.45 0.5 0.6 0.7 0.8
	Freq	Bin	Count
	0.2	0	97
	0.25	1	571
	0.3	2	1671
	0.35	3	2624
	0.4	4	2448
	0.45	5	3044
	0.5	6	2979
	0.6	7	5302
	0.7	8	3846
	0.8	9	979
	10	10	231
	Bin	# Targets	# Background	Background Weight
	1	1	570	0.012
	2	5	1666	0.020
	3	30	2594	0.078
	4	66	2382	0.187
	5	191	2853	0.451
	6	396	2583	1.033
	7	1350	3952	2.301
	8	898	2948	2.052
	9	107	872	0.827
	10	19	212	0.604
	Normalizing lower order oligos using homer2

	Reading input files...
	23695 total sequences read
	Autonormalization: 1-mers (4 total)
		A	22.31%	21.77%	1.025
		C	28.09%	27.52%	1.021
		G	27.68%	28.25%	0.980
		T	21.92%	22.46%	0.976
	Normalization weights can be found in file: output/homer/finemapped_results/SNRNP70_OSM/seq.autonorm.tsv
	Converging on autonormalization solution:
	...............................................................................
	Final normalization:	Autonormalization: 1-mers (4 total)
		A	22.31%	22.25%	1.003
		C	28.09%	27.99%	1.003
		G	27.68%	27.74%	0.998
		T	21.92%	22.02%	0.996
	Finished preparing sequence/group files

	----------------------------------------------------------
	Known motif enrichment
	----------------------------------------------------------
	De novo motif finding (HOMER)

	Scanning input files...
	Parsing sequences...
	|0%                                   50%                                  100%|
	================================================================================
	Total number of Oligos: 1024
	Autoadjustment for sequence coverage in background: 1.00x

	Oligos: 1024 of 1034 max
	Tree  : 1364 of 5170 max
	Optimizing memory usage...
	Cache length = 11180
	Using binomial scoring

	Global Optimization Phase: Looking for enriched oligos with up to 2 mismatches...

	Screening oligos 1024 (allowing 0 mismatches):
	|0%                                   50%                                  100%|
	=====================================================================================
		0.00% skipped, 100.00% checked (1024 of 1024), of those checked:
		0.00% not in target, 0.00% increased p-value, 0.00% high p-value

	Screening oligos 1024 (allowing 1 mismatches):
	|0%                                   50%                                  100%|
	=====================================================================================
		0.00% skipped, 100.00% checked (1024 of 1024), of those checked:
		0.00% not in target, 52.34% increased p-value, 48.24% high p-value

	Screening oligos 1024 (allowing 2 mismatches):
	|0%                                   50%                                  100%|
	=====================================================================================
		72.27% skipped, 27.73% checked (284 of 1024), of those checked:
		0.00% not in target, 19.53% increased p-value, 0.00% high p-value
	Reading input files...
	23695 total sequences read
	Cache length = 11180
	Using binomial scoring

	Local Optimization Phase:
	1 of 20 Initial Sequence: GACGA... (-102.791)
		Round 1: -122.85 GACGA T:2094.0(49.53%),B:8811.3(35.86%),P:1e-53
		Round 2: -122.85 GACGA T:2094.0(49.53%),B:8811.3(35.86%),P:1e-53
		=Final=: -72.47 GACGA T:1254.0(40.94%),B:6124.2(30.87%),P:1e-31
		Performing exhaustive masking of motif...
		Reprioritizing potential motifs...
	2 of 20 Initial Sequence: CGACG... (-63.800)
		Round 1: -70.84 CGACG T:1654.0(41.73%),B:7569.9(31.72%),P:1e-30
		Round 2: -126.14 CWTCG T:2330.0(53.27%),B:9884.6(39.24%),P:1e-54
		Round 3: -126.14 CWTCG T:2330.0(53.27%),B:9884.6(39.24%),P:1e-54
		=Final=: -126.73 CWTCG T:1172.0(38.26%),B:5030.1(25.35%),P:1e-55
		Performing exhaustive masking of motif...
		Reprioritizing potential motifs...
	3 of 20 Initial Sequence: CATCA... (-29.982)
		Round 1: -48.05 CATCA T:1213.0(32.70%),B:5716.8(25.03%),P:1e-20
		Round 2: -48.05 CATCA T:1213.0(32.70%),B:5716.8(25.03%),P:1e-20
		=Final=: -41.37 CATCA T:949.0(30.98%),B:4765.9(24.02%),P:1e-17
		Performing exhaustive masking of motif...
		Reprioritizing potential motifs...
	4 of 20 Initial Sequence: CCGTG... (-28.571)
		Round 1: -29.76 CCGTG T:406.0(12.42%),B:1758.5(8.48%),P:1e-12
		Round 2: -31.65 ACGTT T:708.0(20.64%),B:3334.5(15.47%),P:1e-13
		Round 3: -33.12 ACGTG T:531.0(15.92%),B:2362.3(11.22%),P:1e-14
		Round 4: -33.12 ACGTG T:531.0(15.92%),B:2362.3(11.22%),P:1e-14
		=Final=: -27.24 ACGTG T:473.0(15.44%),B:2232.0(11.25%),P:1e-11
		Performing exhaustive masking of motif...
		Reprioritizing potential motifs...
	5 of 20 Initial Sequence: ACCAA... (-18.565)
		Round 1: -33.97 ACCAA T:381.0(11.70%),B:1575.1(7.63%),P:1e-14
		Round 2: -33.97 ACCAA T:381.0(11.70%),B:1575.1(7.63%),P:1e-14
		=Final=: -37.41 ACCAA T:358.0(11.69%),B:1477.3(7.45%),P:1e-16
		Performing exhaustive masking of motif...
		Reprioritizing potential motifs...
	6 of 20 Initial Sequence: CTATG... (-17.213)
		Round 1: -28.42 CTATG T:978.0(27.34%),B:4888.9(21.84%),P:1e-12
		Round 2: -28.42 CTATG T:978.0(27.34%),B:4888.9(21.84%),P:1e-12
		=Final=: -23.91 CTATG T:817.0(26.67%),B:4305.2(21.70%),P:1e-10
		Performing exhaustive masking of motif...
		Reprioritizing potential motifs...
	7 of 20 Initial Sequence: TGAAG... (-15.795)
		Round 1: -29.94 TGAAG T:754.0(21.82%),B:3617.2(16.66%),P:1e-13
		Round 2: -36.39 CGACG T:1870.0(45.70%),B:9617.6(38.41%),P:1e-15
		Round 3: -36.39 CGACG T:1870.0(45.70%),B:9617.6(38.41%),P:1e-15
		=Final=: -37.12 CGACG T:1291.0(42.15%),B:6929.8(34.93%),P:1e-16
		Performing exhaustive masking of motif...
		Reprioritizing potential motifs...
	8 of 20 Initial Sequence: TGGAC... (-9.831)
		Round 1: -16.76 TGGAC T:942.0(26.48%),B:5026.9(22.38%),P:1e-7
		Round 2: -16.76 TGGAC T:942.0(26.48%),B:5026.9(22.38%),P:1e-7
		=Final=: -15.66 TGGAC T:813.0(26.54%),B:4482.3(22.59%),P:1e-6
		Performing exhaustive masking of motif...
		Reprioritizing potential motifs...
	Remaining seeds don't look promising (After initial 5 motifs, logp -7.546 > -9.486)

	Finalizing Enrichment Statistics (new in v3.4)
	Reading input files...
	23695 total sequences read
	Cache length = 11180
	Using binomial scoring
	Checking enrichment of 8 motif(s)
	|0%                                    50%                                  100%|
	=================================================================================
	Output in file: output/homer/finemapped_results/SNRNP70_OSM/homerMotifs.motifs5


	Scanning input files...
	Parsing sequences...
	|0%                                   50%                                  100%|
	================================================================================
	Total number of Oligos: 4096
	Autoadjustment for sequence coverage in background: 1.00x

	Oligos: 4096 of 4106 max
	Tree  : 5460 of 20530 max
	Optimizing memory usage...
	Cache length = 11180
	Using binomial scoring

	Global Optimization Phase: Looking for enriched oligos with up to 2 mismatches...

	Screening oligos 4096 (allowing 0 mismatches):
	|0%                                   50%                                  100%|
	================================================================================
		0.00% skipped, 100.00% checked (4096 of 4096), of those checked:
		0.00% not in target, 0.00% increased p-value, 0.00% high p-value

	Screening oligos 4096 (allowing 1 mismatches):
	|0%                                   50%                                  100%|
	================================================================================
		0.00% skipped, 100.00% checked (4096 of 4096), of those checked:
		0.00% not in target, 50.15% increased p-value, 50.44% high p-value

	Screening oligos 4096 (allowing 2 mismatches):
	|0%                                   50%                                  100%|
	================================================================================
		65.41% skipped, 34.59% checked (1417 of 4096), of those checked:
		0.00% not in target, 30.22% increased p-value, 0.00% high p-value
	Reading input files...
	23695 total sequences read
	Cache length = 11180
	Using binomial scoring

	Local Optimization Phase:
	1 of 20 Initial Sequence: CATCGA... (-88.665)
		Round 1: -178.84 CATCGA T:1546.0(39.64%),B:5525.5(24.31%),P:1e-77
		Round 2: -178.84 CATCGA T:1546.0(39.64%),B:5525.5(24.31%),P:1e-77
		=Final=: -147.68 CATCGA T:1142.0(37.28%),B:4673.1(23.55%),P:1e-64
		Performing exhaustive masking of motif...
		Reprioritizing potential motifs...
	2 of 20 Initial Sequence: GGACGA... (-65.843)
		Round 1: -94.22 GGACGA T:1266.0(33.86%),B:5216.4(23.12%),P:1e-40
		Round 2: -102.55 TGAAGA T:1310.0(34.80%),B:5317.8(23.51%),P:1e-44
		Round 3: -120.95 TGAKGA T:1076.0(29.63%),B:3986.6(18.20%),P:1e-52
		Round 4: -120.95 TGAKGA T:1076.0(29.63%),B:3986.6(18.20%),P:1e-52
		=Final=: -75.48 TGAKGA T:761.0(24.84%),B:3241.0(16.34%),P:1e-32
		Performing exhaustive masking of motif...
		Reprioritizing potential motifs...
	3 of 20 Initial Sequence: CGACGA... (-37.772)
		Round 1: -43.36 CGACGA T:1260.0(33.73%),B:6077.4(26.38%),P:1e-18
		Round 2: -47.80 CGACGA T:1674.0(42.11%),B:8201.5(33.86%),P:1e-20
		Round 3: -47.80 CGACGA T:1674.0(42.11%),B:8201.5(33.86%),P:1e-20
		=Final=: -47.96 CGACGA T:1189.0(38.82%),B:6100.3(30.75%),P:1e-20
		Performing exhaustive masking of motif...
		Reprioritizing potential motifs...
	4 of 20 Initial Sequence: CGTGGA... (-25.807)
		Round 1: -42.03 CGTGGA T:891.0(25.24%),B:4121.8(18.76%),P:1e-18
		Round 2: -42.03 CGTGGA T:891.0(25.24%),B:4121.8(18.76%),P:1e-18
		=Final=: -39.47 CGTGGA T:763.0(24.91%),B:3702.6(18.66%),P:1e-17
		Performing exhaustive masking of motif...
		Reprioritizing potential motifs...
	5 of 20 Initial Sequence: ACGGCG... (-20.541)
		Round 1: -32.29 RCGGCH T:260.0(8.14%),B:991.8(4.87%),P:1e-14
		Round 2: -53.75 GCWGCA T:1069.0(29.47%),B:4846.4(21.67%),P:1e-23
		Round 3: -53.75 GCWGCA T:1069.0(29.47%),B:4846.4(21.67%),P:1e-23
		=Final=: -40.85 GCWGCA T:798.0(26.05%),B:3884.7(19.58%),P:1e-17
		Performing exhaustive masking of motif...
		Reprioritizing potential motifs...
	6 of 20 Initial Sequence: ACGGCC... (-17.566)
		Round 1: -22.08 ACGRCG T:797.0(22.91%),B:4034.4(18.40%),P:1e-9
		Round 2: -24.20 ACGWCG T:492.0(14.84%),B:2301.4(10.95%),P:1e-10
		Round 3: -24.20 ACGWCG T:492.0(14.84%),B:2301.4(10.95%),P:1e-10
		=Final=: -26.17 ACGWCG T:452.0(14.76%),B:2130.8(10.74%),P:1e-11
		Performing exhaustive masking of motif...
		Reprioritizing potential motifs...
	7 of 20 Initial Sequence: TGGCCG... (-17.193)
		Round 1: -29.94 TGGCCG T:158.0(5.03%),B:529.1(2.63%),P:1e-13
		Round 2: -29.94 TGGCCG T:158.0(5.03%),B:529.1(2.63%),P:1e-13
		=Final=: -30.77 TGGCCG T:155.0(5.06%),B:521.8(2.63%),P:1e-13
		Performing exhaustive masking of motif...
		Reprioritizing potential motifs...
	8 of 20 Initial Sequence: ACCAAG... (-14.126)
		Round 1: -16.72 ACCAAG T:119.0(3.81%),B:446.1(2.22%),P:1e-7
		Round 2: -17.24 ACCGAG T:175.0(5.55%),B:725.7(3.59%),P:1e-7
		Round 3: -20.85 TCCGAG T:321.0(9.95%),B:1436.3(6.98%),P:1e-9
		Round 4: -20.85 TCCGAG T:321.0(9.95%),B:1436.3(6.98%),P:1e-9
		=Final=: -22.63 TCCGAG T:307.0(10.02%),B:1377.3(6.94%),P:1e-9
		Performing exhaustive masking of motif...
		Reprioritizing potential motifs...
	9 of 20 Initial Sequence: TCAACG... (-13.690)
		Round 1: -25.78 TCAACG T:1290.0(34.38%),B:6711.8(28.70%),P:1e-11
		Round 2: -26.79 TCTACG T:531.0(15.92%),B:2465.5(11.68%),P:1e-11
		Round 3: -26.79 TCTACG T:531.0(15.92%),B:2465.5(11.68%),P:1e-11
		=Final=: -24.26 TCTACG T:460.0(15.02%),B:2205.5(11.12%),P:1e-10
		Performing exhaustive masking of motif...
		Reprioritizing potential motifs...
	10 of 20 Initial Sequence: TTCCCG... (-13.606)
		Round 1: -28.14 TTCCCG T:286.0(8.92%),B:1164.1(5.70%),P:1e-12
		Round 2: -28.57 TTCCGG T:303.0(9.42%),B:1243.4(6.07%),P:1e-12
		Round 3: -28.57 TTCCGG T:303.0(9.42%),B:1243.4(6.07%),P:1e-12
		=Final=: -25.52 TTCCGG T:277.0(9.04%),B:1180.9(5.95%),P:1e-11
		Performing exhaustive masking of motif...
		Reprioritizing potential motifs...
	11 of 20 Initial Sequence: AATTTG... (-13.445)
		Round 1: -17.14 AATTTG T:126.0(4.03%),B:478.0(2.38%),P:1e-7
		Round 2: -18.11 CGTTTG T:197.0(6.23%),B:823.4(4.06%),P:1e-7
		Round 3: -18.11 CGTTTG T:197.0(6.23%),B:823.4(4.06%),P:1e-7
		=Final=: -25.64 CGTTTG T:230.0(7.51%),B:933.3(4.70%),P:1e-11
		Performing exhaustive masking of motif...
		Reprioritizing potential motifs...
	12 of 20 Initial Sequence: CCGTGG... (-10.776)
		Round 1: -17.24 ATGTGC T:225.0(7.08%),B:979.4(4.81%),P:1e-7
		Round 2: -18.37 ATGTGC T:271.0(8.47%),B:1210.4(5.92%),P:1e-7
		Round 3: -18.37 ATGTGC T:271.0(8.47%),B:1210.4(5.92%),P:1e-7
		=Final=: -18.16 ATGTGC T:257.0(8.39%),B:1165.6(5.88%),P:1e-7
		Performing exhaustive masking of motif...
		Reprioritizing potential motifs...
	13 of 20 Initial Sequence: GACGGC... (-11.235)
		Round 1: -22.83 GACGGC T:58.0(1.88%),B:140.3(0.70%),P:1e-9
		Round 2: -22.83 GACGGC T:58.0(1.88%),B:140.3(0.70%),P:1e-9
		=Final=: -24.12 GACGGC T:58.0(1.89%),B:138.1(0.70%),P:1e-10
		Performing exhaustive masking of motif...
		Reprioritizing potential motifs...
	14 of 20 Initial Sequence: TGAAGG... (-10.313)
		Round 1: -18.37 TGAAGG T:424.0(12.93%),B:2042.8(9.78%),P:1e-7
		Round 2: -18.37 TGAAGG T:424.0(12.93%),B:2042.8(9.78%),P:1e-7
		=Final=: -19.32 TGAAGG T:178.0(5.81%),B:730.2(3.68%),P:1e-8
		Performing exhaustive masking of motif...
		Reprioritizing potential motifs...
	15 of 20 Initial Sequence: GACAAC... (-9.500)
		Round 1: -10.32 GACAAC T:91.0(2.93%),B:370.0(1.85%),P:1e-4
		Round 2: -10.32 GACAAC T:91.0(2.93%),B:370.0(1.85%),P:1e-4
		=Final=: -10.20 GACAAC T:27.0(0.88%),B:72.1(0.36%),P:1e-4
		Performing exhaustive masking of motif...
		Reprioritizing potential motifs...
	Remaining seeds don't look promising (After initial 5 motifs, logp -9.361 > -9.486)

	Finalizing Enrichment Statistics (new in v3.4)
	Reading input files...
	23695 total sequences read
	Cache length = 11180
	Using binomial scoring
	Checking enrichment of 15 motif(s)
	|0%                                    50%                                  100%|
	=================================================================================
	Output in file: output/homer/finemapped_results/SNRNP70_OSM/homerMotifs.motifs6


	Scanning input files...
	Parsing sequences...
	|0%                                   50%                                  100%|
	================================================================================
	Total number of Oligos: 16384
	Autoadjustment for sequence coverage in background: 1.00x

	Oligos: 16384 of 16394 max
	Tree  : 21844 of 81970 max
	Optimizing memory usage...
	Cache length = 11180
	Using binomial scoring

	Global Optimization Phase: Looking for enriched oligos with up to 2 mismatches...

	Screening oligos 16384 (allowing 0 mismatches):
	|0%                                   50%                                  100%|
	================================================================================
		2.06% skipped, 97.94% checked (16046 of 16384), of those checked:
		2.06% not in target, 0.00% increased p-value, 0.00% high p-value

	Screening oligos 16384 (allowing 1 mismatches):
	|0%                                   50%                                  100%|
	================================================================================
		2.06% skipped, 97.94% checked (16046 of 16384), of those checked:
		0.00% not in target, 44.56% increased p-value, 52.78% high p-value

	Screening oligos 16384 (allowing 2 mismatches):
	|0%                                   50%                                  100%|
	================================================================================
		66.11% skipped, 33.89% checked (5553 of 16384), of those checked:
		0.00% not in target, 17.20% increased p-value, 0.00% high p-value
	Reading input files...
	23695 total sequences read
	Cache length = 11180
	Using binomial scoring

	Local Optimization Phase:
	1 of 20 Initial Sequence: ACGACGA... (-175.116)
		Round 1: -193.23 ACGACGA T:2033.0(48.51%),B:7521.0(31.55%),P:1e-83
		Round 2: -193.23 ACGACGA T:2033.0(48.51%),B:7521.0(31.55%),P:1e-83
		=Final=: -123.53 ACGACGA T:1185.0(38.69%),B:5135.5(25.88%),P:1e-53
		Performing exhaustive masking of motif...
		Reprioritizing potential motifs...
	2 of 20 Initial Sequence: CATCATC... (-80.554)
		Round 1: -137.19 CATCATC T:1249.0(33.49%),B:4612.4(20.74%),P:1e-59
		Round 2: -158.57 CATCAAC T:1654.0(41.73%),B:6234.7(26.96%),P:1e-68
		Round 3: -162.73 CDTCAAC T:1651.0(41.67%),B:6169.4(26.72%),P:1e-70
		Round 4: -162.73 CDTCAAC T:1651.0(41.67%),B:6169.4(26.72%),P:1e-70
		=Final=: -98.21 CDTCAAC T:1084.0(35.39%),B:4812.3(24.26%),P:1e-42
		Performing exhaustive masking of motif...
		Reprioritizing potential motifs...
	3 of 20 Initial Sequence: TGCAGAA... (-40.113)
		Round 1: -85.65 TGCAGAA T:1217.0(32.79%),B:5092.8(22.64%),P:1e-37
		Round 2: -93.41 TGCWGAA T:1773.0(43.95%),B:7743.7(32.31%),P:1e-40
		Round 3: -93.41 TGCWGAA T:1773.0(43.95%),B:7743.7(32.31%),P:1e-40
		=Final=: -82.77 TGCWGAA T:1276.0(41.66%),B:6121.3(30.85%),P:1e-35
		Performing exhaustive masking of motif...
		Reprioritizing potential motifs...
	4 of 20 Initial Sequence: TTTGACG... (-29.134)
		Round 1: -46.03 TTTGACG T:703.0(20.51%),B:3067.2(14.32%),P:1e-19
		Round 2: -46.45 TTTGACG T:617.0(18.25%),B:2614.5(12.34%),P:1e-20
		Round 3: -66.29 TTKGMCG T:1037.0(28.72%),B:4472.8(20.18%),P:1e-28
		Round 4: -66.29 TTKGMCG T:1037.0(28.72%),B:4472.8(20.18%),P:1e-28
		=Final=: -68.91 TTKGMCG T:761.0(24.84%),B:3310.6(16.69%),P:1e-29
		Performing exhaustive masking of motif...
		Reprioritizing potential motifs...
	5 of 20 Initial Sequence: GCGATTT... (-29.945)
		Round 1: -29.95 GCGATTT T:16.0(0.52%),B:7.5(0.04%),P:1e-13
		Round 2: -29.95 GCGATTT T:16.0(0.52%),B:7.5(0.04%),P:1e-13
		=Final=: -30.48 GCGATTT T:16.0(0.52%),B:7.5(0.04%),P:1e-13
		Performing exhaustive masking of motif...
		Reprioritizing potential motifs...
	6 of 20 Initial Sequence: TTATCCA... (-27.177)
		Round 1: -30.32 TTATCCA T:29.0(0.94%),B:30.7(0.15%),P:1e-13
		Round 2: -30.32 TTATCCA T:29.0(0.94%),B:30.7(0.15%),P:1e-13
		=Final=: -31.36 TTATCCA T:29.0(0.95%),B:30.2(0.15%),P:1e-13
		Performing exhaustive masking of motif...
		Reprioritizing potential motifs...
	7 of 20 Initial Sequence: CGTGGAC... (-22.978)
		Round 1: -45.63 CGTGGAC T:539.0(16.14%),B:2232.5(10.64%),P:1e-19
		Round 2: -45.63 CGTGGAC T:539.0(16.14%),B:2232.5(10.64%),P:1e-19
		=Final=: -46.40 CGTGGAC T:501.0(16.36%),B:2140.7(10.79%),P:1e-20
		Performing exhaustive masking of motif...
		Reprioritizing potential motifs...
	8 of 20 Initial Sequence: ACTCGAC... (-20.156)
		Round 1: -20.16 ACTCGAC T:10.0(0.33%),B:4.8(0.02%),P:1e-8
		Round 2: -20.16 ACTCGAC T:10.0(0.33%),B:4.8(0.02%),P:1e-8
		=Final=: -20.50 ACTCGAC T:10.0(0.33%),B:4.8(0.02%),P:1e-8
		Performing exhaustive masking of motif...
		Reprioritizing potential motifs...
	9 of 20 Initial Sequence: CTACCTG... (-18.073)
		Round 1: -24.73 CTACCTG T:276.0(8.62%),B:1148.6(5.62%),P:1e-10
		Round 2: -24.73 CTACCTG T:276.0(8.62%),B:1148.6(5.62%),P:1e-10
		=Final=: -24.07 CTACCTG T:261.0(8.52%),B:1113.0(5.61%),P:1e-10
		Performing exhaustive masking of motif...
		Reprioritizing potential motifs...
	10 of 20 Initial Sequence: GCCGGCG... (-14.491)
		Round 1: -19.51 GCCGGCG T:685.0(20.04%),B:3469.8(16.04%),P:1e-8
		Round 2: -26.27 GCCDGCG T:445.0(13.52%),B:2015.9(9.66%),P:1e-11
		Round 3: -26.27 GCCDGCG T:445.0(13.52%),B:2015.9(9.66%),P:1e-11
		=Final=: -28.01 GCCDGCG T:366.0(11.95%),B:1628.6(8.21%),P:1e-12
		Performing exhaustive masking of motif...
		Reprioritizing potential motifs...
	11 of 20 Initial Sequence: ACGGCCG... (-12.445)
		Round 1: -13.14 ACGGCCG T:25.0(0.81%),B:51.8(0.26%),P:1e-5
		Round 2: -14.50 ACGGCCT T:37.0(1.20%),B:91.8(0.46%),P:1e-6
		Round 3: -14.50 ACGGCCT T:37.0(1.20%),B:91.8(0.46%),P:1e-6
		=Final=: -15.50 ACGGCCT T:37.0(1.21%),B:90.8(0.46%),P:1e-6
		Performing exhaustive masking of motif...
		Reprioritizing potential motifs...
	12 of 20 Initial Sequence: ACGACTC... (-11.597)
		Round 1: -1.62 ACGACTD T:9.0(0.29%),B:37.9(0.19%),P:1e0
		Round 2: -7.01 ACGAMKG T:105.0(3.37%),B:489.4(2.43%),P:1e-3
		Round 3: -13.98 ACCAAGG T:50.0(1.62%),B:147.9(0.74%),P:1e-6
		Round 4: -13.98 ACCAAGG T:50.0(1.62%),B:147.9(0.74%),P:1e-6
		=Final=: -14.96 ACCAAGG T:43.0(1.40%),B:117.0(0.59%),P:1e-6
		Performing exhaustive masking of motif...
		Reprioritizing potential motifs...
	13 of 20 Initial Sequence: TCGTCAA... (-11.224)
		Round 1: -23.40 TCGTCAA T:77.0(2.48%),B:215.8(1.08%),P:1e-10
		Round 2: -23.40 TCGTCAA T:77.0(2.48%),B:215.8(1.08%),P:1e-10
		=Final=: -24.06 TCGTCAA T:77.0(2.51%),B:214.3(1.08%),P:1e-10
		Performing exhaustive masking of motif...
		Reprioritizing potential motifs...
	14 of 20 Initial Sequence: CCCGATA... (-10.776)
		Round 1: -10.78 CCCGATA T:5.0(0.16%),B:1.9(0.01%),P:1e-4
		Round 2: -10.78 CCCGATA T:5.0(0.16%),B:1.9(0.01%),P:1e-4
		=Final=: -14.26 CCCGATA T:5.0(0.16%),B:1.9(0.01%),P:1e-6
		Performing exhaustive masking of motif...
		Reprioritizing potential motifs...
	Remaining seeds don't look promising (After initial 5 motifs, logp -8.792 > -9.486)

	Finalizing Enrichment Statistics (new in v3.4)
	Reading input files...
	23695 total sequences read
	Cache length = 11180
	Using binomial scoring
	Checking enrichment of 14 motif(s)
	|0%                                    50%                                  100%|
	=================================================================================
	Output in file: output/homer/finemapped_results/SNRNP70_OSM/homerMotifs.motifs7


	Scanning input files...
	Parsing sequences...
	|0%                                   50%                                  100%|
	================================================================================
	Total number of Oligos: 65095
	Autoadjustment for sequence coverage in background: 1.00x

	Oligos: 65095 of 65546 max
	Tree  : 87368 of 327730 max
	Optimizing memory usage...
	Cache length = 11180
	Using binomial scoring

	Global Optimization Phase: Looking for enriched oligos with up to 2 mismatches...

	Screening oligos 65095 (allowing 0 mismatches):
	|0%                                   50%                                  100%|
	================================================================================
		20.33% skipped, 79.67% checked (51860 of 65095), of those checked:
		20.33% not in target, 0.00% increased p-value, 0.00% high p-value

	Screening oligos 65095 (allowing 1 mismatches):
	|0%                                   50%                                  100%|
	================================================================================
		20.33% skipped, 79.67% checked (51860 of 65095), of those checked:
		0.00% not in target, 36.56% increased p-value, 42.99% high p-value

	Screening oligos 65095 (allowing 2 mismatches):
	|0%                                   50%                                  100%|
	================================================================================
		73.36% skipped, 26.64% checked (17343 of 65095), of those checked:
		0.00% not in target, 11.16% increased p-value, 0.00% high p-value
	Reading input files...
	23695 total sequences read
	Cache length = 11180
	Using binomial scoring

	Local Optimization Phase:
	1 of 20 Initial Sequence: GACGACGA... (-137.656)
		Round 1: -145.99 GACGACGA T:1029.0(28.54%),B:3539.9(16.34%),P:1e-63
		Round 2: -147.53 GACGACGA T:996.0(27.76%),B:3378.4(15.65%),P:1e-64
		Round 3: -201.39 GACGACGA T:1665.0(41.94%),B:5816.4(25.41%),P:1e-87
		Round 4: -201.39 GACGACGA T:1665.0(41.94%),B:5816.4(25.41%),P:1e-87
		=Final=: -146.13 GACGACGA T:1021.0(33.33%),B:4020.6(20.27%),P:1e-63
		Performing exhaustive masking of motif...
		Reprioritizing potential motifs...
	2 of 20 Initial Sequence: CATCAACG... (-86.258)
		Round 1: -136.30 CATCAACG T:1434.0(37.39%),B:5481.3(24.14%),P:1e-59
		Round 2: -172.14 CATCAACG T:1561.0(39.93%),B:5662.2(24.83%),P:1e-74
		Round 3: -176.23 CATCAWCG T:1838.0(45.13%),B:6858.4(29.22%),P:1e-76
		Round 4: -186.46 CRTCAWCR T:1635.0(41.37%),B:5840.1(25.50%),P:1e-80
		Round 5: -186.46 CRTCAWCR T:1635.0(41.37%),B:5840.1(25.50%),P:1e-80
		=Final=: -108.03 CRTCAWCR T:998.0(32.58%),B:4226.9(21.31%),P:1e-46
		Performing exhaustive masking of motif...
		Reprioritizing potential motifs...
	3 of 20 Initial Sequence: TGCGATTT... (-56.103)
		Round 1: -56.10 TGCGATTT T:16.0(0.52%),B:2.2(0.01%),P:1e-24
		Round 2: -56.10 TGCGATTT T:16.0(0.52%),B:2.2(0.01%),P:1e-24
		=Final=: -49.80 TGCGATTT T:16.0(0.52%),B:2.2(0.01%),P:1e-21
		Performing exhaustive masking of motif...
		Reprioritizing potential motifs...
	4 of 20 Initial Sequence: GCAGCAGC... (-54.359)
		Round 1: -91.25 GCAGCAGC T:904.0(25.56%),B:3490.1(16.13%),P:1e-39
		Round 2: -97.82 GCAGCAGC T:1718.0(42.94%),B:7393.9(31.11%),P:1e-42
		Round 3: -107.90 GCWGCAGC T:2226.0(51.66%),B:9723.3(38.74%),P:1e-46
		Round 4: -107.90 GCWGCAGC T:2226.0(51.66%),B:9723.3(38.74%),P:1e-46
		=Final=: -60.36 GCWGCAGC T:1321.0(43.13%),B:6708.3(33.81%),P:1e-26
		Performing exhaustive masking of motif...
		Reprioritizing potential motifs...
	5 of 20 Initial Sequence: GTGCTGAC... (-41.744)
		Round 1: -41.74 GTGCTGAC T:27.0(0.88%),B:16.4(0.08%),P:1e-18
		Round 2: -41.74 GTGCTGAC T:27.0(0.88%),B:16.4(0.08%),P:1e-18
		=Final=: -42.61 GTGCTGAC T:27.0(0.88%),B:16.4(0.08%),P:1e-18
		Performing exhaustive masking of motif...
		Reprioritizing potential motifs...
	6 of 20 Initial Sequence: CTTATCCA... (-35.576)
		Round 1: -41.83 CTTATCCA T:19.0(0.62%),B:6.1(0.03%),P:1e-18
		Round 2: -41.83 CTTATCCA T:19.0(0.62%),B:6.1(0.03%),P:1e-18
		=Final=: -41.72 CTTATCCA T:19.0(0.62%),B:6.1(0.03%),P:1e-18
		Performing exhaustive masking of motif...
		Reprioritizing potential motifs...
	7 of 20 Initial Sequence: CATAATTT... (-26.410)
		Round 1: -26.41 CATAATTT T:12.0(0.39%),B:4.7(0.02%),P:1e-11
		Round 2: -26.41 CATAATTT T:12.0(0.39%),B:4.7(0.02%),P:1e-11
		=Final=: -26.36 CATAATTT T:12.0(0.39%),B:4.7(0.02%),P:1e-11
		Performing exhaustive masking of motif...
		Reprioritizing potential motifs...
	8 of 20 Initial Sequence: TGGTGGAC... (-25.792)
		Round 1: -31.76 TGGTGGAC T:34.0(1.10%),B:40.7(0.20%),P:1e-13
		Round 2: -38.85 TTGAGGAC T:65.0(2.10%),B:116.9(0.58%),P:1e-16
		Round 3: -40.52 TTGWGGAC T:65.0(2.10%),B:112.3(0.56%),P:1e-17
		Round 4: -40.52 TTGWGGAC T:65.0(2.10%),B:112.3(0.56%),P:1e-17
		=Final=: -42.31 TTGWGGAC T:65.0(2.12%),B:110.8(0.56%),P:1e-18
		Performing exhaustive masking of motif...
		Reprioritizing potential motifs...
	9 of 20 Initial Sequence: ACTCGACT... (-20.289)
		Round 1: -29.41 ACTCGACT T:14.0(0.46%),B:5.6(0.03%),P:1e-12
		Round 2: -29.41 ACTCGACT T:14.0(0.46%),B:5.6(0.03%),P:1e-12
		=Final=: -29.56 ACTCGACT T:14.0(0.46%),B:5.6(0.03%),P:1e-12
		Performing exhaustive masking of motif...
		Reprioritizing potential motifs...
	10 of 20 Initial Sequence: CAAATTTG... (-19.110)
		Round 1: -40.84 CAAATTTG T:173.0(5.49%),B:525.2(2.61%),P:1e-17
		Round 2: -40.84 CAAATTTG T:173.0(5.49%),B:525.2(2.61%),P:1e-17
		=Final=: -41.61 CAAATTTG T:169.0(5.52%),B:518.6(2.61%),P:1e-18
		Performing exhaustive masking of motif...
		Reprioritizing potential motifs...
	11 of 20 Initial Sequence: CGTTTGAG... (-17.926)
		Round 1: -21.75 CGTTTGAG T:8.0(0.26%),B:2.8(0.01%),P:1e-9
		Round 2: -32.88 YGATTGAG T:57.0(1.84%),B:105.8(0.53%),P:1e-14
		Round 3: -44.46 YGWTYGAC T:146.0(4.66%),B:392.2(1.96%),P:1e-19
		Round 4: -44.46 YGWTYGAC T:146.0(4.66%),B:392.2(1.96%),P:1e-19
		=Final=: -41.83 YGWTYGAC T:140.0(4.57%),B:392.2(1.98%),P:1e-18
		Performing exhaustive masking of motif...
		Reprioritizing potential motifs...
	12 of 20 Initial Sequence: CGGCTGTT... (-17.926)
		Round 1: -23.82 CGGCTGTT T:17.0(0.55%),B:12.3(0.06%),P:1e-10
		Round 2: -23.82 CGGCTGTT T:17.0(0.55%),B:12.3(0.06%),P:1e-10
		=Final=: -24.80 CGGCTGTT T:17.0(0.56%),B:12.3(0.06%),P:1e-10
		Performing exhaustive masking of motif...
		Reprioritizing potential motifs...
	13 of 20 Initial Sequence: CTATGCCA... (-16.822)
		Round 1: -27.62 CTATGCCA T:254.0(7.96%),B:1006.1(4.94%),P:1e-11
		Round 2: -29.67 CTATGCCA T:234.0(7.36%),B:889.9(4.38%),P:1e-12
		Round 3: -31.51 CTATGCCR T:361.0(11.12%),B:1502.4(7.29%),P:1e-13
		Round 4: -31.51 CTATGCCR T:361.0(11.12%),B:1502.4(7.29%),P:1e-13
		=Final=: -30.52 CTATGCCR T:336.0(10.97%),B:1436.8(7.24%),P:1e-13
		Performing exhaustive masking of motif...
		Reprioritizing potential motifs...
	14 of 20 Initial Sequence: CCGAGGGC... (-17.720)
		Round 1: -20.10 CCGAGGGC T:20.0(0.65%),B:22.7(0.11%),P:1e-8
		Round 2: -21.79 TCGAAGGC T:31.0(1.01%),B:49.6(0.25%),P:1e-9
		Round 3: -24.65 CCGATGGC T:35.0(1.14%),B:55.2(0.28%),P:1e-10
		Round 4: -24.65 CCGATGGC T:35.0(1.14%),B:55.2(0.28%),P:1e-10
		=Final=: -24.17 CCGATGGC T:34.0(1.11%),B:55.2(0.28%),P:1e-10
		Performing exhaustive masking of motif...
		Reprioritizing potential motifs...
	15 of 20 Initial Sequence: CAGGGCGA... (-17.651)
		Round 1: -20.41 CAGGGCGA T:16.0(0.52%),B:13.6(0.07%),P:1e-8
		Round 2: -20.41 CAGGGCGA T:16.0(0.52%),B:13.6(0.07%),P:1e-8
		=Final=: -21.44 CAGGGCGA T:16.0(0.52%),B:13.6(0.07%),P:1e-9
		Performing exhaustive masking of motif...
		Reprioritizing potential motifs...
	16 of 20 Initial Sequence: CTCCCCTG... (-15.882)
		Round 1: -17.77 CTCCCCTG T:49.0(1.59%),B:125.9(0.63%),P:1e-7
		Round 2: -17.77 CTCCCCTG T:49.0(1.59%),B:125.9(0.63%),P:1e-7
		=Final=: -16.60 CTCCCCTG T:47.0(1.53%),B:125.9(0.63%),P:1e-7
		Performing exhaustive masking of motif...
		Reprioritizing potential motifs...
	17 of 20 Initial Sequence: CTGGCCGT... (-15.016)
		Round 1: -23.82 CTGGCCGT T:13.0(0.42%),B:6.6(0.03%),P:1e-10
		Round 2: -23.82 CTGGCCGT T:13.0(0.42%),B:6.6(0.03%),P:1e-10
		=Final=: -24.43 CTGGCCGT T:13.0(0.42%),B:6.6(0.03%),P:1e-10
		Performing exhaustive masking of motif...
		Reprioritizing potential motifs...
	18 of 20 Initial Sequence: AAGATCAA... (-14.529)
		Round 1: -27.50 AAGATCAA T:105.0(3.37%),B:310.9(1.55%),P:1e-11
		Round 2: -40.39 AAGATCAA T:174.0(5.52%),B:533.9(2.65%),P:1e-17
		Round 3: -41.49 AAGRTCRA T:218.0(6.87%),B:718.6(3.55%),P:1e-18
		Round 4: -42.18 MAGDTCRA T:222.0(6.99%),B:733.2(3.63%),P:1e-18
		Round 5: -42.18 MAGDTCRA T:222.0(6.99%),B:733.2(3.63%),P:1e-18
		=Final=: -41.04 MAGDTCRA T:213.0(6.95%),B:722.6(3.64%),P:1e-17
		Performing exhaustive masking of motif...
		Reprioritizing potential motifs...
	19 of 20 Initial Sequence: AGTCAGCG... (-14.261)
		Round 1: -17.93 AGTCAGCG T:7.0(0.23%),B:2.9(0.01%),P:1e-7
		Round 2: -17.93 AGTCAGCG T:7.0(0.23%),B:2.9(0.01%),P:1e-7
		=Final=: -17.03 AGTCAGCG T:7.0(0.23%),B:2.9(0.01%),P:1e-7
		Performing exhaustive masking of motif...
		Reprioritizing potential motifs...
	20 of 20 Initial Sequence: GGGTAGTC... (-14.261)
		Round 1: -14.26 GGGTAGTC T:6.0(0.20%),B:3.0(0.01%),P:1e-6
		Round 2: -14.26 GGGTAGTC T:6.0(0.20%),B:3.0(0.01%),P:1e-6
		=Final=: -13.90 GGGTAGTC T:6.0(0.20%),B:3.0(0.02%),P:1e-6
		Performing exhaustive masking of motif...
		Reprioritizing potential motifs...

	Finalizing Enrichment Statistics (new in v3.4)
	Reading input files...
	23695 total sequences read
	Cache length = 11180
	Using binomial scoring
	Checking enrichment of 20 motif(s)
	|0%                                    50%                                  100%|
	=================================================================================
	Output in file: output/homer/finemapped_results/SNRNP70_OSM/homerMotifs.motifs8


	Scanning input files...
	Parsing sequences...
	|0%                                   50%                                  100%|
	================================================================================
	Total number of Oligos: 233868
	Autoadjustment for sequence coverage in background: 1.00x

	Oligos: 233868 of 262154 max
	Tree  : 339292 of 1310770 max
	Optimizing memory usage...
	Cache length = 11180
	Using binomial scoring

	Global Optimization Phase: Looking for enriched oligos with up to 2 mismatches...

	Screening oligos 233868 (allowing 0 mismatches):
	|0%                                   50%                                  100%|
	================================================================================
		52.91% skipped, 47.09% checked (110139 of 233868), of those checked:
		52.91% not in target, 0.00% increased p-value, 0.00% high p-value

	Screening oligos 233868 (allowing 1 mismatches):
	|0%                                   50%                                  100%|
	================================================================================
		52.91% skipped, 47.09% checked (110139 of 233868), of those checked:
		0.00% not in target, 26.99% increased p-value, 19.48% high p-value

	Screening oligos 233868 (allowing 2 mismatches):
	|0%                                   50%                                  100%|
	================================================================================
		85.50% skipped, 14.50% checked (33922 of 233868), of those checked:
		0.00% not in target, 6.12% increased p-value, 0.00% high p-value
	Reading input files...
	23695 total sequences read
	Cache length = 11180
	Using binomial scoring

	Local Optimization Phase:
	1 of 20 Initial Sequence: CGTGGAGGA... (-110.953)
		Round 1: -176.82 CGTGGAGGA T:2075.0(49.21%),B:7919.6(32.91%),P:1e-76
		Round 2: -201.54 SGWGGAGGA T:2124.0(50.02%),B:7830.0(32.60%),P:1e-87
		Round 3: -225.49 SVWGGAGGA T:2551.0(56.52%),B:9390.9(37.70%),P:1e-97
		Round 4: -257.90 SVWGRASRA T:2489.0(55.64%),B:8732.2(35.60%),P:1e-112
		Round 5: -286.16 SVAGVWSRW T:2853.0(60.61%),B:9901.7(39.29%),P:1e-124
		Round 6: -304.47 GRAGRAGRA T:2876.0(60.90%),B:9780.3(38.92%),P:1e-132
		Round 7: -304.47 GRAGRAGRA T:2876.0(60.90%),B:9780.3(38.92%),P:1e-132
		=Final=: -147.22 GRAGRAGRA T:1154.0(37.68%),B:4744.9(23.92%),P:1e-63
		Performing exhaustive masking of motif...
		Reprioritizing potential motifs...
	2 of 20 Initial Sequence: ATGTGCTGA... (-89.797)
		Round 1: -89.80 ATGTGCTGA T:23.0(0.75%),B:1.6(0.01%),P:1e-38
		Round 2: -89.80 ATGTGCTGA T:23.0(0.75%),B:1.6(0.01%),P:1e-38
		=Final=: -94.81 ATGTGCTGA T:23.0(0.75%),B:1.6(0.01%),P:1e-41
		Performing exhaustive masking of motif...
		Reprioritizing potential motifs...
	3 of 20 Initial Sequence: ACATCATCA... (-58.929)
		Round 1: -92.77 ACATCATCA T:978.0(27.34%),B:3832.3(17.56%),P:1e-40
		Round 2: -99.10 WCATCATCA T:859.0(24.46%),B:3199.8(14.89%),P:1e-43
		Round 3: -108.03 WCWTCATCA T:1644.0(41.54%),B:6862.9(29.24%),P:1e-46
		Round 4: -108.03 WCWTCATCA T:1644.0(41.54%),B:6862.9(29.24%),P:1e-46
		=Final=: -56.43 WCWTCATCA T:377.0(12.31%),B:1401.7(7.06%),P:1e-24
		Performing exhaustive masking of motif...
		Reprioritizing potential motifs...
	4 of 20 Initial Sequence: TTATCCATT... (-56.103)
		Round 1: -66.19 TTATCCATT T:21.0(0.68%),B:3.8(0.02%),P:1e-28
		Round 2: -66.19 TTATCCATT T:21.0(0.68%),B:3.8(0.02%),P:1e-28
		=Final=: -62.05 TTATCCATT T:21.0(0.69%),B:3.8(0.02%),P:1e-26
		Performing exhaustive masking of motif...
		Reprioritizing potential motifs...
	5 of 20 Initial Sequence: GATTTCCCC... (-51.521)
		Round 1: -60.75 GATTTCCCC T:17.0(0.55%),B:2.4(0.01%),P:1e-26
		Round 2: -60.75 GATTTCCCC T:17.0(0.55%),B:2.4(0.01%),P:1e-26
		=Final=: -53.82 GATTTCCCC T:17.0(0.56%),B:2.4(0.01%),P:1e-23
		Performing exhaustive masking of motif...
		Reprioritizing potential motifs...
	6 of 20 Initial Sequence: CTTTGACGA... (-49.288)
		Round 1: -71.30 CTTTGACGA T:588.0(17.47%),B:2195.9(10.47%),P:1e-30
		Round 2: -71.30 CTTTGACGA T:588.0(17.47%),B:2195.9(10.47%),P:1e-30
		=Final=: -70.17 CTTTGACGA T:537.0(17.53%),B:2097.5(10.57%),P:1e-30
		Performing exhaustive masking of motif...
		Reprioritizing potential motifs...
	7 of 20 Initial Sequence: GCAGCTGCT... (-32.346)
		Round 1: -55.34 GCAGCTGCT T:395.0(12.10%),B:1426.5(6.93%),P:1e-24
		Round 2: -68.48 GCAGCTGCT T:482.0(14.56%),B:1722.3(8.31%),P:1e-29
		Round 3: -68.48 GCAGCTGCT T:482.0(14.56%),B:1722.3(8.31%),P:1e-29
		=Final=: -46.66 GCAGCTGCT T:356.0(11.62%),B:1378.1(6.95%),P:1e-20
		Performing exhaustive masking of motif...
		Reprioritizing potential motifs...
	8 of 20 Initial Sequence: GTGGGAAAC... (-30.729)
		Round 1: -42.32 GTGGGAAAC T:18.0(0.59%),B:5.4(0.03%),P:1e-18
		Round 2: -45.70 GTTGGAACC T:19.0(0.62%),B:6.0(0.03%),P:1e-19
		Round 3: -45.70 GTTGGAACC T:19.0(0.62%),B:6.0(0.03%),P:1e-19
		=Final=: -45.04 GTTGGAACC T:19.0(0.62%),B:6.0(0.03%),P:1e-19
		Performing exhaustive masking of motif...
		Reprioritizing potential motifs...
	9 of 20 Initial Sequence: ATAATTTGT... (-29.767)
		Round 1: -34.39 ATAATTTGT T:13.0(0.42%),B:3.1(0.02%),P:1e-14
		Round 2: -36.43 AYAATTTGT T:15.0(0.49%),B:4.6(0.02%),P:1e-15
		Round 3: -36.43 AYAATTTGT T:15.0(0.49%),B:4.6(0.02%),P:1e-15
		=Final=: -35.74 AYAATTTGT T:15.0(0.49%),B:4.6(0.02%),P:1e-15
		Performing exhaustive masking of motif...
		Reprioritizing potential motifs...
	10 of 20 Initial Sequence: GGGCCTGCG... (-26.656)
		Round 1: -35.94 GGGCCTGCG T:22.0(0.72%),B:12.1(0.06%),P:1e-15
		Round 2: -36.95 GGGCCTACG T:31.0(1.01%),B:27.7(0.14%),P:1e-16
		Round 3: -36.95 GGGCCTACG T:31.0(1.01%),B:27.7(0.14%),P:1e-16
		=Final=: -37.98 GGGCCTACG T:31.0(1.01%),B:27.7(0.14%),P:1e-16
		Performing exhaustive masking of motif...
		Reprioritizing potential motifs...
	11 of 20 Initial Sequence: GTCTACCTG... (-25.697)
		Round 1: -41.87 GTCTACCTG T:21.0(0.68%),B:8.1(0.04%),P:1e-18
		Round 2: -41.87 GTCTACCTG T:21.0(0.68%),B:8.1(0.04%),P:1e-18
		=Final=: -42.18 GTCTACCTG T:21.0(0.69%),B:8.1(0.04%),P:1e-18
		Performing exhaustive masking of motif...
		Reprioritizing potential motifs...
	12 of 20 Initial Sequence: GACGATGAT... (-23.749)
		Round 1: -38.49 GACGATGAT T:126.0(4.03%),B:340.6(1.70%),P:1e-16
		Round 2: -38.49 GACGATGAT T:126.0(4.03%),B:340.6(1.70%),P:1e-16
		=Final=: -34.63 GACGATGAT T:109.0(3.56%),B:297.2(1.50%),P:1e-15
		Performing exhaustive masking of motif...
		Reprioritizing potential motifs...
	13 of 20 Initial Sequence: TACTACGAC... (-22.284)
		Round 1: -36.00 TACTACGAC T:98.0(3.15%),B:241.9(1.21%),P:1e-15
		Round 2: -37.53 TACTACGAC T:242.0(7.60%),B:857.4(4.23%),P:1e-16
		Round 3: -38.02 TACTACGNC T:261.0(8.17%),B:945.6(4.65%),P:1e-16
		Round 4: -44.03 TWCTAYGDC T:308.0(9.57%),B:1116.0(5.47%),P:1e-19
		Round 5: -45.90 TWCWACGNC T:292.0(9.09%),B:1023.4(5.03%),P:1e-19
		Round 6: -45.90 TWCWACGNC T:292.0(9.09%),B:1023.4(5.03%),P:1e-19
		=Final=: -42.51 TWCWACGNC T:271.0(8.85%),B:989.7(4.99%),P:1e-18
		Performing exhaustive masking of motif...
		Reprioritizing potential motifs...
	14 of 20 Initial Sequence: CCAGGGCGA... (-21.745)
		Round 1: -51.83 CSAGGGCGA T:31.0(1.01%),B:16.0(0.08%),P:1e-22
		Round 2: -51.83 CSAGGGCGA T:31.0(1.01%),B:16.0(0.08%),P:1e-22
		=Final=: -52.58 CSAGGGCGA T:31.0(1.01%),B:16.0(0.08%),P:1e-22
		Performing exhaustive masking of motif...
		Reprioritizing potential motifs...
	15 of 20 Initial Sequence: CGCTCCCCT... (-21.745)
		Round 1: -23.21 CGCTCCCCT T:47.0(1.52%),B:98.9(0.49%),P:1e-10
		Round 2: -23.37 CGCTMCCCT T:46.0(1.49%),B:94.9(0.47%),P:1e-10
		Round 3: -24.69 CGCTMCSYT T:22.0(0.72%),B:21.3(0.11%),P:1e-10
		Round 4: -24.69 CGCTMCSYT T:22.0(0.72%),B:21.3(0.11%),P:1e-10
		=Final=: -25.74 CGCTMCSYT T:22.0(0.72%),B:21.3(0.11%),P:1e-11
		Performing exhaustive masking of motif...
		Reprioritizing potential motifs...
	16 of 20 Initial Sequence: CAGGCCCGG... (-21.745)
		Round 1: -29.77 CAGGCCCGG T:10.0(0.33%),B:2.9(0.01%),P:1e-12
		Round 2: -29.77 CAGGCCCGG T:10.0(0.33%),B:2.9(0.01%),P:1e-12
		=Final=: -27.15 CAGGCCCGG T:10.0(0.33%),B:2.9(0.01%),P:1e-11
		Performing exhaustive masking of motif...
		Reprioritizing potential motifs...
	17 of 20 Initial Sequence: ATCGTGGAC... (-20.094)
		Round 1: -32.54 ATCGTGGAC T:200.0(6.32%),B:701.7(3.47%),P:1e-14
		Round 2: -37.34 ATCGTGGAC T:271.0(8.47%),B:997.8(4.90%),P:1e-16
		Round 3: -37.38 DTCSTGGAS T:307.0(9.54%),B:1171.2(5.73%),P:1e-16
		Round 4: -43.22 ATCGTGGAS T:95.0(3.05%),B:204.6(1.02%),P:1e-18
		Round 5: -44.72 WTCGTGGAS T:98.0(3.15%),B:210.2(1.05%),P:1e-19
		Round 6: -48.99 WTCGTGGAS T:130.0(4.16%),B:312.8(1.56%),P:1e-21
		Round 7: -52.94 DTCGTGGAC T:128.0(4.09%),B:290.2(1.45%),P:1e-22
		Round 8: -52.94 DTCGTGGAC T:128.0(4.09%),B:290.2(1.45%),P:1e-22
		=Final=: -53.30 DTCGTGGAC T:124.0(4.05%),B:282.7(1.42%),P:1e-23
		Performing exhaustive masking of motif...
		Reprioritizing potential motifs...
	18 of 20 Initial Sequence: CGACGCCGT... (-20.497)
		Round 1: -26.72 CGACGCCGT T:113.0(3.62%),B:345.7(1.72%),P:1e-11
		Round 2: -26.72 CGACGCCGT T:113.0(3.62%),B:345.7(1.72%),P:1e-11
		=Final=: -26.87 CGACGCCGT T:102.0(3.33%),B:306.8(1.55%),P:1e-11
		Performing exhaustive masking of motif...
		Reprioritizing potential motifs...
	19 of 20 Initial Sequence: TGAAGAACT... (-18.503)
		Round 1: -43.38 TGAAGAACT T:198.0(6.26%),B:616.6(3.06%),P:1e-18
		Round 2: -43.38 TGAAGAACT T:198.0(6.26%),B:616.6(3.06%),P:1e-18
		=Final=: -44.13 TGAAGAACT T:192.0(6.27%),B:607.0(3.06%),P:1e-19
		Performing exhaustive masking of motif...
		Reprioritizing potential motifs...
	20 of 20 Initial Sequence: CAGACCAAG... (-17.926)
		Round 1: -29.56 CAGACCAAG T:15.0(0.49%),B:6.1(0.03%),P:1e-12
		Round 2: -29.77 CAGACCAAG T:10.0(0.33%),B:2.4(0.01%),P:1e-12
		Round 3: -29.77 CAGACCAAG T:10.0(0.33%),B:2.4(0.01%),P:1e-12
		=Final=: -27.78 CAGACCAAG T:15.0(0.49%),B:7.0(0.04%),P:1e-12
		Performing exhaustive masking of motif...
		Reprioritizing potential motifs...

	Finalizing Enrichment Statistics (new in v3.4)
	Reading input files...
	23695 total sequences read
	Cache length = 11180
	Using binomial scoring
	Checking enrichment of 20 motif(s)
	|0%                                    50%                                  100%|
	=================================================================================
	Output in file: output/homer/finemapped_results/SNRNP70_OSM/homerMotifs.motifs9

	(Motifs in homer2 format)
	Determining similar motifs... 77 reduced to 31 motifs
	Outputing HTML and sequence logos for motif comparison...
	Checking de novo motifs against known motifs...
	Formatting HTML page...
		1 of 31 (1e-66) similar to hsa-miR-1206 MIMAT0005870 Homo sapiens miR-1206 Targets (miRBase)(0.605)
		2 of 31 (1e-63) similar to hsa-miR-4778-3p MIMAT0019937 Homo sapiens miR-4778-3p Targets (miRBase)(0.633)
		3 of 31 (1e-63) similar to hsa-miR-1181 MIMAT0005826 Homo sapiens miR-1181 Targets (miRBase)(0.651)
		4 of 31 (1e-55) similar to hsa-miR-544 MIMAT0003164 Homo sapiens miR-544 Targets (miRBase)(0.771)
		5 of 31 (1e-50) similar to hsa-miR-4445* MIMAT0018964 Homo sapiens miR-4445* Targets (miRBase)(0.677)
		6 of 31 (1e-37) similar to hsa-miR-455-3p MIMAT0004784 Homo sapiens miR-455-3p Targets (miRBase)(0.627)
		7 of 31 (1e-33) similar to hsa-miR-616 MIMAT0004805 Homo sapiens miR-616 Targets (miRBase)(0.649)
		8 of 31 (1e-27) similar to hsa-miR-133b MIMAT0000770 Homo sapiens miR-133b Targets (miRBase)(0.702)
		9 of 31 (1e-26) similar to hsa-miR-1261 MIMAT0005913 Homo sapiens miR-1261 Targets (miRBase)(0.824)
		10 of 31 (1e-25) similar to hsa-miR-3927 MIMAT0018202 Homo sapiens miR-3927 Targets (miRBase)(0.714)
		11 of 31 (1e-23) similar to hsa-miR-646 MIMAT0003316 Homo sapiens miR-646 Targets (miRBase)(0.818)
		12 of 31 (1e-23) similar to hsa-miR-3153 MIMAT0015026 Homo sapiens miR-3153 Targets (miRBase)(0.694)
		13 of 31 (1e-22) similar to hsa-miR-874 MIMAT0004911 Homo sapiens miR-874 Targets (miRBase)(0.640)
		14 of 31 (1e-22) similar to hsa-miR-3195 MIMAT0015079 Homo sapiens miR-3195 Targets (miRBase)(0.686)
		15 of 31 (1e-22) similar to hsa-miR-4735-5p MIMAT0019860 Homo sapiens miR-4735-5p Targets (miRBase)(0.690)
		16 of 31 (1e-18) similar to hsa-miR-3917 MIMAT0018191 Homo sapiens miR-3917 Targets (miRBase)(0.809)
		17 of 31 (1e-16) similar to hsa-miR-605 MIMAT0003273 Homo sapiens miR-605 Targets (miRBase)(0.693)
		18 of 31 (1e-14) similar to hsa-miR-218-1* MIMAT0004565 Homo sapiens miR-218-1* Targets (miRBase)(0.674)
		19 of 31 (1e-14) similar to hsa-miR-205 MIMAT0000266 Homo sapiens miR-205 Targets (miRBase)(0.772)
		20 of 31 (1e-13) similar to hsa-miR-4444 MIMAT0018962 Homo sapiens miR-4444 Targets (miRBase)(0.713)
		21 of 31 (1e-12) similar to hsa-miR-380* MIMAT0000734 Homo sapiens miR-380* Targets (miRBase)(0.676)
		22 of 31 (1e-12) similar to hsa-miR-4485 MIMAT0019019 Homo sapiens miR-4485 Targets (miRBase)(0.685)
		23 of 31 (1e-11) similar to hsa-miR-944 MIMAT0004987 Homo sapiens miR-944 Targets (miRBase)(0.699)
		24 of 31 (1e-11) similar to hsa-miR-32 MIMAT0000090 Homo sapiens miR-32 Targets (miRBase)(0.660)
		25 of 31 (1e-10) similar to hsa-miR-4467 MIMAT0018994 Homo sapiens miR-4467 Targets (miRBase)(0.632)
		26 of 31 (1e-10) similar to hsa-miR-505* MIMAT0004776 Homo sapiens miR-505* Targets (miRBase)(0.577)
		27 of 31 (1e-10) similar to hsa-miR-4681 MIMAT0019766 Homo sapiens miR-4681 Targets (miRBase)(0.672)
		28 of 31 (1e-8) similar to hsa-miR-1295 MIMAT0005885 Homo sapiens miR-1295 Targets (miRBase)(0.716)
		29 of 31 (1e-7) similar to hsa-miR-3181 MIMAT0015061 Homo sapiens miR-3181 Targets (miRBase)(0.683)
		30 of 31 (1e-6) similar to hsa-miR-2861 MIMAT0013802 Homo sapiens miR-2861 Targets (miRBase)(0.770)
		31 of 31 (1e-6) similar to hsa-miR-617 MIMAT0003286 Homo sapiens miR-617 Targets (miRBase)(0.699)
	Job finished - if results look good, please send beer to ..

	Cleaning up tmp files...

[Fri Oct 24 16:38:14 2025]
Finished job 140.
141 of 142 steps (99%) done
Select jobs to execute...

[Fri Oct 24 16:38:14 2025]
rule all:
    input: output/fastqc/initial/SNRNP70_CTL_IN_1_fastqc.html, output/fastqc/initial/SNRNP70_CTL_IN_2_fastqc.html, output/fastqc/initial/SNRNP70_OSM_IN_1_fastqc.html, output/fastqc/initial/SNRNP70_OSM_IN_2_fastqc.html, output/fastqc/initial/SNRNP70_CTL_IP_1_fastqc.html, output/fastqc/initial/SNRNP70_CTL_IP_2_fastqc.html, output/fastqc/initial/SNRNP70_OSM_IP_1_fastqc.html, output/fastqc/initial/SNRNP70_OSM_IP_2_fastqc.html, output/fastqc/processed/SNRNP70_CTL_IN_1.trimmed.umi_fastqc.html, output/fastqc/processed/SNRNP70_CTL_IN_2.trimmed.umi_fastqc.html, output/fastqc/processed/SNRNP70_OSM_IN_1.trimmed.umi_fastqc.html, output/fastqc/processed/SNRNP70_OSM_IN_2.trimmed.umi_fastqc.html, output/fastqc/processed/SNRNP70_CTL_IP_1.trimmed.umi_fastqc.html, output/fastqc/processed/SNRNP70_CTL_IP_2.trimmed.umi_fastqc.html, output/fastqc/processed/SNRNP70_OSM_IP_1.trimmed.umi_fastqc.html, output/fastqc/processed/SNRNP70_OSM_IP_2.trimmed.umi_fastqc.html, output/bams/dedup/genome/SNRNP70_CTL_IN_1.genome.Aligned.sort.dedup.bam, output/bams/dedup/genome/SNRNP70_CTL_IN_2.genome.Aligned.sort.dedup.bam, output/bams/dedup/genome/SNRNP70_OSM_IN_1.genome.Aligned.sort.dedup.bam, output/bams/dedup/genome/SNRNP70_OSM_IN_2.genome.Aligned.sort.dedup.bam, output/bams/dedup/genome/SNRNP70_CTL_IP_1.genome.Aligned.sort.dedup.bam, output/bams/dedup/genome/SNRNP70_CTL_IP_2.genome.Aligned.sort.dedup.bam, output/bams/dedup/genome/SNRNP70_OSM_IP_1.genome.Aligned.sort.dedup.bam, output/bams/dedup/genome/SNRNP70_OSM_IP_2.genome.Aligned.sort.dedup.bam, output/bams/dedup/genome/SNRNP70_CTL_IN_1.genome.Aligned.sort.dedup.bam.bai, output/bams/dedup/genome/SNRNP70_CTL_IN_2.genome.Aligned.sort.dedup.bam.bai, output/bams/dedup/genome/SNRNP70_OSM_IN_1.genome.Aligned.sort.dedup.bam.bai, output/bams/dedup/genome/SNRNP70_OSM_IN_2.genome.Aligned.sort.dedup.bam.bai, output/bams/dedup/genome/SNRNP70_CTL_IP_1.genome.Aligned.sort.dedup.bam.bai, output/bams/dedup/genome/SNRNP70_CTL_IP_2.genome.Aligned.sort.dedup.bam.bai, output/bams/dedup/genome/SNRNP70_OSM_IP_1.genome.Aligned.sort.dedup.bam.bai, output/bams/dedup/genome/SNRNP70_OSM_IP_2.genome.Aligned.sort.dedup.bam.bai, output/bigwigs/unscaled/plus/SNRNP70_CTL_IN_1.unscaled.plus.bw, output/bigwigs/unscaled/plus/SNRNP70_CTL_IN_2.unscaled.plus.bw, output/bigwigs/unscaled/plus/SNRNP70_OSM_IN_1.unscaled.plus.bw, output/bigwigs/unscaled/plus/SNRNP70_OSM_IN_2.unscaled.plus.bw, output/bigwigs/unscaled/plus/SNRNP70_CTL_IP_1.unscaled.plus.bw, output/bigwigs/unscaled/plus/SNRNP70_CTL_IP_2.unscaled.plus.bw, output/bigwigs/unscaled/plus/SNRNP70_OSM_IP_1.unscaled.plus.bw, output/bigwigs/unscaled/plus/SNRNP70_OSM_IP_2.unscaled.plus.bw, output/bigwigs/scaled/plus/SNRNP70_CTL_IN_1.scaled.plus.bw, output/bigwigs/scaled/plus/SNRNP70_CTL_IN_2.scaled.plus.bw, output/bigwigs/scaled/plus/SNRNP70_OSM_IN_1.scaled.plus.bw, output/bigwigs/scaled/plus/SNRNP70_OSM_IN_2.scaled.plus.bw, output/bigwigs/scaled/plus/SNRNP70_CTL_IP_1.scaled.plus.bw, output/bigwigs/scaled/plus/SNRNP70_CTL_IP_2.scaled.plus.bw, output/bigwigs/scaled/plus/SNRNP70_OSM_IP_1.scaled.plus.bw, output/bigwigs/scaled/plus/SNRNP70_OSM_IP_2.scaled.plus.bw, output/counts/repeats/vectors/SNRNP70_CTL_IN_1.counts, output/counts/repeats/vectors/SNRNP70_CTL_IN_2.counts, output/counts/repeats/vectors/SNRNP70_OSM_IN_1.counts, output/counts/repeats/vectors/SNRNP70_OSM_IN_2.counts, output/counts/repeats/vectors/SNRNP70_CTL_IP_1.counts, output/counts/repeats/vectors/SNRNP70_CTL_IP_2.counts, output/counts/repeats/vectors/SNRNP70_OSM_IP_1.counts, output/counts/repeats/vectors/SNRNP70_OSM_IP_2.counts, output/enriched_windows/SNRNP70_CTL.SNRNP70_CTL_IP_1.enriched_windows.tsv.gz, output/enriched_windows/SNRNP70_CTL.SNRNP70_CTL_IP_2.enriched_windows.tsv.gz, output/enriched_windows/SNRNP70_OSM.SNRNP70_OSM_IP_1.enriched_windows.tsv.gz, output/enriched_windows/SNRNP70_OSM.SNRNP70_OSM_IP_2.enriched_windows.tsv.gz, output/reproducible_enriched_windows/SNRNP70_CTL.reproducible_enriched_windows.tsv.gz, output/reproducible_enriched_windows/SNRNP70_CTL.reproducible_enriched_windows.tsv.gz, output/reproducible_enriched_windows/SNRNP70_OSM.reproducible_enriched_windows.tsv.gz, output/reproducible_enriched_windows/SNRNP70_OSM.reproducible_enriched_windows.tsv.gz, output/figures/enrichment_reproducibility/SNRNP70_CTL.enrichment_reproducibility.pdf, output/figures/enrichment_reproducibility/SNRNP70_CTL.enrichment_reproducibility.pdf, output/figures/enrichment_reproducibility/SNRNP70_OSM.enrichment_reproducibility.pdf, output/figures/enrichment_reproducibility/SNRNP70_OSM.enrichment_reproducibility.pdf, output/counts/repeats/tables/family/SNRNP70_CTL.tsv.gz, output/counts/repeats/tables/family/SNRNP70_CTL.tsv.gz, output/counts/repeats/tables/family/SNRNP70_OSM.tsv.gz, output/counts/repeats/tables/family/SNRNP70_OSM.tsv.gz, output/reproducible_enriched_re/SNRNP70_CTL.reproducible_enriched_re.tsv.gz, output/reproducible_enriched_re/SNRNP70_CTL.reproducible_enriched_re.tsv.gz, output/reproducible_enriched_re/SNRNP70_OSM.reproducible_enriched_re.tsv.gz, output/reproducible_enriched_re/SNRNP70_OSM.reproducible_enriched_re.tsv.gz, output/finemapping/mapped_sites/SNRNP70_CTL.finemapped_windows.bed.gz, output/finemapping/mapped_sites/SNRNP70_CTL.finemapped_windows.bed.gz, output/finemapping/mapped_sites/SNRNP70_OSM.finemapped_windows.bed.gz, output/finemapping/mapped_sites/SNRNP70_OSM.finemapped_windows.bed.gz, output/homer/finemapped_results/SNRNP70_CTL/homerResults.html, output/homer/finemapped_results/SNRNP70_CTL/homerResults.html, output/homer/finemapped_results/SNRNP70_OSM/homerResults.html, output/homer/finemapped_results/SNRNP70_OSM/homerResults.html, output/gene_sets/SNRNP70_CTL.enriched_terms.tsv.gz, output/gene_sets/SNRNP70_CTL.enriched_terms.tsv.gz, output/gene_sets/SNRNP70_OSM.enriched_terms.tsv.gz, output/gene_sets/SNRNP70_OSM.enriched_terms.tsv.gz, output/figures/tsne/skipper.tsne_query.pdf
    output: land_ho.txt
    jobid: 0
    reason: Input files updated by another job: output/bams/dedup/genome/SNRNP70_CTL_IP_2.genome.Aligned.sort.dedup.bam.bai, output/bams/dedup/genome/SNRNP70_CTL_IN_2.genome.Aligned.sort.dedup.bam, output/fastqc/processed/SNRNP70_OSM_IN_2.trimmed.umi_fastqc.html, output/fastqc/initial/SNRNP70_OSM_IP_2_fastqc.html, output/fastqc/processed/SNRNP70_OSM_IP_2.trimmed.umi_fastqc.html, output/fastqc/processed/SNRNP70_CTL_IP_1.trimmed.umi_fastqc.html, output/enriched_windows/SNRNP70_CTL.SNRNP70_CTL_IP_1.enriched_windows.tsv.gz, output/bams/dedup/genome/SNRNP70_OSM_IP_2.genome.Aligned.sort.dedup.bam, output/reproducible_enriched_windows/SNRNP70_CTL.reproducible_enriched_windows.tsv.gz, output/finemapping/mapped_sites/SNRNP70_OSM.finemapped_windows.bed.gz, output/fastqc/initial/SNRNP70_CTL_IP_2_fastqc.html, output/reproducible_enriched_windows/SNRNP70_OSM.reproducible_enriched_windows.tsv.gz, output/bams/dedup/genome/SNRNP70_OSM_IN_2.genome.Aligned.sort.dedup.bam.bai, output/bams/dedup/genome/SNRNP70_OSM_IP_1.genome.Aligned.sort.dedup.bam, output/counts/repeats/vectors/SNRNP70_OSM_IN_2.counts, output/enriched_windows/SNRNP70_OSM.SNRNP70_OSM_IP_2.enriched_windows.tsv.gz, output/bams/dedup/genome/SNRNP70_CTL_IP_1.genome.Aligned.sort.dedup.bam, output/counts/repeats/vectors/SNRNP70_OSM_IN_1.counts, output/fastqc/initial/SNRNP70_OSM_IN_2_fastqc.html, output/counts/repeats/vectors/SNRNP70_CTL_IP_1.counts, output/figures/tsne/skipper.tsne_query.pdf, output/bams/dedup/genome/SNRNP70_OSM_IN_1.genome.Aligned.sort.dedup.bam, output/bams/dedup/genome/SNRNP70_OSM_IP_1.genome.Aligned.sort.dedup.bam.bai, output/fastqc/processed/SNRNP70_CTL_IN_2.trimmed.umi_fastqc.html, output/bams/dedup/genome/SNRNP70_OSM_IN_1.genome.Aligned.sort.dedup.bam.bai, output/bigwigs/unscaled/plus/SNRNP70_CTL_IP_2.unscaled.plus.bw, output/fastqc/initial/SNRNP70_CTL_IN_2_fastqc.html, output/bams/dedup/genome/SNRNP70_CTL_IP_2.genome.Aligned.sort.dedup.bam, output/counts/repeats/vectors/SNRNP70_OSM_IP_2.counts, output/fastqc/initial/SNRNP70_CTL_IP_1_fastqc.html, output/fastqc/processed/SNRNP70_OSM_IN_1.trimmed.umi_fastqc.html, output/finemapping/mapped_sites/SNRNP70_CTL.finemapped_windows.bed.gz, output/reproducible_enriched_re/SNRNP70_CTL.reproducible_enriched_re.tsv.gz, output/counts/repeats/vectors/SNRNP70_CTL_IN_1.counts, output/bams/dedup/genome/SNRNP70_OSM_IP_2.genome.Aligned.sort.dedup.bam.bai, output/bigwigs/unscaled/plus/SNRNP70_OSM_IP_2.unscaled.plus.bw, output/counts/repeats/vectors/SNRNP70_OSM_IP_1.counts, output/bams/dedup/genome/SNRNP70_CTL_IN_1.genome.Aligned.sort.dedup.bam, output/fastqc/processed/SNRNP70_CTL_IN_1.trimmed.umi_fastqc.html, output/counts/repeats/tables/family/SNRNP70_OSM.tsv.gz, output/homer/finemapped_results/SNRNP70_OSM/homerResults.html, output/enriched_windows/SNRNP70_CTL.SNRNP70_CTL_IP_2.enriched_windows.tsv.gz, output/counts/repeats/vectors/SNRNP70_CTL_IP_2.counts, output/bigwigs/scaled/plus/SNRNP70_CTL_IN_1.scaled.plus.bw, output/gene_sets/SNRNP70_CTL.enriched_terms.tsv.gz, output/bigwigs/unscaled/plus/SNRNP70_CTL_IN_2.unscaled.plus.bw, output/figures/enrichment_reproducibility/SNRNP70_CTL.enrichment_reproducibility.pdf, output/bams/dedup/genome/SNRNP70_CTL_IN_2.genome.Aligned.sort.dedup.bam.bai, output/bams/dedup/genome/SNRNP70_OSM_IN_2.genome.Aligned.sort.dedup.bam, output/fastqc/processed/SNRNP70_CTL_IP_2.trimmed.umi_fastqc.html, output/gene_sets/SNRNP70_OSM.enriched_terms.tsv.gz, output/bigwigs/unscaled/plus/SNRNP70_CTL_IP_1.unscaled.plus.bw, output/bigwigs/unscaled/plus/SNRNP70_CTL_IN_1.unscaled.plus.bw, output/bigwigs/scaled/plus/SNRNP70_CTL_IP_2.scaled.plus.bw, output/bigwigs/scaled/plus/SNRNP70_OSM_IP_2.scaled.plus.bw, output/fastqc/initial/SNRNP70_OSM_IN_1_fastqc.html, output/bigwigs/scaled/plus/SNRNP70_CTL_IP_1.scaled.plus.bw, output/fastqc/initial/SNRNP70_CTL_IN_1_fastqc.html, output/bams/dedup/genome/SNRNP70_CTL_IP_1.genome.Aligned.sort.dedup.bam.bai, output/enriched_windows/SNRNP70_OSM.SNRNP70_OSM_IP_1.enriched_windows.tsv.gz, output/bigwigs/scaled/plus/SNRNP70_OSM_IP_1.scaled.plus.bw, output/bigwigs/unscaled/plus/SNRNP70_OSM_IN_1.unscaled.plus.bw, output/bams/dedup/genome/SNRNP70_CTL_IN_1.genome.Aligned.sort.dedup.bam.bai, output/figures/enrichment_reproducibility/SNRNP70_OSM.enrichment_reproducibility.pdf, output/fastqc/initial/SNRNP70_OSM_IP_1_fastqc.html, output/counts/repeats/vectors/SNRNP70_CTL_IN_2.counts, output/homer/finemapped_results/SNRNP70_CTL/homerResults.html, output/bigwigs/scaled/plus/SNRNP70_OSM_IN_2.scaled.plus.bw, output/bigwigs/unscaled/plus/SNRNP70_OSM_IN_2.unscaled.plus.bw, output/bigwigs/unscaled/plus/SNRNP70_OSM_IP_1.unscaled.plus.bw, output/bigwigs/scaled/plus/SNRNP70_CTL_IN_2.scaled.plus.bw, output/bigwigs/scaled/plus/SNRNP70_OSM_IN_1.scaled.plus.bw, output/counts/repeats/tables/family/SNRNP70_CTL.tsv.gz, output/reproducible_enriched_re/SNRNP70_OSM.reproducible_enriched_re.tsv.gz, output/fastqc/processed/SNRNP70_OSM_IP_1.trimmed.umi_fastqc.html
    resources: tmpdir=/tmp

echo $(date)  > land_ho.txt;echo created by Evan Boyle and the Yeo lab >> land_ho.txt
[Fri Oct 24 16:38:14 2025]
Finished job 0.
142 of 142 steps (100%) done
Complete log: .snakemake/log/2025-10-24T132715.983234.snakemake.log
(base) pa-hilario@cc21cluster03:~/skipper$ ls
01_MakeMimic.sh    04_ActivateNode.sh  README.md          annotations  example       land_ho.txt  stdout
02_CheckData.sh    05_RunSkipper.sh    Skipper.py         benchmarks   input         output       tools
03_TestSkipper.sh  LICENSE             Skipper_config.py  documents    installation  stderr
(base) pa-hilario@cc21cluster03:~/skipper$ less land_ho.txt 
(base) pa-hilario@cc21cluster03:~/skipper$ less land_ho.txt 
(base) pa-hilario@cc21cluster03:~/skipper$ mv land_ho.txt output/
(base) pa-hilario@cc21cluster03:~/skipper$ mv output/ 20251024_output
(base) pa-hilario@cc21cluster03:~/skipper$ ls
01_MakeMimic.sh    04_ActivateNode.sh  LICENSE     Skipper_config.py  documents  installation  tools
02_CheckData.sh    05_RunSkipper.sh    README.md   annotations        example    stderr
03_TestSkipper.sh  20251024_output     Skipper.py  benchmarks         input      stdout
(base) pa-hilario@cc21cluster03:~/skipper$ ls /project/okamura-lab-imaging/
ls: cannot access '/project/okamura-lab-imaging/': No such file or directory
(base) pa-hilario@cc21cluster03:~/skipper$ exit
logout
srun: error: cc21cluster03: task 0: Exited with exit code 2
(base) pa-hilario@cc21dev0:~/skipper$ ls /project/okamura-lab-imaging
Hanai       Minami  Patrick             Rens_Imaging_data  Sungsik
Hanai_temp  Musa    Patrick_forPatrick  Shimizu_tmp        minami_test
(base) pa-hilario@cc21dev0:~/skipper$ ls /project/okamura-lab-imaging/Patrick_forPatrick/
'Image Acquisition - Copy 20250717'   Patrick_Bioinformatics
'Image Analysis - Copy 20250717'     'SG_data - Copy 20250715'
(base) pa-hilario@cc21dev0:~/skipper$ ls /project/okamura-lab-imaging/Patrick_forPatrick/Patrick_Bioinformatics/
SNRNP70
(base) pa-hilario@cc21dev0:~/skipper$ ls /project/okamura-lab-imaging/Patrick_forPatrick/Patrick_Bioinformatics/SNRNP70/
SNRNP70_Trial.md  test1  test2
(base) pa-hilario@cc21dev0:~/skipper$ cd /project/okamura-lab-imaging/Patrick_forPatrick/Patrick_Bioinformatics/SNRNP70/
(base) pa-hilario@cc21dev0:/project/okamura-lab-imaging/Patrick_forPatrick/Patrick_Bioinformatics/SNRNP70$ ls
SNRNP70_Trial.md  test1  test2
(base) pa-hilario@cc21dev0:/project/okamura-lab-imaging/Patrick_forPatrick/Patrick_Bioinformatics/SNRNP70$ rm -rf test1 test2
(base) pa-hilario@cc21dev0:/project/okamura-lab-imaging/Patrick_forPatrick/Patrick_Bioinformatics/SNRNP70$ cp -r ~/skipper/20251024_output/ .
(base) pa-hilario@cc21dev0:/project/okamura-lab-imaging/Patrick_forPatrick/Patrick_Bioinformatics/SNRNP70$ ls ~/skipper/.snakemake/log
2025-07-31T160133.978260.snakemake.log  2025-10-24T132715.983234.snakemake.log
(base) pa-hilario@cc21dev0:/project/okamura-lab-imaging/Patrick_forPatrick/Patrick_Bioinformatics/SNRNP70$ cp ~/skipper/.snakemake/log/2025-10-24T132715.983234.snakemake.log .
(base) pa-hilario@cc21dev0:/project/okamura-lab-imaging/Patrick_forPatrick/Patrick_Bioinformatics/SNRNP70$ ls
2025-10-24T132715.983234.snakemake.log  20251024_output  SNRNP70_Trial.md
(base) pa-hilario@cc21dev0:/project/okamura-lab-imaging/Patrick_forPatrick/Patrick_Bioinformatics/SNRNP70$ ls ~/skipper/
01_MakeMimic.sh    04_ActivateNode.sh  LICENSE     Skipper_config.py  documents  installation  tools
02_CheckData.sh    05_RunSkipper.sh    README.md   annotations        example    stderr
03_TestSkipper.sh  20251024_output     Skipper.py  benchmarks         input      stdout
(base) pa-hilario@cc21dev0:/project/okamura-lab-imaging/Patrick_forPatrick/Patrick_Bioinformatics/SNRNP70$ ls -a ~/skipper/
.     .snakemake       03_TestSkipper.sh   20251024_output  Skipper.py         benchmarks  input         stdout
..    01_MakeMimic.sh  04_ActivateNode.sh  LICENSE          Skipper_config.py  documents   installation  tools
.git  02_CheckData.sh  05_RunSkipper.sh    README.md        annotations        example     stderr
(base) pa-hilario@cc21dev0:/project/okamura-lab-imaging/Patrick_forPatrick/Patrick_Bioinformatics/SNRNP70$ cp *.sh *.py .
cp: cannot stat '*.sh': No such file or directory
cp: cannot stat '*.py': No such file or directory
(base) pa-hilario@cc21dev0:/project/okamura-lab-imaging/Patrick_forPatrick/Patrick_Bioinformatics/SNRNP70$ cp ~/skipper/*.sh ~/skipper/*.py .
(base) pa-hilario@cc21dev0:/project/okamura-lab-imaging/Patrick_forPatrick/Patrick_Bioinformatics/SNRNP70$ ls
01_MakeMimic.sh  03_TestSkipper.sh   05_RunSkipper.sh                        20251024_output   Skipper.py
02_CheckData.sh  04_ActivateNode.sh  2025-10-24T132715.983234.snakemake.log  SNRNP70_Trial.md  Skipper_config.py
(base) pa-hilario@cc21dev0:/project/okamura-lab-imaging/Patrick_forPatrick/Patrick_Bioinformatics/SNRNP70$ cp -r ~/skipper/stderr/ ~/skipper/stdout/ .
(base) pa-hilario@cc21dev0:/project/okamura-lab-imaging/Patrick_forPatrick/Patrick_Bioinformatics/SNRNP70$ ls ~/skipper/benchmarks/
align                     dedup                               partition_nuc.txt
betabinomial              fastqc                              repeats
bigwigs                   find_reproducible_enriched_re       run_homer
call_enriched_re          find_reproducible_enriched_windows  sample_background_windows_by_region
call_enriched_windows     finemap_windows                     sort
check_window_concordance  fit_input_betabinomial_re_model     trim
consult_encode_reference  get_nt_coverage                     umi
consult_term_reference    index_bam                           uniq_repeats.txt
counts                    parse_gff.txt
(base) pa-hilario@cc21dev0:/project/okamura-lab-imaging/Patrick_forPatrick/Patrick_Bioinformatics/SNRNP70$ cp ~/skipper/benchmarks/ .
cp: -r not specified; omitting directory '/work/pa-hilario/skipper/benchmarks/'
(base) pa-hilario@cc21dev0:/project/okamura-lab-imaging/Patrick_forPatrick/Patrick_Bioinformatics/SNRNP70$ cp -r ~/skipper/benchmarks/ .
(base) pa-hilario@cc21dev0:/project/okamura-lab-imaging/Patrick_forPatrick/Patrick_Bioinformatics/SNRNP70$ ls ~/skipper/
01_MakeMimic.sh    04_ActivateNode.sh  LICENSE     Skipper_config.py  documents  installation  tools
02_CheckData.sh    05_RunSkipper.sh    README.md   annotations        example    stderr
03_TestSkipper.sh  20251024_output     Skipper.py  benchmarks         input      stdout
(base) pa-hilario@cc21dev0:/project/okamura-lab-imaging/Patrick_forPatrick/Patrick_Bioinformatics/SNRNP70$ cp -r ~/skipper/input/ .
(base) pa-hilario@cc21dev0:/project/okamura-lab-imaging/Patrick_forPatrick/Patrick_Bioinformatics/SNRNP70$ ls
01_MakeMimic.sh    04_ActivateNode.sh                      20251024_output   Skipper_config.py  stderr
02_CheckData.sh    05_RunSkipper.sh                        SNRNP70_Trial.md  benchmarks         stdout
03_TestSkipper.sh  2025-10-24T132715.983234.snakemake.log  Skipper.py        input
(base) pa-hilario@cc21dev0:/project/okamura-lab-imaging/Patrick_forPatrick/Patrick_Bioinformatics/SNRNP70$ mv stderr 20251024_stderr
(base) pa-hilario@cc21dev0:/project/okamura-lab-imaging/Patrick_forPatrick/Patrick_Bioinformatics/SNRNP70$ mv stdout 20251024_stdout
(base) pa-hilario@cc21dev0:/project/okamura-lab-imaging/Patrick_forPatrick/Patrick_Bioinformatics/SNRNP70$ mv benchmarks 20251024_benchmarks
(base) pa-hilario@cc21dev0:/project/okamura-lab-imaging/Patrick_forPatrick/Patrick_Bioinformatics/SNRNP70$ mv input 20251024_input
(base) pa-hilario@cc21dev0:/project/okamura-lab-imaging/Patrick_forPatrick/Patrick_Bioinformatics/SNRNP70$ ls
01_MakeMimic.sh     05_RunSkipper.sh                        20251024_output   Skipper.py
02_CheckData.sh     2025-10-24T132715.983234.snakemake.log  20251024_stderr   Skipper_config.py
03_TestSkipper.sh   20251024_benchmarks                     20251024_stdout
04_ActivateNode.sh  20251024_input                          SNRNP70_Trial.md
(base) pa-hilario@cc21dev0:/project/okamura-lab-imaging/Patrick_forPatrick/Patrick_Bioinformatics/SNRNP70$ mv Skipper.py 20251024_Skipper.py
(base) pa-hilario@cc21dev0:/project/okamura-lab-imaging/Patrick_forPatrick/Patrick_Bioinformatics/SNRNP70$ mv Skipper_config.py 20251024_Skipper_config.py
(base) pa-hilario@cc21dev0:/project/okamura-lab-imaging/Patrick_forPatrick/Patrick_Bioinformatics/SNRNP70$ ls
01_MakeMimic.sh     05_RunSkipper.sh                        20251024_benchmarks  20251024_stdout
02_CheckData.sh     2025-10-24T132715.983234.snakemake.log  20251024_input       SNRNP70_Trial.md
03_TestSkipper.sh   20251024_Skipper.py                     20251024_output
04_ActivateNode.sh  20251024_Skipper_config.py              20251024_stderr
(base) pa-hilario@cc21dev0:/project/okamura-lab-imaging/Patrick_forPatrick/Patrick_Bioinformatics/SNRNP70$ ls ~/skipper/
01_MakeMimic.sh    04_ActivateNode.sh  LICENSE     Skipper_config.py  documents  installation  tools
02_CheckData.sh    05_RunSkipper.sh    README.md   annotations        example    stderr
03_TestSkipper.sh  20251024_output     Skipper.py  benchmarks         input      stdout
(base) pa-hilario@cc21dev0:/project/okamura-lab-imaging/Patrick_forPatrick/Patrick_Bioinformatics/SNRNP70$ nano 20251024_ManualLog.log
(base) pa-hilario@cc21dev0:/project/okamura-lab-imaging/Patrick_forPatrick/Patrick_Bioinformatics/SNRNP70$ ls
01_MakeMimic.sh  03_TestSkipper.sh   05_RunSkipper.sh                        20251024_ManualLog.log  20251024_Skipper_config.py  20251024_input   20251024_stderr  SNRNP70_Trial.md
02_CheckData.sh  04_ActivateNode.sh  2025-10-24T132715.983234.snakemake.log  20251024_Skipper.py     20251024_benchmarks         20251024_output  20251024_stdout
(base) pa-hilario@cc21dev0:/project/okamura-lab-imaging/Patrick_forPatrick/Patrick_Bioinformatics/SNRNP70$ mv SNRNP70_Trial.md /home/bs/pa-hilario/
(base) pa-hilario@cc21dev0:/project/okamura-lab-imaging/Patrick_forPatrick/Patrick_Bioinformatics/SNRNP70$ 
